time_nano,container,anon_bytes,current_bytes,peak_bytes,cpu_usage_usec
1786038988888944470,raycluster-historyserver-cpu-worker-dn77x/ray-worker,285962240,305750016,307732480,3027762
1786038988888944470,raycluster-historyserver-cpu-worker-dn77x/collector,55676928,56631296,58314752,575707
1786038988888944470,raycluster-historyserver-head-5dds2/collector,62238720,63234048,64684032,639960
1786038988888944470,raycluster-historyserver-head-5dds2/ray-head,2791358464,2842206208,2845327360,11713271
1786038989939556387,raycluster-historyserver-cpu-worker-dn77x/ray-worker,286191616,305995776,307732480,3037635
1786038989939556387,raycluster-historyserver-cpu-worker-dn77x/collector,55676928,56631296,58314752,575707
1786038989939556387,rayjob-bench-fssm4/ray-job-submitter,57077760,63188992,63188992,681343
1786038989939556387,raycluster-historyserver-head-5dds2/collector,62238720,63234048,64684032,639960
1786038989939556387,raycluster-historyserver-head-5dds2/ray-head,2791469056,2842312704,2845327360,11747682
1786038990992474804,raycluster-historyserver-cpu-worker-dn77x/ray-worker,286363648,306176000,307732480,3047833
1786038990992474804,raycluster-historyserver-cpu-worker-dn77x/collector,55676928,56631296,58314752,575707
1786038990992474804,rayjob-bench-fssm4/ray-job-submitter,29392896,40202240,115953664,1726046
1786038990992474804,raycluster-historyserver-head-5dds2/collector,62238720,63234048,64684032,641097
1786038990992474804,raycluster-historyserver-head-5dds2/ray-head,2792296448,2843295744,2846244864,11836842
1786038992051507346,raycluster-historyserver-cpu-worker-dn77x/ray-worker,286556160,306376704,307732480,3058463
1786038992051507346,raycluster-historyserver-cpu-worker-dn77x/collector,55697408,56651776,58314752,578232
1786038992051507346,rayjob-bench-fssm4/ray-job-submitter,102772736,113795072,115953664,2585427
1786038992051507346,raycluster-historyserver-head-5dds2/collector,62238720,63234048,64684032,641740
1786038992051507346,raycluster-historyserver-head-5dds2/ray-head,2831638528,2884616192,2884878336,12627752
1786038993106478722,raycluster-historyserver-cpu-worker-dn77x/ray-worker,353955840,375468032,376037376,3509926
1786038993106478722,raycluster-historyserver-cpu-worker-dn77x/collector,55697408,56651776,58314752,578415
1786038993106478722,rayjob-bench-fssm4/ray-job-submitter,102350848,113270784,115953664,3562047
1786038993106478722,raycluster-historyserver-head-5dds2/collector,62345216,63356928,64684032,648846
1786038993106478722,raycluster-historyserver-head-5dds2/ray-head,2951954432,3008884736,3009785856,13678555
1786038994161775055,raycluster-historyserver-cpu-worker-dn77x/ray-worker,573812736,601808896,602025984,5671164
1786038994161775055,raycluster-historyserver-cpu-worker-dn77x/collector,55697408,56651776,58314752,578415
1786038994161775055,rayjob-bench-fssm4/ray-job-submitter,102363136,113283072,115953664,3562543
1786038994161775055,raycluster-historyserver-head-5dds2/collector,62345216,63356928,64684032,649041
1786038994161775055,raycluster-historyserver-head-5dds2/ray-head,2998681600,3055472640,3056156672,14466544
1786038995223443083,raycluster-historyserver-cpu-worker-dn77x/ray-worker,756695040,791412736,792457216,7872626
1786038995223443083,raycluster-historyserver-cpu-worker-dn77x/collector,67477504,69877760,70131712,849480
1786038995223443083,rayjob-bench-fssm4/ray-job-submitter,102363136,113283072,115953664,3562543
1786038995223443083,raycluster-historyserver-head-5dds2/collector,95064064,99340288,100560896,1381010
1786038995223443083,raycluster-historyserver-head-5dds2/ray-head,3012685824,3073155072,3076464640,15276031
1786038996286023000,raycluster-historyserver-cpu-worker-dn77x/ray-worker,892502016,931196928,933060608,9873585
1786038996286023000,raycluster-historyserver-cpu-worker-dn77x/collector,72028160,75112448,75493376,975674
1786038996286023000,rayjob-bench-fssm4/ray-job-submitter,102363136,113283072,115953664,3562543
1786038996286023000,raycluster-historyserver-head-5dds2/collector,86077440,92274688,100560896,1787685
1786038996286023000,raycluster-historyserver-head-5dds2/ray-head,3029868544,3090554880,3091841024,16032345
1786038997354028918,raycluster-historyserver-cpu-worker-dn77x/ray-worker,944705536,984924160,986431488,12070940
1786038997354028918,raycluster-historyserver-cpu-worker-dn77x/collector,73891840,79106048,79548416,1336281
1786038997354028918,rayjob-bench-fssm4/ray-job-submitter,102367232,113287168,115953664,3562722
1786038997354028918,raycluster-historyserver-head-5dds2/collector,88776704,97652736,100560896,2152914
1786038997354028918,raycluster-historyserver-head-5dds2/ray-head,3053445120,3114799104,3115474944,17044048
1786038998409138501,raycluster-historyserver-cpu-worker-dn77x/ray-worker,921288704,960286720,997335040,14188765
1786038998409138501,raycluster-historyserver-cpu-worker-dn77x/collector,79466496,87109632,87408640,1746025
1786038998409138501,rayjob-bench-fssm4/ray-job-submitter,102371328,113291264,115953664,3562871
1786038998409138501,raycluster-historyserver-head-5dds2/collector,102309888,115740672,116043776,2926360
1786038998409138501,raycluster-historyserver-head-5dds2/ray-head,3076030464,3136880640,3144314880,18082377
1786038999475615919,raycluster-historyserver-cpu-worker-dn77x/ray-worker,943955968,984023040,997335040,16272161
1786038999475615919,raycluster-historyserver-cpu-worker-dn77x/collector,79466496,87109632,87408640,1746025
1786038999475615919,rayjob-bench-fssm4/ray-job-submitter,102371328,113291264,115953664,3563031
1786038999475615919,raycluster-historyserver-head-5dds2/collector,109015040,127184896,128819200,3775169
1786038999475615919,raycluster-historyserver-head-5dds2/ray-head,3106238464,3167444992,3168473088,19190041
1786039000550863211,raycluster-historyserver-cpu-worker-dn77x/ray-worker,948342784,988389376,997335040,18468867
1786039000550863211,raycluster-historyserver-cpu-worker-dn77x/collector,86827008,99033088,99266560,2547619
1786039000550863211,rayjob-bench-fssm4/ray-job-submitter,102371328,113291264,115953664,3563221
1786039000550863211,raycluster-historyserver-head-5dds2/collector,94117888,112865280,135163904,4343676
1786039000550863211,raycluster-historyserver-head-5dds2/ray-head,3129946112,3191394304,3193892864,20404091
1786039001604903170,raycluster-historyserver-cpu-worker-dn77x/ray-worker,952741888,993837056,997335040,20576821
1786039001604903170,raycluster-historyserver-cpu-worker-dn77x/collector,86827008,99033088,99266560,2547619
1786039001604903170,rayjob-bench-fssm4/ray-job-submitter,102371328,113291264,115953664,3563380
1786039001604903170,raycluster-historyserver-head-5dds2/collector,111882240,135180288,139370496,4966150
1786039001604903170,raycluster-historyserver-head-5dds2/ray-head,3146932224,3208257536,3211153408,21621961
1786039002664939712,raycluster-historyserver-cpu-worker-dn77x/ray-worker,981958656,1022386176,1025052672,22666809
1786039002664939712,raycluster-historyserver-cpu-worker-dn77x/collector,98385920,110833664,113291264,3178056
1786039002664939712,rayjob-bench-fssm4/ray-job-submitter,102371328,113291264,115953664,3563505
1786039002664939712,raycluster-historyserver-head-5dds2/collector,95682560,123117568,139370496,5438682
1786039002664939712,raycluster-historyserver-head-5dds2/ray-head,3175243776,3237593088,3238404096,22904327
1786039003719072546,raycluster-historyserver-cpu-worker-dn77x/ray-worker,985575424,1026494464,1027964928,24847089
1786039003719072546,raycluster-historyserver-cpu-worker-dn77x/collector,103665664,122728448,122781696,3697064
1786039003719072546,rayjob-bench-fssm4/ray-job-submitter,102371328,113291264,115953664,3563636
1786039003719072546,raycluster-historyserver-head-5dds2/collector,110055424,137486336,139370496,6427876
1786039003719072546,raycluster-historyserver-head-5dds2/ray-head,3295678464,3360980992,3361243136,25191635
1786039004778945380,raycluster-historyserver-cpu-worker-dn77x/ray-worker,988741632,1029513216,1031634944,26869628
1786039004778945380,raycluster-historyserver-cpu-worker-dn77x/collector,103665664,122728448,122781696,3697064
1786039004778945380,rayjob-bench-fssm4/ray-job-submitter,102371328,113291264,115953664,3563785
1786039004778945380,raycluster-historyserver-head-5dds2/collector,134533120,170131456,170242048,7001146
1786039004778945380,raycluster-historyserver-head-5dds2/ray-head,3367415808,3435040768,3445743616,26898181
1786039005836973380,raycluster-historyserver-cpu-worker-dn77x/ray-worker,1003237376,1044254720,1047273472,29068478
1786039005836973380,raycluster-historyserver-cpu-worker-dn77x/collector,117534720,145555456,145555456,4815658
1786039005836973380,rayjob-bench-fssm4/ray-job-submitter,102371328,113291264,115953664,3563921
1786039005836973380,raycluster-historyserver-head-5dds2/collector,111890432,147779584,189427712,7893491
1786039005836973380,raycluster-historyserver-head-5dds2/ray-head,3392905216,3460608000,3461599232,27942962
1786039006888956797,raycluster-historyserver-cpu-worker-dn77x/ray-worker,989175808,1030328320,1047273472,31070230
1786039006888956797,raycluster-historyserver-cpu-worker-dn77x/collector,117534720,145530880,145793024,4821538
1786039006888956797,rayjob-bench-fssm4/ray-job-submitter,102371328,113291264,115953664,3564066
1786039006888956797,raycluster-historyserver-head-5dds2/collector,132440064,176033792,189427712,8391069
1786039006888956797,raycluster-historyserver-head-5dds2/ray-head,3410919424,3478970368,3480498176,29341651
1786039007945902339,raycluster-historyserver-cpu-worker-dn77x/ray-worker,1007681536,1049055232,1052192768,33261987
1786039007945902339,raycluster-historyserver-cpu-worker-dn77x/collector,85131264,113389568,152190976,5217566
1786039007945902339,rayjob-bench-fssm4/ray-job-submitter,102371328,113291264,115953664,3564191
1786039007945902339,raycluster-historyserver-head-5dds2/collector,113844224,157970432,193966080,9335253
1786039007945902339,raycluster-historyserver-head-5dds2/ray-head,3438665728,3506954240,3509002240,30329212
1786039008999908090,raycluster-historyserver-cpu-worker-dn77x/ray-worker,1008963584,1050750976,1052737536,35344958
1786039008999908090,raycluster-historyserver-cpu-worker-dn77x/collector,114118656,148946944,152190976,5964752
1786039008999908090,rayjob-bench-fssm4/ray-job-submitter,102371328,113291264,115953664,3564319
1786039008999908090,raycluster-historyserver-head-5dds2/collector,137273344,189112320,193966080,9831391
1786039008999908090,raycluster-historyserver-head-5dds2/ray-head,3442499584,3510960128,3520929792,31670979
1786039010057899840,raycluster-historyserver-cpu-worker-dn77x/ray-worker,1009487872,1051402240,1053237248,37468458
1786039010057899840,raycluster-historyserver-cpu-worker-dn77x/collector,114118656,148946944,152190976,5964752
1786039010057899840,rayjob-bench-fssm4/ray-job-submitter,102371328,113291264,115953664,3564486
1786039010057899840,raycluster-historyserver-head-5dds2/collector,112263168,164093952,205828096,10793844
1786039010057899840,raycluster-historyserver-head-5dds2/ray-head,3467563008,3536334848,3537903616,32665518
1786039011108027924,raycluster-historyserver-cpu-worker-dn77x/ray-worker,1017421824,1060007936,1061834752,39561888
1786039011108027924,raycluster-historyserver-cpu-worker-dn77x/collector,94752768,130408448,156778496,6726056
1786039011108027924,rayjob-bench-fssm4/ray-job-submitter,102371328,113291264,115953664,3564624
1786039011108027924,raycluster-historyserver-head-5dds2/collector,133246976,193064960,205828096,11328755
1786039011108027924,raycluster-historyserver-head-5dds2/ray-head,3484213248,3553030144,3554086912,34010555
1786039012164835591,raycluster-historyserver-cpu-worker-dn77x/ray-worker,1017761792,1059753984,1062506496,41666627
1786039012164835591,raycluster-historyserver-cpu-worker-dn77x/collector,114896896,156532736,157487104,7174454
1786039012164835591,rayjob-bench-fssm4/ray-job-submitter,102371328,113291264,115953664,3564752
1786039012164835591,raycluster-historyserver-head-5dds2/collector,114487296,174301184,211005440,12251018
1786039012164835591,raycluster-historyserver-head-5dds2/ray-head,3513126912,3581743104,3583266816,35074079
1786039013216338800,raycluster-historyserver-cpu-worker-dn77x/ray-worker,1025339392,1067810816,1069731840,43803363
1786039013216338800,raycluster-historyserver-cpu-worker-dn77x/collector,114982912,156618752,161804288,7251721
1786039013216338800,rayjob-bench-fssm4/ray-job-submitter,102371328,113291264,115953664,3564893
1786039013216338800,raycluster-historyserver-head-5dds2/collector,135864320,203882496,211005440,12765439
1786039013216338800,raycluster-historyserver-head-5dds2/ray-head,3513503744,3582750720,3600232448,36443324
1786039014277916051,raycluster-historyserver-cpu-worker-dn77x/ray-worker,1025208320,1067479040,1069752320,45866363
1786039014277916051,raycluster-historyserver-cpu-worker-dn77x/collector,111681536,160141312,161804288,8321706
1786039014277916051,rayjob-bench-fssm4/ray-job-submitter,102371328,113291264,115953664,3565160
1786039014277916051,raycluster-historyserver-head-5dds2/collector,114561024,182579200,222056448,13633280
1786039014277916051,raycluster-historyserver-head-5dds2/ray-head,3547725824,3616350208,3622162432,37503615
1786039015335973551,raycluster-historyserver-cpu-worker-dn77x/ray-worker,1025576960,1067995136,1069752320,48065902
1786039015335973551,raycluster-historyserver-cpu-worker-dn77x/collector,111681536,160141312,161804288,8321706
1786039015335973551,rayjob-bench-fssm4/ray-job-submitter,102371328,113291264,115953664,3565304
1786039015335973551,raycluster-historyserver-head-5dds2/collector,133951488,209965056,222056448,14163718
1786039015335973551,raycluster-historyserver-head-5dds2/ray-head,3568033792,3636965376,3639771136,38906629
1786039016388136510,raycluster-historyserver-cpu-worker-dn77x/ray-worker,1041924096,1084526592,1088667648,50061584
1786039016388136510,raycluster-historyserver-cpu-worker-dn77x/collector,94494720,143138816,169553920,8908899
1786039016388136510,rayjob-bench-fssm4/ray-job-submitter,102371328,113291264,115953664,3565452
1786039016388136510,raycluster-historyserver-head-5dds2/collector,126717952,204140544,227606528,15055182
1786039016388136510,raycluster-historyserver-head-5dds2/ray-head,3583889408,3653148672,3654279168,39869019
1786039017441819219,raycluster-historyserver-cpu-worker-dn77x/ray-worker,1026805760,1069568000,1088667648,52263484
1786039017441819219,raycluster-historyserver-cpu-worker-dn77x/collector,116383744,171679744,172359680,9520636
1786039017441819219,rayjob-bench-fssm4/ray-job-submitter,102371328,113291264,115953664,3565606
1786039017441819219,raycluster-historyserver-head-5dds2/collector,126967808,211054592,227606528,15573601
1786039017441819219,raycluster-historyserver-head-5dds2/ray-head,3599888384,3668893696,3670052864,41266883
1786039018491337553,raycluster-historyserver-cpu-worker-dn77x/ray-worker,1027616768,1070854144,1088667648,54339656
1786039018491337553,raycluster-historyserver-cpu-worker-dn77x/collector,116383744,171679744,172359680,9520693
1786039018491337553,rayjob-bench-fssm4/ray-job-submitter,102371328,113291264,115953664,3565757
1786039018491337553,raycluster-historyserver-head-5dds2/collector,125247488,211619840,227606528,16612216
1786039018491337553,raycluster-historyserver-head-5dds2/ray-head,3624177664,3693830144,3695054848,42397721
1786039019647901137,raycluster-historyserver-cpu-worker-dn77x/ray-worker,1048285184,1091362816,1095913472,56656698
1786039019647901137,raycluster-historyserver-cpu-worker-dn77x/collector,110927872,171679744,177221632,10555587
1786039019647901137,rayjob-bench-fssm4/ray-job-submitter,102371328,113291264,115953664,3565976
1786039019647901137,raycluster-historyserver-head-5dds2/collector,129105920,221343744,227606528,17106609
1786039019647901137,raycluster-historyserver-head-5dds2/ray-head,3633242112,3702718464,3704238080,43800307
1786039020700094720,raycluster-historyserver-cpu-worker-dn77x/ray-worker,1034043392,1077248000,1095913472,58731187
1786039020700094720,raycluster-historyserver-cpu-worker-dn77x/collector,112709632,174817280,177221632,10642144
1786039020700094720,rayjob-bench-fssm4/ray-job-submitter,102371328,113291264,115953664,3566114
1786039020700094720,raycluster-historyserver-head-5dds2/collector,117456896,212881408,232730624,18190938
1786039020700094720,raycluster-historyserver-head-5dds2/ray-head,3653042176,3722600448,3723304960,44775795
1786039021764999804,raycluster-historyserver-cpu-worker-dn77x/ray-worker,1054511104,1097863168,1102299136,60856317
1786039021764999804,raycluster-historyserver-cpu-worker-dn77x/collector,82632704,145080320,184946688,11099805
1786039021764999804,rayjob-bench-fssm4/ray-job-submitter,102371328,113291264,115953664,3566237
1786039021764999804,raycluster-historyserver-head-5dds2/collector,133386240,233639936,233885696,18498555
1786039021764999804,raycluster-historyserver-head-5dds2/ray-head,3648024576,3718074368,3727151104,46371073
1786039022823053513,raycluster-historyserver-cpu-worker-dn77x/ray-worker,1040515072,1084010496,1102299136,63052494
1786039022823053513,raycluster-historyserver-cpu-worker-dn77x/collector,103243776,172175360,184946688,11817053
1786039022823053513,rayjob-bench-fssm4/ray-job-submitter,102371328,113291264,115953664,3566382
1786039022823053513,raycluster-historyserver-head-5dds2/collector,119115776,222666752,252612608,19610650
1786039022823053513,raycluster-historyserver-head-5dds2/ray-head,3672825856,3742695424,3744067584,47278215
1786039023879900972,raycluster-historyserver-cpu-worker-dn77x/ray-worker,1040920576,1084559360,1102299136,65053534
1786039023879900972,raycluster-historyserver-cpu-worker-dn77x/collector,103243776,172175360,184946688,11817107
1786039023879900972,rayjob-bench-fssm4/ray-job-submitter,102371328,113291264,115953664,3566506
1786039023879900972,raycluster-historyserver-head-5dds2/collector,135467008,243912704,252612608,19928390
1786039023879900972,raycluster-historyserver-head-5dds2/ray-head,3697520640,3765608448,3766906880,48956883
1786039024934228417,raycluster-historyserver-cpu-worker-dn77x/ray-worker,1059012608,1102868480,1108082688,67212023
1786039024934228417,raycluster-historyserver-cpu-worker-dn77x/collector,101060608,169988096,186068992,12302347
1786039024934228417,rayjob-bench-fssm4/ray-job-submitter,102371328,113291264,115953664,3566650
1786039024934228417,raycluster-historyserver-head-5dds2/collector,117882880,229937152,262152192,21119615
1786039024934228417,raycluster-historyserver-head-5dds2/ray-head,3723780096,3794386944,3795193856,49749529
1786039025986130917,raycluster-historyserver-cpu-worker-dn77x/ray-worker,1058103296,1102082048,1108082688,69255378
1786039025986130917,raycluster-historyserver-cpu-worker-dn77x/collector,110292992,186052608,186081280,12967911
1786039025986130917,rayjob-bench-fssm4/ray-job-submitter,102371328,113291264,115953664,3566797
1786039025986130917,raycluster-historyserver-head-5dds2/collector,132984832,249389056,262152192,21415095
1786039025986130917,raycluster-historyserver-head-5dds2/ray-head,3714031616,3784622080,3807137792,51347750
1786039027045543293,raycluster-historyserver-cpu-worker-dn77x/ray-worker,1059102720,1103474688,1108082688,71454749
1786039027045543293,raycluster-historyserver-cpu-worker-dn77x/collector,110329856,186089472,186351616,12970510
1786039027045543293,rayjob-bench-fssm4/ray-job-submitter,102371328,113291264,115953664,3566929
1786039027045543293,raycluster-historyserver-head-5dds2/collector,122490880,242925568,267190272,22635452
1786039027045543293,raycluster-historyserver-head-5dds2/ray-head,3748724736,3819335680,3819945984,52354856
1786039028160469626,raycluster-historyserver-cpu-worker-dn77x/ray-worker,1072746496,1117028352,1119690752,73652239
1786039028160469626,raycluster-historyserver-cpu-worker-dn77x/collector,112541696,192954368,196251648,13996188
1786039028160469626,rayjob-bench-fssm4/ray-job-submitter,102371328,113291264,115953664,3567122
1786039028160469626,raycluster-historyserver-head-5dds2/collector,147832832,272486400,272748544,22928683
1786039028160469626,raycluster-historyserver-head-5dds2/ray-head,3770785792,3841196032,3844562944,53911558
1786039029222302002,raycluster-historyserver-cpu-worker-dn77x/ray-worker,1058037760,1102417920,1119690752,75849098
1786039029222302002,raycluster-historyserver-cpu-worker-dn77x/collector,115003392,197582848,201723904,14203708
1786039029222302002,rayjob-bench-fssm4/ray-job-submitter,102371328,113291264,115953664,3567300
1786039029222302002,raycluster-historyserver-head-5dds2/collector,114290688,241045504,278646784,24073720
1786039029222302002,raycluster-historyserver-head-5dds2/ray-head,3783196672,3853828096,3854618624,54782763
1786039030272520377,raycluster-historyserver-cpu-worker-dn77x/ray-worker,1075662848,1120239616,1123758080,77853198
1786039030272520377,raycluster-historyserver-cpu-worker-dn77x/collector,107716608,190287872,204267520,14582022
1786039030272520377,rayjob-bench-fssm4/ray-job-submitter,102371328,113291264,115953664,3567440
1786039030272520377,raycluster-historyserver-head-5dds2/collector,133861376,266510336,278646784,24444577
1786039030272520377,raycluster-historyserver-head-5dds2/ray-head,3762769920,3833335808,3857297408,56149720
1786039031323437795,raycluster-historyserver-cpu-worker-dn77x/ray-worker,1076256768,1121259520,1123758080,80052528
1786039031323437795,raycluster-historyserver-cpu-worker-dn77x/collector,113627136,203022336,204267520,15317293
1786039031323437795,rayjob-bench-fssm4/ray-job-submitter,102371328,113291264,115953664,3567622
1786039031323437795,raycluster-historyserver-head-5dds2/collector,128798720,264368128,283844608,25415080
1786039031323437795,raycluster-historyserver-head-5dds2/ray-head,3799625728,3870523392,3871588352,57201887
1786039032373373212,raycluster-historyserver-cpu-worker-dn77x/ray-worker,1076215808,1121091584,1124982784,82052237
1786039032373373212,raycluster-historyserver-cpu-worker-dn77x/collector,113631232,203026432,204267520,15319807
1786039032373373212,rayjob-bench-fssm4/ray-job-submitter,102371328,113291264,115953664,3567763
1786039032373373212,raycluster-historyserver-head-5dds2/collector,130449408,271216640,283844608,25854294
1786039032373373212,raycluster-historyserver-head-5dds2/ray-head,3779371008,3850223616,3873239040,58722120
1786039033423464962,raycluster-historyserver-cpu-worker-dn77x/ray-worker,1087414272,1133318144,1137135616,84245923
1786039033423464962,raycluster-historyserver-cpu-worker-dn77x/collector,101298176,191082496,212082688,16025387
1786039033423464962,rayjob-bench-fssm4/ray-job-submitter,102371328,113291264,115953664,3568030
1786039033423464962,raycluster-historyserver-head-5dds2/collector,124968960,268017664,284176384,27658992
1786039033423464962,raycluster-historyserver-head-5dds2/ray-head,3805470720,3876814848,3879796736,59695251
1786039034479531671,raycluster-historyserver-cpu-worker-dn77x/ray-worker,1073725440,1118900224,1137135616,86253432
1786039034479531671,raycluster-historyserver-cpu-worker-dn77x/collector,114753536,210968576,212082688,16486592
1786039034479531671,rayjob-bench-fssm4/ray-job-submitter,102371328,113291264,115953664,3568153
1786039034479531671,raycluster-historyserver-head-5dds2/collector,130281472,279150592,284176384,29077817
1786039034479531671,raycluster-historyserver-head-5dds2/ray-head,3786326016,3857481728,3879796736,61237016
1786039035529459797,raycluster-historyserver-cpu-worker-dn77x/ray-worker,1076805632,1122160640,1137135616,88449841
1786039035529459797,raycluster-historyserver-cpu-worker-dn77x/collector,114753536,210968576,212082688,16486592
1786039035529459797,rayjob-bench-fssm4/ray-job-submitter,102371328,113291264,115953664,3568287
1786039035529459797,raycluster-historyserver-head-5dds2/collector,113758208,123633664,292708352,30164936
1786039035529459797,raycluster-historyserver-head-5dds2/ray-head,3811577856,3882774528,3886743552,62141652
1786039036577542214,raycluster-historyserver-cpu-worker-dn77x/ray-worker,1098186752,1143717888,1145851904,90411244
1786039036577542214,raycluster-historyserver-cpu-worker-dn77x/collector,107655168,209739776,220303360,17563956
1786039036577542214,rayjob-bench-fssm4/ray-job-submitter,102371328,113291264,115953664,3568444
1786039036577542214,raycluster-historyserver-head-5dds2/collector,132915200,150233088,292708352,30636111
1786039036577542214,raycluster-historyserver-head-5dds2/ray-head,3809943552,3881750528,3886743552,63567196
1786039037626597089,raycluster-historyserver-cpu-worker-dn77x/ray-worker,1098194944,1143853056,1147289600,92609707
1786039037626597089,raycluster-historyserver-cpu-worker-dn77x/collector,111161344,214196224,220303360,17635320
1786039037626597089,rayjob-bench-fssm4/ray-job-submitter,102371328,113291264,115953664,3568565
1786039037626597089,raycluster-historyserver-head-5dds2/collector,128856064,147218432,292708352,31487703
1786039037626597089,raycluster-historyserver-head-5dds2/ray-head,3817181184,3888881664,3892178944,64701003
1786039038673405756,raycluster-historyserver-cpu-worker-dn77x/ray-worker,1104883712,1151025152,1154797568,94610194
1786039038673405756,raycluster-historyserver-cpu-worker-dn77x/collector,91222016,194256896,223629312,18055963
1786039038673405756,rayjob-bench-fssm4/ray-job-submitter,102371328,113291264,115953664,3568703
1786039038673405756,raycluster-historyserver-head-5dds2/collector,128995328,154497024,292708352,32044306
1786039038673405756,raycluster-historyserver-head-5dds2/ray-head,3811962880,3883671552,3892178944,66037078
1786039039717371507,raycluster-historyserver-cpu-worker-dn77x/ray-worker,1105010688,1151840256,1154797568,96794408
1786039039717371507,raycluster-historyserver-cpu-worker-dn77x/collector,120459264,230313984,231034880,18805437
1786039039717371507,rayjob-bench-fssm4/ray-job-submitter,102371328,113291264,115953664,3568823
1786039039717371507,raycluster-historyserver-head-5dds2/collector,128520192,155897856,292708352,32959102
1786039039717371507,raycluster-historyserver-head-5dds2/ray-head,3811917824,3883896832,3892178944,67126008
1786039040767549132,raycluster-historyserver-cpu-worker-dn77x/ray-worker,1105022976,1151168512,1154797568,98808990
1786039040767549132,raycluster-historyserver-cpu-worker-dn77x/collector,120459264,230313984,231034880,18805437
1786039040767549132,rayjob-bench-fssm4/ray-job-submitter,102371328,113291264,115953664,3568951
1786039040767549132,raycluster-historyserver-head-5dds2/collector,128634880,162213888,292708352,33462558
1786039040767549132,raycluster-historyserver-head-5dds2/ray-head,3811909632,3883872256,3892178944,68564515
1786039041809445050,raycluster-historyserver-cpu-worker-dn77x/ray-worker,1117863936,1165524992,1168818176,100923496
1786039041809445050,raycluster-historyserver-cpu-worker-dn77x/collector,110612480,222543872,232890368,19643162
1786039041809445050,rayjob-bench-fssm4/ray-job-submitter,102371328,113291264,115953664,3569068
1786039041809445050,raycluster-historyserver-head-5dds2/collector,115617792,149192704,292708352,34445413
1786039041809445050,raycluster-historyserver-head-5dds2/ray-head,3829309440,3901558784,3905589248,69542733
1786039042862384842,raycluster-historyserver-cpu-worker-dn77x/ray-worker,1102680064,1149120512,1168818176,103007975
1786039042862384842,raycluster-historyserver-cpu-worker-dn77x/collector,113958912,230641664,232890368,20669277
1786039042862384842,rayjob-bench-fssm4/ray-job-submitter,102371328,113291264,115953664,3569193
1786039042862384842,raycluster-historyserver-head-5dds2/collector,136302592,178077696,292708352,35049149
1786039042862384842,raycluster-historyserver-head-5dds2/ray-head,3802689536,3874566144,3905589248,70837318
1786039043903819009,raycluster-historyserver-cpu-worker-dn77x/ray-worker,1123622912,1171587072,1175035904,105123772
1786039043903819009,raycluster-historyserver-cpu-worker-dn77x/collector,122601472,239546368,244269056,21588815
1786039043903819009,rayjob-bench-fssm4/ray-job-submitter,102371328,113291264,115953664,3569362
1786039043903819009,raycluster-historyserver-head-5dds2/collector,113160192,154931200,292708352,35606965
1786039043903819009,raycluster-historyserver-head-5dds2/ray-head,3813388288,3886039040,3905589248,72113137
1786039044956803426,raycluster-historyserver-cpu-worker-dn77x/ray-worker,1109000192,1155764224,1175035904,107206444
1786039044956803426,raycluster-historyserver-cpu-worker-dn77x/collector,123084800,133111808,244269056,22686762
1786039044956803426,rayjob-bench-fssm4/ray-job-submitter,102371328,113291264,115953664,3569492
1786039044956803426,raycluster-historyserver-head-5dds2/collector,136609792,186605568,292708352,36464992
1786039044956803426,raycluster-historyserver-head-5dds2/ray-head,3795369984,3867566080,3905589248,73283156
1786039045997507385,raycluster-historyserver-cpu-worker-dn77x/ray-worker,1109303296,1157054464,1175035904,109292026
1786039045997507385,raycluster-historyserver-cpu-worker-dn77x/collector,123084800,133111808,244269056,22686762
1786039045997507385,rayjob-bench-fssm4/ray-job-submitter,102371328,113291264,115953664,3569666
1786039045997507385,raycluster-historyserver-head-5dds2/collector,114741248,164728832,292708352,37035918
1786039045997507385,raycluster-historyserver-head-5dds2/ray-head,3817181184,3890225152,3905589248,74707518
1786039047051387135,raycluster-historyserver-cpu-worker-dn77x/ray-worker,1124442112,1171816448,1175334912,111406539
1786039047051387135,raycluster-historyserver-cpu-worker-dn77x/collector,114380800,124391424,244269056,23189624
1786039047051387135,rayjob-bench-fssm4/ray-job-submitter,102371328,113291264,115953664,3569824
1786039047051387135,raycluster-historyserver-head-5dds2/collector,134623232,192671744,292708352,37868774
1786039047051387135,raycluster-historyserver-head-5dds2/ray-head,3804037120,3877085184,3905589248,75801358
1786039048098616511,raycluster-historyserver-cpu-worker-dn77x/ray-worker,1124405248,1172197376,1175334912,113463519
1786039048098616511,raycluster-historyserver-cpu-worker-dn77x/collector,116236288,133066752,244269056,23806928
1786039048098616511,rayjob-bench-fssm4/ray-job-submitter,102371328,113291264,115953664,3569952
1786039048098616511,raycluster-historyserver-head-5dds2/collector,114511872,172556288,292708352,38504239
1786039048098616511,raycluster-historyserver-head-5dds2/ray-head,3826831360,3898138624,3905589248,77135636
1786039049148453553,raycluster-historyserver-cpu-worker-dn77x/ray-worker,1124544512,1171939328,1175334912,115606963
1786039049148453553,raycluster-historyserver-cpu-worker-dn77x/collector,116236288,133066752,244269056,23806928
1786039049148453553,rayjob-bench-fssm4/ray-job-submitter,102371328,113291264,115953664,3570143
1786039049148453553,raycluster-historyserver-head-5dds2/collector,134692864,200790016,292708352,39248029
1786039049148453553,raycluster-historyserver-head-5dds2/ray-head,3802488832,3873710080,3905589248,78360273
1786039050189161012,raycluster-historyserver-cpu-worker-dn77x/ray-worker,1140219904,1187745792,1193590784,117606671
1786039050189161012,raycluster-historyserver-cpu-worker-dn77x/collector,108908544,128032768,244269056,24657739
1786039050189161012,rayjob-bench-fssm4/ray-job-submitter,102371328,113291264,115953664,3570289
1786039050189161012,raycluster-historyserver-head-5dds2/collector,114561024,180654080,292708352,39982154
1786039050189161012,raycluster-historyserver-head-5dds2/ray-head,3829993472,3901739008,3905589248,79520315
1786039051234404429,raycluster-historyserver-cpu-worker-dn77x/ray-worker,1123643392,1171599360,1193590784,119807834
1786039051234404429,raycluster-historyserver-cpu-worker-dn77x/collector,123617280,147271680,244269056,24921903
1786039051234404429,rayjob-bench-fssm4/ray-job-submitter,102371328,113291264,115953664,3570411
1786039051234404429,raycluster-historyserver-head-5dds2/collector,135520256,209739776,292708352,40743054
1786039051234404429,raycluster-historyserver-head-5dds2/ray-head,3810279424,3882053632,3906023424,80766035
1786039052273524471,raycluster-historyserver-cpu-worker-dn77x/ray-worker,1142325248,1190182912,1193590784,121802960
1786039052273524471,raycluster-historyserver-cpu-worker-dn77x/collector,81403904,102965248,244269056,25009830
1786039052273524471,rayjob-bench-fssm4/ray-job-submitter,102371328,113291264,115953664,3570537
1786039052273524471,raycluster-historyserver-head-5dds2/collector,114757632,188973056,292708352,41444654
1786039052273524471,raycluster-historyserver-head-5dds2/ray-head,3834580992,3906633728,3910569984,82006450
1786039053320418013,raycluster-historyserver-cpu-worker-dn77x/ray-worker,1142632448,1191010304,1194606592,123913232
1786039053320418013,raycluster-historyserver-cpu-worker-dn77x/collector,107634688,136019968,244269056,26102941
1786039053320418013,rayjob-bench-fssm4/ray-job-submitter,102371328,113291264,115953664,3570680
1786039053320418013,raycluster-historyserver-head-5dds2/collector,134369280,216588288,292708352,42127275
1786039053320418013,raycluster-historyserver-head-5dds2/ray-head,3809742848,3881828352,3910569984,83397513
1786039054364468708,raycluster-historyserver-cpu-worker-dn77x/ray-worker,1142628352,1190805504,1194606592,126003844
1786039054364468708,raycluster-historyserver-cpu-worker-dn77x/collector,107634688,136019968,244269056,26102941
1786039054364468708,rayjob-bench-fssm4/ray-job-submitter,102371328,113291264,115953664,3570820
1786039054364468708,raycluster-historyserver-head-5dds2/collector,112807936,195280896,292708352,42949175
1786039054364468708,raycluster-historyserver-head-5dds2/ray-head,3827785728,3900092416,3910569984,84608245
1786039055411973333,raycluster-historyserver-cpu-worker-dn77x/ray-worker,1154109440,1202524160,1208471552,128043632
1786039055411973333,raycluster-historyserver-cpu-worker-dn77x/collector,104050688,132640768,244269056,26465474
1786039055411973333,rayjob-bench-fssm4/ray-job-submitter,102371328,113291264,115953664,3570974
1786039055411973333,raycluster-historyserver-head-5dds2/collector,134430720,224677888,292708352,43520979
1786039055411973333,raycluster-historyserver-head-5dds2/ray-head,3826475008,3899965440,3910569984,85809874
1786039056451997042,raycluster-historyserver-cpu-worker-dn77x/ray-worker,1138954240,1187500032,1208471552,130201234
1786039056451997042,raycluster-historyserver-cpu-worker-dn77x/collector,114196480,149397504,244269056,27277234
1786039056451997042,rayjob-bench-fssm4/ray-job-submitter,102371328,113016832,115953664,3571130
1786039056451997042,raycluster-historyserver-head-5dds2/collector,112816128,203018240,292708352,44419620
1786039056451997042,raycluster-historyserver-head-5dds2/ray-head,3829669888,3902881792,3910569984,87009445
1786039057491410501,raycluster-historyserver-cpu-worker-dn77x/ray-worker,1138933760,1188122624,1208471552,132271365
1786039057491410501,raycluster-historyserver-cpu-worker-dn77x/collector,114225152,149426176,244269056,27279890
1786039057491410501,rayjob-bench-fssm4/ray-job-submitter,102371328,113016832,115953664,3571288
1786039057491410501,raycluster-historyserver-head-5dds2/collector,134721536,232964096,292708352,44958557
1786039057491410501,raycluster-historyserver-head-5dds2/ray-head,3830005760,3903287296,3910569984,88418471
1786039058563292502,raycluster-historyserver-cpu-worker-dn77x/ray-worker,1160339456,1209204736,1213730816,134399965
1786039058563292502,raycluster-historyserver-cpu-worker-dn77x/collector,99020800,134373376,244269056,27941060
1786039058563292502,rayjob-bench-fssm4/ray-job-submitter,102371328,113016832,115953664,3571403
1786039058563292502,raycluster-historyserver-head-5dds2/collector,112476160,210722816,292708352,45878881
1786039058563292502,raycluster-historyserver-head-5dds2/ray-head,3838554112,3912368128,3915911168,89419332
1786039059612074169,raycluster-historyserver-cpu-worker-dn77x/ray-worker,1160482816,1209753600,1213730816,136561694
1786039059612074169,raycluster-historyserver-cpu-worker-dn77x/collector,121737216,163778560,244269056,28416604
1786039059612074169,rayjob-bench-fssm4/ray-job-submitter,102371328,113016832,115953664,3571602
1786039059612074169,raycluster-historyserver-head-5dds2/collector,134090752,240353280,292708352,46482008
1786039059612074169,raycluster-historyserver-head-5dds2/ray-head,3839696896,3913359360,3915911168,90867323
1786039060660319794,raycluster-historyserver-cpu-worker-dn77x/ray-worker,1164754944,1213792256,1215475712,137503452
1786039060660319794,raycluster-historyserver-cpu-worker-dn77x/collector,93499392,135626752,244269056,28919349
1786039060660319794,rayjob-bench-fssm4/ray-job-submitter,102371328,113016832,115953664,3571853
1786039060660319794,raycluster-historyserver-head-5dds2/collector,112562176,218824704,292708352,47273577
1786039060660319794,raycluster-historyserver-head-5dds2/ray-head,3840761856,3914113024,3917869056,91494586
1786039061709971253,raycluster-historyserver-cpu-worker-dn77x/ray-worker,660750336,694661120,1218338816,138758396
1786039061709971253,raycluster-historyserver-cpu-worker-dn77x/collector,116301824,165163008,244269056,29701446
1786039061709971253,rayjob-bench-fssm4/ray-job-submitter,102371328,113016832,115953664,3572009
1786039061709971253,raycluster-historyserver-head-5dds2/collector,136380416,250843136,292708352,48084767
1786039061709971253,raycluster-historyserver-head-5dds2/ray-head,3843776512,3917418496,3918622720,91975847
1786039062750977587,raycluster-historyserver-cpu-worker-dn77x/ray-worker,680030208,713953280,1218338816,139281313
1786039062750977587,raycluster-historyserver-cpu-worker-dn77x/collector,114208768,163069952,244269056,30297156
1786039062750977587,rayjob-bench-fssm4/ray-job-submitter,102371328,113016832,115953664,3572009
1786039062750977587,raycluster-historyserver-head-5dds2/collector,114778112,229236736,292708352,48865105
1786039062750977587,raycluster-historyserver-head-5dds2/ray-head,3846705152,3920416768,3924959232,92609927
1786039063788955754,raycluster-historyserver-cpu-worker-dn77x/ray-worker,661069824,694947840,1218338816,139882272
1786039063788955754,raycluster-historyserver-cpu-worker-dn77x/collector,116023296,171712512,244269056,30846090
1786039063788955754,rayjob-bench-fssm4/ray-job-submitter,102371328,113016832,115953664,3572009
1786039063788955754,raycluster-historyserver-head-5dds2/collector,136118272,258670592,292708352,50681005
1786039063788955754,raycluster-historyserver-head-5dds2/ray-head,3853217792,3927023616,3928207360,93271658
1786039064833956380,raycluster-historyserver-cpu-worker-dn77x/ray-worker,676749312,710660096,1218338816,140027582
1786039064833956380,raycluster-historyserver-cpu-worker-dn77x/collector,112021504,172691456,244269056,31904712
1786039064833956380,rayjob-bench-fssm4/ray-job-submitter,102371328,113016832,115953664,3572009
1786039064833956380,raycluster-historyserver-head-5dds2/collector,114733056,124043264,292708352,51710332
1786039064833956380,raycluster-historyserver-head-5dds2/ray-head,3858399232,3933454336,3938037760,94043432
1786039065874892505,raycluster-historyserver-cpu-worker-dn77x/ray-worker,681500672,715419648,1218338816,140798935
1786039065874892505,raycluster-historyserver-cpu-worker-dn77x/collector,81448960,144584704,244269056,32269804
1786039065874892505,rayjob-bench-fssm4/ray-job-submitter,102371328,113016832,115953664,3572009
1786039065874892505,raycluster-historyserver-head-5dds2/collector,135974912,153468928,292708352,52758412
1786039065874892505,raycluster-historyserver-head-5dds2/ray-head,3857231872,3932303360,3938037760,94333218
1786039066912554964,raycluster-historyserver-cpu-worker-dn77x/ray-worker,660668416,694550528,1218338816,140972853
1786039066912554964,raycluster-historyserver-cpu-worker-dn77x/collector,111595520,180932608,244269056,33259033
1786039066912554964,rayjob-bench-fssm4/ray-job-submitter,102371328,113016832,115953664,3572009
1786039066912554964,raycluster-historyserver-head-5dds2/collector,153018368,170774528,292708352,53087880
1786039066912554964,raycluster-historyserver-head-5dds2/ray-head,3876962304,3952070656,3956490240,95171640
1786039067948946256,raycluster-historyserver-cpu-worker-dn77x/ray-worker,681504768,715423744,1218338816,141483610
1786039067948946256,raycluster-historyserver-cpu-worker-dn77x/collector,100552704,170086400,244269056,33934990
1786039067948946256,rayjob-bench-fssm4/ray-job-submitter,102371328,113016832,115953664,3572009
1786039067948946256,raycluster-historyserver-head-5dds2/collector,131727360,157052928,292708352,54268284
1786039067948946256,raycluster-historyserver-head-5dds2/ray-head,3880734720,3955830784,3957772288,95312323
1786039068986043673,raycluster-historyserver-cpu-worker-dn77x/ray-worker,660754432,694632448,1218338816,142082595
1786039068986043673,raycluster-historyserver-cpu-worker-dn77x/collector,118661120,194809856,244269056,34484924
1786039068986043673,rayjob-bench-fssm4/ray-job-submitter,102371328,113016832,115953664,3572009
1786039068986043673,raycluster-historyserver-head-5dds2/collector,149557248,175112192,292708352,54553628
1786039068986043673,raycluster-historyserver-head-5dds2/ray-head,3880632320,3954163712,3959406592,96193951
1786039070022992715,raycluster-historyserver-cpu-worker-dn77x/ray-worker,681627648,715542528,1218338816,142169139
1786039070022992715,raycluster-historyserver-cpu-worker-dn77x/collector,116035584,198524928,244269056,35585675
1786039070022992715,rayjob-bench-fssm4/ray-job-submitter,102371328,113016832,115953664,3572009
1786039070022992715,raycluster-historyserver-head-5dds2/collector,127492096,159150080,292708352,55740394
1786039070022992715,raycluster-historyserver-head-5dds2/ray-head,3882364928,3955892224,3959406592,96343571
1786039071063115841,raycluster-historyserver-cpu-worker-dn77x/ray-worker,681623552,715538432,1218338816,142793452
1786039071063115841,raycluster-historyserver-cpu-worker-dn77x/collector,91910144,174858240,244269056,36122136
1786039071063115841,rayjob-bench-fssm4/ray-job-submitter,102371328,113016832,115953664,3572009
1786039071063115841,raycluster-historyserver-head-5dds2/collector,149655552,183209984,292708352,56029340
1786039071063115841,raycluster-historyserver-head-5dds2/ray-head,3868856320,3942350848,3959406592,97213988
1786039072106041341,raycluster-historyserver-cpu-worker-dn77x/ray-worker,661905408,694943744,1218338816,143238403
1786039072106041341,raycluster-historyserver-cpu-worker-dn77x/collector,117305344,207101952,244269056,36832699
1786039072106041341,rayjob-bench-fssm4/ray-job-submitter,102371328,113016832,115953664,3572009
1786039072106041341,raycluster-historyserver-head-5dds2/collector,130002944,170582016,292708352,57216421
1786039072106041341,raycluster-historyserver-head-5dds2/ray-head,3868766208,3942395904,3959406592,97295027
1786039073146171925,raycluster-historyserver-cpu-worker-dn77x/ray-worker,667664384,701554688,1218338816,143481807
1786039073146171925,raycluster-historyserver-cpu-worker-dn77x/collector,104448000,197705728,244269056,37788267
1786039073146171925,rayjob-bench-fssm4/ray-job-submitter,102371328,113016832,115953664,3572009
1786039073146171925,raycluster-historyserver-head-5dds2/collector,150925312,193646592,292708352,57532522
1786039073146171925,raycluster-historyserver-head-5dds2/ray-head,3866755072,3942420480,3959406592,98112935
1786039074185049301,raycluster-historyserver-cpu-worker-dn77x/ray-worker,667668480,701558784,1218338816,144099956
1786039074185049301,raycluster-historyserver-cpu-worker-dn77x/collector,92151808,189022208,244269056,38285642
1786039074185049301,rayjob-bench-fssm4/ray-job-submitter,102371328,113016832,115953664,3572009
1786039074185049301,raycluster-historyserver-head-5dds2/collector,135532544,185307136,292708352,58687737
1786039074185049301,raycluster-historyserver-head-5dds2/ray-head,3866820608,3942223872,3959406592,98203223
1786039075225207426,raycluster-historyserver-cpu-worker-dn77x/ray-worker,667668480,701562880,1218338816,144346128
1786039075225207426,raycluster-historyserver-cpu-worker-dn77x/collector,120946688,224378880,244269056,39167336
1786039075225207426,rayjob-bench-fssm4/ray-job-submitter,102371328,113016832,115953664,3572009
1786039075225207426,raycluster-historyserver-head-5dds2/collector,152588288,202452992,292708352,58952690
1786039075225207426,raycluster-historyserver-head-5dds2/ray-head,3862867968,3938283520,3959406592,99092691
1786039076262968885,raycluster-historyserver-cpu-worker-dn77x/ray-worker,667693056,701583360,1218338816,144795256
1786039076262968885,raycluster-historyserver-cpu-worker-dn77x/collector,97796096,202579968,244269056,39878724
1786039076262968885,rayjob-bench-fssm4/ray-job-submitter,102371328,113016832,115953664,3572009
1786039076262968885,raycluster-historyserver-head-5dds2/collector,132644864,190345216,292708352,60059671
1786039076262968885,raycluster-historyserver-head-5dds2/ray-head,3863130112,3938803712,3959406592,99219084
1786039077301164802,raycluster-historyserver-cpu-worker-dn77x/ray-worker,667693056,701591552,1218338816,145450638
1786039077301164802,raycluster-historyserver-cpu-worker-dn77x/collector,120070144,230449152,244269056,40397130
1786039077301164802,rayjob-bench-fssm4/ray-job-submitter,102371328,113016832,115953664,3572009
1786039077301164802,raycluster-historyserver-head-5dds2/collector,148758528,206721024,292708352,60401285
1786039077301164802,raycluster-historyserver-head-5dds2/ray-head,3863240704,3938668544,3959406592,100020852
1786039078345905219,raycluster-historyserver-cpu-worker-dn77x/ray-worker,667709440,701607936,1218338816,145525143
1786039078345905219,raycluster-historyserver-cpu-worker-dn77x/collector,121368576,238444544,244269056,41480407
1786039078345905219,rayjob-bench-fssm4/ray-job-submitter,102371328,113016832,115953664,3572009
1786039078345905219,raycluster-historyserver-head-5dds2/collector,133353472,198320128,292708352,61575382
1786039078345905219,raycluster-historyserver-head-5dds2/ray-head,3863339008,3938750464,3959406592,100083509
1786039079385180345,raycluster-historyserver-cpu-worker-dn77x/ray-worker,667709440,701603840,1218338816,146080015
1786039079385180345,raycluster-historyserver-cpu-worker-dn77x/collector,96727040,213819392,245231616,42077872
1786039079385180345,rayjob-bench-fssm4/ray-job-submitter,102371328,113016832,115953664,3572009
1786039079385180345,raycluster-historyserver-head-5dds2/collector,153174016,219365376,292708352,61881272
1786039079385180345,raycluster-historyserver-head-5dds2/ray-head,3866996736,3942412288,3959406592,100913892
1786039080424134637,raycluster-historyserver-cpu-worker-dn77x/ray-worker,665616384,699777024,1218338816,146619223
1786039080424134637,raycluster-historyserver-cpu-worker-dn77x/collector,108961792,232857600,245231616,42666371
1786039080424134637,rayjob-bench-fssm4/ray-job-submitter,102371328,113016832,115953664,3572009
1786039080424134637,raycluster-historyserver-head-5dds2/collector,130691072,204640256,292708352,63042819
1786039080424134637,raycluster-historyserver-head-5dds2/ray-head,3867062272,3942481920,3959406592,101040073
1786039081463813804,raycluster-historyserver-cpu-worker-dn77x/ray-worker,665751552,699645952,1218338816,146756677
1786039081463813804,raycluster-historyserver-cpu-worker-dn77x/collector,107712512,236822528,245231616,43748466
1786039081463813804,rayjob-bench-fssm4/ray-job-submitter,102371328,113016832,115953664,3572009
1786039081463813804,raycluster-historyserver-head-5dds2/collector,117207040,191418368,292708352,63606969
1786039081463813804,raycluster-historyserver-head-5dds2/ray-head,3847471104,3923140608,3959406592,101587063
1786039082503843638,raycluster-historyserver-cpu-worker-dn77x/ray-worker,665907200,699805696,1218338816,147405975
1786039082503843638,raycluster-historyserver-cpu-worker-dn77x/collector,93966336,224681984,254312448,44221842
1786039082503843638,rayjob-bench-fssm4/ray-job-submitter,102371328,113016832,115953664,3572009
1786039082503843638,raycluster-historyserver-head-5dds2/collector,117264384,196464640,292708352,64031711
1786039082503843638,raycluster-historyserver-head-5dds2/ray-head,3847557120,3922931712,3959406592,101670222
1786039083541823680,raycluster-historyserver-cpu-worker-dn77x/ray-worker,663826432,697720832,1218338816,147766476
1786039083541823680,raycluster-historyserver-cpu-worker-dn77x/collector,120250368,257798144,259743744,45076640
1786039083541823680,rayjob-bench-fssm4/ray-job-submitter,102371328,113016832,115953664,3572009
1786039083541823680,raycluster-historyserver-head-5dds2/collector,117264384,196464640,292708352,64036367
1786039083541823680,raycluster-historyserver-head-5dds2/ray-head,3847180288,3922751488,3959406592,101736310
1786039084584896583,raycluster-historyserver-cpu-worker-dn77x/ray-worker,663846912,697741312,1218338816,148067254
1786039084584896583,raycluster-historyserver-cpu-worker-dn77x/collector,113147904,253440000,262160384,45967728
1786039084584896583,rayjob-bench-fssm4/ray-job-submitter,102371328,113016832,115953664,3572009
1786039084584896583,raycluster-historyserver-head-5dds2/collector,117264384,196464640,292708352,64036367
1786039084584896583,raycluster-historyserver-head-5dds2/ray-head,3847237632,3922812928,3959406592,101805132
1786039085629920834,raycluster-historyserver-cpu-worker-dn77x/ray-worker,663846912,697741312,1218338816,148722582
1786039085629920834,raycluster-historyserver-cpu-worker-dn77x/collector,123748352,268103680,269017088,46402535
1786039085629920834,rayjob-bench-fssm4/ray-job-submitter,102371328,113016832,115953664,3572009
1786039085629920834,raycluster-historyserver-head-5dds2/collector,117264384,196468736,292708352,64038790
1786039085629920834,raycluster-historyserver-head-5dds2/ray-head,3847299072,3922874368,3959406592,101930802
1786039086677007334,raycluster-historyserver-cpu-worker-dn77x/ray-worker,663846912,697741312,1218338816,148959306
1786039086677007334,raycluster-historyserver-cpu-worker-dn77x/collector,119066624,270249984,275103744,47433234
1786039086677007334,rayjob-bench-fssm4/ray-job-submitter,102371328,113016832,115953664,3572009
1786039086677007334,raycluster-historyserver-head-5dds2/collector,117264384,196468736,292708352,64038790
1786039086677007334,raycluster-historyserver-head-5dds2/ray-head,3847405568,3922976768,3959406592,101992567
1786039087727963251,raycluster-historyserver-cpu-worker-dn77x/ray-worker,664023040,697917440,1218338816,149419641
1786039087727963251,raycluster-historyserver-cpu-worker-dn77x/collector,113795072,265232384,276717568,48199235
1786039087727963251,rayjob-bench-fssm4/ray-job-submitter,102371328,113016832,115953664,3572009
1786039087727963251,raycluster-historyserver-head-5dds2/collector,117264384,196468736,292708352,64042322
1786039087727963251,raycluster-historyserver-head-5dds2/ray-head,3847458816,3923034112,3959406592,102078585
1786039088777850210,raycluster-historyserver-cpu-worker-dn77x/ray-worker,662990848,696885248,1218338816,149673425
1786039088777850210,raycluster-historyserver-cpu-worker-dn77x/collector,88412160,248397824,287055872,48998698
1786039088777850210,rayjob-bench-fssm4/ray-job-submitter,102371328,113016832,115953664,3572009
1786039088777850210,raycluster-historyserver-head-5dds2/collector,117264384,196468736,292708352,64042442
1786039088777850210,raycluster-historyserver-head-5dds2/ray-head,3847507968,3923111936,3959406592,102135971
1786039089829147711,raycluster-historyserver-cpu-worker-dn77x/ray-worker,663007232,696901632,1218338816,149703486
1786039089829147711,raycluster-historyserver-cpu-worker-dn77x/collector,88412160,248971264,287055872,49043368
1786039089829147711,rayjob-bench-fssm4/ray-job-submitter,102371328,113016832,115953664,3572009
1786039089829147711,raycluster-historyserver-head-5dds2/collector,117264384,196468736,292708352,64043595
1786039089829147711,raycluster-historyserver-head-5dds2/ray-head,3847503872,3923103744,3959406592,102210891
1786039090890045711,raycluster-historyserver-cpu-worker-dn77x/ray-worker,663007232,696905728,1218338816,149754590
1786039090890045711,raycluster-historyserver-cpu-worker-dn77x/collector,88412160,248971264,287055872,49043368
1786039090890045711,rayjob-bench-fssm4/ray-job-submitter,102371328,113016832,115953664,3572009
1786039090890045711,raycluster-historyserver-head-5dds2/collector,117264384,196468736,292708352,64044834
1786039090890045711,raycluster-historyserver-head-5dds2/ray-head,3847782400,3923472384,3959406592,102356640
1786039091943003753,raycluster-historyserver-cpu-worker-dn77x/ray-worker,663027712,696922112,1218338816,149781241
1786039091943003753,raycluster-historyserver-cpu-worker-dn77x/collector,88412160,248971264,287055872,49046880
1786039091943003753,rayjob-bench-fssm4/ray-job-submitter,102371328,113016832,115953664,3572009
1786039091943003753,raycluster-historyserver-head-5dds2/collector,117264384,196468736,292708352,64045843
1786039091943003753,raycluster-historyserver-head-5dds2/ray-head,3847876608,3923865600,3959406592,102429986
1786039093003026712,raycluster-historyserver-cpu-worker-dn77x/ray-worker,663044096,697192448,1218338816,149815703
1786039093003026712,raycluster-historyserver-cpu-worker-dn77x/collector,88412160,248971264,287055872,49047080
1786039093003026712,rayjob-bench-fssm4/ray-job-submitter,102371328,113016832,115953664,3572009
1786039093003026712,raycluster-historyserver-head-5dds2/collector,117264384,196468736,292708352,64050678
1786039093003026712,raycluster-historyserver-head-5dds2/ray-head,3847876608,3923574784,3959406592,102515699
1786039094061213879,raycluster-historyserver-cpu-worker-dn77x/ray-worker,663044096,696938496,1218338816,149853886
1786039094061213879,raycluster-historyserver-cpu-worker-dn77x/collector,88412160,248971264,287055872,49047080
1786039094061213879,rayjob-bench-fssm4/ray-job-submitter,102371328,113016832,115953664,3572009
1786039094061213879,raycluster-historyserver-head-5dds2/collector,117272576,196476928,292708352,64060908
1786039094061213879,raycluster-historyserver-head-5dds2/ray-head,3848011776,3923722240,3959406592,102618712
1786039095125845296,raycluster-historyserver-cpu-worker-dn77x/ray-worker,663044096,696938496,1218338816,149882856
1786039095125845296,raycluster-historyserver-cpu-worker-dn77x/collector,88412160,248971264,287055872,49047080
1786039095125845296,rayjob-bench-fssm4/ray-job-submitter,102371328,113016832,115953664,3572009
1786039095125845296,raycluster-historyserver-head-5dds2/collector,117276672,196481024,292708352,64061995
1786039095125845296,raycluster-historyserver-head-5dds2/ray-head,3848159232,3923861504,3959406592,102732955
1786039096187067797,raycluster-historyserver-cpu-worker-dn77x/ray-worker,663064576,696958976,1218338816,149930711
1786039096187067797,raycluster-historyserver-cpu-worker-dn77x/collector,88412160,248971264,287055872,49047080
1786039096187067797,rayjob-bench-fssm4/ray-job-submitter,102371328,113016832,115953664,3572009
1786039096187067797,raycluster-historyserver-head-5dds2/collector,117276672,196485120,292708352,64063427
1786039096187067797,raycluster-historyserver-head-5dds2/ray-head,3848331264,3924041728,3959406592,102828019
1786039097244980047,raycluster-historyserver-cpu-worker-dn77x/ray-worker,662999040,696893440,1218338816,149965116
1786039097244980047,raycluster-historyserver-cpu-worker-dn77x/collector,88412160,248971264,287055872,49049967
1786039097244980047,rayjob-bench-fssm4/ray-job-submitter,102371328,113016832,115953664,3572009
1786039097244980047,raycluster-historyserver-head-5dds2/collector,117276672,196485120,292708352,64064463
1786039097244980047,raycluster-historyserver-head-5dds2/ray-head,3848413184,3924115456,3959406592,102915770
1786039098304994423,raycluster-historyserver-cpu-worker-dn77x/ray-worker,663015424,696909824,1218338816,149999134
1786039098304994423,raycluster-historyserver-cpu-worker-dn77x/collector,88412160,248971264,287055872,49050124
1786039098304994423,rayjob-bench-fssm4/ray-job-submitter,102371328,113016832,115953664,3572009
1786039098304994423,raycluster-historyserver-head-5dds2/collector,117276672,196481024,292708352,64067232
1786039098304994423,raycluster-historyserver-head-5dds2/ray-head,3848511488,3924217856,3959406592,102986082
1786039099361078173,raycluster-historyserver-cpu-worker-dn77x/ray-worker,663130112,697049088,1218338816,150033128
1786039099361078173,raycluster-historyserver-cpu-worker-dn77x/collector,88412160,248971264,287055872,49050124
1786039099361078173,rayjob-bench-fssm4/ray-job-submitter,102371328,113016832,115953664,3572009
1786039099361078173,raycluster-historyserver-head-5dds2/collector,117276672,196481024,292708352,64068696
1786039099361078173,raycluster-historyserver-head-5dds2/ray-head,3848654848,3924357120,3959406592,103069108
1786039100446967632,raycluster-historyserver-cpu-worker-dn77x/ray-worker,663150592,697069568,1218338816,150061896
1786039100446967632,raycluster-historyserver-cpu-worker-dn77x/collector,88412160,248971264,287055872,49050124
1786039100446967632,rayjob-bench-fssm4/ray-job-submitter,102371328,113016832,115953664,3572009
1786039100446967632,raycluster-historyserver-head-5dds2/collector,117276672,196485120,292708352,64069809
1786039100446967632,raycluster-historyserver-head-5dds2/ray-head,3848826880,3924529152,3959406592,103190756
1786039101508100674,raycluster-historyserver-cpu-worker-dn77x/ray-worker,663154688,697073664,1218338816,150107992
1786039101508100674,raycluster-historyserver-cpu-worker-dn77x/collector,88412160,248971264,287055872,49050124
1786039101508100674,rayjob-bench-fssm4/ray-job-submitter,102371328,113016832,115953664,3572009
1786039101508100674,raycluster-historyserver-head-5dds2/collector,117276672,196485120,292708352,64071009
1786039101508100674,raycluster-historyserver-head-5dds2/ray-head,3848658944,3924426752,3959406592,103276283
1786039102570913217,raycluster-historyserver-cpu-worker-dn77x/ray-worker,663171072,697090048,1218338816,150137970
1786039102570913217,raycluster-historyserver-cpu-worker-dn77x/collector,88436736,248999936,287055872,49795463
1786039102570913217,rayjob-bench-fssm4/ray-job-submitter,102371328,113016832,115953664,3572009
1786039102570913217,raycluster-historyserver-head-5dds2/collector,117276672,196485120,292708352,64071009
1786039102570913217,raycluster-historyserver-head-5dds2/ray-head,3848744960,3924512768,3959406592,103355694
1786039103627890384,raycluster-historyserver-cpu-worker-dn77x/ray-worker,663187456,697106432,1218338816,150169794
1786039103627890384,raycluster-historyserver-cpu-worker-dn77x/collector,88436736,248999936,287055872,50857535
1786039103627890384,rayjob-bench-fssm4/ray-job-submitter,102371328,113016832,115953664,3572009
1786039103627890384,raycluster-historyserver-head-5dds2/collector,117280768,196485120,292708352,64075462
1786039103627890384,raycluster-historyserver-head-5dds2/ray-head,3848687616,3924525056,3959406592,103423407
1786039104685149676,raycluster-historyserver-cpu-worker-dn77x/ray-worker,663207936,697126912,1218338816,150198993
1786039104685149676,raycluster-historyserver-cpu-worker-dn77x/collector,88436736,89554944,287055872,51161249
1786039104685149676,rayjob-bench-fssm4/ray-job-submitter,102371328,113016832,115953664,3572009
1786039104685149676,raycluster-historyserver-head-5dds2/collector,117280768,196485120,292708352,64075462
1786039104685149676,raycluster-historyserver-head-5dds2/ray-head,3848589312,3924496384,3959406592,103502457
1786039105747906676,raycluster-historyserver-cpu-worker-dn77x/ray-worker,540143616,570306560,1218338816,150255481
1786039105747906676,raycluster-historyserver-cpu-worker-dn77x/collector,88436736,89554944,287055872,51161415
1786039105747906676,rayjob-bench-fssm4/ray-job-submitter,102371328,113016832,115953664,3572009
1786039105747906676,raycluster-historyserver-head-5dds2/collector,117280768,196489216,292708352,64079480
1786039105747906676,raycluster-historyserver-head-5dds2/ray-head,3849342976,3924889600,3959406592,103806326
1786039106811056885,raycluster-historyserver-cpu-worker-dn77x/ray-worker,540151808,570298368,1218338816,150289150
1786039106811056885,raycluster-historyserver-cpu-worker-dn77x/collector,88436736,89554944,287055872,51163296
1786039106811056885,rayjob-bench-fssm4/ray-job-submitter,102371328,113016832,115953664,3572009
1786039106811056885,raycluster-historyserver-head-5dds2/collector,117280768,196489216,292708352,64080825
1786039106811056885,raycluster-historyserver-head-5dds2/ray-head,3517341696,3589275648,3959406592,104139559
1786039107915857219,raycluster-historyserver-cpu-worker-dn77x/ray-worker,540151808,570298368,1218338816,150313690
1786039107915857219,raycluster-historyserver-cpu-worker-dn77x/collector,88436736,89554944,287055872,51165308
1786039107915857219,rayjob-bench-fssm4/ray-job-submitter,102371328,113016832,115953664,3573237
1786039107915857219,raycluster-historyserver-head-5dds2/collector,117280768,196497408,292708352,64085490
1786039107915857219,raycluster-historyserver-head-5dds2/ray-head,3516358656,3588300800,3959406592,104217003
1786039108973916053,raycluster-historyserver-cpu-worker-dn77x/ray-worker,540102656,570253312,1218338816,150341514
1786039108973916053,raycluster-historyserver-cpu-worker-dn77x/collector,88436736,89554944,287055872,51165308
1786039108973916053,rayjob-bench-fssm4/ray-job-submitter,102371328,113016832,115953664,3573237
1786039108973916053,raycluster-historyserver-head-5dds2/collector,117280768,196497408,292708352,64085630
1786039108973916053,raycluster-historyserver-head-5dds2/ray-head,3515965440,3588231168,3959406592,104279026
1786039110031927928,raycluster-historyserver-cpu-worker-dn77x/ray-worker,540119040,570269696,1218338816,150358800
1786039110031927928,raycluster-historyserver-cpu-worker-dn77x/collector,88436736,89554944,287055872,51165308
1786039110031927928,rayjob-bench-fssm4/ray-job-submitter,102649856,113336320,115953664,3719961
1786039110031927928,raycluster-historyserver-head-5dds2/collector,117280768,196497408,292708352,64085630
1786039110031927928,raycluster-historyserver-head-5dds2/ray-head,3516051456,3588304896,3959406592,104355952
1786039111091868804,raycluster-historyserver-cpu-worker-dn77x/ray-worker,540119040,570269696,1218338816,150388675
1786039111091868804,raycluster-historyserver-cpu-worker-dn77x/collector,88436736,89554944,287055872,51165308
1786039111091868804,raycluster-historyserver-head-5dds2/collector,117280768,196497408,292708352,64086667
1786039111091868804,raycluster-historyserver-head-5dds2/ray-head,3516178432,3588431872,3959406592,104476696
1786039112144856221,raycluster-historyserver-cpu-worker-dn77x/ray-worker,540119040,570269696,1218338816,150413577
1786039112144856221,raycluster-historyserver-cpu-worker-dn77x/collector,88440832,89559040,287055872,51170136
1786039112144856221,raycluster-historyserver-head-5dds2/collector,117280768,196497408,292708352,64086667
1786039112144856221,raycluster-historyserver-head-5dds2/ray-head,3516260352,3588526080,3959406592,104561015
1786039113194094513,raycluster-historyserver-cpu-worker-dn77x/ray-worker,540135424,570286080,1218338816,150432234
1786039113194094513,raycluster-historyserver-cpu-worker-dn77x/collector,88440832,89559040,287055872,51170256
1786039113194094513,raycluster-historyserver-head-5dds2/collector,117280768,196497408,292708352,64090150
1786039113194094513,raycluster-historyserver-head-5dds2/ray-head,3516145664,3588472832,3959406592,104633121
1786039114248247500,raycluster-historyserver-cpu-worker-dn77x/ray-worker,107450368,129642496,1218338816,150708948
1786039114248247500,raycluster-historyserver-cpu-worker-dn77x/collector,88608768,89731072,287055872,51309832
1786039114248247500,raycluster-historyserver-head-5dds2/collector,117440512,196624384,292708352,64552918
1786039114248247500,raycluster-historyserver-head-5dds2/ray-head,3089997824,3158200320,3959406592,105776945
1786039122605642045,historyserver-demo-7768d9678d-tlplx/historyserver,40386560,41750528,41750528,338763
1786039123637710462,historyserver-demo-7768d9678d-tlplx/historyserver,66957312,67719168,68329472,601796
1786039124674776546,historyserver-demo-7768d9678d-tlplx/historyserver,510242816,511979520,512241664,1594755
1786039125710824047,historyserver-demo-7768d9678d-tlplx/historyserver,570298368,572141568,572403712,2636142
1786039126747724089,historyserver-demo-7768d9678d-tlplx/historyserver,629932032,632225792,632225792,3678883
1786039127786699339,historyserver-demo-7768d9678d-tlplx/historyserver,656969728,659152896,659542016,4973356
1786039128822676423,historyserver-demo-7768d9678d-tlplx/historyserver,658554880,660660224,660922368,6018515
1786039129862700465,historyserver-demo-7768d9678d-tlplx/historyserver,659845120,661999616,662261760,7066000
1786039130904720049,historyserver-demo-7768d9678d-tlplx/historyserver,661118976,663547904,663547904,8111617
1786039131944682175,historyserver-demo-7768d9678d-tlplx/historyserver,663654400,665894912,666152960,9767916
1786039132985814842,historyserver-demo-7768d9678d-tlplx/historyserver,664170496,666316800,666800128,10813708
1786039134025654926,historyserver-demo-7768d9678d-tlplx/historyserver,673226752,675438592,675700736,11859004
1786039135066626051,historyserver-demo-7768d9678d-tlplx/historyserver,733270016,735395840,735657984,12904522
1786039136106686552,historyserver-demo-7768d9678d-tlplx/historyserver,790929408,793358336,793358336,13950149
1786039137146686344,historyserver-demo-7768d9678d-tlplx/historyserver,849895424,852262912,852262912,14995861
1786039138186699803,historyserver-demo-7768d9678d-tlplx/historyserver,905191424,907821056,908083200,16039339
1786039139225919053,historyserver-demo-7768d9678d-tlplx/historyserver,947986432,951705600,951705600,18099854
1786039140263754554,historyserver-demo-7768d9678d-tlplx/historyserver,951095296,953888768,954253312,19325675
1786039141302610262,historyserver-demo-7768d9678d-tlplx/historyserver,951549952,954298368,954744832,20369320
1786039142341698263,historyserver-demo-7768d9678d-tlplx/historyserver,952426496,955158528,955756544,21413898
1786039143380908180,historyserver-demo-7768d9678d-tlplx/historyserver,953520128,956243968,956506112,22457299
1786039144421222541,historyserver-demo-7768d9678d-tlplx/historyserver,967245824,970002432,970002432,23500950
1786039145460917917,historyserver-demo-7768d9678d-tlplx/historyserver,1010294784,1013006336,1013006336,24545901
1786039146500062709,historyserver-demo-7768d9678d-tlplx/historyserver,1057140736,1060044800,1060306944,25590487
1786039147539738001,historyserver-demo-7768d9678d-tlplx/historyserver,1100189696,1103089664,1103089664,26633399
1786039148579040710,historyserver-demo-7768d9678d-tlplx/historyserver,1146785792,1149952000,1150214144,27678249
1786039149618548919,historyserver-demo-7768d9678d-tlplx/historyserver,1189941248,1193140224,1193402368,28724976
1786039150661055211,historyserver-demo-7768d9678d-tlplx/historyserver,1223741440,1227026432,1227563008,31285349
1786039151702006795,historyserver-demo-7768d9678d-tlplx/historyserver,1223745536,1226825728,1227563008,32329870
1786039152742795087,historyserver-demo-7768d9678d-tlplx/historyserver,1223749632,1226829824,1227563008,33375266
1786039153782756254,historyserver-demo-7768d9678d-tlplx/historyserver,1223761920,1226846208,1227563008,34417484
1786039154822006088,historyserver-demo-7768d9678d-tlplx/historyserver,1507258368,1511157760,1511157760,35444202
1786039155867837547,historyserver-demo-7768d9678d-tlplx/historyserver,1627541504,1632841728,1635164160,36957413
1786039156908963672,historyserver-demo-7768d9678d-tlplx/historyserver,1507454976,1571536896,1635164160,38034357
1786039157954870298,historyserver-demo-7768d9678d-tlplx/historyserver,1507475456,1571557376,1635164160,39079810
1786039158994805215,historyserver-demo-7768d9678d-tlplx/historyserver,1507500032,1571581952,1635164160,40124008
1786039160034774090,historyserver-demo-7768d9678d-tlplx/historyserver,1272901632,1438232576,1635164160,41990525
1786039161074676174,historyserver-demo-7768d9678d-tlplx/historyserver,1272901632,1438228480,1635164160,43036679
1786039162116385258,historyserver-demo-7768d9678d-tlplx/historyserver,1272901632,1438228480,1635164160,44081469
1786039163158283009,historyserver-demo-7768d9678d-tlplx/historyserver,1272905728,1438232576,1635164160,45126928
1786039164200024426,historyserver-demo-7768d9678d-tlplx/historyserver,1272905728,1438236672,1635164160,46173474
1786039165242936426,historyserver-demo-7768d9678d-tlplx/historyserver,1295421440,1461006336,1635164160,47219061
1786039166284900635,historyserver-demo-7768d9678d-tlplx/historyserver,1322708992,1488113664,1635164160,49383125
1786039167327890344,historyserver-demo-7768d9678d-tlplx/historyserver,1325273088,1490857984,1635164160,50732691
1786039168367988011,historyserver-demo-7768d9678d-tlplx/historyserver,1325563904,1490890752,1635164160,51786790
1786039169417875012,historyserver-demo-7768d9678d-tlplx/historyserver,1339830272,1505185792,1635164160,52833676
1786039170461085929,historyserver-demo-7768d9678d-tlplx/historyserver,1369567232,1535098880,1635164160,53879206
1786039171503019221,historyserver-demo-7768d9678d-tlplx/historyserver,1400819712,1566269440,1635164160,54924945
1786039172545924930,historyserver-demo-7768d9678d-tlplx/historyserver,1435361280,1600675840,1635164160,55973901
1786039173589882347,historyserver-demo-7768d9678d-tlplx/historyserver,1473630208,1639034880,1639333888,57021867
1786039174615404750,historyserver-demo-7768d9678d-tlplx/historyserver,1513668608,1679122432,1679122432,58069580
1786039175659258417,historyserver-demo-7768d9678d-tlplx/historyserver,1554558976,1719930880,1719930880,59121031
1786039176705572959,historyserver-demo-7768d9678d-tlplx/historyserver,1592758272,1758085120,1758609408,60169258
1786039177749386168,historyserver-demo-7768d9678d-tlplx/historyserver,1593663488,1759105024,1760227328,61216551
1786039178794365710,historyserver-demo-7768d9678d-tlplx/historyserver,1456095232,1642864640,1801142272,63640081
1786039179839347627,historyserver-demo-7768d9678d-tlplx/historyserver,1456099328,1642868736,1801142272,64685802
1786039180882364711,historyserver-demo-7768d9678d-tlplx/historyserver,1456099328,1642868736,1801142272,65730516
1786039181923391128,historyserver-demo-7768d9678d-tlplx/historyserver,1456099328,1642868736,1801142272,66780923
1786039182968328087,historyserver-demo-7768d9678d-tlplx/historyserver,1456144384,1643130880,1801142272,68014434
1786039184009430546,historyserver-demo-7768d9678d-tlplx/historyserver,1456164864,1642934272,1801142272,70122311
1786039185052420588,historyserver-demo-7768d9678d-tlplx/historyserver,1456164864,1642934272,1801142272,71172338
1786039186098445422,historyserver-demo-7768d9678d-tlplx/historyserver,1456164864,1642938368,1801142272,72220576
1786039187143398006,historyserver-demo-7768d9678d-tlplx/historyserver,1456164864,1642938368,1801142272,73271121
1786039188188594089,historyserver-demo-7768d9678d-tlplx/historyserver,1456164864,1642934272,1801142272,74322359
1786039189234335507,historyserver-demo-7768d9678d-tlplx/historyserver,1456164864,1642934272,1801142272,75373747
1786039190279559132,historyserver-demo-7768d9678d-tlplx/historyserver,1456164864,1642938368,1801142272,76421400
1786039191322713924,historyserver-demo-7768d9678d-tlplx/historyserver,1456295936,1643237376,1801142272,78884885
1786039192373611716,historyserver-demo-7768d9678d-tlplx/historyserver,1386377216,1573793792,1801142272,80336691
1786039193418461884,historyserver-demo-7768d9678d-tlplx/historyserver,1386377216,1574055936,1801142272,81382571
1786039194458402842,historyserver-demo-7768d9678d-tlplx/historyserver,1386377216,1573793792,1801142272,82427903
1786039195500533718,historyserver-demo-7768d9678d-tlplx/historyserver,1386385408,1574133760,1801142272,83447672
1786039196544502385,historyserver-demo-7768d9678d-tlplx/historyserver,1430626304,1671434240,1801142272,85478254
1786039197595334511,historyserver-demo-7768d9678d-tlplx/historyserver,1430638592,1671446528,1801142272,86525384
1786039198637485511,historyserver-demo-7768d9678d-tlplx/historyserver,1430638592,1671446528,1801142272,87592304
1786039199697740678,historyserver-demo-7768d9678d-tlplx/historyserver,1414828032,1657307136,1801142272,90965257
1786039200771324804,historyserver-demo-7768d9678d-tlplx/historyserver,1415213056,1657593856,1801142272,92025308
1786039201823404929,historyserver-demo-7768d9678d-tlplx/historyserver,1415405568,1658048512,1801142272,93075111
1786039202866374388,historyserver-demo-7768d9678d-tlplx/historyserver,1415405568,1657786368,1801142272,94124015
1786039203906451180,historyserver-demo-7768d9678d-tlplx/historyserver,1416269824,1658896384,1801142272,95169515
1786039204942996708,historyserver-demo-7768d9678d-tlplx/historyserver,1417351168,1659981824,1801142272,96216858
1786039205983931292,historyserver-demo-7768d9678d-tlplx/historyserver,1424904192,1667485696,1801142272,97261003
1786039207023919668,historyserver-demo-7768d9678d-tlplx/historyserver,1459818496,1702268928,1801142272,98307556
1786039208064933376,historyserver-demo-7768d9678d-tlplx/historyserver,1439383552,1681735680,1801142272,101433887
1786039209106038377,historyserver-demo-7768d9678d-tlplx/historyserver,1439604736,1681981440,1801142272,102478511
1786039210146026336,historyserver-demo-7768d9678d-tlplx/historyserver,1441243136,1683468288,1801142272,103523100
1786039211184450544,historyserver-demo-7768d9678d-tlplx/historyserver,1457704960,1700044800,1801142272,104568722
1786039212223931670,historyserver-demo-7768d9678d-tlplx/historyserver,1482244096,1724526592,1801142272,105613372
1786039213262944462,historyserver-demo-7768d9678d-tlplx/historyserver,1511788544,1754013696,1801142272,106659030
1786039214302933254,historyserver-demo-7768d9678d-tlplx/historyserver,1541890048,1784127488,1801142272,107707432
1786039215342863963,historyserver-demo-7768d9678d-tlplx/historyserver,1572225024,1814331392,1814593536,108751758
1786039216382974380,historyserver-demo-7768d9678d-tlplx/historyserver,1602646016,1844834304,1845096448,109798250
1786039217423271506,historyserver-demo-7768d9678d-tlplx/historyserver,1636917248,1879097344,1879097344,110844995
1786039218464229048,historyserver-demo-7768d9678d-tlplx/historyserver,1643601920,1885995008,1886486528,111890513
1786039219506024215,historyserver-demo-7768d9678d-tlplx/historyserver,1644531712,1886744576,1887268864,112939954
1786039220547903799,historyserver-demo-7768d9678d-tlplx/historyserver,1674424320,1916751872,1916751872,113985654
1786039221588259508,historyserver-demo-7768d9678d-tlplx/historyserver,1927909376,2170703872,2170728448,116294648
1786039222653993467,historyserver-demo-7768d9678d-tlplx/historyserver,2001399808,2244087808,2244648960,118425859
1786039223695406550,historyserver-demo-7768d9678d-tlplx/historyserver,2001842176,2244677632,2244677632,119472966
1786039224736934384,historyserver-demo-7768d9678d-tlplx/historyserver,2001846272,2244538368,2245062656,120516906
1786039225776018551,historyserver-demo-7768d9678d-tlplx/historyserver,2001846272,2244534272,2245062656,121563310
1786039226817086260,historyserver-demo-7768d9678d-tlplx/historyserver,2001846272,2244534272,2245062656,122609722
1786039227859306844,historyserver-demo-7768d9678d-tlplx/historyserver,2001846272,2244534272,2245062656,123658775
1786039228900062220,historyserver-demo-7768d9678d-tlplx/historyserver,2001887232,2244812800,2245582848,125043470
1786039229941907345,historyserver-demo-7768d9678d-tlplx/historyserver,1856233472,2127175680,2245582848,127656283
1786039230983036054,historyserver-demo-7768d9678d-tlplx/historyserver,1856233472,2127175680,2245582848,128702056
1786039232024107554,historyserver-demo-7768d9678d-tlplx/historyserver,1856233472,2127175680,2245582848,129744336
1786039233065804430,historyserver-demo-7768d9678d-tlplx/historyserver,1857548288,2128740352,2245582848,130791631
1786039234107102347,historyserver-demo-7768d9678d-tlplx/historyserver,1857695744,2128896000,2245582848,131839547
1786039235148665000,historyserver-demo-7768d9678d-tlplx/historyserver,1859342336,2130288640,2245582848,132884421
1786039236188742709,historyserver-demo-7768d9678d-tlplx/historyserver,1859469312,2130665472,2245582848,133929512
1786039237229899418,historyserver-demo-7768d9678d-tlplx/historyserver,1859588096,2130800640,2245582848,134976978
1786039238271103335,historyserver-demo-7768d9678d-tlplx/historyserver,1859620864,2130825216,2245582848,136022290
1786039239312287044,historyserver-demo-7768d9678d-tlplx/historyserver,1884712960,2155769856,2245582848,137068958
1786039240353849961,historyserver-demo-7768d9678d-tlplx/historyserver,1910956032,2182082560,2245582848,138125042
1786039241397718795,historyserver-demo-7768d9678d-tlplx/historyserver,1925668864,2196856832,2245582848,141779327
1786039242437861587,historyserver-demo-7768d9678d-tlplx/historyserver,1925668864,2196615168,2245582848,142824957
1786039243477770962,historyserver-demo-7768d9678d-tlplx/historyserver,1925668864,2196611072,2245582848,143871183
1786039244518913379,historyserver-demo-7768d9678d-tlplx/historyserver,1925668864,2196611072,2245582848,144917187
1786039245558943380,historyserver-demo-7768d9678d-tlplx/historyserver,1925668864,2196611072,2245582848,145963721
1786039246599996672,historyserver-demo-7768d9678d-tlplx/historyserver,1925709824,2196652032,2245582848,147012989
1786039247643811798,historyserver-demo-7768d9678d-tlplx/historyserver,1939828736,2210983936,2245582848,148060753
1786039248687075298,historyserver-demo-7768d9678d-tlplx/historyserver,1940541440,2211741696,2245582848,149114263
1786039249734674715,historyserver-demo-7768d9678d-tlplx/historyserver,1941241856,2212409344,2245582848,150162749
1786039250777739174,historyserver-demo-7768d9678d-tlplx/historyserver,1942007808,2213163008,2245582848,151211904
1786039251820647300,historyserver-demo-7768d9678d-tlplx/historyserver,1942872064,2214068224,2245582848,152257183
1786039252864782925,historyserver-demo-7768d9678d-tlplx/historyserver,1971871744,2242973696,2245582848,153306586
1786039253908836842,historyserver-demo-7768d9678d-tlplx/historyserver,2007244800,2278383616,2278645760,154356990
1786039254954679093,historyserver-demo-7768d9678d-tlplx/historyserver,2008342528,2279538688,2279960576,155404203
1786039255996832135,historyserver-demo-7768d9678d-tlplx/historyserver,2008727552,2279677952,2280165376,155809353
1786039257047741010,historyserver-demo-7768d9678d-tlplx/historyserver,1544433664,1828614144,2287718400,156799976
1786039258089847261,historyserver-demo-7768d9678d-tlplx/historyserver,831467520,967602176,2287718400,157898944
1786039259134648511,historyserver-demo-7768d9678d-tlplx/historyserver,739442688,839241728,2287718400,158959054
1786039260182007637,historyserver-demo-7768d9678d-tlplx/historyserver,739586048,839397376,2287718400,160010452
1786039261225831054,historyserver-demo-7768d9678d-tlplx/historyserver,739647488,839237632,2287718400,161443478
1786039262268655096,historyserver-demo-7768d9678d-tlplx/historyserver,739647488,839237632,2287718400,162490953
1786039263310674347,historyserver-demo-7768d9678d-tlplx/historyserver,739647488,839237632,2287718400,163538572
1786039264353529125,historyserver-demo-7768d9678d-tlplx/historyserver,739647488,839237632,2287718400,164586302
1786039265397290333,historyserver-demo-7768d9678d-tlplx/historyserver,739651584,839241728,2287718400,166389511
1786039266440855626,historyserver-demo-7768d9678d-tlplx/historyserver,771440640,871137280,2287718400,167435500
1786039267482809543,historyserver-demo-7768d9678d-tlplx/historyserver,841580544,941228032,2287718400,168484546
1786039268526779918,historyserver-demo-7768d9678d-tlplx/historyserver,908853248,1008541696,2287718400,169531237
1786039269568842294,historyserver-demo-7768d9678d-tlplx/historyserver,955932672,1055797248,2287718400,170576624
1786039270608818628,historyserver-demo-7768d9678d-tlplx/historyserver,1003012096,1102942208,2287718400,171623345
1786039271650961420,historyserver-demo-7768d9678d-tlplx/historyserver,1036812288,1136451584,2287718400,173937231
1786039272688794670,historyserver-demo-7768d9678d-tlplx/historyserver,1036812288,1136402432,2287718400,174978564
1786039273725747921,historyserver-demo-7768d9678d-tlplx/historyserver,1036910592,1136500736,2287718400,176017808
1786039274758842588,historyserver-demo-7768d9678d-tlplx/historyserver,1036910592,1136500736,2287718400,177055055
1786039275790841963,historyserver-demo-7768d9678d-tlplx/historyserver,1036910592,1136500736,2287718400,178092561
1786039276822815589,historyserver-demo-7768d9678d-tlplx/historyserver,1036976128,1136799744,2287718400,179130752
1786039277855951089,historyserver-demo-7768d9678d-tlplx/historyserver,1046810624,1146937344,2287718400,180167840
1786039278887785715,historyserver-demo-7768d9678d-tlplx/historyserver,1090691072,1190821888,2287718400,181207074
1786039279921881715,historyserver-demo-7768d9678d-tlplx/historyserver,1133862912,1233854464,2287718400,182245064
1786039280955364341,historyserver-demo-7768d9678d-tlplx/historyserver,1178423296,1278341120,2287718400,183392905
1786039281990816550,historyserver-demo-7768d9678d-tlplx/historyserver,1192996864,1292595200,2287718400,185904394
1786039283027092508,historyserver-demo-7768d9678d-tlplx/historyserver,1193000960,1292591104,2287718400,186950710
1786039284067859551,historyserver-demo-7768d9678d-tlplx/historyserver,1193000960,1292591104,2287718400,187995184
1786039285107518593,historyserver-demo-7768d9678d-tlplx/historyserver,1196380160,1295024128,2287718400,189047408
1786039286154770302,historyserver-demo-7768d9678d-tlplx/historyserver,1632530432,1732382720,2287718400,190599129
1786039287196799219,historyserver-demo-7768d9678d-tlplx/historyserver,1575133184,1676288000,2287718400,191670968
1786039288244851761,historyserver-demo-7768d9678d-tlplx/historyserver,1575133184,1676288000,2287718400,192724435
1786039289294273970,historyserver-demo-7768d9678d-tlplx/historyserver,1575133184,1676288000,2287718400,193773590
1786039290336955679,historyserver-demo-7768d9678d-tlplx/historyserver,1575133184,1676288000,2287718400,194821932
1786039291379833971,historyserver-demo-7768d9678d-tlplx/historyserver,1447305216,1548460032,2287718400,196883169
1786039292425881721,historyserver-demo-7768d9678d-tlplx/historyserver,1447305216,1548460032,2287718400,197932377
1786039293469897972,historyserver-demo-7768d9678d-tlplx/historyserver,1447305216,1548460032,2287718400,198983332
1786039294514995833,historyserver-demo-7768d9678d-tlplx/historyserver,1447305216,1548460032,2287718400,200034533
1786039295560110167,historyserver-demo-7768d9678d-tlplx/historyserver,1447305216,1548464128,2287718400,201089575
1786039296609042459,historyserver-demo-7768d9678d-tlplx/historyserver,1447305216,1548464128,2287718400,202139580
1786039297652954168,historyserver-demo-7768d9678d-tlplx/historyserver,1447428096,1548582912,2287718400,203190870
1786039298699311377,historyserver-demo-7768d9678d-tlplx/historyserver,1447428096,1548582912,2287718400,204251528
1786039299752501919,historyserver-demo-7768d9678d-tlplx/historyserver,1447428096,1548587008,2287718400,205325346
1786039300820997836,historyserver-demo-7768d9678d-tlplx/historyserver,1447428096,1548587008,2287718400,207201288
1786039301869095170,historyserver-demo-7768d9678d-tlplx/historyserver,1447428096,1548582912,2287718400,209222529
1786039302906930379,historyserver-demo-7768d9678d-tlplx/historyserver,1447428096,1548582912,2287718400,210265930
1786039303943058629,historyserver-demo-7768d9678d-tlplx/historyserver,1447428096,1548582912,2287718400,211309203
1786039304979965130,historyserver-demo-7768d9678d-tlplx/historyserver,1447428096,1548582912,2287718400,212350513
1786039306014113547,historyserver-demo-7768d9678d-tlplx/historyserver,1449193472,1550348288,2287718400,213392216
1786039307051068756,historyserver-demo-7768d9678d-tlplx/historyserver,1449193472,1550352384,2287718400,214433085
1786039308085126048,historyserver-demo-7768d9678d-tlplx/historyserver,1469349888,1571328000,2287718400,215475271
1786039309121031382,historyserver-demo-7768d9678d-tlplx/historyserver,1509154816,1611251712,2287718400,216517273
1786039310156048382,historyserver-demo-7768d9678d-tlplx/historyserver,1557970944,1659658240,2287718400,217689123
1786039311198971549,historyserver-demo-7768d9678d-tlplx/historyserver,1454301184,1555488768,2287718400,219382944
1786039312233935716,historyserver-demo-7768d9678d-tlplx/historyserver,1454301184,1555488768,2287718400,220426272
1786039313271233509,historyserver-demo-7768d9678d-tlplx/historyserver,1370378240,1471565824,2287718400,222630391
1786039314307650967,historyserver-demo-7768d9678d-tlplx/historyserver,1270566912,1373769728,2287718400,223708031
1786039315343141051,historyserver-demo-7768d9678d-tlplx/historyserver,1270566912,1373773824,2287718400,224749915
1786039316378134802,historyserver-demo-7768d9678d-tlplx/historyserver,1270566912,1373769728,2287718400,225790795
1786039317414015052,historyserver-demo-7768d9678d-tlplx/historyserver,1271341056,1374543872,2287718400,226833803
1786039318450108469,historyserver-demo-7768d9678d-tlplx/historyserver,1270427648,1373634560,2287718400,229147912
1786039319486269553,historyserver-demo-7768d9678d-tlplx/historyserver,1270427648,1373630464,2287718400,230745146
1786039320520950637,historyserver-demo-7768d9678d-tlplx/historyserver,1270427648,1373630464,2287718400,231787764
1786039321557124763,historyserver-demo-7768d9678d-tlplx/historyserver,1270427648,1373892608,2287718400,232828582
1786039322592026430,historyserver-demo-7768d9678d-tlplx/historyserver,1270427648,1373630464,2287718400,233869302
1786039323627110264,historyserver-demo-7768d9678d-tlplx/historyserver,1270427648,1373630464,2287718400,234910103
1786039324663591041,historyserver-demo-7768d9678d-tlplx/historyserver,1270427648,1373630464,2287718400,235951961
1786039325698443084,historyserver-demo-7768d9678d-tlplx/historyserver,1278922752,1382281216,2287718400,236993582
1786039326734757001,historyserver-demo-7768d9678d-tlplx/historyserver,1317015552,1420230656,2287718400,238035352
1786039327770466418,historyserver-demo-7768d9678d-tlplx/historyserver,1601150976,1704439808,2287718400,240984250
1786039328807991627,historyserver-demo-7768d9678d-tlplx/historyserver,1601150976,1704353792,2287718400,242040004
1786039329859274294,historyserver-demo-7768d9678d-tlplx/historyserver,1601150976,1704353792,2287718400,243092992
1786039330904813878,historyserver-demo-7768d9678d-tlplx/historyserver,1601150976,1704353792,2287718400,244139475
1786039331947577503,historyserver-demo-7768d9678d-tlplx/historyserver,1601150976,1704353792,2287718400,245192200
1786039332994311087,historyserver-demo-7768d9678d-tlplx/historyserver,1601150976,1704353792,2287718400,247820186
1786039334047359713,historyserver-demo-7768d9678d-tlplx/historyserver,1578606592,1681809408,2287718400,248951672
1786039335095224838,historyserver-demo-7768d9678d-tlplx/historyserver,1578606592,1681813504,2287718400,249998906
1786039336138155255,historyserver-demo-7768d9678d-tlplx/historyserver,1578606592,1681809408,2287718400,251060181
1786039337192347964,historyserver-demo-7768d9678d-tlplx/historyserver,1578606592,1681809408,2287718400,252110117
1786039338237114465,historyserver-demo-7768d9678d-tlplx/historyserver,1578606592,1681809408,2287718400,253164033
1786039339285326298,historyserver-demo-7768d9678d-tlplx/historyserver,1591775232,1695002624,2287718400,254215195
1786039340329467257,historyserver-demo-7768d9678d-tlplx/historyserver,1617735680,1721044992,2287718400,255267034
1786039341375484383,historyserver-demo-7768d9678d-tlplx/historyserver,1646317568,1749614592,2287718400,256320333
1786039342422577092,historyserver-demo-7768d9678d-tlplx/historyserver,1581830144,1685344256,2287718400,258601592
1786039343465508467,historyserver-demo-7768d9678d-tlplx/historyserver,1587433472,1690636288,2287718400,260562682
1786039344509355009,historyserver-demo-7768d9678d-tlplx/historyserver,1587433472,1690636288,2287718400,261612197
1786039345551370885,historyserver-demo-7768d9678d-tlplx/historyserver,1587433472,1690636288,2287718400,262662194
1786039346595401760,historyserver-demo-7768d9678d-tlplx/historyserver,1587449856,1690648576,2287718400,263711281
1786039347640245261,historyserver-demo-7768d9678d-tlplx/historyserver,1587449856,1690648576,2287718400,264762865
1786039348685907428,historyserver-demo-7768d9678d-tlplx/historyserver,1587449856,1690648576,2287718400,265818053
1786039349733456428,historyserver-demo-7768d9678d-tlplx/historyserver,1590775808,1693974528,2287718400,266867001
1786039350777602012,historyserver-demo-7768d9678d-tlplx/historyserver,1712447488,1816604672,2287718400,267871082
1786039351824450263,historyserver-demo-7768d9678d-tlplx/historyserver,2000498688,2103984128,2287718400,271347745
1786039352868360763,historyserver-demo-7768d9678d-tlplx/historyserver,1964523520,2067775488,2287718400,272533943
1786039353914516180,historyserver-demo-7768d9678d-tlplx/historyserver,1964523520,2067775488,2287718400,273584811
1786039354959715917,historyserver-demo-7768d9678d-tlplx/historyserver,1964523520,2067775488,2287718400,274635018
1786039356005055834,historyserver-demo-7768d9678d-tlplx/historyserver,1964523520,2067775488,2287718400,275687055
1786039357049889876,historyserver-demo-7768d9678d-tlplx/historyserver,1964523520,2067775488,2287718400,276739293
1786039358095247376,historyserver-demo-7768d9678d-tlplx/historyserver,1964523520,2067775488,2287718400,277789801
1786039359140922002,historyserver-demo-7768d9678d-tlplx/historyserver,1964523520,2067779584,2287718400,278839370
1786039360185312169,historyserver-demo-7768d9678d-tlplx/historyserver,1964523520,2068045824,2287718400,280959019
1786039361239277295,historyserver-demo-7768d9678d-tlplx/historyserver,1964523520,2067775488,2287718400,283098817
1786039362282645128,historyserver-demo-7768d9678d-tlplx/historyserver,1964523520,2067775488,2287718400,284148622
1786039363327312837,historyserver-demo-7768d9678d-tlplx/historyserver,1964523520,2067775488,2287718400,285199033
1786039364373257004,historyserver-demo-7768d9678d-tlplx/historyserver,1970999296,2074697728,2287718400,286251584
1786039365420346922,historyserver-demo-7768d9678d-tlplx/historyserver,2002173952,2105425920,2287718400,287307199
1786039366469418755,historyserver-demo-7768d9678d-tlplx/historyserver,2002354176,2105606144,2287718400,288368004
1786039367524666006,historyserver-demo-7768d9678d-tlplx/historyserver,2002354176,2105606144,2287718400,289419698
1786039368570352256,historyserver-demo-7768d9678d-tlplx/historyserver,2002354176,2105610240,2287718400,290476751
1786039369622333757,historyserver-demo-7768d9678d-tlplx/historyserver,2002354176,2105606144,2287718400,291529596
1786039370668321966,historyserver-demo-7768d9678d-tlplx/historyserver,2002354176,2105606144,2287718400,292577271
1786039371711291508,historyserver-demo-7768d9678d-tlplx/historyserver,2002354176,2105606144,2287718400,293625498
1786039372754294508,historyserver-demo-7768d9678d-tlplx/historyserver,2002354176,2105606144,2287718400,294674812
1786039373798338092,historyserver-demo-7768d9678d-tlplx/historyserver,2002354176,2105606144,2287718400,297614450
1786039374843497551,historyserver-demo-7768d9678d-tlplx/historyserver,2002354176,2105606144,2287718400,299597989
1786039375885438426,historyserver-demo-7768d9678d-tlplx/historyserver,2002354176,2105606144,2287718400,300645897
1786039376926293844,historyserver-demo-7768d9678d-tlplx/historyserver,2002354176,2105606144,2287718400,301689398
1786039377964374886,historyserver-demo-7768d9678d-tlplx/historyserver,2002354176,2105606144,2287718400,302738184
1786039379006357970,historyserver-demo-7768d9678d-tlplx/historyserver,2002354176,2105606144,2287718400,303777394
1786039380040282803,historyserver-demo-7768d9678d-tlplx/historyserver,2002354176,2105606144,2287718400,304819224
1786039381075252096,historyserver-demo-7768d9678d-tlplx/historyserver,2002354176,2105602048,2287718400,305859934
1786039382110569846,historyserver-demo-7768d9678d-tlplx/historyserver,2002354176,2105602048,2287718400,306902571
1786039383148307180,historyserver-demo-7768d9678d-tlplx/historyserver,2002354176,2105606144,2287718400,307946846
1786039384186321305,historyserver-demo-7768d9678d-tlplx/historyserver,2002354176,2105597952,2287718400,307993890
1786039385224587625,historyserver-demo-7768d9678d-tlplx/historyserver,2082738176,2182406144,2287718400,309300748
1786039386263616667,historyserver-demo-7768d9678d-tlplx/historyserver,2082742272,2182668288,2287718400,310346526
1786039387302654501,historyserver-demo-7768d9678d-tlplx/historyserver,2082766848,2182692864,2287718400,311393472
1786039388343517710,historyserver-demo-7768d9678d-tlplx/historyserver,2082787328,2182455296,2287718400,312439107
1786039389383628502,historyserver-demo-7768d9678d-tlplx/historyserver,1767702528,1867386880,2287718400,313940697
1786039390426842252,historyserver-demo-7768d9678d-tlplx/historyserver,1185849344,1281355776,2287718400,315038439
1786039391468626711,historyserver-demo-7768d9678d-tlplx/historyserver,924364800,959488000,2287718400,316114537
1786039392514663795,historyserver-demo-7768d9678d-tlplx/historyserver,924364800,959488000,2287718400,317164174
1786039393558591046,historyserver-demo-7768d9678d-tlplx/historyserver,924364800,959492096,2287718400,318213005
1786039394601550713,historyserver-demo-7768d9678d-tlplx/historyserver,964055040,999178240,2287718400,320257259
1786039395645593172,historyserver-demo-7768d9678d-tlplx/historyserver,988704768,1024229376,2287718400,321306696
1786039396690611047,historyserver-demo-7768d9678d-tlplx/historyserver,1036029952,1071595520,2287718400,322356430
1786039397735500839,historyserver-demo-7768d9678d-tlplx/historyserver,1082339328,1117667328,2287718400,323419856
1786039398790663840,historyserver-demo-7768d9678d-tlplx/historyserver,1122832384,1158172672,2287718400,324474299
1786039399837808174,historyserver-demo-7768d9678d-tlplx/historyserver,1169027072,1204289536,2287718400,325524057
1786039400882665632,historyserver-demo-7768d9678d-tlplx/historyserver,1214427136,1249611776,2287718400,326572698
1786039401924569383,historyserver-demo-7768d9678d-tlplx/historyserver,1259048960,1294540800,2287718400,327620317
1786039402967547758,historyserver-demo-7768d9678d-tlplx/historyserver,1305575424,1341235200,2287718400,328669101
1786039404010664217,historyserver-demo-7768d9678d-tlplx/historyserver,1349636096,1385402368,2287718400,329723632
1786039405058580301,historyserver-demo-7768d9678d-tlplx/historyserver,1393344512,1429286912,2287718400,330774974
1786039406103669177,historyserver-demo-7768d9678d-tlplx/historyserver,1437429760,1473523712,2287718400,331829253
1786039407151559177,historyserver-demo-7768d9678d-tlplx/historyserver,1454673920,1489911808,2287718400,334565187
1786039408198607303,historyserver-demo-7768d9678d-tlplx/historyserver,1454972928,1490358272,2287718400,335613033
1786039409242562845,historyserver-demo-7768d9678d-tlplx/historyserver,1455161344,1490542592,2287718400,336666084
1786039410287806220,historyserver-demo-7768d9678d-tlplx/historyserver,1457766400,1492971520,2287718400,337712373
1786039411328937179,historyserver-demo-7768d9678d-tlplx/historyserver,1458143232,1493442560,2287718400,338758282
1786039412368514388,historyserver-demo-7768d9678d-tlplx/historyserver,1458143232,1493270528,2287718400,339803932
1786039413410777305,historyserver-demo-7768d9678d-tlplx/historyserver,1458147328,1493270528,2287718400,340855306
1786039414451048333,historyserver-demo-7768d9678d-tlplx/historyserver,1479774208,1513308160,2287718400,342883752
1786039415489470333,historyserver-demo-7768d9678d-tlplx/historyserver,1305714688,1339248640,2287718400,343977377
1786039416524038876,historyserver-demo-7768d9678d-tlplx/historyserver,1058570240,1220472832,2287718400,345047672
1786039417557038959,historyserver-demo-7768d9678d-tlplx/historyserver,1058570240,1220472832,2287718400,346085806
1786039418589452793,historyserver-demo-7768d9678d-tlplx/historyserver,1058570240,1220472832,2287718400,347124840
1786039419621215252,historyserver-demo-7768d9678d-tlplx/historyserver,1058574336,1220476928,2287718400,349147679
1786039420651390961,historyserver-demo-7768d9678d-tlplx/historyserver,1058574336,1220481024,2287718400,350184075
1786039421682093378,historyserver-demo-7768d9678d-tlplx/historyserver,1087053824,1249124352,2287718400,351224753
1786039422716128962,historyserver-demo-7768d9678d-tlplx/historyserver,1148211200,1310433280,2287718400,352263547
1786039423748885171,historyserver-demo-7768d9678d-tlplx/historyserver,1208897536,1370996736,2287718400,353299200
1786039424780894005,historyserver-demo-7768d9678d-tlplx/historyserver,1241346048,1404473344,2287718400,354844631
1786039425817751755,historyserver-demo-7768d9678d-tlplx/historyserver,1248014336,1409916928,2287718400,356984881
1786039426849879006,historyserver-demo-7768d9678d-tlplx/historyserver,1250754560,1413144576,2287718400,358023810
1786039427881848423,historyserver-demo-7768d9678d-tlplx/historyserver,1272999936,1435455488,2287718400,359063082
1786039428914787465,historyserver-demo-7768d9678d-tlplx/historyserver,1298669568,1461354496,2287718400,360103156
1786039429947719965,historyserver-demo-7768d9678d-tlplx/historyserver,1324982272,1487462400,2287718400,361141349
1786039430979909716,historyserver-demo-7768d9678d-tlplx/historyserver,1355341824,1517776896,2287718400,362181197
1786039432013757633,historyserver-demo-7768d9678d-tlplx/historyserver,1392390144,1555025920,2287718400,363218387
1786039433045003550,historyserver-demo-7768d9678d-tlplx/historyserver,1434984448,1597612032,2287718400,364258784
1786039434078808051,historyserver-demo-7768d9678d-tlplx/historyserver,1480388608,1643012096,2287718400,365295970
1786039435109930426,historyserver-demo-7768d9678d-tlplx/historyserver,1523236864,1685667840,2287718400,366337066
1786039436144846885,historyserver-demo-7768d9678d-tlplx/historyserver,1465208832,1627275264,2287718400,369269964
1786039437180151052,historyserver-demo-7768d9678d-tlplx/historyserver,1465208832,1627111424,2287718400,370320543
1786039438223845803,historyserver-demo-7768d9678d-tlplx/historyserver,1465212928,1627115520,2287718400,371363659
1786039439261388428,historyserver-demo-7768d9678d-tlplx/historyserver,1549377536,1708781568,2287718400,372362372
1786039440307771220,historyserver-demo-7768d9678d-tlplx/historyserver,1496666112,1658568704,2287718400,374550250
1786039441343752721,historyserver-demo-7768d9678d-tlplx/historyserver,1437675520,1599578112,2287718400,375612086
1786039442377805263,historyserver-demo-7768d9678d-tlplx/historyserver,1437675520,1599578112,2287718400,376653420
1786039443413029097,historyserver-demo-7768d9678d-tlplx/historyserver,1437675520,1599578112,2287718400,377698835
1786039444452036125,historyserver-demo-7768d9678d-tlplx/historyserver,1437675520,1599578112,2287718400,378739271
1786039445485989000,historyserver-demo-7768d9678d-tlplx/historyserver,1437679616,1599586304,2287718400,381118405
1786039446521979751,historyserver-demo-7768d9678d-tlplx/historyserver,1437679616,1599840256,2287718400,382167017
1786039447558047001,historyserver-demo-7768d9678d-tlplx/historyserver,1437679616,1599582208,2287718400,383208988
1786039448593134710,historyserver-demo-7768d9678d-tlplx/historyserver,1437679616,1599582208,2287718400,384248724
1786039449628821710,historyserver-demo-7768d9678d-tlplx/historyserver,1437679616,1599582208,2287718400,385306351
1786039450680326086,historyserver-demo-7768d9678d-tlplx/historyserver,1437679616,1599578112,2287718400,386364731
1786039451729243836,historyserver-demo-7768d9678d-tlplx/historyserver,1437679616,1599582208,2287718400,387415367
1786039452774371962,historyserver-demo-7768d9678d-tlplx/historyserver,1437679616,1599582208,2287718400,388468438
1786039453822420837,historyserver-demo-7768d9678d-tlplx/historyserver,1437679616,1599582208,2287718400,389520535
1786039454867146505,historyserver-demo-7768d9678d-tlplx/historyserver,1437679616,1599582208,2287718400,390580438
1786039455914983130,historyserver-demo-7768d9678d-tlplx/historyserver,1444282368,1606262784,2287718400,391634298
1786039456963432714,historyserver-demo-7768d9678d-tlplx/historyserver,1454059520,1615962112,2287718400,394587211
1786039458010261548,historyserver-demo-7768d9678d-tlplx/historyserver,1625276416,1787445248,2287718400,396897164
1786039459051089507,historyserver-demo-7768d9678d-tlplx/historyserver,1462435840,1650233344,2287718400,398037423
1786039460094075340,historyserver-demo-7768d9678d-tlplx/historyserver,1462435840,1650233344,2287718400,399086229
1786039461137933174,historyserver-demo-7768d9678d-tlplx/historyserver,1462435840,1650233344,2287718400,400134002
1786039462179982050,historyserver-demo-7768d9678d-tlplx/historyserver,1462435840,1650233344,2287718400,401181313
1786039463222057425,historyserver-demo-7768d9678d-tlplx/historyserver,1462435840,1650233344,2287718400,402230020
1786039464265013301,historyserver-demo-7768d9678d-tlplx/historyserver,1463238656,1651277824,2287718400,403276361
1786039465307064676,historyserver-demo-7768d9678d-tlplx/historyserver,1499152384,1687171072,2287718400,404322952
1786039466347039135,historyserver-demo-7768d9678d-tlplx/historyserver,1542377472,1730310144,2287718400,405367729
1786039467386003969,historyserver-demo-7768d9678d-tlplx/historyserver,1586991104,1775034368,2287718400,406413376
1786039468426055261,historyserver-demo-7768d9678d-tlplx/historyserver,1608695808,1796665344,2287718400,409436610
1786039469466014720,historyserver-demo-7768d9678d-tlplx/historyserver,1608732672,1796530176,2287718400,410483508
1786039470506649512,historyserver-demo-7768d9678d-tlplx/historyserver,1608732672,1796792320,2287718400,411529376
1786039471548440013,historyserver-demo-7768d9678d-tlplx/historyserver,1619968000,1807986688,2287718400,412577209
1786039472590685138,historyserver-demo-7768d9678d-tlplx/historyserver,1639079936,1827098624,2287718400,413625801
1786039473633185722,historyserver-demo-7768d9678d-tlplx/historyserver,1665409024,1853272064,2287718400,414671515
1786039474675567875,historyserver-demo-7768d9678d-tlplx/historyserver,1692213248,1880072192,2287718400,415721197
1786039475718289959,historyserver-demo-7768d9678d-tlplx/historyserver,1706967040,1894760448,2287718400,416767871
1786039476760228626,historyserver-demo-7768d9678d-tlplx/historyserver,1707081728,1894875136,2287718400,417817701
1786039477803103001,historyserver-demo-7768d9678d-tlplx/historyserver,1715462144,1903255552,2287718400,418864436
1786039478845298210,historyserver-demo-7768d9678d-tlplx/historyserver,1715462144,1903255552,2287718400,419913774
1786039479888401461,historyserver-demo-7768d9678d-tlplx/historyserver,1715462144,1903255552,2287718400,420962440
1786039480931147961,historyserver-demo-7768d9678d-tlplx/historyserver,1715462144,1903255552,2287718400,422009949
1786039481974294753,historyserver-demo-7768d9678d-tlplx/historyserver,1785061376,1978318848,2287718400,423844016
1786039483017555504,historyserver-demo-7768d9678d-tlplx/historyserver,2165411840,2353426432,2353954816,426421494
1786039484064180004,historyserver-demo-7768d9678d-tlplx/historyserver,2165760000,2353774592,2355875840,427470014
1786039485107199380,historyserver-demo-7768d9678d-tlplx/historyserver,2165760000,2353774592,2355875840,428515297
1786039486148325547,historyserver-demo-7768d9678d-tlplx/historyserver,2165760000,2353774592,2355875840,429564424
1786039487191571672,historyserver-demo-7768d9678d-tlplx/historyserver,2165760000,2353774592,2355875840,430613071
1786039488235112131,historyserver-demo-7768d9678d-tlplx/historyserver,2165907456,2353922048,2355875840,431663050
1786039489278020382,historyserver-demo-7768d9678d-tlplx/historyserver,2165907456,2353922048,2355875840,432711188
1786039490321277049,historyserver-demo-7768d9678d-tlplx/historyserver,2165907456,2353922048,2355875840,433761833
1786039491366147674,historyserver-demo-7768d9678d-tlplx/historyserver,2165907456,2353922048,2355875840,434812612
1786039492411075175,historyserver-demo-7768d9678d-tlplx/historyserver,2165907456,2353922048,2355875840,435861194
1786039493453097342,historyserver-demo-7768d9678d-tlplx/historyserver,2165907456,2353934336,2355875840,439199027
1786039494497040342,historyserver-demo-7768d9678d-tlplx/historyserver,2165907456,2353922048,2356285440,440361057
1786039495541169843,historyserver-demo-7768d9678d-tlplx/historyserver,2165907456,2353922048,2356285440,441408586
1786039496583200760,historyserver-demo-7768d9678d-tlplx/historyserver,2165907456,2353926144,2356285440,442457497
1786039497627053969,historyserver-demo-7768d9678d-tlplx/historyserver,2165923840,2353938432,2356285440,443506077
1786039498669196678,historyserver-demo-7768d9678d-tlplx/historyserver,2166099968,2354114560,2356285440,444554734
1786039499713159220,historyserver-demo-7768d9678d-tlplx/historyserver,2166104064,2354118656,2356285440,445604600
1786039500757214679,historyserver-demo-7768d9678d-tlplx/historyserver,2166104064,2354118656,2356285440,446655247
1786039501802111554,historyserver-demo-7768d9678d-tlplx/historyserver,2166104064,2354118656,2356285440,447707505
1786039502847175346,historyserver-demo-7768d9678d-tlplx/historyserver,2166104064,2354118656,2356285440,448756717
1786039503890167722,historyserver-demo-7768d9678d-tlplx/historyserver,2166104064,2354118656,2356285440,449805758
1786039504933418125,historyserver-demo-7768d9678d-tlplx/historyserver,2168963072,2356977664,2357297152,450854241
1786039505976489375,historyserver-demo-7768d9678d-tlplx/historyserver,2172264448,2360279040,2361008128,451904874
1786039507021444042,historyserver-demo-7768d9678d-tlplx/historyserver,2180055040,2368143360,2368143360,452953726
1786039508063419710,historyserver-demo-7768d9678d-tlplx/historyserver,2186010624,2374025216,2374549504,454002665
1786039509106440377,historyserver-demo-7768d9678d-tlplx/historyserver,2186010624,2374025216,2374549504,455049353
1786039510147439086,historyserver-demo-7768d9678d-tlplx/historyserver,2186010624,2374025216,2374553600,456098213
1786039511190643128,historyserver-demo-7768d9678d-tlplx/historyserver,2217394176,2405453824,2405453824,457148528
1786039512234546295,historyserver-demo-7768d9678d-tlplx/historyserver,2245595136,2433982464,2433982464,461069607
1786039513279470837,historyserver-demo-7768d9678d-tlplx/historyserver,2238009344,2426019840,2435309568,462437942
1786039514322543004,historyserver-demo-7768d9678d-tlplx/historyserver,2238009344,2426019840,2435309568,463487355
1786039515366436588,historyserver-demo-7768d9678d-tlplx/historyserver,2238009344,2426019840,2435309568,464536709
1786039516410653255,historyserver-demo-7768d9678d-tlplx/historyserver,2238009344,2426019840,2435309568,465263466
1786039517461386464,historyserver-demo-7768d9678d-tlplx/historyserver,2238009344,2426015744,2435309568,465263466
1786039518549427756,historyserver-demo-7768d9678d-tlplx/historyserver,2238009344,2426015744,2435309568,465263466
1786039519592778590,historyserver-demo-7768d9678d-tlplx/historyserver,2238009344,2426015744,2435309568,465263466
1786039520641674966,historyserver-demo-7768d9678d-tlplx/historyserver,2238009344,2426015744,2435309568,465263466
1786039521688487924,historyserver-demo-7768d9678d-tlplx/historyserver,2238009344,2426015744,2435309568,465263466
1786039522734629550,historyserver-demo-7768d9678d-tlplx/historyserver,2238009344,2426015744,2435309568,465263466
1786039523782501092,historyserver-demo-7768d9678d-tlplx/historyserver,2238009344,2426015744,2435309568,465263466
1786039524833429843,historyserver-demo-7768d9678d-tlplx/historyserver,2272129024,2460196864,2460647424,465823909
1786039525878421593,historyserver-demo-7768d9678d-tlplx/historyserver,2272129024,2460196864,2460725248,466872645
1786039526922736802,historyserver-demo-7768d9678d-tlplx/historyserver,2179657728,2367725568,2460725248,468392163
1786039527967428719,historyserver-demo-7768d9678d-tlplx/historyserver,2022092800,2210160640,2460725248,469469128
1786039529014475470,historyserver-demo-7768d9678d-tlplx/historyserver,2022092800,2210160640,2460725248,470519777
1786039530060571303,historyserver-demo-7768d9678d-tlplx/historyserver,2022105088,2210172928,2460725248,471571622
1786039531105495346,historyserver-demo-7768d9678d-tlplx/historyserver,1558237184,1746534400,2460725248,473245744
1786039532150382513,historyserver-demo-7768d9678d-tlplx/historyserver,1224945664,1413242880,2460725248,474347819
1786039533195435680,historyserver-demo-7768d9678d-tlplx/historyserver,980103168,1168400384,2460725248,475435842
1786039534238994291,historyserver-demo-7768d9678d-tlplx/historyserver,980103168,1168400384,2460725248,476497803
1786039535297547375,historyserver-demo-7768d9678d-tlplx/historyserver,980103168,1168662528,2460725248,477548591
1786039536343404917,historyserver-demo-7768d9678d-tlplx/historyserver,980103168,1168404480,2460725248,478599301
1786039537388498834,historyserver-demo-7768d9678d-tlplx/historyserver,980103168,1168400384,2460725248,480878256
1786039538433536793,historyserver-demo-7768d9678d-tlplx/historyserver,980103168,1168400384,2460725248,481943197
1786039539492722002,historyserver-demo-7768d9678d-tlplx/historyserver,980103168,1168400384,2460725248,482996516
1786039540539535586,historyserver-demo-7768d9678d-tlplx/historyserver,990208000,1178886144,2460725248,484049340
1786039541586401086,historyserver-demo-7768d9678d-tlplx/historyserver,1034481664,1223073792,2460725248,485102750
1786039542635430504,historyserver-demo-7768d9678d-tlplx/historyserver,1078018048,1266438144,2460725248,486153745
1786039543679327337,historyserver-demo-7768d9678d-tlplx/historyserver,1121230848,1309618176,2460725248,487206824
1786039544726397588,historyserver-demo-7768d9678d-tlplx/historyserver,1166495744,1355087872,2460725248,488259657
1786039545773459255,historyserver-demo-7768d9678d-tlplx/historyserver,1209122816,1397530624,2460725248,489310805
1786039546818536047,historyserver-demo-7768d9678d-tlplx/historyserver,1252229120,1440763904,2460725248,490362001
1786039547865531173,historyserver-demo-7768d9678d-tlplx/historyserver,1294241792,1482743808,2460725248,491411855
1786039548908386590,historyserver-demo-7768d9678d-tlplx/historyserver,1337245696,1525661696,2460725248,492458807
1786039549949366382,historyserver-demo-7768d9678d-tlplx/historyserver,1380188160,1568653312,2460725248,493505189
1786039550990407174,historyserver-demo-7768d9678d-tlplx/historyserver,1427243008,1615601664,2460725248,494553131
1786039552032437050,historyserver-demo-7768d9678d-tlplx/historyserver,1446387712,1634787328,2460725248,497411256
1786039553073460592,historyserver-demo-7768d9678d-tlplx/historyserver,1446387712,1634689024,2460725248,498458304
1786039554114463509,historyserver-demo-7768d9678d-tlplx/historyserver,1446387712,1634684928,2460725248,499504092
1786039555154534759,historyserver-demo-7768d9678d-tlplx/historyserver,1465544704,1654042624,2460725248,500542790
1786039556195696510,historyserver-demo-7768d9678d-tlplx/historyserver,1746071552,1937596416,2460725248,502175662
1786039557235830885,historyserver-demo-7768d9678d-tlplx/historyserver,1560858624,1755062272,2460725248,503273463
1786039558275605886,historyserver-demo-7768d9678d-tlplx/historyserver,1507086336,1698611200,2460725248,504339177
1786039559318436678,historyserver-demo-7768d9678d-tlplx/historyserver,1507086336,1698611200,2460725248,505386909
1786039560358348470,historyserver-demo-7768d9678d-tlplx/historyserver,1507086336,1698615296,2460725248,506430086
1786039561396407804,historyserver-demo-7768d9678d-tlplx/historyserver,1500688384,1692213248,2460725248,508545307
1786039562434759596,historyserver-demo-7768d9678d-tlplx/historyserver,1501478912,1693274112,2460725248,509588198
1786039563472695805,historyserver-demo-7768d9678d-tlplx/historyserver,1501601792,1693143040,2460725248,510634230
1786039564513768250,historyserver-demo-7768d9678d-tlplx/historyserver,1502687232,1694441472,2460725248,511675105
1786039565550459208,historyserver-demo-7768d9678d-tlplx/historyserver,1502769152,1694298112,2460725248,512716729
1786039566584055542,historyserver-demo-7768d9678d-tlplx/historyserver,1502769152,1694294016,2460725248,513757359
1786039567619228543,historyserver-demo-7768d9678d-tlplx/historyserver,1502769152,1694294016,2460725248,514797140
1786039568653523418,historyserver-demo-7768d9678d-tlplx/historyserver,1517056000,1708564480,2460725248,515836878
1786039569689973335,historyserver-demo-7768d9678d-tlplx/historyserver,1546530816,1738153984,2460725248,516878018
1786039570722005294,historyserver-demo-7768d9678d-tlplx/historyserver,1504518144,1696305152,2460725248,519291042
1786039571756116253,historyserver-demo-7768d9678d-tlplx/historyserver,1506775040,1698299904,2460725248,520738528
1786039572789008670,historyserver-demo-7768d9678d-tlplx/historyserver,1506775040,1698299904,2460725248,521780412
1786039573824496587,historyserver-demo-7768d9678d-tlplx/historyserver,1508671488,1700196352,2460725248,522820779
1786039574859155213,historyserver-demo-7768d9678d-tlplx/historyserver,1512140800,1704099840,2460725248,523859994
1786039575892347547,historyserver-demo-7768d9678d-tlplx/historyserver,1513238528,1704853504,2460725248,524899987
1786039576928246256,historyserver-demo-7768d9678d-tlplx/historyserver,1528766464,1720377344,2460725248,525940852
1786039577961139006,historyserver-demo-7768d9678d-tlplx/historyserver,1560051712,1751814144,2460725248,526981702
1786039578997029590,historyserver-demo-7768d9678d-tlplx/historyserver,1624834048,1814720512,2460725248,528012354
1786039580035339882,historyserver-demo-7768d9678d-tlplx/historyserver,1462038528,1651671040,2460725248,529885447
1786039581069176674,historyserver-demo-7768d9678d-tlplx/historyserver,1462038528,1651671040,2460725248,530923455
1786039582100073300,historyserver-demo-7768d9678d-tlplx/historyserver,1462038528,1651671040,2460725248,531963364
1786039583136147800,historyserver-demo-7768d9678d-tlplx/historyserver,1462038528,1651671040,2460725248,534296004
1786039584168075842,historyserver-demo-7768d9678d-tlplx/historyserver,1462038528,1651671040,2460725248,535334902
1786039585201160009,historyserver-demo-7768d9678d-tlplx/historyserver,1462308864,1651941376,2460725248,536374503
1786039586234120635,historyserver-demo-7768d9678d-tlplx/historyserver,1462308864,1651941376,2460725248,537414366
1786039587268077969,historyserver-demo-7768d9678d-tlplx/historyserver,1462308864,1651941376,2460725248,538454218
1786039588302392886,historyserver-demo-7768d9678d-tlplx/historyserver,1462308864,1652203520,2460725248,539493060
1786039589335381720,historyserver-demo-7768d9678d-tlplx/historyserver,1462308864,1651941376,2460725248,540531811
1786039590370575429,historyserver-demo-7768d9678d-tlplx/historyserver,1462308864,1651941376,2460725248,541574735
1786039591405319512,historyserver-demo-7768d9678d-tlplx/historyserver,1462308864,1651945472,2460725248,543331940
1786039592439150763,historyserver-demo-7768d9678d-tlplx/historyserver,1458114560,1647747072,2460725248,545431596
1786039593472121597,historyserver-demo-7768d9678d-tlplx/historyserver,1458114560,1647742976,2460725248,546471279
1786039594506658791,historyserver-demo-7768d9678d-tlplx/historyserver,1458114560,1647747072,2460725248,547512851
1786039595539486125,historyserver-demo-7768d9678d-tlplx/historyserver,1458114560,1647747072,2460725248,548552648
1786039596573307459,historyserver-demo-7768d9678d-tlplx/historyserver,1532137472,1721769984,2460725248,550582499
1786039597606674293,historyserver-demo-7768d9678d-tlplx/historyserver,1422716928,1609056256,2460725248,551647157
1786039598639293793,historyserver-demo-7768d9678d-tlplx/historyserver,1422716928,1609056256,2460725248,552687325
1786039599673324585,historyserver-demo-7768d9678d-tlplx/historyserver,1422716928,1609056256,2460725248,553729123
1786039600708253753,historyserver-demo-7768d9678d-tlplx/historyserver,1423335424,1609842688,2460725248,554768317
1786039601742102503,historyserver-demo-7768d9678d-tlplx/historyserver,1423474688,1610338304,2460725248,556383242
1786039602776104504,historyserver-demo-7768d9678d-tlplx/historyserver,1423478784,1609818112,2460725248,558630174
1786039603809348921,historyserver-demo-7768d9678d-tlplx/historyserver,1423478784,1609822208,2460725248,559668908
1786039604842180505,historyserver-demo-7768d9678d-tlplx/historyserver,1423478784,1609818112,2460725248,560709031
1786039605876217672,historyserver-demo-7768d9678d-tlplx/historyserver,1463304192,1649983488,2460725248,561746972
1786039606908082006,historyserver-demo-7768d9678d-tlplx/historyserver,1491324928,1678647296,2460725248,562783773
1786039607940119173,historyserver-demo-7768d9678d-tlplx/historyserver,1519521792,1706713088,2460725248,563821641
1786039608974046923,historyserver-demo-7768d9678d-tlplx/historyserver,1550143488,1737138176,2460725248,564864547
1786039610010266299,historyserver-demo-7768d9678d-tlplx/historyserver,1583296512,1770225664,2460725248,565907098
1786039611047060674,historyserver-demo-7768d9678d-tlplx/historyserver,1617367040,1804337152,2460725248,566949996
1786039612084187216,historyserver-demo-7768d9678d-tlplx/historyserver,1651445760,1838198784,2460725248,567997311
1786039613124128134,historyserver-demo-7768d9678d-tlplx/historyserver,1676177408,1862516736,2460725248,569042187
1786039614163004634,historyserver-demo-7768d9678d-tlplx/historyserver,1684910080,1871486976,2460725248,570087932
1786039615203625426,historyserver-demo-7768d9678d-tlplx/historyserver,1696215040,1883103232,2460725248,572945703
1786039616253238760,historyserver-demo-7768d9678d-tlplx/historyserver,1696215040,1882550272,2460725248,574942905
1786039617295171177,historyserver-demo-7768d9678d-tlplx/historyserver,1696215040,1882550272,2460725248,575990157
1786039618337143386,historyserver-demo-7768d9678d-tlplx/historyserver,1696215040,1882550272,2460725248,577037582
1786039619379066886,historyserver-demo-7768d9678d-tlplx/historyserver,1720659968,1907195904,2460725248,578075535
1786039620427137887,historyserver-demo-7768d9678d-tlplx/historyserver,1901735936,2088071168,2460725248,580256078
1786039621471100137,historyserver-demo-7768d9678d-tlplx/historyserver,1791676416,1978273792,2460725248,581342679
1786039622515181638,historyserver-demo-7768d9678d-tlplx/historyserver,1791676416,1978011648,2460725248,582392329
1786039623560049013,historyserver-demo-7768d9678d-tlplx/historyserver,1791676416,1978011648,2460725248,583441069
1786039624603282916,historyserver-demo-7768d9678d-tlplx/historyserver,1792319488,1978908672,2460725248,584493689
1786039625649323417,historyserver-demo-7768d9678d-tlplx/historyserver,1793228800,1979822080,2460725248,585543301
1786039626693551917,historyserver-demo-7768d9678d-tlplx/historyserver,1793359872,1979953152,2460725248,587514551
1786039627737310501,historyserver-demo-7768d9678d-tlplx/historyserver,1794428928,1980768256,2460725248,589639752
1786039628781230752,historyserver-demo-7768d9678d-tlplx/historyserver,1794428928,1980764160,2460725248,590695422
1786039629831286169,historyserver-demo-7768d9678d-tlplx/historyserver,1794428928,1980764160,2460725248,591747351
1786039630876351753,historyserver-demo-7768d9678d-tlplx/historyserver,1795817472,1982369792,2460725248,592799316
1786039631923245961,historyserver-demo-7768d9678d-tlplx/historyserver,1849389056,2035867648,2460725248,593850084
1786039632967268170,historyserver-demo-7768d9678d-tlplx/historyserver,1904164864,2090504192,2460725248,594899814
1786039634011269754,historyserver-demo-7768d9678d-tlplx/historyserver,1944604672,2130952192,2460725248,595948379
1786039635054256546,historyserver-demo-7768d9678d-tlplx/historyserver,1968566272,2154901504,2460725248,596998891
1786039636100374505,historyserver-demo-7768d9678d-tlplx/historyserver,1972588544,2158927872,2460725248,598050846
1786039637145366631,historyserver-demo-7768d9678d-tlplx/historyserver,1986039808,2168250368,2460725248,599100806
1786039638189371339,historyserver-demo-7768d9678d-tlplx/historyserver,2011729920,2194149376,2460725248,600150527
1786039639233357715,historyserver-demo-7768d9678d-tlplx/historyserver,2035372032,2218110976,2460725248,601199386
1786039640276305632,historyserver-demo-7768d9678d-tlplx/historyserver,2061504512,2243768320,2460725248,602249311
1786039641321273299,historyserver-demo-7768d9678d-tlplx/historyserver,2080952320,2263781376,2460725248,603831976
1786039642366329216,historyserver-demo-7768d9678d-tlplx/historyserver,2100449280,2282639360,2460725248,607350033
1786039643410213259,historyserver-demo-7768d9678d-tlplx/historyserver,2100457472,2282647552,2460725248,608399524
1786039644455149051,historyserver-demo-7768d9678d-tlplx/historyserver,2100457472,2282647552,2460725248,609449927
1786039645499632843,historyserver-demo-7768d9678d-tlplx/historyserver,2100457472,2282651648,2460725248,610552361
1786039646590552927,historyserver-demo-7768d9678d-tlplx/historyserver,2100457472,2282647552,2460725248,611613786
1786039647644344802,historyserver-demo-7768d9678d-tlplx/historyserver,2100457472,2270765056,2460725248,612695544
1786039648719283970,historyserver-demo-7768d9678d-tlplx/historyserver,2100457472,2270760960,2460725248,613750947
1786039649768271178,historyserver-demo-7768d9678d-tlplx/historyserver,2100457472,2270756864,2460725248,614804905
1786039650815211554,historyserver-demo-7768d9678d-tlplx/historyserver,2100457472,2270756864,2460725248,615858592
1786039651862293846,historyserver-demo-7768d9678d-tlplx/historyserver,2100457472,2270756864,2460725248,616910722
1786039652908275972,historyserver-demo-7768d9678d-tlplx/historyserver,2100457472,2270756864,2460725248,617962577
1786039653956236014,historyserver-demo-7768d9678d-tlplx/historyserver,2108125184,2278420480,2460725248,618819887
1786039655002550542,historyserver-demo-7768d9678d-tlplx/historyserver,2108125184,2278420480,2460725248,618819887
1786039656050866459,historyserver-demo-7768d9678d-tlplx/historyserver,2108125184,2278420480,2460725248,618819887
1786039657097645709,historyserver-demo-7768d9678d-tlplx/historyserver,2108125184,2278420480,2460725248,618819887
1786039658147493460,historyserver-demo-7768d9678d-tlplx/historyserver,2108125184,2266771456,2460725248,618819887
1786039659198530752,historyserver-demo-7768d9678d-tlplx/historyserver,2108125184,2266771456,2460725248,618819887
1786039660255670377,historyserver-demo-7768d9678d-tlplx/historyserver,2108125184,2266771456,2460725248,618819887
1786039661311436378,historyserver-demo-7768d9678d-tlplx/historyserver,2108125184,2266771456,2460725248,618819887
1786039662366879878,historyserver-demo-7768d9678d-tlplx/historyserver,2108125184,2266771456,2460725248,618819887
1786039663432387254,historyserver-demo-7768d9678d-tlplx/historyserver,2108125184,2266771456,2460725248,618819887
1786039664487901713,historyserver-demo-7768d9678d-tlplx/historyserver,2139729920,2298585088,2460725248,619057260
1786039665549450630,historyserver-demo-7768d9678d-tlplx/historyserver,2116468736,2275127296,2460725248,620790981
1786039666602374339,historyserver-demo-7768d9678d-tlplx/historyserver,2076499968,2235162624,2460725248,621853737
1786039667652395839,historyserver-demo-7768d9678d-tlplx/historyserver,2040324096,2184024064,2460725248,623208903
1786039668701464590,historyserver-demo-7768d9678d-tlplx/historyserver,1630937088,1774637056,2460725248,624308672
1786039669747444924,historyserver-demo-7768d9678d-tlplx/historyserver,1202343936,1346043904,2460725248,625411136
1786039670793510382,historyserver-demo-7768d9678d-tlplx/historyserver,862679040,896581632,2460725248,626509158
1786039671841523466,historyserver-demo-7768d9678d-tlplx/historyserver,908419072,942350336,2460725248,628276122
1786039672888369300,historyserver-demo-7768d9678d-tlplx/historyserver,936374272,970321920,2460725248,629326923
1786039673934362801,historyserver-demo-7768d9678d-tlplx/historyserver,1000849408,1034522624,2460725248,630378506
1786039674979477801,historyserver-demo-7768d9678d-tlplx/historyserver,1066278912,1100267520,2460725248,631428905
1786039676024437885,historyserver-demo-7768d9678d-tlplx/historyserver,1133854720,1167716352,2460725248,632480479
1786039677070475927,historyserver-demo-7768d9678d-tlplx/historyserver,1193254912,1226960896,2460725248,633544068
1786039678127456303,historyserver-demo-7768d9678d-tlplx/historyserver,1236934656,1262878720,2460725248,634587755
1786039679172451470,historyserver-demo-7768d9678d-tlplx/historyserver,1277689856,1303605248,2460725248,636366564
1786039680215446804,historyserver-demo-7768d9678d-tlplx/historyserver,1283571712,1309655040,2460725248,638094632
1786039681259416679,historyserver-demo-7768d9678d-tlplx/historyserver,1284034560,1309863936,2460725248,639149313
1786039682307424430,historyserver-demo-7768d9678d-tlplx/historyserver,1296355328,1322319872,2460725248,640199108
1786039683351389097,historyserver-demo-7768d9678d-tlplx/historyserver,1337352192,1363664896,2460725248,641244950
1786039684391527958,historyserver-demo-7768d9678d-tlplx/historyserver,1380696064,1406959616,2460725248,642292103
1786039685433523958,historyserver-demo-7768d9678d-tlplx/historyserver,1421762560,1448235008,2460725248,643336289
1786039686473501459,historyserver-demo-7768d9678d-tlplx/historyserver,1463418880,1490231296,2460725248,644377965
1786039687508541209,historyserver-demo-7768d9678d-tlplx/historyserver,1503948800,1530703872,2460725248,645418090
1786039688542554043,historyserver-demo-7768d9678d-tlplx/historyserver,1546899456,1570738176,2460725248,646450636
1786039689577529919,historyserver-demo-7768d9678d-tlplx/historyserver,1589227520,1613049856,2460725248,647488117
1786039690608766086,historyserver-demo-7768d9678d-tlplx/historyserver,1634091008,1658732544,2460725248,648526883
1786039691642255211,historyserver-demo-7768d9678d-tlplx/historyserver,1675685888,1700012032,2460725248,649828676
1786039692679901254,historyserver-demo-7768d9678d-tlplx/historyserver,1607327744,1631141888,2460725248,652465877
1786039693717688087,historyserver-demo-7768d9678d-tlplx/historyserver,1607778304,1631514624,2460725248,653514948
1786039694761056755,historyserver-demo-7768d9678d-tlplx/historyserver,1921736704,1945473024,2460725248,654519685
1786039695802672838,historyserver-demo-7768d9678d-tlplx/historyserver,1720115200,1743851520,2460725248,656234054
1786039696847537506,historyserver-demo-7768d9678d-tlplx/historyserver,1631121408,1654857728,2460725248,657312603
1786039697892662089,historyserver-demo-7768d9678d-tlplx/historyserver,1631121408,1654857728,2460725248,658360997
1786039698936903465,historyserver-demo-7768d9678d-tlplx/historyserver,1631121408,1652768768,2460725248,659412926
1786039699982085465,historyserver-demo-7768d9678d-tlplx/historyserver,1475989504,1497636864,2460725248,661434059
1786039701028826674,historyserver-demo-7768d9678d-tlplx/historyserver,1446686720,1468334080,2460725248,662487809
1786039702074680675,historyserver-demo-7768d9678d-tlplx/historyserver,1446686720,1468334080,2460725248,663540708
1786039703121545383,historyserver-demo-7768d9678d-tlplx/historyserver,1446686720,1468334080,2460725248,664594366
1786039704168623926,historyserver-demo-7768d9678d-tlplx/historyserver,1446686720,1468334080,2460725248,665645107
1786039705214587593,historyserver-demo-7768d9678d-tlplx/historyserver,1446686720,1468334080,2460725248,666696585
1786039706259608552,historyserver-demo-7768d9678d-tlplx/historyserver,1446686720,1468334080,2460725248,667747298
1786039707304547677,historyserver-demo-7768d9678d-tlplx/historyserver,1446686720,1468862464,2460725248,668812595
1786039708350664844,historyserver-demo-7768d9678d-tlplx/historyserver,1446686720,1468334080,2460725248,671471498
1786039709394570928,historyserver-demo-7768d9678d-tlplx/historyserver,1446686720,1468334080,2460725248,672520873
1786039710437541095,historyserver-demo-7768d9678d-tlplx/historyserver,1446686720,1468334080,2460725248,673569654
1786039711480677221,historyserver-demo-7768d9678d-tlplx/historyserver,1446686720,1468338176,2460725248,674615876
1786039712521667805,historyserver-demo-7768d9678d-tlplx/historyserver,1446809600,1468456960,2460725248,675659545
1786039713560518847,historyserver-demo-7768d9678d-tlplx/historyserver,1446813696,1468723200,2460725248,676704177
1786039714598885708,historyserver-demo-7768d9678d-tlplx/historyserver,1446813696,1468551168,2460725248,677746833
1786039715635918458,historyserver-demo-7768d9678d-tlplx/historyserver,1472933888,1495007232,2460725248,678788468
1786039716671817709,historyserver-demo-7768d9678d-tlplx/historyserver,1508667392,1530753024,2460725248,679831150
1786039717708898584,historyserver-demo-7768d9678d-tlplx/historyserver,1548210176,1570447360,2460725248,680872984
1786039718745928127,historyserver-demo-7768d9678d-tlplx/historyserver,1589260288,1611415552,2460725248,681915622
1786039719781849419,historyserver-demo-7768d9678d-tlplx/historyserver,1623375872,1645559808,2460725248,683104638
1786039720823920336,historyserver-demo-7768d9678d-tlplx/historyserver,1575038976,1596686336,2460725248,685604490
1786039721863875836,historyserver-demo-7768d9678d-tlplx/historyserver,1561800704,1583448064,2460725248,686659024
1786039722906863962,historyserver-demo-7768d9678d-tlplx/historyserver,1561800704,1583448064,2460725248,687703935
1786039723944893837,historyserver-demo-7768d9678d-tlplx/historyserver,1561800704,1583448064,2460725248,688748472
1786039724983859755,historyserver-demo-7768d9678d-tlplx/historyserver,1447370752,1469521920,2460725248,691112048
1786039726024887505,historyserver-demo-7768d9678d-tlplx/historyserver,1413095424,1434996736,2460725248,692170992
1786039727066888381,historyserver-demo-7768d9678d-tlplx/historyserver,1413808128,1435701248,2460725248,693220649
1786039728111279589,historyserver-demo-7768d9678d-tlplx/historyserver,1414676480,1436598272,2460725248,694268460
1786039729153854882,historyserver-demo-7768d9678d-tlplx/historyserver,1414676480,1436319744,2460725248,695316923
1786039730195919757,historyserver-demo-7768d9678d-tlplx/historyserver,1414676480,1436323840,2460725248,696362701
1786039731237850841,historyserver-demo-7768d9678d-tlplx/historyserver,1414676480,1436323840,2460725248,697408397
1786039732278985550,historyserver-demo-7768d9678d-tlplx/historyserver,1412382720,1434030080,2460725248,700263680
1786039733320778134,historyserver-demo-7768d9678d-tlplx/historyserver,1412382720,1434030080,2460725248,701309304
1786039734361875051,historyserver-demo-7768d9678d-tlplx/historyserver,1412386816,1434034176,2460725248,702359210
1786039735401825176,historyserver-demo-7768d9678d-tlplx/historyserver,1412386816,1434034176,2460725248,703404882
1786039736441915093,historyserver-demo-7768d9678d-tlplx/historyserver,1412386816,1434034176,2460725248,704449641
1786039737481768344,historyserver-demo-7768d9678d-tlplx/historyserver,1412386816,1434034176,2460725248,705493203
1786039738520033844,historyserver-demo-7768d9678d-tlplx/historyserver,1558765568,1580412928,2460725248,707536261
1786039739557279303,historyserver-demo-7768d9678d-tlplx/historyserver,1461420032,1496993792,2460725248,708603774
1786039740595034179,historyserver-demo-7768d9678d-tlplx/historyserver,1386323968,1450311680,2460725248,710974353
1786039741632679721,historyserver-demo-7768d9678d-tlplx/historyserver,1381670912,1450307584,2460725248,712018179
1786039742668912805,historyserver-demo-7768d9678d-tlplx/historyserver,1381670912,1450307584,2460725248,713061001
1786039743705523014,historyserver-demo-7768d9678d-tlplx/historyserver,1382293504,1450934272,2460725248,714099613
1786039744739292458,historyserver-demo-7768d9678d-tlplx/historyserver,1382416384,1451290624,2460725248,715137074
1786039745770516209,historyserver-demo-7768d9678d-tlplx/historyserver,1383301120,1452199936,2460725248,716173356
1786039746800151209,historyserver-demo-7768d9678d-tlplx/historyserver,1384386560,1453273088,2460725248,717210013
1786039747831114043,historyserver-demo-7768d9678d-tlplx/historyserver,1395998720,1468039168,2460725248,720277579
1786039748863928710,historyserver-demo-7768d9678d-tlplx/historyserver,1396867072,1468395520,2460725248,721352061
1786039749896985044,historyserver-demo-7768d9678d-tlplx/historyserver,1419898880,1491832832,2460725248,722384668
1786039750928060294,historyserver-demo-7768d9678d-tlplx/historyserver,1440583680,1512775680,2460725248,723422371
1786039751961037087,historyserver-demo-7768d9678d-tlplx/historyserver,1446981632,1518505984,2460725248,724461001
1786039752994035754,historyserver-demo-7768d9678d-tlplx/historyserver,1466626048,1538543616,2460725248,725500214
1786039754027101379,historyserver-demo-7768d9678d-tlplx/historyserver,1496330240,1568374784,2460725248,726539946
1786039755061034671,historyserver-demo-7768d9678d-tlplx/historyserver,1527037952,1599184896,2460725248,727581158
1786039756096026463,historyserver-demo-7768d9678d-tlplx/historyserver,1560272896,1632190464,2460725248,728622843
1786039757132025006,historyserver-demo-7768d9678d-tlplx/historyserver,1594417152,1666318336,2460725248,729663313
1786039758167924339,historyserver-demo-7768d9678d-tlplx/historyserver,1628119040,1700016128,2460725248,730705002
1786039759203084798,historyserver-demo-7768d9678d-tlplx/historyserver,1649041408,1720766464,2460725248,731748409
1786039760242104882,historyserver-demo-7768d9678d-tlplx/historyserver,1668694016,1740681216,2460725248,733656238
1786039761282056591,historyserver-demo-7768d9678d-tlplx/historyserver,1628749824,1700265984,2460725248,736255686
1786039762321009258,historyserver-demo-7768d9678d-tlplx/historyserver,1628815360,1700331520,2460725248,737301394
1786039763362145759,historyserver-demo-7768d9678d-tlplx/historyserver,1706876928,1780854784,2460725248,738293328
1786039764410104342,historyserver-demo-7768d9678d-tlplx/historyserver,1946243072,2017759232,2460725248,740532850
1786039765452022051,historyserver-demo-7768d9678d-tlplx/historyserver,1818685440,1916719104,2460725248,741618094
1786039766493261968,historyserver-demo-7768d9678d-tlplx/historyserver,1818685440,1916719104,2460725248,742665452
1786039767535265552,historyserver-demo-7768d9678d-tlplx/historyserver,1819197440,1917480960,2460725248,743712982
1786039768577062928,historyserver-demo-7768d9678d-tlplx/historyserver,1727148032,1825230848,2460725248,746608008
1786039769619096345,historyserver-demo-7768d9678d-tlplx/historyserver,1727922176,1826213888,2460725248,747654218
1786039770659166929,historyserver-demo-7768d9678d-tlplx/historyserver,1732177920,1830457344,2460725248,748705249
1786039771708044721,historyserver-demo-7768d9678d-tlplx/historyserver,1733206016,1831239680,2460725248,749909269
1786039772907146680,historyserver-demo-7768d9678d-tlplx/historyserver,1733328896,1831624704,2460725248,750958253
1786039773946987805,historyserver-demo-7768d9678d-tlplx/historyserver,1734672384,1832706048,2460725248,752003261
1786039774986167250,historyserver-demo-7768d9678d-tlplx/historyserver,1760911360,1859063808,2460725248,753047833
1786039776025205667,historyserver-demo-7768d9678d-tlplx/historyserver,1804500992,1903202304,2460725248,754099629
1786039777069232084,historyserver-demo-7768d9678d-tlplx/historyserver,1853419520,1952071680,2460725248,755143938
1786039778107244043,historyserver-demo-7768d9678d-tlplx/historyserver,1816535040,1914990592,2460725248,757695089
1786039779150161002,historyserver-demo-7768d9678d-tlplx/historyserver,1832546304,1930579968,2460725248,760321091
1786039780188421669,historyserver-demo-7768d9678d-tlplx/historyserver,1832579072,1930612736,2460725248,761371158
1786039781233187753,historyserver-demo-7768d9678d-tlplx/historyserver,1834168320,1932619776,2460725248,762368722
1786039782267259003,historyserver-demo-7768d9678d-tlplx/historyserver,1848012800,1946472448,2460725248,763410778
1786039783303296629,historyserver-demo-7768d9678d-tlplx/historyserver,1862242304,1960579072,2460725248,764451392
1786039784338590004,historyserver-demo-7768d9678d-tlplx/historyserver,1879871488,1978445824,2460725248,765496547
1786039785376222255,historyserver-demo-7768d9678d-tlplx/historyserver,1903693824,2002259968,2460725248,766536688
1786039786413274172,historyserver-demo-7768d9678d-tlplx/historyserver,1927925760,2026496000,2460725248,767578205
1786039787447102256,historyserver-demo-7768d9678d-tlplx/historyserver,1956433920,2055196672,2460725248,768619186
1786039788482326506,historyserver-demo-7768d9678d-tlplx/historyserver,1986547712,2085285888,2460725248,769659017
1786039789516161673,historyserver-demo-7768d9678d-tlplx/historyserver,2005831680,2103865344,2460725248,770697667
1786039790549387507,historyserver-demo-7768d9678d-tlplx/historyserver,2014793728,2112827392,2460725248,771738670
1786039791584211008,historyserver-demo-7768d9678d-tlplx/historyserver,2014793728,2112827392,2460725248,772777844
1786039792618283967,historyserver-demo-7768d9678d-tlplx/historyserver,2033061888,2131152896,2460725248,773816161
1786039793652249967,historyserver-demo-7768d9678d-tlplx/historyserver,2066649088,2164826112,2460725248,774853543
1786039794684198884,historyserver-demo-7768d9678d-tlplx/historyserver,2084622336,2183561216,2460725248,775892847
1786039795717144343,historyserver-demo-7768d9678d-tlplx/historyserver,2100211712,2198351872,2460725248,776933716
1786039796751229510,historyserver-demo-7768d9678d-tlplx/historyserver,2101436416,2199707648,2460725248,777973648
1786039797785248386,historyserver-demo-7768d9678d-tlplx/historyserver,2102075392,2200788992,2460725248,781386896
1786039798823120886,historyserver-demo-7768d9678d-tlplx/historyserver,2037170176,2135203840,2460725248,782961915
1786039799862184845,historyserver-demo-7768d9678d-tlplx/historyserver,2037170176,2135203840,2460725248,782961915
1786039800900202429,historyserver-demo-7768d9678d-tlplx/historyserver,2037170176,2135203840,2460725248,782961915
1786039801939240179,historyserver-demo-7768d9678d-tlplx/historyserver,2037170176,2135203840,2460725248,782961915
1786039802979295972,historyserver-demo-7768d9678d-tlplx/historyserver,2037170176,2135203840,2460725248,782961915
1786039804018146514,historyserver-demo-7768d9678d-tlplx/historyserver,2037170176,2135203840,2460725248,782961915
1786039805058232333,historyserver-demo-7768d9678d-tlplx/historyserver,2375905280,2474147840,2474409984,783756203
1786039806099298042,historyserver-demo-7768d9678d-tlplx/historyserver,2375905280,2474405888,2474672128,784800820
1786039807138256209,historyserver-demo-7768d9678d-tlplx/historyserver,2237579264,2333728768,2475192320,786332745
1786039808177296543,historyserver-demo-7768d9678d-tlplx/historyserver,1924530176,2020679680,2475192320,787414848
1786039809216338335,historyserver-demo-7768d9678d-tlplx/historyserver,1924530176,2020679680,2475192320,788460187
1786039810256276377,historyserver-demo-7768d9678d-tlplx/historyserver,1506951168,1603674112,2475192320,790047954
1786039811294242170,historyserver-demo-7768d9678d-tlplx/historyserver,1203240960,1299963904,2475192320,791142560
1786039812334316545,historyserver-demo-7768d9678d-tlplx/historyserver,1024651264,1121374208,2475192320,792220365
1786039813371249004,historyserver-demo-7768d9678d-tlplx/historyserver,1024651264,1121374208,2475192320,793263069
1786039814409419671,historyserver-demo-7768d9678d-tlplx/historyserver,1025634304,1122607104,2475192320,794306714
1786039815446238672,historyserver-demo-7768d9678d-tlplx/historyserver,1025736704,1122713600,2475192320,795349614
1786039816484464630,historyserver-demo-7768d9678d-tlplx/historyserver,1024647168,1121615872,2475192320,797482149
1786039817521449381,historyserver-demo-7768d9678d-tlplx/historyserver,1025957888,1122926592,2475192320,798523947
1786039818558913131,historyserver-demo-7768d9678d-tlplx/historyserver,1026060288,1122783232,2475192320,799567158
1786039819597901715,historyserver-demo-7768d9678d-tlplx/historyserver,1026060288,1122783232,2475192320,800611942
1786039820637013424,historyserver-demo-7768d9678d-tlplx/historyserver,1026060288,1122783232,2475192320,801655709
1786039821673492008,historyserver-demo-7768d9678d-tlplx/historyserver,1028120576,1125142528,2475192320,802697423
1786039822711282967,historyserver-demo-7768d9678d-tlplx/historyserver,1073188864,1170137088,2475192320,803742514
1786039823749266134,historyserver-demo-7768d9678d-tlplx/historyserver,1116872704,1213763584,2475192320,804784235
1786039824787018843,historyserver-demo-7768d9678d-tlplx/historyserver,1161428992,1258246144,2475192320,805827503
1786039825823320676,historyserver-demo-7768d9678d-tlplx/historyserver,1206882304,1303773184,2475192320,806872274
1786039826863439052,historyserver-demo-7768d9678d-tlplx/historyserver,1251016704,1347854336,2475192320,807916422
1786039827900322677,historyserver-demo-7768d9678d-tlplx/historyserver,1293398016,1390510080,2475192320,809173274
1786039828939327220,historyserver-demo-7768d9678d-tlplx/historyserver,1306664960,1403392000,2475192320,811704879
1786039829978053512,historyserver-demo-7768d9678d-tlplx/historyserver,1306669056,1403396096,2475192320,812747802
1786039831015232637,historyserver-demo-7768d9678d-tlplx/historyserver,1306669056,1403392000,2475192320,813791511
1786039832052280471,historyserver-demo-7768d9678d-tlplx/historyserver,1309642752,1406537728,2475192320,814833960
1786039833089301347,historyserver-demo-7768d9678d-tlplx/historyserver,1310830592,1407553536,2475192320,815876544
1786039834126513347,historyserver-demo-7768d9678d-tlplx/historyserver,1310830592,1407553536,2475192320,816919308
1786039835165722542,historyserver-demo-7768d9678d-tlplx/historyserver,1310830592,1407549440,2475192320,817964694
1786039836202643209,historyserver-demo-7768d9678d-tlplx/historyserver,1566642176,1670004736,2475192320,819434811
1786039837241125626,historyserver-demo-7768d9678d-tlplx/historyserver,1367650304,1462644736,2475192320,820981467
1786039838278810460,historyserver-demo-7768d9678d-tlplx/historyserver,1095544832,1316220928,2475192320,822075862
1786039839317349710,historyserver-demo-7768d9678d-tlplx/historyserver,910331904,1310425088,2475192320,823208209
1786039840421170919,historyserver-demo-7768d9678d-tlplx/historyserver,943505408,1343672320,2475192320,825211570
1786039841478780795,historyserver-demo-7768d9678d-tlplx/historyserver,961789952,1361850368,2475192320,826256286
1786039842515657503,historyserver-demo-7768d9678d-tlplx/historyserver,1026580480,1426821120,2475192320,827298546
1786039843553773296,historyserver-demo-7768d9678d-tlplx/historyserver,1083523072,1483657216,2475192320,828345185
1786039844593852546,historyserver-demo-7768d9678d-tlplx/historyserver,1142837248,1542926336,2475192320,829391285
1786039845632733130,historyserver-demo-7768d9678d-tlplx/historyserver,1203326976,1603915776,2475192320,830471704
1786039846672619922,historyserver-demo-7768d9678d-tlplx/historyserver,1221365760,1621454848,2475192320,832998017
1786039847715801131,historyserver-demo-7768d9678d-tlplx/historyserver,1238933504,1638834176,2475192320,834057731
1786039848770491715,historyserver-demo-7768d9678d-tlplx/historyserver,1260670976,1660600320,2475192320,835106459
1786039849810647757,historyserver-demo-7768d9678d-tlplx/historyserver,1288261632,1688412160,2475192320,836152500
1786039850850789132,historyserver-demo-7768d9678d-tlplx/historyserver,1308332032,1708257280,2475192320,837195360
1786039851888882466,historyserver-demo-7768d9678d-tlplx/historyserver,1338081280,1738215424,2475192320,838238591
1786039852926666008,historyserver-demo-7768d9678d-tlplx/historyserver,1374937088,1774895104,2475192320,839281503
1786039853965090009,historyserver-demo-7768d9678d-tlplx/historyserver,1416736768,1816760320,2475192320,840325668
1786039855002999468,historyserver-demo-7768d9678d-tlplx/historyserver,1462095872,1862004736,2475192320,841367430
1786039856039651260,historyserver-demo-7768d9678d-tlplx/historyserver,1507336192,1907236864,2475192320,842412334
1786039857077836219,historyserver-demo-7768d9678d-tlplx/historyserver,1550094336,1950228480,2475192320,843455173
1786039858115158594,historyserver-demo-7768d9678d-tlplx/historyserver,1589317632,1989918720,2475192320,845037540
1786039859154617678,historyserver-demo-7768d9678d-tlplx/historyserver,1506689024,1906601984,2475192320,847586278
1786039860192755762,historyserver-demo-7768d9678d-tlplx/historyserver,1506689024,1906597888,2475192320,848630168
1786039861229933512,historyserver-demo-7768d9678d-tlplx/historyserver,1717096448,2117009408,2475192320,849615947
1786039862267780596,historyserver-demo-7768d9678d-tlplx/historyserver,1717096448,2117275648,2475192320,851619858
1786039863307828638,historyserver-demo-7768d9678d-tlplx/historyserver,1511641088,1911549952,2475192320,852980442
1786039864347373625,historyserver-demo-7768d9678d-tlplx/historyserver,1446907904,1862864896,2475192320,854046854
1786039865385998375,historyserver-demo-7768d9678d-tlplx/historyserver,1446907904,1862864896,2475192320,855091051
1786039866423049542,historyserver-demo-7768d9678d-tlplx/historyserver,1446907904,1862864896,2475192320,856133639
1786039867461089751,historyserver-demo-7768d9678d-tlplx/historyserver,1446907904,1862860800,2475192320,857177699
1786039868498132335,historyserver-demo-7768d9678d-tlplx/historyserver,1446907904,1863131136,2475192320,859319725
1786039869536922335,historyserver-demo-7768d9678d-tlplx/historyserver,1447682048,1863639040,2475192320,860903873
1786039870574822503,historyserver-demo-7768d9678d-tlplx/historyserver,1447682048,1863639040,2475192320,861946638
1786039871613105711,historyserver-demo-7768d9678d-tlplx/historyserver,1447682048,1863634944,2475192320,862993492
1786039872652804962,historyserver-demo-7768d9678d-tlplx/historyserver,1452662784,1868619776,2475192320,864036242
1786039873690914712,historyserver-demo-7768d9678d-tlplx/historyserver,1452662784,1868615680,2475192320,865079680
1786039874727874338,historyserver-demo-7768d9678d-tlplx/historyserver,1452662784,1868881920,2475192320,866128494
1786039875768608922,historyserver-demo-7768d9678d-tlplx/historyserver,1452662784,1868623872,2475192320,867175178
1786039876807896797,historyserver-demo-7768d9678d-tlplx/historyserver,1452662784,1868619776,2475192320,868220936
1786039877852129548,historyserver-demo-7768d9678d-tlplx/historyserver,1452666880,1868623872,2475192320,869266581
1786039878890036298,historyserver-demo-7768d9678d-tlplx/historyserver,1484980224,1900945408,2475192320,871054187
1786039879935376590,historyserver-demo-7768d9678d-tlplx/historyserver,1634451456,2050682880,2475192320,872948469
1786039880978848507,historyserver-demo-7768d9678d-tlplx/historyserver,1489842176,1910501376,2475192320,874726869
1786039882019959925,historyserver-demo-7768d9678d-tlplx/historyserver,1407004672,1822994432,2475192320,875790127
1786039883061922092,historyserver-demo-7768d9678d-tlplx/historyserver,1411600384,1827590144,2475192320,876837953
1786039884104994134,historyserver-demo-7768d9678d-tlplx/historyserver,1411600384,1827594240,2475192320,877889800
1786039885150396759,historyserver-demo-7768d9678d-tlplx/historyserver,1449689088,1865691136,2475192320,878938352
1786039886193051468,historyserver-demo-7768d9678d-tlplx/historyserver,1498783744,1914986496,2475192320,879988072
1786039887236847427,historyserver-demo-7768d9678d-tlplx/historyserver,1544409088,1960546304,2475192320,881928092
1786039888287643803,historyserver-demo-7768d9678d-tlplx/historyserver,1557041152,1973280768,2475192320,884066286
1786039889330925845,historyserver-demo-7768d9678d-tlplx/historyserver,1559838720,1975992320,2475192320,885114935
1786039890374064054,historyserver-demo-7768d9678d-tlplx/historyserver,1577091072,1993310208,2475192320,886162775
1786039891415902512,historyserver-demo-7768d9678d-tlplx/historyserver,1596473344,2012545024,2475192320,887209834
1786039892457875180,historyserver-demo-7768d9678d-tlplx/historyserver,1619263488,2035343360,2475192320,888257737
1786039893499042138,historyserver-demo-7768d9678d-tlplx/historyserver,1638850560,2054881280,2475192320,889305552
1786039894541087916,historyserver-demo-7768d9678d-tlplx/historyserver,1667928064,2084110336,2475192320,890354321
1786039895583067333,historyserver-demo-7768d9678d-tlplx/historyserver,1699057664,2115289088,2475192320,891402075
1786039896626078334,historyserver-demo-7768d9678d-tlplx/historyserver,1730285568,2146664448,2475192320,892450000
1786039897667046793,historyserver-demo-7768d9678d-tlplx/historyserver,1764691968,2181013504,2475192320,893496324
1786039898708111627,historyserver-demo-7768d9678d-tlplx/historyserver,1801179136,2217500672,2475192320,894543150
1786039899749123502,historyserver-demo-7768d9678d-tlplx/historyserver,1837576192,2253914112,2475192320,895593134
1786039900793068003,historyserver-demo-7768d9678d-tlplx/historyserver,1873334272,2289803264,2475192320,896642031
1786039901835998420,historyserver-demo-7768d9678d-tlplx/historyserver,1913737216,2330382336,2475192320,897714797
1786039902882049004,historyserver-demo-7768d9678d-tlplx/historyserver,2107711488,2523697152,2524098560,900987311
1786039903923427921,historyserver-demo-7768d9678d-tlplx/historyserver,2107711488,2523701248,2526056448,902032500
1786039904963285963,historyserver-demo-7768d9678d-tlplx/historyserver,2107711488,2523697152,2526056448,903079080
1786039906003101380,historyserver-demo-7768d9678d-tlplx/historyserver,2107711488,2523697152,2526056448,904126787
1786039907045001922,historyserver-demo-7768d9678d-tlplx/historyserver,2107711488,2523697152,2526056448,905171323
1786039908083099506,historyserver-demo-7768d9678d-tlplx/historyserver,2107711488,2523697152,2526056448,906216135
1786039909122163382,historyserver-demo-7768d9678d-tlplx/historyserver,2107711488,2523697152,2526056448,907259841
1786039910161050632,historyserver-demo-7768d9678d-tlplx/historyserver,2107711488,2523697152,2526056448,910426115
1786039911197014299,historyserver-demo-7768d9678d-tlplx/historyserver,2107711488,2523697152,2526056448,911468771
1786039912234129508,historyserver-demo-7768d9678d-tlplx/historyserver,2107793408,2523783168,2526056448,912507324
1786039913271068800,historyserver-demo-7768d9678d-tlplx/historyserver,2107793408,2523779072,2526056448,913549795
1786039914307074217,historyserver-demo-7768d9678d-tlplx/historyserver,2107793408,2523779072,2526056448,914591376
1786039915343215260,historyserver-demo-7768d9678d-tlplx/historyserver,2107793408,2523779072,2526056448,915632586
1786039916379938302,historyserver-demo-7768d9678d-tlplx/historyserver,2107793408,2523779072,2526056448,916676263
1786039917417528594,historyserver-demo-7768d9678d-tlplx/historyserver,2107793408,2523779072,2526056448,917720988
1786039918456447219,historyserver-demo-7768d9678d-tlplx/historyserver,2107793408,2523779072,2526056448,918763687
1786039919493371762,historyserver-demo-7768d9678d-tlplx/historyserver,2107793408,2523779072,2526056448,919806220
1786039920530503512,historyserver-demo-7768d9678d-tlplx/historyserver,2107969536,2523955200,2526056448,920848095
1786039921568271929,historyserver-demo-7768d9678d-tlplx/historyserver,2125209600,2541375488,2541637632,921891680
1786039922605439138,historyserver-demo-7768d9678d-tlplx/historyserver,2152955904,2569170944,2569170944,922935325
1786039923643260472,historyserver-demo-7768d9678d-tlplx/historyserver,2182856704,2598858752,2598932480,923973387
1786039924680520583,historyserver-demo-7768d9678d-tlplx/historyserver,2205822976,2622525440,2622787584,927637933
1786039925720785417,historyserver-demo-7768d9678d-tlplx/historyserver,2206552064,2622537728,2623062016,929017456
1786039926757604709,historyserver-demo-7768d9678d-tlplx/historyserver,2206552064,2622537728,2623062016,930060976
1786039927795486043,historyserver-demo-7768d9678d-tlplx/historyserver,2206552064,2622537728,2623062016,931105804
1786039928834305960,historyserver-demo-7768d9678d-tlplx/historyserver,2206552064,2622537728,2623062016,932150576
1786039929873245877,historyserver-demo-7768d9678d-tlplx/historyserver,2206552064,2622537728,2623066112,933193199
1786039930911533169,historyserver-demo-7768d9678d-tlplx/historyserver,2206552064,2622537728,2623066112,934237792
1786039931950259211,historyserver-demo-7768d9678d-tlplx/historyserver,2206552064,2622537728,2623066112,935282208
1786039932988485045,historyserver-demo-7768d9678d-tlplx/historyserver,2206552064,2622533632,2623066112,936325422
1786039934026383796,historyserver-demo-7768d9678d-tlplx/historyserver,2206552064,2622533632,2624630784,937369918
1786039935064862796,historyserver-demo-7768d9678d-tlplx/historyserver,2206650368,2622627840,2624630784,938044669
1786039936107786172,historyserver-demo-7768d9678d-tlplx/historyserver,2206650368,2622627840,2624630784,938044669
1786039937148938422,historyserver-demo-7768d9678d-tlplx/historyserver,2206650368,2622627840,2624630784,938044669
1786039938191390964,historyserver-demo-7768d9678d-tlplx/historyserver,2206650368,2622627840,2624630784,938044669
1786039939234469507,historyserver-demo-7768d9678d-tlplx/historyserver,2206650368,2622627840,2624630784,938044669
1786039940278357090,historyserver-demo-7768d9678d-tlplx/historyserver,2206650368,2622627840,2624630784,938044669
1786039941322362466,historyserver-demo-7768d9678d-tlplx/historyserver,2206650368,2622627840,2624630784,938044669
1786039942364448883,historyserver-demo-7768d9678d-tlplx/historyserver,2206650368,2622627840,2624630784,938044669
1786039943407433425,historyserver-demo-7768d9678d-tlplx/historyserver,2206650368,2622627840,2624630784,938044669
1786039944449284384,historyserver-demo-7768d9678d-tlplx/historyserver,2207784960,2623954944,2624745472,938239791
1786039945489047093,historyserver-demo-7768d9678d-tlplx/historyserver,2124562432,2540564480,2624745472,939602313
1786039946526475677,historyserver-demo-7768d9678d-tlplx/historyserver,2124562432,2540560384,2624745472,940644544
1786039947563455927,historyserver-demo-7768d9678d-tlplx/historyserver,1819885568,2236145664,2624745472,941987484
1786039948601340636,historyserver-demo-7768d9678d-tlplx/historyserver,1037287424,1412702208,2624745472,943080930
1786039949640206637,historyserver-demo-7768d9678d-tlplx/historyserver,844779520,1016958976,2624745472,944150194
1786039950676400595,historyserver-demo-7768d9678d-tlplx/historyserver,911724544,1083830272,2624745472,945192946
1786039951713388013,historyserver-demo-7768d9678d-tlplx/historyserver,936075264,1108299776,2624745472,946963549
1786039952751326430,historyserver-demo-7768d9678d-tlplx/historyserver,989519872,1161555968,2624745472,948006140
1786039953789774972,historyserver-demo-7768d9678d-tlplx/historyserver,1057107968,1229266944,2624745472,949050491
1786039954828605125,historyserver-demo-7768d9678d-tlplx/historyserver,1130479616,1302659072,2624745472,950094561
1786039955866619500,historyserver-demo-7768d9678d-tlplx/historyserver,1198022656,1370206208,2624745472,951137384
1786039956903824751,historyserver-demo-7768d9678d-tlplx/historyserver,1247023104,1419112448,2624745472,952180027
1786039957942284876,historyserver-demo-7768d9678d-tlplx/historyserver,1292324864,1464647680,2624745472,953274246
1786039958980902168,historyserver-demo-7768d9678d-tlplx/historyserver,1304514560,1476571136,2624745472,955655604
1786039960019431961,historyserver-demo-7768d9678d-tlplx/historyserver,1305206784,1477263360,2624745472,956698178
1786039961056548669,historyserver-demo-7768d9678d-tlplx/historyserver,1312870400,1485041664,2624745472,957742740
1786039962094558837,historyserver-demo-7768d9678d-tlplx/historyserver,1349218304,1521405952,2624745472,958784481
1786039963130767545,historyserver-demo-7768d9678d-tlplx/historyserver,1393373184,1565437952,2624745472,959827950
1786039964168616629,historyserver-demo-7768d9678d-tlplx/historyserver,1435815936,1607958528,2624745472,960869463
1786039965205031005,historyserver-demo-7768d9678d-tlplx/historyserver,1478008832,1648246784,2624745472,961909590
1786039966243683005,historyserver-demo-7768d9678d-tlplx/historyserver,1519169536,1689382912,2624745472,962952152
1786039967280551589,historyserver-demo-7768d9678d-tlplx/historyserver,1561464832,1731649536,2624745472,963994906
1786039968318452256,historyserver-demo-7768d9678d-tlplx/historyserver,1603817472,1773862912,2624745472,965038676
1786039969355454465,historyserver-demo-7768d9678d-tlplx/historyserver,1649418240,1819582464,2624745472,966082199
1786039970393476716,historyserver-demo-7768d9678d-tlplx/historyserver,1692184576,1862516736,2624745472,967297207
1786039971433432174,historyserver-demo-7768d9678d-tlplx/historyserver,1605263360,1775271936,2624745472,970025587
1786039972470826883,historyserver-demo-7768d9678d-tlplx/historyserver,1605402624,1775411200,2624745472,971069167
1786039973507491134,historyserver-demo-7768d9678d-tlplx/historyserver,1835991040,2006364160,2624745472,972086405
1786039974545701093,historyserver-demo-7768d9678d-tlplx/historyserver,1711333376,1881341952,2624745472,973759387
1786039975585356885,historyserver-demo-7768d9678d-tlplx/historyserver,1632485376,1819639808,2624745472,974828093
1786039976626513260,historyserver-demo-7768d9678d-tlplx/historyserver,1632485376,1819639808,2624745472,975872605
1786039977668592094,historyserver-demo-7768d9678d-tlplx/historyserver,1632485376,1819639808,2624745472,976920642
1786039978710529178,historyserver-demo-7768d9678d-tlplx/historyserver,1421819904,1608974336,2624745472,978904860
1786039979754420762,historyserver-demo-7768d9678d-tlplx/historyserver,1421819904,1608974336,2624745472,979954605
1786039980798613095,historyserver-demo-7768d9678d-tlplx/historyserver,1421819904,1608974336,2624745472,981004080
1786039981842501971,historyserver-demo-7768d9678d-tlplx/historyserver,1421819904,1608974336,2624745472,982054012
1786039982888727263,historyserver-demo-7768d9678d-tlplx/historyserver,1421819904,1608974336,2624745472,983103674
1786039983932506347,historyserver-demo-7768d9678d-tlplx/historyserver,1421918208,1609072640,2624745472,984154549
1786039984978652833,historyserver-demo-7768d9678d-tlplx/historyserver,1421918208,1609076736,2624745472,985206400
1786039986023620709,historyserver-demo-7768d9678d-tlplx/historyserver,1430306816,1617465344,2624745472,987896967
1786039987068854376,historyserver-demo-7768d9678d-tlplx/historyserver,1430306816,1617461248,2624745472,988946495
1786039988112782668,historyserver-demo-7768d9678d-tlplx/historyserver,1430306816,1617461248,2624745472,989994517
1786039989156041918,historyserver-demo-7768d9678d-tlplx/historyserver,1430306816,1617461248,2624745472,991045347
1786039990200075752,historyserver-demo-7768d9678d-tlplx/historyserver,1430429696,1617584128,2624745472,992114573
1786039991262702961,historyserver-demo-7768d9678d-tlplx/historyserver,1430429696,1617584128,2624745472,993166635
1786039992308678712,historyserver-demo-7768d9678d-tlplx/historyserver,1430433792,1617846272,2624745472,994220701
1786039993357874671,historyserver-demo-7768d9678d-tlplx/historyserver,1442148352,1629429760,2624745472,995272099
1786039994402725046,historyserver-demo-7768d9678d-tlplx/historyserver,1466368000,1653497856,2624745472,996322813
1786039995447665255,historyserver-demo-7768d9678d-tlplx/historyserver,1505529856,1692659712,2624745472,997371574
1786039996494639089,historyserver-demo-7768d9678d-tlplx/historyserver,1546338304,1733726208,2624745472,998425859
1786039997542774339,historyserver-demo-7768d9678d-tlplx/historyserver,1588355072,1775722496,2624745472,999478302
1786039998589806631,historyserver-demo-7768d9678d-tlplx/historyserver,1597501440,1784659968,2624745472,1002655975
1786039999635819048,historyserver-demo-7768d9678d-tlplx/historyserver,1766277120,1953431552,2624745472,1003677489
1786040000679927799,historyserver-demo-7768d9678d-tlplx/historyserver,1766600704,1953849344,2624745472,1004727998
1786040001723623508,historyserver-demo-7768d9678d-tlplx/historyserver,1767137280,1954541568,2624745472,1005777991
1786040002767766717,historyserver-demo-7768d9678d-tlplx/historyserver,1767550976,1954926592,2624745472,1006825641
1786040003810661759,historyserver-demo-7768d9678d-tlplx/historyserver,1687572480,1874726912,2624745472,1009282932
1786040004854948426,historyserver-demo-7768d9678d-tlplx/historyserver,1597374464,1784528896,2624745472,1010352566
1786040005898793510,historyserver-demo-7768d9678d-tlplx/historyserver,1597374464,1782702080,2624745472,1011402849
1786040006943710302,historyserver-demo-7768d9678d-tlplx/historyserver,1597374464,1782439936,2624745472,1012454428
1786040007988735844,historyserver-demo-7768d9678d-tlplx/historyserver,1597374464,1782439936,2624745472,1013504271
1786040009033734220,historyserver-demo-7768d9678d-tlplx/historyserver,1597374464,1782439936,2624745472,1014555192
1786040010078688678,historyserver-demo-7768d9678d-tlplx/historyserver,1597374464,1782439936,2624745472,1015606033
1786040011123722304,historyserver-demo-7768d9678d-tlplx/historyserver,1597374464,1782435840,2624745472,1016658734
1786040012170322138,historyserver-demo-7768d9678d-tlplx/historyserver,1597374464,1782439936,2624745472,1017707693
1786040013215785763,historyserver-demo-7768d9678d-tlplx/historyserver,1597374464,1782439936,2624745472,1019956411
1786040014262113389,historyserver-demo-7768d9678d-tlplx/historyserver,1597374464,1782439936,2624745472,1021782603
1786040015307518583,historyserver-demo-7768d9678d-tlplx/historyserver,1597374464,1782439936,2624745472,1022833524
1786040016352386375,historyserver-demo-7768d9678d-tlplx/historyserver,1781538816,1966796800,2624745472,1024471415
1786040017399787584,historyserver-demo-7768d9678d-tlplx/historyserver,1604804608,1785708544,2624745472,1025998852
1786040018446757376,historyserver-demo-7768d9678d-tlplx/historyserver,1518034944,1700323328,2624745472,1027062941
1786040019490816502,historyserver-demo-7768d9678d-tlplx/historyserver,1518673920,1700995072,2624745472,1028113561
1786040020535844044,historyserver-demo-7768d9678d-tlplx/historyserver,1519710208,1701752832,2624745472,1029167434
1786040021582474795,historyserver-demo-7768d9678d-tlplx/historyserver,1525178368,1707302912,2624745472,1030216883
1786040022626680253,historyserver-demo-7768d9678d-tlplx/historyserver,1564786688,1747017728,2624745472,1031265772
1786040023669869587,historyserver-demo-7768d9678d-tlplx/historyserver,1586528256,1768632320,2624745472,1032316215
1786040024715719838,historyserver-demo-7768d9678d-tlplx/historyserver,1628999680,1811058688,2624745472,1033368921
1786040025761545963,historyserver-demo-7768d9678d-tlplx/historyserver,1670934528,1853001728,2624745472,1034418166
1786040026805465714,historyserver-demo-7768d9678d-tlplx/historyserver,1692893184,1874923520,2624745472,1037550273
1786040027848657214,historyserver-demo-7768d9678d-tlplx/historyserver,1693171712,1875197952,2624745472,1038595751
1786040028890100923,historyserver-demo-7768d9678d-tlplx/historyserver,1695780864,1877942272,2624745472,1039641360
1786040029929832965,historyserver-demo-7768d9678d-tlplx/historyserver,1712726016,1894727680,2624745472,1040686158
1786040030967604257,historyserver-demo-7768d9678d-tlplx/historyserver,1732141056,1914150912,2624745472,1041728075
1786040032004092633,historyserver-demo-7768d9678d-tlplx/historyserver,1738964992,1920991232,2624745472,1042768981
1786040033039773217,historyserver-demo-7768d9678d-tlplx/historyserver,1739210752,1921241088,2624745472,1043809329
1786040034077844926,historyserver-demo-7768d9678d-tlplx/historyserver,1748992000,1931223040,2624745472,1044855391
1786040035115148134,historyserver-demo-7768d9678d-tlplx/historyserver,1748992000,1931014144,2624745472,1045898923
1786040036152588177,historyserver-demo-7768d9678d-tlplx/historyserver,1779171328,1961353216,2624745472,1046941435
1786040037187547177,historyserver-demo-7768d9678d-tlplx/historyserver,1799544832,1981722624,2624745472,1047979539
1786040038223868219,historyserver-demo-7768d9678d-tlplx/historyserver,1803886592,1985908736,2624745472,1049021343
1786040039261757011,historyserver-demo-7768d9678d-tlplx/historyserver,1803886592,1985908736,2624745472,1050065930
1786040040300833012,historyserver-demo-7768d9678d-tlplx/historyserver,1811755008,1992794112,2624745472,1051108329
1786040041340071679,historyserver-demo-7768d9678d-tlplx/historyserver,2183606272,2365628416,2624745472,1054416962
1786040042379697805,historyserver-demo-7768d9678d-tlplx/historyserver,2009407488,2191429632,2624745472,1055568628
1786040043420513388,historyserver-demo-7768d9678d-tlplx/historyserver,2009407488,2191941632,2624745472,1056615130
1786040044463019000,historyserver-demo-7768d9678d-tlplx/historyserver,2010034176,2192355328,2624745472,1057664849
1786040045505232792,historyserver-demo-7768d9678d-tlplx/historyserver,2011090944,2193371136,2624745472,1058712519
1786040046546164292,historyserver-demo-7768d9678d-tlplx/historyserver,2011832320,2194112512,2624745472,1059759237
1786040047587200543,historyserver-demo-7768d9678d-tlplx/historyserver,2011901952,2195005440,2624745472,1060805914
1786040048629201710,historyserver-demo-7768d9678d-tlplx/historyserver,2012794880,2195128320,2624745472,1061853897
1786040049670381794,historyserver-demo-7768d9678d-tlplx/historyserver,2013880320,2196221952,2624745472,1062899617
1786040050710267836,historyserver-demo-7768d9678d-tlplx/historyserver,2014011392,2196103168,2624745472,1063944265
1786040051750304086,historyserver-demo-7768d9678d-tlplx/historyserver,2014998528,2197020672,2624745472,1064989779
1786040052790098670,historyserver-demo-7768d9678d-tlplx/historyserver,2014998528,2197020672,2624745472,1066035535
1786040053829260796,historyserver-demo-7768d9678d-tlplx/historyserver,2009427968,2194857984,2624745472,1068944677
1786040054870329130,historyserver-demo-7768d9678d-tlplx/historyserver,2009427968,2194853888,2624745472,1070619159
1786040055910489838,historyserver-demo-7768d9678d-tlplx/historyserver,2009427968,2194849792,2624745472,1071664804
1786040056951135881,historyserver-demo-7768d9678d-tlplx/historyserver,2011631616,2197053440,2624745472,1072711303
1786040057991135589,historyserver-demo-7768d9678d-tlplx/historyserver,2024607744,2210160640,2624745472,1073756583
1786040059031167840,historyserver-demo-7768d9678d-tlplx/historyserver,2039402496,2225594368,2624745472,1074801537
1786040060071632090,historyserver-demo-7768d9678d-tlplx/historyserver,2058244096,2243698688,2624745472,1075848289
1786040061111310924,historyserver-demo-7768d9678d-tlplx/historyserver,2083762176,2269323264,2624745472,1076895153
1786040062152986883,historyserver-demo-7768d9678d-tlplx/historyserver,2110935040,2296356864,2624745472,1077940017
1786040063191277050,historyserver-demo-7768d9678d-tlplx/historyserver,2139639808,2325209088,2624745472,1078985957
1786040064232269801,historyserver-demo-7768d9678d-tlplx/historyserver,2160357376,2345779200,2624745472,1080033542
1786040065273073635,historyserver-demo-7768d9678d-tlplx/historyserver,2172522496,2358042624,2624745472,1081079658
1786040066313918427,historyserver-demo-7768d9678d-tlplx/historyserver,2185842688,2371338240,2624745472,1082125578
1786040067353407469,historyserver-demo-7768d9678d-tlplx/historyserver,2210361344,2395783168,2624745472,1083165970
1786040068393161886,historyserver-demo-7768d9678d-tlplx/historyserver,2210476032,2395897856,2624745472,1084210196
1786040069432170928,historyserver-demo-7768d9678d-tlplx/historyserver,2225975296,2411618304,2624745472,1085255757
1786040070471422304,historyserver-demo-7768d9678d-tlplx/historyserver,2256777216,2442305536,2624745472,1086300310
1786040071510424262,historyserver-demo-7768d9678d-tlplx/historyserver,2269089792,2454507520,2624745472,1087344905
1786040072550344763,historyserver-demo-7768d9678d-tlplx/historyserver,2269171712,2454589440,2624745472,1088391840
1786040073591271180,historyserver-demo-7768d9678d-tlplx/historyserver,2269249536,2454851584,2624745472,1089439639
1786040074631517083,historyserver-demo-7768d9678d-tlplx/historyserver,2269761536,2456092672,2624745472,1091062127
1786040075673002667,historyserver-demo-7768d9678d-tlplx/historyserver,2270203904,2455621632,2624745472,1093650732
1786040076716613417,historyserver-demo-7768d9678d-tlplx/historyserver,2270203904,2455621632,2624745472,1093650732
1786040077761041001,historyserver-demo-7768d9678d-tlplx/historyserver,2270203904,2455621632,2624745472,1093650732
1786040078806822502,historyserver-demo-7768d9678d-tlplx/historyserver,2270203904,2455621632,2624745472,1093650732
1786040079853493294,historyserver-demo-7768d9678d-tlplx/historyserver,2270203904,2455621632,2624745472,1093650732
1786040080895500169,historyserver-demo-7768d9678d-tlplx/historyserver,2270203904,2455621632,2624745472,1093650732
1786040081940416461,historyserver-demo-7768d9678d-tlplx/historyserver,2270203904,2455621632,2624745472,1093650732
1786040082983970754,historyserver-demo-7768d9678d-tlplx/historyserver,2270203904,2455621632,2624745472,1093650732
1786040084030047879,historyserver-demo-7768d9678d-tlplx/historyserver,2270203904,2455621632,2624745472,1093650732
1786040085076644463,historyserver-demo-7768d9678d-tlplx/historyserver,2421153792,2606669824,2624745472,1094460838
1786040086116632213,historyserver-demo-7768d9678d-tlplx/historyserver,2421153792,2606669824,2624745472,1095507247
1786040087157402672,historyserver-demo-7768d9678d-tlplx/historyserver,2421153792,2606669824,2624745472,1096551755
1786040088196590381,historyserver-demo-7768d9678d-tlplx/historyserver,2421153792,2606669824,2624745472,1097597891
1786040089236767632,historyserver-demo-7768d9678d-tlplx/historyserver,2423263232,2608787456,2624745472,1098643227
1786040090277484049,historyserver-demo-7768d9678d-tlplx/historyserver,2423685120,2609381376,2624745472,1100426839
1786040091317416799,historyserver-demo-7768d9678d-tlplx/historyserver,2113548288,2299068416,2624745472,1101571884
1786040092359689175,historyserver-demo-7768d9678d-tlplx/historyserver,2113548288,2299068416,2624745472,1102607479
1786040093405188175,historyserver-demo-7768d9678d-tlplx/historyserver,2113552384,2299076608,2624745472,1103658795
1786040094447500426,historyserver-demo-7768d9678d-tlplx/historyserver,2113556480,2299076608,2624745472,1104703763
1786040095487330010,historyserver-demo-7768d9678d-tlplx/historyserver,2113560576,2299080704,2624745472,1105750737
1786040096527574593,historyserver-demo-7768d9678d-tlplx/historyserver,2113568768,2299088896,2624745472,1106797293
1786040097568621177,historyserver-demo-7768d9678d-tlplx/historyserver,2113896448,2299854848,2624745472,1108886489
1786040098611713136,historyserver-demo-7768d9678d-tlplx/historyserver,1914372096,2102136832,2624745472,1110433010
1786040099652242137,historyserver-demo-7768d9678d-tlplx/historyserver,1914372096,2102136832,2624745472,1111477728
1786040100691779179,historyserver-demo-7768d9678d-tlplx/historyserver,1914372096,2102136832,2624745472,1112523768
1786040101731544471,historyserver-demo-7768d9678d-tlplx/historyserver,1914372096,2102136832,2624745472,1113568411
1786040102772249721,historyserver-demo-7768d9678d-tlplx/historyserver,1914372096,2102136832,2624745472,1114616612
1786040103812546972,historyserver-demo-7768d9678d-tlplx/historyserver,1914372096,2102136832,2624745472,1115675272
1786040104865450625,historyserver-demo-7768d9678d-tlplx/historyserver,1914372096,2102136832,2624745472,1116722848
1786040105905452500,historyserver-demo-7768d9678d-tlplx/historyserver,1914372096,2102136832,2624745472,1117769550
1786040106946089459,historyserver-demo-7768d9678d-tlplx/historyserver,1914396672,2102161408,2624745472,1118815953
1786040107986417668,historyserver-demo-7768d9678d-tlplx/historyserver,1914490880,2102255616,2624745472,1119862192
1786040109027220918,historyserver-demo-7768d9678d-tlplx/historyserver,1914490880,2102255616,2624745472,1120910577
1786040110068214627,historyserver-demo-7768d9678d-tlplx/historyserver,1914490880,2102255616,2624745472,1121971473
1786040111124252336,historyserver-demo-7768d9678d-tlplx/historyserver,1914490880,2102255616,2624745472,1123017426
1786040112164251420,historyserver-demo-7768d9678d-tlplx/historyserver,1914490880,2103042048,2624745472,1124283441
1786040113208462712,historyserver-demo-7768d9678d-tlplx/historyserver,1707610112,1894809600,2624745472,1126984039
1786040114249359504,historyserver-demo-7768d9678d-tlplx/historyserver,1707610112,1894809600,2624745472,1128033891
1786040115291230963,historyserver-demo-7768d9678d-tlplx/historyserver,1707610112,1894805504,2624745472,1129080126
1786040116330200422,historyserver-demo-7768d9678d-tlplx/historyserver,1707610112,1894805504,2624745472,1130125842
1786040117370516631,historyserver-demo-7768d9678d-tlplx/historyserver,2003476480,2189307904,2624745472,1131109904
1786040118414754215,historyserver-demo-7768d9678d-tlplx/historyserver,1785921536,1971597312,2624745472,1132794243
1786040119469256673,historyserver-demo-7768d9678d-tlplx/historyserver,1557151744,1864437760,2624745472,1133893450
1786040120509532424,historyserver-demo-7768d9678d-tlplx/historyserver,1557151744,1864437760,2624745472,1134937282
1786040121548447216,historyserver-demo-7768d9678d-tlplx/historyserver,1557151744,1864699904,2624745472,1135982963
1786040122588784050,historyserver-demo-7768d9678d-tlplx/historyserver,1557151744,1864441856,2624745472,1137027129
1786040123629347092,historyserver-demo-7768d9678d-tlplx/historyserver,1479557120,1786843136,2624745472,1139230226
1786040124670078759,historyserver-demo-7768d9678d-tlplx/historyserver,1480384512,1787904000,2624745472,1140275047
1786040125709260635,historyserver-demo-7768d9678d-tlplx/historyserver,1480491008,1788055552,2624745472,1141319752
1786040126749368344,historyserver-demo-7768d9678d-tlplx/historyserver,1481601024,1789132800,2624745472,1142366025
1786040127790078677,historyserver-demo-7768d9678d-tlplx/historyserver,1481637888,1788928000,2624745472,1143413795
1786040128831171845,historyserver-demo-7768d9678d-tlplx/historyserver,1496186880,1803472896,2624745472,1144459476
1786040129871846553,historyserver-demo-7768d9678d-tlplx/historyserver,1504595968,1811877888,2624745472,1145503938
1786040130911720221,historyserver-demo-7768d9678d-tlplx/historyserver,1534308352,1841623040,2624745472,1146549589
1786040131950278929,historyserver-demo-7768d9678d-tlplx/historyserver,1521487872,1829122048,2624745472,1147787147
1786040132992335805,historyserver-demo-7768d9678d-tlplx/historyserver,1502101504,1809387520,2624745472,1150435817
1786040134031148305,historyserver-demo-7768d9678d-tlplx/historyserver,1502146560,1809436672,2624745472,1151480427
1786040135070636625,historyserver-demo-7768d9678d-tlplx/historyserver,1505030144,1813368832,2624745472,1152524312
1786040136109969875,historyserver-demo-7768d9678d-tlplx/historyserver,1509236736,1817276416,2624745472,1153571629
1786040137150842043,historyserver-demo-7768d9678d-tlplx/historyserver,1513050112,1820471296,2624745472,1154617271
1786040138189915960,historyserver-demo-7768d9678d-tlplx/historyserver,1547153408,1854652416,2624745472,1155661898
1786040139230019627,historyserver-demo-7768d9678d-tlplx/historyserver,1600258048,1907728384,2624745472,1156708178
1786040140271030419,historyserver-demo-7768d9678d-tlplx/historyserver,1816236032,2123796480,2624745472,1158252547
1786040141311956420,historyserver-demo-7768d9678d-tlplx/historyserver,1477390336,1795571712,2624745472,1159572875
1786040142352088587,historyserver-demo-7768d9678d-tlplx/historyserver,1477390336,1795571712,2624745472,1160618312
1786040143391703629,historyserver-demo-7768d9678d-tlplx/historyserver,1414438912,1738567680,2624745472,1162863979
1786040144431779254,historyserver-demo-7768d9678d-tlplx/historyserver,1397137408,1721266176,2624745472,1163918539
1786040145472724380,historyserver-demo-7768d9678d-tlplx/historyserver,1397723136,1722093568,2624745472,1164965907
1786040146513905130,historyserver-demo-7768d9678d-tlplx/historyserver,1398452224,1722830848,2624745472,1166010421
1786040147553894172,historyserver-demo-7768d9678d-tlplx/historyserver,1399279616,1723404288,2624745472,1167056274
1786040148593628631,historyserver-demo-7768d9678d-tlplx/historyserver,1399279616,1723404288,2624745472,1168101947
1786040149633699465,historyserver-demo-7768d9678d-tlplx/historyserver,1396985856,1721376768,2624745472,1169274800
1786040150677720049,historyserver-demo-7768d9678d-tlplx/historyserver,1396985856,1721110528,2624745472,1172003175
1786040151716860424,historyserver-demo-7768d9678d-tlplx/historyserver,1396985856,1721110528,2624745472,1173048181
1786040152755896592,historyserver-demo-7768d9678d-tlplx/historyserver,1396985856,1721114624,2624745472,1174091413
1786040153794988217,historyserver-demo-7768d9678d-tlplx/historyserver,1396985856,1721114624,2624745472,1175138073
1786040154835760759,historyserver-demo-7768d9678d-tlplx/historyserver,1396989952,1721376768,2624745472,1176186882
1786040155874784135,historyserver-demo-7768d9678d-tlplx/historyserver,1396989952,1721118720,2624745472,1177230220
1786040156913846302,historyserver-demo-7768d9678d-tlplx/historyserver,1494745088,1819205632,2624745472,1178245958
1786040157959777011,historyserver-demo-7768d9678d-tlplx/historyserver,1467052032,1789337600,2624745472,1180360167
1786040158999647761,historyserver-demo-7768d9678d-tlplx/historyserver,1437691904,1759977472,2624745472,1181415955
1786040160038005762,historyserver-demo-7768d9678d-tlplx/historyserver,1443868672,1766154240,2624745472,1183636598
1786040161076891596,historyserver-demo-7768d9678d-tlplx/historyserver,1443868672,1766154240,2624745472,1184681436
1786040162116730763,historyserver-demo-7768d9678d-tlplx/historyserver,1444507648,1766793216,2624745472,1185724045
1786040163155022388,historyserver-demo-7768d9678d-tlplx/historyserver,1445081088,1767370752,2624745472,1186769692
1786040164196018889,historyserver-demo-7768d9678d-tlplx/historyserver,1445081088,1767370752,2624745472,1187815419
1786040165235077250,historyserver-demo-7768d9678d-tlplx/historyserver,1445842944,1768128512,2624745472,1188859989
1786040166274688000,historyserver-demo-7768d9678d-tlplx/historyserver,1454194688,1776488448,2624745472,1189905548
1786040167314117668,historyserver-demo-7768d9678d-tlplx/historyserver,1487319040,1809747968,2624745472,1193009474
1786040168353915751,historyserver-demo-7768d9678d-tlplx/historyserver,1487319040,1809604608,2624745472,1194125514
1786040169393032502,historyserver-demo-7768d9678d-tlplx/historyserver,1493618688,1816129536,2624745472,1195170064
1786040170432042169,historyserver-demo-7768d9678d-tlplx/historyserver,1511690240,1834012672,2624745472,1196214783
1786040171471078711,historyserver-demo-7768d9678d-tlplx/historyserver,1533251584,1855586304,2624745472,1197259267
1786040172510968045,historyserver-demo-7768d9678d-tlplx/historyserver,1560080384,1882562560,2624745472,1198306032
1786040173551313379,historyserver-demo-7768d9678d-tlplx/historyserver,1589497856,1911791616,2624745472,1199353880
1786040174592979504,historyserver-demo-7768d9678d-tlplx/historyserver,1602457600,1925541888,2624745472,1200402452
1786040175635051922,historyserver-demo-7768d9678d-tlplx/historyserver,1604284416,1926565888,2624745472,1201452321
1786040176680056255,historyserver-demo-7768d9678d-tlplx/historyserver,1621954560,1944580096,2624745472,1202504392
1786040177726315548,historyserver-demo-7768d9678d-tlplx/historyserver,1649610752,1971892224,2624745472,1203556956
1786040178772292631,historyserver-demo-7768d9678d-tlplx/historyserver,1669779456,1992060928,2624745472,1204606813
1786040179816016132,historyserver-demo-7768d9678d-tlplx/historyserver,1689128960,2011492352,2624745472,1205652416
1786040180861137882,historyserver-demo-7768d9678d-tlplx/historyserver,1993527296,2315919360,2624745472,1208021499
1786040181910318300,historyserver-demo-7768d9678d-tlplx/historyserver,2148388864,2470670336,2624745472,1210044624
1786040182953226217,historyserver-demo-7768d9678d-tlplx/historyserver,2148388864,2470670336,2624745472,1211094166
1786040183998385884,historyserver-demo-7768d9678d-tlplx/historyserver,2148388864,2470670336,2624745472,1212144594
1786040185042022884,historyserver-demo-7768d9678d-tlplx/historyserver,2148388864,2470670336,2624745472,1213192959
1786040186084945052,historyserver-demo-7768d9678d-tlplx/historyserver,2148388864,2470670336,2624745472,1214242386
1786040187129005552,historyserver-demo-7768d9678d-tlplx/historyserver,2148495360,2470776832,2624745472,1215289325
1786040188171126928,historyserver-demo-7768d9678d-tlplx/historyserver,2148495360,2470776832,2624745472,1216339023
1786040189214423261,historyserver-demo-7768d9678d-tlplx/historyserver,2148495360,2470776832,2624745472,1217403497
1786040190271924429,historyserver-demo-7768d9678d-tlplx/historyserver,2148499456,2470780928,2624745472,1220726602
1786040191316978762,historyserver-demo-7768d9678d-tlplx/historyserver,2148499456,2470780928,2624745472,1221849012
1786040192357975971,historyserver-demo-7768d9678d-tlplx/historyserver,2148507648,2471043072,2624745472,1222897993
1786040193401009138,historyserver-demo-7768d9678d-tlplx/historyserver,2148507648,2470789120,2624745472,1223944311
1786040194442144041,historyserver-demo-7768d9678d-tlplx/historyserver,2148564992,2470846464,2624745472,1224991151
1786040195484219792,historyserver-demo-7768d9678d-tlplx/historyserver,2148741120,2471022592,2624745472,1226037947
1786040196525448209,historyserver-demo-7768d9678d-tlplx/historyserver,2148741120,2471022592,2624745472,1227088764
1786040197570100251,historyserver-demo-7768d9678d-tlplx/historyserver,2148741120,2471022592,2624745472,1228136650
1786040198611190877,historyserver-demo-7768d9678d-tlplx/historyserver,2148786176,2471284736,2624745472,1229184405
1786040199653220919,historyserver-demo-7768d9678d-tlplx/historyserver,2148786176,2471067648,2624745472,1230229095
1786040200692098961,historyserver-demo-7768d9678d-tlplx/historyserver,2159390720,2481762304,2624745472,1231274871
1786040201733197503,historyserver-demo-7768d9678d-tlplx/historyserver,2182197248,2504495104,2624745472,1232320678
1786040202773184837,historyserver-demo-7768d9678d-tlplx/historyserver,2187038720,2509320192,2624745472,1233366228
1786040203812115462,historyserver-demo-7768d9678d-tlplx/historyserver,2200285184,2522697728,2624745472,1234412974
1786040204853141880,historyserver-demo-7768d9678d-tlplx/historyserver,2223738880,2546028544,2624745472,1235458377
1786040205892182213,historyserver-demo-7768d9678d-tlplx/historyserver,2228252672,2550796288,2624745472,1236503144
1786040206931177381,historyserver-demo-7768d9678d-tlplx/historyserver,2228252672,2550538240,2624745472,1240539579
1786040207972120839,historyserver-demo-7768d9678d-tlplx/historyserver,2143842304,2466123776,2624745472,1241812201
1786040209010176673,historyserver-demo-7768d9678d-tlplx/historyserver,2143842304,2466123776,2624745472,1242857021
1786040210049185632,historyserver-demo-7768d9678d-tlplx/historyserver,2143842304,2466123776,2624745472,1243901105
1786040211088098424,historyserver-demo-7768d9678d-tlplx/historyserver,2143842304,2466119680,2624745472,1244945737
1786040212127083175,historyserver-demo-7768d9678d-tlplx/historyserver,2143846400,2466123776,2624745472,1245990639
1786040213165201467,historyserver-demo-7768d9678d-tlplx/historyserver,2143846400,2466123776,2624745472,1247034382
1786040214204282384,historyserver-demo-7768d9678d-tlplx/historyserver,2143846400,2466119680,2624745472,1247458013
1786040215245208759,historyserver-demo-7768d9678d-tlplx/historyserver,2143846400,2466119680,2624745472,1247458013
1786040216287218177,historyserver-demo-7768d9678d-tlplx/historyserver,2143846400,2466119680,2624745472,1247458013
1786040217329346135,historyserver-demo-7768d9678d-tlplx/historyserver,2143846400,2466119680,2624745472,1247458013
1786040218372337428,historyserver-demo-7768d9678d-tlplx/historyserver,2143846400,2466119680,2624745472,1247458013
1786040219415171220,historyserver-demo-7768d9678d-tlplx/historyserver,2143846400,2466119680,2624745472,1247458013
1786040220462187679,historyserver-demo-7768d9678d-tlplx/historyserver,2143846400,2466119680,2624745472,1247458013
1786040221507319346,historyserver-demo-7768d9678d-tlplx/historyserver,2143846400,2466119680,2624745472,1247458013
1786040222554241263,historyserver-demo-7768d9678d-tlplx/historyserver,2143846400,2466119680,2624745472,1247458013
1786040223601255138,historyserver-demo-7768d9678d-tlplx/historyserver,2143846400,2466119680,2624745472,1247458013
1786040224646431500,historyserver-demo-7768d9678d-tlplx/historyserver,2277953536,2600505344,2624745472,1247989068
1786040225690358834,historyserver-demo-7768d9678d-tlplx/historyserver,1932300288,2254585856,2624745472,1249271387
1786040226734297584,historyserver-demo-7768d9678d-tlplx/historyserver,1932300288,2254585856,2624745472,1250317823
1786040227776314626,historyserver-demo-7768d9678d-tlplx/historyserver,1932300288,2254585856,2624745472,1251365164
1786040228818345585,historyserver-demo-7768d9678d-tlplx/historyserver,1932300288,2254585856,2624745472,1252461872
1786040229859313585,historyserver-demo-7768d9678d-tlplx/historyserver,1279291392,1547100160,2624745472,1253997513
1786040230899355961,historyserver-demo-7768d9678d-tlplx/historyserver,937013248,1147600896,2624745472,1255075910
1786040231939365128,historyserver-demo-7768d9678d-tlplx/historyserver,937013248,1147600896,2624745472,1256122801
1786040232980499754,historyserver-demo-7768d9678d-tlplx/historyserver,937013248,1147600896,2624745472,1257170006
1786040234021401129,historyserver-demo-7768d9678d-tlplx/historyserver,938672128,1149435904,2624745472,1258215172
1786040235062703421,historyserver-demo-7768d9678d-tlplx/historyserver,978972672,1189625856,2624745472,1260342952
1786040236103269630,historyserver-demo-7768d9678d-tlplx/historyserver,994590720,1205563392,2624745472,1261391469
1786040237147433089,historyserver-demo-7768d9678d-tlplx/historyserver,1032081408,1243037696,2624745472,1262439049
1786040238188429589,historyserver-demo-7768d9678d-tlplx/historyserver,1077100544,1288327168,2624745472,1263484706
1786040239228411215,historyserver-demo-7768d9678d-tlplx/historyserver,1122512896,1334018048,2624745472,1264530171
1786040240268319674,historyserver-demo-7768d9678d-tlplx/historyserver,1169158144,1379737600,2624745472,1265571845
1786040241305267549,historyserver-demo-7768d9678d-tlplx/historyserver,1216360448,1427136512,2624745472,1266613327
1786040242341312633,historyserver-demo-7768d9678d-tlplx/historyserver,1260756992,1471389696,2624745472,1267652737
1786040243374408634,historyserver-demo-7768d9678d-tlplx/historyserver,1306734592,1517555712,2624745472,1268690304
1786040244406449842,historyserver-demo-7768d9678d-tlplx/historyserver,1351114752,1561931776,2624745472,1269727880
1786040245438299760,historyserver-demo-7768d9678d-tlplx/historyserver,1395585024,1606320128,2624745472,1270764431
1786040246470302968,historyserver-demo-7768d9678d-tlplx/historyserver,1439432704,1650995200,2624745472,1271801252
1786040247502543469,historyserver-demo-7768d9678d-tlplx/historyserver,1477713920,1689595904,2624745472,1274079689
1786040248538362719,historyserver-demo-7768d9678d-tlplx/historyserver,1481461760,1692049408,2624745472,1275599793
1786040249574402637,historyserver-demo-7768d9678d-tlplx/historyserver,1481584640,1692393472,2624745472,1276645556
1786040250617448720,historyserver-demo-7768d9678d-tlplx/historyserver,1483161600,1693835264,2624745472,1277823266
1786040251784970721,historyserver-demo-7768d9678d-tlplx/historyserver,1486544896,1697132544,2624745472,1278896154
1786040252851405596,historyserver-demo-7768d9678d-tlplx/historyserver,1486577664,1697169408,2624745472,1279956014
1786040253904485347,historyserver-demo-7768d9678d-tlplx/historyserver,1486577664,1697165312,2624745472,1281012167
1786040254955997791,historyserver-demo-7768d9678d-tlplx/historyserver,1584701440,1795620864,2624745472,1282037755
1786040256007727959,historyserver-demo-7768d9678d-tlplx/historyserver,1612345344,1804976128,2624745472,1283651100
1786040257056518126,historyserver-demo-7768d9678d-tlplx/historyserver,1568616448,1761247232,2624745472,1284714602
1786040258102518543,historyserver-demo-7768d9678d-tlplx/historyserver,1568616448,1761513472,2624745472,1286287709
1786040259156554293,historyserver-demo-7768d9678d-tlplx/historyserver,1340112896,1522913280,2624745472,1287650883
1786040260206603586,historyserver-demo-7768d9678d-tlplx/historyserver,1126653952,1309454336,2624745472,1288743023
1786040261251631961,historyserver-demo-7768d9678d-tlplx/historyserver,1126653952,1309716480,2624745472,1289795082
1786040262298555087,historyserver-demo-7768d9678d-tlplx/historyserver,1128833024,1311870976,2624745472,1290848564
1786040263344571045,historyserver-demo-7768d9678d-tlplx/historyserver,1174933504,1357897728,2624745472,1291898479
1786040264389556838,historyserver-demo-7768d9678d-tlplx/historyserver,1207631872,1390682112,2624745472,1294365568
1786040265436503796,historyserver-demo-7768d9678d-tlplx/historyserver,1227866112,1410998272,2624745472,1295417139
1786040266482594505,historyserver-demo-7768d9678d-tlplx/historyserver,1249689600,1432633344,2624745472,1296468207
1786040267527459047,historyserver-demo-7768d9678d-tlplx/historyserver,1277480960,1460371456,2624745472,1297516838
1786040268570465548,historyserver-demo-7768d9678d-tlplx/historyserver,1305468928,1488605184,2624745472,1298565027
1786040269612492840,historyserver-demo-7768d9678d-tlplx/historyserver,1333268480,1516449792,2624745472,1299610778
1786040270653588507,historyserver-demo-7768d9678d-tlplx/historyserver,1364709376,1547960320,2624745472,1300656783
1786040271693445049,historyserver-demo-7768d9678d-tlplx/historyserver,1397342208,1580822528,2624745472,1301698684
1786040272728534592,historyserver-demo-7768d9678d-tlplx/historyserver,1441984512,1625436160,2624745472,1302737222
1786040273762531675,historyserver-demo-7768d9678d-tlplx/historyserver,1489063936,1672527872,2624745472,1303774156
1786040274794613718,historyserver-demo-7768d9678d-tlplx/historyserver,1535016960,1718317056,2624745472,1304812999
1786040275826547385,historyserver-demo-7768d9678d-tlplx/historyserver,1580257280,1763803136,2624745472,1305852051
1786040276860563510,historyserver-demo-7768d9678d-tlplx/historyserver,1624961024,1808449536,2624745472,1306890792
1786040277892652052,historyserver-demo-7768d9678d-tlplx/historyserver,1646534656,1829699584,2624745472,1309971975
1786040278924842845,historyserver-demo-7768d9678d-tlplx/historyserver,1646772224,1829834752,2624745472,1311061963
1786040279960581553,historyserver-demo-7768d9678d-tlplx/historyserver,1812439040,1995239424,2624745472,1312073458
1786040280992468179,historyserver-demo-7768d9678d-tlplx/historyserver,1812639744,1995526144,2624745472,1313112535
1786040282024832929,historyserver-demo-7768d9678d-tlplx/historyserver,1819439104,2002501632,2624745472,1314150840
1786040283057503180,historyserver-demo-7768d9678d-tlplx/historyserver,1820241920,2003169280,2624745472,1315187942
1786040284090626972,historyserver-demo-7768d9678d-tlplx/historyserver,1625939968,1811664896,2624745472,1317669778
1786040285124768917,historyserver-demo-7768d9678d-tlplx/historyserver,1605312512,1790783488,2624745472,1318720080
1786040286160757709,historyserver-demo-7768d9678d-tlplx/historyserver,1605312512,1790783488,2624745472,1319761712
1786040287194584293,historyserver-demo-7768d9678d-tlplx/historyserver,1605894144,1791365120,2624745472,1320801540
1786040288228683710,historyserver-demo-7768d9678d-tlplx/historyserver,1605894144,1791365120,2624745472,1321840359
1786040289261542877,historyserver-demo-7768d9678d-tlplx/historyserver,1605894144,1791361024,2624745472,1322881548
1786040290296592752,historyserver-demo-7768d9678d-tlplx/historyserver,1605894144,1791365120,2624745472,1323921985
1786040291330616170,historyserver-demo-7768d9678d-tlplx/historyserver,1605894144,1791365120,2624745472,1324977482
1786040292383708587,historyserver-demo-7768d9678d-tlplx/historyserver,1614233600,1799700480,2624745472,1326022524
1786040293417521587,historyserver-demo-7768d9678d-tlplx/historyserver,1614233600,1799966720,2624745472,1327481890
1786040294454562254,historyserver-demo-7768d9678d-tlplx/historyserver,1614368768,1800105984,2624745472,1329963322
1786040295487205422,historyserver-demo-7768d9678d-tlplx/historyserver,1614368768,1799843840,2624745472,1331061432
1786040296576773005,historyserver-demo-7768d9678d-tlplx/historyserver,1614368768,1799843840,2624745472,1332106076
1786040297615466339,historyserver-demo-7768d9678d-tlplx/historyserver,1810075648,1995796480,2624745472,1333800499
1786040298668563923,historyserver-demo-7768d9678d-tlplx/historyserver,1661390848,1846906880,2624745472,1335462013
1786040299709595007,historyserver-demo-7768d9678d-tlplx/historyserver,1486540800,1625673728,2624745472,1336547512
1786040300751620257,historyserver-demo-7768d9678d-tlplx/historyserver,1486540800,1625673728,2624745472,1337596477
1786040301794597091,historyserver-demo-7768d9678d-tlplx/historyserver,1504342016,1644433408,2624745472,1338643410
1786040302835520050,historyserver-demo-7768d9678d-tlplx/historyserver,1553723392,1693323264,2624745472,1339688383
1786040303876475967,historyserver-demo-7768d9678d-tlplx/historyserver,1584664576,1724313600,2624745472,1340741487
1786040304922499051,historyserver-demo-7768d9678d-tlplx/historyserver,1625473024,1765466112,2624745472,1341791179
1786040305965646343,historyserver-demo-7768d9678d-tlplx/historyserver,1666383872,1806610432,2624745472,1342839289
1786040307007586385,historyserver-demo-7768d9678d-tlplx/historyserver,1710698496,1850040320,2624745472,1343883987
1786040308047522719,historyserver-demo-7768d9678d-tlplx/historyserver,1744957440,1884499968,2624745472,1346928132
1786040309088457553,historyserver-demo-7768d9678d-tlplx/historyserver,1745235968,1884368896,2624745472,1348033644
1786040310129675512,historyserver-demo-7768d9678d-tlplx/historyserver,1745235968,1884368896,2624745472,1349079808
1786040311169939596,historyserver-demo-7768d9678d-tlplx/historyserver,1761579008,1900974080,2624745472,1350124544
1786040312210755304,historyserver-demo-7768d9678d-tlplx/historyserver,1775439872,1914572800,2624745472,1351171357
1786040313251543430,historyserver-demo-7768d9678d-tlplx/historyserver,1779613696,1918746624,2624745472,1352218778
1786040314292537055,historyserver-demo-7768d9678d-tlplx/historyserver,1779613696,1918746624,2624745472,1353266415
1786040315333869333,historyserver-demo-7768d9678d-tlplx/historyserver,1782128640,1921257472,2624745472,1354313281
1786040316374790584,historyserver-demo-7768d9678d-tlplx/historyserver,1782128640,1921257472,2624745472,1355358508
1786040317415757751,historyserver-demo-7768d9678d-tlplx/historyserver,1794064384,1933398016,2624745472,1356405287
1786040318456946626,historyserver-demo-7768d9678d-tlplx/historyserver,1823907840,1963036672,2624745472,1357462295
1786040319507256252,historyserver-demo-7768d9678d-tlplx/historyserver,1836515328,1975644160,2624745472,1358507778
1786040320548008586,historyserver-demo-7768d9678d-tlplx/historyserver,1848836096,1987964928,2624745472,1359555329
1786040321588837295,historyserver-demo-7768d9678d-tlplx/historyserver,1855651840,1994780672,2624745472,1360603138
1786040322630691128,historyserver-demo-7768d9678d-tlplx/historyserver,2200383488,2338324480,2624745472,1362947490
1786040323674278087,historyserver-demo-7768d9678d-tlplx/historyserver,2034548736,2199351296,2624745472,1365120670
1786040324717090463,historyserver-demo-7768d9678d-tlplx/historyserver,2018557952,2183360512,2624745472,1366173600
1786040325759561797,historyserver-demo-7768d9678d-tlplx/historyserver,2018557952,2183364608,2624745472,1367220574
1786040326801013839,historyserver-demo-7768d9678d-tlplx/historyserver,2019024896,2184077312,2624745472,1368268301
1786040327843899589,historyserver-demo-7768d9678d-tlplx/historyserver,2019635200,2184691712,2624745472,1369317242
1786040328885864965,historyserver-demo-7768d9678d-tlplx/historyserver,2020368384,2185420800,2624745472,1370364901
1786040329928928674,historyserver-demo-7768d9678d-tlplx/historyserver,2020941824,2185744384,2624745472,1371413492
1786040330971870966,historyserver-demo-7768d9678d-tlplx/historyserver,2020941824,2185744384,2624745472,1372463137
1786040332015450883,historyserver-demo-7768d9678d-tlplx/historyserver,2020941824,2185744384,2624745472,1373509754
1786040333057936925,historyserver-demo-7768d9678d-tlplx/historyserver,2020941824,2185744384,2624745472,1374559220
1786040334100990259,historyserver-demo-7768d9678d-tlplx/historyserver,2023030784,2187833344,2624745472,1375606671
1786040335142963718,historyserver-demo-7768d9678d-tlplx/historyserver,2020671488,2185478144,2624745472,1377372812
1786040336188992343,historyserver-demo-7768d9678d-tlplx/historyserver,2020671488,2185474048,2624745472,1380230615
1786040337231766052,historyserver-demo-7768d9678d-tlplx/historyserver,2020671488,2185478144,2624745472,1381279088
1786040338274854261,historyserver-demo-7768d9678d-tlplx/historyserver,2020671488,2185474048,2624745472,1382329938
1786040339318874886,historyserver-demo-7768d9678d-tlplx/historyserver,2030551040,2195361792,2624745472,1383377767
1786040340362004720,historyserver-demo-7768d9678d-tlplx/historyserver,2045960192,2210861056,2624745472,1384429578
1786040341406705262,historyserver-demo-7768d9678d-tlplx/historyserver,2064809984,2229665792,2624745472,1385478329
1786040342450067471,historyserver-demo-7768d9678d-tlplx/historyserver,2090606592,2255425536,2624745472,1386527952
1786040343494461347,historyserver-demo-7768d9678d-tlplx/historyserver,2123177984,2288214016,2624745472,1387574650
1786040344537572750,historyserver-demo-7768d9678d-tlplx/historyserver,2151292928,2316226560,2624745472,1388621976
1786040345581623000,historyserver-demo-7768d9678d-tlplx/historyserver,2176458752,2341400576,2624745472,1389672681
1786040346625231167,historyserver-demo-7768d9678d-tlplx/historyserver,2191147008,2355949568,2624745472,1390721086
1786040347668064793,historyserver-demo-7768d9678d-tlplx/historyserver,2205917184,2370719744,2624745472,1391769730
1786040348711397627,historyserver-demo-7768d9678d-tlplx/historyserver,2211602432,2376617984,2624745472,1392817250
1786040349754318419,historyserver-demo-7768d9678d-tlplx/historyserver,2219974656,2384777216,2624745472,1393867965
1786040350798122753,historyserver-demo-7768d9678d-tlplx/historyserver,2219974656,2384777216,2624745472,1394916678
1786040351841679420,historyserver-demo-7768d9678d-tlplx/historyserver,2241093632,2405937152,2624745472,1395966520
1786040352885194045,historyserver-demo-7768d9678d-tlplx/historyserver,2269814784,2434875392,2624745472,1397014589
1786040353927312087,historyserver-demo-7768d9678d-tlplx/historyserver,2270281728,2435080192,2624745472,1398065152
1786040354972213463,historyserver-demo-7768d9678d-tlplx/historyserver,2270285824,2435084288,2624745472,1399112932
1786040356015120713,historyserver-demo-7768d9678d-tlplx/historyserver,2270285824,2435080192,2624745472,1400162048
1786040357058105381,historyserver-demo-7768d9678d-tlplx/historyserver,2270294016,2435092480,2624745472,1403696910
1786040358103540589,historyserver-demo-7768d9678d-tlplx/historyserver,2270294016,2435092480,2624745472,1403803806
1786040359160433673,historyserver-demo-7768d9678d-tlplx/historyserver,2270294016,2435092480,2624745472,1403803806
1786040360217137549,historyserver-demo-7768d9678d-tlplx/historyserver,2270294016,2435092480,2624745472,1403803806
1786040361275510924,historyserver-demo-7768d9678d-tlplx/historyserver,2270294016,2435092480,2624745472,1403803806
1786040362345722591,historyserver-demo-7768d9678d-tlplx/historyserver,2270294016,2435092480,2624745472,1403803806
1786040363401420967,historyserver-demo-7768d9678d-tlplx/historyserver,2270294016,2435092480,2624745472,1403803806
