time="2026-08-06T17:58:42Z" level=info msg="create client manager successfully, clients: 1"
time="2026-08-06T17:58:42Z" level=info msg="Begin to create s3 client ..."
time="2026-08-06T17:58:42Z" level=info msg="Checking if bucket ray-historyserver exists..."
time="2026-08-06T17:58:42Z" level=info msg="Bucket ray-historyserver already exists"
time="2026-08-06T17:58:42Z" level=info msg="Clean logdir is logs"
time="2026-08-06T17:58:42Z" level=info msg="Starting server on :8080"
time="2026-08-06T17:58:43Z" level=info msg="Received request: GET /readz"
time="2026-08-06T17:58:43Z" level=info msg="live clusters: []"
time="2026-08-06T17:58:43Z" level=info msg="[List]Returned objects in log/cluster-metadata/. length of page.Contents: 2, length of page.CommonPrefixes: 0"
time="2026-08-06T17:58:43Z" level=error msg="Failed to parse meta file path: log/cluster-metadata/raycluster/test-ns-hnk4h_raycluster-historyserver/, error: invalid path segment count for cluster metadata structure: log/cluster-metadata/raycluster/test-ns-hnk4h_raycluster-historyserver/"
time="2026-08-06T17:58:43Z" level=info msg="Parsed cluster raycluster-historyserver for session session_2026-08-06_10-56-08_444353_1 to list"
time="2026-08-06T17:58:44Z" level=info msg="live clusters: []"
time="2026-08-06T17:58:44Z" level=info msg="[List]Returned objects in log/cluster-metadata/. length of page.Contents: 2, length of page.CommonPrefixes: 0"
time="2026-08-06T17:58:44Z" level=error msg="Failed to parse meta file path: log/cluster-metadata/raycluster/test-ns-hnk4h_raycluster-historyserver/, error: invalid path segment count for cluster metadata structure: log/cluster-metadata/raycluster/test-ns-hnk4h_raycluster-historyserver/"
time="2026-08-06T17:58:44Z" level=info msg="Parsed cluster raycluster-historyserver for session session_2026-08-06_10-56-08_444353_1 to list"
time="2026-08-06T17:58:44Z" level=info msg="live clusters: []"
time="2026-08-06T17:58:44Z" level=info msg="[List]Returned objects in log/cluster-metadata/. length of page.Contents: 2, length of page.CommonPrefixes: 0"
time="2026-08-06T17:58:44Z" level=error msg="Failed to parse meta file path: log/cluster-metadata/raycluster/test-ns-hnk4h_raycluster-historyserver/, error: invalid path segment count for cluster metadata structure: log/cluster-metadata/raycluster/test-ns-hnk4h_raycluster-historyserver/"
time="2026-08-06T17:58:44Z" level=info msg="Parsed cluster raycluster-historyserver for session session_2026-08-06_10-56-08_444353_1 to list"
time="2026-08-06T17:58:44Z" level=info msg="live clusters: []"
time="2026-08-06T17:58:44Z" level=info msg="[List]Returned objects in log/cluster-metadata/. length of page.Contents: 2, length of page.CommonPrefixes: 0"
time="2026-08-06T17:58:44Z" level=error msg="Failed to parse meta file path: log/cluster-metadata/raycluster/test-ns-hnk4h_raycluster-historyserver/, error: invalid path segment count for cluster metadata structure: log/cluster-metadata/raycluster/test-ns-hnk4h_raycluster-historyserver/"
time="2026-08-06T17:58:44Z" level=info msg="Parsed cluster raycluster-historyserver for session session_2026-08-06_10-56-08_444353_1 to list"
time="2026-08-06T17:58:44Z" level=info msg="live clusters: []"
time="2026-08-06T17:58:44Z" level=info msg="[List]Returned objects in log/cluster-metadata/. length of page.Contents: 2, length of page.CommonPrefixes: 0"
time="2026-08-06T17:58:44Z" level=error msg="Failed to parse meta file path: log/cluster-metadata/raycluster/test-ns-hnk4h_raycluster-historyserver/, error: invalid path segment count for cluster metadata structure: log/cluster-metadata/raycluster/test-ns-hnk4h_raycluster-historyserver/"
time="2026-08-06T17:58:44Z" level=info msg="Parsed cluster raycluster-historyserver for session session_2026-08-06_10-56-08_444353_1 to list"
time="2026-08-06T17:58:44Z" level=info msg="Received request: GET /enter_cluster/test-ns-hnk4h/raycluster/raycluster-historyserver/session_2026-08-06_10-56-08_444353_1"
time="2026-08-06T17:58:44Z" level=info msg="[List]Returned objects in log/cluster-metadata/. length of page.Contents: 2, length of page.CommonPrefixes: 0"
time="2026-08-06T17:58:44Z" level=error msg="Failed to parse meta file path: log/cluster-metadata/raycluster/test-ns-hnk4h_raycluster-historyserver/, error: invalid path segment count for cluster metadata structure: log/cluster-metadata/raycluster/test-ns-hnk4h_raycluster-historyserver/"
time="2026-08-06T17:58:44Z" level=info msg="Parsed cluster raycluster-historyserver for session session_2026-08-06_10-56-08_444353_1 to list"
time="2026-08-06T17:58:44Z" level=info msg="[ListFiles]Returned objects in log/cluster-history/raycluster/test-ns-hnk4h/raycluster-historyserver/session_2026-08-06_10-56-08_444353_1/. length of page.Contents: 0, length of page.CommonPrefixes: 3"
time="2026-08-06T17:58:44Z" level=info msg="[ListFiles]Returned objects in log/cluster-history/raycluster/test-ns-hnk4h/raycluster-historyserver/session_2026-08-06_10-56-08_444353_1/2be41aea8b4f1ff29e7c0f1be8edbe79d4e840a366ce7321a75ab52e/logs/events/. length of page.Contents: 11, length of page.CommonPrefixes: 0"
time="2026-08-06T17:58:44Z" level=info msg="Prepare to get object log/cluster-history/raycluster/test-ns-hnk4h/raycluster-historyserver/session_2026-08-06_10-56-08_444353_1/2be41aea8b4f1ff29e7c0f1be8edbe79d4e840a366ce7321a75ab52e/logs/events/event_AUTOSCALER.log info ..."
time="2026-08-06T17:58:44Z" level=info msg="Prepare to get object log/cluster-history/raycluster/test-ns-hnk4h/raycluster-historyserver/session_2026-08-06_10-56-08_444353_1/2be41aea8b4f1ff29e7c0f1be8edbe79d4e840a366ce7321a75ab52e/logs/events/event_CORE_WORKER_1019.log info ..."
time="2026-08-06T17:58:44Z" level=info msg="Prepare to get object log/cluster-history/raycluster/test-ns-hnk4h/raycluster-historyserver/session_2026-08-06_10-56-08_444353_1/2be41aea8b4f1ff29e7c0f1be8edbe79d4e840a366ce7321a75ab52e/logs/events/event_CORE_WORKER_1163.log info ..."
time="2026-08-06T17:58:44Z" level=info msg="Prepare to get object log/cluster-history/raycluster/test-ns-hnk4h/raycluster-historyserver/session_2026-08-06_10-56-08_444353_1/2be41aea8b4f1ff29e7c0f1be8edbe79d4e840a366ce7321a75ab52e/logs/events/event_CORE_WORKER_200.log info ..."
time="2026-08-06T17:58:44Z" level=info msg="Prepare to get object log/cluster-history/raycluster/test-ns-hnk4h/raycluster-historyserver/session_2026-08-06_10-56-08_444353_1/2be41aea8b4f1ff29e7c0f1be8edbe79d4e840a366ce7321a75ab52e/logs/events/event_CORE_WORKER_205.log info ..."
time="2026-08-06T17:58:44Z" level=info msg="Prepare to get object log/cluster-history/raycluster/test-ns-hnk4h/raycluster-historyserver/session_2026-08-06_10-56-08_444353_1/2be41aea8b4f1ff29e7c0f1be8edbe79d4e840a366ce7321a75ab52e/logs/events/event_CORE_WORKER_677.log info ..."
time="2026-08-06T17:58:44Z" level=info msg="Prepare to get object log/cluster-history/raycluster/test-ns-hnk4h/raycluster-historyserver/session_2026-08-06_10-56-08_444353_1/2be41aea8b4f1ff29e7c0f1be8edbe79d4e840a366ce7321a75ab52e/logs/events/event_CORE_WORKER_963.log info ..."
time="2026-08-06T17:58:44Z" level=info msg="Prepare to get object log/cluster-history/raycluster/test-ns-hnk4h/raycluster-historyserver/session_2026-08-06_10-56-08_444353_1/2be41aea8b4f1ff29e7c0f1be8edbe79d4e840a366ce7321a75ab52e/logs/events/event_GCS.log info ..."
time="2026-08-06T17:58:44Z" level=info msg="Prepare to get object log/cluster-history/raycluster/test-ns-hnk4h/raycluster-historyserver/session_2026-08-06_10-56-08_444353_1/2be41aea8b4f1ff29e7c0f1be8edbe79d4e840a366ce7321a75ab52e/logs/events/event_JOBS.log info ..."
time="2026-08-06T17:58:44Z" level=info msg="Prepare to get object log/cluster-history/raycluster/test-ns-hnk4h/raycluster-historyserver/session_2026-08-06_10-56-08_444353_1/2be41aea8b4f1ff29e7c0f1be8edbe79d4e840a366ce7321a75ab52e/logs/events/event_RAYLET.log info ..."
time="2026-08-06T17:58:44Z" level=info msg="[ListFiles]Returned objects in log/cluster-history/raycluster/test-ns-hnk4h/raycluster-historyserver/session_2026-08-06_10-56-08_444353_1/dec95c65bc663100ce18f14251f9ac8d65f501a20873d77a2471e9b7/logs/events/. length of page.Contents: 13, length of page.CommonPrefixes: 0"
time="2026-08-06T17:58:44Z" level=info msg="Prepare to get object log/cluster-history/raycluster/test-ns-hnk4h/raycluster-historyserver/session_2026-08-06_10-56-08_444353_1/dec95c65bc663100ce18f14251f9ac8d65f501a20873d77a2471e9b7/logs/events/event_CORE_WORKER_227.log info ..."
time="2026-08-06T17:58:44Z" level=info msg="Prepare to get object log/cluster-history/raycluster/test-ns-hnk4h/raycluster-historyserver/session_2026-08-06_10-56-08_444353_1/dec95c65bc663100ce18f14251f9ac8d65f501a20873d77a2471e9b7/logs/events/event_CORE_WORKER_228.log info ..."
time="2026-08-06T17:58:44Z" level=info msg="Prepare to get object log/cluster-history/raycluster/test-ns-hnk4h/raycluster-historyserver/session_2026-08-06_10-56-08_444353_1/dec95c65bc663100ce18f14251f9ac8d65f501a20873d77a2471e9b7/logs/events/event_CORE_WORKER_312.log info ..."
time="2026-08-06T17:58:44Z" level=info msg="Prepare to get object log/cluster-history/raycluster/test-ns-hnk4h/raycluster-historyserver/session_2026-08-06_10-56-08_444353_1/dec95c65bc663100ce18f14251f9ac8d65f501a20873d77a2471e9b7/logs/events/event_CORE_WORKER_318.log info ..."
time="2026-08-06T17:58:44Z" level=info msg="Prepare to get object log/cluster-history/raycluster/test-ns-hnk4h/raycluster-historyserver/session_2026-08-06_10-56-08_444353_1/dec95c65bc663100ce18f14251f9ac8d65f501a20873d77a2471e9b7/logs/events/event_CORE_WORKER_410.log info ..."
time="2026-08-06T17:58:44Z" level=info msg="Prepare to get object log/cluster-history/raycluster/test-ns-hnk4h/raycluster-historyserver/session_2026-08-06_10-56-08_444353_1/dec95c65bc663100ce18f14251f9ac8d65f501a20873d77a2471e9b7/logs/events/event_CORE_WORKER_418.log info ..."
time="2026-08-06T17:58:44Z" level=info msg="Prepare to get object log/cluster-history/raycluster/test-ns-hnk4h/raycluster-historyserver/session_2026-08-06_10-56-08_444353_1/dec95c65bc663100ce18f14251f9ac8d65f501a20873d77a2471e9b7/logs/events/event_CORE_WORKER_509.log info ..."
time="2026-08-06T17:58:44Z" level=info msg="Prepare to get object log/cluster-history/raycluster/test-ns-hnk4h/raycluster-historyserver/session_2026-08-06_10-56-08_444353_1/dec95c65bc663100ce18f14251f9ac8d65f501a20873d77a2471e9b7/logs/events/event_CORE_WORKER_511.log info ..."
time="2026-08-06T17:58:44Z" level=info msg="Prepare to get object log/cluster-history/raycluster/test-ns-hnk4h/raycluster-historyserver/session_2026-08-06_10-56-08_444353_1/dec95c65bc663100ce18f14251f9ac8d65f501a20873d77a2471e9b7/logs/events/event_CORE_WORKER_605.log info ..."
time="2026-08-06T17:58:44Z" level=info msg="Prepare to get object log/cluster-history/raycluster/test-ns-hnk4h/raycluster-historyserver/session_2026-08-06_10-56-08_444353_1/dec95c65bc663100ce18f14251f9ac8d65f501a20873d77a2471e9b7/logs/events/event_CORE_WORKER_608.log info ..."
time="2026-08-06T17:58:44Z" level=info msg="Prepare to get object log/cluster-history/raycluster/test-ns-hnk4h/raycluster-historyserver/session_2026-08-06_10-56-08_444353_1/dec95c65bc663100ce18f14251f9ac8d65f501a20873d77a2471e9b7/logs/events/event_CORE_WORKER_695.log info ..."
time="2026-08-06T17:58:44Z" level=info msg="Prepare to get object log/cluster-history/raycluster/test-ns-hnk4h/raycluster-historyserver/session_2026-08-06_10-56-08_444353_1/dec95c65bc663100ce18f14251f9ac8d65f501a20873d77a2471e9b7/logs/events/event_RAYLET.log info ..."
time="2026-08-06T17:58:44Z" level=info msg="[ListFiles]Returned objects in log/cluster-history/raycluster/test-ns-hnk4h/raycluster-historyserver/session_2026-08-06_10-56-08_444353_1/fetched_endpoints/logs/events/. length of page.Contents: 0, length of page.CommonPrefixes: 0"
time="2026-08-06T17:58:44Z" level=info msg="[ListFiles]Returned objects in log/cluster-history/raycluster/test-ns-hnk4h/raycluster-historyserver/session_2026-08-06_10-56-08_444353_1/. length of page.Contents: 0, length of page.CommonPrefixes: 3"
time="2026-08-06T17:58:44Z" level=info msg="[ListFiles]Returned objects in log/cluster-history/raycluster/test-ns-hnk4h/raycluster-historyserver/session_2026-08-06_10-56-08_444353_1/2be41aea8b4f1ff29e7c0f1be8edbe79d4e840a366ce7321a75ab52e/job_events/. length of page.Contents: 0, length of page.CommonPrefixes: 4"
time="2026-08-06T17:58:44Z" level=info msg="[ListFiles]Returned objects in log/cluster-history/raycluster/test-ns-hnk4h/raycluster-historyserver/session_2026-08-06_10-56-08_444353_1/2be41aea8b4f1ff29e7c0f1be8edbe79d4e840a366ce7321a75ab52e/job_events/01000000/. length of page.Contents: 2, length of page.CommonPrefixes: 0"
time="2026-08-06T17:58:44Z" level=info msg="[ListFiles]Returned objects in log/cluster-history/raycluster/test-ns-hnk4h/raycluster-historyserver/session_2026-08-06_10-56-08_444353_1/2be41aea8b4f1ff29e7c0f1be8edbe79d4e840a366ce7321a75ab52e/job_events/02000000/. length of page.Contents: 2, length of page.CommonPrefixes: 0"
time="2026-08-06T17:58:44Z" level=info msg="[ListFiles]Returned objects in log/cluster-history/raycluster/test-ns-hnk4h/raycluster-historyserver/session_2026-08-06_10-56-08_444353_1/2be41aea8b4f1ff29e7c0f1be8edbe79d4e840a366ce7321a75ab52e/job_events/03000000/. length of page.Contents: 4, length of page.CommonPrefixes: 0"
time="2026-08-06T17:58:44Z" level=info msg="[ListFiles]Returned objects in log/cluster-history/raycluster/test-ns-hnk4h/raycluster-historyserver/session_2026-08-06_10-56-08_444353_1/2be41aea8b4f1ff29e7c0f1be8edbe79d4e840a366ce7321a75ab52e/job_events/04000000/. length of page.Contents: 2, length of page.CommonPrefixes: 0"
time="2026-08-06T17:58:44Z" level=info msg="[ListFiles]Returned objects in log/cluster-history/raycluster/test-ns-hnk4h/raycluster-historyserver/session_2026-08-06_10-56-08_444353_1/dec95c65bc663100ce18f14251f9ac8d65f501a20873d77a2471e9b7/job_events/. length of page.Contents: 0, length of page.CommonPrefixes: 1"
time="2026-08-06T17:58:44Z" level=info msg="[ListFiles]Returned objects in log/cluster-history/raycluster/test-ns-hnk4h/raycluster-historyserver/session_2026-08-06_10-56-08_444353_1/dec95c65bc663100ce18f14251f9ac8d65f501a20873d77a2471e9b7/job_events/03000000/. length of page.Contents: 3, length of page.CommonPrefixes: 0"
time="2026-08-06T17:58:44Z" level=info msg="[ListFiles]Returned objects in log/cluster-history/raycluster/test-ns-hnk4h/raycluster-historyserver/session_2026-08-06_10-56-08_444353_1/fetched_endpoints/job_events/. length of page.Contents: 0, length of page.CommonPrefixes: 0"
time="2026-08-06T17:58:44Z" level=info msg="[ListFiles]Returned objects in log/cluster-history/raycluster/test-ns-hnk4h/raycluster-historyserver/session_2026-08-06_10-56-08_444353_1/. length of page.Contents: 0, length of page.CommonPrefixes: 3"
time="2026-08-06T17:58:44Z" level=info msg="[ListFiles]Returned objects in log/cluster-history/raycluster/test-ns-hnk4h/raycluster-historyserver/session_2026-08-06_10-56-08_444353_1/2be41aea8b4f1ff29e7c0f1be8edbe79d4e840a366ce7321a75ab52e/node_events/. length of page.Contents: 2, length of page.CommonPrefixes: 0"
time="2026-08-06T17:58:44Z" level=info msg="[ListFiles]Returned objects in log/cluster-history/raycluster/test-ns-hnk4h/raycluster-historyserver/session_2026-08-06_10-56-08_444353_1/dec95c65bc663100ce18f14251f9ac8d65f501a20873d77a2471e9b7/node_events/. length of page.Contents: 0, length of page.CommonPrefixes: 0"
time="2026-08-06T17:58:44Z" level=info msg="[ListFiles]Returned objects in log/cluster-history/raycluster/test-ns-hnk4h/raycluster-historyserver/session_2026-08-06_10-56-08_444353_1/fetched_endpoints/node_events/. length of page.Contents: 0, length of page.CommonPrefixes: 0"
time="2026-08-06T17:58:44Z" level=info msg="Prepare to get object log/cluster-history/raycluster/test-ns-hnk4h/raycluster-historyserver/session_2026-08-06_10-56-08_444353_1/2be41aea8b4f1ff29e7c0f1be8edbe79d4e840a366ce7321a75ab52e/job_events/01000000/2be41aea8b4f1ff29e7c0f1be8edbe79d4e840a366ce7321a75ab52e-2026-08-06-17-1786038973787948337.jsonl info ..."
time="2026-08-06T17:58:44Z" level=info msg="Prepare to get object log/cluster-history/raycluster/test-ns-hnk4h/raycluster-historyserver/session_2026-08-06_10-56-08_444353_1/2be41aea8b4f1ff29e7c0f1be8edbe79d4e840a366ce7321a75ab52e/job_events/02000000/2be41aea8b4f1ff29e7c0f1be8edbe79d4e840a366ce7321a75ab52e-2026-08-06-17-1786038992917769597.jsonl info ..."
time="2026-08-06T17:58:44Z" level=info msg="Prepare to get object log/cluster-history/raycluster/test-ns-hnk4h/raycluster-historyserver/session_2026-08-06_10-56-08_444353_1/2be41aea8b4f1ff29e7c0f1be8edbe79d4e840a366ce7321a75ab52e/job_events/03000000/2be41aea8b4f1ff29e7c0f1be8edbe79d4e840a366ce7321a75ab52e-2026-08-06-17-1786038992918411180.jsonl info ..."
time="2026-08-06T17:59:14Z" level=info msg="Prepare to get object log/cluster-history/raycluster/test-ns-hnk4h/raycluster-historyserver/session_2026-08-06_10-56-08_444353_1/2be41aea8b4f1ff29e7c0f1be8edbe79d4e840a366ce7321a75ab52e/job_events/03000000/2be41aea8b4f1ff29e7c0f1be8edbe79d4e840a366ce7321a75ab52e-2026-08-06-17-1786039033337399379.jsonl info ..."
time="2026-08-06T17:59:37Z" level=info msg="Prepare to get object log/cluster-history/raycluster/test-ns-hnk4h/raycluster-historyserver/session_2026-08-06_10-56-08_444353_1/2be41aea8b4f1ff29e7c0f1be8edbe79d4e840a366ce7321a75ab52e/job_events/03000000/2be41aea8b4f1ff29e7c0f1be8edbe79d4e840a366ce7321a75ab52e-2026-08-06-17-1786039062940171295.jsonl info ..."
time="2026-08-06T17:59:55Z" level=info msg="Prepare to get object log/cluster-history/raycluster/test-ns-hnk4h/raycluster-historyserver/session_2026-08-06_10-56-08_444353_1/2be41aea8b4f1ff29e7c0f1be8edbe79d4e840a366ce7321a75ab52e/job_events/04000000/2be41aea8b4f1ff29e7c0f1be8edbe79d4e840a366ce7321a75ab52e-2026-08-06-17-1786039006301056797.jsonl info ..."
time="2026-08-06T17:59:55Z" level=info msg="Prepare to get object log/cluster-history/raycluster/test-ns-hnk4h/raycluster-historyserver/session_2026-08-06_10-56-08_444353_1/dec95c65bc663100ce18f14251f9ac8d65f501a20873d77a2471e9b7/job_events/03000000/dec95c65bc663100ce18f14251f9ac8d65f501a20873d77a2471e9b7-2026-08-06-17-1786038994971628750.jsonl info ..."
time="2026-08-06T18:00:08Z" level=error msg="Failed to store events for file session_2026-08-06_10-56-08_444353_1/dec95c65bc663100ce18f14251f9ac8d65f501a20873d77a2471e9b7/job_events/03000000/dec95c65bc663100ce18f14251f9ac8d65f501a20873d77a2471e9b7-2026-08-06-17-1786038994971628750.jsonl: TASK_LIFECYCLE_EVENT must have at least one state transition"
time="2026-08-06T18:00:08Z" level=error msg="Failed to store events for file session_2026-08-06_10-56-08_444353_1/dec95c65bc663100ce18f14251f9ac8d65f501a20873d77a2471e9b7/job_events/03000000/dec95c65bc663100ce18f14251f9ac8d65f501a20873d77a2471e9b7-2026-08-06-17-1786038994971628750.jsonl: TASK_LIFECYCLE_EVENT must have at least one state transition"
time="2026-08-06T18:00:09Z" level=error msg="Failed to store events for file session_2026-08-06_10-56-08_444353_1/dec95c65bc663100ce18f14251f9ac8d65f501a20873d77a2471e9b7/job_events/03000000/dec95c65bc663100ce18f14251f9ac8d65f501a20873d77a2471e9b7-2026-08-06-17-1786038994971628750.jsonl: TASK_LIFECYCLE_EVENT must have at least one state transition"
time="2026-08-06T18:00:09Z" level=error msg="Failed to store events for file session_2026-08-06_10-56-08_444353_1/dec95c65bc663100ce18f14251f9ac8d65f501a20873d77a2471e9b7/job_events/03000000/dec95c65bc663100ce18f14251f9ac8d65f501a20873d77a2471e9b7-2026-08-06-17-1786038994971628750.jsonl: TASK_LIFECYCLE_EVENT must have at least one state transition"
time="2026-08-06T18:00:10Z" level=error msg="Failed to store events for file session_2026-08-06_10-56-08_444353_1/dec95c65bc663100ce18f14251f9ac8d65f501a20873d77a2471e9b7/job_events/03000000/dec95c65bc663100ce18f14251f9ac8d65f501a20873d77a2471e9b7-2026-08-06-17-1786038994971628750.jsonl: TASK_LIFECYCLE_EVENT must have at least one state transition"
time="2026-08-06T18:00:10Z" level=error msg="Failed to store events for file session_2026-08-06_10-56-08_444353_1/dec95c65bc663100ce18f14251f9ac8d65f501a20873d77a2471e9b7/job_events/03000000/dec95c65bc663100ce18f14251f9ac8d65f501a20873d77a2471e9b7-2026-08-06-17-1786038994971628750.jsonl: TASK_LIFECYCLE_EVENT must have at least one state transition"
time="2026-08-06T18:00:10Z" level=error msg="Failed to store events for file session_2026-08-06_10-56-08_444353_1/dec95c65bc663100ce18f14251f9ac8d65f501a20873d77a2471e9b7/job_events/03000000/dec95c65bc663100ce18f14251f9ac8d65f501a20873d77a2471e9b7-2026-08-06-17-1786038994971628750.jsonl: TASK_LIFECYCLE_EVENT must have at least one state transition"
time="2026-08-06T18:00:11Z" level=error msg="Failed to store events for file session_2026-08-06_10-56-08_444353_1/dec95c65bc663100ce18f14251f9ac8d65f501a20873d77a2471e9b7/job_events/03000000/dec95c65bc663100ce18f14251f9ac8d65f501a20873d77a2471e9b7-2026-08-06-17-1786038994971628750.jsonl: TASK_LIFECYCLE_EVENT must have at least one state transition"
time="2026-08-06T18:00:11Z" level=error msg="Failed to store events for file session_2026-08-06_10-56-08_444353_1/dec95c65bc663100ce18f14251f9ac8d65f501a20873d77a2471e9b7/job_events/03000000/dec95c65bc663100ce18f14251f9ac8d65f501a20873d77a2471e9b7-2026-08-06-17-1786038994971628750.jsonl: TASK_LIFECYCLE_EVENT must have at least one state transition"
time="2026-08-06T18:00:12Z" level=error msg="Failed to store events for file session_2026-08-06_10-56-08_444353_1/dec95c65bc663100ce18f14251f9ac8d65f501a20873d77a2471e9b7/job_events/03000000/dec95c65bc663100ce18f14251f9ac8d65f501a20873d77a2471e9b7-2026-08-06-17-1786038994971628750.jsonl: TASK_LIFECYCLE_EVENT must have at least one state transition"
time="2026-08-06T18:00:12Z" level=error msg="Failed to store events for file session_2026-08-06_10-56-08_444353_1/dec95c65bc663100ce18f14251f9ac8d65f501a20873d77a2471e9b7/job_events/03000000/dec95c65bc663100ce18f14251f9ac8d65f501a20873d77a2471e9b7-2026-08-06-17-1786038994971628750.jsonl: TASK_LIFECYCLE_EVENT must have at least one state transition"
time="2026-08-06T18:00:12Z" level=error msg="Failed to store events for file session_2026-08-06_10-56-08_444353_1/dec95c65bc663100ce18f14251f9ac8d65f501a20873d77a2471e9b7/job_events/03000000/dec95c65bc663100ce18f14251f9ac8d65f501a20873d77a2471e9b7-2026-08-06-17-1786038994971628750.jsonl: TASK_LIFECYCLE_EVENT must have at least one state transition"
time="2026-08-06T18:00:12Z" level=error msg="Failed to store events for file session_2026-08-06_10-56-08_444353_1/dec95c65bc663100ce18f14251f9ac8d65f501a20873d77a2471e9b7/job_events/03000000/dec95c65bc663100ce18f14251f9ac8d65f501a20873d77a2471e9b7-2026-08-06-17-1786038994971628750.jsonl: TASK_LIFECYCLE_EVENT must have at least one state transition"
time="2026-08-06T18:00:12Z" level=error msg="Failed to store events for file session_2026-08-06_10-56-08_444353_1/dec95c65bc663100ce18f14251f9ac8d65f501a20873d77a2471e9b7/job_events/03000000/dec95c65bc663100ce18f14251f9ac8d65f501a20873d77a2471e9b7-2026-08-06-17-1786038994971628750.jsonl: TASK_LIFECYCLE_EVENT must have at least one state transition"
time="2026-08-06T18:00:13Z" level=error msg="Failed to store events for file session_2026-08-06_10-56-08_444353_1/dec95c65bc663100ce18f14251f9ac8d65f501a20873d77a2471e9b7/job_events/03000000/dec95c65bc663100ce18f14251f9ac8d65f501a20873d77a2471e9b7-2026-08-06-17-1786038994971628750.jsonl: TASK_LIFECYCLE_EVENT must have at least one state transition"
time="2026-08-06T18:00:13Z" level=error msg="Failed to store events for file session_2026-08-06_10-56-08_444353_1/dec95c65bc663100ce18f14251f9ac8d65f501a20873d77a2471e9b7/job_events/03000000/dec95c65bc663100ce18f14251f9ac8d65f501a20873d77a2471e9b7-2026-08-06-17-1786038994971628750.jsonl: TASK_LIFECYCLE_EVENT must have at least one state transition"
time="2026-08-06T18:00:13Z" level=error msg="Failed to store events for file session_2026-08-06_10-56-08_444353_1/dec95c65bc663100ce18f14251f9ac8d65f501a20873d77a2471e9b7/job_events/03000000/dec95c65bc663100ce18f14251f9ac8d65f501a20873d77a2471e9b7-2026-08-06-17-1786038994971628750.jsonl: TASK_LIFECYCLE_EVENT must have at least one state transition"
time="2026-08-06T18:00:13Z" level=error msg="Failed to store events for file session_2026-08-06_10-56-08_444353_1/dec95c65bc663100ce18f14251f9ac8d65f501a20873d77a2471e9b7/job_events/03000000/dec95c65bc663100ce18f14251f9ac8d65f501a20873d77a2471e9b7-2026-08-06-17-1786038994971628750.jsonl: TASK_LIFECYCLE_EVENT must have at least one state transition"
time="2026-08-06T18:00:13Z" level=error msg="Failed to store events for file session_2026-08-06_10-56-08_444353_1/dec95c65bc663100ce18f14251f9ac8d65f501a20873d77a2471e9b7/job_events/03000000/dec95c65bc663100ce18f14251f9ac8d65f501a20873d77a2471e9b7-2026-08-06-17-1786038994971628750.jsonl: TASK_LIFECYCLE_EVENT must have at least one state transition"
time="2026-08-06T18:00:14Z" level=error msg="Failed to store events for file session_2026-08-06_10-56-08_444353_1/dec95c65bc663100ce18f14251f9ac8d65f501a20873d77a2471e9b7/job_events/03000000/dec95c65bc663100ce18f14251f9ac8d65f501a20873d77a2471e9b7-2026-08-06-17-1786038994971628750.jsonl: TASK_LIFECYCLE_EVENT must have at least one state transition"
time="2026-08-06T18:00:14Z" level=error msg="Failed to store events for file session_2026-08-06_10-56-08_444353_1/dec95c65bc663100ce18f14251f9ac8d65f501a20873d77a2471e9b7/job_events/03000000/dec95c65bc663100ce18f14251f9ac8d65f501a20873d77a2471e9b7-2026-08-06-17-1786038994971628750.jsonl: TASK_LIFECYCLE_EVENT must have at least one state transition"
time="2026-08-06T18:00:14Z" level=error msg="Failed to store events for file session_2026-08-06_10-56-08_444353_1/dec95c65bc663100ce18f14251f9ac8d65f501a20873d77a2471e9b7/job_events/03000000/dec95c65bc663100ce18f14251f9ac8d65f501a20873d77a2471e9b7-2026-08-06-17-1786038994971628750.jsonl: TASK_LIFECYCLE_EVENT must have at least one state transition"
time="2026-08-06T18:00:15Z" level=error msg="Failed to store events for file session_2026-08-06_10-56-08_444353_1/dec95c65bc663100ce18f14251f9ac8d65f501a20873d77a2471e9b7/job_events/03000000/dec95c65bc663100ce18f14251f9ac8d65f501a20873d77a2471e9b7-2026-08-06-17-1786038994971628750.jsonl: TASK_LIFECYCLE_EVENT must have at least one state transition"
time="2026-08-06T18:00:15Z" level=error msg="Failed to store events for file session_2026-08-06_10-56-08_444353_1/dec95c65bc663100ce18f14251f9ac8d65f501a20873d77a2471e9b7/job_events/03000000/dec95c65bc663100ce18f14251f9ac8d65f501a20873d77a2471e9b7-2026-08-06-17-1786038994971628750.jsonl: TASK_LIFECYCLE_EVENT must have at least one state transition"
time="2026-08-06T18:00:15Z" level=error msg="Failed to store events for file session_2026-08-06_10-56-08_444353_1/dec95c65bc663100ce18f14251f9ac8d65f501a20873d77a2471e9b7/job_events/03000000/dec95c65bc663100ce18f14251f9ac8d65f501a20873d77a2471e9b7-2026-08-06-17-1786038994971628750.jsonl: TASK_LIFECYCLE_EVENT must have at least one state transition"
time="2026-08-06T18:00:15Z" level=error msg="Failed to store events for file session_2026-08-06_10-56-08_444353_1/dec95c65bc663100ce18f14251f9ac8d65f501a20873d77a2471e9b7/job_events/03000000/dec95c65bc663100ce18f14251f9ac8d65f501a20873d77a2471e9b7-2026-08-06-17-1786038994971628750.jsonl: TASK_LIFECYCLE_EVENT must have at least one state transition"
time="2026-08-06T18:00:15Z" level=error msg="Failed to store events for file session_2026-08-06_10-56-08_444353_1/dec95c65bc663100ce18f14251f9ac8d65f501a20873d77a2471e9b7/job_events/03000000/dec95c65bc663100ce18f14251f9ac8d65f501a20873d77a2471e9b7-2026-08-06-17-1786038994971628750.jsonl: TASK_LIFECYCLE_EVENT must have at least one state transition"
time="2026-08-06T18:00:16Z" level=error msg="Failed to store events for file session_2026-08-06_10-56-08_444353_1/dec95c65bc663100ce18f14251f9ac8d65f501a20873d77a2471e9b7/job_events/03000000/dec95c65bc663100ce18f14251f9ac8d65f501a20873d77a2471e9b7-2026-08-06-17-1786038994971628750.jsonl: TASK_LIFECYCLE_EVENT must have at least one state transition"
time="2026-08-06T18:00:16Z" level=error msg="Failed to store events for file session_2026-08-06_10-56-08_444353_1/dec95c65bc663100ce18f14251f9ac8d65f501a20873d77a2471e9b7/job_events/03000000/dec95c65bc663100ce18f14251f9ac8d65f501a20873d77a2471e9b7-2026-08-06-17-1786038994971628750.jsonl: TASK_LIFECYCLE_EVENT must have at least one state transition"
time="2026-08-06T18:00:16Z" level=error msg="Failed to store events for file session_2026-08-06_10-56-08_444353_1/dec95c65bc663100ce18f14251f9ac8d65f501a20873d77a2471e9b7/job_events/03000000/dec95c65bc663100ce18f14251f9ac8d65f501a20873d77a2471e9b7-2026-08-06-17-1786038994971628750.jsonl: TASK_LIFECYCLE_EVENT must have at least one state transition"
time="2026-08-06T18:00:17Z" level=error msg="Failed to store events for file session_2026-08-06_10-56-08_444353_1/dec95c65bc663100ce18f14251f9ac8d65f501a20873d77a2471e9b7/job_events/03000000/dec95c65bc663100ce18f14251f9ac8d65f501a20873d77a2471e9b7-2026-08-06-17-1786038994971628750.jsonl: TASK_LIFECYCLE_EVENT must have at least one state transition"
time="2026-08-06T18:00:17Z" level=error msg="Failed to store events for file session_2026-08-06_10-56-08_444353_1/dec95c65bc663100ce18f14251f9ac8d65f501a20873d77a2471e9b7/job_events/03000000/dec95c65bc663100ce18f14251f9ac8d65f501a20873d77a2471e9b7-2026-08-06-17-1786038994971628750.jsonl: TASK_LIFECYCLE_EVENT must have at least one state transition"
time="2026-08-06T18:00:17Z" level=error msg="Failed to store events for file session_2026-08-06_10-56-08_444353_1/dec95c65bc663100ce18f14251f9ac8d65f501a20873d77a2471e9b7/job_events/03000000/dec95c65bc663100ce18f14251f9ac8d65f501a20873d77a2471e9b7-2026-08-06-17-1786038994971628750.jsonl: TASK_LIFECYCLE_EVENT must have at least one state transition"
time="2026-08-06T18:00:17Z" level=error msg="Failed to store events for file session_2026-08-06_10-56-08_444353_1/dec95c65bc663100ce18f14251f9ac8d65f501a20873d77a2471e9b7/job_events/03000000/dec95c65bc663100ce18f14251f9ac8d65f501a20873d77a2471e9b7-2026-08-06-17-1786038994971628750.jsonl: TASK_LIFECYCLE_EVENT must have at least one state transition"
time="2026-08-06T18:00:18Z" level=error msg="Failed to store events for file session_2026-08-06_10-56-08_444353_1/dec95c65bc663100ce18f14251f9ac8d65f501a20873d77a2471e9b7/job_events/03000000/dec95c65bc663100ce18f14251f9ac8d65f501a20873d77a2471e9b7-2026-08-06-17-1786038994971628750.jsonl: TASK_LIFECYCLE_EVENT must have at least one state transition"
time="2026-08-06T18:00:18Z" level=error msg="Failed to store events for file session_2026-08-06_10-56-08_444353_1/dec95c65bc663100ce18f14251f9ac8d65f501a20873d77a2471e9b7/job_events/03000000/dec95c65bc663100ce18f14251f9ac8d65f501a20873d77a2471e9b7-2026-08-06-17-1786038994971628750.jsonl: TASK_LIFECYCLE_EVENT must have at least one state transition"
time="2026-08-06T18:00:18Z" level=error msg="Failed to store events for file session_2026-08-06_10-56-08_444353_1/dec95c65bc663100ce18f14251f9ac8d65f501a20873d77a2471e9b7/job_events/03000000/dec95c65bc663100ce18f14251f9ac8d65f501a20873d77a2471e9b7-2026-08-06-17-1786038994971628750.jsonl: TASK_LIFECYCLE_EVENT must have at least one state transition"
time="2026-08-06T18:00:18Z" level=error msg="Failed to store events for file session_2026-08-06_10-56-08_444353_1/dec95c65bc663100ce18f14251f9ac8d65f501a20873d77a2471e9b7/job_events/03000000/dec95c65bc663100ce18f14251f9ac8d65f501a20873d77a2471e9b7-2026-08-06-17-1786038994971628750.jsonl: TASK_LIFECYCLE_EVENT must have at least one state transition"
time="2026-08-06T18:00:19Z" level=error msg="Failed to store events for file session_2026-08-06_10-56-08_444353_1/dec95c65bc663100ce18f14251f9ac8d65f501a20873d77a2471e9b7/job_events/03000000/dec95c65bc663100ce18f14251f9ac8d65f501a20873d77a2471e9b7-2026-08-06-17-1786038994971628750.jsonl: TASK_LIFECYCLE_EVENT must have at least one state transition"
time="2026-08-06T18:00:19Z" level=error msg="Failed to store events for file session_2026-08-06_10-56-08_444353_1/dec95c65bc663100ce18f14251f9ac8d65f501a20873d77a2471e9b7/job_events/03000000/dec95c65bc663100ce18f14251f9ac8d65f501a20873d77a2471e9b7-2026-08-06-17-1786038994971628750.jsonl: TASK_LIFECYCLE_EVENT must have at least one state transition"
time="2026-08-06T18:00:20Z" level=error msg="Failed to store events for file session_2026-08-06_10-56-08_444353_1/dec95c65bc663100ce18f14251f9ac8d65f501a20873d77a2471e9b7/job_events/03000000/dec95c65bc663100ce18f14251f9ac8d65f501a20873d77a2471e9b7-2026-08-06-17-1786038994971628750.jsonl: TASK_LIFECYCLE_EVENT must have at least one state transition"
time="2026-08-06T18:00:20Z" level=error msg="Failed to store events for file session_2026-08-06_10-56-08_444353_1/dec95c65bc663100ce18f14251f9ac8d65f501a20873d77a2471e9b7/job_events/03000000/dec95c65bc663100ce18f14251f9ac8d65f501a20873d77a2471e9b7-2026-08-06-17-1786038994971628750.jsonl: TASK_LIFECYCLE_EVENT must have at least one state transition"
time="2026-08-06T18:00:20Z" level=error msg="Failed to store events for file session_2026-08-06_10-56-08_444353_1/dec95c65bc663100ce18f14251f9ac8d65f501a20873d77a2471e9b7/job_events/03000000/dec95c65bc663100ce18f14251f9ac8d65f501a20873d77a2471e9b7-2026-08-06-17-1786038994971628750.jsonl: TASK_LIFECYCLE_EVENT must have at least one state transition"
time="2026-08-06T18:00:20Z" level=error msg="Failed to store events for file session_2026-08-06_10-56-08_444353_1/dec95c65bc663100ce18f14251f9ac8d65f501a20873d77a2471e9b7/job_events/03000000/dec95c65bc663100ce18f14251f9ac8d65f501a20873d77a2471e9b7-2026-08-06-17-1786038994971628750.jsonl: TASK_LIFECYCLE_EVENT must have at least one state transition"
time="2026-08-06T18:00:20Z" level=error msg="Failed to store events for file session_2026-08-06_10-56-08_444353_1/dec95c65bc663100ce18f14251f9ac8d65f501a20873d77a2471e9b7/job_events/03000000/dec95c65bc663100ce18f14251f9ac8d65f501a20873d77a2471e9b7-2026-08-06-17-1786038994971628750.jsonl: TASK_LIFECYCLE_EVENT must have at least one state transition"
time="2026-08-06T18:00:20Z" level=info msg="Prepare to get object log/cluster-history/raycluster/test-ns-hnk4h/raycluster-historyserver/session_2026-08-06_10-56-08_444353_1/dec95c65bc663100ce18f14251f9ac8d65f501a20873d77a2471e9b7/job_events/03000000/dec95c65bc663100ce18f14251f9ac8d65f501a20873d77a2471e9b7-2026-08-06-17-1786039044467109009.jsonl info ..."
time="2026-08-06T18:00:37Z" level=error msg="Failed to store events for file session_2026-08-06_10-56-08_444353_1/dec95c65bc663100ce18f14251f9ac8d65f501a20873d77a2471e9b7/job_events/03000000/dec95c65bc663100ce18f14251f9ac8d65f501a20873d77a2471e9b7-2026-08-06-17-1786039044467109009.jsonl: TASK_LIFECYCLE_EVENT must have at least one state transition"
time="2026-08-06T18:00:37Z" level=error msg="Failed to store events for file session_2026-08-06_10-56-08_444353_1/dec95c65bc663100ce18f14251f9ac8d65f501a20873d77a2471e9b7/job_events/03000000/dec95c65bc663100ce18f14251f9ac8d65f501a20873d77a2471e9b7-2026-08-06-17-1786039044467109009.jsonl: TASK_LIFECYCLE_EVENT must have at least one state transition"
time="2026-08-06T18:00:38Z" level=error msg="Failed to store events for file session_2026-08-06_10-56-08_444353_1/dec95c65bc663100ce18f14251f9ac8d65f501a20873d77a2471e9b7/job_events/03000000/dec95c65bc663100ce18f14251f9ac8d65f501a20873d77a2471e9b7-2026-08-06-17-1786039044467109009.jsonl: TASK_LIFECYCLE_EVENT must have at least one state transition"
time="2026-08-06T18:00:38Z" level=error msg="Failed to store events for file session_2026-08-06_10-56-08_444353_1/dec95c65bc663100ce18f14251f9ac8d65f501a20873d77a2471e9b7/job_events/03000000/dec95c65bc663100ce18f14251f9ac8d65f501a20873d77a2471e9b7-2026-08-06-17-1786039044467109009.jsonl: TASK_LIFECYCLE_EVENT must have at least one state transition"
time="2026-08-06T18:00:38Z" level=error msg="Failed to store events for file session_2026-08-06_10-56-08_444353_1/dec95c65bc663100ce18f14251f9ac8d65f501a20873d77a2471e9b7/job_events/03000000/dec95c65bc663100ce18f14251f9ac8d65f501a20873d77a2471e9b7-2026-08-06-17-1786039044467109009.jsonl: TASK_LIFECYCLE_EVENT must have at least one state transition"
time="2026-08-06T18:00:39Z" level=error msg="Failed to store events for file session_2026-08-06_10-56-08_444353_1/dec95c65bc663100ce18f14251f9ac8d65f501a20873d77a2471e9b7/job_events/03000000/dec95c65bc663100ce18f14251f9ac8d65f501a20873d77a2471e9b7-2026-08-06-17-1786039044467109009.jsonl: TASK_LIFECYCLE_EVENT must have at least one state transition"
time="2026-08-06T18:00:39Z" level=error msg="Failed to store events for file session_2026-08-06_10-56-08_444353_1/dec95c65bc663100ce18f14251f9ac8d65f501a20873d77a2471e9b7/job_events/03000000/dec95c65bc663100ce18f14251f9ac8d65f501a20873d77a2471e9b7-2026-08-06-17-1786039044467109009.jsonl: TASK_LIFECYCLE_EVENT must have at least one state transition"
time="2026-08-06T18:00:39Z" level=error msg="Failed to store events for file session_2026-08-06_10-56-08_444353_1/dec95c65bc663100ce18f14251f9ac8d65f501a20873d77a2471e9b7/job_events/03000000/dec95c65bc663100ce18f14251f9ac8d65f501a20873d77a2471e9b7-2026-08-06-17-1786039044467109009.jsonl: TASK_LIFECYCLE_EVENT must have at least one state transition"
time="2026-08-06T18:00:40Z" level=error msg="Failed to store events for file session_2026-08-06_10-56-08_444353_1/dec95c65bc663100ce18f14251f9ac8d65f501a20873d77a2471e9b7/job_events/03000000/dec95c65bc663100ce18f14251f9ac8d65f501a20873d77a2471e9b7-2026-08-06-17-1786039044467109009.jsonl: TASK_LIFECYCLE_EVENT must have at least one state transition"
time="2026-08-06T18:00:40Z" level=error msg="Failed to store events for file session_2026-08-06_10-56-08_444353_1/dec95c65bc663100ce18f14251f9ac8d65f501a20873d77a2471e9b7/job_events/03000000/dec95c65bc663100ce18f14251f9ac8d65f501a20873d77a2471e9b7-2026-08-06-17-1786039044467109009.jsonl: TASK_LIFECYCLE_EVENT must have at least one state transition"
time="2026-08-06T18:00:40Z" level=error msg="Failed to store events for file session_2026-08-06_10-56-08_444353_1/dec95c65bc663100ce18f14251f9ac8d65f501a20873d77a2471e9b7/job_events/03000000/dec95c65bc663100ce18f14251f9ac8d65f501a20873d77a2471e9b7-2026-08-06-17-1786039044467109009.jsonl: TASK_LIFECYCLE_EVENT must have at least one state transition"
time="2026-08-06T18:00:41Z" level=error msg="Failed to store events for file session_2026-08-06_10-56-08_444353_1/dec95c65bc663100ce18f14251f9ac8d65f501a20873d77a2471e9b7/job_events/03000000/dec95c65bc663100ce18f14251f9ac8d65f501a20873d77a2471e9b7-2026-08-06-17-1786039044467109009.jsonl: TASK_LIFECYCLE_EVENT must have at least one state transition"
time="2026-08-06T18:00:41Z" level=error msg="Failed to store events for file session_2026-08-06_10-56-08_444353_1/dec95c65bc663100ce18f14251f9ac8d65f501a20873d77a2471e9b7/job_events/03000000/dec95c65bc663100ce18f14251f9ac8d65f501a20873d77a2471e9b7-2026-08-06-17-1786039044467109009.jsonl: TASK_LIFECYCLE_EVENT must have at least one state transition"
time="2026-08-06T18:00:41Z" level=error msg="Failed to store events for file session_2026-08-06_10-56-08_444353_1/dec95c65bc663100ce18f14251f9ac8d65f501a20873d77a2471e9b7/job_events/03000000/dec95c65bc663100ce18f14251f9ac8d65f501a20873d77a2471e9b7-2026-08-06-17-1786039044467109009.jsonl: TASK_LIFECYCLE_EVENT must have at least one state transition"
time="2026-08-06T18:00:42Z" level=error msg="Failed to store events for file session_2026-08-06_10-56-08_444353_1/dec95c65bc663100ce18f14251f9ac8d65f501a20873d77a2471e9b7/job_events/03000000/dec95c65bc663100ce18f14251f9ac8d65f501a20873d77a2471e9b7-2026-08-06-17-1786039044467109009.jsonl: TASK_LIFECYCLE_EVENT must have at least one state transition"
time="2026-08-06T18:00:43Z" level=error msg="Failed to store events for file session_2026-08-06_10-56-08_444353_1/dec95c65bc663100ce18f14251f9ac8d65f501a20873d77a2471e9b7/job_events/03000000/dec95c65bc663100ce18f14251f9ac8d65f501a20873d77a2471e9b7-2026-08-06-17-1786039044467109009.jsonl: TASK_LIFECYCLE_EVENT must have at least one state transition"
time="2026-08-06T18:00:43Z" level=error msg="Failed to store events for file session_2026-08-06_10-56-08_444353_1/dec95c65bc663100ce18f14251f9ac8d65f501a20873d77a2471e9b7/job_events/03000000/dec95c65bc663100ce18f14251f9ac8d65f501a20873d77a2471e9b7-2026-08-06-17-1786039044467109009.jsonl: TASK_LIFECYCLE_EVENT must have at least one state transition"
time="2026-08-06T18:00:43Z" level=error msg="Failed to store events for file session_2026-08-06_10-56-08_444353_1/dec95c65bc663100ce18f14251f9ac8d65f501a20873d77a2471e9b7/job_events/03000000/dec95c65bc663100ce18f14251f9ac8d65f501a20873d77a2471e9b7-2026-08-06-17-1786039044467109009.jsonl: TASK_LIFECYCLE_EVENT must have at least one state transition"
time="2026-08-06T18:00:43Z" level=error msg="Failed to store events for file session_2026-08-06_10-56-08_444353_1/dec95c65bc663100ce18f14251f9ac8d65f501a20873d77a2471e9b7/job_events/03000000/dec95c65bc663100ce18f14251f9ac8d65f501a20873d77a2471e9b7-2026-08-06-17-1786039044467109009.jsonl: TASK_LIFECYCLE_EVENT must have at least one state transition"
time="2026-08-06T18:00:43Z" level=error msg="Failed to store events for file session_2026-08-06_10-56-08_444353_1/dec95c65bc663100ce18f14251f9ac8d65f501a20873d77a2471e9b7/job_events/03000000/dec95c65bc663100ce18f14251f9ac8d65f501a20873d77a2471e9b7-2026-08-06-17-1786039044467109009.jsonl: TASK_LIFECYCLE_EVENT must have at least one state transition"
time="2026-08-06T18:00:44Z" level=error msg="Failed to store events for file session_2026-08-06_10-56-08_444353_1/dec95c65bc663100ce18f14251f9ac8d65f501a20873d77a2471e9b7/job_events/03000000/dec95c65bc663100ce18f14251f9ac8d65f501a20873d77a2471e9b7-2026-08-06-17-1786039044467109009.jsonl: TASK_LIFECYCLE_EVENT must have at least one state transition"
time="2026-08-06T18:00:44Z" level=error msg="Failed to store events for file session_2026-08-06_10-56-08_444353_1/dec95c65bc663100ce18f14251f9ac8d65f501a20873d77a2471e9b7/job_events/03000000/dec95c65bc663100ce18f14251f9ac8d65f501a20873d77a2471e9b7-2026-08-06-17-1786039044467109009.jsonl: TASK_LIFECYCLE_EVENT must have at least one state transition"
time="2026-08-06T18:00:44Z" level=error msg="Failed to store events for file session_2026-08-06_10-56-08_444353_1/dec95c65bc663100ce18f14251f9ac8d65f501a20873d77a2471e9b7/job_events/03000000/dec95c65bc663100ce18f14251f9ac8d65f501a20873d77a2471e9b7-2026-08-06-17-1786039044467109009.jsonl: TASK_LIFECYCLE_EVENT must have at least one state transition"
time="2026-08-06T18:00:44Z" level=error msg="Failed to store events for file session_2026-08-06_10-56-08_444353_1/dec95c65bc663100ce18f14251f9ac8d65f501a20873d77a2471e9b7/job_events/03000000/dec95c65bc663100ce18f14251f9ac8d65f501a20873d77a2471e9b7-2026-08-06-17-1786039044467109009.jsonl: TASK_LIFECYCLE_EVENT must have at least one state transition"
time="2026-08-06T18:00:44Z" level=error msg="Failed to store events for file session_2026-08-06_10-56-08_444353_1/dec95c65bc663100ce18f14251f9ac8d65f501a20873d77a2471e9b7/job_events/03000000/dec95c65bc663100ce18f14251f9ac8d65f501a20873d77a2471e9b7-2026-08-06-17-1786039044467109009.jsonl: TASK_LIFECYCLE_EVENT must have at least one state transition"
time="2026-08-06T18:00:44Z" level=error msg="Failed to store events for file session_2026-08-06_10-56-08_444353_1/dec95c65bc663100ce18f14251f9ac8d65f501a20873d77a2471e9b7/job_events/03000000/dec95c65bc663100ce18f14251f9ac8d65f501a20873d77a2471e9b7-2026-08-06-17-1786039044467109009.jsonl: TASK_LIFECYCLE_EVENT must have at least one state transition"
time="2026-08-06T18:00:45Z" level=error msg="Failed to store events for file session_2026-08-06_10-56-08_444353_1/dec95c65bc663100ce18f14251f9ac8d65f501a20873d77a2471e9b7/job_events/03000000/dec95c65bc663100ce18f14251f9ac8d65f501a20873d77a2471e9b7-2026-08-06-17-1786039044467109009.jsonl: TASK_LIFECYCLE_EVENT must have at least one state transition"
time="2026-08-06T18:00:45Z" level=error msg="Failed to store events for file session_2026-08-06_10-56-08_444353_1/dec95c65bc663100ce18f14251f9ac8d65f501a20873d77a2471e9b7/job_events/03000000/dec95c65bc663100ce18f14251f9ac8d65f501a20873d77a2471e9b7-2026-08-06-17-1786039044467109009.jsonl: TASK_LIFECYCLE_EVENT must have at least one state transition"
time="2026-08-06T18:00:45Z" level=error msg="Failed to store events for file session_2026-08-06_10-56-08_444353_1/dec95c65bc663100ce18f14251f9ac8d65f501a20873d77a2471e9b7/job_events/03000000/dec95c65bc663100ce18f14251f9ac8d65f501a20873d77a2471e9b7-2026-08-06-17-1786039044467109009.jsonl: TASK_LIFECYCLE_EVENT must have at least one state transition"
time="2026-08-06T18:00:45Z" level=error msg="Failed to store events for file session_2026-08-06_10-56-08_444353_1/dec95c65bc663100ce18f14251f9ac8d65f501a20873d77a2471e9b7/job_events/03000000/dec95c65bc663100ce18f14251f9ac8d65f501a20873d77a2471e9b7-2026-08-06-17-1786039044467109009.jsonl: TASK_LIFECYCLE_EVENT must have at least one state transition"
time="2026-08-06T18:00:45Z" level=error msg="Failed to store events for file session_2026-08-06_10-56-08_444353_1/dec95c65bc663100ce18f14251f9ac8d65f501a20873d77a2471e9b7/job_events/03000000/dec95c65bc663100ce18f14251f9ac8d65f501a20873d77a2471e9b7-2026-08-06-17-1786039044467109009.jsonl: TASK_LIFECYCLE_EVENT must have at least one state transition"
time="2026-08-06T18:00:45Z" level=error msg="Failed to store events for file session_2026-08-06_10-56-08_444353_1/dec95c65bc663100ce18f14251f9ac8d65f501a20873d77a2471e9b7/job_events/03000000/dec95c65bc663100ce18f14251f9ac8d65f501a20873d77a2471e9b7-2026-08-06-17-1786039044467109009.jsonl: TASK_LIFECYCLE_EVENT must have at least one state transition"
time="2026-08-06T18:00:45Z" level=error msg="Failed to store events for file session_2026-08-06_10-56-08_444353_1/dec95c65bc663100ce18f14251f9ac8d65f501a20873d77a2471e9b7/job_events/03000000/dec95c65bc663100ce18f14251f9ac8d65f501a20873d77a2471e9b7-2026-08-06-17-1786039044467109009.jsonl: TASK_LIFECYCLE_EVENT must have at least one state transition"
time="2026-08-06T18:00:45Z" level=error msg="Failed to store events for file session_2026-08-06_10-56-08_444353_1/dec95c65bc663100ce18f14251f9ac8d65f501a20873d77a2471e9b7/job_events/03000000/dec95c65bc663100ce18f14251f9ac8d65f501a20873d77a2471e9b7-2026-08-06-17-1786039044467109009.jsonl: TASK_LIFECYCLE_EVENT must have at least one state transition"
time="2026-08-06T18:00:46Z" level=error msg="Failed to store events for file session_2026-08-06_10-56-08_444353_1/dec95c65bc663100ce18f14251f9ac8d65f501a20873d77a2471e9b7/job_events/03000000/dec95c65bc663100ce18f14251f9ac8d65f501a20873d77a2471e9b7-2026-08-06-17-1786039044467109009.jsonl: TASK_LIFECYCLE_EVENT must have at least one state transition"
time="2026-08-06T18:00:46Z" level=error msg="Failed to store events for file session_2026-08-06_10-56-08_444353_1/dec95c65bc663100ce18f14251f9ac8d65f501a20873d77a2471e9b7/job_events/03000000/dec95c65bc663100ce18f14251f9ac8d65f501a20873d77a2471e9b7-2026-08-06-17-1786039044467109009.jsonl: TASK_LIFECYCLE_EVENT must have at least one state transition"
time="2026-08-06T18:00:46Z" level=error msg="Failed to store events for file session_2026-08-06_10-56-08_444353_1/dec95c65bc663100ce18f14251f9ac8d65f501a20873d77a2471e9b7/job_events/03000000/dec95c65bc663100ce18f14251f9ac8d65f501a20873d77a2471e9b7-2026-08-06-17-1786039044467109009.jsonl: TASK_LIFECYCLE_EVENT must have at least one state transition"
time="2026-08-06T18:00:46Z" level=error msg="Failed to store events for file session_2026-08-06_10-56-08_444353_1/dec95c65bc663100ce18f14251f9ac8d65f501a20873d77a2471e9b7/job_events/03000000/dec95c65bc663100ce18f14251f9ac8d65f501a20873d77a2471e9b7-2026-08-06-17-1786039044467109009.jsonl: TASK_LIFECYCLE_EVENT must have at least one state transition"
time="2026-08-06T18:00:46Z" level=error msg="Failed to store events for file session_2026-08-06_10-56-08_444353_1/dec95c65bc663100ce18f14251f9ac8d65f501a20873d77a2471e9b7/job_events/03000000/dec95c65bc663100ce18f14251f9ac8d65f501a20873d77a2471e9b7-2026-08-06-17-1786039044467109009.jsonl: TASK_LIFECYCLE_EVENT must have at least one state transition"
time="2026-08-06T18:00:47Z" level=error msg="Failed to store events for file session_2026-08-06_10-56-08_444353_1/dec95c65bc663100ce18f14251f9ac8d65f501a20873d77a2471e9b7/job_events/03000000/dec95c65bc663100ce18f14251f9ac8d65f501a20873d77a2471e9b7-2026-08-06-17-1786039044467109009.jsonl: TASK_LIFECYCLE_EVENT must have at least one state transition"
time="2026-08-06T18:00:47Z" level=error msg="Failed to store events for file session_2026-08-06_10-56-08_444353_1/dec95c65bc663100ce18f14251f9ac8d65f501a20873d77a2471e9b7/job_events/03000000/dec95c65bc663100ce18f14251f9ac8d65f501a20873d77a2471e9b7-2026-08-06-17-1786039044467109009.jsonl: TASK_LIFECYCLE_EVENT must have at least one state transition"
time="2026-08-06T18:00:47Z" level=error msg="Failed to store events for file session_2026-08-06_10-56-08_444353_1/dec95c65bc663100ce18f14251f9ac8d65f501a20873d77a2471e9b7/job_events/03000000/dec95c65bc663100ce18f14251f9ac8d65f501a20873d77a2471e9b7-2026-08-06-17-1786039044467109009.jsonl: TASK_LIFECYCLE_EVENT must have at least one state transition"
time="2026-08-06T18:00:47Z" level=error msg="Failed to store events for file session_2026-08-06_10-56-08_444353_1/dec95c65bc663100ce18f14251f9ac8d65f501a20873d77a2471e9b7/job_events/03000000/dec95c65bc663100ce18f14251f9ac8d65f501a20873d77a2471e9b7-2026-08-06-17-1786039044467109009.jsonl: TASK_LIFECYCLE_EVENT must have at least one state transition"
time="2026-08-06T18:00:47Z" level=error msg="Failed to store events for file session_2026-08-06_10-56-08_444353_1/dec95c65bc663100ce18f14251f9ac8d65f501a20873d77a2471e9b7/job_events/03000000/dec95c65bc663100ce18f14251f9ac8d65f501a20873d77a2471e9b7-2026-08-06-17-1786039044467109009.jsonl: TASK_LIFECYCLE_EVENT must have at least one state transition"
time="2026-08-06T18:00:47Z" level=error msg="Failed to store events for file session_2026-08-06_10-56-08_444353_1/dec95c65bc663100ce18f14251f9ac8d65f501a20873d77a2471e9b7/job_events/03000000/dec95c65bc663100ce18f14251f9ac8d65f501a20873d77a2471e9b7-2026-08-06-17-1786039044467109009.jsonl: TASK_LIFECYCLE_EVENT must have at least one state transition"
time="2026-08-06T18:00:48Z" level=error msg="Failed to store events for file session_2026-08-06_10-56-08_444353_1/dec95c65bc663100ce18f14251f9ac8d65f501a20873d77a2471e9b7/job_events/03000000/dec95c65bc663100ce18f14251f9ac8d65f501a20873d77a2471e9b7-2026-08-06-17-1786039044467109009.jsonl: TASK_LIFECYCLE_EVENT must have at least one state transition"
time="2026-08-06T18:00:48Z" level=error msg="Failed to store events for file session_2026-08-06_10-56-08_444353_1/dec95c65bc663100ce18f14251f9ac8d65f501a20873d77a2471e9b7/job_events/03000000/dec95c65bc663100ce18f14251f9ac8d65f501a20873d77a2471e9b7-2026-08-06-17-1786039044467109009.jsonl: TASK_LIFECYCLE_EVENT must have at least one state transition"
time="2026-08-06T18:00:48Z" level=error msg="Failed to store events for file session_2026-08-06_10-56-08_444353_1/dec95c65bc663100ce18f14251f9ac8d65f501a20873d77a2471e9b7/job_events/03000000/dec95c65bc663100ce18f14251f9ac8d65f501a20873d77a2471e9b7-2026-08-06-17-1786039044467109009.jsonl: TASK_LIFECYCLE_EVENT must have at least one state transition"
time="2026-08-06T18:00:48Z" level=error msg="Failed to store events for file session_2026-08-06_10-56-08_444353_1/dec95c65bc663100ce18f14251f9ac8d65f501a20873d77a2471e9b7/job_events/03000000/dec95c65bc663100ce18f14251f9ac8d65f501a20873d77a2471e9b7-2026-08-06-17-1786039044467109009.jsonl: TASK_LIFECYCLE_EVENT must have at least one state transition"
time="2026-08-06T18:00:48Z" level=error msg="Failed to store events for file session_2026-08-06_10-56-08_444353_1/dec95c65bc663100ce18f14251f9ac8d65f501a20873d77a2471e9b7/job_events/03000000/dec95c65bc663100ce18f14251f9ac8d65f501a20873d77a2471e9b7-2026-08-06-17-1786039044467109009.jsonl: TASK_LIFECYCLE_EVENT must have at least one state transition"
time="2026-08-06T18:00:49Z" level=error msg="Failed to store events for file session_2026-08-06_10-56-08_444353_1/dec95c65bc663100ce18f14251f9ac8d65f501a20873d77a2471e9b7/job_events/03000000/dec95c65bc663100ce18f14251f9ac8d65f501a20873d77a2471e9b7-2026-08-06-17-1786039044467109009.jsonl: TASK_LIFECYCLE_EVENT must have at least one state transition"
time="2026-08-06T18:00:49Z" level=error msg="Failed to store events for file session_2026-08-06_10-56-08_444353_1/dec95c65bc663100ce18f14251f9ac8d65f501a20873d77a2471e9b7/job_events/03000000/dec95c65bc663100ce18f14251f9ac8d65f501a20873d77a2471e9b7-2026-08-06-17-1786039044467109009.jsonl: TASK_LIFECYCLE_EVENT must have at least one state transition"
time="2026-08-06T18:00:49Z" level=error msg="Failed to store events for file session_2026-08-06_10-56-08_444353_1/dec95c65bc663100ce18f14251f9ac8d65f501a20873d77a2471e9b7/job_events/03000000/dec95c65bc663100ce18f14251f9ac8d65f501a20873d77a2471e9b7-2026-08-06-17-1786039044467109009.jsonl: TASK_LIFECYCLE_EVENT must have at least one state transition"
time="2026-08-06T18:00:50Z" level=error msg="Failed to store events for file session_2026-08-06_10-56-08_444353_1/dec95c65bc663100ce18f14251f9ac8d65f501a20873d77a2471e9b7/job_events/03000000/dec95c65bc663100ce18f14251f9ac8d65f501a20873d77a2471e9b7-2026-08-06-17-1786039044467109009.jsonl: TASK_LIFECYCLE_EVENT must have at least one state transition"
time="2026-08-06T18:00:50Z" level=error msg="Failed to store events for file session_2026-08-06_10-56-08_444353_1/dec95c65bc663100ce18f14251f9ac8d65f501a20873d77a2471e9b7/job_events/03000000/dec95c65bc663100ce18f14251f9ac8d65f501a20873d77a2471e9b7-2026-08-06-17-1786039044467109009.jsonl: TASK_LIFECYCLE_EVENT must have at least one state transition"
time="2026-08-06T18:00:51Z" level=error msg="Failed to store events for file session_2026-08-06_10-56-08_444353_1/dec95c65bc663100ce18f14251f9ac8d65f501a20873d77a2471e9b7/job_events/03000000/dec95c65bc663100ce18f14251f9ac8d65f501a20873d77a2471e9b7-2026-08-06-17-1786039044467109009.jsonl: TASK_LIFECYCLE_EVENT must have at least one state transition"
time="2026-08-06T18:00:51Z" level=error msg="Failed to store events for file session_2026-08-06_10-56-08_444353_1/dec95c65bc663100ce18f14251f9ac8d65f501a20873d77a2471e9b7/job_events/03000000/dec95c65bc663100ce18f14251f9ac8d65f501a20873d77a2471e9b7-2026-08-06-17-1786039044467109009.jsonl: TASK_LIFECYCLE_EVENT must have at least one state transition"
time="2026-08-06T18:00:52Z" level=error msg="Failed to store events for file session_2026-08-06_10-56-08_444353_1/dec95c65bc663100ce18f14251f9ac8d65f501a20873d77a2471e9b7/job_events/03000000/dec95c65bc663100ce18f14251f9ac8d65f501a20873d77a2471e9b7-2026-08-06-17-1786039044467109009.jsonl: TASK_LIFECYCLE_EVENT must have at least one state transition"
time="2026-08-06T18:00:52Z" level=error msg="Failed to store events for file session_2026-08-06_10-56-08_444353_1/dec95c65bc663100ce18f14251f9ac8d65f501a20873d77a2471e9b7/job_events/03000000/dec95c65bc663100ce18f14251f9ac8d65f501a20873d77a2471e9b7-2026-08-06-17-1786039044467109009.jsonl: TASK_LIFECYCLE_EVENT must have at least one state transition"
time="2026-08-06T18:00:52Z" level=error msg="Failed to store events for file session_2026-08-06_10-56-08_444353_1/dec95c65bc663100ce18f14251f9ac8d65f501a20873d77a2471e9b7/job_events/03000000/dec95c65bc663100ce18f14251f9ac8d65f501a20873d77a2471e9b7-2026-08-06-17-1786039044467109009.jsonl: TASK_LIFECYCLE_EVENT must have at least one state transition"
time="2026-08-06T18:00:53Z" level=error msg="Failed to store events for file session_2026-08-06_10-56-08_444353_1/dec95c65bc663100ce18f14251f9ac8d65f501a20873d77a2471e9b7/job_events/03000000/dec95c65bc663100ce18f14251f9ac8d65f501a20873d77a2471e9b7-2026-08-06-17-1786039044467109009.jsonl: TASK_LIFECYCLE_EVENT must have at least one state transition"
time="2026-08-06T18:00:53Z" level=error msg="Failed to store events for file session_2026-08-06_10-56-08_444353_1/dec95c65bc663100ce18f14251f9ac8d65f501a20873d77a2471e9b7/job_events/03000000/dec95c65bc663100ce18f14251f9ac8d65f501a20873d77a2471e9b7-2026-08-06-17-1786039044467109009.jsonl: TASK_LIFECYCLE_EVENT must have at least one state transition"
time="2026-08-06T18:00:53Z" level=error msg="Failed to store events for file session_2026-08-06_10-56-08_444353_1/dec95c65bc663100ce18f14251f9ac8d65f501a20873d77a2471e9b7/job_events/03000000/dec95c65bc663100ce18f14251f9ac8d65f501a20873d77a2471e9b7-2026-08-06-17-1786039044467109009.jsonl: TASK_LIFECYCLE_EVENT must have at least one state transition"
time="2026-08-06T18:00:53Z" level=error msg="Failed to store events for file session_2026-08-06_10-56-08_444353_1/dec95c65bc663100ce18f14251f9ac8d65f501a20873d77a2471e9b7/job_events/03000000/dec95c65bc663100ce18f14251f9ac8d65f501a20873d77a2471e9b7-2026-08-06-17-1786039044467109009.jsonl: TASK_LIFECYCLE_EVENT must have at least one state transition"
time="2026-08-06T18:00:53Z" level=error msg="Failed to store events for file session_2026-08-06_10-56-08_444353_1/dec95c65bc663100ce18f14251f9ac8d65f501a20873d77a2471e9b7/job_events/03000000/dec95c65bc663100ce18f14251f9ac8d65f501a20873d77a2471e9b7-2026-08-06-17-1786039044467109009.jsonl: TASK_LIFECYCLE_EVENT must have at least one state transition"
time="2026-08-06T18:00:54Z" level=error msg="Failed to store events for file session_2026-08-06_10-56-08_444353_1/dec95c65bc663100ce18f14251f9ac8d65f501a20873d77a2471e9b7/job_events/03000000/dec95c65bc663100ce18f14251f9ac8d65f501a20873d77a2471e9b7-2026-08-06-17-1786039044467109009.jsonl: TASK_LIFECYCLE_EVENT must have at least one state transition"
time="2026-08-06T18:00:54Z" level=error msg="Failed to store events for file session_2026-08-06_10-56-08_444353_1/dec95c65bc663100ce18f14251f9ac8d65f501a20873d77a2471e9b7/job_events/03000000/dec95c65bc663100ce18f14251f9ac8d65f501a20873d77a2471e9b7-2026-08-06-17-1786039044467109009.jsonl: TASK_LIFECYCLE_EVENT must have at least one state transition"
time="2026-08-06T18:00:54Z" level=error msg="Failed to store events for file session_2026-08-06_10-56-08_444353_1/dec95c65bc663100ce18f14251f9ac8d65f501a20873d77a2471e9b7/job_events/03000000/dec95c65bc663100ce18f14251f9ac8d65f501a20873d77a2471e9b7-2026-08-06-17-1786039044467109009.jsonl: TASK_LIFECYCLE_EVENT must have at least one state transition"
time="2026-08-06T18:00:54Z" level=error msg="Failed to store events for file session_2026-08-06_10-56-08_444353_1/dec95c65bc663100ce18f14251f9ac8d65f501a20873d77a2471e9b7/job_events/03000000/dec95c65bc663100ce18f14251f9ac8d65f501a20873d77a2471e9b7-2026-08-06-17-1786039044467109009.jsonl: TASK_LIFECYCLE_EVENT must have at least one state transition"
time="2026-08-06T18:00:54Z" level=error msg="Failed to store events for file session_2026-08-06_10-56-08_444353_1/dec95c65bc663100ce18f14251f9ac8d65f501a20873d77a2471e9b7/job_events/03000000/dec95c65bc663100ce18f14251f9ac8d65f501a20873d77a2471e9b7-2026-08-06-17-1786039044467109009.jsonl: TASK_LIFECYCLE_EVENT must have at least one state transition"
time="2026-08-06T18:00:54Z" level=error msg="Failed to store events for file session_2026-08-06_10-56-08_444353_1/dec95c65bc663100ce18f14251f9ac8d65f501a20873d77a2471e9b7/job_events/03000000/dec95c65bc663100ce18f14251f9ac8d65f501a20873d77a2471e9b7-2026-08-06-17-1786039044467109009.jsonl: TASK_LIFECYCLE_EVENT must have at least one state transition"
time="2026-08-06T18:00:55Z" level=error msg="Failed to store events for file session_2026-08-06_10-56-08_444353_1/dec95c65bc663100ce18f14251f9ac8d65f501a20873d77a2471e9b7/job_events/03000000/dec95c65bc663100ce18f14251f9ac8d65f501a20873d77a2471e9b7-2026-08-06-17-1786039044467109009.jsonl: TASK_LIFECYCLE_EVENT must have at least one state transition"
time="2026-08-06T18:00:55Z" level=error msg="Failed to store events for file session_2026-08-06_10-56-08_444353_1/dec95c65bc663100ce18f14251f9ac8d65f501a20873d77a2471e9b7/job_events/03000000/dec95c65bc663100ce18f14251f9ac8d65f501a20873d77a2471e9b7-2026-08-06-17-1786039044467109009.jsonl: TASK_LIFECYCLE_EVENT must have at least one state transition"
time="2026-08-06T18:00:55Z" level=error msg="Failed to load session test-ns-hnk4h/raycluster-historyserver/session_2026-08-06_10-56-08_444353_1: context deadline exceeded"
time="2026-08-06T18:00:56Z" level=info msg="Received request: GET /enter_cluster/test-ns-hnk4h/raycluster/raycluster-historyserver/session_2026-08-06_10-56-08_444353_1"
time="2026-08-06T18:00:56Z" level=info msg="[List]Returned objects in log/cluster-metadata/. length of page.Contents: 2, length of page.CommonPrefixes: 0"
time="2026-08-06T18:00:56Z" level=error msg="Failed to parse meta file path: log/cluster-metadata/raycluster/test-ns-hnk4h_raycluster-historyserver/, error: invalid path segment count for cluster metadata structure: log/cluster-metadata/raycluster/test-ns-hnk4h_raycluster-historyserver/"
time="2026-08-06T18:00:56Z" level=info msg="Parsed cluster raycluster-historyserver for session session_2026-08-06_10-56-08_444353_1 to list"
time="2026-08-06T18:00:56Z" level=info msg="[ListFiles]Returned objects in log/cluster-history/raycluster/test-ns-hnk4h/raycluster-historyserver/session_2026-08-06_10-56-08_444353_1/. length of page.Contents: 0, length of page.CommonPrefixes: 3"
time="2026-08-06T18:00:56Z" level=info msg="[ListFiles]Returned objects in log/cluster-history/raycluster/test-ns-hnk4h/raycluster-historyserver/session_2026-08-06_10-56-08_444353_1/2be41aea8b4f1ff29e7c0f1be8edbe79d4e840a366ce7321a75ab52e/logs/events/. length of page.Contents: 11, length of page.CommonPrefixes: 0"
time="2026-08-06T18:00:56Z" level=info msg="Prepare to get object log/cluster-history/raycluster/test-ns-hnk4h/raycluster-historyserver/session_2026-08-06_10-56-08_444353_1/2be41aea8b4f1ff29e7c0f1be8edbe79d4e840a366ce7321a75ab52e/logs/events/event_AUTOSCALER.log info ..."
time="2026-08-06T18:00:56Z" level=info msg="Prepare to get object log/cluster-history/raycluster/test-ns-hnk4h/raycluster-historyserver/session_2026-08-06_10-56-08_444353_1/2be41aea8b4f1ff29e7c0f1be8edbe79d4e840a366ce7321a75ab52e/logs/events/event_CORE_WORKER_1019.log info ..."
time="2026-08-06T18:00:56Z" level=info msg="Prepare to get object log/cluster-history/raycluster/test-ns-hnk4h/raycluster-historyserver/session_2026-08-06_10-56-08_444353_1/2be41aea8b4f1ff29e7c0f1be8edbe79d4e840a366ce7321a75ab52e/logs/events/event_CORE_WORKER_1163.log info ..."
time="2026-08-06T18:00:56Z" level=info msg="Prepare to get object log/cluster-history/raycluster/test-ns-hnk4h/raycluster-historyserver/session_2026-08-06_10-56-08_444353_1/2be41aea8b4f1ff29e7c0f1be8edbe79d4e840a366ce7321a75ab52e/logs/events/event_CORE_WORKER_200.log info ..."
time="2026-08-06T18:00:56Z" level=info msg="Prepare to get object log/cluster-history/raycluster/test-ns-hnk4h/raycluster-historyserver/session_2026-08-06_10-56-08_444353_1/2be41aea8b4f1ff29e7c0f1be8edbe79d4e840a366ce7321a75ab52e/logs/events/event_CORE_WORKER_205.log info ..."
time="2026-08-06T18:00:56Z" level=info msg="Prepare to get object log/cluster-history/raycluster/test-ns-hnk4h/raycluster-historyserver/session_2026-08-06_10-56-08_444353_1/2be41aea8b4f1ff29e7c0f1be8edbe79d4e840a366ce7321a75ab52e/logs/events/event_CORE_WORKER_677.log info ..."
time="2026-08-06T18:00:56Z" level=info msg="Prepare to get object log/cluster-history/raycluster/test-ns-hnk4h/raycluster-historyserver/session_2026-08-06_10-56-08_444353_1/2be41aea8b4f1ff29e7c0f1be8edbe79d4e840a366ce7321a75ab52e/logs/events/event_CORE_WORKER_963.log info ..."
time="2026-08-06T18:00:56Z" level=info msg="Prepare to get object log/cluster-history/raycluster/test-ns-hnk4h/raycluster-historyserver/session_2026-08-06_10-56-08_444353_1/2be41aea8b4f1ff29e7c0f1be8edbe79d4e840a366ce7321a75ab52e/logs/events/event_GCS.log info ..."
time="2026-08-06T18:00:56Z" level=info msg="Prepare to get object log/cluster-history/raycluster/test-ns-hnk4h/raycluster-historyserver/session_2026-08-06_10-56-08_444353_1/2be41aea8b4f1ff29e7c0f1be8edbe79d4e840a366ce7321a75ab52e/logs/events/event_JOBS.log info ..."
time="2026-08-06T18:00:56Z" level=info msg="Prepare to get object log/cluster-history/raycluster/test-ns-hnk4h/raycluster-historyserver/session_2026-08-06_10-56-08_444353_1/2be41aea8b4f1ff29e7c0f1be8edbe79d4e840a366ce7321a75ab52e/logs/events/event_RAYLET.log info ..."
time="2026-08-06T18:00:56Z" level=info msg="[ListFiles]Returned objects in log/cluster-history/raycluster/test-ns-hnk4h/raycluster-historyserver/session_2026-08-06_10-56-08_444353_1/dec95c65bc663100ce18f14251f9ac8d65f501a20873d77a2471e9b7/logs/events/. length of page.Contents: 13, length of page.CommonPrefixes: 0"
time="2026-08-06T18:00:56Z" level=info msg="Prepare to get object log/cluster-history/raycluster/test-ns-hnk4h/raycluster-historyserver/session_2026-08-06_10-56-08_444353_1/dec95c65bc663100ce18f14251f9ac8d65f501a20873d77a2471e9b7/logs/events/event_CORE_WORKER_227.log info ..."
time="2026-08-06T18:00:56Z" level=info msg="Prepare to get object log/cluster-history/raycluster/test-ns-hnk4h/raycluster-historyserver/session_2026-08-06_10-56-08_444353_1/dec95c65bc663100ce18f14251f9ac8d65f501a20873d77a2471e9b7/logs/events/event_CORE_WORKER_228.log info ..."
time="2026-08-06T18:00:56Z" level=info msg="Prepare to get object log/cluster-history/raycluster/test-ns-hnk4h/raycluster-historyserver/session_2026-08-06_10-56-08_444353_1/dec95c65bc663100ce18f14251f9ac8d65f501a20873d77a2471e9b7/logs/events/event_CORE_WORKER_312.log info ..."
time="2026-08-06T18:00:56Z" level=info msg="Prepare to get object log/cluster-history/raycluster/test-ns-hnk4h/raycluster-historyserver/session_2026-08-06_10-56-08_444353_1/dec95c65bc663100ce18f14251f9ac8d65f501a20873d77a2471e9b7/logs/events/event_CORE_WORKER_318.log info ..."
time="2026-08-06T18:00:56Z" level=info msg="Prepare to get object log/cluster-history/raycluster/test-ns-hnk4h/raycluster-historyserver/session_2026-08-06_10-56-08_444353_1/dec95c65bc663100ce18f14251f9ac8d65f501a20873d77a2471e9b7/logs/events/event_CORE_WORKER_410.log info ..."
time="2026-08-06T18:00:56Z" level=info msg="Prepare to get object log/cluster-history/raycluster/test-ns-hnk4h/raycluster-historyserver/session_2026-08-06_10-56-08_444353_1/dec95c65bc663100ce18f14251f9ac8d65f501a20873d77a2471e9b7/logs/events/event_CORE_WORKER_418.log info ..."
time="2026-08-06T18:00:56Z" level=info msg="Prepare to get object log/cluster-history/raycluster/test-ns-hnk4h/raycluster-historyserver/session_2026-08-06_10-56-08_444353_1/dec95c65bc663100ce18f14251f9ac8d65f501a20873d77a2471e9b7/logs/events/event_CORE_WORKER_509.log info ..."
time="2026-08-06T18:00:56Z" level=info msg="Prepare to get object log/cluster-history/raycluster/test-ns-hnk4h/raycluster-historyserver/session_2026-08-06_10-56-08_444353_1/dec95c65bc663100ce18f14251f9ac8d65f501a20873d77a2471e9b7/logs/events/event_CORE_WORKER_511.log info ..."
time="2026-08-06T18:00:56Z" level=info msg="Prepare to get object log/cluster-history/raycluster/test-ns-hnk4h/raycluster-historyserver/session_2026-08-06_10-56-08_444353_1/dec95c65bc663100ce18f14251f9ac8d65f501a20873d77a2471e9b7/logs/events/event_CORE_WORKER_605.log info ..."
time="2026-08-06T18:00:56Z" level=info msg="Prepare to get object log/cluster-history/raycluster/test-ns-hnk4h/raycluster-historyserver/session_2026-08-06_10-56-08_444353_1/dec95c65bc663100ce18f14251f9ac8d65f501a20873d77a2471e9b7/logs/events/event_CORE_WORKER_608.log info ..."
time="2026-08-06T18:00:56Z" level=info msg="Prepare to get object log/cluster-history/raycluster/test-ns-hnk4h/raycluster-historyserver/session_2026-08-06_10-56-08_444353_1/dec95c65bc663100ce18f14251f9ac8d65f501a20873d77a2471e9b7/logs/events/event_CORE_WORKER_695.log info ..."
time="2026-08-06T18:00:56Z" level=info msg="Prepare to get object log/cluster-history/raycluster/test-ns-hnk4h/raycluster-historyserver/session_2026-08-06_10-56-08_444353_1/dec95c65bc663100ce18f14251f9ac8d65f501a20873d77a2471e9b7/logs/events/event_RAYLET.log info ..."
time="2026-08-06T18:00:56Z" level=info msg="[ListFiles]Returned objects in log/cluster-history/raycluster/test-ns-hnk4h/raycluster-historyserver/session_2026-08-06_10-56-08_444353_1/fetched_endpoints/logs/events/. length of page.Contents: 0, length of page.CommonPrefixes: 0"
time="2026-08-06T18:00:56Z" level=info msg="[ListFiles]Returned objects in log/cluster-history/raycluster/test-ns-hnk4h/raycluster-historyserver/session_2026-08-06_10-56-08_444353_1/. length of page.Contents: 0, length of page.CommonPrefixes: 3"
time="2026-08-06T18:00:56Z" level=info msg="[ListFiles]Returned objects in log/cluster-history/raycluster/test-ns-hnk4h/raycluster-historyserver/session_2026-08-06_10-56-08_444353_1/2be41aea8b4f1ff29e7c0f1be8edbe79d4e840a366ce7321a75ab52e/job_events/. length of page.Contents: 0, length of page.CommonPrefixes: 4"
time="2026-08-06T18:00:56Z" level=info msg="[ListFiles]Returned objects in log/cluster-history/raycluster/test-ns-hnk4h/raycluster-historyserver/session_2026-08-06_10-56-08_444353_1/2be41aea8b4f1ff29e7c0f1be8edbe79d4e840a366ce7321a75ab52e/job_events/01000000/. length of page.Contents: 2, length of page.CommonPrefixes: 0"
time="2026-08-06T18:00:56Z" level=info msg="[ListFiles]Returned objects in log/cluster-history/raycluster/test-ns-hnk4h/raycluster-historyserver/session_2026-08-06_10-56-08_444353_1/2be41aea8b4f1ff29e7c0f1be8edbe79d4e840a366ce7321a75ab52e/job_events/02000000/. length of page.Contents: 2, length of page.CommonPrefixes: 0"
time="2026-08-06T18:00:56Z" level=info msg="[ListFiles]Returned objects in log/cluster-history/raycluster/test-ns-hnk4h/raycluster-historyserver/session_2026-08-06_10-56-08_444353_1/2be41aea8b4f1ff29e7c0f1be8edbe79d4e840a366ce7321a75ab52e/job_events/03000000/. length of page.Contents: 4, length of page.CommonPrefixes: 0"
time="2026-08-06T18:00:56Z" level=info msg="[ListFiles]Returned objects in log/cluster-history/raycluster/test-ns-hnk4h/raycluster-historyserver/session_2026-08-06_10-56-08_444353_1/2be41aea8b4f1ff29e7c0f1be8edbe79d4e840a366ce7321a75ab52e/job_events/04000000/. length of page.Contents: 2, length of page.CommonPrefixes: 0"
time="2026-08-06T18:00:56Z" level=info msg="[ListFiles]Returned objects in log/cluster-history/raycluster/test-ns-hnk4h/raycluster-historyserver/session_2026-08-06_10-56-08_444353_1/dec95c65bc663100ce18f14251f9ac8d65f501a20873d77a2471e9b7/job_events/. length of page.Contents: 0, length of page.CommonPrefixes: 1"
time="2026-08-06T18:00:56Z" level=info msg="[ListFiles]Returned objects in log/cluster-history/raycluster/test-ns-hnk4h/raycluster-historyserver/session_2026-08-06_10-56-08_444353_1/dec95c65bc663100ce18f14251f9ac8d65f501a20873d77a2471e9b7/job_events/03000000/. length of page.Contents: 3, length of page.CommonPrefixes: 0"
time="2026-08-06T18:00:56Z" level=info msg="[ListFiles]Returned objects in log/cluster-history/raycluster/test-ns-hnk4h/raycluster-historyserver/session_2026-08-06_10-56-08_444353_1/fetched_endpoints/job_events/. length of page.Contents: 0, length of page.CommonPrefixes: 0"
time="2026-08-06T18:00:56Z" level=info msg="[ListFiles]Returned objects in log/cluster-history/raycluster/test-ns-hnk4h/raycluster-historyserver/session_2026-08-06_10-56-08_444353_1/. length of page.Contents: 0, length of page.CommonPrefixes: 3"
time="2026-08-06T18:00:56Z" level=info msg="[ListFiles]Returned objects in log/cluster-history/raycluster/test-ns-hnk4h/raycluster-historyserver/session_2026-08-06_10-56-08_444353_1/2be41aea8b4f1ff29e7c0f1be8edbe79d4e840a366ce7321a75ab52e/node_events/. length of page.Contents: 2, length of page.CommonPrefixes: 0"
time="2026-08-06T18:00:56Z" level=info msg="[ListFiles]Returned objects in log/cluster-history/raycluster/test-ns-hnk4h/raycluster-historyserver/session_2026-08-06_10-56-08_444353_1/dec95c65bc663100ce18f14251f9ac8d65f501a20873d77a2471e9b7/node_events/. length of page.Contents: 0, length of page.CommonPrefixes: 0"
time="2026-08-06T18:00:56Z" level=info msg="[ListFiles]Returned objects in log/cluster-history/raycluster/test-ns-hnk4h/raycluster-historyserver/session_2026-08-06_10-56-08_444353_1/fetched_endpoints/node_events/. length of page.Contents: 0, length of page.CommonPrefixes: 0"
time="2026-08-06T18:00:56Z" level=info msg="Prepare to get object log/cluster-history/raycluster/test-ns-hnk4h/raycluster-historyserver/session_2026-08-06_10-56-08_444353_1/2be41aea8b4f1ff29e7c0f1be8edbe79d4e840a366ce7321a75ab52e/job_events/01000000/2be41aea8b4f1ff29e7c0f1be8edbe79d4e840a366ce7321a75ab52e-2026-08-06-17-1786038973787948337.jsonl info ..."
time="2026-08-06T18:00:56Z" level=info msg="Prepare to get object log/cluster-history/raycluster/test-ns-hnk4h/raycluster-historyserver/session_2026-08-06_10-56-08_444353_1/2be41aea8b4f1ff29e7c0f1be8edbe79d4e840a366ce7321a75ab52e/job_events/02000000/2be41aea8b4f1ff29e7c0f1be8edbe79d4e840a366ce7321a75ab52e-2026-08-06-17-1786038992917769597.jsonl info ..."
time="2026-08-06T18:00:56Z" level=info msg="Prepare to get object log/cluster-history/raycluster/test-ns-hnk4h/raycluster-historyserver/session_2026-08-06_10-56-08_444353_1/2be41aea8b4f1ff29e7c0f1be8edbe79d4e840a366ce7321a75ab52e/job_events/03000000/2be41aea8b4f1ff29e7c0f1be8edbe79d4e840a366ce7321a75ab52e-2026-08-06-17-1786038992918411180.jsonl info ..."
time="2026-08-06T18:01:25Z" level=info msg="Prepare to get object log/cluster-history/raycluster/test-ns-hnk4h/raycluster-historyserver/session_2026-08-06_10-56-08_444353_1/2be41aea8b4f1ff29e7c0f1be8edbe79d4e840a366ce7321a75ab52e/job_events/03000000/2be41aea8b4f1ff29e7c0f1be8edbe79d4e840a366ce7321a75ab52e-2026-08-06-17-1786039033337399379.jsonl info ..."
time="2026-08-06T18:01:49Z" level=info msg="Prepare to get object log/cluster-history/raycluster/test-ns-hnk4h/raycluster-historyserver/session_2026-08-06_10-56-08_444353_1/2be41aea8b4f1ff29e7c0f1be8edbe79d4e840a366ce7321a75ab52e/job_events/03000000/2be41aea8b4f1ff29e7c0f1be8edbe79d4e840a366ce7321a75ab52e-2026-08-06-17-1786039062940171295.jsonl info ..."
time="2026-08-06T18:02:06Z" level=info msg="Prepare to get object log/cluster-history/raycluster/test-ns-hnk4h/raycluster-historyserver/session_2026-08-06_10-56-08_444353_1/2be41aea8b4f1ff29e7c0f1be8edbe79d4e840a366ce7321a75ab52e/job_events/04000000/2be41aea8b4f1ff29e7c0f1be8edbe79d4e840a366ce7321a75ab52e-2026-08-06-17-1786039006301056797.jsonl info ..."
time="2026-08-06T18:02:06Z" level=info msg="Prepare to get object log/cluster-history/raycluster/test-ns-hnk4h/raycluster-historyserver/session_2026-08-06_10-56-08_444353_1/dec95c65bc663100ce18f14251f9ac8d65f501a20873d77a2471e9b7/job_events/03000000/dec95c65bc663100ce18f14251f9ac8d65f501a20873d77a2471e9b7-2026-08-06-17-1786038994971628750.jsonl info ..."
time="2026-08-06T18:02:17Z" level=error msg="Failed to store events for file session_2026-08-06_10-56-08_444353_1/dec95c65bc663100ce18f14251f9ac8d65f501a20873d77a2471e9b7/job_events/03000000/dec95c65bc663100ce18f14251f9ac8d65f501a20873d77a2471e9b7-2026-08-06-17-1786038994971628750.jsonl: TASK_LIFECYCLE_EVENT must have at least one state transition"
time="2026-08-06T18:02:17Z" level=error msg="Failed to store events for file session_2026-08-06_10-56-08_444353_1/dec95c65bc663100ce18f14251f9ac8d65f501a20873d77a2471e9b7/job_events/03000000/dec95c65bc663100ce18f14251f9ac8d65f501a20873d77a2471e9b7-2026-08-06-17-1786038994971628750.jsonl: TASK_LIFECYCLE_EVENT must have at least one state transition"
time="2026-08-06T18:02:18Z" level=error msg="Failed to store events for file session_2026-08-06_10-56-08_444353_1/dec95c65bc663100ce18f14251f9ac8d65f501a20873d77a2471e9b7/job_events/03000000/dec95c65bc663100ce18f14251f9ac8d65f501a20873d77a2471e9b7-2026-08-06-17-1786038994971628750.jsonl: TASK_LIFECYCLE_EVENT must have at least one state transition"
time="2026-08-06T18:02:18Z" level=error msg="Failed to store events for file session_2026-08-06_10-56-08_444353_1/dec95c65bc663100ce18f14251f9ac8d65f501a20873d77a2471e9b7/job_events/03000000/dec95c65bc663100ce18f14251f9ac8d65f501a20873d77a2471e9b7-2026-08-06-17-1786038994971628750.jsonl: TASK_LIFECYCLE_EVENT must have at least one state transition"
time="2026-08-06T18:02:19Z" level=error msg="Failed to store events for file session_2026-08-06_10-56-08_444353_1/dec95c65bc663100ce18f14251f9ac8d65f501a20873d77a2471e9b7/job_events/03000000/dec95c65bc663100ce18f14251f9ac8d65f501a20873d77a2471e9b7-2026-08-06-17-1786038994971628750.jsonl: TASK_LIFECYCLE_EVENT must have at least one state transition"
time="2026-08-06T18:02:19Z" level=error msg="Failed to store events for file session_2026-08-06_10-56-08_444353_1/dec95c65bc663100ce18f14251f9ac8d65f501a20873d77a2471e9b7/job_events/03000000/dec95c65bc663100ce18f14251f9ac8d65f501a20873d77a2471e9b7-2026-08-06-17-1786038994971628750.jsonl: TASK_LIFECYCLE_EVENT must have at least one state transition"
time="2026-08-06T18:02:20Z" level=error msg="Failed to store events for file session_2026-08-06_10-56-08_444353_1/dec95c65bc663100ce18f14251f9ac8d65f501a20873d77a2471e9b7/job_events/03000000/dec95c65bc663100ce18f14251f9ac8d65f501a20873d77a2471e9b7-2026-08-06-17-1786038994971628750.jsonl: TASK_LIFECYCLE_EVENT must have at least one state transition"
time="2026-08-06T18:02:20Z" level=error msg="Failed to store events for file session_2026-08-06_10-56-08_444353_1/dec95c65bc663100ce18f14251f9ac8d65f501a20873d77a2471e9b7/job_events/03000000/dec95c65bc663100ce18f14251f9ac8d65f501a20873d77a2471e9b7-2026-08-06-17-1786038994971628750.jsonl: TASK_LIFECYCLE_EVENT must have at least one state transition"
time="2026-08-06T18:02:20Z" level=error msg="Failed to store events for file session_2026-08-06_10-56-08_444353_1/dec95c65bc663100ce18f14251f9ac8d65f501a20873d77a2471e9b7/job_events/03000000/dec95c65bc663100ce18f14251f9ac8d65f501a20873d77a2471e9b7-2026-08-06-17-1786038994971628750.jsonl: TASK_LIFECYCLE_EVENT must have at least one state transition"
time="2026-08-06T18:02:21Z" level=error msg="Failed to store events for file session_2026-08-06_10-56-08_444353_1/dec95c65bc663100ce18f14251f9ac8d65f501a20873d77a2471e9b7/job_events/03000000/dec95c65bc663100ce18f14251f9ac8d65f501a20873d77a2471e9b7-2026-08-06-17-1786038994971628750.jsonl: TASK_LIFECYCLE_EVENT must have at least one state transition"
time="2026-08-06T18:02:21Z" level=error msg="Failed to store events for file session_2026-08-06_10-56-08_444353_1/dec95c65bc663100ce18f14251f9ac8d65f501a20873d77a2471e9b7/job_events/03000000/dec95c65bc663100ce18f14251f9ac8d65f501a20873d77a2471e9b7-2026-08-06-17-1786038994971628750.jsonl: TASK_LIFECYCLE_EVENT must have at least one state transition"
time="2026-08-06T18:02:21Z" level=error msg="Failed to store events for file session_2026-08-06_10-56-08_444353_1/dec95c65bc663100ce18f14251f9ac8d65f501a20873d77a2471e9b7/job_events/03000000/dec95c65bc663100ce18f14251f9ac8d65f501a20873d77a2471e9b7-2026-08-06-17-1786038994971628750.jsonl: TASK_LIFECYCLE_EVENT must have at least one state transition"
time="2026-08-06T18:02:22Z" level=error msg="Failed to store events for file session_2026-08-06_10-56-08_444353_1/dec95c65bc663100ce18f14251f9ac8d65f501a20873d77a2471e9b7/job_events/03000000/dec95c65bc663100ce18f14251f9ac8d65f501a20873d77a2471e9b7-2026-08-06-17-1786038994971628750.jsonl: TASK_LIFECYCLE_EVENT must have at least one state transition"
time="2026-08-06T18:02:22Z" level=error msg="Failed to store events for file session_2026-08-06_10-56-08_444353_1/dec95c65bc663100ce18f14251f9ac8d65f501a20873d77a2471e9b7/job_events/03000000/dec95c65bc663100ce18f14251f9ac8d65f501a20873d77a2471e9b7-2026-08-06-17-1786038994971628750.jsonl: TASK_LIFECYCLE_EVENT must have at least one state transition"
time="2026-08-06T18:02:22Z" level=error msg="Failed to store events for file session_2026-08-06_10-56-08_444353_1/dec95c65bc663100ce18f14251f9ac8d65f501a20873d77a2471e9b7/job_events/03000000/dec95c65bc663100ce18f14251f9ac8d65f501a20873d77a2471e9b7-2026-08-06-17-1786038994971628750.jsonl: TASK_LIFECYCLE_EVENT must have at least one state transition"
time="2026-08-06T18:02:23Z" level=error msg="Failed to store events for file session_2026-08-06_10-56-08_444353_1/dec95c65bc663100ce18f14251f9ac8d65f501a20873d77a2471e9b7/job_events/03000000/dec95c65bc663100ce18f14251f9ac8d65f501a20873d77a2471e9b7-2026-08-06-17-1786038994971628750.jsonl: TASK_LIFECYCLE_EVENT must have at least one state transition"
time="2026-08-06T18:02:23Z" level=error msg="Failed to store events for file session_2026-08-06_10-56-08_444353_1/dec95c65bc663100ce18f14251f9ac8d65f501a20873d77a2471e9b7/job_events/03000000/dec95c65bc663100ce18f14251f9ac8d65f501a20873d77a2471e9b7-2026-08-06-17-1786038994971628750.jsonl: TASK_LIFECYCLE_EVENT must have at least one state transition"
time="2026-08-06T18:02:23Z" level=error msg="Failed to store events for file session_2026-08-06_10-56-08_444353_1/dec95c65bc663100ce18f14251f9ac8d65f501a20873d77a2471e9b7/job_events/03000000/dec95c65bc663100ce18f14251f9ac8d65f501a20873d77a2471e9b7-2026-08-06-17-1786038994971628750.jsonl: TASK_LIFECYCLE_EVENT must have at least one state transition"
time="2026-08-06T18:02:23Z" level=error msg="Failed to store events for file session_2026-08-06_10-56-08_444353_1/dec95c65bc663100ce18f14251f9ac8d65f501a20873d77a2471e9b7/job_events/03000000/dec95c65bc663100ce18f14251f9ac8d65f501a20873d77a2471e9b7-2026-08-06-17-1786038994971628750.jsonl: TASK_LIFECYCLE_EVENT must have at least one state transition"
time="2026-08-06T18:02:23Z" level=error msg="Failed to store events for file session_2026-08-06_10-56-08_444353_1/dec95c65bc663100ce18f14251f9ac8d65f501a20873d77a2471e9b7/job_events/03000000/dec95c65bc663100ce18f14251f9ac8d65f501a20873d77a2471e9b7-2026-08-06-17-1786038994971628750.jsonl: TASK_LIFECYCLE_EVENT must have at least one state transition"
time="2026-08-06T18:02:23Z" level=error msg="Failed to store events for file session_2026-08-06_10-56-08_444353_1/dec95c65bc663100ce18f14251f9ac8d65f501a20873d77a2471e9b7/job_events/03000000/dec95c65bc663100ce18f14251f9ac8d65f501a20873d77a2471e9b7-2026-08-06-17-1786038994971628750.jsonl: TASK_LIFECYCLE_EVENT must have at least one state transition"
time="2026-08-06T18:02:24Z" level=error msg="Failed to store events for file session_2026-08-06_10-56-08_444353_1/dec95c65bc663100ce18f14251f9ac8d65f501a20873d77a2471e9b7/job_events/03000000/dec95c65bc663100ce18f14251f9ac8d65f501a20873d77a2471e9b7-2026-08-06-17-1786038994971628750.jsonl: TASK_LIFECYCLE_EVENT must have at least one state transition"
time="2026-08-06T18:02:24Z" level=error msg="Failed to store events for file session_2026-08-06_10-56-08_444353_1/dec95c65bc663100ce18f14251f9ac8d65f501a20873d77a2471e9b7/job_events/03000000/dec95c65bc663100ce18f14251f9ac8d65f501a20873d77a2471e9b7-2026-08-06-17-1786038994971628750.jsonl: TASK_LIFECYCLE_EVENT must have at least one state transition"
time="2026-08-06T18:02:24Z" level=error msg="Failed to store events for file session_2026-08-06_10-56-08_444353_1/dec95c65bc663100ce18f14251f9ac8d65f501a20873d77a2471e9b7/job_events/03000000/dec95c65bc663100ce18f14251f9ac8d65f501a20873d77a2471e9b7-2026-08-06-17-1786038994971628750.jsonl: TASK_LIFECYCLE_EVENT must have at least one state transition"
time="2026-08-06T18:02:24Z" level=error msg="Failed to store events for file session_2026-08-06_10-56-08_444353_1/dec95c65bc663100ce18f14251f9ac8d65f501a20873d77a2471e9b7/job_events/03000000/dec95c65bc663100ce18f14251f9ac8d65f501a20873d77a2471e9b7-2026-08-06-17-1786038994971628750.jsonl: TASK_LIFECYCLE_EVENT must have at least one state transition"
time="2026-08-06T18:02:25Z" level=error msg="Failed to store events for file session_2026-08-06_10-56-08_444353_1/dec95c65bc663100ce18f14251f9ac8d65f501a20873d77a2471e9b7/job_events/03000000/dec95c65bc663100ce18f14251f9ac8d65f501a20873d77a2471e9b7-2026-08-06-17-1786038994971628750.jsonl: TASK_LIFECYCLE_EVENT must have at least one state transition"
time="2026-08-06T18:02:25Z" level=error msg="Failed to store events for file session_2026-08-06_10-56-08_444353_1/dec95c65bc663100ce18f14251f9ac8d65f501a20873d77a2471e9b7/job_events/03000000/dec95c65bc663100ce18f14251f9ac8d65f501a20873d77a2471e9b7-2026-08-06-17-1786038994971628750.jsonl: TASK_LIFECYCLE_EVENT must have at least one state transition"
time="2026-08-06T18:02:25Z" level=error msg="Failed to store events for file session_2026-08-06_10-56-08_444353_1/dec95c65bc663100ce18f14251f9ac8d65f501a20873d77a2471e9b7/job_events/03000000/dec95c65bc663100ce18f14251f9ac8d65f501a20873d77a2471e9b7-2026-08-06-17-1786038994971628750.jsonl: TASK_LIFECYCLE_EVENT must have at least one state transition"
time="2026-08-06T18:02:26Z" level=error msg="Failed to store events for file session_2026-08-06_10-56-08_444353_1/dec95c65bc663100ce18f14251f9ac8d65f501a20873d77a2471e9b7/job_events/03000000/dec95c65bc663100ce18f14251f9ac8d65f501a20873d77a2471e9b7-2026-08-06-17-1786038994971628750.jsonl: TASK_LIFECYCLE_EVENT must have at least one state transition"
time="2026-08-06T18:02:26Z" level=error msg="Failed to store events for file session_2026-08-06_10-56-08_444353_1/dec95c65bc663100ce18f14251f9ac8d65f501a20873d77a2471e9b7/job_events/03000000/dec95c65bc663100ce18f14251f9ac8d65f501a20873d77a2471e9b7-2026-08-06-17-1786038994971628750.jsonl: TASK_LIFECYCLE_EVENT must have at least one state transition"
time="2026-08-06T18:02:26Z" level=error msg="Failed to store events for file session_2026-08-06_10-56-08_444353_1/dec95c65bc663100ce18f14251f9ac8d65f501a20873d77a2471e9b7/job_events/03000000/dec95c65bc663100ce18f14251f9ac8d65f501a20873d77a2471e9b7-2026-08-06-17-1786038994971628750.jsonl: TASK_LIFECYCLE_EVENT must have at least one state transition"
time="2026-08-06T18:02:26Z" level=error msg="Failed to store events for file session_2026-08-06_10-56-08_444353_1/dec95c65bc663100ce18f14251f9ac8d65f501a20873d77a2471e9b7/job_events/03000000/dec95c65bc663100ce18f14251f9ac8d65f501a20873d77a2471e9b7-2026-08-06-17-1786038994971628750.jsonl: TASK_LIFECYCLE_EVENT must have at least one state transition"
time="2026-08-06T18:02:27Z" level=error msg="Failed to store events for file session_2026-08-06_10-56-08_444353_1/dec95c65bc663100ce18f14251f9ac8d65f501a20873d77a2471e9b7/job_events/03000000/dec95c65bc663100ce18f14251f9ac8d65f501a20873d77a2471e9b7-2026-08-06-17-1786038994971628750.jsonl: TASK_LIFECYCLE_EVENT must have at least one state transition"
time="2026-08-06T18:02:27Z" level=error msg="Failed to store events for file session_2026-08-06_10-56-08_444353_1/dec95c65bc663100ce18f14251f9ac8d65f501a20873d77a2471e9b7/job_events/03000000/dec95c65bc663100ce18f14251f9ac8d65f501a20873d77a2471e9b7-2026-08-06-17-1786038994971628750.jsonl: TASK_LIFECYCLE_EVENT must have at least one state transition"
time="2026-08-06T18:02:27Z" level=error msg="Failed to store events for file session_2026-08-06_10-56-08_444353_1/dec95c65bc663100ce18f14251f9ac8d65f501a20873d77a2471e9b7/job_events/03000000/dec95c65bc663100ce18f14251f9ac8d65f501a20873d77a2471e9b7-2026-08-06-17-1786038994971628750.jsonl: TASK_LIFECYCLE_EVENT must have at least one state transition"
time="2026-08-06T18:02:28Z" level=error msg="Failed to store events for file session_2026-08-06_10-56-08_444353_1/dec95c65bc663100ce18f14251f9ac8d65f501a20873d77a2471e9b7/job_events/03000000/dec95c65bc663100ce18f14251f9ac8d65f501a20873d77a2471e9b7-2026-08-06-17-1786038994971628750.jsonl: TASK_LIFECYCLE_EVENT must have at least one state transition"
time="2026-08-06T18:02:28Z" level=error msg="Failed to store events for file session_2026-08-06_10-56-08_444353_1/dec95c65bc663100ce18f14251f9ac8d65f501a20873d77a2471e9b7/job_events/03000000/dec95c65bc663100ce18f14251f9ac8d65f501a20873d77a2471e9b7-2026-08-06-17-1786038994971628750.jsonl: TASK_LIFECYCLE_EVENT must have at least one state transition"
time="2026-08-06T18:02:28Z" level=error msg="Failed to store events for file session_2026-08-06_10-56-08_444353_1/dec95c65bc663100ce18f14251f9ac8d65f501a20873d77a2471e9b7/job_events/03000000/dec95c65bc663100ce18f14251f9ac8d65f501a20873d77a2471e9b7-2026-08-06-17-1786038994971628750.jsonl: TASK_LIFECYCLE_EVENT must have at least one state transition"
time="2026-08-06T18:02:28Z" level=error msg="Failed to store events for file session_2026-08-06_10-56-08_444353_1/dec95c65bc663100ce18f14251f9ac8d65f501a20873d77a2471e9b7/job_events/03000000/dec95c65bc663100ce18f14251f9ac8d65f501a20873d77a2471e9b7-2026-08-06-17-1786038994971628750.jsonl: TASK_LIFECYCLE_EVENT must have at least one state transition"
time="2026-08-06T18:02:29Z" level=error msg="Failed to store events for file session_2026-08-06_10-56-08_444353_1/dec95c65bc663100ce18f14251f9ac8d65f501a20873d77a2471e9b7/job_events/03000000/dec95c65bc663100ce18f14251f9ac8d65f501a20873d77a2471e9b7-2026-08-06-17-1786038994971628750.jsonl: TASK_LIFECYCLE_EVENT must have at least one state transition"
time="2026-08-06T18:02:29Z" level=error msg="Failed to store events for file session_2026-08-06_10-56-08_444353_1/dec95c65bc663100ce18f14251f9ac8d65f501a20873d77a2471e9b7/job_events/03000000/dec95c65bc663100ce18f14251f9ac8d65f501a20873d77a2471e9b7-2026-08-06-17-1786038994971628750.jsonl: TASK_LIFECYCLE_EVENT must have at least one state transition"
time="2026-08-06T18:02:29Z" level=error msg="Failed to store events for file session_2026-08-06_10-56-08_444353_1/dec95c65bc663100ce18f14251f9ac8d65f501a20873d77a2471e9b7/job_events/03000000/dec95c65bc663100ce18f14251f9ac8d65f501a20873d77a2471e9b7-2026-08-06-17-1786038994971628750.jsonl: TASK_LIFECYCLE_EVENT must have at least one state transition"
time="2026-08-06T18:02:29Z" level=error msg="Failed to store events for file session_2026-08-06_10-56-08_444353_1/dec95c65bc663100ce18f14251f9ac8d65f501a20873d77a2471e9b7/job_events/03000000/dec95c65bc663100ce18f14251f9ac8d65f501a20873d77a2471e9b7-2026-08-06-17-1786038994971628750.jsonl: TASK_LIFECYCLE_EVENT must have at least one state transition"
time="2026-08-06T18:02:29Z" level=error msg="Failed to store events for file session_2026-08-06_10-56-08_444353_1/dec95c65bc663100ce18f14251f9ac8d65f501a20873d77a2471e9b7/job_events/03000000/dec95c65bc663100ce18f14251f9ac8d65f501a20873d77a2471e9b7-2026-08-06-17-1786038994971628750.jsonl: TASK_LIFECYCLE_EVENT must have at least one state transition"
time="2026-08-06T18:02:30Z" level=error msg="Failed to store events for file session_2026-08-06_10-56-08_444353_1/dec95c65bc663100ce18f14251f9ac8d65f501a20873d77a2471e9b7/job_events/03000000/dec95c65bc663100ce18f14251f9ac8d65f501a20873d77a2471e9b7-2026-08-06-17-1786038994971628750.jsonl: TASK_LIFECYCLE_EVENT must have at least one state transition"
time="2026-08-06T18:02:30Z" level=info msg="Prepare to get object log/cluster-history/raycluster/test-ns-hnk4h/raycluster-historyserver/session_2026-08-06_10-56-08_444353_1/dec95c65bc663100ce18f14251f9ac8d65f501a20873d77a2471e9b7/job_events/03000000/dec95c65bc663100ce18f14251f9ac8d65f501a20873d77a2471e9b7-2026-08-06-17-1786039044467109009.jsonl info ..."
time="2026-08-06T18:02:45Z" level=error msg="Failed to store events for file session_2026-08-06_10-56-08_444353_1/dec95c65bc663100ce18f14251f9ac8d65f501a20873d77a2471e9b7/job_events/03000000/dec95c65bc663100ce18f14251f9ac8d65f501a20873d77a2471e9b7-2026-08-06-17-1786039044467109009.jsonl: TASK_LIFECYCLE_EVENT must have at least one state transition"
time="2026-08-06T18:02:45Z" level=error msg="Failed to store events for file session_2026-08-06_10-56-08_444353_1/dec95c65bc663100ce18f14251f9ac8d65f501a20873d77a2471e9b7/job_events/03000000/dec95c65bc663100ce18f14251f9ac8d65f501a20873d77a2471e9b7-2026-08-06-17-1786039044467109009.jsonl: TASK_LIFECYCLE_EVENT must have at least one state transition"
time="2026-08-06T18:02:46Z" level=error msg="Failed to store events for file session_2026-08-06_10-56-08_444353_1/dec95c65bc663100ce18f14251f9ac8d65f501a20873d77a2471e9b7/job_events/03000000/dec95c65bc663100ce18f14251f9ac8d65f501a20873d77a2471e9b7-2026-08-06-17-1786039044467109009.jsonl: TASK_LIFECYCLE_EVENT must have at least one state transition"
time="2026-08-06T18:02:46Z" level=error msg="Failed to store events for file session_2026-08-06_10-56-08_444353_1/dec95c65bc663100ce18f14251f9ac8d65f501a20873d77a2471e9b7/job_events/03000000/dec95c65bc663100ce18f14251f9ac8d65f501a20873d77a2471e9b7-2026-08-06-17-1786039044467109009.jsonl: TASK_LIFECYCLE_EVENT must have at least one state transition"
time="2026-08-06T18:02:46Z" level=error msg="Failed to store events for file session_2026-08-06_10-56-08_444353_1/dec95c65bc663100ce18f14251f9ac8d65f501a20873d77a2471e9b7/job_events/03000000/dec95c65bc663100ce18f14251f9ac8d65f501a20873d77a2471e9b7-2026-08-06-17-1786039044467109009.jsonl: TASK_LIFECYCLE_EVENT must have at least one state transition"
time="2026-08-06T18:02:46Z" level=error msg="Failed to store events for file session_2026-08-06_10-56-08_444353_1/dec95c65bc663100ce18f14251f9ac8d65f501a20873d77a2471e9b7/job_events/03000000/dec95c65bc663100ce18f14251f9ac8d65f501a20873d77a2471e9b7-2026-08-06-17-1786039044467109009.jsonl: TASK_LIFECYCLE_EVENT must have at least one state transition"
time="2026-08-06T18:02:47Z" level=error msg="Failed to store events for file session_2026-08-06_10-56-08_444353_1/dec95c65bc663100ce18f14251f9ac8d65f501a20873d77a2471e9b7/job_events/03000000/dec95c65bc663100ce18f14251f9ac8d65f501a20873d77a2471e9b7-2026-08-06-17-1786039044467109009.jsonl: TASK_LIFECYCLE_EVENT must have at least one state transition"
time="2026-08-06T18:02:47Z" level=error msg="Failed to store events for file session_2026-08-06_10-56-08_444353_1/dec95c65bc663100ce18f14251f9ac8d65f501a20873d77a2471e9b7/job_events/03000000/dec95c65bc663100ce18f14251f9ac8d65f501a20873d77a2471e9b7-2026-08-06-17-1786039044467109009.jsonl: TASK_LIFECYCLE_EVENT must have at least one state transition"
time="2026-08-06T18:02:47Z" level=error msg="Failed to store events for file session_2026-08-06_10-56-08_444353_1/dec95c65bc663100ce18f14251f9ac8d65f501a20873d77a2471e9b7/job_events/03000000/dec95c65bc663100ce18f14251f9ac8d65f501a20873d77a2471e9b7-2026-08-06-17-1786039044467109009.jsonl: TASK_LIFECYCLE_EVENT must have at least one state transition"
time="2026-08-06T18:02:48Z" level=error msg="Failed to store events for file session_2026-08-06_10-56-08_444353_1/dec95c65bc663100ce18f14251f9ac8d65f501a20873d77a2471e9b7/job_events/03000000/dec95c65bc663100ce18f14251f9ac8d65f501a20873d77a2471e9b7-2026-08-06-17-1786039044467109009.jsonl: TASK_LIFECYCLE_EVENT must have at least one state transition"
time="2026-08-06T18:02:48Z" level=error msg="Failed to store events for file session_2026-08-06_10-56-08_444353_1/dec95c65bc663100ce18f14251f9ac8d65f501a20873d77a2471e9b7/job_events/03000000/dec95c65bc663100ce18f14251f9ac8d65f501a20873d77a2471e9b7-2026-08-06-17-1786039044467109009.jsonl: TASK_LIFECYCLE_EVENT must have at least one state transition"
time="2026-08-06T18:02:48Z" level=error msg="Failed to store events for file session_2026-08-06_10-56-08_444353_1/dec95c65bc663100ce18f14251f9ac8d65f501a20873d77a2471e9b7/job_events/03000000/dec95c65bc663100ce18f14251f9ac8d65f501a20873d77a2471e9b7-2026-08-06-17-1786039044467109009.jsonl: TASK_LIFECYCLE_EVENT must have at least one state transition"
time="2026-08-06T18:02:49Z" level=error msg="Failed to store events for file session_2026-08-06_10-56-08_444353_1/dec95c65bc663100ce18f14251f9ac8d65f501a20873d77a2471e9b7/job_events/03000000/dec95c65bc663100ce18f14251f9ac8d65f501a20873d77a2471e9b7-2026-08-06-17-1786039044467109009.jsonl: TASK_LIFECYCLE_EVENT must have at least one state transition"
time="2026-08-06T18:02:49Z" level=error msg="Failed to store events for file session_2026-08-06_10-56-08_444353_1/dec95c65bc663100ce18f14251f9ac8d65f501a20873d77a2471e9b7/job_events/03000000/dec95c65bc663100ce18f14251f9ac8d65f501a20873d77a2471e9b7-2026-08-06-17-1786039044467109009.jsonl: TASK_LIFECYCLE_EVENT must have at least one state transition"
time="2026-08-06T18:02:49Z" level=error msg="Failed to store events for file session_2026-08-06_10-56-08_444353_1/dec95c65bc663100ce18f14251f9ac8d65f501a20873d77a2471e9b7/job_events/03000000/dec95c65bc663100ce18f14251f9ac8d65f501a20873d77a2471e9b7-2026-08-06-17-1786039044467109009.jsonl: TASK_LIFECYCLE_EVENT must have at least one state transition"
time="2026-08-06T18:02:50Z" level=error msg="Failed to store events for file session_2026-08-06_10-56-08_444353_1/dec95c65bc663100ce18f14251f9ac8d65f501a20873d77a2471e9b7/job_events/03000000/dec95c65bc663100ce18f14251f9ac8d65f501a20873d77a2471e9b7-2026-08-06-17-1786039044467109009.jsonl: TASK_LIFECYCLE_EVENT must have at least one state transition"
time="2026-08-06T18:02:50Z" level=error msg="Failed to store events for file session_2026-08-06_10-56-08_444353_1/dec95c65bc663100ce18f14251f9ac8d65f501a20873d77a2471e9b7/job_events/03000000/dec95c65bc663100ce18f14251f9ac8d65f501a20873d77a2471e9b7-2026-08-06-17-1786039044467109009.jsonl: TASK_LIFECYCLE_EVENT must have at least one state transition"
time="2026-08-06T18:02:51Z" level=error msg="Failed to store events for file session_2026-08-06_10-56-08_444353_1/dec95c65bc663100ce18f14251f9ac8d65f501a20873d77a2471e9b7/job_events/03000000/dec95c65bc663100ce18f14251f9ac8d65f501a20873d77a2471e9b7-2026-08-06-17-1786039044467109009.jsonl: TASK_LIFECYCLE_EVENT must have at least one state transition"
time="2026-08-06T18:02:51Z" level=error msg="Failed to store events for file session_2026-08-06_10-56-08_444353_1/dec95c65bc663100ce18f14251f9ac8d65f501a20873d77a2471e9b7/job_events/03000000/dec95c65bc663100ce18f14251f9ac8d65f501a20873d77a2471e9b7-2026-08-06-17-1786039044467109009.jsonl: TASK_LIFECYCLE_EVENT must have at least one state transition"
time="2026-08-06T18:02:51Z" level=error msg="Failed to store events for file session_2026-08-06_10-56-08_444353_1/dec95c65bc663100ce18f14251f9ac8d65f501a20873d77a2471e9b7/job_events/03000000/dec95c65bc663100ce18f14251f9ac8d65f501a20873d77a2471e9b7-2026-08-06-17-1786039044467109009.jsonl: TASK_LIFECYCLE_EVENT must have at least one state transition"
time="2026-08-06T18:02:51Z" level=error msg="Failed to store events for file session_2026-08-06_10-56-08_444353_1/dec95c65bc663100ce18f14251f9ac8d65f501a20873d77a2471e9b7/job_events/03000000/dec95c65bc663100ce18f14251f9ac8d65f501a20873d77a2471e9b7-2026-08-06-17-1786039044467109009.jsonl: TASK_LIFECYCLE_EVENT must have at least one state transition"
time="2026-08-06T18:02:51Z" level=error msg="Failed to store events for file session_2026-08-06_10-56-08_444353_1/dec95c65bc663100ce18f14251f9ac8d65f501a20873d77a2471e9b7/job_events/03000000/dec95c65bc663100ce18f14251f9ac8d65f501a20873d77a2471e9b7-2026-08-06-17-1786039044467109009.jsonl: TASK_LIFECYCLE_EVENT must have at least one state transition"
time="2026-08-06T18:02:51Z" level=error msg="Failed to store events for file session_2026-08-06_10-56-08_444353_1/dec95c65bc663100ce18f14251f9ac8d65f501a20873d77a2471e9b7/job_events/03000000/dec95c65bc663100ce18f14251f9ac8d65f501a20873d77a2471e9b7-2026-08-06-17-1786039044467109009.jsonl: TASK_LIFECYCLE_EVENT must have at least one state transition"
time="2026-08-06T18:02:51Z" level=error msg="Failed to store events for file session_2026-08-06_10-56-08_444353_1/dec95c65bc663100ce18f14251f9ac8d65f501a20873d77a2471e9b7/job_events/03000000/dec95c65bc663100ce18f14251f9ac8d65f501a20873d77a2471e9b7-2026-08-06-17-1786039044467109009.jsonl: TASK_LIFECYCLE_EVENT must have at least one state transition"
time="2026-08-06T18:02:51Z" level=error msg="Failed to store events for file session_2026-08-06_10-56-08_444353_1/dec95c65bc663100ce18f14251f9ac8d65f501a20873d77a2471e9b7/job_events/03000000/dec95c65bc663100ce18f14251f9ac8d65f501a20873d77a2471e9b7-2026-08-06-17-1786039044467109009.jsonl: TASK_LIFECYCLE_EVENT must have at least one state transition"
time="2026-08-06T18:02:51Z" level=error msg="Failed to store events for file session_2026-08-06_10-56-08_444353_1/dec95c65bc663100ce18f14251f9ac8d65f501a20873d77a2471e9b7/job_events/03000000/dec95c65bc663100ce18f14251f9ac8d65f501a20873d77a2471e9b7-2026-08-06-17-1786039044467109009.jsonl: TASK_LIFECYCLE_EVENT must have at least one state transition"
time="2026-08-06T18:02:52Z" level=error msg="Failed to store events for file session_2026-08-06_10-56-08_444353_1/dec95c65bc663100ce18f14251f9ac8d65f501a20873d77a2471e9b7/job_events/03000000/dec95c65bc663100ce18f14251f9ac8d65f501a20873d77a2471e9b7-2026-08-06-17-1786039044467109009.jsonl: TASK_LIFECYCLE_EVENT must have at least one state transition"
time="2026-08-06T18:02:52Z" level=error msg="Failed to store events for file session_2026-08-06_10-56-08_444353_1/dec95c65bc663100ce18f14251f9ac8d65f501a20873d77a2471e9b7/job_events/03000000/dec95c65bc663100ce18f14251f9ac8d65f501a20873d77a2471e9b7-2026-08-06-17-1786039044467109009.jsonl: TASK_LIFECYCLE_EVENT must have at least one state transition"
time="2026-08-06T18:02:52Z" level=error msg="Failed to store events for file session_2026-08-06_10-56-08_444353_1/dec95c65bc663100ce18f14251f9ac8d65f501a20873d77a2471e9b7/job_events/03000000/dec95c65bc663100ce18f14251f9ac8d65f501a20873d77a2471e9b7-2026-08-06-17-1786039044467109009.jsonl: TASK_LIFECYCLE_EVENT must have at least one state transition"
time="2026-08-06T18:02:52Z" level=error msg="Failed to store events for file session_2026-08-06_10-56-08_444353_1/dec95c65bc663100ce18f14251f9ac8d65f501a20873d77a2471e9b7/job_events/03000000/dec95c65bc663100ce18f14251f9ac8d65f501a20873d77a2471e9b7-2026-08-06-17-1786039044467109009.jsonl: TASK_LIFECYCLE_EVENT must have at least one state transition"
time="2026-08-06T18:02:52Z" level=error msg="Failed to store events for file session_2026-08-06_10-56-08_444353_1/dec95c65bc663100ce18f14251f9ac8d65f501a20873d77a2471e9b7/job_events/03000000/dec95c65bc663100ce18f14251f9ac8d65f501a20873d77a2471e9b7-2026-08-06-17-1786039044467109009.jsonl: TASK_LIFECYCLE_EVENT must have at least one state transition"
time="2026-08-06T18:02:53Z" level=error msg="Failed to store events for file session_2026-08-06_10-56-08_444353_1/dec95c65bc663100ce18f14251f9ac8d65f501a20873d77a2471e9b7/job_events/03000000/dec95c65bc663100ce18f14251f9ac8d65f501a20873d77a2471e9b7-2026-08-06-17-1786039044467109009.jsonl: TASK_LIFECYCLE_EVENT must have at least one state transition"
time="2026-08-06T18:02:53Z" level=error msg="Failed to store events for file session_2026-08-06_10-56-08_444353_1/dec95c65bc663100ce18f14251f9ac8d65f501a20873d77a2471e9b7/job_events/03000000/dec95c65bc663100ce18f14251f9ac8d65f501a20873d77a2471e9b7-2026-08-06-17-1786039044467109009.jsonl: TASK_LIFECYCLE_EVENT must have at least one state transition"
time="2026-08-06T18:02:53Z" level=error msg="Failed to store events for file session_2026-08-06_10-56-08_444353_1/dec95c65bc663100ce18f14251f9ac8d65f501a20873d77a2471e9b7/job_events/03000000/dec95c65bc663100ce18f14251f9ac8d65f501a20873d77a2471e9b7-2026-08-06-17-1786039044467109009.jsonl: TASK_LIFECYCLE_EVENT must have at least one state transition"
time="2026-08-06T18:02:53Z" level=error msg="Failed to store events for file session_2026-08-06_10-56-08_444353_1/dec95c65bc663100ce18f14251f9ac8d65f501a20873d77a2471e9b7/job_events/03000000/dec95c65bc663100ce18f14251f9ac8d65f501a20873d77a2471e9b7-2026-08-06-17-1786039044467109009.jsonl: TASK_LIFECYCLE_EVENT must have at least one state transition"
time="2026-08-06T18:02:54Z" level=error msg="Failed to store events for file session_2026-08-06_10-56-08_444353_1/dec95c65bc663100ce18f14251f9ac8d65f501a20873d77a2471e9b7/job_events/03000000/dec95c65bc663100ce18f14251f9ac8d65f501a20873d77a2471e9b7-2026-08-06-17-1786039044467109009.jsonl: TASK_LIFECYCLE_EVENT must have at least one state transition"
time="2026-08-06T18:02:54Z" level=error msg="Failed to store events for file session_2026-08-06_10-56-08_444353_1/dec95c65bc663100ce18f14251f9ac8d65f501a20873d77a2471e9b7/job_events/03000000/dec95c65bc663100ce18f14251f9ac8d65f501a20873d77a2471e9b7-2026-08-06-17-1786039044467109009.jsonl: TASK_LIFECYCLE_EVENT must have at least one state transition"
time="2026-08-06T18:02:54Z" level=error msg="Failed to store events for file session_2026-08-06_10-56-08_444353_1/dec95c65bc663100ce18f14251f9ac8d65f501a20873d77a2471e9b7/job_events/03000000/dec95c65bc663100ce18f14251f9ac8d65f501a20873d77a2471e9b7-2026-08-06-17-1786039044467109009.jsonl: TASK_LIFECYCLE_EVENT must have at least one state transition"
time="2026-08-06T18:02:54Z" level=error msg="Failed to store events for file session_2026-08-06_10-56-08_444353_1/dec95c65bc663100ce18f14251f9ac8d65f501a20873d77a2471e9b7/job_events/03000000/dec95c65bc663100ce18f14251f9ac8d65f501a20873d77a2471e9b7-2026-08-06-17-1786039044467109009.jsonl: TASK_LIFECYCLE_EVENT must have at least one state transition"
time="2026-08-06T18:02:54Z" level=error msg="Failed to store events for file session_2026-08-06_10-56-08_444353_1/dec95c65bc663100ce18f14251f9ac8d65f501a20873d77a2471e9b7/job_events/03000000/dec95c65bc663100ce18f14251f9ac8d65f501a20873d77a2471e9b7-2026-08-06-17-1786039044467109009.jsonl: TASK_LIFECYCLE_EVENT must have at least one state transition"
time="2026-08-06T18:02:54Z" level=error msg="Failed to store events for file session_2026-08-06_10-56-08_444353_1/dec95c65bc663100ce18f14251f9ac8d65f501a20873d77a2471e9b7/job_events/03000000/dec95c65bc663100ce18f14251f9ac8d65f501a20873d77a2471e9b7-2026-08-06-17-1786039044467109009.jsonl: TASK_LIFECYCLE_EVENT must have at least one state transition"
time="2026-08-06T18:02:55Z" level=error msg="Failed to store events for file session_2026-08-06_10-56-08_444353_1/dec95c65bc663100ce18f14251f9ac8d65f501a20873d77a2471e9b7/job_events/03000000/dec95c65bc663100ce18f14251f9ac8d65f501a20873d77a2471e9b7-2026-08-06-17-1786039044467109009.jsonl: TASK_LIFECYCLE_EVENT must have at least one state transition"
time="2026-08-06T18:02:55Z" level=error msg="Failed to store events for file session_2026-08-06_10-56-08_444353_1/dec95c65bc663100ce18f14251f9ac8d65f501a20873d77a2471e9b7/job_events/03000000/dec95c65bc663100ce18f14251f9ac8d65f501a20873d77a2471e9b7-2026-08-06-17-1786039044467109009.jsonl: TASK_LIFECYCLE_EVENT must have at least one state transition"
time="2026-08-06T18:02:55Z" level=error msg="Failed to store events for file session_2026-08-06_10-56-08_444353_1/dec95c65bc663100ce18f14251f9ac8d65f501a20873d77a2471e9b7/job_events/03000000/dec95c65bc663100ce18f14251f9ac8d65f501a20873d77a2471e9b7-2026-08-06-17-1786039044467109009.jsonl: TASK_LIFECYCLE_EVENT must have at least one state transition"
time="2026-08-06T18:02:55Z" level=error msg="Failed to store events for file session_2026-08-06_10-56-08_444353_1/dec95c65bc663100ce18f14251f9ac8d65f501a20873d77a2471e9b7/job_events/03000000/dec95c65bc663100ce18f14251f9ac8d65f501a20873d77a2471e9b7-2026-08-06-17-1786039044467109009.jsonl: TASK_LIFECYCLE_EVENT must have at least one state transition"
time="2026-08-06T18:02:55Z" level=error msg="Failed to store events for file session_2026-08-06_10-56-08_444353_1/dec95c65bc663100ce18f14251f9ac8d65f501a20873d77a2471e9b7/job_events/03000000/dec95c65bc663100ce18f14251f9ac8d65f501a20873d77a2471e9b7-2026-08-06-17-1786039044467109009.jsonl: TASK_LIFECYCLE_EVENT must have at least one state transition"
time="2026-08-06T18:02:56Z" level=error msg="Failed to store events for file session_2026-08-06_10-56-08_444353_1/dec95c65bc663100ce18f14251f9ac8d65f501a20873d77a2471e9b7/job_events/03000000/dec95c65bc663100ce18f14251f9ac8d65f501a20873d77a2471e9b7-2026-08-06-17-1786039044467109009.jsonl: TASK_LIFECYCLE_EVENT must have at least one state transition"
time="2026-08-06T18:02:56Z" level=error msg="Failed to store events for file session_2026-08-06_10-56-08_444353_1/dec95c65bc663100ce18f14251f9ac8d65f501a20873d77a2471e9b7/job_events/03000000/dec95c65bc663100ce18f14251f9ac8d65f501a20873d77a2471e9b7-2026-08-06-17-1786039044467109009.jsonl: TASK_LIFECYCLE_EVENT must have at least one state transition"
time="2026-08-06T18:02:56Z" level=error msg="Failed to store events for file session_2026-08-06_10-56-08_444353_1/dec95c65bc663100ce18f14251f9ac8d65f501a20873d77a2471e9b7/job_events/03000000/dec95c65bc663100ce18f14251f9ac8d65f501a20873d77a2471e9b7-2026-08-06-17-1786039044467109009.jsonl: TASK_LIFECYCLE_EVENT must have at least one state transition"
time="2026-08-06T18:02:56Z" level=error msg="Failed to store events for file session_2026-08-06_10-56-08_444353_1/dec95c65bc663100ce18f14251f9ac8d65f501a20873d77a2471e9b7/job_events/03000000/dec95c65bc663100ce18f14251f9ac8d65f501a20873d77a2471e9b7-2026-08-06-17-1786039044467109009.jsonl: TASK_LIFECYCLE_EVENT must have at least one state transition"
time="2026-08-06T18:02:57Z" level=error msg="Failed to store events for file session_2026-08-06_10-56-08_444353_1/dec95c65bc663100ce18f14251f9ac8d65f501a20873d77a2471e9b7/job_events/03000000/dec95c65bc663100ce18f14251f9ac8d65f501a20873d77a2471e9b7-2026-08-06-17-1786039044467109009.jsonl: TASK_LIFECYCLE_EVENT must have at least one state transition"
time="2026-08-06T18:02:57Z" level=error msg="Failed to store events for file session_2026-08-06_10-56-08_444353_1/dec95c65bc663100ce18f14251f9ac8d65f501a20873d77a2471e9b7/job_events/03000000/dec95c65bc663100ce18f14251f9ac8d65f501a20873d77a2471e9b7-2026-08-06-17-1786039044467109009.jsonl: TASK_LIFECYCLE_EVENT must have at least one state transition"
time="2026-08-06T18:02:57Z" level=error msg="Failed to store events for file session_2026-08-06_10-56-08_444353_1/dec95c65bc663100ce18f14251f9ac8d65f501a20873d77a2471e9b7/job_events/03000000/dec95c65bc663100ce18f14251f9ac8d65f501a20873d77a2471e9b7-2026-08-06-17-1786039044467109009.jsonl: TASK_LIFECYCLE_EVENT must have at least one state transition"
time="2026-08-06T18:02:58Z" level=error msg="Failed to store events for file session_2026-08-06_10-56-08_444353_1/dec95c65bc663100ce18f14251f9ac8d65f501a20873d77a2471e9b7/job_events/03000000/dec95c65bc663100ce18f14251f9ac8d65f501a20873d77a2471e9b7-2026-08-06-17-1786039044467109009.jsonl: TASK_LIFECYCLE_EVENT must have at least one state transition"
time="2026-08-06T18:02:58Z" level=error msg="Failed to store events for file session_2026-08-06_10-56-08_444353_1/dec95c65bc663100ce18f14251f9ac8d65f501a20873d77a2471e9b7/job_events/03000000/dec95c65bc663100ce18f14251f9ac8d65f501a20873d77a2471e9b7-2026-08-06-17-1786039044467109009.jsonl: TASK_LIFECYCLE_EVENT must have at least one state transition"
time="2026-08-06T18:02:59Z" level=error msg="Failed to store events for file session_2026-08-06_10-56-08_444353_1/dec95c65bc663100ce18f14251f9ac8d65f501a20873d77a2471e9b7/job_events/03000000/dec95c65bc663100ce18f14251f9ac8d65f501a20873d77a2471e9b7-2026-08-06-17-1786039044467109009.jsonl: TASK_LIFECYCLE_EVENT must have at least one state transition"
time="2026-08-06T18:02:59Z" level=error msg="Failed to store events for file session_2026-08-06_10-56-08_444353_1/dec95c65bc663100ce18f14251f9ac8d65f501a20873d77a2471e9b7/job_events/03000000/dec95c65bc663100ce18f14251f9ac8d65f501a20873d77a2471e9b7-2026-08-06-17-1786039044467109009.jsonl: TASK_LIFECYCLE_EVENT must have at least one state transition"
time="2026-08-06T18:02:59Z" level=error msg="Failed to store events for file session_2026-08-06_10-56-08_444353_1/dec95c65bc663100ce18f14251f9ac8d65f501a20873d77a2471e9b7/job_events/03000000/dec95c65bc663100ce18f14251f9ac8d65f501a20873d77a2471e9b7-2026-08-06-17-1786039044467109009.jsonl: TASK_LIFECYCLE_EVENT must have at least one state transition"
time="2026-08-06T18:03:00Z" level=error msg="Failed to store events for file session_2026-08-06_10-56-08_444353_1/dec95c65bc663100ce18f14251f9ac8d65f501a20873d77a2471e9b7/job_events/03000000/dec95c65bc663100ce18f14251f9ac8d65f501a20873d77a2471e9b7-2026-08-06-17-1786039044467109009.jsonl: TASK_LIFECYCLE_EVENT must have at least one state transition"
time="2026-08-06T18:03:00Z" level=error msg="Failed to store events for file session_2026-08-06_10-56-08_444353_1/dec95c65bc663100ce18f14251f9ac8d65f501a20873d77a2471e9b7/job_events/03000000/dec95c65bc663100ce18f14251f9ac8d65f501a20873d77a2471e9b7-2026-08-06-17-1786039044467109009.jsonl: TASK_LIFECYCLE_EVENT must have at least one state transition"
time="2026-08-06T18:03:01Z" level=error msg="Failed to store events for file session_2026-08-06_10-56-08_444353_1/dec95c65bc663100ce18f14251f9ac8d65f501a20873d77a2471e9b7/job_events/03000000/dec95c65bc663100ce18f14251f9ac8d65f501a20873d77a2471e9b7-2026-08-06-17-1786039044467109009.jsonl: TASK_LIFECYCLE_EVENT must have at least one state transition"
time="2026-08-06T18:03:01Z" level=error msg="Failed to store events for file session_2026-08-06_10-56-08_444353_1/dec95c65bc663100ce18f14251f9ac8d65f501a20873d77a2471e9b7/job_events/03000000/dec95c65bc663100ce18f14251f9ac8d65f501a20873d77a2471e9b7-2026-08-06-17-1786039044467109009.jsonl: TASK_LIFECYCLE_EVENT must have at least one state transition"
time="2026-08-06T18:03:01Z" level=error msg="Failed to store events for file session_2026-08-06_10-56-08_444353_1/dec95c65bc663100ce18f14251f9ac8d65f501a20873d77a2471e9b7/job_events/03000000/dec95c65bc663100ce18f14251f9ac8d65f501a20873d77a2471e9b7-2026-08-06-17-1786039044467109009.jsonl: TASK_LIFECYCLE_EVENT must have at least one state transition"
time="2026-08-06T18:03:01Z" level=error msg="Failed to store events for file session_2026-08-06_10-56-08_444353_1/dec95c65bc663100ce18f14251f9ac8d65f501a20873d77a2471e9b7/job_events/03000000/dec95c65bc663100ce18f14251f9ac8d65f501a20873d77a2471e9b7-2026-08-06-17-1786039044467109009.jsonl: TASK_LIFECYCLE_EVENT must have at least one state transition"
time="2026-08-06T18:03:01Z" level=error msg="Failed to store events for file session_2026-08-06_10-56-08_444353_1/dec95c65bc663100ce18f14251f9ac8d65f501a20873d77a2471e9b7/job_events/03000000/dec95c65bc663100ce18f14251f9ac8d65f501a20873d77a2471e9b7-2026-08-06-17-1786039044467109009.jsonl: TASK_LIFECYCLE_EVENT must have at least one state transition"
time="2026-08-06T18:03:02Z" level=error msg="Failed to store events for file session_2026-08-06_10-56-08_444353_1/dec95c65bc663100ce18f14251f9ac8d65f501a20873d77a2471e9b7/job_events/03000000/dec95c65bc663100ce18f14251f9ac8d65f501a20873d77a2471e9b7-2026-08-06-17-1786039044467109009.jsonl: TASK_LIFECYCLE_EVENT must have at least one state transition"
time="2026-08-06T18:03:02Z" level=error msg="Failed to store events for file session_2026-08-06_10-56-08_444353_1/dec95c65bc663100ce18f14251f9ac8d65f501a20873d77a2471e9b7/job_events/03000000/dec95c65bc663100ce18f14251f9ac8d65f501a20873d77a2471e9b7-2026-08-06-17-1786039044467109009.jsonl: TASK_LIFECYCLE_EVENT must have at least one state transition"
time="2026-08-06T18:03:02Z" level=error msg="Failed to store events for file session_2026-08-06_10-56-08_444353_1/dec95c65bc663100ce18f14251f9ac8d65f501a20873d77a2471e9b7/job_events/03000000/dec95c65bc663100ce18f14251f9ac8d65f501a20873d77a2471e9b7-2026-08-06-17-1786039044467109009.jsonl: TASK_LIFECYCLE_EVENT must have at least one state transition"
time="2026-08-06T18:03:02Z" level=error msg="Failed to store events for file session_2026-08-06_10-56-08_444353_1/dec95c65bc663100ce18f14251f9ac8d65f501a20873d77a2471e9b7/job_events/03000000/dec95c65bc663100ce18f14251f9ac8d65f501a20873d77a2471e9b7-2026-08-06-17-1786039044467109009.jsonl: TASK_LIFECYCLE_EVENT must have at least one state transition"
time="2026-08-06T18:03:02Z" level=error msg="Failed to store events for file session_2026-08-06_10-56-08_444353_1/dec95c65bc663100ce18f14251f9ac8d65f501a20873d77a2471e9b7/job_events/03000000/dec95c65bc663100ce18f14251f9ac8d65f501a20873d77a2471e9b7-2026-08-06-17-1786039044467109009.jsonl: TASK_LIFECYCLE_EVENT must have at least one state transition"
time="2026-08-06T18:03:02Z" level=error msg="Failed to store events for file session_2026-08-06_10-56-08_444353_1/dec95c65bc663100ce18f14251f9ac8d65f501a20873d77a2471e9b7/job_events/03000000/dec95c65bc663100ce18f14251f9ac8d65f501a20873d77a2471e9b7-2026-08-06-17-1786039044467109009.jsonl: TASK_LIFECYCLE_EVENT must have at least one state transition"
time="2026-08-06T18:03:03Z" level=error msg="Failed to store events for file session_2026-08-06_10-56-08_444353_1/dec95c65bc663100ce18f14251f9ac8d65f501a20873d77a2471e9b7/job_events/03000000/dec95c65bc663100ce18f14251f9ac8d65f501a20873d77a2471e9b7-2026-08-06-17-1786039044467109009.jsonl: TASK_LIFECYCLE_EVENT must have at least one state transition"
time="2026-08-06T18:03:03Z" level=error msg="Failed to store events for file session_2026-08-06_10-56-08_444353_1/dec95c65bc663100ce18f14251f9ac8d65f501a20873d77a2471e9b7/job_events/03000000/dec95c65bc663100ce18f14251f9ac8d65f501a20873d77a2471e9b7-2026-08-06-17-1786039044467109009.jsonl: TASK_LIFECYCLE_EVENT must have at least one state transition"
time="2026-08-06T18:03:03Z" level=error msg="Failed to load session test-ns-hnk4h/raycluster-historyserver/session_2026-08-06_10-56-08_444353_1: context deadline exceeded"
time="2026-08-06T18:03:04Z" level=info msg="Received request: GET /enter_cluster/test-ns-hnk4h/raycluster/raycluster-historyserver/session_2026-08-06_10-56-08_444353_1"
time="2026-08-06T18:03:04Z" level=info msg="[List]Returned objects in log/cluster-metadata/. length of page.Contents: 2, length of page.CommonPrefixes: 0"
time="2026-08-06T18:03:04Z" level=error msg="Failed to parse meta file path: log/cluster-metadata/raycluster/test-ns-hnk4h_raycluster-historyserver/, error: invalid path segment count for cluster metadata structure: log/cluster-metadata/raycluster/test-ns-hnk4h_raycluster-historyserver/"
time="2026-08-06T18:03:04Z" level=info msg="Parsed cluster raycluster-historyserver for session session_2026-08-06_10-56-08_444353_1 to list"
time="2026-08-06T18:03:04Z" level=info msg="[ListFiles]Returned objects in log/cluster-history/raycluster/test-ns-hnk4h/raycluster-historyserver/session_2026-08-06_10-56-08_444353_1/. length of page.Contents: 0, length of page.CommonPrefixes: 3"
time="2026-08-06T18:03:04Z" level=info msg="[ListFiles]Returned objects in log/cluster-history/raycluster/test-ns-hnk4h/raycluster-historyserver/session_2026-08-06_10-56-08_444353_1/2be41aea8b4f1ff29e7c0f1be8edbe79d4e840a366ce7321a75ab52e/logs/events/. length of page.Contents: 11, length of page.CommonPrefixes: 0"
time="2026-08-06T18:03:04Z" level=info msg="Prepare to get object log/cluster-history/raycluster/test-ns-hnk4h/raycluster-historyserver/session_2026-08-06_10-56-08_444353_1/2be41aea8b4f1ff29e7c0f1be8edbe79d4e840a366ce7321a75ab52e/logs/events/event_AUTOSCALER.log info ..."
time="2026-08-06T18:03:04Z" level=info msg="Prepare to get object log/cluster-history/raycluster/test-ns-hnk4h/raycluster-historyserver/session_2026-08-06_10-56-08_444353_1/2be41aea8b4f1ff29e7c0f1be8edbe79d4e840a366ce7321a75ab52e/logs/events/event_CORE_WORKER_1019.log info ..."
time="2026-08-06T18:03:04Z" level=info msg="Prepare to get object log/cluster-history/raycluster/test-ns-hnk4h/raycluster-historyserver/session_2026-08-06_10-56-08_444353_1/2be41aea8b4f1ff29e7c0f1be8edbe79d4e840a366ce7321a75ab52e/logs/events/event_CORE_WORKER_1163.log info ..."
time="2026-08-06T18:03:04Z" level=info msg="Prepare to get object log/cluster-history/raycluster/test-ns-hnk4h/raycluster-historyserver/session_2026-08-06_10-56-08_444353_1/2be41aea8b4f1ff29e7c0f1be8edbe79d4e840a366ce7321a75ab52e/logs/events/event_CORE_WORKER_200.log info ..."
time="2026-08-06T18:03:04Z" level=info msg="Prepare to get object log/cluster-history/raycluster/test-ns-hnk4h/raycluster-historyserver/session_2026-08-06_10-56-08_444353_1/2be41aea8b4f1ff29e7c0f1be8edbe79d4e840a366ce7321a75ab52e/logs/events/event_CORE_WORKER_205.log info ..."
time="2026-08-06T18:03:04Z" level=info msg="Prepare to get object log/cluster-history/raycluster/test-ns-hnk4h/raycluster-historyserver/session_2026-08-06_10-56-08_444353_1/2be41aea8b4f1ff29e7c0f1be8edbe79d4e840a366ce7321a75ab52e/logs/events/event_CORE_WORKER_677.log info ..."
time="2026-08-06T18:03:04Z" level=info msg="Prepare to get object log/cluster-history/raycluster/test-ns-hnk4h/raycluster-historyserver/session_2026-08-06_10-56-08_444353_1/2be41aea8b4f1ff29e7c0f1be8edbe79d4e840a366ce7321a75ab52e/logs/events/event_CORE_WORKER_963.log info ..."
time="2026-08-06T18:03:04Z" level=info msg="Prepare to get object log/cluster-history/raycluster/test-ns-hnk4h/raycluster-historyserver/session_2026-08-06_10-56-08_444353_1/2be41aea8b4f1ff29e7c0f1be8edbe79d4e840a366ce7321a75ab52e/logs/events/event_GCS.log info ..."
time="2026-08-06T18:03:04Z" level=info msg="Prepare to get object log/cluster-history/raycluster/test-ns-hnk4h/raycluster-historyserver/session_2026-08-06_10-56-08_444353_1/2be41aea8b4f1ff29e7c0f1be8edbe79d4e840a366ce7321a75ab52e/logs/events/event_JOBS.log info ..."
time="2026-08-06T18:03:04Z" level=info msg="Prepare to get object log/cluster-history/raycluster/test-ns-hnk4h/raycluster-historyserver/session_2026-08-06_10-56-08_444353_1/2be41aea8b4f1ff29e7c0f1be8edbe79d4e840a366ce7321a75ab52e/logs/events/event_RAYLET.log info ..."
time="2026-08-06T18:03:04Z" level=info msg="[ListFiles]Returned objects in log/cluster-history/raycluster/test-ns-hnk4h/raycluster-historyserver/session_2026-08-06_10-56-08_444353_1/dec95c65bc663100ce18f14251f9ac8d65f501a20873d77a2471e9b7/logs/events/. length of page.Contents: 13, length of page.CommonPrefixes: 0"
time="2026-08-06T18:03:04Z" level=info msg="Prepare to get object log/cluster-history/raycluster/test-ns-hnk4h/raycluster-historyserver/session_2026-08-06_10-56-08_444353_1/dec95c65bc663100ce18f14251f9ac8d65f501a20873d77a2471e9b7/logs/events/event_CORE_WORKER_227.log info ..."
time="2026-08-06T18:03:04Z" level=info msg="Prepare to get object log/cluster-history/raycluster/test-ns-hnk4h/raycluster-historyserver/session_2026-08-06_10-56-08_444353_1/dec95c65bc663100ce18f14251f9ac8d65f501a20873d77a2471e9b7/logs/events/event_CORE_WORKER_228.log info ..."
time="2026-08-06T18:03:04Z" level=info msg="Prepare to get object log/cluster-history/raycluster/test-ns-hnk4h/raycluster-historyserver/session_2026-08-06_10-56-08_444353_1/dec95c65bc663100ce18f14251f9ac8d65f501a20873d77a2471e9b7/logs/events/event_CORE_WORKER_312.log info ..."
time="2026-08-06T18:03:04Z" level=info msg="Prepare to get object log/cluster-history/raycluster/test-ns-hnk4h/raycluster-historyserver/session_2026-08-06_10-56-08_444353_1/dec95c65bc663100ce18f14251f9ac8d65f501a20873d77a2471e9b7/logs/events/event_CORE_WORKER_318.log info ..."
time="2026-08-06T18:03:04Z" level=info msg="Prepare to get object log/cluster-history/raycluster/test-ns-hnk4h/raycluster-historyserver/session_2026-08-06_10-56-08_444353_1/dec95c65bc663100ce18f14251f9ac8d65f501a20873d77a2471e9b7/logs/events/event_CORE_WORKER_410.log info ..."
time="2026-08-06T18:03:04Z" level=info msg="Prepare to get object log/cluster-history/raycluster/test-ns-hnk4h/raycluster-historyserver/session_2026-08-06_10-56-08_444353_1/dec95c65bc663100ce18f14251f9ac8d65f501a20873d77a2471e9b7/logs/events/event_CORE_WORKER_418.log info ..."
time="2026-08-06T18:03:04Z" level=info msg="Prepare to get object log/cluster-history/raycluster/test-ns-hnk4h/raycluster-historyserver/session_2026-08-06_10-56-08_444353_1/dec95c65bc663100ce18f14251f9ac8d65f501a20873d77a2471e9b7/logs/events/event_CORE_WORKER_509.log info ..."
time="2026-08-06T18:03:04Z" level=info msg="Prepare to get object log/cluster-history/raycluster/test-ns-hnk4h/raycluster-historyserver/session_2026-08-06_10-56-08_444353_1/dec95c65bc663100ce18f14251f9ac8d65f501a20873d77a2471e9b7/logs/events/event_CORE_WORKER_511.log info ..."
time="2026-08-06T18:03:04Z" level=info msg="Prepare to get object log/cluster-history/raycluster/test-ns-hnk4h/raycluster-historyserver/session_2026-08-06_10-56-08_444353_1/dec95c65bc663100ce18f14251f9ac8d65f501a20873d77a2471e9b7/logs/events/event_CORE_WORKER_605.log info ..."
time="2026-08-06T18:03:04Z" level=info msg="Prepare to get object log/cluster-history/raycluster/test-ns-hnk4h/raycluster-historyserver/session_2026-08-06_10-56-08_444353_1/dec95c65bc663100ce18f14251f9ac8d65f501a20873d77a2471e9b7/logs/events/event_CORE_WORKER_608.log info ..."
time="2026-08-06T18:03:04Z" level=info msg="Prepare to get object log/cluster-history/raycluster/test-ns-hnk4h/raycluster-historyserver/session_2026-08-06_10-56-08_444353_1/dec95c65bc663100ce18f14251f9ac8d65f501a20873d77a2471e9b7/logs/events/event_CORE_WORKER_695.log info ..."
time="2026-08-06T18:03:04Z" level=info msg="Prepare to get object log/cluster-history/raycluster/test-ns-hnk4h/raycluster-historyserver/session_2026-08-06_10-56-08_444353_1/dec95c65bc663100ce18f14251f9ac8d65f501a20873d77a2471e9b7/logs/events/event_RAYLET.log info ..."
time="2026-08-06T18:03:04Z" level=info msg="[ListFiles]Returned objects in log/cluster-history/raycluster/test-ns-hnk4h/raycluster-historyserver/session_2026-08-06_10-56-08_444353_1/fetched_endpoints/logs/events/. length of page.Contents: 0, length of page.CommonPrefixes: 0"
time="2026-08-06T18:03:04Z" level=info msg="[ListFiles]Returned objects in log/cluster-history/raycluster/test-ns-hnk4h/raycluster-historyserver/session_2026-08-06_10-56-08_444353_1/. length of page.Contents: 0, length of page.CommonPrefixes: 3"
time="2026-08-06T18:03:04Z" level=info msg="[ListFiles]Returned objects in log/cluster-history/raycluster/test-ns-hnk4h/raycluster-historyserver/session_2026-08-06_10-56-08_444353_1/2be41aea8b4f1ff29e7c0f1be8edbe79d4e840a366ce7321a75ab52e/job_events/. length of page.Contents: 0, length of page.CommonPrefixes: 4"
time="2026-08-06T18:03:04Z" level=info msg="[ListFiles]Returned objects in log/cluster-history/raycluster/test-ns-hnk4h/raycluster-historyserver/session_2026-08-06_10-56-08_444353_1/2be41aea8b4f1ff29e7c0f1be8edbe79d4e840a366ce7321a75ab52e/job_events/01000000/. length of page.Contents: 2, length of page.CommonPrefixes: 0"
time="2026-08-06T18:03:04Z" level=info msg="[ListFiles]Returned objects in log/cluster-history/raycluster/test-ns-hnk4h/raycluster-historyserver/session_2026-08-06_10-56-08_444353_1/2be41aea8b4f1ff29e7c0f1be8edbe79d4e840a366ce7321a75ab52e/job_events/02000000/. length of page.Contents: 2, length of page.CommonPrefixes: 0"
time="2026-08-06T18:03:04Z" level=info msg="[ListFiles]Returned objects in log/cluster-history/raycluster/test-ns-hnk4h/raycluster-historyserver/session_2026-08-06_10-56-08_444353_1/2be41aea8b4f1ff29e7c0f1be8edbe79d4e840a366ce7321a75ab52e/job_events/03000000/. length of page.Contents: 4, length of page.CommonPrefixes: 0"
time="2026-08-06T18:03:04Z" level=info msg="[ListFiles]Returned objects in log/cluster-history/raycluster/test-ns-hnk4h/raycluster-historyserver/session_2026-08-06_10-56-08_444353_1/2be41aea8b4f1ff29e7c0f1be8edbe79d4e840a366ce7321a75ab52e/job_events/04000000/. length of page.Contents: 2, length of page.CommonPrefixes: 0"
time="2026-08-06T18:03:04Z" level=info msg="[ListFiles]Returned objects in log/cluster-history/raycluster/test-ns-hnk4h/raycluster-historyserver/session_2026-08-06_10-56-08_444353_1/dec95c65bc663100ce18f14251f9ac8d65f501a20873d77a2471e9b7/job_events/. length of page.Contents: 0, length of page.CommonPrefixes: 1"
time="2026-08-06T18:03:04Z" level=info msg="[ListFiles]Returned objects in log/cluster-history/raycluster/test-ns-hnk4h/raycluster-historyserver/session_2026-08-06_10-56-08_444353_1/dec95c65bc663100ce18f14251f9ac8d65f501a20873d77a2471e9b7/job_events/03000000/. length of page.Contents: 3, length of page.CommonPrefixes: 0"
time="2026-08-06T18:03:04Z" level=info msg="[ListFiles]Returned objects in log/cluster-history/raycluster/test-ns-hnk4h/raycluster-historyserver/session_2026-08-06_10-56-08_444353_1/fetched_endpoints/job_events/. length of page.Contents: 0, length of page.CommonPrefixes: 0"
time="2026-08-06T18:03:04Z" level=info msg="[ListFiles]Returned objects in log/cluster-history/raycluster/test-ns-hnk4h/raycluster-historyserver/session_2026-08-06_10-56-08_444353_1/. length of page.Contents: 0, length of page.CommonPrefixes: 3"
time="2026-08-06T18:03:04Z" level=info msg="[ListFiles]Returned objects in log/cluster-history/raycluster/test-ns-hnk4h/raycluster-historyserver/session_2026-08-06_10-56-08_444353_1/2be41aea8b4f1ff29e7c0f1be8edbe79d4e840a366ce7321a75ab52e/node_events/. length of page.Contents: 2, length of page.CommonPrefixes: 0"
time="2026-08-06T18:03:04Z" level=info msg="[ListFiles]Returned objects in log/cluster-history/raycluster/test-ns-hnk4h/raycluster-historyserver/session_2026-08-06_10-56-08_444353_1/dec95c65bc663100ce18f14251f9ac8d65f501a20873d77a2471e9b7/node_events/. length of page.Contents: 0, length of page.CommonPrefixes: 0"
time="2026-08-06T18:03:04Z" level=info msg="[ListFiles]Returned objects in log/cluster-history/raycluster/test-ns-hnk4h/raycluster-historyserver/session_2026-08-06_10-56-08_444353_1/fetched_endpoints/node_events/. length of page.Contents: 0, length of page.CommonPrefixes: 0"
time="2026-08-06T18:03:04Z" level=info msg="Prepare to get object log/cluster-history/raycluster/test-ns-hnk4h/raycluster-historyserver/session_2026-08-06_10-56-08_444353_1/2be41aea8b4f1ff29e7c0f1be8edbe79d4e840a366ce7321a75ab52e/job_events/01000000/2be41aea8b4f1ff29e7c0f1be8edbe79d4e840a366ce7321a75ab52e-2026-08-06-17-1786038973787948337.jsonl info ..."
time="2026-08-06T18:03:04Z" level=info msg="Prepare to get object log/cluster-history/raycluster/test-ns-hnk4h/raycluster-historyserver/session_2026-08-06_10-56-08_444353_1/2be41aea8b4f1ff29e7c0f1be8edbe79d4e840a366ce7321a75ab52e/job_events/02000000/2be41aea8b4f1ff29e7c0f1be8edbe79d4e840a366ce7321a75ab52e-2026-08-06-17-1786038992917769597.jsonl info ..."
time="2026-08-06T18:03:04Z" level=info msg="Prepare to get object log/cluster-history/raycluster/test-ns-hnk4h/raycluster-historyserver/session_2026-08-06_10-56-08_444353_1/2be41aea8b4f1ff29e7c0f1be8edbe79d4e840a366ce7321a75ab52e/job_events/03000000/2be41aea8b4f1ff29e7c0f1be8edbe79d4e840a366ce7321a75ab52e-2026-08-06-17-1786038992918411180.jsonl info ..."
time="2026-08-06T18:03:33Z" level=info msg="Prepare to get object log/cluster-history/raycluster/test-ns-hnk4h/raycluster-historyserver/session_2026-08-06_10-56-08_444353_1/2be41aea8b4f1ff29e7c0f1be8edbe79d4e840a366ce7321a75ab52e/job_events/03000000/2be41aea8b4f1ff29e7c0f1be8edbe79d4e840a366ce7321a75ab52e-2026-08-06-17-1786039033337399379.jsonl info ..."
time="2026-08-06T18:03:59Z" level=info msg="Prepare to get object log/cluster-history/raycluster/test-ns-hnk4h/raycluster-historyserver/session_2026-08-06_10-56-08_444353_1/2be41aea8b4f1ff29e7c0f1be8edbe79d4e840a366ce7321a75ab52e/job_events/03000000/2be41aea8b4f1ff29e7c0f1be8edbe79d4e840a366ce7321a75ab52e-2026-08-06-17-1786039062940171295.jsonl info ..."
time="2026-08-06T18:04:05Z" level=error msg="Failed to load session test-ns-hnk4h/raycluster-historyserver/session_2026-08-06_10-56-08_444353_1: context canceled"
time="2026-08-06T18:04:14Z" level=info msg="Received request: GET /enter_cluster/test-ns-hnk4h/raycluster/raycluster-historyserver/session_2026-08-06_10-56-08_444353_1"
time="2026-08-06T18:04:14Z" level=info msg="[List]Returned objects in log/cluster-metadata/. length of page.Contents: 2, length of page.CommonPrefixes: 0"
time="2026-08-06T18:04:14Z" level=error msg="Failed to parse meta file path: log/cluster-metadata/raycluster/test-ns-hnk4h_raycluster-historyserver/, error: invalid path segment count for cluster metadata structure: log/cluster-metadata/raycluster/test-ns-hnk4h_raycluster-historyserver/"
time="2026-08-06T18:04:14Z" level=info msg="Parsed cluster raycluster-historyserver for session session_2026-08-06_10-56-08_444353_1 to list"
time="2026-08-06T18:04:17Z" level=info msg="Prepare to get object log/cluster-history/raycluster/test-ns-hnk4h/raycluster-historyserver/session_2026-08-06_10-56-08_444353_1/2be41aea8b4f1ff29e7c0f1be8edbe79d4e840a366ce7321a75ab52e/job_events/04000000/2be41aea8b4f1ff29e7c0f1be8edbe79d4e840a366ce7321a75ab52e-2026-08-06-17-1786039006301056797.jsonl info ..."
time="2026-08-06T18:04:17Z" level=info msg="Prepare to get object log/cluster-history/raycluster/test-ns-hnk4h/raycluster-historyserver/session_2026-08-06_10-56-08_444353_1/dec95c65bc663100ce18f14251f9ac8d65f501a20873d77a2471e9b7/job_events/03000000/dec95c65bc663100ce18f14251f9ac8d65f501a20873d77a2471e9b7-2026-08-06-17-1786038994971628750.jsonl info ..."
time="2026-08-06T18:04:29Z" level=error msg="Failed to store events for file session_2026-08-06_10-56-08_444353_1/dec95c65bc663100ce18f14251f9ac8d65f501a20873d77a2471e9b7/job_events/03000000/dec95c65bc663100ce18f14251f9ac8d65f501a20873d77a2471e9b7-2026-08-06-17-1786038994971628750.jsonl: TASK_LIFECYCLE_EVENT must have at least one state transition"
time="2026-08-06T18:04:29Z" level=error msg="Failed to store events for file session_2026-08-06_10-56-08_444353_1/dec95c65bc663100ce18f14251f9ac8d65f501a20873d77a2471e9b7/job_events/03000000/dec95c65bc663100ce18f14251f9ac8d65f501a20873d77a2471e9b7-2026-08-06-17-1786038994971628750.jsonl: TASK_LIFECYCLE_EVENT must have at least one state transition"
time="2026-08-06T18:04:29Z" level=error msg="Failed to store events for file session_2026-08-06_10-56-08_444353_1/dec95c65bc663100ce18f14251f9ac8d65f501a20873d77a2471e9b7/job_events/03000000/dec95c65bc663100ce18f14251f9ac8d65f501a20873d77a2471e9b7-2026-08-06-17-1786038994971628750.jsonl: TASK_LIFECYCLE_EVENT must have at least one state transition"
time="2026-08-06T18:04:30Z" level=error msg="Failed to store events for file session_2026-08-06_10-56-08_444353_1/dec95c65bc663100ce18f14251f9ac8d65f501a20873d77a2471e9b7/job_events/03000000/dec95c65bc663100ce18f14251f9ac8d65f501a20873d77a2471e9b7-2026-08-06-17-1786038994971628750.jsonl: TASK_LIFECYCLE_EVENT must have at least one state transition"
time="2026-08-06T18:04:30Z" level=error msg="Failed to store events for file session_2026-08-06_10-56-08_444353_1/dec95c65bc663100ce18f14251f9ac8d65f501a20873d77a2471e9b7/job_events/03000000/dec95c65bc663100ce18f14251f9ac8d65f501a20873d77a2471e9b7-2026-08-06-17-1786038994971628750.jsonl: TASK_LIFECYCLE_EVENT must have at least one state transition"
time="2026-08-06T18:04:30Z" level=error msg="Failed to store events for file session_2026-08-06_10-56-08_444353_1/dec95c65bc663100ce18f14251f9ac8d65f501a20873d77a2471e9b7/job_events/03000000/dec95c65bc663100ce18f14251f9ac8d65f501a20873d77a2471e9b7-2026-08-06-17-1786038994971628750.jsonl: TASK_LIFECYCLE_EVENT must have at least one state transition"
time="2026-08-06T18:04:31Z" level=error msg="Failed to store events for file session_2026-08-06_10-56-08_444353_1/dec95c65bc663100ce18f14251f9ac8d65f501a20873d77a2471e9b7/job_events/03000000/dec95c65bc663100ce18f14251f9ac8d65f501a20873d77a2471e9b7-2026-08-06-17-1786038994971628750.jsonl: TASK_LIFECYCLE_EVENT must have at least one state transition"
time="2026-08-06T18:04:31Z" level=error msg="Failed to store events for file session_2026-08-06_10-56-08_444353_1/dec95c65bc663100ce18f14251f9ac8d65f501a20873d77a2471e9b7/job_events/03000000/dec95c65bc663100ce18f14251f9ac8d65f501a20873d77a2471e9b7-2026-08-06-17-1786038994971628750.jsonl: TASK_LIFECYCLE_EVENT must have at least one state transition"
time="2026-08-06T18:04:32Z" level=error msg="Failed to store events for file session_2026-08-06_10-56-08_444353_1/dec95c65bc663100ce18f14251f9ac8d65f501a20873d77a2471e9b7/job_events/03000000/dec95c65bc663100ce18f14251f9ac8d65f501a20873d77a2471e9b7-2026-08-06-17-1786038994971628750.jsonl: TASK_LIFECYCLE_EVENT must have at least one state transition"
time="2026-08-06T18:04:32Z" level=error msg="Failed to store events for file session_2026-08-06_10-56-08_444353_1/dec95c65bc663100ce18f14251f9ac8d65f501a20873d77a2471e9b7/job_events/03000000/dec95c65bc663100ce18f14251f9ac8d65f501a20873d77a2471e9b7-2026-08-06-17-1786038994971628750.jsonl: TASK_LIFECYCLE_EVENT must have at least one state transition"
time="2026-08-06T18:04:32Z" level=error msg="Failed to store events for file session_2026-08-06_10-56-08_444353_1/dec95c65bc663100ce18f14251f9ac8d65f501a20873d77a2471e9b7/job_events/03000000/dec95c65bc663100ce18f14251f9ac8d65f501a20873d77a2471e9b7-2026-08-06-17-1786038994971628750.jsonl: TASK_LIFECYCLE_EVENT must have at least one state transition"
time="2026-08-06T18:04:32Z" level=error msg="Failed to store events for file session_2026-08-06_10-56-08_444353_1/dec95c65bc663100ce18f14251f9ac8d65f501a20873d77a2471e9b7/job_events/03000000/dec95c65bc663100ce18f14251f9ac8d65f501a20873d77a2471e9b7-2026-08-06-17-1786038994971628750.jsonl: TASK_LIFECYCLE_EVENT must have at least one state transition"
time="2026-08-06T18:04:33Z" level=error msg="Failed to store events for file session_2026-08-06_10-56-08_444353_1/dec95c65bc663100ce18f14251f9ac8d65f501a20873d77a2471e9b7/job_events/03000000/dec95c65bc663100ce18f14251f9ac8d65f501a20873d77a2471e9b7-2026-08-06-17-1786038994971628750.jsonl: TASK_LIFECYCLE_EVENT must have at least one state transition"
time="2026-08-06T18:04:33Z" level=error msg="Failed to store events for file session_2026-08-06_10-56-08_444353_1/dec95c65bc663100ce18f14251f9ac8d65f501a20873d77a2471e9b7/job_events/03000000/dec95c65bc663100ce18f14251f9ac8d65f501a20873d77a2471e9b7-2026-08-06-17-1786038994971628750.jsonl: TASK_LIFECYCLE_EVENT must have at least one state transition"
time="2026-08-06T18:04:33Z" level=error msg="Failed to store events for file session_2026-08-06_10-56-08_444353_1/dec95c65bc663100ce18f14251f9ac8d65f501a20873d77a2471e9b7/job_events/03000000/dec95c65bc663100ce18f14251f9ac8d65f501a20873d77a2471e9b7-2026-08-06-17-1786038994971628750.jsonl: TASK_LIFECYCLE_EVENT must have at least one state transition"
time="2026-08-06T18:04:34Z" level=error msg="Failed to store events for file session_2026-08-06_10-56-08_444353_1/dec95c65bc663100ce18f14251f9ac8d65f501a20873d77a2471e9b7/job_events/03000000/dec95c65bc663100ce18f14251f9ac8d65f501a20873d77a2471e9b7-2026-08-06-17-1786038994971628750.jsonl: TASK_LIFECYCLE_EVENT must have at least one state transition"
time="2026-08-06T18:04:34Z" level=error msg="Failed to store events for file session_2026-08-06_10-56-08_444353_1/dec95c65bc663100ce18f14251f9ac8d65f501a20873d77a2471e9b7/job_events/03000000/dec95c65bc663100ce18f14251f9ac8d65f501a20873d77a2471e9b7-2026-08-06-17-1786038994971628750.jsonl: TASK_LIFECYCLE_EVENT must have at least one state transition"
time="2026-08-06T18:04:34Z" level=error msg="Failed to store events for file session_2026-08-06_10-56-08_444353_1/dec95c65bc663100ce18f14251f9ac8d65f501a20873d77a2471e9b7/job_events/03000000/dec95c65bc663100ce18f14251f9ac8d65f501a20873d77a2471e9b7-2026-08-06-17-1786038994971628750.jsonl: TASK_LIFECYCLE_EVENT must have at least one state transition"
time="2026-08-06T18:04:34Z" level=error msg="Failed to store events for file session_2026-08-06_10-56-08_444353_1/dec95c65bc663100ce18f14251f9ac8d65f501a20873d77a2471e9b7/job_events/03000000/dec95c65bc663100ce18f14251f9ac8d65f501a20873d77a2471e9b7-2026-08-06-17-1786038994971628750.jsonl: TASK_LIFECYCLE_EVENT must have at least one state transition"
time="2026-08-06T18:04:34Z" level=error msg="Failed to store events for file session_2026-08-06_10-56-08_444353_1/dec95c65bc663100ce18f14251f9ac8d65f501a20873d77a2471e9b7/job_events/03000000/dec95c65bc663100ce18f14251f9ac8d65f501a20873d77a2471e9b7-2026-08-06-17-1786038994971628750.jsonl: TASK_LIFECYCLE_EVENT must have at least one state transition"
time="2026-08-06T18:04:34Z" level=error msg="Failed to store events for file session_2026-08-06_10-56-08_444353_1/dec95c65bc663100ce18f14251f9ac8d65f501a20873d77a2471e9b7/job_events/03000000/dec95c65bc663100ce18f14251f9ac8d65f501a20873d77a2471e9b7-2026-08-06-17-1786038994971628750.jsonl: TASK_LIFECYCLE_EVENT must have at least one state transition"
time="2026-08-06T18:04:35Z" level=error msg="Failed to store events for file session_2026-08-06_10-56-08_444353_1/dec95c65bc663100ce18f14251f9ac8d65f501a20873d77a2471e9b7/job_events/03000000/dec95c65bc663100ce18f14251f9ac8d65f501a20873d77a2471e9b7-2026-08-06-17-1786038994971628750.jsonl: TASK_LIFECYCLE_EVENT must have at least one state transition"
time="2026-08-06T18:04:35Z" level=error msg="Failed to store events for file session_2026-08-06_10-56-08_444353_1/dec95c65bc663100ce18f14251f9ac8d65f501a20873d77a2471e9b7/job_events/03000000/dec95c65bc663100ce18f14251f9ac8d65f501a20873d77a2471e9b7-2026-08-06-17-1786038994971628750.jsonl: TASK_LIFECYCLE_EVENT must have at least one state transition"
time="2026-08-06T18:04:35Z" level=error msg="Failed to store events for file session_2026-08-06_10-56-08_444353_1/dec95c65bc663100ce18f14251f9ac8d65f501a20873d77a2471e9b7/job_events/03000000/dec95c65bc663100ce18f14251f9ac8d65f501a20873d77a2471e9b7-2026-08-06-17-1786038994971628750.jsonl: TASK_LIFECYCLE_EVENT must have at least one state transition"
time="2026-08-06T18:04:35Z" level=error msg="Failed to store events for file session_2026-08-06_10-56-08_444353_1/dec95c65bc663100ce18f14251f9ac8d65f501a20873d77a2471e9b7/job_events/03000000/dec95c65bc663100ce18f14251f9ac8d65f501a20873d77a2471e9b7-2026-08-06-17-1786038994971628750.jsonl: TASK_LIFECYCLE_EVENT must have at least one state transition"
time="2026-08-06T18:04:36Z" level=error msg="Failed to store events for file session_2026-08-06_10-56-08_444353_1/dec95c65bc663100ce18f14251f9ac8d65f501a20873d77a2471e9b7/job_events/03000000/dec95c65bc663100ce18f14251f9ac8d65f501a20873d77a2471e9b7-2026-08-06-17-1786038994971628750.jsonl: TASK_LIFECYCLE_EVENT must have at least one state transition"
time="2026-08-06T18:04:36Z" level=error msg="Failed to store events for file session_2026-08-06_10-56-08_444353_1/dec95c65bc663100ce18f14251f9ac8d65f501a20873d77a2471e9b7/job_events/03000000/dec95c65bc663100ce18f14251f9ac8d65f501a20873d77a2471e9b7-2026-08-06-17-1786038994971628750.jsonl: TASK_LIFECYCLE_EVENT must have at least one state transition"
time="2026-08-06T18:04:36Z" level=error msg="Failed to store events for file session_2026-08-06_10-56-08_444353_1/dec95c65bc663100ce18f14251f9ac8d65f501a20873d77a2471e9b7/job_events/03000000/dec95c65bc663100ce18f14251f9ac8d65f501a20873d77a2471e9b7-2026-08-06-17-1786038994971628750.jsonl: TASK_LIFECYCLE_EVENT must have at least one state transition"
time="2026-08-06T18:04:37Z" level=error msg="Failed to store events for file session_2026-08-06_10-56-08_444353_1/dec95c65bc663100ce18f14251f9ac8d65f501a20873d77a2471e9b7/job_events/03000000/dec95c65bc663100ce18f14251f9ac8d65f501a20873d77a2471e9b7-2026-08-06-17-1786038994971628750.jsonl: TASK_LIFECYCLE_EVENT must have at least one state transition"
time="2026-08-06T18:04:37Z" level=error msg="Failed to store events for file session_2026-08-06_10-56-08_444353_1/dec95c65bc663100ce18f14251f9ac8d65f501a20873d77a2471e9b7/job_events/03000000/dec95c65bc663100ce18f14251f9ac8d65f501a20873d77a2471e9b7-2026-08-06-17-1786038994971628750.jsonl: TASK_LIFECYCLE_EVENT must have at least one state transition"
time="2026-08-06T18:04:37Z" level=error msg="Failed to store events for file session_2026-08-06_10-56-08_444353_1/dec95c65bc663100ce18f14251f9ac8d65f501a20873d77a2471e9b7/job_events/03000000/dec95c65bc663100ce18f14251f9ac8d65f501a20873d77a2471e9b7-2026-08-06-17-1786038994971628750.jsonl: TASK_LIFECYCLE_EVENT must have at least one state transition"
time="2026-08-06T18:04:37Z" level=error msg="Failed to store events for file session_2026-08-06_10-56-08_444353_1/dec95c65bc663100ce18f14251f9ac8d65f501a20873d77a2471e9b7/job_events/03000000/dec95c65bc663100ce18f14251f9ac8d65f501a20873d77a2471e9b7-2026-08-06-17-1786038994971628750.jsonl: TASK_LIFECYCLE_EVENT must have at least one state transition"
time="2026-08-06T18:04:38Z" level=error msg="Failed to store events for file session_2026-08-06_10-56-08_444353_1/dec95c65bc663100ce18f14251f9ac8d65f501a20873d77a2471e9b7/job_events/03000000/dec95c65bc663100ce18f14251f9ac8d65f501a20873d77a2471e9b7-2026-08-06-17-1786038994971628750.jsonl: TASK_LIFECYCLE_EVENT must have at least one state transition"
time="2026-08-06T18:04:38Z" level=error msg="Failed to store events for file session_2026-08-06_10-56-08_444353_1/dec95c65bc663100ce18f14251f9ac8d65f501a20873d77a2471e9b7/job_events/03000000/dec95c65bc663100ce18f14251f9ac8d65f501a20873d77a2471e9b7-2026-08-06-17-1786038994971628750.jsonl: TASK_LIFECYCLE_EVENT must have at least one state transition"
time="2026-08-06T18:04:38Z" level=error msg="Failed to store events for file session_2026-08-06_10-56-08_444353_1/dec95c65bc663100ce18f14251f9ac8d65f501a20873d77a2471e9b7/job_events/03000000/dec95c65bc663100ce18f14251f9ac8d65f501a20873d77a2471e9b7-2026-08-06-17-1786038994971628750.jsonl: TASK_LIFECYCLE_EVENT must have at least one state transition"
time="2026-08-06T18:04:39Z" level=error msg="Failed to store events for file session_2026-08-06_10-56-08_444353_1/dec95c65bc663100ce18f14251f9ac8d65f501a20873d77a2471e9b7/job_events/03000000/dec95c65bc663100ce18f14251f9ac8d65f501a20873d77a2471e9b7-2026-08-06-17-1786038994971628750.jsonl: TASK_LIFECYCLE_EVENT must have at least one state transition"
time="2026-08-06T18:04:39Z" level=error msg="Failed to store events for file session_2026-08-06_10-56-08_444353_1/dec95c65bc663100ce18f14251f9ac8d65f501a20873d77a2471e9b7/job_events/03000000/dec95c65bc663100ce18f14251f9ac8d65f501a20873d77a2471e9b7-2026-08-06-17-1786038994971628750.jsonl: TASK_LIFECYCLE_EVENT must have at least one state transition"
time="2026-08-06T18:04:39Z" level=error msg="Failed to store events for file session_2026-08-06_10-56-08_444353_1/dec95c65bc663100ce18f14251f9ac8d65f501a20873d77a2471e9b7/job_events/03000000/dec95c65bc663100ce18f14251f9ac8d65f501a20873d77a2471e9b7-2026-08-06-17-1786038994971628750.jsonl: TASK_LIFECYCLE_EVENT must have at least one state transition"
time="2026-08-06T18:04:39Z" level=error msg="Failed to store events for file session_2026-08-06_10-56-08_444353_1/dec95c65bc663100ce18f14251f9ac8d65f501a20873d77a2471e9b7/job_events/03000000/dec95c65bc663100ce18f14251f9ac8d65f501a20873d77a2471e9b7-2026-08-06-17-1786038994971628750.jsonl: TASK_LIFECYCLE_EVENT must have at least one state transition"
time="2026-08-06T18:04:40Z" level=error msg="Failed to store events for file session_2026-08-06_10-56-08_444353_1/dec95c65bc663100ce18f14251f9ac8d65f501a20873d77a2471e9b7/job_events/03000000/dec95c65bc663100ce18f14251f9ac8d65f501a20873d77a2471e9b7-2026-08-06-17-1786038994971628750.jsonl: TASK_LIFECYCLE_EVENT must have at least one state transition"
time="2026-08-06T18:04:40Z" level=error msg="Failed to store events for file session_2026-08-06_10-56-08_444353_1/dec95c65bc663100ce18f14251f9ac8d65f501a20873d77a2471e9b7/job_events/03000000/dec95c65bc663100ce18f14251f9ac8d65f501a20873d77a2471e9b7-2026-08-06-17-1786038994971628750.jsonl: TASK_LIFECYCLE_EVENT must have at least one state transition"
time="2026-08-06T18:04:40Z" level=error msg="Failed to store events for file session_2026-08-06_10-56-08_444353_1/dec95c65bc663100ce18f14251f9ac8d65f501a20873d77a2471e9b7/job_events/03000000/dec95c65bc663100ce18f14251f9ac8d65f501a20873d77a2471e9b7-2026-08-06-17-1786038994971628750.jsonl: TASK_LIFECYCLE_EVENT must have at least one state transition"
time="2026-08-06T18:04:40Z" level=error msg="Failed to store events for file session_2026-08-06_10-56-08_444353_1/dec95c65bc663100ce18f14251f9ac8d65f501a20873d77a2471e9b7/job_events/03000000/dec95c65bc663100ce18f14251f9ac8d65f501a20873d77a2471e9b7-2026-08-06-17-1786038994971628750.jsonl: TASK_LIFECYCLE_EVENT must have at least one state transition"
time="2026-08-06T18:04:40Z" level=error msg="Failed to store events for file session_2026-08-06_10-56-08_444353_1/dec95c65bc663100ce18f14251f9ac8d65f501a20873d77a2471e9b7/job_events/03000000/dec95c65bc663100ce18f14251f9ac8d65f501a20873d77a2471e9b7-2026-08-06-17-1786038994971628750.jsonl: TASK_LIFECYCLE_EVENT must have at least one state transition"
time="2026-08-06T18:04:41Z" level=error msg="Failed to store events for file session_2026-08-06_10-56-08_444353_1/dec95c65bc663100ce18f14251f9ac8d65f501a20873d77a2471e9b7/job_events/03000000/dec95c65bc663100ce18f14251f9ac8d65f501a20873d77a2471e9b7-2026-08-06-17-1786038994971628750.jsonl: TASK_LIFECYCLE_EVENT must have at least one state transition"
time="2026-08-06T18:04:41Z" level=info msg="Prepare to get object log/cluster-history/raycluster/test-ns-hnk4h/raycluster-historyserver/session_2026-08-06_10-56-08_444353_1/dec95c65bc663100ce18f14251f9ac8d65f501a20873d77a2471e9b7/job_events/03000000/dec95c65bc663100ce18f14251f9ac8d65f501a20873d77a2471e9b7-2026-08-06-17-1786039044467109009.jsonl info ..."
time="2026-08-06T18:04:58Z" level=error msg="Failed to store events for file session_2026-08-06_10-56-08_444353_1/dec95c65bc663100ce18f14251f9ac8d65f501a20873d77a2471e9b7/job_events/03000000/dec95c65bc663100ce18f14251f9ac8d65f501a20873d77a2471e9b7-2026-08-06-17-1786039044467109009.jsonl: TASK_LIFECYCLE_EVENT must have at least one state transition"
time="2026-08-06T18:04:58Z" level=error msg="Failed to store events for file session_2026-08-06_10-56-08_444353_1/dec95c65bc663100ce18f14251f9ac8d65f501a20873d77a2471e9b7/job_events/03000000/dec95c65bc663100ce18f14251f9ac8d65f501a20873d77a2471e9b7-2026-08-06-17-1786039044467109009.jsonl: TASK_LIFECYCLE_EVENT must have at least one state transition"
time="2026-08-06T18:04:59Z" level=error msg="Failed to store events for file session_2026-08-06_10-56-08_444353_1/dec95c65bc663100ce18f14251f9ac8d65f501a20873d77a2471e9b7/job_events/03000000/dec95c65bc663100ce18f14251f9ac8d65f501a20873d77a2471e9b7-2026-08-06-17-1786039044467109009.jsonl: TASK_LIFECYCLE_EVENT must have at least one state transition"
time="2026-08-06T18:04:59Z" level=error msg="Failed to store events for file session_2026-08-06_10-56-08_444353_1/dec95c65bc663100ce18f14251f9ac8d65f501a20873d77a2471e9b7/job_events/03000000/dec95c65bc663100ce18f14251f9ac8d65f501a20873d77a2471e9b7-2026-08-06-17-1786039044467109009.jsonl: TASK_LIFECYCLE_EVENT must have at least one state transition"
time="2026-08-06T18:04:59Z" level=error msg="Failed to store events for file session_2026-08-06_10-56-08_444353_1/dec95c65bc663100ce18f14251f9ac8d65f501a20873d77a2471e9b7/job_events/03000000/dec95c65bc663100ce18f14251f9ac8d65f501a20873d77a2471e9b7-2026-08-06-17-1786039044467109009.jsonl: TASK_LIFECYCLE_EVENT must have at least one state transition"
time="2026-08-06T18:05:00Z" level=error msg="Failed to store events for file session_2026-08-06_10-56-08_444353_1/dec95c65bc663100ce18f14251f9ac8d65f501a20873d77a2471e9b7/job_events/03000000/dec95c65bc663100ce18f14251f9ac8d65f501a20873d77a2471e9b7-2026-08-06-17-1786039044467109009.jsonl: TASK_LIFECYCLE_EVENT must have at least one state transition"
time="2026-08-06T18:05:00Z" level=error msg="Failed to store events for file session_2026-08-06_10-56-08_444353_1/dec95c65bc663100ce18f14251f9ac8d65f501a20873d77a2471e9b7/job_events/03000000/dec95c65bc663100ce18f14251f9ac8d65f501a20873d77a2471e9b7-2026-08-06-17-1786039044467109009.jsonl: TASK_LIFECYCLE_EVENT must have at least one state transition"
time="2026-08-06T18:05:00Z" level=error msg="Failed to store events for file session_2026-08-06_10-56-08_444353_1/dec95c65bc663100ce18f14251f9ac8d65f501a20873d77a2471e9b7/job_events/03000000/dec95c65bc663100ce18f14251f9ac8d65f501a20873d77a2471e9b7-2026-08-06-17-1786039044467109009.jsonl: TASK_LIFECYCLE_EVENT must have at least one state transition"
time="2026-08-06T18:05:00Z" level=error msg="Failed to store events for file session_2026-08-06_10-56-08_444353_1/dec95c65bc663100ce18f14251f9ac8d65f501a20873d77a2471e9b7/job_events/03000000/dec95c65bc663100ce18f14251f9ac8d65f501a20873d77a2471e9b7-2026-08-06-17-1786039044467109009.jsonl: TASK_LIFECYCLE_EVENT must have at least one state transition"
time="2026-08-06T18:05:01Z" level=error msg="Failed to store events for file session_2026-08-06_10-56-08_444353_1/dec95c65bc663100ce18f14251f9ac8d65f501a20873d77a2471e9b7/job_events/03000000/dec95c65bc663100ce18f14251f9ac8d65f501a20873d77a2471e9b7-2026-08-06-17-1786039044467109009.jsonl: TASK_LIFECYCLE_EVENT must have at least one state transition"
time="2026-08-06T18:05:01Z" level=error msg="Failed to store events for file session_2026-08-06_10-56-08_444353_1/dec95c65bc663100ce18f14251f9ac8d65f501a20873d77a2471e9b7/job_events/03000000/dec95c65bc663100ce18f14251f9ac8d65f501a20873d77a2471e9b7-2026-08-06-17-1786039044467109009.jsonl: TASK_LIFECYCLE_EVENT must have at least one state transition"
time="2026-08-06T18:05:01Z" level=error msg="Failed to store events for file session_2026-08-06_10-56-08_444353_1/dec95c65bc663100ce18f14251f9ac8d65f501a20873d77a2471e9b7/job_events/03000000/dec95c65bc663100ce18f14251f9ac8d65f501a20873d77a2471e9b7-2026-08-06-17-1786039044467109009.jsonl: TASK_LIFECYCLE_EVENT must have at least one state transition"
time="2026-08-06T18:05:02Z" level=error msg="Failed to store events for file session_2026-08-06_10-56-08_444353_1/dec95c65bc663100ce18f14251f9ac8d65f501a20873d77a2471e9b7/job_events/03000000/dec95c65bc663100ce18f14251f9ac8d65f501a20873d77a2471e9b7-2026-08-06-17-1786039044467109009.jsonl: TASK_LIFECYCLE_EVENT must have at least one state transition"
time="2026-08-06T18:05:02Z" level=error msg="Failed to store events for file session_2026-08-06_10-56-08_444353_1/dec95c65bc663100ce18f14251f9ac8d65f501a20873d77a2471e9b7/job_events/03000000/dec95c65bc663100ce18f14251f9ac8d65f501a20873d77a2471e9b7-2026-08-06-17-1786039044467109009.jsonl: TASK_LIFECYCLE_EVENT must have at least one state transition"
time="2026-08-06T18:05:02Z" level=error msg="Failed to store events for file session_2026-08-06_10-56-08_444353_1/dec95c65bc663100ce18f14251f9ac8d65f501a20873d77a2471e9b7/job_events/03000000/dec95c65bc663100ce18f14251f9ac8d65f501a20873d77a2471e9b7-2026-08-06-17-1786039044467109009.jsonl: TASK_LIFECYCLE_EVENT must have at least one state transition"
time="2026-08-06T18:05:03Z" level=error msg="Failed to store events for file session_2026-08-06_10-56-08_444353_1/dec95c65bc663100ce18f14251f9ac8d65f501a20873d77a2471e9b7/job_events/03000000/dec95c65bc663100ce18f14251f9ac8d65f501a20873d77a2471e9b7-2026-08-06-17-1786039044467109009.jsonl: TASK_LIFECYCLE_EVENT must have at least one state transition"
time="2026-08-06T18:05:03Z" level=error msg="Failed to store events for file session_2026-08-06_10-56-08_444353_1/dec95c65bc663100ce18f14251f9ac8d65f501a20873d77a2471e9b7/job_events/03000000/dec95c65bc663100ce18f14251f9ac8d65f501a20873d77a2471e9b7-2026-08-06-17-1786039044467109009.jsonl: TASK_LIFECYCLE_EVENT must have at least one state transition"
time="2026-08-06T18:05:04Z" level=error msg="Failed to store events for file session_2026-08-06_10-56-08_444353_1/dec95c65bc663100ce18f14251f9ac8d65f501a20873d77a2471e9b7/job_events/03000000/dec95c65bc663100ce18f14251f9ac8d65f501a20873d77a2471e9b7-2026-08-06-17-1786039044467109009.jsonl: TASK_LIFECYCLE_EVENT must have at least one state transition"
time="2026-08-06T18:05:04Z" level=error msg="Failed to store events for file session_2026-08-06_10-56-08_444353_1/dec95c65bc663100ce18f14251f9ac8d65f501a20873d77a2471e9b7/job_events/03000000/dec95c65bc663100ce18f14251f9ac8d65f501a20873d77a2471e9b7-2026-08-06-17-1786039044467109009.jsonl: TASK_LIFECYCLE_EVENT must have at least one state transition"
time="2026-08-06T18:05:04Z" level=error msg="Failed to store events for file session_2026-08-06_10-56-08_444353_1/dec95c65bc663100ce18f14251f9ac8d65f501a20873d77a2471e9b7/job_events/03000000/dec95c65bc663100ce18f14251f9ac8d65f501a20873d77a2471e9b7-2026-08-06-17-1786039044467109009.jsonl: TASK_LIFECYCLE_EVENT must have at least one state transition"
time="2026-08-06T18:05:04Z" level=error msg="Failed to store events for file session_2026-08-06_10-56-08_444353_1/dec95c65bc663100ce18f14251f9ac8d65f501a20873d77a2471e9b7/job_events/03000000/dec95c65bc663100ce18f14251f9ac8d65f501a20873d77a2471e9b7-2026-08-06-17-1786039044467109009.jsonl: TASK_LIFECYCLE_EVENT must have at least one state transition"
time="2026-08-06T18:05:04Z" level=error msg="Failed to store events for file session_2026-08-06_10-56-08_444353_1/dec95c65bc663100ce18f14251f9ac8d65f501a20873d77a2471e9b7/job_events/03000000/dec95c65bc663100ce18f14251f9ac8d65f501a20873d77a2471e9b7-2026-08-06-17-1786039044467109009.jsonl: TASK_LIFECYCLE_EVENT must have at least one state transition"
time="2026-08-06T18:05:04Z" level=error msg="Failed to store events for file session_2026-08-06_10-56-08_444353_1/dec95c65bc663100ce18f14251f9ac8d65f501a20873d77a2471e9b7/job_events/03000000/dec95c65bc663100ce18f14251f9ac8d65f501a20873d77a2471e9b7-2026-08-06-17-1786039044467109009.jsonl: TASK_LIFECYCLE_EVENT must have at least one state transition"
time="2026-08-06T18:05:05Z" level=error msg="Failed to store events for file session_2026-08-06_10-56-08_444353_1/dec95c65bc663100ce18f14251f9ac8d65f501a20873d77a2471e9b7/job_events/03000000/dec95c65bc663100ce18f14251f9ac8d65f501a20873d77a2471e9b7-2026-08-06-17-1786039044467109009.jsonl: TASK_LIFECYCLE_EVENT must have at least one state transition"
time="2026-08-06T18:05:05Z" level=error msg="Failed to store events for file session_2026-08-06_10-56-08_444353_1/dec95c65bc663100ce18f14251f9ac8d65f501a20873d77a2471e9b7/job_events/03000000/dec95c65bc663100ce18f14251f9ac8d65f501a20873d77a2471e9b7-2026-08-06-17-1786039044467109009.jsonl: TASK_LIFECYCLE_EVENT must have at least one state transition"
time="2026-08-06T18:05:05Z" level=error msg="Failed to store events for file session_2026-08-06_10-56-08_444353_1/dec95c65bc663100ce18f14251f9ac8d65f501a20873d77a2471e9b7/job_events/03000000/dec95c65bc663100ce18f14251f9ac8d65f501a20873d77a2471e9b7-2026-08-06-17-1786039044467109009.jsonl: TASK_LIFECYCLE_EVENT must have at least one state transition"
time="2026-08-06T18:05:05Z" level=error msg="Failed to store events for file session_2026-08-06_10-56-08_444353_1/dec95c65bc663100ce18f14251f9ac8d65f501a20873d77a2471e9b7/job_events/03000000/dec95c65bc663100ce18f14251f9ac8d65f501a20873d77a2471e9b7-2026-08-06-17-1786039044467109009.jsonl: TASK_LIFECYCLE_EVENT must have at least one state transition"
time="2026-08-06T18:05:05Z" level=error msg="Failed to store events for file session_2026-08-06_10-56-08_444353_1/dec95c65bc663100ce18f14251f9ac8d65f501a20873d77a2471e9b7/job_events/03000000/dec95c65bc663100ce18f14251f9ac8d65f501a20873d77a2471e9b7-2026-08-06-17-1786039044467109009.jsonl: TASK_LIFECYCLE_EVENT must have at least one state transition"
time="2026-08-06T18:05:05Z" level=error msg="Failed to store events for file session_2026-08-06_10-56-08_444353_1/dec95c65bc663100ce18f14251f9ac8d65f501a20873d77a2471e9b7/job_events/03000000/dec95c65bc663100ce18f14251f9ac8d65f501a20873d77a2471e9b7-2026-08-06-17-1786039044467109009.jsonl: TASK_LIFECYCLE_EVENT must have at least one state transition"
time="2026-08-06T18:05:06Z" level=error msg="Failed to store events for file session_2026-08-06_10-56-08_444353_1/dec95c65bc663100ce18f14251f9ac8d65f501a20873d77a2471e9b7/job_events/03000000/dec95c65bc663100ce18f14251f9ac8d65f501a20873d77a2471e9b7-2026-08-06-17-1786039044467109009.jsonl: TASK_LIFECYCLE_EVENT must have at least one state transition"
time="2026-08-06T18:05:06Z" level=error msg="Failed to store events for file session_2026-08-06_10-56-08_444353_1/dec95c65bc663100ce18f14251f9ac8d65f501a20873d77a2471e9b7/job_events/03000000/dec95c65bc663100ce18f14251f9ac8d65f501a20873d77a2471e9b7-2026-08-06-17-1786039044467109009.jsonl: TASK_LIFECYCLE_EVENT must have at least one state transition"
time="2026-08-06T18:05:06Z" level=error msg="Failed to store events for file session_2026-08-06_10-56-08_444353_1/dec95c65bc663100ce18f14251f9ac8d65f501a20873d77a2471e9b7/job_events/03000000/dec95c65bc663100ce18f14251f9ac8d65f501a20873d77a2471e9b7-2026-08-06-17-1786039044467109009.jsonl: TASK_LIFECYCLE_EVENT must have at least one state transition"
time="2026-08-06T18:05:06Z" level=error msg="Failed to store events for file session_2026-08-06_10-56-08_444353_1/dec95c65bc663100ce18f14251f9ac8d65f501a20873d77a2471e9b7/job_events/03000000/dec95c65bc663100ce18f14251f9ac8d65f501a20873d77a2471e9b7-2026-08-06-17-1786039044467109009.jsonl: TASK_LIFECYCLE_EVENT must have at least one state transition"
time="2026-08-06T18:05:06Z" level=error msg="Failed to store events for file session_2026-08-06_10-56-08_444353_1/dec95c65bc663100ce18f14251f9ac8d65f501a20873d77a2471e9b7/job_events/03000000/dec95c65bc663100ce18f14251f9ac8d65f501a20873d77a2471e9b7-2026-08-06-17-1786039044467109009.jsonl: TASK_LIFECYCLE_EVENT must have at least one state transition"
time="2026-08-06T18:05:06Z" level=error msg="Failed to store events for file session_2026-08-06_10-56-08_444353_1/dec95c65bc663100ce18f14251f9ac8d65f501a20873d77a2471e9b7/job_events/03000000/dec95c65bc663100ce18f14251f9ac8d65f501a20873d77a2471e9b7-2026-08-06-17-1786039044467109009.jsonl: TASK_LIFECYCLE_EVENT must have at least one state transition"
time="2026-08-06T18:05:07Z" level=error msg="Failed to store events for file session_2026-08-06_10-56-08_444353_1/dec95c65bc663100ce18f14251f9ac8d65f501a20873d77a2471e9b7/job_events/03000000/dec95c65bc663100ce18f14251f9ac8d65f501a20873d77a2471e9b7-2026-08-06-17-1786039044467109009.jsonl: TASK_LIFECYCLE_EVENT must have at least one state transition"
time="2026-08-06T18:05:07Z" level=error msg="Failed to store events for file session_2026-08-06_10-56-08_444353_1/dec95c65bc663100ce18f14251f9ac8d65f501a20873d77a2471e9b7/job_events/03000000/dec95c65bc663100ce18f14251f9ac8d65f501a20873d77a2471e9b7-2026-08-06-17-1786039044467109009.jsonl: TASK_LIFECYCLE_EVENT must have at least one state transition"
time="2026-08-06T18:05:07Z" level=error msg="Failed to store events for file session_2026-08-06_10-56-08_444353_1/dec95c65bc663100ce18f14251f9ac8d65f501a20873d77a2471e9b7/job_events/03000000/dec95c65bc663100ce18f14251f9ac8d65f501a20873d77a2471e9b7-2026-08-06-17-1786039044467109009.jsonl: TASK_LIFECYCLE_EVENT must have at least one state transition"
time="2026-08-06T18:05:07Z" level=error msg="Failed to store events for file session_2026-08-06_10-56-08_444353_1/dec95c65bc663100ce18f14251f9ac8d65f501a20873d77a2471e9b7/job_events/03000000/dec95c65bc663100ce18f14251f9ac8d65f501a20873d77a2471e9b7-2026-08-06-17-1786039044467109009.jsonl: TASK_LIFECYCLE_EVENT must have at least one state transition"
time="2026-08-06T18:05:07Z" level=error msg="Failed to store events for file session_2026-08-06_10-56-08_444353_1/dec95c65bc663100ce18f14251f9ac8d65f501a20873d77a2471e9b7/job_events/03000000/dec95c65bc663100ce18f14251f9ac8d65f501a20873d77a2471e9b7-2026-08-06-17-1786039044467109009.jsonl: TASK_LIFECYCLE_EVENT must have at least one state transition"
time="2026-08-06T18:05:07Z" level=error msg="Failed to store events for file session_2026-08-06_10-56-08_444353_1/dec95c65bc663100ce18f14251f9ac8d65f501a20873d77a2471e9b7/job_events/03000000/dec95c65bc663100ce18f14251f9ac8d65f501a20873d77a2471e9b7-2026-08-06-17-1786039044467109009.jsonl: TASK_LIFECYCLE_EVENT must have at least one state transition"
time="2026-08-06T18:05:08Z" level=error msg="Failed to store events for file session_2026-08-06_10-56-08_444353_1/dec95c65bc663100ce18f14251f9ac8d65f501a20873d77a2471e9b7/job_events/03000000/dec95c65bc663100ce18f14251f9ac8d65f501a20873d77a2471e9b7-2026-08-06-17-1786039044467109009.jsonl: TASK_LIFECYCLE_EVENT must have at least one state transition"
time="2026-08-06T18:05:08Z" level=error msg="Failed to store events for file session_2026-08-06_10-56-08_444353_1/dec95c65bc663100ce18f14251f9ac8d65f501a20873d77a2471e9b7/job_events/03000000/dec95c65bc663100ce18f14251f9ac8d65f501a20873d77a2471e9b7-2026-08-06-17-1786039044467109009.jsonl: TASK_LIFECYCLE_EVENT must have at least one state transition"
time="2026-08-06T18:05:08Z" level=error msg="Failed to store events for file session_2026-08-06_10-56-08_444353_1/dec95c65bc663100ce18f14251f9ac8d65f501a20873d77a2471e9b7/job_events/03000000/dec95c65bc663100ce18f14251f9ac8d65f501a20873d77a2471e9b7-2026-08-06-17-1786039044467109009.jsonl: TASK_LIFECYCLE_EVENT must have at least one state transition"
time="2026-08-06T18:05:08Z" level=error msg="Failed to store events for file session_2026-08-06_10-56-08_444353_1/dec95c65bc663100ce18f14251f9ac8d65f501a20873d77a2471e9b7/job_events/03000000/dec95c65bc663100ce18f14251f9ac8d65f501a20873d77a2471e9b7-2026-08-06-17-1786039044467109009.jsonl: TASK_LIFECYCLE_EVENT must have at least one state transition"
time="2026-08-06T18:05:08Z" level=error msg="Failed to store events for file session_2026-08-06_10-56-08_444353_1/dec95c65bc663100ce18f14251f9ac8d65f501a20873d77a2471e9b7/job_events/03000000/dec95c65bc663100ce18f14251f9ac8d65f501a20873d77a2471e9b7-2026-08-06-17-1786039044467109009.jsonl: TASK_LIFECYCLE_EVENT must have at least one state transition"
time="2026-08-06T18:05:08Z" level=error msg="Failed to store events for file session_2026-08-06_10-56-08_444353_1/dec95c65bc663100ce18f14251f9ac8d65f501a20873d77a2471e9b7/job_events/03000000/dec95c65bc663100ce18f14251f9ac8d65f501a20873d77a2471e9b7-2026-08-06-17-1786039044467109009.jsonl: TASK_LIFECYCLE_EVENT must have at least one state transition"
time="2026-08-06T18:05:08Z" level=error msg="Failed to store events for file session_2026-08-06_10-56-08_444353_1/dec95c65bc663100ce18f14251f9ac8d65f501a20873d77a2471e9b7/job_events/03000000/dec95c65bc663100ce18f14251f9ac8d65f501a20873d77a2471e9b7-2026-08-06-17-1786039044467109009.jsonl: TASK_LIFECYCLE_EVENT must have at least one state transition"
time="2026-08-06T18:05:09Z" level=error msg="Failed to store events for file session_2026-08-06_10-56-08_444353_1/dec95c65bc663100ce18f14251f9ac8d65f501a20873d77a2471e9b7/job_events/03000000/dec95c65bc663100ce18f14251f9ac8d65f501a20873d77a2471e9b7-2026-08-06-17-1786039044467109009.jsonl: TASK_LIFECYCLE_EVENT must have at least one state transition"
time="2026-08-06T18:05:09Z" level=error msg="Failed to store events for file session_2026-08-06_10-56-08_444353_1/dec95c65bc663100ce18f14251f9ac8d65f501a20873d77a2471e9b7/job_events/03000000/dec95c65bc663100ce18f14251f9ac8d65f501a20873d77a2471e9b7-2026-08-06-17-1786039044467109009.jsonl: TASK_LIFECYCLE_EVENT must have at least one state transition"
time="2026-08-06T18:05:10Z" level=error msg="Failed to store events for file session_2026-08-06_10-56-08_444353_1/dec95c65bc663100ce18f14251f9ac8d65f501a20873d77a2471e9b7/job_events/03000000/dec95c65bc663100ce18f14251f9ac8d65f501a20873d77a2471e9b7-2026-08-06-17-1786039044467109009.jsonl: TASK_LIFECYCLE_EVENT must have at least one state transition"
time="2026-08-06T18:05:10Z" level=error msg="Failed to store events for file session_2026-08-06_10-56-08_444353_1/dec95c65bc663100ce18f14251f9ac8d65f501a20873d77a2471e9b7/job_events/03000000/dec95c65bc663100ce18f14251f9ac8d65f501a20873d77a2471e9b7-2026-08-06-17-1786039044467109009.jsonl: TASK_LIFECYCLE_EVENT must have at least one state transition"
time="2026-08-06T18:05:10Z" level=error msg="Failed to store events for file session_2026-08-06_10-56-08_444353_1/dec95c65bc663100ce18f14251f9ac8d65f501a20873d77a2471e9b7/job_events/03000000/dec95c65bc663100ce18f14251f9ac8d65f501a20873d77a2471e9b7-2026-08-06-17-1786039044467109009.jsonl: TASK_LIFECYCLE_EVENT must have at least one state transition"
time="2026-08-06T18:05:11Z" level=error msg="Failed to store events for file session_2026-08-06_10-56-08_444353_1/dec95c65bc663100ce18f14251f9ac8d65f501a20873d77a2471e9b7/job_events/03000000/dec95c65bc663100ce18f14251f9ac8d65f501a20873d77a2471e9b7-2026-08-06-17-1786039044467109009.jsonl: TASK_LIFECYCLE_EVENT must have at least one state transition"
time="2026-08-06T18:05:11Z" level=error msg="Failed to store events for file session_2026-08-06_10-56-08_444353_1/dec95c65bc663100ce18f14251f9ac8d65f501a20873d77a2471e9b7/job_events/03000000/dec95c65bc663100ce18f14251f9ac8d65f501a20873d77a2471e9b7-2026-08-06-17-1786039044467109009.jsonl: TASK_LIFECYCLE_EVENT must have at least one state transition"
time="2026-08-06T18:05:12Z" level=error msg="Failed to store events for file session_2026-08-06_10-56-08_444353_1/dec95c65bc663100ce18f14251f9ac8d65f501a20873d77a2471e9b7/job_events/03000000/dec95c65bc663100ce18f14251f9ac8d65f501a20873d77a2471e9b7-2026-08-06-17-1786039044467109009.jsonl: TASK_LIFECYCLE_EVENT must have at least one state transition"
time="2026-08-06T18:05:12Z" level=error msg="Failed to store events for file session_2026-08-06_10-56-08_444353_1/dec95c65bc663100ce18f14251f9ac8d65f501a20873d77a2471e9b7/job_events/03000000/dec95c65bc663100ce18f14251f9ac8d65f501a20873d77a2471e9b7-2026-08-06-17-1786039044467109009.jsonl: TASK_LIFECYCLE_EVENT must have at least one state transition"
time="2026-08-06T18:05:13Z" level=error msg="Failed to store events for file session_2026-08-06_10-56-08_444353_1/dec95c65bc663100ce18f14251f9ac8d65f501a20873d77a2471e9b7/job_events/03000000/dec95c65bc663100ce18f14251f9ac8d65f501a20873d77a2471e9b7-2026-08-06-17-1786039044467109009.jsonl: TASK_LIFECYCLE_EVENT must have at least one state transition"
time="2026-08-06T18:05:13Z" level=error msg="Failed to store events for file session_2026-08-06_10-56-08_444353_1/dec95c65bc663100ce18f14251f9ac8d65f501a20873d77a2471e9b7/job_events/03000000/dec95c65bc663100ce18f14251f9ac8d65f501a20873d77a2471e9b7-2026-08-06-17-1786039044467109009.jsonl: TASK_LIFECYCLE_EVENT must have at least one state transition"
time="2026-08-06T18:05:13Z" level=error msg="Failed to store events for file session_2026-08-06_10-56-08_444353_1/dec95c65bc663100ce18f14251f9ac8d65f501a20873d77a2471e9b7/job_events/03000000/dec95c65bc663100ce18f14251f9ac8d65f501a20873d77a2471e9b7-2026-08-06-17-1786039044467109009.jsonl: TASK_LIFECYCLE_EVENT must have at least one state transition"
time="2026-08-06T18:05:14Z" level=error msg="Failed to store events for file session_2026-08-06_10-56-08_444353_1/dec95c65bc663100ce18f14251f9ac8d65f501a20873d77a2471e9b7/job_events/03000000/dec95c65bc663100ce18f14251f9ac8d65f501a20873d77a2471e9b7-2026-08-06-17-1786039044467109009.jsonl: TASK_LIFECYCLE_EVENT must have at least one state transition"
time="2026-08-06T18:05:14Z" level=error msg="Failed to store events for file session_2026-08-06_10-56-08_444353_1/dec95c65bc663100ce18f14251f9ac8d65f501a20873d77a2471e9b7/job_events/03000000/dec95c65bc663100ce18f14251f9ac8d65f501a20873d77a2471e9b7-2026-08-06-17-1786039044467109009.jsonl: TASK_LIFECYCLE_EVENT must have at least one state transition"
time="2026-08-06T18:05:14Z" level=error msg="Failed to store events for file session_2026-08-06_10-56-08_444353_1/dec95c65bc663100ce18f14251f9ac8d65f501a20873d77a2471e9b7/job_events/03000000/dec95c65bc663100ce18f14251f9ac8d65f501a20873d77a2471e9b7-2026-08-06-17-1786039044467109009.jsonl: TASK_LIFECYCLE_EVENT must have at least one state transition"
time="2026-08-06T18:05:14Z" level=error msg="Failed to store events for file session_2026-08-06_10-56-08_444353_1/dec95c65bc663100ce18f14251f9ac8d65f501a20873d77a2471e9b7/job_events/03000000/dec95c65bc663100ce18f14251f9ac8d65f501a20873d77a2471e9b7-2026-08-06-17-1786039044467109009.jsonl: TASK_LIFECYCLE_EVENT must have at least one state transition"
time="2026-08-06T18:05:14Z" level=error msg="Failed to store events for file session_2026-08-06_10-56-08_444353_1/dec95c65bc663100ce18f14251f9ac8d65f501a20873d77a2471e9b7/job_events/03000000/dec95c65bc663100ce18f14251f9ac8d65f501a20873d77a2471e9b7-2026-08-06-17-1786039044467109009.jsonl: TASK_LIFECYCLE_EVENT must have at least one state transition"
time="2026-08-06T18:05:15Z" level=error msg="Failed to store events for file session_2026-08-06_10-56-08_444353_1/dec95c65bc663100ce18f14251f9ac8d65f501a20873d77a2471e9b7/job_events/03000000/dec95c65bc663100ce18f14251f9ac8d65f501a20873d77a2471e9b7-2026-08-06-17-1786039044467109009.jsonl: TASK_LIFECYCLE_EVENT must have at least one state transition"
time="2026-08-06T18:05:15Z" level=error msg="Failed to store events for file session_2026-08-06_10-56-08_444353_1/dec95c65bc663100ce18f14251f9ac8d65f501a20873d77a2471e9b7/job_events/03000000/dec95c65bc663100ce18f14251f9ac8d65f501a20873d77a2471e9b7-2026-08-06-17-1786039044467109009.jsonl: TASK_LIFECYCLE_EVENT must have at least one state transition"
time="2026-08-06T18:05:15Z" level=error msg="Failed to store events for file session_2026-08-06_10-56-08_444353_1/dec95c65bc663100ce18f14251f9ac8d65f501a20873d77a2471e9b7/job_events/03000000/dec95c65bc663100ce18f14251f9ac8d65f501a20873d77a2471e9b7-2026-08-06-17-1786039044467109009.jsonl: TASK_LIFECYCLE_EVENT must have at least one state transition"
time="2026-08-06T18:05:15Z" level=error msg="Failed to load session test-ns-hnk4h/raycluster-historyserver/session_2026-08-06_10-56-08_444353_1: context canceled"
time="2026-08-06T18:05:15Z" level=error msg="Failed to store events for file session_2026-08-06_10-56-08_444353_1/dec95c65bc663100ce18f14251f9ac8d65f501a20873d77a2471e9b7/job_events/03000000/dec95c65bc663100ce18f14251f9ac8d65f501a20873d77a2471e9b7-2026-08-06-17-1786039044467109009.jsonl: TASK_LIFECYCLE_EVENT must have at least one state transition"
time="2026-08-06T18:05:15Z" level=error msg="Failed to store events for file session_2026-08-06_10-56-08_444353_1/dec95c65bc663100ce18f14251f9ac8d65f501a20873d77a2471e9b7/job_events/03000000/dec95c65bc663100ce18f14251f9ac8d65f501a20873d77a2471e9b7-2026-08-06-17-1786039044467109009.jsonl: TASK_LIFECYCLE_EVENT must have at least one state transition"
time="2026-08-06T18:05:15Z" level=error msg="Failed to store events for file session_2026-08-06_10-56-08_444353_1/dec95c65bc663100ce18f14251f9ac8d65f501a20873d77a2471e9b7/job_events/03000000/dec95c65bc663100ce18f14251f9ac8d65f501a20873d77a2471e9b7-2026-08-06-17-1786039044467109009.jsonl: TASK_LIFECYCLE_EVENT must have at least one state transition"
time="2026-08-06T18:05:16Z" level=error msg="Failed to store events for file session_2026-08-06_10-56-08_444353_1/dec95c65bc663100ce18f14251f9ac8d65f501a20873d77a2471e9b7/job_events/03000000/dec95c65bc663100ce18f14251f9ac8d65f501a20873d77a2471e9b7-2026-08-06-17-1786039044467109009.jsonl: TASK_LIFECYCLE_EVENT must have at least one state transition"
time="2026-08-06T18:05:16Z" level=error msg="Failed to store events for file session_2026-08-06_10-56-08_444353_1/dec95c65bc663100ce18f14251f9ac8d65f501a20873d77a2471e9b7/job_events/03000000/dec95c65bc663100ce18f14251f9ac8d65f501a20873d77a2471e9b7-2026-08-06-17-1786039044467109009.jsonl: TASK_LIFECYCLE_EVENT must have at least one state transition"
time="2026-08-06T18:05:24Z" level=info msg="Received request: GET /enter_cluster/test-ns-hnk4h/raycluster/raycluster-historyserver/session_2026-08-06_10-56-08_444353_1"
time="2026-08-06T18:05:24Z" level=info msg="[List]Returned objects in log/cluster-metadata/. length of page.Contents: 2, length of page.CommonPrefixes: 0"
time="2026-08-06T18:05:24Z" level=error msg="Failed to parse meta file path: log/cluster-metadata/raycluster/test-ns-hnk4h_raycluster-historyserver/, error: invalid path segment count for cluster metadata structure: log/cluster-metadata/raycluster/test-ns-hnk4h_raycluster-historyserver/"
time="2026-08-06T18:05:24Z" level=info msg="Parsed cluster raycluster-historyserver for session session_2026-08-06_10-56-08_444353_1 to list"
time="2026-08-06T18:05:24Z" level=info msg="[ListFiles]Returned objects in log/cluster-history/raycluster/test-ns-hnk4h/raycluster-historyserver/session_2026-08-06_10-56-08_444353_1/. length of page.Contents: 0, length of page.CommonPrefixes: 3"
time="2026-08-06T18:05:24Z" level=info msg="[ListFiles]Returned objects in log/cluster-history/raycluster/test-ns-hnk4h/raycluster-historyserver/session_2026-08-06_10-56-08_444353_1/2be41aea8b4f1ff29e7c0f1be8edbe79d4e840a366ce7321a75ab52e/logs/events/. length of page.Contents: 11, length of page.CommonPrefixes: 0"
time="2026-08-06T18:05:24Z" level=info msg="Prepare to get object log/cluster-history/raycluster/test-ns-hnk4h/raycluster-historyserver/session_2026-08-06_10-56-08_444353_1/2be41aea8b4f1ff29e7c0f1be8edbe79d4e840a366ce7321a75ab52e/logs/events/event_AUTOSCALER.log info ..."
time="2026-08-06T18:05:24Z" level=info msg="Prepare to get object log/cluster-history/raycluster/test-ns-hnk4h/raycluster-historyserver/session_2026-08-06_10-56-08_444353_1/2be41aea8b4f1ff29e7c0f1be8edbe79d4e840a366ce7321a75ab52e/logs/events/event_CORE_WORKER_1019.log info ..."
time="2026-08-06T18:05:24Z" level=info msg="Prepare to get object log/cluster-history/raycluster/test-ns-hnk4h/raycluster-historyserver/session_2026-08-06_10-56-08_444353_1/2be41aea8b4f1ff29e7c0f1be8edbe79d4e840a366ce7321a75ab52e/logs/events/event_CORE_WORKER_1163.log info ..."
time="2026-08-06T18:05:24Z" level=info msg="Prepare to get object log/cluster-history/raycluster/test-ns-hnk4h/raycluster-historyserver/session_2026-08-06_10-56-08_444353_1/2be41aea8b4f1ff29e7c0f1be8edbe79d4e840a366ce7321a75ab52e/logs/events/event_CORE_WORKER_200.log info ..."
time="2026-08-06T18:05:24Z" level=info msg="Prepare to get object log/cluster-history/raycluster/test-ns-hnk4h/raycluster-historyserver/session_2026-08-06_10-56-08_444353_1/2be41aea8b4f1ff29e7c0f1be8edbe79d4e840a366ce7321a75ab52e/logs/events/event_CORE_WORKER_205.log info ..."
time="2026-08-06T18:05:24Z" level=info msg="Prepare to get object log/cluster-history/raycluster/test-ns-hnk4h/raycluster-historyserver/session_2026-08-06_10-56-08_444353_1/2be41aea8b4f1ff29e7c0f1be8edbe79d4e840a366ce7321a75ab52e/logs/events/event_CORE_WORKER_677.log info ..."
time="2026-08-06T18:05:24Z" level=info msg="Prepare to get object log/cluster-history/raycluster/test-ns-hnk4h/raycluster-historyserver/session_2026-08-06_10-56-08_444353_1/2be41aea8b4f1ff29e7c0f1be8edbe79d4e840a366ce7321a75ab52e/logs/events/event_CORE_WORKER_963.log info ..."
time="2026-08-06T18:05:24Z" level=info msg="Prepare to get object log/cluster-history/raycluster/test-ns-hnk4h/raycluster-historyserver/session_2026-08-06_10-56-08_444353_1/2be41aea8b4f1ff29e7c0f1be8edbe79d4e840a366ce7321a75ab52e/logs/events/event_GCS.log info ..."
time="2026-08-06T18:05:24Z" level=info msg="Prepare to get object log/cluster-history/raycluster/test-ns-hnk4h/raycluster-historyserver/session_2026-08-06_10-56-08_444353_1/2be41aea8b4f1ff29e7c0f1be8edbe79d4e840a366ce7321a75ab52e/logs/events/event_JOBS.log info ..."
time="2026-08-06T18:05:24Z" level=info msg="Prepare to get object log/cluster-history/raycluster/test-ns-hnk4h/raycluster-historyserver/session_2026-08-06_10-56-08_444353_1/2be41aea8b4f1ff29e7c0f1be8edbe79d4e840a366ce7321a75ab52e/logs/events/event_RAYLET.log info ..."
time="2026-08-06T18:05:24Z" level=info msg="[ListFiles]Returned objects in log/cluster-history/raycluster/test-ns-hnk4h/raycluster-historyserver/session_2026-08-06_10-56-08_444353_1/dec95c65bc663100ce18f14251f9ac8d65f501a20873d77a2471e9b7/logs/events/. length of page.Contents: 13, length of page.CommonPrefixes: 0"
time="2026-08-06T18:05:24Z" level=info msg="Prepare to get object log/cluster-history/raycluster/test-ns-hnk4h/raycluster-historyserver/session_2026-08-06_10-56-08_444353_1/dec95c65bc663100ce18f14251f9ac8d65f501a20873d77a2471e9b7/logs/events/event_CORE_WORKER_227.log info ..."
time="2026-08-06T18:05:24Z" level=info msg="Prepare to get object log/cluster-history/raycluster/test-ns-hnk4h/raycluster-historyserver/session_2026-08-06_10-56-08_444353_1/dec95c65bc663100ce18f14251f9ac8d65f501a20873d77a2471e9b7/logs/events/event_CORE_WORKER_228.log info ..."
time="2026-08-06T18:05:24Z" level=info msg="Prepare to get object log/cluster-history/raycluster/test-ns-hnk4h/raycluster-historyserver/session_2026-08-06_10-56-08_444353_1/dec95c65bc663100ce18f14251f9ac8d65f501a20873d77a2471e9b7/logs/events/event_CORE_WORKER_312.log info ..."
time="2026-08-06T18:05:24Z" level=info msg="Prepare to get object log/cluster-history/raycluster/test-ns-hnk4h/raycluster-historyserver/session_2026-08-06_10-56-08_444353_1/dec95c65bc663100ce18f14251f9ac8d65f501a20873d77a2471e9b7/logs/events/event_CORE_WORKER_318.log info ..."
time="2026-08-06T18:05:24Z" level=info msg="Prepare to get object log/cluster-history/raycluster/test-ns-hnk4h/raycluster-historyserver/session_2026-08-06_10-56-08_444353_1/dec95c65bc663100ce18f14251f9ac8d65f501a20873d77a2471e9b7/logs/events/event_CORE_WORKER_410.log info ..."
time="2026-08-06T18:05:24Z" level=info msg="Prepare to get object log/cluster-history/raycluster/test-ns-hnk4h/raycluster-historyserver/session_2026-08-06_10-56-08_444353_1/dec95c65bc663100ce18f14251f9ac8d65f501a20873d77a2471e9b7/logs/events/event_CORE_WORKER_418.log info ..."
time="2026-08-06T18:05:24Z" level=info msg="Prepare to get object log/cluster-history/raycluster/test-ns-hnk4h/raycluster-historyserver/session_2026-08-06_10-56-08_444353_1/dec95c65bc663100ce18f14251f9ac8d65f501a20873d77a2471e9b7/logs/events/event_CORE_WORKER_509.log info ..."
time="2026-08-06T18:05:24Z" level=info msg="Prepare to get object log/cluster-history/raycluster/test-ns-hnk4h/raycluster-historyserver/session_2026-08-06_10-56-08_444353_1/dec95c65bc663100ce18f14251f9ac8d65f501a20873d77a2471e9b7/logs/events/event_CORE_WORKER_511.log info ..."
time="2026-08-06T18:05:24Z" level=info msg="Prepare to get object log/cluster-history/raycluster/test-ns-hnk4h/raycluster-historyserver/session_2026-08-06_10-56-08_444353_1/dec95c65bc663100ce18f14251f9ac8d65f501a20873d77a2471e9b7/logs/events/event_CORE_WORKER_605.log info ..."
time="2026-08-06T18:05:24Z" level=info msg="Prepare to get object log/cluster-history/raycluster/test-ns-hnk4h/raycluster-historyserver/session_2026-08-06_10-56-08_444353_1/dec95c65bc663100ce18f14251f9ac8d65f501a20873d77a2471e9b7/logs/events/event_CORE_WORKER_608.log info ..."
time="2026-08-06T18:05:24Z" level=info msg="Prepare to get object log/cluster-history/raycluster/test-ns-hnk4h/raycluster-historyserver/session_2026-08-06_10-56-08_444353_1/dec95c65bc663100ce18f14251f9ac8d65f501a20873d77a2471e9b7/logs/events/event_CORE_WORKER_695.log info ..."
time="2026-08-06T18:05:24Z" level=info msg="Prepare to get object log/cluster-history/raycluster/test-ns-hnk4h/raycluster-historyserver/session_2026-08-06_10-56-08_444353_1/dec95c65bc663100ce18f14251f9ac8d65f501a20873d77a2471e9b7/logs/events/event_RAYLET.log info ..."
time="2026-08-06T18:05:24Z" level=info msg="[ListFiles]Returned objects in log/cluster-history/raycluster/test-ns-hnk4h/raycluster-historyserver/session_2026-08-06_10-56-08_444353_1/fetched_endpoints/logs/events/. length of page.Contents: 0, length of page.CommonPrefixes: 0"
time="2026-08-06T18:05:24Z" level=info msg="[ListFiles]Returned objects in log/cluster-history/raycluster/test-ns-hnk4h/raycluster-historyserver/session_2026-08-06_10-56-08_444353_1/. length of page.Contents: 0, length of page.CommonPrefixes: 3"
time="2026-08-06T18:05:24Z" level=info msg="[ListFiles]Returned objects in log/cluster-history/raycluster/test-ns-hnk4h/raycluster-historyserver/session_2026-08-06_10-56-08_444353_1/2be41aea8b4f1ff29e7c0f1be8edbe79d4e840a366ce7321a75ab52e/job_events/. length of page.Contents: 0, length of page.CommonPrefixes: 4"
time="2026-08-06T18:05:24Z" level=info msg="[ListFiles]Returned objects in log/cluster-history/raycluster/test-ns-hnk4h/raycluster-historyserver/session_2026-08-06_10-56-08_444353_1/2be41aea8b4f1ff29e7c0f1be8edbe79d4e840a366ce7321a75ab52e/job_events/01000000/. length of page.Contents: 2, length of page.CommonPrefixes: 0"
time="2026-08-06T18:05:24Z" level=info msg="[ListFiles]Returned objects in log/cluster-history/raycluster/test-ns-hnk4h/raycluster-historyserver/session_2026-08-06_10-56-08_444353_1/2be41aea8b4f1ff29e7c0f1be8edbe79d4e840a366ce7321a75ab52e/job_events/02000000/. length of page.Contents: 2, length of page.CommonPrefixes: 0"
time="2026-08-06T18:05:24Z" level=info msg="[ListFiles]Returned objects in log/cluster-history/raycluster/test-ns-hnk4h/raycluster-historyserver/session_2026-08-06_10-56-08_444353_1/2be41aea8b4f1ff29e7c0f1be8edbe79d4e840a366ce7321a75ab52e/job_events/03000000/. length of page.Contents: 4, length of page.CommonPrefixes: 0"
time="2026-08-06T18:05:24Z" level=info msg="[ListFiles]Returned objects in log/cluster-history/raycluster/test-ns-hnk4h/raycluster-historyserver/session_2026-08-06_10-56-08_444353_1/2be41aea8b4f1ff29e7c0f1be8edbe79d4e840a366ce7321a75ab52e/job_events/04000000/. length of page.Contents: 2, length of page.CommonPrefixes: 0"
time="2026-08-06T18:05:24Z" level=info msg="[ListFiles]Returned objects in log/cluster-history/raycluster/test-ns-hnk4h/raycluster-historyserver/session_2026-08-06_10-56-08_444353_1/dec95c65bc663100ce18f14251f9ac8d65f501a20873d77a2471e9b7/job_events/. length of page.Contents: 0, length of page.CommonPrefixes: 1"
time="2026-08-06T18:05:24Z" level=info msg="[ListFiles]Returned objects in log/cluster-history/raycluster/test-ns-hnk4h/raycluster-historyserver/session_2026-08-06_10-56-08_444353_1/dec95c65bc663100ce18f14251f9ac8d65f501a20873d77a2471e9b7/job_events/03000000/. length of page.Contents: 3, length of page.CommonPrefixes: 0"
time="2026-08-06T18:05:24Z" level=info msg="[ListFiles]Returned objects in log/cluster-history/raycluster/test-ns-hnk4h/raycluster-historyserver/session_2026-08-06_10-56-08_444353_1/fetched_endpoints/job_events/. length of page.Contents: 0, length of page.CommonPrefixes: 0"
time="2026-08-06T18:05:24Z" level=info msg="[ListFiles]Returned objects in log/cluster-history/raycluster/test-ns-hnk4h/raycluster-historyserver/session_2026-08-06_10-56-08_444353_1/. length of page.Contents: 0, length of page.CommonPrefixes: 3"
time="2026-08-06T18:05:24Z" level=info msg="[ListFiles]Returned objects in log/cluster-history/raycluster/test-ns-hnk4h/raycluster-historyserver/session_2026-08-06_10-56-08_444353_1/2be41aea8b4f1ff29e7c0f1be8edbe79d4e840a366ce7321a75ab52e/node_events/. length of page.Contents: 2, length of page.CommonPrefixes: 0"
time="2026-08-06T18:05:24Z" level=info msg="[ListFiles]Returned objects in log/cluster-history/raycluster/test-ns-hnk4h/raycluster-historyserver/session_2026-08-06_10-56-08_444353_1/dec95c65bc663100ce18f14251f9ac8d65f501a20873d77a2471e9b7/node_events/. length of page.Contents: 0, length of page.CommonPrefixes: 0"
time="2026-08-06T18:05:24Z" level=info msg="[ListFiles]Returned objects in log/cluster-history/raycluster/test-ns-hnk4h/raycluster-historyserver/session_2026-08-06_10-56-08_444353_1/fetched_endpoints/node_events/. length of page.Contents: 0, length of page.CommonPrefixes: 0"
time="2026-08-06T18:05:24Z" level=info msg="Prepare to get object log/cluster-history/raycluster/test-ns-hnk4h/raycluster-historyserver/session_2026-08-06_10-56-08_444353_1/2be41aea8b4f1ff29e7c0f1be8edbe79d4e840a366ce7321a75ab52e/job_events/01000000/2be41aea8b4f1ff29e7c0f1be8edbe79d4e840a366ce7321a75ab52e-2026-08-06-17-1786038973787948337.jsonl info ..."
time="2026-08-06T18:05:24Z" level=info msg="Prepare to get object log/cluster-history/raycluster/test-ns-hnk4h/raycluster-historyserver/session_2026-08-06_10-56-08_444353_1/2be41aea8b4f1ff29e7c0f1be8edbe79d4e840a366ce7321a75ab52e/job_events/02000000/2be41aea8b4f1ff29e7c0f1be8edbe79d4e840a366ce7321a75ab52e-2026-08-06-17-1786038992917769597.jsonl info ..."
time="2026-08-06T18:05:24Z" level=info msg="Prepare to get object log/cluster-history/raycluster/test-ns-hnk4h/raycluster-historyserver/session_2026-08-06_10-56-08_444353_1/2be41aea8b4f1ff29e7c0f1be8edbe79d4e840a366ce7321a75ab52e/job_events/03000000/2be41aea8b4f1ff29e7c0f1be8edbe79d4e840a366ce7321a75ab52e-2026-08-06-17-1786038992918411180.jsonl info ..."
time="2026-08-06T18:05:55Z" level=info msg="Prepare to get object log/cluster-history/raycluster/test-ns-hnk4h/raycluster-historyserver/session_2026-08-06_10-56-08_444353_1/2be41aea8b4f1ff29e7c0f1be8edbe79d4e840a366ce7321a75ab52e/job_events/03000000/2be41aea8b4f1ff29e7c0f1be8edbe79d4e840a366ce7321a75ab52e-2026-08-06-17-1786039033337399379.jsonl info ..."
time="2026-08-06T18:06:18Z" level=info msg="Prepare to get object log/cluster-history/raycluster/test-ns-hnk4h/raycluster-historyserver/session_2026-08-06_10-56-08_444353_1/2be41aea8b4f1ff29e7c0f1be8edbe79d4e840a366ce7321a75ab52e/job_events/03000000/2be41aea8b4f1ff29e7c0f1be8edbe79d4e840a366ce7321a75ab52e-2026-08-06-17-1786039062940171295.jsonl info ..."
time="2026-08-06T18:06:25Z" level=error msg="Failed to load session test-ns-hnk4h/raycluster-historyserver/session_2026-08-06_10-56-08_444353_1: context canceled"
time="2026-08-06T18:06:34Z" level=info msg="Received request: GET /enter_cluster/test-ns-hnk4h/raycluster/raycluster-historyserver/session_2026-08-06_10-56-08_444353_1"
time="2026-08-06T18:06:34Z" level=info msg="[List]Returned objects in log/cluster-metadata/. length of page.Contents: 2, length of page.CommonPrefixes: 0"
time="2026-08-06T18:06:34Z" level=error msg="Failed to parse meta file path: log/cluster-metadata/raycluster/test-ns-hnk4h_raycluster-historyserver/, error: invalid path segment count for cluster metadata structure: log/cluster-metadata/raycluster/test-ns-hnk4h_raycluster-historyserver/"
time="2026-08-06T18:06:34Z" level=info msg="Parsed cluster raycluster-historyserver for session session_2026-08-06_10-56-08_444353_1 to list"
time="2026-08-06T18:06:35Z" level=info msg="Prepare to get object log/cluster-history/raycluster/test-ns-hnk4h/raycluster-historyserver/session_2026-08-06_10-56-08_444353_1/2be41aea8b4f1ff29e7c0f1be8edbe79d4e840a366ce7321a75ab52e/job_events/04000000/2be41aea8b4f1ff29e7c0f1be8edbe79d4e840a366ce7321a75ab52e-2026-08-06-17-1786039006301056797.jsonl info ..."
time="2026-08-06T18:06:35Z" level=info msg="Prepare to get object log/cluster-history/raycluster/test-ns-hnk4h/raycluster-historyserver/session_2026-08-06_10-56-08_444353_1/dec95c65bc663100ce18f14251f9ac8d65f501a20873d77a2471e9b7/job_events/03000000/dec95c65bc663100ce18f14251f9ac8d65f501a20873d77a2471e9b7-2026-08-06-17-1786038994971628750.jsonl info ..."
time="2026-08-06T18:06:46Z" level=error msg="Failed to store events for file session_2026-08-06_10-56-08_444353_1/dec95c65bc663100ce18f14251f9ac8d65f501a20873d77a2471e9b7/job_events/03000000/dec95c65bc663100ce18f14251f9ac8d65f501a20873d77a2471e9b7-2026-08-06-17-1786038994971628750.jsonl: TASK_LIFECYCLE_EVENT must have at least one state transition"
time="2026-08-06T18:06:46Z" level=error msg="Failed to store events for file session_2026-08-06_10-56-08_444353_1/dec95c65bc663100ce18f14251f9ac8d65f501a20873d77a2471e9b7/job_events/03000000/dec95c65bc663100ce18f14251f9ac8d65f501a20873d77a2471e9b7-2026-08-06-17-1786038994971628750.jsonl: TASK_LIFECYCLE_EVENT must have at least one state transition"
time="2026-08-06T18:06:46Z" level=error msg="Failed to store events for file session_2026-08-06_10-56-08_444353_1/dec95c65bc663100ce18f14251f9ac8d65f501a20873d77a2471e9b7/job_events/03000000/dec95c65bc663100ce18f14251f9ac8d65f501a20873d77a2471e9b7-2026-08-06-17-1786038994971628750.jsonl: TASK_LIFECYCLE_EVENT must have at least one state transition"
time="2026-08-06T18:06:47Z" level=error msg="Failed to store events for file session_2026-08-06_10-56-08_444353_1/dec95c65bc663100ce18f14251f9ac8d65f501a20873d77a2471e9b7/job_events/03000000/dec95c65bc663100ce18f14251f9ac8d65f501a20873d77a2471e9b7-2026-08-06-17-1786038994971628750.jsonl: TASK_LIFECYCLE_EVENT must have at least one state transition"
time="2026-08-06T18:06:47Z" level=error msg="Failed to store events for file session_2026-08-06_10-56-08_444353_1/dec95c65bc663100ce18f14251f9ac8d65f501a20873d77a2471e9b7/job_events/03000000/dec95c65bc663100ce18f14251f9ac8d65f501a20873d77a2471e9b7-2026-08-06-17-1786038994971628750.jsonl: TASK_LIFECYCLE_EVENT must have at least one state transition"
time="2026-08-06T18:06:47Z" level=error msg="Failed to store events for file session_2026-08-06_10-56-08_444353_1/dec95c65bc663100ce18f14251f9ac8d65f501a20873d77a2471e9b7/job_events/03000000/dec95c65bc663100ce18f14251f9ac8d65f501a20873d77a2471e9b7-2026-08-06-17-1786038994971628750.jsonl: TASK_LIFECYCLE_EVENT must have at least one state transition"
time="2026-08-06T18:06:48Z" level=error msg="Failed to store events for file session_2026-08-06_10-56-08_444353_1/dec95c65bc663100ce18f14251f9ac8d65f501a20873d77a2471e9b7/job_events/03000000/dec95c65bc663100ce18f14251f9ac8d65f501a20873d77a2471e9b7-2026-08-06-17-1786038994971628750.jsonl: TASK_LIFECYCLE_EVENT must have at least one state transition"
time="2026-08-06T18:06:48Z" level=error msg="Failed to store events for file session_2026-08-06_10-56-08_444353_1/dec95c65bc663100ce18f14251f9ac8d65f501a20873d77a2471e9b7/job_events/03000000/dec95c65bc663100ce18f14251f9ac8d65f501a20873d77a2471e9b7-2026-08-06-17-1786038994971628750.jsonl: TASK_LIFECYCLE_EVENT must have at least one state transition"
time="2026-08-06T18:06:49Z" level=error msg="Failed to store events for file session_2026-08-06_10-56-08_444353_1/dec95c65bc663100ce18f14251f9ac8d65f501a20873d77a2471e9b7/job_events/03000000/dec95c65bc663100ce18f14251f9ac8d65f501a20873d77a2471e9b7-2026-08-06-17-1786038994971628750.jsonl: TASK_LIFECYCLE_EVENT must have at least one state transition"
time="2026-08-06T18:06:49Z" level=error msg="Failed to store events for file session_2026-08-06_10-56-08_444353_1/dec95c65bc663100ce18f14251f9ac8d65f501a20873d77a2471e9b7/job_events/03000000/dec95c65bc663100ce18f14251f9ac8d65f501a20873d77a2471e9b7-2026-08-06-17-1786038994971628750.jsonl: TASK_LIFECYCLE_EVENT must have at least one state transition"
time="2026-08-06T18:06:50Z" level=error msg="Failed to store events for file session_2026-08-06_10-56-08_444353_1/dec95c65bc663100ce18f14251f9ac8d65f501a20873d77a2471e9b7/job_events/03000000/dec95c65bc663100ce18f14251f9ac8d65f501a20873d77a2471e9b7-2026-08-06-17-1786038994971628750.jsonl: TASK_LIFECYCLE_EVENT must have at least one state transition"
time="2026-08-06T18:06:50Z" level=error msg="Failed to store events for file session_2026-08-06_10-56-08_444353_1/dec95c65bc663100ce18f14251f9ac8d65f501a20873d77a2471e9b7/job_events/03000000/dec95c65bc663100ce18f14251f9ac8d65f501a20873d77a2471e9b7-2026-08-06-17-1786038994971628750.jsonl: TASK_LIFECYCLE_EVENT must have at least one state transition"
time="2026-08-06T18:06:50Z" level=error msg="Failed to store events for file session_2026-08-06_10-56-08_444353_1/dec95c65bc663100ce18f14251f9ac8d65f501a20873d77a2471e9b7/job_events/03000000/dec95c65bc663100ce18f14251f9ac8d65f501a20873d77a2471e9b7-2026-08-06-17-1786038994971628750.jsonl: TASK_LIFECYCLE_EVENT must have at least one state transition"
time="2026-08-06T18:06:50Z" level=error msg="Failed to store events for file session_2026-08-06_10-56-08_444353_1/dec95c65bc663100ce18f14251f9ac8d65f501a20873d77a2471e9b7/job_events/03000000/dec95c65bc663100ce18f14251f9ac8d65f501a20873d77a2471e9b7-2026-08-06-17-1786038994971628750.jsonl: TASK_LIFECYCLE_EVENT must have at least one state transition"
time="2026-08-06T18:06:50Z" level=error msg="Failed to store events for file session_2026-08-06_10-56-08_444353_1/dec95c65bc663100ce18f14251f9ac8d65f501a20873d77a2471e9b7/job_events/03000000/dec95c65bc663100ce18f14251f9ac8d65f501a20873d77a2471e9b7-2026-08-06-17-1786038994971628750.jsonl: TASK_LIFECYCLE_EVENT must have at least one state transition"
time="2026-08-06T18:06:51Z" level=error msg="Failed to store events for file session_2026-08-06_10-56-08_444353_1/dec95c65bc663100ce18f14251f9ac8d65f501a20873d77a2471e9b7/job_events/03000000/dec95c65bc663100ce18f14251f9ac8d65f501a20873d77a2471e9b7-2026-08-06-17-1786038994971628750.jsonl: TASK_LIFECYCLE_EVENT must have at least one state transition"
time="2026-08-06T18:06:51Z" level=error msg="Failed to store events for file session_2026-08-06_10-56-08_444353_1/dec95c65bc663100ce18f14251f9ac8d65f501a20873d77a2471e9b7/job_events/03000000/dec95c65bc663100ce18f14251f9ac8d65f501a20873d77a2471e9b7-2026-08-06-17-1786038994971628750.jsonl: TASK_LIFECYCLE_EVENT must have at least one state transition"
time="2026-08-06T18:06:51Z" level=error msg="Failed to store events for file session_2026-08-06_10-56-08_444353_1/dec95c65bc663100ce18f14251f9ac8d65f501a20873d77a2471e9b7/job_events/03000000/dec95c65bc663100ce18f14251f9ac8d65f501a20873d77a2471e9b7-2026-08-06-17-1786038994971628750.jsonl: TASK_LIFECYCLE_EVENT must have at least one state transition"
time="2026-08-06T18:06:51Z" level=error msg="Failed to store events for file session_2026-08-06_10-56-08_444353_1/dec95c65bc663100ce18f14251f9ac8d65f501a20873d77a2471e9b7/job_events/03000000/dec95c65bc663100ce18f14251f9ac8d65f501a20873d77a2471e9b7-2026-08-06-17-1786038994971628750.jsonl: TASK_LIFECYCLE_EVENT must have at least one state transition"
time="2026-08-06T18:06:51Z" level=error msg="Failed to store events for file session_2026-08-06_10-56-08_444353_1/dec95c65bc663100ce18f14251f9ac8d65f501a20873d77a2471e9b7/job_events/03000000/dec95c65bc663100ce18f14251f9ac8d65f501a20873d77a2471e9b7-2026-08-06-17-1786038994971628750.jsonl: TASK_LIFECYCLE_EVENT must have at least one state transition"
time="2026-08-06T18:06:51Z" level=error msg="Failed to store events for file session_2026-08-06_10-56-08_444353_1/dec95c65bc663100ce18f14251f9ac8d65f501a20873d77a2471e9b7/job_events/03000000/dec95c65bc663100ce18f14251f9ac8d65f501a20873d77a2471e9b7-2026-08-06-17-1786038994971628750.jsonl: TASK_LIFECYCLE_EVENT must have at least one state transition"
time="2026-08-06T18:06:52Z" level=error msg="Failed to store events for file session_2026-08-06_10-56-08_444353_1/dec95c65bc663100ce18f14251f9ac8d65f501a20873d77a2471e9b7/job_events/03000000/dec95c65bc663100ce18f14251f9ac8d65f501a20873d77a2471e9b7-2026-08-06-17-1786038994971628750.jsonl: TASK_LIFECYCLE_EVENT must have at least one state transition"
time="2026-08-06T18:06:52Z" level=error msg="Failed to store events for file session_2026-08-06_10-56-08_444353_1/dec95c65bc663100ce18f14251f9ac8d65f501a20873d77a2471e9b7/job_events/03000000/dec95c65bc663100ce18f14251f9ac8d65f501a20873d77a2471e9b7-2026-08-06-17-1786038994971628750.jsonl: TASK_LIFECYCLE_EVENT must have at least one state transition"
time="2026-08-06T18:06:52Z" level=error msg="Failed to store events for file session_2026-08-06_10-56-08_444353_1/dec95c65bc663100ce18f14251f9ac8d65f501a20873d77a2471e9b7/job_events/03000000/dec95c65bc663100ce18f14251f9ac8d65f501a20873d77a2471e9b7-2026-08-06-17-1786038994971628750.jsonl: TASK_LIFECYCLE_EVENT must have at least one state transition"
time="2026-08-06T18:06:52Z" level=error msg="Failed to store events for file session_2026-08-06_10-56-08_444353_1/dec95c65bc663100ce18f14251f9ac8d65f501a20873d77a2471e9b7/job_events/03000000/dec95c65bc663100ce18f14251f9ac8d65f501a20873d77a2471e9b7-2026-08-06-17-1786038994971628750.jsonl: TASK_LIFECYCLE_EVENT must have at least one state transition"
time="2026-08-06T18:06:53Z" level=error msg="Failed to store events for file session_2026-08-06_10-56-08_444353_1/dec95c65bc663100ce18f14251f9ac8d65f501a20873d77a2471e9b7/job_events/03000000/dec95c65bc663100ce18f14251f9ac8d65f501a20873d77a2471e9b7-2026-08-06-17-1786038994971628750.jsonl: TASK_LIFECYCLE_EVENT must have at least one state transition"
time="2026-08-06T18:06:53Z" level=error msg="Failed to store events for file session_2026-08-06_10-56-08_444353_1/dec95c65bc663100ce18f14251f9ac8d65f501a20873d77a2471e9b7/job_events/03000000/dec95c65bc663100ce18f14251f9ac8d65f501a20873d77a2471e9b7-2026-08-06-17-1786038994971628750.jsonl: TASK_LIFECYCLE_EVENT must have at least one state transition"
time="2026-08-06T18:06:53Z" level=error msg="Failed to store events for file session_2026-08-06_10-56-08_444353_1/dec95c65bc663100ce18f14251f9ac8d65f501a20873d77a2471e9b7/job_events/03000000/dec95c65bc663100ce18f14251f9ac8d65f501a20873d77a2471e9b7-2026-08-06-17-1786038994971628750.jsonl: TASK_LIFECYCLE_EVENT must have at least one state transition"
time="2026-08-06T18:06:54Z" level=error msg="Failed to store events for file session_2026-08-06_10-56-08_444353_1/dec95c65bc663100ce18f14251f9ac8d65f501a20873d77a2471e9b7/job_events/03000000/dec95c65bc663100ce18f14251f9ac8d65f501a20873d77a2471e9b7-2026-08-06-17-1786038994971628750.jsonl: TASK_LIFECYCLE_EVENT must have at least one state transition"
time="2026-08-06T18:06:54Z" level=error msg="Failed to store events for file session_2026-08-06_10-56-08_444353_1/dec95c65bc663100ce18f14251f9ac8d65f501a20873d77a2471e9b7/job_events/03000000/dec95c65bc663100ce18f14251f9ac8d65f501a20873d77a2471e9b7-2026-08-06-17-1786038994971628750.jsonl: TASK_LIFECYCLE_EVENT must have at least one state transition"
time="2026-08-06T18:06:55Z" level=error msg="Failed to store events for file session_2026-08-06_10-56-08_444353_1/dec95c65bc663100ce18f14251f9ac8d65f501a20873d77a2471e9b7/job_events/03000000/dec95c65bc663100ce18f14251f9ac8d65f501a20873d77a2471e9b7-2026-08-06-17-1786038994971628750.jsonl: TASK_LIFECYCLE_EVENT must have at least one state transition"
time="2026-08-06T18:06:55Z" level=error msg="Failed to store events for file session_2026-08-06_10-56-08_444353_1/dec95c65bc663100ce18f14251f9ac8d65f501a20873d77a2471e9b7/job_events/03000000/dec95c65bc663100ce18f14251f9ac8d65f501a20873d77a2471e9b7-2026-08-06-17-1786038994971628750.jsonl: TASK_LIFECYCLE_EVENT must have at least one state transition"
time="2026-08-06T18:06:55Z" level=error msg="Failed to store events for file session_2026-08-06_10-56-08_444353_1/dec95c65bc663100ce18f14251f9ac8d65f501a20873d77a2471e9b7/job_events/03000000/dec95c65bc663100ce18f14251f9ac8d65f501a20873d77a2471e9b7-2026-08-06-17-1786038994971628750.jsonl: TASK_LIFECYCLE_EVENT must have at least one state transition"
time="2026-08-06T18:06:56Z" level=error msg="Failed to store events for file session_2026-08-06_10-56-08_444353_1/dec95c65bc663100ce18f14251f9ac8d65f501a20873d77a2471e9b7/job_events/03000000/dec95c65bc663100ce18f14251f9ac8d65f501a20873d77a2471e9b7-2026-08-06-17-1786038994971628750.jsonl: TASK_LIFECYCLE_EVENT must have at least one state transition"
time="2026-08-06T18:06:56Z" level=error msg="Failed to store events for file session_2026-08-06_10-56-08_444353_1/dec95c65bc663100ce18f14251f9ac8d65f501a20873d77a2471e9b7/job_events/03000000/dec95c65bc663100ce18f14251f9ac8d65f501a20873d77a2471e9b7-2026-08-06-17-1786038994971628750.jsonl: TASK_LIFECYCLE_EVENT must have at least one state transition"
time="2026-08-06T18:06:56Z" level=error msg="Failed to store events for file session_2026-08-06_10-56-08_444353_1/dec95c65bc663100ce18f14251f9ac8d65f501a20873d77a2471e9b7/job_events/03000000/dec95c65bc663100ce18f14251f9ac8d65f501a20873d77a2471e9b7-2026-08-06-17-1786038994971628750.jsonl: TASK_LIFECYCLE_EVENT must have at least one state transition"
time="2026-08-06T18:06:56Z" level=error msg="Failed to store events for file session_2026-08-06_10-56-08_444353_1/dec95c65bc663100ce18f14251f9ac8d65f501a20873d77a2471e9b7/job_events/03000000/dec95c65bc663100ce18f14251f9ac8d65f501a20873d77a2471e9b7-2026-08-06-17-1786038994971628750.jsonl: TASK_LIFECYCLE_EVENT must have at least one state transition"
time="2026-08-06T18:06:56Z" level=error msg="Failed to store events for file session_2026-08-06_10-56-08_444353_1/dec95c65bc663100ce18f14251f9ac8d65f501a20873d77a2471e9b7/job_events/03000000/dec95c65bc663100ce18f14251f9ac8d65f501a20873d77a2471e9b7-2026-08-06-17-1786038994971628750.jsonl: TASK_LIFECYCLE_EVENT must have at least one state transition"
time="2026-08-06T18:06:57Z" level=error msg="Failed to store events for file session_2026-08-06_10-56-08_444353_1/dec95c65bc663100ce18f14251f9ac8d65f501a20873d77a2471e9b7/job_events/03000000/dec95c65bc663100ce18f14251f9ac8d65f501a20873d77a2471e9b7-2026-08-06-17-1786038994971628750.jsonl: TASK_LIFECYCLE_EVENT must have at least one state transition"
time="2026-08-06T18:06:57Z" level=error msg="Failed to store events for file session_2026-08-06_10-56-08_444353_1/dec95c65bc663100ce18f14251f9ac8d65f501a20873d77a2471e9b7/job_events/03000000/dec95c65bc663100ce18f14251f9ac8d65f501a20873d77a2471e9b7-2026-08-06-17-1786038994971628750.jsonl: TASK_LIFECYCLE_EVENT must have at least one state transition"
time="2026-08-06T18:06:58Z" level=error msg="Failed to store events for file session_2026-08-06_10-56-08_444353_1/dec95c65bc663100ce18f14251f9ac8d65f501a20873d77a2471e9b7/job_events/03000000/dec95c65bc663100ce18f14251f9ac8d65f501a20873d77a2471e9b7-2026-08-06-17-1786038994971628750.jsonl: TASK_LIFECYCLE_EVENT must have at least one state transition"
time="2026-08-06T18:06:58Z" level=error msg="Failed to store events for file session_2026-08-06_10-56-08_444353_1/dec95c65bc663100ce18f14251f9ac8d65f501a20873d77a2471e9b7/job_events/03000000/dec95c65bc663100ce18f14251f9ac8d65f501a20873d77a2471e9b7-2026-08-06-17-1786038994971628750.jsonl: TASK_LIFECYCLE_EVENT must have at least one state transition"
time="2026-08-06T18:06:58Z" level=error msg="Failed to store events for file session_2026-08-06_10-56-08_444353_1/dec95c65bc663100ce18f14251f9ac8d65f501a20873d77a2471e9b7/job_events/03000000/dec95c65bc663100ce18f14251f9ac8d65f501a20873d77a2471e9b7-2026-08-06-17-1786038994971628750.jsonl: TASK_LIFECYCLE_EVENT must have at least one state transition"
time="2026-08-06T18:06:58Z" level=error msg="Failed to store events for file session_2026-08-06_10-56-08_444353_1/dec95c65bc663100ce18f14251f9ac8d65f501a20873d77a2471e9b7/job_events/03000000/dec95c65bc663100ce18f14251f9ac8d65f501a20873d77a2471e9b7-2026-08-06-17-1786038994971628750.jsonl: TASK_LIFECYCLE_EVENT must have at least one state transition"
time="2026-08-06T18:06:58Z" level=error msg="Failed to store events for file session_2026-08-06_10-56-08_444353_1/dec95c65bc663100ce18f14251f9ac8d65f501a20873d77a2471e9b7/job_events/03000000/dec95c65bc663100ce18f14251f9ac8d65f501a20873d77a2471e9b7-2026-08-06-17-1786038994971628750.jsonl: TASK_LIFECYCLE_EVENT must have at least one state transition"
time="2026-08-06T18:06:59Z" level=info msg="Prepare to get object log/cluster-history/raycluster/test-ns-hnk4h/raycluster-historyserver/session_2026-08-06_10-56-08_444353_1/dec95c65bc663100ce18f14251f9ac8d65f501a20873d77a2471e9b7/job_events/03000000/dec95c65bc663100ce18f14251f9ac8d65f501a20873d77a2471e9b7-2026-08-06-17-1786039044467109009.jsonl info ..."
time="2026-08-06T18:07:13Z" level=error msg="Failed to store events for file session_2026-08-06_10-56-08_444353_1/dec95c65bc663100ce18f14251f9ac8d65f501a20873d77a2471e9b7/job_events/03000000/dec95c65bc663100ce18f14251f9ac8d65f501a20873d77a2471e9b7-2026-08-06-17-1786039044467109009.jsonl: TASK_LIFECYCLE_EVENT must have at least one state transition"
time="2026-08-06T18:07:14Z" level=error msg="Failed to store events for file session_2026-08-06_10-56-08_444353_1/dec95c65bc663100ce18f14251f9ac8d65f501a20873d77a2471e9b7/job_events/03000000/dec95c65bc663100ce18f14251f9ac8d65f501a20873d77a2471e9b7-2026-08-06-17-1786039044467109009.jsonl: TASK_LIFECYCLE_EVENT must have at least one state transition"
time="2026-08-06T18:07:14Z" level=error msg="Failed to store events for file session_2026-08-06_10-56-08_444353_1/dec95c65bc663100ce18f14251f9ac8d65f501a20873d77a2471e9b7/job_events/03000000/dec95c65bc663100ce18f14251f9ac8d65f501a20873d77a2471e9b7-2026-08-06-17-1786039044467109009.jsonl: TASK_LIFECYCLE_EVENT must have at least one state transition"
time="2026-08-06T18:07:14Z" level=error msg="Failed to store events for file session_2026-08-06_10-56-08_444353_1/dec95c65bc663100ce18f14251f9ac8d65f501a20873d77a2471e9b7/job_events/03000000/dec95c65bc663100ce18f14251f9ac8d65f501a20873d77a2471e9b7-2026-08-06-17-1786039044467109009.jsonl: TASK_LIFECYCLE_EVENT must have at least one state transition"
time="2026-08-06T18:07:14Z" level=error msg="Failed to store events for file session_2026-08-06_10-56-08_444353_1/dec95c65bc663100ce18f14251f9ac8d65f501a20873d77a2471e9b7/job_events/03000000/dec95c65bc663100ce18f14251f9ac8d65f501a20873d77a2471e9b7-2026-08-06-17-1786039044467109009.jsonl: TASK_LIFECYCLE_EVENT must have at least one state transition"
time="2026-08-06T18:07:15Z" level=error msg="Failed to store events for file session_2026-08-06_10-56-08_444353_1/dec95c65bc663100ce18f14251f9ac8d65f501a20873d77a2471e9b7/job_events/03000000/dec95c65bc663100ce18f14251f9ac8d65f501a20873d77a2471e9b7-2026-08-06-17-1786039044467109009.jsonl: TASK_LIFECYCLE_EVENT must have at least one state transition"
time="2026-08-06T18:07:15Z" level=error msg="Failed to store events for file session_2026-08-06_10-56-08_444353_1/dec95c65bc663100ce18f14251f9ac8d65f501a20873d77a2471e9b7/job_events/03000000/dec95c65bc663100ce18f14251f9ac8d65f501a20873d77a2471e9b7-2026-08-06-17-1786039044467109009.jsonl: TASK_LIFECYCLE_EVENT must have at least one state transition"
time="2026-08-06T18:07:15Z" level=error msg="Failed to store events for file session_2026-08-06_10-56-08_444353_1/dec95c65bc663100ce18f14251f9ac8d65f501a20873d77a2471e9b7/job_events/03000000/dec95c65bc663100ce18f14251f9ac8d65f501a20873d77a2471e9b7-2026-08-06-17-1786039044467109009.jsonl: TASK_LIFECYCLE_EVENT must have at least one state transition"
time="2026-08-06T18:07:16Z" level=error msg="Failed to store events for file session_2026-08-06_10-56-08_444353_1/dec95c65bc663100ce18f14251f9ac8d65f501a20873d77a2471e9b7/job_events/03000000/dec95c65bc663100ce18f14251f9ac8d65f501a20873d77a2471e9b7-2026-08-06-17-1786039044467109009.jsonl: TASK_LIFECYCLE_EVENT must have at least one state transition"
time="2026-08-06T18:07:16Z" level=error msg="Failed to store events for file session_2026-08-06_10-56-08_444353_1/dec95c65bc663100ce18f14251f9ac8d65f501a20873d77a2471e9b7/job_events/03000000/dec95c65bc663100ce18f14251f9ac8d65f501a20873d77a2471e9b7-2026-08-06-17-1786039044467109009.jsonl: TASK_LIFECYCLE_EVENT must have at least one state transition"
time="2026-08-06T18:07:16Z" level=error msg="Failed to store events for file session_2026-08-06_10-56-08_444353_1/dec95c65bc663100ce18f14251f9ac8d65f501a20873d77a2471e9b7/job_events/03000000/dec95c65bc663100ce18f14251f9ac8d65f501a20873d77a2471e9b7-2026-08-06-17-1786039044467109009.jsonl: TASK_LIFECYCLE_EVENT must have at least one state transition"
time="2026-08-06T18:07:17Z" level=error msg="Failed to store events for file session_2026-08-06_10-56-08_444353_1/dec95c65bc663100ce18f14251f9ac8d65f501a20873d77a2471e9b7/job_events/03000000/dec95c65bc663100ce18f14251f9ac8d65f501a20873d77a2471e9b7-2026-08-06-17-1786039044467109009.jsonl: TASK_LIFECYCLE_EVENT must have at least one state transition"
time="2026-08-06T18:07:17Z" level=error msg="Failed to store events for file session_2026-08-06_10-56-08_444353_1/dec95c65bc663100ce18f14251f9ac8d65f501a20873d77a2471e9b7/job_events/03000000/dec95c65bc663100ce18f14251f9ac8d65f501a20873d77a2471e9b7-2026-08-06-17-1786039044467109009.jsonl: TASK_LIFECYCLE_EVENT must have at least one state transition"
time="2026-08-06T18:07:17Z" level=error msg="Failed to store events for file session_2026-08-06_10-56-08_444353_1/dec95c65bc663100ce18f14251f9ac8d65f501a20873d77a2471e9b7/job_events/03000000/dec95c65bc663100ce18f14251f9ac8d65f501a20873d77a2471e9b7-2026-08-06-17-1786039044467109009.jsonl: TASK_LIFECYCLE_EVENT must have at least one state transition"
time="2026-08-06T18:07:17Z" level=error msg="Failed to store events for file session_2026-08-06_10-56-08_444353_1/dec95c65bc663100ce18f14251f9ac8d65f501a20873d77a2471e9b7/job_events/03000000/dec95c65bc663100ce18f14251f9ac8d65f501a20873d77a2471e9b7-2026-08-06-17-1786039044467109009.jsonl: TASK_LIFECYCLE_EVENT must have at least one state transition"
time="2026-08-06T18:07:18Z" level=error msg="Failed to store events for file session_2026-08-06_10-56-08_444353_1/dec95c65bc663100ce18f14251f9ac8d65f501a20873d77a2471e9b7/job_events/03000000/dec95c65bc663100ce18f14251f9ac8d65f501a20873d77a2471e9b7-2026-08-06-17-1786039044467109009.jsonl: TASK_LIFECYCLE_EVENT must have at least one state transition"
time="2026-08-06T18:07:19Z" level=error msg="Failed to store events for file session_2026-08-06_10-56-08_444353_1/dec95c65bc663100ce18f14251f9ac8d65f501a20873d77a2471e9b7/job_events/03000000/dec95c65bc663100ce18f14251f9ac8d65f501a20873d77a2471e9b7-2026-08-06-17-1786039044467109009.jsonl: TASK_LIFECYCLE_EVENT must have at least one state transition"
time="2026-08-06T18:07:19Z" level=error msg="Failed to store events for file session_2026-08-06_10-56-08_444353_1/dec95c65bc663100ce18f14251f9ac8d65f501a20873d77a2471e9b7/job_events/03000000/dec95c65bc663100ce18f14251f9ac8d65f501a20873d77a2471e9b7-2026-08-06-17-1786039044467109009.jsonl: TASK_LIFECYCLE_EVENT must have at least one state transition"
time="2026-08-06T18:07:19Z" level=error msg="Failed to store events for file session_2026-08-06_10-56-08_444353_1/dec95c65bc663100ce18f14251f9ac8d65f501a20873d77a2471e9b7/job_events/03000000/dec95c65bc663100ce18f14251f9ac8d65f501a20873d77a2471e9b7-2026-08-06-17-1786039044467109009.jsonl: TASK_LIFECYCLE_EVENT must have at least one state transition"
time="2026-08-06T18:07:19Z" level=error msg="Failed to store events for file session_2026-08-06_10-56-08_444353_1/dec95c65bc663100ce18f14251f9ac8d65f501a20873d77a2471e9b7/job_events/03000000/dec95c65bc663100ce18f14251f9ac8d65f501a20873d77a2471e9b7-2026-08-06-17-1786039044467109009.jsonl: TASK_LIFECYCLE_EVENT must have at least one state transition"
time="2026-08-06T18:07:19Z" level=error msg="Failed to store events for file session_2026-08-06_10-56-08_444353_1/dec95c65bc663100ce18f14251f9ac8d65f501a20873d77a2471e9b7/job_events/03000000/dec95c65bc663100ce18f14251f9ac8d65f501a20873d77a2471e9b7-2026-08-06-17-1786039044467109009.jsonl: TASK_LIFECYCLE_EVENT must have at least one state transition"
time="2026-08-06T18:07:19Z" level=error msg="Failed to store events for file session_2026-08-06_10-56-08_444353_1/dec95c65bc663100ce18f14251f9ac8d65f501a20873d77a2471e9b7/job_events/03000000/dec95c65bc663100ce18f14251f9ac8d65f501a20873d77a2471e9b7-2026-08-06-17-1786039044467109009.jsonl: TASK_LIFECYCLE_EVENT must have at least one state transition"
time="2026-08-06T18:07:20Z" level=error msg="Failed to store events for file session_2026-08-06_10-56-08_444353_1/dec95c65bc663100ce18f14251f9ac8d65f501a20873d77a2471e9b7/job_events/03000000/dec95c65bc663100ce18f14251f9ac8d65f501a20873d77a2471e9b7-2026-08-06-17-1786039044467109009.jsonl: TASK_LIFECYCLE_EVENT must have at least one state transition"
time="2026-08-06T18:07:20Z" level=error msg="Failed to store events for file session_2026-08-06_10-56-08_444353_1/dec95c65bc663100ce18f14251f9ac8d65f501a20873d77a2471e9b7/job_events/03000000/dec95c65bc663100ce18f14251f9ac8d65f501a20873d77a2471e9b7-2026-08-06-17-1786039044467109009.jsonl: TASK_LIFECYCLE_EVENT must have at least one state transition"
time="2026-08-06T18:07:20Z" level=error msg="Failed to store events for file session_2026-08-06_10-56-08_444353_1/dec95c65bc663100ce18f14251f9ac8d65f501a20873d77a2471e9b7/job_events/03000000/dec95c65bc663100ce18f14251f9ac8d65f501a20873d77a2471e9b7-2026-08-06-17-1786039044467109009.jsonl: TASK_LIFECYCLE_EVENT must have at least one state transition"
time="2026-08-06T18:07:20Z" level=error msg="Failed to store events for file session_2026-08-06_10-56-08_444353_1/dec95c65bc663100ce18f14251f9ac8d65f501a20873d77a2471e9b7/job_events/03000000/dec95c65bc663100ce18f14251f9ac8d65f501a20873d77a2471e9b7-2026-08-06-17-1786039044467109009.jsonl: TASK_LIFECYCLE_EVENT must have at least one state transition"
time="2026-08-06T18:07:21Z" level=error msg="Failed to store events for file session_2026-08-06_10-56-08_444353_1/dec95c65bc663100ce18f14251f9ac8d65f501a20873d77a2471e9b7/job_events/03000000/dec95c65bc663100ce18f14251f9ac8d65f501a20873d77a2471e9b7-2026-08-06-17-1786039044467109009.jsonl: TASK_LIFECYCLE_EVENT must have at least one state transition"
time="2026-08-06T18:07:21Z" level=error msg="Failed to store events for file session_2026-08-06_10-56-08_444353_1/dec95c65bc663100ce18f14251f9ac8d65f501a20873d77a2471e9b7/job_events/03000000/dec95c65bc663100ce18f14251f9ac8d65f501a20873d77a2471e9b7-2026-08-06-17-1786039044467109009.jsonl: TASK_LIFECYCLE_EVENT must have at least one state transition"
time="2026-08-06T18:07:21Z" level=error msg="Failed to store events for file session_2026-08-06_10-56-08_444353_1/dec95c65bc663100ce18f14251f9ac8d65f501a20873d77a2471e9b7/job_events/03000000/dec95c65bc663100ce18f14251f9ac8d65f501a20873d77a2471e9b7-2026-08-06-17-1786039044467109009.jsonl: TASK_LIFECYCLE_EVENT must have at least one state transition"
time="2026-08-06T18:07:21Z" level=error msg="Failed to store events for file session_2026-08-06_10-56-08_444353_1/dec95c65bc663100ce18f14251f9ac8d65f501a20873d77a2471e9b7/job_events/03000000/dec95c65bc663100ce18f14251f9ac8d65f501a20873d77a2471e9b7-2026-08-06-17-1786039044467109009.jsonl: TASK_LIFECYCLE_EVENT must have at least one state transition"
time="2026-08-06T18:07:21Z" level=error msg="Failed to store events for file session_2026-08-06_10-56-08_444353_1/dec95c65bc663100ce18f14251f9ac8d65f501a20873d77a2471e9b7/job_events/03000000/dec95c65bc663100ce18f14251f9ac8d65f501a20873d77a2471e9b7-2026-08-06-17-1786039044467109009.jsonl: TASK_LIFECYCLE_EVENT must have at least one state transition"
time="2026-08-06T18:07:22Z" level=error msg="Failed to store events for file session_2026-08-06_10-56-08_444353_1/dec95c65bc663100ce18f14251f9ac8d65f501a20873d77a2471e9b7/job_events/03000000/dec95c65bc663100ce18f14251f9ac8d65f501a20873d77a2471e9b7-2026-08-06-17-1786039044467109009.jsonl: TASK_LIFECYCLE_EVENT must have at least one state transition"
time="2026-08-06T18:07:22Z" level=error msg="Failed to store events for file session_2026-08-06_10-56-08_444353_1/dec95c65bc663100ce18f14251f9ac8d65f501a20873d77a2471e9b7/job_events/03000000/dec95c65bc663100ce18f14251f9ac8d65f501a20873d77a2471e9b7-2026-08-06-17-1786039044467109009.jsonl: TASK_LIFECYCLE_EVENT must have at least one state transition"
time="2026-08-06T18:07:22Z" level=error msg="Failed to store events for file session_2026-08-06_10-56-08_444353_1/dec95c65bc663100ce18f14251f9ac8d65f501a20873d77a2471e9b7/job_events/03000000/dec95c65bc663100ce18f14251f9ac8d65f501a20873d77a2471e9b7-2026-08-06-17-1786039044467109009.jsonl: TASK_LIFECYCLE_EVENT must have at least one state transition"
time="2026-08-06T18:07:22Z" level=error msg="Failed to store events for file session_2026-08-06_10-56-08_444353_1/dec95c65bc663100ce18f14251f9ac8d65f501a20873d77a2471e9b7/job_events/03000000/dec95c65bc663100ce18f14251f9ac8d65f501a20873d77a2471e9b7-2026-08-06-17-1786039044467109009.jsonl: TASK_LIFECYCLE_EVENT must have at least one state transition"
time="2026-08-06T18:07:22Z" level=error msg="Failed to store events for file session_2026-08-06_10-56-08_444353_1/dec95c65bc663100ce18f14251f9ac8d65f501a20873d77a2471e9b7/job_events/03000000/dec95c65bc663100ce18f14251f9ac8d65f501a20873d77a2471e9b7-2026-08-06-17-1786039044467109009.jsonl: TASK_LIFECYCLE_EVENT must have at least one state transition"
time="2026-08-06T18:07:22Z" level=error msg="Failed to store events for file session_2026-08-06_10-56-08_444353_1/dec95c65bc663100ce18f14251f9ac8d65f501a20873d77a2471e9b7/job_events/03000000/dec95c65bc663100ce18f14251f9ac8d65f501a20873d77a2471e9b7-2026-08-06-17-1786039044467109009.jsonl: TASK_LIFECYCLE_EVENT must have at least one state transition"
time="2026-08-06T18:07:22Z" level=error msg="Failed to store events for file session_2026-08-06_10-56-08_444353_1/dec95c65bc663100ce18f14251f9ac8d65f501a20873d77a2471e9b7/job_events/03000000/dec95c65bc663100ce18f14251f9ac8d65f501a20873d77a2471e9b7-2026-08-06-17-1786039044467109009.jsonl: TASK_LIFECYCLE_EVENT must have at least one state transition"
time="2026-08-06T18:07:23Z" level=error msg="Failed to store events for file session_2026-08-06_10-56-08_444353_1/dec95c65bc663100ce18f14251f9ac8d65f501a20873d77a2471e9b7/job_events/03000000/dec95c65bc663100ce18f14251f9ac8d65f501a20873d77a2471e9b7-2026-08-06-17-1786039044467109009.jsonl: TASK_LIFECYCLE_EVENT must have at least one state transition"
time="2026-08-06T18:07:23Z" level=error msg="Failed to store events for file session_2026-08-06_10-56-08_444353_1/dec95c65bc663100ce18f14251f9ac8d65f501a20873d77a2471e9b7/job_events/03000000/dec95c65bc663100ce18f14251f9ac8d65f501a20873d77a2471e9b7-2026-08-06-17-1786039044467109009.jsonl: TASK_LIFECYCLE_EVENT must have at least one state transition"
time="2026-08-06T18:07:23Z" level=error msg="Failed to store events for file session_2026-08-06_10-56-08_444353_1/dec95c65bc663100ce18f14251f9ac8d65f501a20873d77a2471e9b7/job_events/03000000/dec95c65bc663100ce18f14251f9ac8d65f501a20873d77a2471e9b7-2026-08-06-17-1786039044467109009.jsonl: TASK_LIFECYCLE_EVENT must have at least one state transition"
time="2026-08-06T18:07:23Z" level=error msg="Failed to store events for file session_2026-08-06_10-56-08_444353_1/dec95c65bc663100ce18f14251f9ac8d65f501a20873d77a2471e9b7/job_events/03000000/dec95c65bc663100ce18f14251f9ac8d65f501a20873d77a2471e9b7-2026-08-06-17-1786039044467109009.jsonl: TASK_LIFECYCLE_EVENT must have at least one state transition"
time="2026-08-06T18:07:23Z" level=error msg="Failed to store events for file session_2026-08-06_10-56-08_444353_1/dec95c65bc663100ce18f14251f9ac8d65f501a20873d77a2471e9b7/job_events/03000000/dec95c65bc663100ce18f14251f9ac8d65f501a20873d77a2471e9b7-2026-08-06-17-1786039044467109009.jsonl: TASK_LIFECYCLE_EVENT must have at least one state transition"
time="2026-08-06T18:07:23Z" level=error msg="Failed to store events for file session_2026-08-06_10-56-08_444353_1/dec95c65bc663100ce18f14251f9ac8d65f501a20873d77a2471e9b7/job_events/03000000/dec95c65bc663100ce18f14251f9ac8d65f501a20873d77a2471e9b7-2026-08-06-17-1786039044467109009.jsonl: TASK_LIFECYCLE_EVENT must have at least one state transition"
time="2026-08-06T18:07:24Z" level=error msg="Failed to store events for file session_2026-08-06_10-56-08_444353_1/dec95c65bc663100ce18f14251f9ac8d65f501a20873d77a2471e9b7/job_events/03000000/dec95c65bc663100ce18f14251f9ac8d65f501a20873d77a2471e9b7-2026-08-06-17-1786039044467109009.jsonl: TASK_LIFECYCLE_EVENT must have at least one state transition"
time="2026-08-06T18:07:24Z" level=error msg="Failed to store events for file session_2026-08-06_10-56-08_444353_1/dec95c65bc663100ce18f14251f9ac8d65f501a20873d77a2471e9b7/job_events/03000000/dec95c65bc663100ce18f14251f9ac8d65f501a20873d77a2471e9b7-2026-08-06-17-1786039044467109009.jsonl: TASK_LIFECYCLE_EVENT must have at least one state transition"
time="2026-08-06T18:07:24Z" level=error msg="Failed to store events for file session_2026-08-06_10-56-08_444353_1/dec95c65bc663100ce18f14251f9ac8d65f501a20873d77a2471e9b7/job_events/03000000/dec95c65bc663100ce18f14251f9ac8d65f501a20873d77a2471e9b7-2026-08-06-17-1786039044467109009.jsonl: TASK_LIFECYCLE_EVENT must have at least one state transition"
time="2026-08-06T18:07:24Z" level=error msg="Failed to store events for file session_2026-08-06_10-56-08_444353_1/dec95c65bc663100ce18f14251f9ac8d65f501a20873d77a2471e9b7/job_events/03000000/dec95c65bc663100ce18f14251f9ac8d65f501a20873d77a2471e9b7-2026-08-06-17-1786039044467109009.jsonl: TASK_LIFECYCLE_EVENT must have at least one state transition"
time="2026-08-06T18:07:25Z" level=error msg="Failed to store events for file session_2026-08-06_10-56-08_444353_1/dec95c65bc663100ce18f14251f9ac8d65f501a20873d77a2471e9b7/job_events/03000000/dec95c65bc663100ce18f14251f9ac8d65f501a20873d77a2471e9b7-2026-08-06-17-1786039044467109009.jsonl: TASK_LIFECYCLE_EVENT must have at least one state transition"
time="2026-08-06T18:07:25Z" level=error msg="Failed to store events for file session_2026-08-06_10-56-08_444353_1/dec95c65bc663100ce18f14251f9ac8d65f501a20873d77a2471e9b7/job_events/03000000/dec95c65bc663100ce18f14251f9ac8d65f501a20873d77a2471e9b7-2026-08-06-17-1786039044467109009.jsonl: TASK_LIFECYCLE_EVENT must have at least one state transition"
time="2026-08-06T18:07:26Z" level=error msg="Failed to store events for file session_2026-08-06_10-56-08_444353_1/dec95c65bc663100ce18f14251f9ac8d65f501a20873d77a2471e9b7/job_events/03000000/dec95c65bc663100ce18f14251f9ac8d65f501a20873d77a2471e9b7-2026-08-06-17-1786039044467109009.jsonl: TASK_LIFECYCLE_EVENT must have at least one state transition"
time="2026-08-06T18:07:27Z" level=error msg="Failed to store events for file session_2026-08-06_10-56-08_444353_1/dec95c65bc663100ce18f14251f9ac8d65f501a20873d77a2471e9b7/job_events/03000000/dec95c65bc663100ce18f14251f9ac8d65f501a20873d77a2471e9b7-2026-08-06-17-1786039044467109009.jsonl: TASK_LIFECYCLE_EVENT must have at least one state transition"
time="2026-08-06T18:07:27Z" level=error msg="Failed to store events for file session_2026-08-06_10-56-08_444353_1/dec95c65bc663100ce18f14251f9ac8d65f501a20873d77a2471e9b7/job_events/03000000/dec95c65bc663100ce18f14251f9ac8d65f501a20873d77a2471e9b7-2026-08-06-17-1786039044467109009.jsonl: TASK_LIFECYCLE_EVENT must have at least one state transition"
time="2026-08-06T18:07:28Z" level=error msg="Failed to store events for file session_2026-08-06_10-56-08_444353_1/dec95c65bc663100ce18f14251f9ac8d65f501a20873d77a2471e9b7/job_events/03000000/dec95c65bc663100ce18f14251f9ac8d65f501a20873d77a2471e9b7-2026-08-06-17-1786039044467109009.jsonl: TASK_LIFECYCLE_EVENT must have at least one state transition"
time="2026-08-06T18:07:28Z" level=error msg="Failed to store events for file session_2026-08-06_10-56-08_444353_1/dec95c65bc663100ce18f14251f9ac8d65f501a20873d77a2471e9b7/job_events/03000000/dec95c65bc663100ce18f14251f9ac8d65f501a20873d77a2471e9b7-2026-08-06-17-1786039044467109009.jsonl: TASK_LIFECYCLE_EVENT must have at least one state transition"
time="2026-08-06T18:07:29Z" level=error msg="Failed to store events for file session_2026-08-06_10-56-08_444353_1/dec95c65bc663100ce18f14251f9ac8d65f501a20873d77a2471e9b7/job_events/03000000/dec95c65bc663100ce18f14251f9ac8d65f501a20873d77a2471e9b7-2026-08-06-17-1786039044467109009.jsonl: TASK_LIFECYCLE_EVENT must have at least one state transition"
time="2026-08-06T18:07:29Z" level=error msg="Failed to store events for file session_2026-08-06_10-56-08_444353_1/dec95c65bc663100ce18f14251f9ac8d65f501a20873d77a2471e9b7/job_events/03000000/dec95c65bc663100ce18f14251f9ac8d65f501a20873d77a2471e9b7-2026-08-06-17-1786039044467109009.jsonl: TASK_LIFECYCLE_EVENT must have at least one state transition"
time="2026-08-06T18:07:30Z" level=error msg="Failed to store events for file session_2026-08-06_10-56-08_444353_1/dec95c65bc663100ce18f14251f9ac8d65f501a20873d77a2471e9b7/job_events/03000000/dec95c65bc663100ce18f14251f9ac8d65f501a20873d77a2471e9b7-2026-08-06-17-1786039044467109009.jsonl: TASK_LIFECYCLE_EVENT must have at least one state transition"
time="2026-08-06T18:07:30Z" level=error msg="Failed to store events for file session_2026-08-06_10-56-08_444353_1/dec95c65bc663100ce18f14251f9ac8d65f501a20873d77a2471e9b7/job_events/03000000/dec95c65bc663100ce18f14251f9ac8d65f501a20873d77a2471e9b7-2026-08-06-17-1786039044467109009.jsonl: TASK_LIFECYCLE_EVENT must have at least one state transition"
time="2026-08-06T18:07:30Z" level=error msg="Failed to store events for file session_2026-08-06_10-56-08_444353_1/dec95c65bc663100ce18f14251f9ac8d65f501a20873d77a2471e9b7/job_events/03000000/dec95c65bc663100ce18f14251f9ac8d65f501a20873d77a2471e9b7-2026-08-06-17-1786039044467109009.jsonl: TASK_LIFECYCLE_EVENT must have at least one state transition"
time="2026-08-06T18:07:31Z" level=error msg="Failed to store events for file session_2026-08-06_10-56-08_444353_1/dec95c65bc663100ce18f14251f9ac8d65f501a20873d77a2471e9b7/job_events/03000000/dec95c65bc663100ce18f14251f9ac8d65f501a20873d77a2471e9b7-2026-08-06-17-1786039044467109009.jsonl: TASK_LIFECYCLE_EVENT must have at least one state transition"
time="2026-08-06T18:07:31Z" level=error msg="Failed to store events for file session_2026-08-06_10-56-08_444353_1/dec95c65bc663100ce18f14251f9ac8d65f501a20873d77a2471e9b7/job_events/03000000/dec95c65bc663100ce18f14251f9ac8d65f501a20873d77a2471e9b7-2026-08-06-17-1786039044467109009.jsonl: TASK_LIFECYCLE_EVENT must have at least one state transition"
time="2026-08-06T18:07:32Z" level=error msg="Failed to store events for file session_2026-08-06_10-56-08_444353_1/dec95c65bc663100ce18f14251f9ac8d65f501a20873d77a2471e9b7/job_events/03000000/dec95c65bc663100ce18f14251f9ac8d65f501a20873d77a2471e9b7-2026-08-06-17-1786039044467109009.jsonl: TASK_LIFECYCLE_EVENT must have at least one state transition"
time="2026-08-06T18:07:32Z" level=error msg="Failed to store events for file session_2026-08-06_10-56-08_444353_1/dec95c65bc663100ce18f14251f9ac8d65f501a20873d77a2471e9b7/job_events/03000000/dec95c65bc663100ce18f14251f9ac8d65f501a20873d77a2471e9b7-2026-08-06-17-1786039044467109009.jsonl: TASK_LIFECYCLE_EVENT must have at least one state transition"
time="2026-08-06T18:07:32Z" level=error msg="Failed to store events for file session_2026-08-06_10-56-08_444353_1/dec95c65bc663100ce18f14251f9ac8d65f501a20873d77a2471e9b7/job_events/03000000/dec95c65bc663100ce18f14251f9ac8d65f501a20873d77a2471e9b7-2026-08-06-17-1786039044467109009.jsonl: TASK_LIFECYCLE_EVENT must have at least one state transition"
time="2026-08-06T18:07:32Z" level=error msg="Failed to store events for file session_2026-08-06_10-56-08_444353_1/dec95c65bc663100ce18f14251f9ac8d65f501a20873d77a2471e9b7/job_events/03000000/dec95c65bc663100ce18f14251f9ac8d65f501a20873d77a2471e9b7-2026-08-06-17-1786039044467109009.jsonl: TASK_LIFECYCLE_EVENT must have at least one state transition"
time="2026-08-06T18:07:32Z" level=error msg="Failed to store events for file session_2026-08-06_10-56-08_444353_1/dec95c65bc663100ce18f14251f9ac8d65f501a20873d77a2471e9b7/job_events/03000000/dec95c65bc663100ce18f14251f9ac8d65f501a20873d77a2471e9b7-2026-08-06-17-1786039044467109009.jsonl: TASK_LIFECYCLE_EVENT must have at least one state transition"
time="2026-08-06T18:07:32Z" level=error msg="Failed to store events for file session_2026-08-06_10-56-08_444353_1/dec95c65bc663100ce18f14251f9ac8d65f501a20873d77a2471e9b7/job_events/03000000/dec95c65bc663100ce18f14251f9ac8d65f501a20873d77a2471e9b7-2026-08-06-17-1786039044467109009.jsonl: TASK_LIFECYCLE_EVENT must have at least one state transition"
time="2026-08-06T18:07:32Z" level=error msg="Failed to store events for file session_2026-08-06_10-56-08_444353_1/dec95c65bc663100ce18f14251f9ac8d65f501a20873d77a2471e9b7/job_events/03000000/dec95c65bc663100ce18f14251f9ac8d65f501a20873d77a2471e9b7-2026-08-06-17-1786039044467109009.jsonl: TASK_LIFECYCLE_EVENT must have at least one state transition"
time="2026-08-06T18:07:32Z" level=error msg="Failed to store events for file session_2026-08-06_10-56-08_444353_1/dec95c65bc663100ce18f14251f9ac8d65f501a20873d77a2471e9b7/job_events/03000000/dec95c65bc663100ce18f14251f9ac8d65f501a20873d77a2471e9b7-2026-08-06-17-1786039044467109009.jsonl: TASK_LIFECYCLE_EVENT must have at least one state transition"
time="2026-08-06T18:07:33Z" level=error msg="Failed to store events for file session_2026-08-06_10-56-08_444353_1/dec95c65bc663100ce18f14251f9ac8d65f501a20873d77a2471e9b7/job_events/03000000/dec95c65bc663100ce18f14251f9ac8d65f501a20873d77a2471e9b7-2026-08-06-17-1786039044467109009.jsonl: TASK_LIFECYCLE_EVENT must have at least one state transition"
time="2026-08-06T18:07:33Z" level=error msg="Failed to store events for file session_2026-08-06_10-56-08_444353_1/dec95c65bc663100ce18f14251f9ac8d65f501a20873d77a2471e9b7/job_events/03000000/dec95c65bc663100ce18f14251f9ac8d65f501a20873d77a2471e9b7-2026-08-06-17-1786039044467109009.jsonl: TASK_LIFECYCLE_EVENT must have at least one state transition"
time="2026-08-06T18:07:33Z" level=error msg="Failed to store events for file session_2026-08-06_10-56-08_444353_1/dec95c65bc663100ce18f14251f9ac8d65f501a20873d77a2471e9b7/job_events/03000000/dec95c65bc663100ce18f14251f9ac8d65f501a20873d77a2471e9b7-2026-08-06-17-1786039044467109009.jsonl: TASK_LIFECYCLE_EVENT must have at least one state transition"
time="2026-08-06T18:07:33Z" level=error msg="Failed to load session test-ns-hnk4h/raycluster-historyserver/session_2026-08-06_10-56-08_444353_1: context deadline exceeded"
time="2026-08-06T18:07:44Z" level=info msg="Received request: GET /enter_cluster/test-ns-hnk4h/raycluster/raycluster-historyserver/session_2026-08-06_10-56-08_444353_1"
time="2026-08-06T18:07:44Z" level=info msg="[List]Returned objects in log/cluster-metadata/. length of page.Contents: 2, length of page.CommonPrefixes: 0"
time="2026-08-06T18:07:44Z" level=error msg="Failed to parse meta file path: log/cluster-metadata/raycluster/test-ns-hnk4h_raycluster-historyserver/, error: invalid path segment count for cluster metadata structure: log/cluster-metadata/raycluster/test-ns-hnk4h_raycluster-historyserver/"
time="2026-08-06T18:07:44Z" level=info msg="Parsed cluster raycluster-historyserver for session session_2026-08-06_10-56-08_444353_1 to list"
time="2026-08-06T18:07:44Z" level=info msg="[ListFiles]Returned objects in log/cluster-history/raycluster/test-ns-hnk4h/raycluster-historyserver/session_2026-08-06_10-56-08_444353_1/. length of page.Contents: 0, length of page.CommonPrefixes: 3"
time="2026-08-06T18:07:44Z" level=info msg="[ListFiles]Returned objects in log/cluster-history/raycluster/test-ns-hnk4h/raycluster-historyserver/session_2026-08-06_10-56-08_444353_1/2be41aea8b4f1ff29e7c0f1be8edbe79d4e840a366ce7321a75ab52e/logs/events/. length of page.Contents: 11, length of page.CommonPrefixes: 0"
time="2026-08-06T18:07:44Z" level=info msg="Prepare to get object log/cluster-history/raycluster/test-ns-hnk4h/raycluster-historyserver/session_2026-08-06_10-56-08_444353_1/2be41aea8b4f1ff29e7c0f1be8edbe79d4e840a366ce7321a75ab52e/logs/events/event_AUTOSCALER.log info ..."
time="2026-08-06T18:07:44Z" level=info msg="Prepare to get object log/cluster-history/raycluster/test-ns-hnk4h/raycluster-historyserver/session_2026-08-06_10-56-08_444353_1/2be41aea8b4f1ff29e7c0f1be8edbe79d4e840a366ce7321a75ab52e/logs/events/event_CORE_WORKER_1019.log info ..."
time="2026-08-06T18:07:44Z" level=info msg="Prepare to get object log/cluster-history/raycluster/test-ns-hnk4h/raycluster-historyserver/session_2026-08-06_10-56-08_444353_1/2be41aea8b4f1ff29e7c0f1be8edbe79d4e840a366ce7321a75ab52e/logs/events/event_CORE_WORKER_1163.log info ..."
time="2026-08-06T18:07:44Z" level=info msg="Prepare to get object log/cluster-history/raycluster/test-ns-hnk4h/raycluster-historyserver/session_2026-08-06_10-56-08_444353_1/2be41aea8b4f1ff29e7c0f1be8edbe79d4e840a366ce7321a75ab52e/logs/events/event_CORE_WORKER_200.log info ..."
time="2026-08-06T18:07:44Z" level=info msg="Prepare to get object log/cluster-history/raycluster/test-ns-hnk4h/raycluster-historyserver/session_2026-08-06_10-56-08_444353_1/2be41aea8b4f1ff29e7c0f1be8edbe79d4e840a366ce7321a75ab52e/logs/events/event_CORE_WORKER_205.log info ..."
time="2026-08-06T18:07:44Z" level=info msg="Prepare to get object log/cluster-history/raycluster/test-ns-hnk4h/raycluster-historyserver/session_2026-08-06_10-56-08_444353_1/2be41aea8b4f1ff29e7c0f1be8edbe79d4e840a366ce7321a75ab52e/logs/events/event_CORE_WORKER_677.log info ..."
time="2026-08-06T18:07:44Z" level=info msg="Prepare to get object log/cluster-history/raycluster/test-ns-hnk4h/raycluster-historyserver/session_2026-08-06_10-56-08_444353_1/2be41aea8b4f1ff29e7c0f1be8edbe79d4e840a366ce7321a75ab52e/logs/events/event_CORE_WORKER_963.log info ..."
time="2026-08-06T18:07:44Z" level=info msg="Prepare to get object log/cluster-history/raycluster/test-ns-hnk4h/raycluster-historyserver/session_2026-08-06_10-56-08_444353_1/2be41aea8b4f1ff29e7c0f1be8edbe79d4e840a366ce7321a75ab52e/logs/events/event_GCS.log info ..."
time="2026-08-06T18:07:44Z" level=info msg="Prepare to get object log/cluster-history/raycluster/test-ns-hnk4h/raycluster-historyserver/session_2026-08-06_10-56-08_444353_1/2be41aea8b4f1ff29e7c0f1be8edbe79d4e840a366ce7321a75ab52e/logs/events/event_JOBS.log info ..."
time="2026-08-06T18:07:44Z" level=info msg="Prepare to get object log/cluster-history/raycluster/test-ns-hnk4h/raycluster-historyserver/session_2026-08-06_10-56-08_444353_1/2be41aea8b4f1ff29e7c0f1be8edbe79d4e840a366ce7321a75ab52e/logs/events/event_RAYLET.log info ..."
time="2026-08-06T18:07:44Z" level=info msg="[ListFiles]Returned objects in log/cluster-history/raycluster/test-ns-hnk4h/raycluster-historyserver/session_2026-08-06_10-56-08_444353_1/dec95c65bc663100ce18f14251f9ac8d65f501a20873d77a2471e9b7/logs/events/. length of page.Contents: 13, length of page.CommonPrefixes: 0"
time="2026-08-06T18:07:44Z" level=info msg="Prepare to get object log/cluster-history/raycluster/test-ns-hnk4h/raycluster-historyserver/session_2026-08-06_10-56-08_444353_1/dec95c65bc663100ce18f14251f9ac8d65f501a20873d77a2471e9b7/logs/events/event_CORE_WORKER_227.log info ..."
time="2026-08-06T18:07:44Z" level=info msg="Prepare to get object log/cluster-history/raycluster/test-ns-hnk4h/raycluster-historyserver/session_2026-08-06_10-56-08_444353_1/dec95c65bc663100ce18f14251f9ac8d65f501a20873d77a2471e9b7/logs/events/event_CORE_WORKER_228.log info ..."
time="2026-08-06T18:07:44Z" level=info msg="Prepare to get object log/cluster-history/raycluster/test-ns-hnk4h/raycluster-historyserver/session_2026-08-06_10-56-08_444353_1/dec95c65bc663100ce18f14251f9ac8d65f501a20873d77a2471e9b7/logs/events/event_CORE_WORKER_312.log info ..."
time="2026-08-06T18:07:44Z" level=info msg="Prepare to get object log/cluster-history/raycluster/test-ns-hnk4h/raycluster-historyserver/session_2026-08-06_10-56-08_444353_1/dec95c65bc663100ce18f14251f9ac8d65f501a20873d77a2471e9b7/logs/events/event_CORE_WORKER_318.log info ..."
time="2026-08-06T18:07:44Z" level=info msg="Prepare to get object log/cluster-history/raycluster/test-ns-hnk4h/raycluster-historyserver/session_2026-08-06_10-56-08_444353_1/dec95c65bc663100ce18f14251f9ac8d65f501a20873d77a2471e9b7/logs/events/event_CORE_WORKER_410.log info ..."
time="2026-08-06T18:07:44Z" level=info msg="Prepare to get object log/cluster-history/raycluster/test-ns-hnk4h/raycluster-historyserver/session_2026-08-06_10-56-08_444353_1/dec95c65bc663100ce18f14251f9ac8d65f501a20873d77a2471e9b7/logs/events/event_CORE_WORKER_418.log info ..."
time="2026-08-06T18:07:44Z" level=info msg="Prepare to get object log/cluster-history/raycluster/test-ns-hnk4h/raycluster-historyserver/session_2026-08-06_10-56-08_444353_1/dec95c65bc663100ce18f14251f9ac8d65f501a20873d77a2471e9b7/logs/events/event_CORE_WORKER_509.log info ..."
time="2026-08-06T18:07:44Z" level=info msg="Prepare to get object log/cluster-history/raycluster/test-ns-hnk4h/raycluster-historyserver/session_2026-08-06_10-56-08_444353_1/dec95c65bc663100ce18f14251f9ac8d65f501a20873d77a2471e9b7/logs/events/event_CORE_WORKER_511.log info ..."
time="2026-08-06T18:07:44Z" level=info msg="Prepare to get object log/cluster-history/raycluster/test-ns-hnk4h/raycluster-historyserver/session_2026-08-06_10-56-08_444353_1/dec95c65bc663100ce18f14251f9ac8d65f501a20873d77a2471e9b7/logs/events/event_CORE_WORKER_605.log info ..."
time="2026-08-06T18:07:44Z" level=info msg="Prepare to get object log/cluster-history/raycluster/test-ns-hnk4h/raycluster-historyserver/session_2026-08-06_10-56-08_444353_1/dec95c65bc663100ce18f14251f9ac8d65f501a20873d77a2471e9b7/logs/events/event_CORE_WORKER_608.log info ..."
time="2026-08-06T18:07:44Z" level=info msg="Prepare to get object log/cluster-history/raycluster/test-ns-hnk4h/raycluster-historyserver/session_2026-08-06_10-56-08_444353_1/dec95c65bc663100ce18f14251f9ac8d65f501a20873d77a2471e9b7/logs/events/event_CORE_WORKER_695.log info ..."
time="2026-08-06T18:07:44Z" level=info msg="Prepare to get object log/cluster-history/raycluster/test-ns-hnk4h/raycluster-historyserver/session_2026-08-06_10-56-08_444353_1/dec95c65bc663100ce18f14251f9ac8d65f501a20873d77a2471e9b7/logs/events/event_RAYLET.log info ..."
time="2026-08-06T18:07:44Z" level=info msg="[ListFiles]Returned objects in log/cluster-history/raycluster/test-ns-hnk4h/raycluster-historyserver/session_2026-08-06_10-56-08_444353_1/fetched_endpoints/logs/events/. length of page.Contents: 0, length of page.CommonPrefixes: 0"
time="2026-08-06T18:07:44Z" level=info msg="[ListFiles]Returned objects in log/cluster-history/raycluster/test-ns-hnk4h/raycluster-historyserver/session_2026-08-06_10-56-08_444353_1/. length of page.Contents: 0, length of page.CommonPrefixes: 3"
time="2026-08-06T18:07:44Z" level=info msg="[ListFiles]Returned objects in log/cluster-history/raycluster/test-ns-hnk4h/raycluster-historyserver/session_2026-08-06_10-56-08_444353_1/2be41aea8b4f1ff29e7c0f1be8edbe79d4e840a366ce7321a75ab52e/job_events/. length of page.Contents: 0, length of page.CommonPrefixes: 4"
time="2026-08-06T18:07:44Z" level=info msg="[ListFiles]Returned objects in log/cluster-history/raycluster/test-ns-hnk4h/raycluster-historyserver/session_2026-08-06_10-56-08_444353_1/2be41aea8b4f1ff29e7c0f1be8edbe79d4e840a366ce7321a75ab52e/job_events/01000000/. length of page.Contents: 2, length of page.CommonPrefixes: 0"
time="2026-08-06T18:07:44Z" level=info msg="[ListFiles]Returned objects in log/cluster-history/raycluster/test-ns-hnk4h/raycluster-historyserver/session_2026-08-06_10-56-08_444353_1/2be41aea8b4f1ff29e7c0f1be8edbe79d4e840a366ce7321a75ab52e/job_events/02000000/. length of page.Contents: 2, length of page.CommonPrefixes: 0"
time="2026-08-06T18:07:44Z" level=info msg="[ListFiles]Returned objects in log/cluster-history/raycluster/test-ns-hnk4h/raycluster-historyserver/session_2026-08-06_10-56-08_444353_1/2be41aea8b4f1ff29e7c0f1be8edbe79d4e840a366ce7321a75ab52e/job_events/03000000/. length of page.Contents: 4, length of page.CommonPrefixes: 0"
time="2026-08-06T18:07:44Z" level=info msg="[ListFiles]Returned objects in log/cluster-history/raycluster/test-ns-hnk4h/raycluster-historyserver/session_2026-08-06_10-56-08_444353_1/2be41aea8b4f1ff29e7c0f1be8edbe79d4e840a366ce7321a75ab52e/job_events/04000000/. length of page.Contents: 2, length of page.CommonPrefixes: 0"
time="2026-08-06T18:07:44Z" level=info msg="[ListFiles]Returned objects in log/cluster-history/raycluster/test-ns-hnk4h/raycluster-historyserver/session_2026-08-06_10-56-08_444353_1/dec95c65bc663100ce18f14251f9ac8d65f501a20873d77a2471e9b7/job_events/. length of page.Contents: 0, length of page.CommonPrefixes: 1"
time="2026-08-06T18:07:44Z" level=info msg="[ListFiles]Returned objects in log/cluster-history/raycluster/test-ns-hnk4h/raycluster-historyserver/session_2026-08-06_10-56-08_444353_1/dec95c65bc663100ce18f14251f9ac8d65f501a20873d77a2471e9b7/job_events/03000000/. length of page.Contents: 3, length of page.CommonPrefixes: 0"
time="2026-08-06T18:07:44Z" level=info msg="[ListFiles]Returned objects in log/cluster-history/raycluster/test-ns-hnk4h/raycluster-historyserver/session_2026-08-06_10-56-08_444353_1/fetched_endpoints/job_events/. length of page.Contents: 0, length of page.CommonPrefixes: 0"
time="2026-08-06T18:07:44Z" level=info msg="[ListFiles]Returned objects in log/cluster-history/raycluster/test-ns-hnk4h/raycluster-historyserver/session_2026-08-06_10-56-08_444353_1/. length of page.Contents: 0, length of page.CommonPrefixes: 3"
time="2026-08-06T18:07:44Z" level=info msg="[ListFiles]Returned objects in log/cluster-history/raycluster/test-ns-hnk4h/raycluster-historyserver/session_2026-08-06_10-56-08_444353_1/2be41aea8b4f1ff29e7c0f1be8edbe79d4e840a366ce7321a75ab52e/node_events/. length of page.Contents: 2, length of page.CommonPrefixes: 0"
time="2026-08-06T18:07:44Z" level=info msg="[ListFiles]Returned objects in log/cluster-history/raycluster/test-ns-hnk4h/raycluster-historyserver/session_2026-08-06_10-56-08_444353_1/dec95c65bc663100ce18f14251f9ac8d65f501a20873d77a2471e9b7/node_events/. length of page.Contents: 0, length of page.CommonPrefixes: 0"
time="2026-08-06T18:07:44Z" level=info msg="[ListFiles]Returned objects in log/cluster-history/raycluster/test-ns-hnk4h/raycluster-historyserver/session_2026-08-06_10-56-08_444353_1/fetched_endpoints/node_events/. length of page.Contents: 0, length of page.CommonPrefixes: 0"
time="2026-08-06T18:07:44Z" level=info msg="Prepare to get object log/cluster-history/raycluster/test-ns-hnk4h/raycluster-historyserver/session_2026-08-06_10-56-08_444353_1/2be41aea8b4f1ff29e7c0f1be8edbe79d4e840a366ce7321a75ab52e/job_events/01000000/2be41aea8b4f1ff29e7c0f1be8edbe79d4e840a366ce7321a75ab52e-2026-08-06-17-1786038973787948337.jsonl info ..."
time="2026-08-06T18:07:44Z" level=info msg="Prepare to get object log/cluster-history/raycluster/test-ns-hnk4h/raycluster-historyserver/session_2026-08-06_10-56-08_444353_1/2be41aea8b4f1ff29e7c0f1be8edbe79d4e840a366ce7321a75ab52e/job_events/02000000/2be41aea8b4f1ff29e7c0f1be8edbe79d4e840a366ce7321a75ab52e-2026-08-06-17-1786038992917769597.jsonl info ..."
time="2026-08-06T18:07:44Z" level=info msg="Prepare to get object log/cluster-history/raycluster/test-ns-hnk4h/raycluster-historyserver/session_2026-08-06_10-56-08_444353_1/2be41aea8b4f1ff29e7c0f1be8edbe79d4e840a366ce7321a75ab52e/job_events/03000000/2be41aea8b4f1ff29e7c0f1be8edbe79d4e840a366ce7321a75ab52e-2026-08-06-17-1786038992918411180.jsonl info ..."
time="2026-08-06T18:08:14Z" level=info msg="Prepare to get object log/cluster-history/raycluster/test-ns-hnk4h/raycluster-historyserver/session_2026-08-06_10-56-08_444353_1/2be41aea8b4f1ff29e7c0f1be8edbe79d4e840a366ce7321a75ab52e/job_events/03000000/2be41aea8b4f1ff29e7c0f1be8edbe79d4e840a366ce7321a75ab52e-2026-08-06-17-1786039033337399379.jsonl info ..."
time="2026-08-06T18:08:39Z" level=info msg="Prepare to get object log/cluster-history/raycluster/test-ns-hnk4h/raycluster-historyserver/session_2026-08-06_10-56-08_444353_1/2be41aea8b4f1ff29e7c0f1be8edbe79d4e840a366ce7321a75ab52e/job_events/03000000/2be41aea8b4f1ff29e7c0f1be8edbe79d4e840a366ce7321a75ab52e-2026-08-06-17-1786039062940171295.jsonl info ..."
time="2026-08-06T18:08:45Z" level=error msg="Failed to load session test-ns-hnk4h/raycluster-historyserver/session_2026-08-06_10-56-08_444353_1: context canceled"
time="2026-08-06T18:08:54Z" level=info msg="Received request: GET /enter_cluster/test-ns-hnk4h/raycluster/raycluster-historyserver/session_2026-08-06_10-56-08_444353_1"
time="2026-08-06T18:08:54Z" level=info msg="[List]Returned objects in log/cluster-metadata/. length of page.Contents: 2, length of page.CommonPrefixes: 0"
time="2026-08-06T18:08:54Z" level=error msg="Failed to parse meta file path: log/cluster-metadata/raycluster/test-ns-hnk4h_raycluster-historyserver/, error: invalid path segment count for cluster metadata structure: log/cluster-metadata/raycluster/test-ns-hnk4h_raycluster-historyserver/"
time="2026-08-06T18:08:54Z" level=info msg="Parsed cluster raycluster-historyserver for session session_2026-08-06_10-56-08_444353_1 to list"
time="2026-08-06T18:08:57Z" level=info msg="Prepare to get object log/cluster-history/raycluster/test-ns-hnk4h/raycluster-historyserver/session_2026-08-06_10-56-08_444353_1/2be41aea8b4f1ff29e7c0f1be8edbe79d4e840a366ce7321a75ab52e/job_events/04000000/2be41aea8b4f1ff29e7c0f1be8edbe79d4e840a366ce7321a75ab52e-2026-08-06-17-1786039006301056797.jsonl info ..."
time="2026-08-06T18:08:57Z" level=info msg="Prepare to get object log/cluster-history/raycluster/test-ns-hnk4h/raycluster-historyserver/session_2026-08-06_10-56-08_444353_1/dec95c65bc663100ce18f14251f9ac8d65f501a20873d77a2471e9b7/job_events/03000000/dec95c65bc663100ce18f14251f9ac8d65f501a20873d77a2471e9b7-2026-08-06-17-1786038994971628750.jsonl info ..."
time="2026-08-06T18:09:10Z" level=error msg="Failed to store events for file session_2026-08-06_10-56-08_444353_1/dec95c65bc663100ce18f14251f9ac8d65f501a20873d77a2471e9b7/job_events/03000000/dec95c65bc663100ce18f14251f9ac8d65f501a20873d77a2471e9b7-2026-08-06-17-1786038994971628750.jsonl: TASK_LIFECYCLE_EVENT must have at least one state transition"
time="2026-08-06T18:09:10Z" level=error msg="Failed to store events for file session_2026-08-06_10-56-08_444353_1/dec95c65bc663100ce18f14251f9ac8d65f501a20873d77a2471e9b7/job_events/03000000/dec95c65bc663100ce18f14251f9ac8d65f501a20873d77a2471e9b7-2026-08-06-17-1786038994971628750.jsonl: TASK_LIFECYCLE_EVENT must have at least one state transition"
time="2026-08-06T18:09:10Z" level=error msg="Failed to store events for file session_2026-08-06_10-56-08_444353_1/dec95c65bc663100ce18f14251f9ac8d65f501a20873d77a2471e9b7/job_events/03000000/dec95c65bc663100ce18f14251f9ac8d65f501a20873d77a2471e9b7-2026-08-06-17-1786038994971628750.jsonl: TASK_LIFECYCLE_EVENT must have at least one state transition"
time="2026-08-06T18:09:11Z" level=error msg="Failed to store events for file session_2026-08-06_10-56-08_444353_1/dec95c65bc663100ce18f14251f9ac8d65f501a20873d77a2471e9b7/job_events/03000000/dec95c65bc663100ce18f14251f9ac8d65f501a20873d77a2471e9b7-2026-08-06-17-1786038994971628750.jsonl: TASK_LIFECYCLE_EVENT must have at least one state transition"
time="2026-08-06T18:09:11Z" level=error msg="Failed to store events for file session_2026-08-06_10-56-08_444353_1/dec95c65bc663100ce18f14251f9ac8d65f501a20873d77a2471e9b7/job_events/03000000/dec95c65bc663100ce18f14251f9ac8d65f501a20873d77a2471e9b7-2026-08-06-17-1786038994971628750.jsonl: TASK_LIFECYCLE_EVENT must have at least one state transition"
time="2026-08-06T18:09:11Z" level=error msg="Failed to store events for file session_2026-08-06_10-56-08_444353_1/dec95c65bc663100ce18f14251f9ac8d65f501a20873d77a2471e9b7/job_events/03000000/dec95c65bc663100ce18f14251f9ac8d65f501a20873d77a2471e9b7-2026-08-06-17-1786038994971628750.jsonl: TASK_LIFECYCLE_EVENT must have at least one state transition"
time="2026-08-06T18:09:12Z" level=error msg="Failed to store events for file session_2026-08-06_10-56-08_444353_1/dec95c65bc663100ce18f14251f9ac8d65f501a20873d77a2471e9b7/job_events/03000000/dec95c65bc663100ce18f14251f9ac8d65f501a20873d77a2471e9b7-2026-08-06-17-1786038994971628750.jsonl: TASK_LIFECYCLE_EVENT must have at least one state transition"
time="2026-08-06T18:09:12Z" level=error msg="Failed to store events for file session_2026-08-06_10-56-08_444353_1/dec95c65bc663100ce18f14251f9ac8d65f501a20873d77a2471e9b7/job_events/03000000/dec95c65bc663100ce18f14251f9ac8d65f501a20873d77a2471e9b7-2026-08-06-17-1786038994971628750.jsonl: TASK_LIFECYCLE_EVENT must have at least one state transition"
time="2026-08-06T18:09:13Z" level=error msg="Failed to store events for file session_2026-08-06_10-56-08_444353_1/dec95c65bc663100ce18f14251f9ac8d65f501a20873d77a2471e9b7/job_events/03000000/dec95c65bc663100ce18f14251f9ac8d65f501a20873d77a2471e9b7-2026-08-06-17-1786038994971628750.jsonl: TASK_LIFECYCLE_EVENT must have at least one state transition"
time="2026-08-06T18:09:13Z" level=error msg="Failed to store events for file session_2026-08-06_10-56-08_444353_1/dec95c65bc663100ce18f14251f9ac8d65f501a20873d77a2471e9b7/job_events/03000000/dec95c65bc663100ce18f14251f9ac8d65f501a20873d77a2471e9b7-2026-08-06-17-1786038994971628750.jsonl: TASK_LIFECYCLE_EVENT must have at least one state transition"
time="2026-08-06T18:09:14Z" level=error msg="Failed to store events for file session_2026-08-06_10-56-08_444353_1/dec95c65bc663100ce18f14251f9ac8d65f501a20873d77a2471e9b7/job_events/03000000/dec95c65bc663100ce18f14251f9ac8d65f501a20873d77a2471e9b7-2026-08-06-17-1786038994971628750.jsonl: TASK_LIFECYCLE_EVENT must have at least one state transition"
time="2026-08-06T18:09:14Z" level=error msg="Failed to store events for file session_2026-08-06_10-56-08_444353_1/dec95c65bc663100ce18f14251f9ac8d65f501a20873d77a2471e9b7/job_events/03000000/dec95c65bc663100ce18f14251f9ac8d65f501a20873d77a2471e9b7-2026-08-06-17-1786038994971628750.jsonl: TASK_LIFECYCLE_EVENT must have at least one state transition"
time="2026-08-06T18:09:14Z" level=error msg="Failed to store events for file session_2026-08-06_10-56-08_444353_1/dec95c65bc663100ce18f14251f9ac8d65f501a20873d77a2471e9b7/job_events/03000000/dec95c65bc663100ce18f14251f9ac8d65f501a20873d77a2471e9b7-2026-08-06-17-1786038994971628750.jsonl: TASK_LIFECYCLE_EVENT must have at least one state transition"
time="2026-08-06T18:09:14Z" level=error msg="Failed to store events for file session_2026-08-06_10-56-08_444353_1/dec95c65bc663100ce18f14251f9ac8d65f501a20873d77a2471e9b7/job_events/03000000/dec95c65bc663100ce18f14251f9ac8d65f501a20873d77a2471e9b7-2026-08-06-17-1786038994971628750.jsonl: TASK_LIFECYCLE_EVENT must have at least one state transition"
time="2026-08-06T18:09:14Z" level=error msg="Failed to store events for file session_2026-08-06_10-56-08_444353_1/dec95c65bc663100ce18f14251f9ac8d65f501a20873d77a2471e9b7/job_events/03000000/dec95c65bc663100ce18f14251f9ac8d65f501a20873d77a2471e9b7-2026-08-06-17-1786038994971628750.jsonl: TASK_LIFECYCLE_EVENT must have at least one state transition"
time="2026-08-06T18:09:15Z" level=error msg="Failed to store events for file session_2026-08-06_10-56-08_444353_1/dec95c65bc663100ce18f14251f9ac8d65f501a20873d77a2471e9b7/job_events/03000000/dec95c65bc663100ce18f14251f9ac8d65f501a20873d77a2471e9b7-2026-08-06-17-1786038994971628750.jsonl: TASK_LIFECYCLE_EVENT must have at least one state transition"
time="2026-08-06T18:09:15Z" level=error msg="Failed to store events for file session_2026-08-06_10-56-08_444353_1/dec95c65bc663100ce18f14251f9ac8d65f501a20873d77a2471e9b7/job_events/03000000/dec95c65bc663100ce18f14251f9ac8d65f501a20873d77a2471e9b7-2026-08-06-17-1786038994971628750.jsonl: TASK_LIFECYCLE_EVENT must have at least one state transition"
time="2026-08-06T18:09:15Z" level=error msg="Failed to store events for file session_2026-08-06_10-56-08_444353_1/dec95c65bc663100ce18f14251f9ac8d65f501a20873d77a2471e9b7/job_events/03000000/dec95c65bc663100ce18f14251f9ac8d65f501a20873d77a2471e9b7-2026-08-06-17-1786038994971628750.jsonl: TASK_LIFECYCLE_EVENT must have at least one state transition"
time="2026-08-06T18:09:15Z" level=error msg="Failed to store events for file session_2026-08-06_10-56-08_444353_1/dec95c65bc663100ce18f14251f9ac8d65f501a20873d77a2471e9b7/job_events/03000000/dec95c65bc663100ce18f14251f9ac8d65f501a20873d77a2471e9b7-2026-08-06-17-1786038994971628750.jsonl: TASK_LIFECYCLE_EVENT must have at least one state transition"
time="2026-08-06T18:09:15Z" level=error msg="Failed to store events for file session_2026-08-06_10-56-08_444353_1/dec95c65bc663100ce18f14251f9ac8d65f501a20873d77a2471e9b7/job_events/03000000/dec95c65bc663100ce18f14251f9ac8d65f501a20873d77a2471e9b7-2026-08-06-17-1786038994971628750.jsonl: TASK_LIFECYCLE_EVENT must have at least one state transition"
time="2026-08-06T18:09:16Z" level=error msg="Failed to store events for file session_2026-08-06_10-56-08_444353_1/dec95c65bc663100ce18f14251f9ac8d65f501a20873d77a2471e9b7/job_events/03000000/dec95c65bc663100ce18f14251f9ac8d65f501a20873d77a2471e9b7-2026-08-06-17-1786038994971628750.jsonl: TASK_LIFECYCLE_EVENT must have at least one state transition"
time="2026-08-06T18:09:16Z" level=error msg="Failed to store events for file session_2026-08-06_10-56-08_444353_1/dec95c65bc663100ce18f14251f9ac8d65f501a20873d77a2471e9b7/job_events/03000000/dec95c65bc663100ce18f14251f9ac8d65f501a20873d77a2471e9b7-2026-08-06-17-1786038994971628750.jsonl: TASK_LIFECYCLE_EVENT must have at least one state transition"
time="2026-08-06T18:09:16Z" level=error msg="Failed to store events for file session_2026-08-06_10-56-08_444353_1/dec95c65bc663100ce18f14251f9ac8d65f501a20873d77a2471e9b7/job_events/03000000/dec95c65bc663100ce18f14251f9ac8d65f501a20873d77a2471e9b7-2026-08-06-17-1786038994971628750.jsonl: TASK_LIFECYCLE_EVENT must have at least one state transition"
time="2026-08-06T18:09:16Z" level=error msg="Failed to store events for file session_2026-08-06_10-56-08_444353_1/dec95c65bc663100ce18f14251f9ac8d65f501a20873d77a2471e9b7/job_events/03000000/dec95c65bc663100ce18f14251f9ac8d65f501a20873d77a2471e9b7-2026-08-06-17-1786038994971628750.jsonl: TASK_LIFECYCLE_EVENT must have at least one state transition"
time="2026-08-06T18:09:16Z" level=error msg="Failed to store events for file session_2026-08-06_10-56-08_444353_1/dec95c65bc663100ce18f14251f9ac8d65f501a20873d77a2471e9b7/job_events/03000000/dec95c65bc663100ce18f14251f9ac8d65f501a20873d77a2471e9b7-2026-08-06-17-1786038994971628750.jsonl: TASK_LIFECYCLE_EVENT must have at least one state transition"
time="2026-08-06T18:09:17Z" level=error msg="Failed to store events for file session_2026-08-06_10-56-08_444353_1/dec95c65bc663100ce18f14251f9ac8d65f501a20873d77a2471e9b7/job_events/03000000/dec95c65bc663100ce18f14251f9ac8d65f501a20873d77a2471e9b7-2026-08-06-17-1786038994971628750.jsonl: TASK_LIFECYCLE_EVENT must have at least one state transition"
time="2026-08-06T18:09:17Z" level=error msg="Failed to store events for file session_2026-08-06_10-56-08_444353_1/dec95c65bc663100ce18f14251f9ac8d65f501a20873d77a2471e9b7/job_events/03000000/dec95c65bc663100ce18f14251f9ac8d65f501a20873d77a2471e9b7-2026-08-06-17-1786038994971628750.jsonl: TASK_LIFECYCLE_EVENT must have at least one state transition"
time="2026-08-06T18:09:17Z" level=error msg="Failed to store events for file session_2026-08-06_10-56-08_444353_1/dec95c65bc663100ce18f14251f9ac8d65f501a20873d77a2471e9b7/job_events/03000000/dec95c65bc663100ce18f14251f9ac8d65f501a20873d77a2471e9b7-2026-08-06-17-1786038994971628750.jsonl: TASK_LIFECYCLE_EVENT must have at least one state transition"
time="2026-08-06T18:09:18Z" level=error msg="Failed to store events for file session_2026-08-06_10-56-08_444353_1/dec95c65bc663100ce18f14251f9ac8d65f501a20873d77a2471e9b7/job_events/03000000/dec95c65bc663100ce18f14251f9ac8d65f501a20873d77a2471e9b7-2026-08-06-17-1786038994971628750.jsonl: TASK_LIFECYCLE_EVENT must have at least one state transition"
time="2026-08-06T18:09:18Z" level=error msg="Failed to store events for file session_2026-08-06_10-56-08_444353_1/dec95c65bc663100ce18f14251f9ac8d65f501a20873d77a2471e9b7/job_events/03000000/dec95c65bc663100ce18f14251f9ac8d65f501a20873d77a2471e9b7-2026-08-06-17-1786038994971628750.jsonl: TASK_LIFECYCLE_EVENT must have at least one state transition"
time="2026-08-06T18:09:18Z" level=error msg="Failed to store events for file session_2026-08-06_10-56-08_444353_1/dec95c65bc663100ce18f14251f9ac8d65f501a20873d77a2471e9b7/job_events/03000000/dec95c65bc663100ce18f14251f9ac8d65f501a20873d77a2471e9b7-2026-08-06-17-1786038994971628750.jsonl: TASK_LIFECYCLE_EVENT must have at least one state transition"
time="2026-08-06T18:09:19Z" level=error msg="Failed to store events for file session_2026-08-06_10-56-08_444353_1/dec95c65bc663100ce18f14251f9ac8d65f501a20873d77a2471e9b7/job_events/03000000/dec95c65bc663100ce18f14251f9ac8d65f501a20873d77a2471e9b7-2026-08-06-17-1786038994971628750.jsonl: TASK_LIFECYCLE_EVENT must have at least one state transition"
time="2026-08-06T18:09:19Z" level=error msg="Failed to store events for file session_2026-08-06_10-56-08_444353_1/dec95c65bc663100ce18f14251f9ac8d65f501a20873d77a2471e9b7/job_events/03000000/dec95c65bc663100ce18f14251f9ac8d65f501a20873d77a2471e9b7-2026-08-06-17-1786038994971628750.jsonl: TASK_LIFECYCLE_EVENT must have at least one state transition"
time="2026-08-06T18:09:19Z" level=error msg="Failed to store events for file session_2026-08-06_10-56-08_444353_1/dec95c65bc663100ce18f14251f9ac8d65f501a20873d77a2471e9b7/job_events/03000000/dec95c65bc663100ce18f14251f9ac8d65f501a20873d77a2471e9b7-2026-08-06-17-1786038994971628750.jsonl: TASK_LIFECYCLE_EVENT must have at least one state transition"
time="2026-08-06T18:09:19Z" level=error msg="Failed to store events for file session_2026-08-06_10-56-08_444353_1/dec95c65bc663100ce18f14251f9ac8d65f501a20873d77a2471e9b7/job_events/03000000/dec95c65bc663100ce18f14251f9ac8d65f501a20873d77a2471e9b7-2026-08-06-17-1786038994971628750.jsonl: TASK_LIFECYCLE_EVENT must have at least one state transition"
time="2026-08-06T18:09:20Z" level=error msg="Failed to store events for file session_2026-08-06_10-56-08_444353_1/dec95c65bc663100ce18f14251f9ac8d65f501a20873d77a2471e9b7/job_events/03000000/dec95c65bc663100ce18f14251f9ac8d65f501a20873d77a2471e9b7-2026-08-06-17-1786038994971628750.jsonl: TASK_LIFECYCLE_EVENT must have at least one state transition"
time="2026-08-06T18:09:20Z" level=error msg="Failed to store events for file session_2026-08-06_10-56-08_444353_1/dec95c65bc663100ce18f14251f9ac8d65f501a20873d77a2471e9b7/job_events/03000000/dec95c65bc663100ce18f14251f9ac8d65f501a20873d77a2471e9b7-2026-08-06-17-1786038994971628750.jsonl: TASK_LIFECYCLE_EVENT must have at least one state transition"
time="2026-08-06T18:09:20Z" level=error msg="Failed to store events for file session_2026-08-06_10-56-08_444353_1/dec95c65bc663100ce18f14251f9ac8d65f501a20873d77a2471e9b7/job_events/03000000/dec95c65bc663100ce18f14251f9ac8d65f501a20873d77a2471e9b7-2026-08-06-17-1786038994971628750.jsonl: TASK_LIFECYCLE_EVENT must have at least one state transition"
time="2026-08-06T18:09:21Z" level=error msg="Failed to store events for file session_2026-08-06_10-56-08_444353_1/dec95c65bc663100ce18f14251f9ac8d65f501a20873d77a2471e9b7/job_events/03000000/dec95c65bc663100ce18f14251f9ac8d65f501a20873d77a2471e9b7-2026-08-06-17-1786038994971628750.jsonl: TASK_LIFECYCLE_EVENT must have at least one state transition"
time="2026-08-06T18:09:21Z" level=error msg="Failed to store events for file session_2026-08-06_10-56-08_444353_1/dec95c65bc663100ce18f14251f9ac8d65f501a20873d77a2471e9b7/job_events/03000000/dec95c65bc663100ce18f14251f9ac8d65f501a20873d77a2471e9b7-2026-08-06-17-1786038994971628750.jsonl: TASK_LIFECYCLE_EVENT must have at least one state transition"
time="2026-08-06T18:09:22Z" level=error msg="Failed to store events for file session_2026-08-06_10-56-08_444353_1/dec95c65bc663100ce18f14251f9ac8d65f501a20873d77a2471e9b7/job_events/03000000/dec95c65bc663100ce18f14251f9ac8d65f501a20873d77a2471e9b7-2026-08-06-17-1786038994971628750.jsonl: TASK_LIFECYCLE_EVENT must have at least one state transition"
time="2026-08-06T18:09:22Z" level=error msg="Failed to store events for file session_2026-08-06_10-56-08_444353_1/dec95c65bc663100ce18f14251f9ac8d65f501a20873d77a2471e9b7/job_events/03000000/dec95c65bc663100ce18f14251f9ac8d65f501a20873d77a2471e9b7-2026-08-06-17-1786038994971628750.jsonl: TASK_LIFECYCLE_EVENT must have at least one state transition"
time="2026-08-06T18:09:22Z" level=error msg="Failed to store events for file session_2026-08-06_10-56-08_444353_1/dec95c65bc663100ce18f14251f9ac8d65f501a20873d77a2471e9b7/job_events/03000000/dec95c65bc663100ce18f14251f9ac8d65f501a20873d77a2471e9b7-2026-08-06-17-1786038994971628750.jsonl: TASK_LIFECYCLE_EVENT must have at least one state transition"
time="2026-08-06T18:09:22Z" level=error msg="Failed to store events for file session_2026-08-06_10-56-08_444353_1/dec95c65bc663100ce18f14251f9ac8d65f501a20873d77a2471e9b7/job_events/03000000/dec95c65bc663100ce18f14251f9ac8d65f501a20873d77a2471e9b7-2026-08-06-17-1786038994971628750.jsonl: TASK_LIFECYCLE_EVENT must have at least one state transition"
time="2026-08-06T18:09:22Z" level=error msg="Failed to store events for file session_2026-08-06_10-56-08_444353_1/dec95c65bc663100ce18f14251f9ac8d65f501a20873d77a2471e9b7/job_events/03000000/dec95c65bc663100ce18f14251f9ac8d65f501a20873d77a2471e9b7-2026-08-06-17-1786038994971628750.jsonl: TASK_LIFECYCLE_EVENT must have at least one state transition"
time="2026-08-06T18:09:23Z" level=info msg="Prepare to get object log/cluster-history/raycluster/test-ns-hnk4h/raycluster-historyserver/session_2026-08-06_10-56-08_444353_1/dec95c65bc663100ce18f14251f9ac8d65f501a20873d77a2471e9b7/job_events/03000000/dec95c65bc663100ce18f14251f9ac8d65f501a20873d77a2471e9b7-2026-08-06-17-1786039044467109009.jsonl info ..."
time="2026-08-06T18:09:39Z" level=error msg="Failed to store events for file session_2026-08-06_10-56-08_444353_1/dec95c65bc663100ce18f14251f9ac8d65f501a20873d77a2471e9b7/job_events/03000000/dec95c65bc663100ce18f14251f9ac8d65f501a20873d77a2471e9b7-2026-08-06-17-1786039044467109009.jsonl: TASK_LIFECYCLE_EVENT must have at least one state transition"
time="2026-08-06T18:09:39Z" level=error msg="Failed to store events for file session_2026-08-06_10-56-08_444353_1/dec95c65bc663100ce18f14251f9ac8d65f501a20873d77a2471e9b7/job_events/03000000/dec95c65bc663100ce18f14251f9ac8d65f501a20873d77a2471e9b7-2026-08-06-17-1786039044467109009.jsonl: TASK_LIFECYCLE_EVENT must have at least one state transition"
time="2026-08-06T18:09:40Z" level=error msg="Failed to store events for file session_2026-08-06_10-56-08_444353_1/dec95c65bc663100ce18f14251f9ac8d65f501a20873d77a2471e9b7/job_events/03000000/dec95c65bc663100ce18f14251f9ac8d65f501a20873d77a2471e9b7-2026-08-06-17-1786039044467109009.jsonl: TASK_LIFECYCLE_EVENT must have at least one state transition"
time="2026-08-06T18:09:40Z" level=error msg="Failed to store events for file session_2026-08-06_10-56-08_444353_1/dec95c65bc663100ce18f14251f9ac8d65f501a20873d77a2471e9b7/job_events/03000000/dec95c65bc663100ce18f14251f9ac8d65f501a20873d77a2471e9b7-2026-08-06-17-1786039044467109009.jsonl: TASK_LIFECYCLE_EVENT must have at least one state transition"
time="2026-08-06T18:09:40Z" level=error msg="Failed to store events for file session_2026-08-06_10-56-08_444353_1/dec95c65bc663100ce18f14251f9ac8d65f501a20873d77a2471e9b7/job_events/03000000/dec95c65bc663100ce18f14251f9ac8d65f501a20873d77a2471e9b7-2026-08-06-17-1786039044467109009.jsonl: TASK_LIFECYCLE_EVENT must have at least one state transition"
time="2026-08-06T18:09:41Z" level=error msg="Failed to store events for file session_2026-08-06_10-56-08_444353_1/dec95c65bc663100ce18f14251f9ac8d65f501a20873d77a2471e9b7/job_events/03000000/dec95c65bc663100ce18f14251f9ac8d65f501a20873d77a2471e9b7-2026-08-06-17-1786039044467109009.jsonl: TASK_LIFECYCLE_EVENT must have at least one state transition"
time="2026-08-06T18:09:41Z" level=error msg="Failed to store events for file session_2026-08-06_10-56-08_444353_1/dec95c65bc663100ce18f14251f9ac8d65f501a20873d77a2471e9b7/job_events/03000000/dec95c65bc663100ce18f14251f9ac8d65f501a20873d77a2471e9b7-2026-08-06-17-1786039044467109009.jsonl: TASK_LIFECYCLE_EVENT must have at least one state transition"
time="2026-08-06T18:09:41Z" level=error msg="Failed to store events for file session_2026-08-06_10-56-08_444353_1/dec95c65bc663100ce18f14251f9ac8d65f501a20873d77a2471e9b7/job_events/03000000/dec95c65bc663100ce18f14251f9ac8d65f501a20873d77a2471e9b7-2026-08-06-17-1786039044467109009.jsonl: TASK_LIFECYCLE_EVENT must have at least one state transition"
time="2026-08-06T18:09:42Z" level=error msg="Failed to store events for file session_2026-08-06_10-56-08_444353_1/dec95c65bc663100ce18f14251f9ac8d65f501a20873d77a2471e9b7/job_events/03000000/dec95c65bc663100ce18f14251f9ac8d65f501a20873d77a2471e9b7-2026-08-06-17-1786039044467109009.jsonl: TASK_LIFECYCLE_EVENT must have at least one state transition"
time="2026-08-06T18:09:42Z" level=error msg="Failed to store events for file session_2026-08-06_10-56-08_444353_1/dec95c65bc663100ce18f14251f9ac8d65f501a20873d77a2471e9b7/job_events/03000000/dec95c65bc663100ce18f14251f9ac8d65f501a20873d77a2471e9b7-2026-08-06-17-1786039044467109009.jsonl: TASK_LIFECYCLE_EVENT must have at least one state transition"
time="2026-08-06T18:09:42Z" level=error msg="Failed to store events for file session_2026-08-06_10-56-08_444353_1/dec95c65bc663100ce18f14251f9ac8d65f501a20873d77a2471e9b7/job_events/03000000/dec95c65bc663100ce18f14251f9ac8d65f501a20873d77a2471e9b7-2026-08-06-17-1786039044467109009.jsonl: TASK_LIFECYCLE_EVENT must have at least one state transition"
time="2026-08-06T18:09:43Z" level=error msg="Failed to store events for file session_2026-08-06_10-56-08_444353_1/dec95c65bc663100ce18f14251f9ac8d65f501a20873d77a2471e9b7/job_events/03000000/dec95c65bc663100ce18f14251f9ac8d65f501a20873d77a2471e9b7-2026-08-06-17-1786039044467109009.jsonl: TASK_LIFECYCLE_EVENT must have at least one state transition"
time="2026-08-06T18:09:43Z" level=error msg="Failed to store events for file session_2026-08-06_10-56-08_444353_1/dec95c65bc663100ce18f14251f9ac8d65f501a20873d77a2471e9b7/job_events/03000000/dec95c65bc663100ce18f14251f9ac8d65f501a20873d77a2471e9b7-2026-08-06-17-1786039044467109009.jsonl: TASK_LIFECYCLE_EVENT must have at least one state transition"
time="2026-08-06T18:09:43Z" level=error msg="Failed to store events for file session_2026-08-06_10-56-08_444353_1/dec95c65bc663100ce18f14251f9ac8d65f501a20873d77a2471e9b7/job_events/03000000/dec95c65bc663100ce18f14251f9ac8d65f501a20873d77a2471e9b7-2026-08-06-17-1786039044467109009.jsonl: TASK_LIFECYCLE_EVENT must have at least one state transition"
time="2026-08-06T18:09:44Z" level=error msg="Failed to store events for file session_2026-08-06_10-56-08_444353_1/dec95c65bc663100ce18f14251f9ac8d65f501a20873d77a2471e9b7/job_events/03000000/dec95c65bc663100ce18f14251f9ac8d65f501a20873d77a2471e9b7-2026-08-06-17-1786039044467109009.jsonl: TASK_LIFECYCLE_EVENT must have at least one state transition"
time="2026-08-06T18:09:45Z" level=error msg="Failed to store events for file session_2026-08-06_10-56-08_444353_1/dec95c65bc663100ce18f14251f9ac8d65f501a20873d77a2471e9b7/job_events/03000000/dec95c65bc663100ce18f14251f9ac8d65f501a20873d77a2471e9b7-2026-08-06-17-1786039044467109009.jsonl: TASK_LIFECYCLE_EVENT must have at least one state transition"
time="2026-08-06T18:09:45Z" level=error msg="Failed to store events for file session_2026-08-06_10-56-08_444353_1/dec95c65bc663100ce18f14251f9ac8d65f501a20873d77a2471e9b7/job_events/03000000/dec95c65bc663100ce18f14251f9ac8d65f501a20873d77a2471e9b7-2026-08-06-17-1786039044467109009.jsonl: TASK_LIFECYCLE_EVENT must have at least one state transition"
time="2026-08-06T18:09:45Z" level=error msg="Failed to store events for file session_2026-08-06_10-56-08_444353_1/dec95c65bc663100ce18f14251f9ac8d65f501a20873d77a2471e9b7/job_events/03000000/dec95c65bc663100ce18f14251f9ac8d65f501a20873d77a2471e9b7-2026-08-06-17-1786039044467109009.jsonl: TASK_LIFECYCLE_EVENT must have at least one state transition"
time="2026-08-06T18:09:45Z" level=error msg="Failed to store events for file session_2026-08-06_10-56-08_444353_1/dec95c65bc663100ce18f14251f9ac8d65f501a20873d77a2471e9b7/job_events/03000000/dec95c65bc663100ce18f14251f9ac8d65f501a20873d77a2471e9b7-2026-08-06-17-1786039044467109009.jsonl: TASK_LIFECYCLE_EVENT must have at least one state transition"
time="2026-08-06T18:09:46Z" level=error msg="Failed to store events for file session_2026-08-06_10-56-08_444353_1/dec95c65bc663100ce18f14251f9ac8d65f501a20873d77a2471e9b7/job_events/03000000/dec95c65bc663100ce18f14251f9ac8d65f501a20873d77a2471e9b7-2026-08-06-17-1786039044467109009.jsonl: TASK_LIFECYCLE_EVENT must have at least one state transition"
time="2026-08-06T18:09:46Z" level=error msg="Failed to store events for file session_2026-08-06_10-56-08_444353_1/dec95c65bc663100ce18f14251f9ac8d65f501a20873d77a2471e9b7/job_events/03000000/dec95c65bc663100ce18f14251f9ac8d65f501a20873d77a2471e9b7-2026-08-06-17-1786039044467109009.jsonl: TASK_LIFECYCLE_EVENT must have at least one state transition"
time="2026-08-06T18:09:46Z" level=error msg="Failed to store events for file session_2026-08-06_10-56-08_444353_1/dec95c65bc663100ce18f14251f9ac8d65f501a20873d77a2471e9b7/job_events/03000000/dec95c65bc663100ce18f14251f9ac8d65f501a20873d77a2471e9b7-2026-08-06-17-1786039044467109009.jsonl: TASK_LIFECYCLE_EVENT must have at least one state transition"
time="2026-08-06T18:09:46Z" level=error msg="Failed to store events for file session_2026-08-06_10-56-08_444353_1/dec95c65bc663100ce18f14251f9ac8d65f501a20873d77a2471e9b7/job_events/03000000/dec95c65bc663100ce18f14251f9ac8d65f501a20873d77a2471e9b7-2026-08-06-17-1786039044467109009.jsonl: TASK_LIFECYCLE_EVENT must have at least one state transition"
time="2026-08-06T18:09:46Z" level=error msg="Failed to store events for file session_2026-08-06_10-56-08_444353_1/dec95c65bc663100ce18f14251f9ac8d65f501a20873d77a2471e9b7/job_events/03000000/dec95c65bc663100ce18f14251f9ac8d65f501a20873d77a2471e9b7-2026-08-06-17-1786039044467109009.jsonl: TASK_LIFECYCLE_EVENT must have at least one state transition"
time="2026-08-06T18:09:46Z" level=error msg="Failed to store events for file session_2026-08-06_10-56-08_444353_1/dec95c65bc663100ce18f14251f9ac8d65f501a20873d77a2471e9b7/job_events/03000000/dec95c65bc663100ce18f14251f9ac8d65f501a20873d77a2471e9b7-2026-08-06-17-1786039044467109009.jsonl: TASK_LIFECYCLE_EVENT must have at least one state transition"
time="2026-08-06T18:09:46Z" level=error msg="Failed to store events for file session_2026-08-06_10-56-08_444353_1/dec95c65bc663100ce18f14251f9ac8d65f501a20873d77a2471e9b7/job_events/03000000/dec95c65bc663100ce18f14251f9ac8d65f501a20873d77a2471e9b7-2026-08-06-17-1786039044467109009.jsonl: TASK_LIFECYCLE_EVENT must have at least one state transition"
time="2026-08-06T18:09:47Z" level=error msg="Failed to store events for file session_2026-08-06_10-56-08_444353_1/dec95c65bc663100ce18f14251f9ac8d65f501a20873d77a2471e9b7/job_events/03000000/dec95c65bc663100ce18f14251f9ac8d65f501a20873d77a2471e9b7-2026-08-06-17-1786039044467109009.jsonl: TASK_LIFECYCLE_EVENT must have at least one state transition"
time="2026-08-06T18:09:47Z" level=error msg="Failed to store events for file session_2026-08-06_10-56-08_444353_1/dec95c65bc663100ce18f14251f9ac8d65f501a20873d77a2471e9b7/job_events/03000000/dec95c65bc663100ce18f14251f9ac8d65f501a20873d77a2471e9b7-2026-08-06-17-1786039044467109009.jsonl: TASK_LIFECYCLE_EVENT must have at least one state transition"
time="2026-08-06T18:09:47Z" level=error msg="Failed to store events for file session_2026-08-06_10-56-08_444353_1/dec95c65bc663100ce18f14251f9ac8d65f501a20873d77a2471e9b7/job_events/03000000/dec95c65bc663100ce18f14251f9ac8d65f501a20873d77a2471e9b7-2026-08-06-17-1786039044467109009.jsonl: TASK_LIFECYCLE_EVENT must have at least one state transition"
time="2026-08-06T18:09:47Z" level=error msg="Failed to store events for file session_2026-08-06_10-56-08_444353_1/dec95c65bc663100ce18f14251f9ac8d65f501a20873d77a2471e9b7/job_events/03000000/dec95c65bc663100ce18f14251f9ac8d65f501a20873d77a2471e9b7-2026-08-06-17-1786039044467109009.jsonl: TASK_LIFECYCLE_EVENT must have at least one state transition"
time="2026-08-06T18:09:47Z" level=error msg="Failed to store events for file session_2026-08-06_10-56-08_444353_1/dec95c65bc663100ce18f14251f9ac8d65f501a20873d77a2471e9b7/job_events/03000000/dec95c65bc663100ce18f14251f9ac8d65f501a20873d77a2471e9b7-2026-08-06-17-1786039044467109009.jsonl: TASK_LIFECYCLE_EVENT must have at least one state transition"
time="2026-08-06T18:09:48Z" level=error msg="Failed to store events for file session_2026-08-06_10-56-08_444353_1/dec95c65bc663100ce18f14251f9ac8d65f501a20873d77a2471e9b7/job_events/03000000/dec95c65bc663100ce18f14251f9ac8d65f501a20873d77a2471e9b7-2026-08-06-17-1786039044467109009.jsonl: TASK_LIFECYCLE_EVENT must have at least one state transition"
time="2026-08-06T18:09:48Z" level=error msg="Failed to store events for file session_2026-08-06_10-56-08_444353_1/dec95c65bc663100ce18f14251f9ac8d65f501a20873d77a2471e9b7/job_events/03000000/dec95c65bc663100ce18f14251f9ac8d65f501a20873d77a2471e9b7-2026-08-06-17-1786039044467109009.jsonl: TASK_LIFECYCLE_EVENT must have at least one state transition"
time="2026-08-06T18:09:48Z" level=error msg="Failed to store events for file session_2026-08-06_10-56-08_444353_1/dec95c65bc663100ce18f14251f9ac8d65f501a20873d77a2471e9b7/job_events/03000000/dec95c65bc663100ce18f14251f9ac8d65f501a20873d77a2471e9b7-2026-08-06-17-1786039044467109009.jsonl: TASK_LIFECYCLE_EVENT must have at least one state transition"
time="2026-08-06T18:09:48Z" level=error msg="Failed to store events for file session_2026-08-06_10-56-08_444353_1/dec95c65bc663100ce18f14251f9ac8d65f501a20873d77a2471e9b7/job_events/03000000/dec95c65bc663100ce18f14251f9ac8d65f501a20873d77a2471e9b7-2026-08-06-17-1786039044467109009.jsonl: TASK_LIFECYCLE_EVENT must have at least one state transition"
time="2026-08-06T18:09:48Z" level=error msg="Failed to store events for file session_2026-08-06_10-56-08_444353_1/dec95c65bc663100ce18f14251f9ac8d65f501a20873d77a2471e9b7/job_events/03000000/dec95c65bc663100ce18f14251f9ac8d65f501a20873d77a2471e9b7-2026-08-06-17-1786039044467109009.jsonl: TASK_LIFECYCLE_EVENT must have at least one state transition"
time="2026-08-06T18:09:48Z" level=error msg="Failed to store events for file session_2026-08-06_10-56-08_444353_1/dec95c65bc663100ce18f14251f9ac8d65f501a20873d77a2471e9b7/job_events/03000000/dec95c65bc663100ce18f14251f9ac8d65f501a20873d77a2471e9b7-2026-08-06-17-1786039044467109009.jsonl: TASK_LIFECYCLE_EVENT must have at least one state transition"
time="2026-08-06T18:09:48Z" level=error msg="Failed to store events for file session_2026-08-06_10-56-08_444353_1/dec95c65bc663100ce18f14251f9ac8d65f501a20873d77a2471e9b7/job_events/03000000/dec95c65bc663100ce18f14251f9ac8d65f501a20873d77a2471e9b7-2026-08-06-17-1786039044467109009.jsonl: TASK_LIFECYCLE_EVENT must have at least one state transition"
time="2026-08-06T18:09:49Z" level=error msg="Failed to store events for file session_2026-08-06_10-56-08_444353_1/dec95c65bc663100ce18f14251f9ac8d65f501a20873d77a2471e9b7/job_events/03000000/dec95c65bc663100ce18f14251f9ac8d65f501a20873d77a2471e9b7-2026-08-06-17-1786039044467109009.jsonl: TASK_LIFECYCLE_EVENT must have at least one state transition"
time="2026-08-06T18:09:49Z" level=error msg="Failed to store events for file session_2026-08-06_10-56-08_444353_1/dec95c65bc663100ce18f14251f9ac8d65f501a20873d77a2471e9b7/job_events/03000000/dec95c65bc663100ce18f14251f9ac8d65f501a20873d77a2471e9b7-2026-08-06-17-1786039044467109009.jsonl: TASK_LIFECYCLE_EVENT must have at least one state transition"
time="2026-08-06T18:09:49Z" level=error msg="Failed to store events for file session_2026-08-06_10-56-08_444353_1/dec95c65bc663100ce18f14251f9ac8d65f501a20873d77a2471e9b7/job_events/03000000/dec95c65bc663100ce18f14251f9ac8d65f501a20873d77a2471e9b7-2026-08-06-17-1786039044467109009.jsonl: TASK_LIFECYCLE_EVENT must have at least one state transition"
time="2026-08-06T18:09:49Z" level=error msg="Failed to store events for file session_2026-08-06_10-56-08_444353_1/dec95c65bc663100ce18f14251f9ac8d65f501a20873d77a2471e9b7/job_events/03000000/dec95c65bc663100ce18f14251f9ac8d65f501a20873d77a2471e9b7-2026-08-06-17-1786039044467109009.jsonl: TASK_LIFECYCLE_EVENT must have at least one state transition"
time="2026-08-06T18:09:49Z" level=error msg="Failed to store events for file session_2026-08-06_10-56-08_444353_1/dec95c65bc663100ce18f14251f9ac8d65f501a20873d77a2471e9b7/job_events/03000000/dec95c65bc663100ce18f14251f9ac8d65f501a20873d77a2471e9b7-2026-08-06-17-1786039044467109009.jsonl: TASK_LIFECYCLE_EVENT must have at least one state transition"
time="2026-08-06T18:09:49Z" level=error msg="Failed to store events for file session_2026-08-06_10-56-08_444353_1/dec95c65bc663100ce18f14251f9ac8d65f501a20873d77a2471e9b7/job_events/03000000/dec95c65bc663100ce18f14251f9ac8d65f501a20873d77a2471e9b7-2026-08-06-17-1786039044467109009.jsonl: TASK_LIFECYCLE_EVENT must have at least one state transition"
time="2026-08-06T18:09:50Z" level=error msg="Failed to store events for file session_2026-08-06_10-56-08_444353_1/dec95c65bc663100ce18f14251f9ac8d65f501a20873d77a2471e9b7/job_events/03000000/dec95c65bc663100ce18f14251f9ac8d65f501a20873d77a2471e9b7-2026-08-06-17-1786039044467109009.jsonl: TASK_LIFECYCLE_EVENT must have at least one state transition"
time="2026-08-06T18:09:50Z" level=error msg="Failed to store events for file session_2026-08-06_10-56-08_444353_1/dec95c65bc663100ce18f14251f9ac8d65f501a20873d77a2471e9b7/job_events/03000000/dec95c65bc663100ce18f14251f9ac8d65f501a20873d77a2471e9b7-2026-08-06-17-1786039044467109009.jsonl: TASK_LIFECYCLE_EVENT must have at least one state transition"
time="2026-08-06T18:09:50Z" level=error msg="Failed to store events for file session_2026-08-06_10-56-08_444353_1/dec95c65bc663100ce18f14251f9ac8d65f501a20873d77a2471e9b7/job_events/03000000/dec95c65bc663100ce18f14251f9ac8d65f501a20873d77a2471e9b7-2026-08-06-17-1786039044467109009.jsonl: TASK_LIFECYCLE_EVENT must have at least one state transition"
time="2026-08-06T18:09:50Z" level=error msg="Failed to store events for file session_2026-08-06_10-56-08_444353_1/dec95c65bc663100ce18f14251f9ac8d65f501a20873d77a2471e9b7/job_events/03000000/dec95c65bc663100ce18f14251f9ac8d65f501a20873d77a2471e9b7-2026-08-06-17-1786039044467109009.jsonl: TASK_LIFECYCLE_EVENT must have at least one state transition"
time="2026-08-06T18:09:50Z" level=error msg="Failed to store events for file session_2026-08-06_10-56-08_444353_1/dec95c65bc663100ce18f14251f9ac8d65f501a20873d77a2471e9b7/job_events/03000000/dec95c65bc663100ce18f14251f9ac8d65f501a20873d77a2471e9b7-2026-08-06-17-1786039044467109009.jsonl: TASK_LIFECYCLE_EVENT must have at least one state transition"
time="2026-08-06T18:09:51Z" level=error msg="Failed to store events for file session_2026-08-06_10-56-08_444353_1/dec95c65bc663100ce18f14251f9ac8d65f501a20873d77a2471e9b7/job_events/03000000/dec95c65bc663100ce18f14251f9ac8d65f501a20873d77a2471e9b7-2026-08-06-17-1786039044467109009.jsonl: TASK_LIFECYCLE_EVENT must have at least one state transition"
time="2026-08-06T18:09:51Z" level=error msg="Failed to store events for file session_2026-08-06_10-56-08_444353_1/dec95c65bc663100ce18f14251f9ac8d65f501a20873d77a2471e9b7/job_events/03000000/dec95c65bc663100ce18f14251f9ac8d65f501a20873d77a2471e9b7-2026-08-06-17-1786039044467109009.jsonl: TASK_LIFECYCLE_EVENT must have at least one state transition"
time="2026-08-06T18:09:52Z" level=error msg="Failed to store events for file session_2026-08-06_10-56-08_444353_1/dec95c65bc663100ce18f14251f9ac8d65f501a20873d77a2471e9b7/job_events/03000000/dec95c65bc663100ce18f14251f9ac8d65f501a20873d77a2471e9b7-2026-08-06-17-1786039044467109009.jsonl: TASK_LIFECYCLE_EVENT must have at least one state transition"
time="2026-08-06T18:09:52Z" level=error msg="Failed to store events for file session_2026-08-06_10-56-08_444353_1/dec95c65bc663100ce18f14251f9ac8d65f501a20873d77a2471e9b7/job_events/03000000/dec95c65bc663100ce18f14251f9ac8d65f501a20873d77a2471e9b7-2026-08-06-17-1786039044467109009.jsonl: TASK_LIFECYCLE_EVENT must have at least one state transition"
time="2026-08-06T18:09:52Z" level=error msg="Failed to store events for file session_2026-08-06_10-56-08_444353_1/dec95c65bc663100ce18f14251f9ac8d65f501a20873d77a2471e9b7/job_events/03000000/dec95c65bc663100ce18f14251f9ac8d65f501a20873d77a2471e9b7-2026-08-06-17-1786039044467109009.jsonl: TASK_LIFECYCLE_EVENT must have at least one state transition"
time="2026-08-06T18:09:53Z" level=error msg="Failed to store events for file session_2026-08-06_10-56-08_444353_1/dec95c65bc663100ce18f14251f9ac8d65f501a20873d77a2471e9b7/job_events/03000000/dec95c65bc663100ce18f14251f9ac8d65f501a20873d77a2471e9b7-2026-08-06-17-1786039044467109009.jsonl: TASK_LIFECYCLE_EVENT must have at least one state transition"
time="2026-08-06T18:09:53Z" level=error msg="Failed to store events for file session_2026-08-06_10-56-08_444353_1/dec95c65bc663100ce18f14251f9ac8d65f501a20873d77a2471e9b7/job_events/03000000/dec95c65bc663100ce18f14251f9ac8d65f501a20873d77a2471e9b7-2026-08-06-17-1786039044467109009.jsonl: TASK_LIFECYCLE_EVENT must have at least one state transition"
time="2026-08-06T18:09:54Z" level=error msg="Failed to store events for file session_2026-08-06_10-56-08_444353_1/dec95c65bc663100ce18f14251f9ac8d65f501a20873d77a2471e9b7/job_events/03000000/dec95c65bc663100ce18f14251f9ac8d65f501a20873d77a2471e9b7-2026-08-06-17-1786039044467109009.jsonl: TASK_LIFECYCLE_EVENT must have at least one state transition"
time="2026-08-06T18:09:54Z" level=error msg="Failed to store events for file session_2026-08-06_10-56-08_444353_1/dec95c65bc663100ce18f14251f9ac8d65f501a20873d77a2471e9b7/job_events/03000000/dec95c65bc663100ce18f14251f9ac8d65f501a20873d77a2471e9b7-2026-08-06-17-1786039044467109009.jsonl: TASK_LIFECYCLE_EVENT must have at least one state transition"
time="2026-08-06T18:09:55Z" level=error msg="Failed to store events for file session_2026-08-06_10-56-08_444353_1/dec95c65bc663100ce18f14251f9ac8d65f501a20873d77a2471e9b7/job_events/03000000/dec95c65bc663100ce18f14251f9ac8d65f501a20873d77a2471e9b7-2026-08-06-17-1786039044467109009.jsonl: TASK_LIFECYCLE_EVENT must have at least one state transition"
time="2026-08-06T18:09:55Z" level=error msg="Failed to load session test-ns-hnk4h/raycluster-historyserver/session_2026-08-06_10-56-08_444353_1: context canceled"
time="2026-08-06T18:09:55Z" level=error msg="Failed to store events for file session_2026-08-06_10-56-08_444353_1/dec95c65bc663100ce18f14251f9ac8d65f501a20873d77a2471e9b7/job_events/03000000/dec95c65bc663100ce18f14251f9ac8d65f501a20873d77a2471e9b7-2026-08-06-17-1786039044467109009.jsonl: TASK_LIFECYCLE_EVENT must have at least one state transition"
time="2026-08-06T18:09:56Z" level=error msg="Failed to store events for file session_2026-08-06_10-56-08_444353_1/dec95c65bc663100ce18f14251f9ac8d65f501a20873d77a2471e9b7/job_events/03000000/dec95c65bc663100ce18f14251f9ac8d65f501a20873d77a2471e9b7-2026-08-06-17-1786039044467109009.jsonl: TASK_LIFECYCLE_EVENT must have at least one state transition"
time="2026-08-06T18:09:56Z" level=error msg="Failed to store events for file session_2026-08-06_10-56-08_444353_1/dec95c65bc663100ce18f14251f9ac8d65f501a20873d77a2471e9b7/job_events/03000000/dec95c65bc663100ce18f14251f9ac8d65f501a20873d77a2471e9b7-2026-08-06-17-1786039044467109009.jsonl: TASK_LIFECYCLE_EVENT must have at least one state transition"
time="2026-08-06T18:09:56Z" level=error msg="Failed to store events for file session_2026-08-06_10-56-08_444353_1/dec95c65bc663100ce18f14251f9ac8d65f501a20873d77a2471e9b7/job_events/03000000/dec95c65bc663100ce18f14251f9ac8d65f501a20873d77a2471e9b7-2026-08-06-17-1786039044467109009.jsonl: TASK_LIFECYCLE_EVENT must have at least one state transition"
time="2026-08-06T18:09:56Z" level=error msg="Failed to store events for file session_2026-08-06_10-56-08_444353_1/dec95c65bc663100ce18f14251f9ac8d65f501a20873d77a2471e9b7/job_events/03000000/dec95c65bc663100ce18f14251f9ac8d65f501a20873d77a2471e9b7-2026-08-06-17-1786039044467109009.jsonl: TASK_LIFECYCLE_EVENT must have at least one state transition"
time="2026-08-06T18:09:56Z" level=error msg="Failed to store events for file session_2026-08-06_10-56-08_444353_1/dec95c65bc663100ce18f14251f9ac8d65f501a20873d77a2471e9b7/job_events/03000000/dec95c65bc663100ce18f14251f9ac8d65f501a20873d77a2471e9b7-2026-08-06-17-1786039044467109009.jsonl: TASK_LIFECYCLE_EVENT must have at least one state transition"
time="2026-08-06T18:09:56Z" level=error msg="Failed to store events for file session_2026-08-06_10-56-08_444353_1/dec95c65bc663100ce18f14251f9ac8d65f501a20873d77a2471e9b7/job_events/03000000/dec95c65bc663100ce18f14251f9ac8d65f501a20873d77a2471e9b7-2026-08-06-17-1786039044467109009.jsonl: TASK_LIFECYCLE_EVENT must have at least one state transition"
time="2026-08-06T18:09:57Z" level=error msg="Failed to store events for file session_2026-08-06_10-56-08_444353_1/dec95c65bc663100ce18f14251f9ac8d65f501a20873d77a2471e9b7/job_events/03000000/dec95c65bc663100ce18f14251f9ac8d65f501a20873d77a2471e9b7-2026-08-06-17-1786039044467109009.jsonl: TASK_LIFECYCLE_EVENT must have at least one state transition"
time="2026-08-06T18:09:57Z" level=error msg="Failed to store events for file session_2026-08-06_10-56-08_444353_1/dec95c65bc663100ce18f14251f9ac8d65f501a20873d77a2471e9b7/job_events/03000000/dec95c65bc663100ce18f14251f9ac8d65f501a20873d77a2471e9b7-2026-08-06-17-1786039044467109009.jsonl: TASK_LIFECYCLE_EVENT must have at least one state transition"
time="2026-08-06T18:09:57Z" level=error msg="Failed to store events for file session_2026-08-06_10-56-08_444353_1/dec95c65bc663100ce18f14251f9ac8d65f501a20873d77a2471e9b7/job_events/03000000/dec95c65bc663100ce18f14251f9ac8d65f501a20873d77a2471e9b7-2026-08-06-17-1786039044467109009.jsonl: TASK_LIFECYCLE_EVENT must have at least one state transition"
time="2026-08-06T18:09:57Z" level=error msg="Failed to store events for file session_2026-08-06_10-56-08_444353_1/dec95c65bc663100ce18f14251f9ac8d65f501a20873d77a2471e9b7/job_events/03000000/dec95c65bc663100ce18f14251f9ac8d65f501a20873d77a2471e9b7-2026-08-06-17-1786039044467109009.jsonl: TASK_LIFECYCLE_EVENT must have at least one state transition"
time="2026-08-06T18:09:57Z" level=error msg="Failed to store events for file session_2026-08-06_10-56-08_444353_1/dec95c65bc663100ce18f14251f9ac8d65f501a20873d77a2471e9b7/job_events/03000000/dec95c65bc663100ce18f14251f9ac8d65f501a20873d77a2471e9b7-2026-08-06-17-1786039044467109009.jsonl: TASK_LIFECYCLE_EVENT must have at least one state transition"
time="2026-08-06T18:09:58Z" level=error msg="Failed to store events for file session_2026-08-06_10-56-08_444353_1/dec95c65bc663100ce18f14251f9ac8d65f501a20873d77a2471e9b7/job_events/03000000/dec95c65bc663100ce18f14251f9ac8d65f501a20873d77a2471e9b7-2026-08-06-17-1786039044467109009.jsonl: TASK_LIFECYCLE_EVENT must have at least one state transition"
time="2026-08-06T18:09:58Z" level=error msg="Failed to store events for file session_2026-08-06_10-56-08_444353_1/dec95c65bc663100ce18f14251f9ac8d65f501a20873d77a2471e9b7/job_events/03000000/dec95c65bc663100ce18f14251f9ac8d65f501a20873d77a2471e9b7-2026-08-06-17-1786039044467109009.jsonl: TASK_LIFECYCLE_EVENT must have at least one state transition"
time="2026-08-06T18:10:04Z" level=info msg="Received request: GET /enter_cluster/test-ns-hnk4h/raycluster/raycluster-historyserver/session_2026-08-06_10-56-08_444353_1"
time="2026-08-06T18:10:04Z" level=info msg="[List]Returned objects in log/cluster-metadata/. length of page.Contents: 2, length of page.CommonPrefixes: 0"
time="2026-08-06T18:10:04Z" level=error msg="Failed to parse meta file path: log/cluster-metadata/raycluster/test-ns-hnk4h_raycluster-historyserver/, error: invalid path segment count for cluster metadata structure: log/cluster-metadata/raycluster/test-ns-hnk4h_raycluster-historyserver/"
time="2026-08-06T18:10:04Z" level=info msg="Parsed cluster raycluster-historyserver for session session_2026-08-06_10-56-08_444353_1 to list"
time="2026-08-06T18:10:04Z" level=info msg="[ListFiles]Returned objects in log/cluster-history/raycluster/test-ns-hnk4h/raycluster-historyserver/session_2026-08-06_10-56-08_444353_1/. length of page.Contents: 0, length of page.CommonPrefixes: 3"
time="2026-08-06T18:10:04Z" level=info msg="[ListFiles]Returned objects in log/cluster-history/raycluster/test-ns-hnk4h/raycluster-historyserver/session_2026-08-06_10-56-08_444353_1/2be41aea8b4f1ff29e7c0f1be8edbe79d4e840a366ce7321a75ab52e/logs/events/. length of page.Contents: 11, length of page.CommonPrefixes: 0"
time="2026-08-06T18:10:04Z" level=info msg="Prepare to get object log/cluster-history/raycluster/test-ns-hnk4h/raycluster-historyserver/session_2026-08-06_10-56-08_444353_1/2be41aea8b4f1ff29e7c0f1be8edbe79d4e840a366ce7321a75ab52e/logs/events/event_AUTOSCALER.log info ..."
time="2026-08-06T18:10:04Z" level=info msg="Prepare to get object log/cluster-history/raycluster/test-ns-hnk4h/raycluster-historyserver/session_2026-08-06_10-56-08_444353_1/2be41aea8b4f1ff29e7c0f1be8edbe79d4e840a366ce7321a75ab52e/logs/events/event_CORE_WORKER_1019.log info ..."
time="2026-08-06T18:10:04Z" level=info msg="Prepare to get object log/cluster-history/raycluster/test-ns-hnk4h/raycluster-historyserver/session_2026-08-06_10-56-08_444353_1/2be41aea8b4f1ff29e7c0f1be8edbe79d4e840a366ce7321a75ab52e/logs/events/event_CORE_WORKER_1163.log info ..."
time="2026-08-06T18:10:04Z" level=info msg="Prepare to get object log/cluster-history/raycluster/test-ns-hnk4h/raycluster-historyserver/session_2026-08-06_10-56-08_444353_1/2be41aea8b4f1ff29e7c0f1be8edbe79d4e840a366ce7321a75ab52e/logs/events/event_CORE_WORKER_200.log info ..."
time="2026-08-06T18:10:04Z" level=info msg="Prepare to get object log/cluster-history/raycluster/test-ns-hnk4h/raycluster-historyserver/session_2026-08-06_10-56-08_444353_1/2be41aea8b4f1ff29e7c0f1be8edbe79d4e840a366ce7321a75ab52e/logs/events/event_CORE_WORKER_205.log info ..."
time="2026-08-06T18:10:04Z" level=info msg="Prepare to get object log/cluster-history/raycluster/test-ns-hnk4h/raycluster-historyserver/session_2026-08-06_10-56-08_444353_1/2be41aea8b4f1ff29e7c0f1be8edbe79d4e840a366ce7321a75ab52e/logs/events/event_CORE_WORKER_677.log info ..."
time="2026-08-06T18:10:04Z" level=info msg="Prepare to get object log/cluster-history/raycluster/test-ns-hnk4h/raycluster-historyserver/session_2026-08-06_10-56-08_444353_1/2be41aea8b4f1ff29e7c0f1be8edbe79d4e840a366ce7321a75ab52e/logs/events/event_CORE_WORKER_963.log info ..."
time="2026-08-06T18:10:04Z" level=info msg="Prepare to get object log/cluster-history/raycluster/test-ns-hnk4h/raycluster-historyserver/session_2026-08-06_10-56-08_444353_1/2be41aea8b4f1ff29e7c0f1be8edbe79d4e840a366ce7321a75ab52e/logs/events/event_GCS.log info ..."
time="2026-08-06T18:10:04Z" level=info msg="Prepare to get object log/cluster-history/raycluster/test-ns-hnk4h/raycluster-historyserver/session_2026-08-06_10-56-08_444353_1/2be41aea8b4f1ff29e7c0f1be8edbe79d4e840a366ce7321a75ab52e/logs/events/event_JOBS.log info ..."
time="2026-08-06T18:10:04Z" level=info msg="Prepare to get object log/cluster-history/raycluster/test-ns-hnk4h/raycluster-historyserver/session_2026-08-06_10-56-08_444353_1/2be41aea8b4f1ff29e7c0f1be8edbe79d4e840a366ce7321a75ab52e/logs/events/event_RAYLET.log info ..."
time="2026-08-06T18:10:04Z" level=info msg="[ListFiles]Returned objects in log/cluster-history/raycluster/test-ns-hnk4h/raycluster-historyserver/session_2026-08-06_10-56-08_444353_1/dec95c65bc663100ce18f14251f9ac8d65f501a20873d77a2471e9b7/logs/events/. length of page.Contents: 13, length of page.CommonPrefixes: 0"
time="2026-08-06T18:10:04Z" level=info msg="Prepare to get object log/cluster-history/raycluster/test-ns-hnk4h/raycluster-historyserver/session_2026-08-06_10-56-08_444353_1/dec95c65bc663100ce18f14251f9ac8d65f501a20873d77a2471e9b7/logs/events/event_CORE_WORKER_227.log info ..."
time="2026-08-06T18:10:04Z" level=info msg="Prepare to get object log/cluster-history/raycluster/test-ns-hnk4h/raycluster-historyserver/session_2026-08-06_10-56-08_444353_1/dec95c65bc663100ce18f14251f9ac8d65f501a20873d77a2471e9b7/logs/events/event_CORE_WORKER_228.log info ..."
time="2026-08-06T18:10:04Z" level=info msg="Prepare to get object log/cluster-history/raycluster/test-ns-hnk4h/raycluster-historyserver/session_2026-08-06_10-56-08_444353_1/dec95c65bc663100ce18f14251f9ac8d65f501a20873d77a2471e9b7/logs/events/event_CORE_WORKER_312.log info ..."
time="2026-08-06T18:10:04Z" level=info msg="Prepare to get object log/cluster-history/raycluster/test-ns-hnk4h/raycluster-historyserver/session_2026-08-06_10-56-08_444353_1/dec95c65bc663100ce18f14251f9ac8d65f501a20873d77a2471e9b7/logs/events/event_CORE_WORKER_318.log info ..."
time="2026-08-06T18:10:04Z" level=info msg="Prepare to get object log/cluster-history/raycluster/test-ns-hnk4h/raycluster-historyserver/session_2026-08-06_10-56-08_444353_1/dec95c65bc663100ce18f14251f9ac8d65f501a20873d77a2471e9b7/logs/events/event_CORE_WORKER_410.log info ..."
time="2026-08-06T18:10:04Z" level=info msg="Prepare to get object log/cluster-history/raycluster/test-ns-hnk4h/raycluster-historyserver/session_2026-08-06_10-56-08_444353_1/dec95c65bc663100ce18f14251f9ac8d65f501a20873d77a2471e9b7/logs/events/event_CORE_WORKER_418.log info ..."
time="2026-08-06T18:10:04Z" level=info msg="Prepare to get object log/cluster-history/raycluster/test-ns-hnk4h/raycluster-historyserver/session_2026-08-06_10-56-08_444353_1/dec95c65bc663100ce18f14251f9ac8d65f501a20873d77a2471e9b7/logs/events/event_CORE_WORKER_509.log info ..."
time="2026-08-06T18:10:04Z" level=info msg="Prepare to get object log/cluster-history/raycluster/test-ns-hnk4h/raycluster-historyserver/session_2026-08-06_10-56-08_444353_1/dec95c65bc663100ce18f14251f9ac8d65f501a20873d77a2471e9b7/logs/events/event_CORE_WORKER_511.log info ..."
time="2026-08-06T18:10:04Z" level=info msg="Prepare to get object log/cluster-history/raycluster/test-ns-hnk4h/raycluster-historyserver/session_2026-08-06_10-56-08_444353_1/dec95c65bc663100ce18f14251f9ac8d65f501a20873d77a2471e9b7/logs/events/event_CORE_WORKER_605.log info ..."
time="2026-08-06T18:10:04Z" level=info msg="Prepare to get object log/cluster-history/raycluster/test-ns-hnk4h/raycluster-historyserver/session_2026-08-06_10-56-08_444353_1/dec95c65bc663100ce18f14251f9ac8d65f501a20873d77a2471e9b7/logs/events/event_CORE_WORKER_608.log info ..."
time="2026-08-06T18:10:04Z" level=info msg="Prepare to get object log/cluster-history/raycluster/test-ns-hnk4h/raycluster-historyserver/session_2026-08-06_10-56-08_444353_1/dec95c65bc663100ce18f14251f9ac8d65f501a20873d77a2471e9b7/logs/events/event_CORE_WORKER_695.log info ..."
time="2026-08-06T18:10:04Z" level=info msg="Prepare to get object log/cluster-history/raycluster/test-ns-hnk4h/raycluster-historyserver/session_2026-08-06_10-56-08_444353_1/dec95c65bc663100ce18f14251f9ac8d65f501a20873d77a2471e9b7/logs/events/event_RAYLET.log info ..."
time="2026-08-06T18:10:04Z" level=info msg="[ListFiles]Returned objects in log/cluster-history/raycluster/test-ns-hnk4h/raycluster-historyserver/session_2026-08-06_10-56-08_444353_1/fetched_endpoints/logs/events/. length of page.Contents: 0, length of page.CommonPrefixes: 0"
time="2026-08-06T18:10:04Z" level=info msg="[ListFiles]Returned objects in log/cluster-history/raycluster/test-ns-hnk4h/raycluster-historyserver/session_2026-08-06_10-56-08_444353_1/. length of page.Contents: 0, length of page.CommonPrefixes: 3"
time="2026-08-06T18:10:04Z" level=info msg="[ListFiles]Returned objects in log/cluster-history/raycluster/test-ns-hnk4h/raycluster-historyserver/session_2026-08-06_10-56-08_444353_1/2be41aea8b4f1ff29e7c0f1be8edbe79d4e840a366ce7321a75ab52e/job_events/. length of page.Contents: 0, length of page.CommonPrefixes: 4"
time="2026-08-06T18:10:04Z" level=info msg="[ListFiles]Returned objects in log/cluster-history/raycluster/test-ns-hnk4h/raycluster-historyserver/session_2026-08-06_10-56-08_444353_1/2be41aea8b4f1ff29e7c0f1be8edbe79d4e840a366ce7321a75ab52e/job_events/01000000/. length of page.Contents: 2, length of page.CommonPrefixes: 0"
time="2026-08-06T18:10:04Z" level=info msg="[ListFiles]Returned objects in log/cluster-history/raycluster/test-ns-hnk4h/raycluster-historyserver/session_2026-08-06_10-56-08_444353_1/2be41aea8b4f1ff29e7c0f1be8edbe79d4e840a366ce7321a75ab52e/job_events/02000000/. length of page.Contents: 2, length of page.CommonPrefixes: 0"
time="2026-08-06T18:10:04Z" level=info msg="[ListFiles]Returned objects in log/cluster-history/raycluster/test-ns-hnk4h/raycluster-historyserver/session_2026-08-06_10-56-08_444353_1/2be41aea8b4f1ff29e7c0f1be8edbe79d4e840a366ce7321a75ab52e/job_events/03000000/. length of page.Contents: 4, length of page.CommonPrefixes: 0"
time="2026-08-06T18:10:04Z" level=info msg="[ListFiles]Returned objects in log/cluster-history/raycluster/test-ns-hnk4h/raycluster-historyserver/session_2026-08-06_10-56-08_444353_1/2be41aea8b4f1ff29e7c0f1be8edbe79d4e840a366ce7321a75ab52e/job_events/04000000/. length of page.Contents: 2, length of page.CommonPrefixes: 0"
time="2026-08-06T18:10:04Z" level=info msg="[ListFiles]Returned objects in log/cluster-history/raycluster/test-ns-hnk4h/raycluster-historyserver/session_2026-08-06_10-56-08_444353_1/dec95c65bc663100ce18f14251f9ac8d65f501a20873d77a2471e9b7/job_events/. length of page.Contents: 0, length of page.CommonPrefixes: 1"
time="2026-08-06T18:10:04Z" level=info msg="[ListFiles]Returned objects in log/cluster-history/raycluster/test-ns-hnk4h/raycluster-historyserver/session_2026-08-06_10-56-08_444353_1/dec95c65bc663100ce18f14251f9ac8d65f501a20873d77a2471e9b7/job_events/03000000/. length of page.Contents: 3, length of page.CommonPrefixes: 0"
time="2026-08-06T18:10:04Z" level=info msg="[ListFiles]Returned objects in log/cluster-history/raycluster/test-ns-hnk4h/raycluster-historyserver/session_2026-08-06_10-56-08_444353_1/fetched_endpoints/job_events/. length of page.Contents: 0, length of page.CommonPrefixes: 0"
time="2026-08-06T18:10:04Z" level=info msg="[ListFiles]Returned objects in log/cluster-history/raycluster/test-ns-hnk4h/raycluster-historyserver/session_2026-08-06_10-56-08_444353_1/. length of page.Contents: 0, length of page.CommonPrefixes: 3"
time="2026-08-06T18:10:04Z" level=info msg="[ListFiles]Returned objects in log/cluster-history/raycluster/test-ns-hnk4h/raycluster-historyserver/session_2026-08-06_10-56-08_444353_1/2be41aea8b4f1ff29e7c0f1be8edbe79d4e840a366ce7321a75ab52e/node_events/. length of page.Contents: 2, length of page.CommonPrefixes: 0"
time="2026-08-06T18:10:04Z" level=info msg="[ListFiles]Returned objects in log/cluster-history/raycluster/test-ns-hnk4h/raycluster-historyserver/session_2026-08-06_10-56-08_444353_1/dec95c65bc663100ce18f14251f9ac8d65f501a20873d77a2471e9b7/node_events/. length of page.Contents: 0, length of page.CommonPrefixes: 0"
time="2026-08-06T18:10:04Z" level=info msg="[ListFiles]Returned objects in log/cluster-history/raycluster/test-ns-hnk4h/raycluster-historyserver/session_2026-08-06_10-56-08_444353_1/fetched_endpoints/node_events/. length of page.Contents: 0, length of page.CommonPrefixes: 0"
time="2026-08-06T18:10:04Z" level=info msg="Prepare to get object log/cluster-history/raycluster/test-ns-hnk4h/raycluster-historyserver/session_2026-08-06_10-56-08_444353_1/2be41aea8b4f1ff29e7c0f1be8edbe79d4e840a366ce7321a75ab52e/job_events/01000000/2be41aea8b4f1ff29e7c0f1be8edbe79d4e840a366ce7321a75ab52e-2026-08-06-17-1786038973787948337.jsonl info ..."
time="2026-08-06T18:10:04Z" level=info msg="Prepare to get object log/cluster-history/raycluster/test-ns-hnk4h/raycluster-historyserver/session_2026-08-06_10-56-08_444353_1/2be41aea8b4f1ff29e7c0f1be8edbe79d4e840a366ce7321a75ab52e/job_events/02000000/2be41aea8b4f1ff29e7c0f1be8edbe79d4e840a366ce7321a75ab52e-2026-08-06-17-1786038992917769597.jsonl info ..."
time="2026-08-06T18:10:04Z" level=info msg="Prepare to get object log/cluster-history/raycluster/test-ns-hnk4h/raycluster-historyserver/session_2026-08-06_10-56-08_444353_1/2be41aea8b4f1ff29e7c0f1be8edbe79d4e840a366ce7321a75ab52e/job_events/03000000/2be41aea8b4f1ff29e7c0f1be8edbe79d4e840a366ce7321a75ab52e-2026-08-06-17-1786038992918411180.jsonl info ..."
time="2026-08-06T18:10:35Z" level=info msg="Prepare to get object log/cluster-history/raycluster/test-ns-hnk4h/raycluster-historyserver/session_2026-08-06_10-56-08_444353_1/2be41aea8b4f1ff29e7c0f1be8edbe79d4e840a366ce7321a75ab52e/job_events/03000000/2be41aea8b4f1ff29e7c0f1be8edbe79d4e840a366ce7321a75ab52e-2026-08-06-17-1786039033337399379.jsonl info ..."
time="2026-08-06T18:11:00Z" level=info msg="Prepare to get object log/cluster-history/raycluster/test-ns-hnk4h/raycluster-historyserver/session_2026-08-06_10-56-08_444353_1/2be41aea8b4f1ff29e7c0f1be8edbe79d4e840a366ce7321a75ab52e/job_events/03000000/2be41aea8b4f1ff29e7c0f1be8edbe79d4e840a366ce7321a75ab52e-2026-08-06-17-1786039062940171295.jsonl info ..."
time="2026-08-06T18:11:05Z" level=error msg="Failed to load session test-ns-hnk4h/raycluster-historyserver/session_2026-08-06_10-56-08_444353_1: context canceled"
time="2026-08-06T18:11:14Z" level=info msg="Received request: GET /enter_cluster/test-ns-hnk4h/raycluster/raycluster-historyserver/session_2026-08-06_10-56-08_444353_1"
time="2026-08-06T18:11:14Z" level=info msg="[List]Returned objects in log/cluster-metadata/. length of page.Contents: 2, length of page.CommonPrefixes: 0"
time="2026-08-06T18:11:14Z" level=error msg="Failed to parse meta file path: log/cluster-metadata/raycluster/test-ns-hnk4h_raycluster-historyserver/, error: invalid path segment count for cluster metadata structure: log/cluster-metadata/raycluster/test-ns-hnk4h_raycluster-historyserver/"
time="2026-08-06T18:11:14Z" level=info msg="Parsed cluster raycluster-historyserver for session session_2026-08-06_10-56-08_444353_1 to list"
time="2026-08-06T18:11:18Z" level=info msg="Prepare to get object log/cluster-history/raycluster/test-ns-hnk4h/raycluster-historyserver/session_2026-08-06_10-56-08_444353_1/2be41aea8b4f1ff29e7c0f1be8edbe79d4e840a366ce7321a75ab52e/job_events/04000000/2be41aea8b4f1ff29e7c0f1be8edbe79d4e840a366ce7321a75ab52e-2026-08-06-17-1786039006301056797.jsonl info ..."
time="2026-08-06T18:11:18Z" level=info msg="Prepare to get object log/cluster-history/raycluster/test-ns-hnk4h/raycluster-historyserver/session_2026-08-06_10-56-08_444353_1/dec95c65bc663100ce18f14251f9ac8d65f501a20873d77a2471e9b7/job_events/03000000/dec95c65bc663100ce18f14251f9ac8d65f501a20873d77a2471e9b7-2026-08-06-17-1786038994971628750.jsonl info ..."
time="2026-08-06T18:11:29Z" level=error msg="Failed to store events for file session_2026-08-06_10-56-08_444353_1/dec95c65bc663100ce18f14251f9ac8d65f501a20873d77a2471e9b7/job_events/03000000/dec95c65bc663100ce18f14251f9ac8d65f501a20873d77a2471e9b7-2026-08-06-17-1786038994971628750.jsonl: TASK_LIFECYCLE_EVENT must have at least one state transition"
time="2026-08-06T18:11:29Z" level=error msg="Failed to store events for file session_2026-08-06_10-56-08_444353_1/dec95c65bc663100ce18f14251f9ac8d65f501a20873d77a2471e9b7/job_events/03000000/dec95c65bc663100ce18f14251f9ac8d65f501a20873d77a2471e9b7-2026-08-06-17-1786038994971628750.jsonl: TASK_LIFECYCLE_EVENT must have at least one state transition"
time="2026-08-06T18:11:29Z" level=error msg="Failed to store events for file session_2026-08-06_10-56-08_444353_1/dec95c65bc663100ce18f14251f9ac8d65f501a20873d77a2471e9b7/job_events/03000000/dec95c65bc663100ce18f14251f9ac8d65f501a20873d77a2471e9b7-2026-08-06-17-1786038994971628750.jsonl: TASK_LIFECYCLE_EVENT must have at least one state transition"
time="2026-08-06T18:11:30Z" level=error msg="Failed to store events for file session_2026-08-06_10-56-08_444353_1/dec95c65bc663100ce18f14251f9ac8d65f501a20873d77a2471e9b7/job_events/03000000/dec95c65bc663100ce18f14251f9ac8d65f501a20873d77a2471e9b7-2026-08-06-17-1786038994971628750.jsonl: TASK_LIFECYCLE_EVENT must have at least one state transition"
time="2026-08-06T18:11:30Z" level=error msg="Failed to store events for file session_2026-08-06_10-56-08_444353_1/dec95c65bc663100ce18f14251f9ac8d65f501a20873d77a2471e9b7/job_events/03000000/dec95c65bc663100ce18f14251f9ac8d65f501a20873d77a2471e9b7-2026-08-06-17-1786038994971628750.jsonl: TASK_LIFECYCLE_EVENT must have at least one state transition"
time="2026-08-06T18:11:30Z" level=error msg="Failed to store events for file session_2026-08-06_10-56-08_444353_1/dec95c65bc663100ce18f14251f9ac8d65f501a20873d77a2471e9b7/job_events/03000000/dec95c65bc663100ce18f14251f9ac8d65f501a20873d77a2471e9b7-2026-08-06-17-1786038994971628750.jsonl: TASK_LIFECYCLE_EVENT must have at least one state transition"
time="2026-08-06T18:11:31Z" level=error msg="Failed to store events for file session_2026-08-06_10-56-08_444353_1/dec95c65bc663100ce18f14251f9ac8d65f501a20873d77a2471e9b7/job_events/03000000/dec95c65bc663100ce18f14251f9ac8d65f501a20873d77a2471e9b7-2026-08-06-17-1786038994971628750.jsonl: TASK_LIFECYCLE_EVENT must have at least one state transition"
time="2026-08-06T18:11:31Z" level=error msg="Failed to store events for file session_2026-08-06_10-56-08_444353_1/dec95c65bc663100ce18f14251f9ac8d65f501a20873d77a2471e9b7/job_events/03000000/dec95c65bc663100ce18f14251f9ac8d65f501a20873d77a2471e9b7-2026-08-06-17-1786038994971628750.jsonl: TASK_LIFECYCLE_EVENT must have at least one state transition"
time="2026-08-06T18:11:32Z" level=error msg="Failed to store events for file session_2026-08-06_10-56-08_444353_1/dec95c65bc663100ce18f14251f9ac8d65f501a20873d77a2471e9b7/job_events/03000000/dec95c65bc663100ce18f14251f9ac8d65f501a20873d77a2471e9b7-2026-08-06-17-1786038994971628750.jsonl: TASK_LIFECYCLE_EVENT must have at least one state transition"
time="2026-08-06T18:11:32Z" level=error msg="Failed to store events for file session_2026-08-06_10-56-08_444353_1/dec95c65bc663100ce18f14251f9ac8d65f501a20873d77a2471e9b7/job_events/03000000/dec95c65bc663100ce18f14251f9ac8d65f501a20873d77a2471e9b7-2026-08-06-17-1786038994971628750.jsonl: TASK_LIFECYCLE_EVENT must have at least one state transition"
time="2026-08-06T18:11:32Z" level=error msg="Failed to store events for file session_2026-08-06_10-56-08_444353_1/dec95c65bc663100ce18f14251f9ac8d65f501a20873d77a2471e9b7/job_events/03000000/dec95c65bc663100ce18f14251f9ac8d65f501a20873d77a2471e9b7-2026-08-06-17-1786038994971628750.jsonl: TASK_LIFECYCLE_EVENT must have at least one state transition"
time="2026-08-06T18:11:32Z" level=error msg="Failed to store events for file session_2026-08-06_10-56-08_444353_1/dec95c65bc663100ce18f14251f9ac8d65f501a20873d77a2471e9b7/job_events/03000000/dec95c65bc663100ce18f14251f9ac8d65f501a20873d77a2471e9b7-2026-08-06-17-1786038994971628750.jsonl: TASK_LIFECYCLE_EVENT must have at least one state transition"
time="2026-08-06T18:11:33Z" level=error msg="Failed to store events for file session_2026-08-06_10-56-08_444353_1/dec95c65bc663100ce18f14251f9ac8d65f501a20873d77a2471e9b7/job_events/03000000/dec95c65bc663100ce18f14251f9ac8d65f501a20873d77a2471e9b7-2026-08-06-17-1786038994971628750.jsonl: TASK_LIFECYCLE_EVENT must have at least one state transition"
time="2026-08-06T18:11:33Z" level=error msg="Failed to store events for file session_2026-08-06_10-56-08_444353_1/dec95c65bc663100ce18f14251f9ac8d65f501a20873d77a2471e9b7/job_events/03000000/dec95c65bc663100ce18f14251f9ac8d65f501a20873d77a2471e9b7-2026-08-06-17-1786038994971628750.jsonl: TASK_LIFECYCLE_EVENT must have at least one state transition"
time="2026-08-06T18:11:33Z" level=error msg="Failed to store events for file session_2026-08-06_10-56-08_444353_1/dec95c65bc663100ce18f14251f9ac8d65f501a20873d77a2471e9b7/job_events/03000000/dec95c65bc663100ce18f14251f9ac8d65f501a20873d77a2471e9b7-2026-08-06-17-1786038994971628750.jsonl: TASK_LIFECYCLE_EVENT must have at least one state transition"
time="2026-08-06T18:11:34Z" level=error msg="Failed to store events for file session_2026-08-06_10-56-08_444353_1/dec95c65bc663100ce18f14251f9ac8d65f501a20873d77a2471e9b7/job_events/03000000/dec95c65bc663100ce18f14251f9ac8d65f501a20873d77a2471e9b7-2026-08-06-17-1786038994971628750.jsonl: TASK_LIFECYCLE_EVENT must have at least one state transition"
time="2026-08-06T18:11:34Z" level=error msg="Failed to store events for file session_2026-08-06_10-56-08_444353_1/dec95c65bc663100ce18f14251f9ac8d65f501a20873d77a2471e9b7/job_events/03000000/dec95c65bc663100ce18f14251f9ac8d65f501a20873d77a2471e9b7-2026-08-06-17-1786038994971628750.jsonl: TASK_LIFECYCLE_EVENT must have at least one state transition"
time="2026-08-06T18:11:34Z" level=error msg="Failed to store events for file session_2026-08-06_10-56-08_444353_1/dec95c65bc663100ce18f14251f9ac8d65f501a20873d77a2471e9b7/job_events/03000000/dec95c65bc663100ce18f14251f9ac8d65f501a20873d77a2471e9b7-2026-08-06-17-1786038994971628750.jsonl: TASK_LIFECYCLE_EVENT must have at least one state transition"
time="2026-08-06T18:11:34Z" level=error msg="Failed to store events for file session_2026-08-06_10-56-08_444353_1/dec95c65bc663100ce18f14251f9ac8d65f501a20873d77a2471e9b7/job_events/03000000/dec95c65bc663100ce18f14251f9ac8d65f501a20873d77a2471e9b7-2026-08-06-17-1786038994971628750.jsonl: TASK_LIFECYCLE_EVENT must have at least one state transition"
time="2026-08-06T18:11:34Z" level=error msg="Failed to store events for file session_2026-08-06_10-56-08_444353_1/dec95c65bc663100ce18f14251f9ac8d65f501a20873d77a2471e9b7/job_events/03000000/dec95c65bc663100ce18f14251f9ac8d65f501a20873d77a2471e9b7-2026-08-06-17-1786038994971628750.jsonl: TASK_LIFECYCLE_EVENT must have at least one state transition"
time="2026-08-06T18:11:34Z" level=error msg="Failed to store events for file session_2026-08-06_10-56-08_444353_1/dec95c65bc663100ce18f14251f9ac8d65f501a20873d77a2471e9b7/job_events/03000000/dec95c65bc663100ce18f14251f9ac8d65f501a20873d77a2471e9b7-2026-08-06-17-1786038994971628750.jsonl: TASK_LIFECYCLE_EVENT must have at least one state transition"
time="2026-08-06T18:11:35Z" level=error msg="Failed to store events for file session_2026-08-06_10-56-08_444353_1/dec95c65bc663100ce18f14251f9ac8d65f501a20873d77a2471e9b7/job_events/03000000/dec95c65bc663100ce18f14251f9ac8d65f501a20873d77a2471e9b7-2026-08-06-17-1786038994971628750.jsonl: TASK_LIFECYCLE_EVENT must have at least one state transition"
time="2026-08-06T18:11:35Z" level=error msg="Failed to store events for file session_2026-08-06_10-56-08_444353_1/dec95c65bc663100ce18f14251f9ac8d65f501a20873d77a2471e9b7/job_events/03000000/dec95c65bc663100ce18f14251f9ac8d65f501a20873d77a2471e9b7-2026-08-06-17-1786038994971628750.jsonl: TASK_LIFECYCLE_EVENT must have at least one state transition"
time="2026-08-06T18:11:35Z" level=error msg="Failed to store events for file session_2026-08-06_10-56-08_444353_1/dec95c65bc663100ce18f14251f9ac8d65f501a20873d77a2471e9b7/job_events/03000000/dec95c65bc663100ce18f14251f9ac8d65f501a20873d77a2471e9b7-2026-08-06-17-1786038994971628750.jsonl: TASK_LIFECYCLE_EVENT must have at least one state transition"
time="2026-08-06T18:11:35Z" level=error msg="Failed to store events for file session_2026-08-06_10-56-08_444353_1/dec95c65bc663100ce18f14251f9ac8d65f501a20873d77a2471e9b7/job_events/03000000/dec95c65bc663100ce18f14251f9ac8d65f501a20873d77a2471e9b7-2026-08-06-17-1786038994971628750.jsonl: TASK_LIFECYCLE_EVENT must have at least one state transition"
time="2026-08-06T18:11:36Z" level=error msg="Failed to store events for file session_2026-08-06_10-56-08_444353_1/dec95c65bc663100ce18f14251f9ac8d65f501a20873d77a2471e9b7/job_events/03000000/dec95c65bc663100ce18f14251f9ac8d65f501a20873d77a2471e9b7-2026-08-06-17-1786038994971628750.jsonl: TASK_LIFECYCLE_EVENT must have at least one state transition"
time="2026-08-06T18:11:36Z" level=error msg="Failed to store events for file session_2026-08-06_10-56-08_444353_1/dec95c65bc663100ce18f14251f9ac8d65f501a20873d77a2471e9b7/job_events/03000000/dec95c65bc663100ce18f14251f9ac8d65f501a20873d77a2471e9b7-2026-08-06-17-1786038994971628750.jsonl: TASK_LIFECYCLE_EVENT must have at least one state transition"
time="2026-08-06T18:11:36Z" level=error msg="Failed to store events for file session_2026-08-06_10-56-08_444353_1/dec95c65bc663100ce18f14251f9ac8d65f501a20873d77a2471e9b7/job_events/03000000/dec95c65bc663100ce18f14251f9ac8d65f501a20873d77a2471e9b7-2026-08-06-17-1786038994971628750.jsonl: TASK_LIFECYCLE_EVENT must have at least one state transition"
time="2026-08-06T18:11:37Z" level=error msg="Failed to store events for file session_2026-08-06_10-56-08_444353_1/dec95c65bc663100ce18f14251f9ac8d65f501a20873d77a2471e9b7/job_events/03000000/dec95c65bc663100ce18f14251f9ac8d65f501a20873d77a2471e9b7-2026-08-06-17-1786038994971628750.jsonl: TASK_LIFECYCLE_EVENT must have at least one state transition"
time="2026-08-06T18:11:37Z" level=error msg="Failed to store events for file session_2026-08-06_10-56-08_444353_1/dec95c65bc663100ce18f14251f9ac8d65f501a20873d77a2471e9b7/job_events/03000000/dec95c65bc663100ce18f14251f9ac8d65f501a20873d77a2471e9b7-2026-08-06-17-1786038994971628750.jsonl: TASK_LIFECYCLE_EVENT must have at least one state transition"
time="2026-08-06T18:11:37Z" level=error msg="Failed to store events for file session_2026-08-06_10-56-08_444353_1/dec95c65bc663100ce18f14251f9ac8d65f501a20873d77a2471e9b7/job_events/03000000/dec95c65bc663100ce18f14251f9ac8d65f501a20873d77a2471e9b7-2026-08-06-17-1786038994971628750.jsonl: TASK_LIFECYCLE_EVENT must have at least one state transition"
time="2026-08-06T18:11:38Z" level=error msg="Failed to store events for file session_2026-08-06_10-56-08_444353_1/dec95c65bc663100ce18f14251f9ac8d65f501a20873d77a2471e9b7/job_events/03000000/dec95c65bc663100ce18f14251f9ac8d65f501a20873d77a2471e9b7-2026-08-06-17-1786038994971628750.jsonl: TASK_LIFECYCLE_EVENT must have at least one state transition"
time="2026-08-06T18:11:38Z" level=error msg="Failed to store events for file session_2026-08-06_10-56-08_444353_1/dec95c65bc663100ce18f14251f9ac8d65f501a20873d77a2471e9b7/job_events/03000000/dec95c65bc663100ce18f14251f9ac8d65f501a20873d77a2471e9b7-2026-08-06-17-1786038994971628750.jsonl: TASK_LIFECYCLE_EVENT must have at least one state transition"
time="2026-08-06T18:11:38Z" level=error msg="Failed to store events for file session_2026-08-06_10-56-08_444353_1/dec95c65bc663100ce18f14251f9ac8d65f501a20873d77a2471e9b7/job_events/03000000/dec95c65bc663100ce18f14251f9ac8d65f501a20873d77a2471e9b7-2026-08-06-17-1786038994971628750.jsonl: TASK_LIFECYCLE_EVENT must have at least one state transition"
time="2026-08-06T18:11:38Z" level=error msg="Failed to store events for file session_2026-08-06_10-56-08_444353_1/dec95c65bc663100ce18f14251f9ac8d65f501a20873d77a2471e9b7/job_events/03000000/dec95c65bc663100ce18f14251f9ac8d65f501a20873d77a2471e9b7-2026-08-06-17-1786038994971628750.jsonl: TASK_LIFECYCLE_EVENT must have at least one state transition"
time="2026-08-06T18:11:39Z" level=error msg="Failed to store events for file session_2026-08-06_10-56-08_444353_1/dec95c65bc663100ce18f14251f9ac8d65f501a20873d77a2471e9b7/job_events/03000000/dec95c65bc663100ce18f14251f9ac8d65f501a20873d77a2471e9b7-2026-08-06-17-1786038994971628750.jsonl: TASK_LIFECYCLE_EVENT must have at least one state transition"
time="2026-08-06T18:11:39Z" level=error msg="Failed to store events for file session_2026-08-06_10-56-08_444353_1/dec95c65bc663100ce18f14251f9ac8d65f501a20873d77a2471e9b7/job_events/03000000/dec95c65bc663100ce18f14251f9ac8d65f501a20873d77a2471e9b7-2026-08-06-17-1786038994971628750.jsonl: TASK_LIFECYCLE_EVENT must have at least one state transition"
time="2026-08-06T18:11:39Z" level=error msg="Failed to store events for file session_2026-08-06_10-56-08_444353_1/dec95c65bc663100ce18f14251f9ac8d65f501a20873d77a2471e9b7/job_events/03000000/dec95c65bc663100ce18f14251f9ac8d65f501a20873d77a2471e9b7-2026-08-06-17-1786038994971628750.jsonl: TASK_LIFECYCLE_EVENT must have at least one state transition"
time="2026-08-06T18:11:40Z" level=error msg="Failed to store events for file session_2026-08-06_10-56-08_444353_1/dec95c65bc663100ce18f14251f9ac8d65f501a20873d77a2471e9b7/job_events/03000000/dec95c65bc663100ce18f14251f9ac8d65f501a20873d77a2471e9b7-2026-08-06-17-1786038994971628750.jsonl: TASK_LIFECYCLE_EVENT must have at least one state transition"
time="2026-08-06T18:11:40Z" level=error msg="Failed to store events for file session_2026-08-06_10-56-08_444353_1/dec95c65bc663100ce18f14251f9ac8d65f501a20873d77a2471e9b7/job_events/03000000/dec95c65bc663100ce18f14251f9ac8d65f501a20873d77a2471e9b7-2026-08-06-17-1786038994971628750.jsonl: TASK_LIFECYCLE_EVENT must have at least one state transition"
time="2026-08-06T18:11:40Z" level=error msg="Failed to store events for file session_2026-08-06_10-56-08_444353_1/dec95c65bc663100ce18f14251f9ac8d65f501a20873d77a2471e9b7/job_events/03000000/dec95c65bc663100ce18f14251f9ac8d65f501a20873d77a2471e9b7-2026-08-06-17-1786038994971628750.jsonl: TASK_LIFECYCLE_EVENT must have at least one state transition"
time="2026-08-06T18:11:40Z" level=error msg="Failed to store events for file session_2026-08-06_10-56-08_444353_1/dec95c65bc663100ce18f14251f9ac8d65f501a20873d77a2471e9b7/job_events/03000000/dec95c65bc663100ce18f14251f9ac8d65f501a20873d77a2471e9b7-2026-08-06-17-1786038994971628750.jsonl: TASK_LIFECYCLE_EVENT must have at least one state transition"
time="2026-08-06T18:11:40Z" level=error msg="Failed to store events for file session_2026-08-06_10-56-08_444353_1/dec95c65bc663100ce18f14251f9ac8d65f501a20873d77a2471e9b7/job_events/03000000/dec95c65bc663100ce18f14251f9ac8d65f501a20873d77a2471e9b7-2026-08-06-17-1786038994971628750.jsonl: TASK_LIFECYCLE_EVENT must have at least one state transition"
time="2026-08-06T18:11:41Z" level=error msg="Failed to store events for file session_2026-08-06_10-56-08_444353_1/dec95c65bc663100ce18f14251f9ac8d65f501a20873d77a2471e9b7/job_events/03000000/dec95c65bc663100ce18f14251f9ac8d65f501a20873d77a2471e9b7-2026-08-06-17-1786038994971628750.jsonl: TASK_LIFECYCLE_EVENT must have at least one state transition"
time="2026-08-06T18:11:41Z" level=error msg="Failed to store events for file session_2026-08-06_10-56-08_444353_1/dec95c65bc663100ce18f14251f9ac8d65f501a20873d77a2471e9b7/job_events/03000000/dec95c65bc663100ce18f14251f9ac8d65f501a20873d77a2471e9b7-2026-08-06-17-1786038994971628750.jsonl: TASK_LIFECYCLE_EVENT must have at least one state transition"
time="2026-08-06T18:11:41Z" level=info msg="Prepare to get object log/cluster-history/raycluster/test-ns-hnk4h/raycluster-historyserver/session_2026-08-06_10-56-08_444353_1/dec95c65bc663100ce18f14251f9ac8d65f501a20873d77a2471e9b7/job_events/03000000/dec95c65bc663100ce18f14251f9ac8d65f501a20873d77a2471e9b7-2026-08-06-17-1786039044467109009.jsonl info ..."
time="2026-08-06T18:11:56Z" level=error msg="Failed to store events for file session_2026-08-06_10-56-08_444353_1/dec95c65bc663100ce18f14251f9ac8d65f501a20873d77a2471e9b7/job_events/03000000/dec95c65bc663100ce18f14251f9ac8d65f501a20873d77a2471e9b7-2026-08-06-17-1786039044467109009.jsonl: TASK_LIFECYCLE_EVENT must have at least one state transition"
time="2026-08-06T18:11:56Z" level=error msg="Failed to store events for file session_2026-08-06_10-56-08_444353_1/dec95c65bc663100ce18f14251f9ac8d65f501a20873d77a2471e9b7/job_events/03000000/dec95c65bc663100ce18f14251f9ac8d65f501a20873d77a2471e9b7-2026-08-06-17-1786039044467109009.jsonl: TASK_LIFECYCLE_EVENT must have at least one state transition"
time="2026-08-06T18:11:57Z" level=error msg="Failed to store events for file session_2026-08-06_10-56-08_444353_1/dec95c65bc663100ce18f14251f9ac8d65f501a20873d77a2471e9b7/job_events/03000000/dec95c65bc663100ce18f14251f9ac8d65f501a20873d77a2471e9b7-2026-08-06-17-1786039044467109009.jsonl: TASK_LIFECYCLE_EVENT must have at least one state transition"
time="2026-08-06T18:11:57Z" level=error msg="Failed to store events for file session_2026-08-06_10-56-08_444353_1/dec95c65bc663100ce18f14251f9ac8d65f501a20873d77a2471e9b7/job_events/03000000/dec95c65bc663100ce18f14251f9ac8d65f501a20873d77a2471e9b7-2026-08-06-17-1786039044467109009.jsonl: TASK_LIFECYCLE_EVENT must have at least one state transition"
time="2026-08-06T18:11:57Z" level=error msg="Failed to store events for file session_2026-08-06_10-56-08_444353_1/dec95c65bc663100ce18f14251f9ac8d65f501a20873d77a2471e9b7/job_events/03000000/dec95c65bc663100ce18f14251f9ac8d65f501a20873d77a2471e9b7-2026-08-06-17-1786039044467109009.jsonl: TASK_LIFECYCLE_EVENT must have at least one state transition"
time="2026-08-06T18:11:58Z" level=error msg="Failed to store events for file session_2026-08-06_10-56-08_444353_1/dec95c65bc663100ce18f14251f9ac8d65f501a20873d77a2471e9b7/job_events/03000000/dec95c65bc663100ce18f14251f9ac8d65f501a20873d77a2471e9b7-2026-08-06-17-1786039044467109009.jsonl: TASK_LIFECYCLE_EVENT must have at least one state transition"
time="2026-08-06T18:11:58Z" level=error msg="Failed to store events for file session_2026-08-06_10-56-08_444353_1/dec95c65bc663100ce18f14251f9ac8d65f501a20873d77a2471e9b7/job_events/03000000/dec95c65bc663100ce18f14251f9ac8d65f501a20873d77a2471e9b7-2026-08-06-17-1786039044467109009.jsonl: TASK_LIFECYCLE_EVENT must have at least one state transition"
time="2026-08-06T18:11:58Z" level=error msg="Failed to store events for file session_2026-08-06_10-56-08_444353_1/dec95c65bc663100ce18f14251f9ac8d65f501a20873d77a2471e9b7/job_events/03000000/dec95c65bc663100ce18f14251f9ac8d65f501a20873d77a2471e9b7-2026-08-06-17-1786039044467109009.jsonl: TASK_LIFECYCLE_EVENT must have at least one state transition"
time="2026-08-06T18:11:59Z" level=error msg="Failed to store events for file session_2026-08-06_10-56-08_444353_1/dec95c65bc663100ce18f14251f9ac8d65f501a20873d77a2471e9b7/job_events/03000000/dec95c65bc663100ce18f14251f9ac8d65f501a20873d77a2471e9b7-2026-08-06-17-1786039044467109009.jsonl: TASK_LIFECYCLE_EVENT must have at least one state transition"
time="2026-08-06T18:11:59Z" level=error msg="Failed to store events for file session_2026-08-06_10-56-08_444353_1/dec95c65bc663100ce18f14251f9ac8d65f501a20873d77a2471e9b7/job_events/03000000/dec95c65bc663100ce18f14251f9ac8d65f501a20873d77a2471e9b7-2026-08-06-17-1786039044467109009.jsonl: TASK_LIFECYCLE_EVENT must have at least one state transition"
time="2026-08-06T18:11:59Z" level=error msg="Failed to store events for file session_2026-08-06_10-56-08_444353_1/dec95c65bc663100ce18f14251f9ac8d65f501a20873d77a2471e9b7/job_events/03000000/dec95c65bc663100ce18f14251f9ac8d65f501a20873d77a2471e9b7-2026-08-06-17-1786039044467109009.jsonl: TASK_LIFECYCLE_EVENT must have at least one state transition"
time="2026-08-06T18:11:59Z" level=error msg="Failed to store events for file session_2026-08-06_10-56-08_444353_1/dec95c65bc663100ce18f14251f9ac8d65f501a20873d77a2471e9b7/job_events/03000000/dec95c65bc663100ce18f14251f9ac8d65f501a20873d77a2471e9b7-2026-08-06-17-1786039044467109009.jsonl: TASK_LIFECYCLE_EVENT must have at least one state transition"
time="2026-08-06T18:12:00Z" level=error msg="Failed to store events for file session_2026-08-06_10-56-08_444353_1/dec95c65bc663100ce18f14251f9ac8d65f501a20873d77a2471e9b7/job_events/03000000/dec95c65bc663100ce18f14251f9ac8d65f501a20873d77a2471e9b7-2026-08-06-17-1786039044467109009.jsonl: TASK_LIFECYCLE_EVENT must have at least one state transition"
time="2026-08-06T18:12:00Z" level=error msg="Failed to store events for file session_2026-08-06_10-56-08_444353_1/dec95c65bc663100ce18f14251f9ac8d65f501a20873d77a2471e9b7/job_events/03000000/dec95c65bc663100ce18f14251f9ac8d65f501a20873d77a2471e9b7-2026-08-06-17-1786039044467109009.jsonl: TASK_LIFECYCLE_EVENT must have at least one state transition"
time="2026-08-06T18:12:00Z" level=error msg="Failed to store events for file session_2026-08-06_10-56-08_444353_1/dec95c65bc663100ce18f14251f9ac8d65f501a20873d77a2471e9b7/job_events/03000000/dec95c65bc663100ce18f14251f9ac8d65f501a20873d77a2471e9b7-2026-08-06-17-1786039044467109009.jsonl: TASK_LIFECYCLE_EVENT must have at least one state transition"
time="2026-08-06T18:12:01Z" level=error msg="Failed to store events for file session_2026-08-06_10-56-08_444353_1/dec95c65bc663100ce18f14251f9ac8d65f501a20873d77a2471e9b7/job_events/03000000/dec95c65bc663100ce18f14251f9ac8d65f501a20873d77a2471e9b7-2026-08-06-17-1786039044467109009.jsonl: TASK_LIFECYCLE_EVENT must have at least one state transition"
time="2026-08-06T18:12:02Z" level=error msg="Failed to store events for file session_2026-08-06_10-56-08_444353_1/dec95c65bc663100ce18f14251f9ac8d65f501a20873d77a2471e9b7/job_events/03000000/dec95c65bc663100ce18f14251f9ac8d65f501a20873d77a2471e9b7-2026-08-06-17-1786039044467109009.jsonl: TASK_LIFECYCLE_EVENT must have at least one state transition"
time="2026-08-06T18:12:02Z" level=error msg="Failed to store events for file session_2026-08-06_10-56-08_444353_1/dec95c65bc663100ce18f14251f9ac8d65f501a20873d77a2471e9b7/job_events/03000000/dec95c65bc663100ce18f14251f9ac8d65f501a20873d77a2471e9b7-2026-08-06-17-1786039044467109009.jsonl: TASK_LIFECYCLE_EVENT must have at least one state transition"
time="2026-08-06T18:12:02Z" level=error msg="Failed to store events for file session_2026-08-06_10-56-08_444353_1/dec95c65bc663100ce18f14251f9ac8d65f501a20873d77a2471e9b7/job_events/03000000/dec95c65bc663100ce18f14251f9ac8d65f501a20873d77a2471e9b7-2026-08-06-17-1786039044467109009.jsonl: TASK_LIFECYCLE_EVENT must have at least one state transition"
time="2026-08-06T18:12:02Z" level=error msg="Failed to store events for file session_2026-08-06_10-56-08_444353_1/dec95c65bc663100ce18f14251f9ac8d65f501a20873d77a2471e9b7/job_events/03000000/dec95c65bc663100ce18f14251f9ac8d65f501a20873d77a2471e9b7-2026-08-06-17-1786039044467109009.jsonl: TASK_LIFECYCLE_EVENT must have at least one state transition"
time="2026-08-06T18:12:02Z" level=error msg="Failed to store events for file session_2026-08-06_10-56-08_444353_1/dec95c65bc663100ce18f14251f9ac8d65f501a20873d77a2471e9b7/job_events/03000000/dec95c65bc663100ce18f14251f9ac8d65f501a20873d77a2471e9b7-2026-08-06-17-1786039044467109009.jsonl: TASK_LIFECYCLE_EVENT must have at least one state transition"
time="2026-08-06T18:12:02Z" level=error msg="Failed to store events for file session_2026-08-06_10-56-08_444353_1/dec95c65bc663100ce18f14251f9ac8d65f501a20873d77a2471e9b7/job_events/03000000/dec95c65bc663100ce18f14251f9ac8d65f501a20873d77a2471e9b7-2026-08-06-17-1786039044467109009.jsonl: TASK_LIFECYCLE_EVENT must have at least one state transition"
time="2026-08-06T18:12:02Z" level=error msg="Failed to store events for file session_2026-08-06_10-56-08_444353_1/dec95c65bc663100ce18f14251f9ac8d65f501a20873d77a2471e9b7/job_events/03000000/dec95c65bc663100ce18f14251f9ac8d65f501a20873d77a2471e9b7-2026-08-06-17-1786039044467109009.jsonl: TASK_LIFECYCLE_EVENT must have at least one state transition"
time="2026-08-06T18:12:03Z" level=error msg="Failed to store events for file session_2026-08-06_10-56-08_444353_1/dec95c65bc663100ce18f14251f9ac8d65f501a20873d77a2471e9b7/job_events/03000000/dec95c65bc663100ce18f14251f9ac8d65f501a20873d77a2471e9b7-2026-08-06-17-1786039044467109009.jsonl: TASK_LIFECYCLE_EVENT must have at least one state transition"
time="2026-08-06T18:12:03Z" level=error msg="Failed to store events for file session_2026-08-06_10-56-08_444353_1/dec95c65bc663100ce18f14251f9ac8d65f501a20873d77a2471e9b7/job_events/03000000/dec95c65bc663100ce18f14251f9ac8d65f501a20873d77a2471e9b7-2026-08-06-17-1786039044467109009.jsonl: TASK_LIFECYCLE_EVENT must have at least one state transition"
time="2026-08-06T18:12:03Z" level=error msg="Failed to store events for file session_2026-08-06_10-56-08_444353_1/dec95c65bc663100ce18f14251f9ac8d65f501a20873d77a2471e9b7/job_events/03000000/dec95c65bc663100ce18f14251f9ac8d65f501a20873d77a2471e9b7-2026-08-06-17-1786039044467109009.jsonl: TASK_LIFECYCLE_EVENT must have at least one state transition"
time="2026-08-06T18:12:03Z" level=error msg="Failed to store events for file session_2026-08-06_10-56-08_444353_1/dec95c65bc663100ce18f14251f9ac8d65f501a20873d77a2471e9b7/job_events/03000000/dec95c65bc663100ce18f14251f9ac8d65f501a20873d77a2471e9b7-2026-08-06-17-1786039044467109009.jsonl: TASK_LIFECYCLE_EVENT must have at least one state transition"
time="2026-08-06T18:12:04Z" level=error msg="Failed to store events for file session_2026-08-06_10-56-08_444353_1/dec95c65bc663100ce18f14251f9ac8d65f501a20873d77a2471e9b7/job_events/03000000/dec95c65bc663100ce18f14251f9ac8d65f501a20873d77a2471e9b7-2026-08-06-17-1786039044467109009.jsonl: TASK_LIFECYCLE_EVENT must have at least one state transition"
time="2026-08-06T18:12:04Z" level=error msg="Failed to store events for file session_2026-08-06_10-56-08_444353_1/dec95c65bc663100ce18f14251f9ac8d65f501a20873d77a2471e9b7/job_events/03000000/dec95c65bc663100ce18f14251f9ac8d65f501a20873d77a2471e9b7-2026-08-06-17-1786039044467109009.jsonl: TASK_LIFECYCLE_EVENT must have at least one state transition"
time="2026-08-06T18:12:04Z" level=error msg="Failed to store events for file session_2026-08-06_10-56-08_444353_1/dec95c65bc663100ce18f14251f9ac8d65f501a20873d77a2471e9b7/job_events/03000000/dec95c65bc663100ce18f14251f9ac8d65f501a20873d77a2471e9b7-2026-08-06-17-1786039044467109009.jsonl: TASK_LIFECYCLE_EVENT must have at least one state transition"
time="2026-08-06T18:12:04Z" level=error msg="Failed to store events for file session_2026-08-06_10-56-08_444353_1/dec95c65bc663100ce18f14251f9ac8d65f501a20873d77a2471e9b7/job_events/03000000/dec95c65bc663100ce18f14251f9ac8d65f501a20873d77a2471e9b7-2026-08-06-17-1786039044467109009.jsonl: TASK_LIFECYCLE_EVENT must have at least one state transition"
time="2026-08-06T18:12:04Z" level=error msg="Failed to store events for file session_2026-08-06_10-56-08_444353_1/dec95c65bc663100ce18f14251f9ac8d65f501a20873d77a2471e9b7/job_events/03000000/dec95c65bc663100ce18f14251f9ac8d65f501a20873d77a2471e9b7-2026-08-06-17-1786039044467109009.jsonl: TASK_LIFECYCLE_EVENT must have at least one state transition"
time="2026-08-06T18:12:04Z" level=error msg="Failed to store events for file session_2026-08-06_10-56-08_444353_1/dec95c65bc663100ce18f14251f9ac8d65f501a20873d77a2471e9b7/job_events/03000000/dec95c65bc663100ce18f14251f9ac8d65f501a20873d77a2471e9b7-2026-08-06-17-1786039044467109009.jsonl: TASK_LIFECYCLE_EVENT must have at least one state transition"
time="2026-08-06T18:12:05Z" level=error msg="Failed to store events for file session_2026-08-06_10-56-08_444353_1/dec95c65bc663100ce18f14251f9ac8d65f501a20873d77a2471e9b7/job_events/03000000/dec95c65bc663100ce18f14251f9ac8d65f501a20873d77a2471e9b7-2026-08-06-17-1786039044467109009.jsonl: TASK_LIFECYCLE_EVENT must have at least one state transition"
time="2026-08-06T18:12:05Z" level=error msg="Failed to store events for file session_2026-08-06_10-56-08_444353_1/dec95c65bc663100ce18f14251f9ac8d65f501a20873d77a2471e9b7/job_events/03000000/dec95c65bc663100ce18f14251f9ac8d65f501a20873d77a2471e9b7-2026-08-06-17-1786039044467109009.jsonl: TASK_LIFECYCLE_EVENT must have at least one state transition"
time="2026-08-06T18:12:05Z" level=error msg="Failed to store events for file session_2026-08-06_10-56-08_444353_1/dec95c65bc663100ce18f14251f9ac8d65f501a20873d77a2471e9b7/job_events/03000000/dec95c65bc663100ce18f14251f9ac8d65f501a20873d77a2471e9b7-2026-08-06-17-1786039044467109009.jsonl: TASK_LIFECYCLE_EVENT must have at least one state transition"
time="2026-08-06T18:12:05Z" level=error msg="Failed to store events for file session_2026-08-06_10-56-08_444353_1/dec95c65bc663100ce18f14251f9ac8d65f501a20873d77a2471e9b7/job_events/03000000/dec95c65bc663100ce18f14251f9ac8d65f501a20873d77a2471e9b7-2026-08-06-17-1786039044467109009.jsonl: TASK_LIFECYCLE_EVENT must have at least one state transition"
time="2026-08-06T18:12:05Z" level=error msg="Failed to store events for file session_2026-08-06_10-56-08_444353_1/dec95c65bc663100ce18f14251f9ac8d65f501a20873d77a2471e9b7/job_events/03000000/dec95c65bc663100ce18f14251f9ac8d65f501a20873d77a2471e9b7-2026-08-06-17-1786039044467109009.jsonl: TASK_LIFECYCLE_EVENT must have at least one state transition"
time="2026-08-06T18:12:05Z" level=error msg="Failed to store events for file session_2026-08-06_10-56-08_444353_1/dec95c65bc663100ce18f14251f9ac8d65f501a20873d77a2471e9b7/job_events/03000000/dec95c65bc663100ce18f14251f9ac8d65f501a20873d77a2471e9b7-2026-08-06-17-1786039044467109009.jsonl: TASK_LIFECYCLE_EVENT must have at least one state transition"
time="2026-08-06T18:12:06Z" level=error msg="Failed to store events for file session_2026-08-06_10-56-08_444353_1/dec95c65bc663100ce18f14251f9ac8d65f501a20873d77a2471e9b7/job_events/03000000/dec95c65bc663100ce18f14251f9ac8d65f501a20873d77a2471e9b7-2026-08-06-17-1786039044467109009.jsonl: TASK_LIFECYCLE_EVENT must have at least one state transition"
time="2026-08-06T18:12:06Z" level=error msg="Failed to store events for file session_2026-08-06_10-56-08_444353_1/dec95c65bc663100ce18f14251f9ac8d65f501a20873d77a2471e9b7/job_events/03000000/dec95c65bc663100ce18f14251f9ac8d65f501a20873d77a2471e9b7-2026-08-06-17-1786039044467109009.jsonl: TASK_LIFECYCLE_EVENT must have at least one state transition"
time="2026-08-06T18:12:06Z" level=error msg="Failed to store events for file session_2026-08-06_10-56-08_444353_1/dec95c65bc663100ce18f14251f9ac8d65f501a20873d77a2471e9b7/job_events/03000000/dec95c65bc663100ce18f14251f9ac8d65f501a20873d77a2471e9b7-2026-08-06-17-1786039044467109009.jsonl: TASK_LIFECYCLE_EVENT must have at least one state transition"
time="2026-08-06T18:12:06Z" level=error msg="Failed to store events for file session_2026-08-06_10-56-08_444353_1/dec95c65bc663100ce18f14251f9ac8d65f501a20873d77a2471e9b7/job_events/03000000/dec95c65bc663100ce18f14251f9ac8d65f501a20873d77a2471e9b7-2026-08-06-17-1786039044467109009.jsonl: TASK_LIFECYCLE_EVENT must have at least one state transition"
time="2026-08-06T18:12:06Z" level=error msg="Failed to store events for file session_2026-08-06_10-56-08_444353_1/dec95c65bc663100ce18f14251f9ac8d65f501a20873d77a2471e9b7/job_events/03000000/dec95c65bc663100ce18f14251f9ac8d65f501a20873d77a2471e9b7-2026-08-06-17-1786039044467109009.jsonl: TASK_LIFECYCLE_EVENT must have at least one state transition"
time="2026-08-06T18:12:06Z" level=error msg="Failed to store events for file session_2026-08-06_10-56-08_444353_1/dec95c65bc663100ce18f14251f9ac8d65f501a20873d77a2471e9b7/job_events/03000000/dec95c65bc663100ce18f14251f9ac8d65f501a20873d77a2471e9b7-2026-08-06-17-1786039044467109009.jsonl: TASK_LIFECYCLE_EVENT must have at least one state transition"
time="2026-08-06T18:12:07Z" level=error msg="Failed to store events for file session_2026-08-06_10-56-08_444353_1/dec95c65bc663100ce18f14251f9ac8d65f501a20873d77a2471e9b7/job_events/03000000/dec95c65bc663100ce18f14251f9ac8d65f501a20873d77a2471e9b7-2026-08-06-17-1786039044467109009.jsonl: TASK_LIFECYCLE_EVENT must have at least one state transition"
time="2026-08-06T18:12:07Z" level=error msg="Failed to store events for file session_2026-08-06_10-56-08_444353_1/dec95c65bc663100ce18f14251f9ac8d65f501a20873d77a2471e9b7/job_events/03000000/dec95c65bc663100ce18f14251f9ac8d65f501a20873d77a2471e9b7-2026-08-06-17-1786039044467109009.jsonl: TASK_LIFECYCLE_EVENT must have at least one state transition"
time="2026-08-06T18:12:07Z" level=error msg="Failed to store events for file session_2026-08-06_10-56-08_444353_1/dec95c65bc663100ce18f14251f9ac8d65f501a20873d77a2471e9b7/job_events/03000000/dec95c65bc663100ce18f14251f9ac8d65f501a20873d77a2471e9b7-2026-08-06-17-1786039044467109009.jsonl: TASK_LIFECYCLE_EVENT must have at least one state transition"
time="2026-08-06T18:12:07Z" level=error msg="Failed to store events for file session_2026-08-06_10-56-08_444353_1/dec95c65bc663100ce18f14251f9ac8d65f501a20873d77a2471e9b7/job_events/03000000/dec95c65bc663100ce18f14251f9ac8d65f501a20873d77a2471e9b7-2026-08-06-17-1786039044467109009.jsonl: TASK_LIFECYCLE_EVENT must have at least one state transition"
time="2026-08-06T18:12:07Z" level=error msg="Failed to store events for file session_2026-08-06_10-56-08_444353_1/dec95c65bc663100ce18f14251f9ac8d65f501a20873d77a2471e9b7/job_events/03000000/dec95c65bc663100ce18f14251f9ac8d65f501a20873d77a2471e9b7-2026-08-06-17-1786039044467109009.jsonl: TASK_LIFECYCLE_EVENT must have at least one state transition"
time="2026-08-06T18:12:08Z" level=error msg="Failed to store events for file session_2026-08-06_10-56-08_444353_1/dec95c65bc663100ce18f14251f9ac8d65f501a20873d77a2471e9b7/job_events/03000000/dec95c65bc663100ce18f14251f9ac8d65f501a20873d77a2471e9b7-2026-08-06-17-1786039044467109009.jsonl: TASK_LIFECYCLE_EVENT must have at least one state transition"
time="2026-08-06T18:12:08Z" level=error msg="Failed to store events for file session_2026-08-06_10-56-08_444353_1/dec95c65bc663100ce18f14251f9ac8d65f501a20873d77a2471e9b7/job_events/03000000/dec95c65bc663100ce18f14251f9ac8d65f501a20873d77a2471e9b7-2026-08-06-17-1786039044467109009.jsonl: TASK_LIFECYCLE_EVENT must have at least one state transition"
time="2026-08-06T18:12:09Z" level=error msg="Failed to store events for file session_2026-08-06_10-56-08_444353_1/dec95c65bc663100ce18f14251f9ac8d65f501a20873d77a2471e9b7/job_events/03000000/dec95c65bc663100ce18f14251f9ac8d65f501a20873d77a2471e9b7-2026-08-06-17-1786039044467109009.jsonl: TASK_LIFECYCLE_EVENT must have at least one state transition"
time="2026-08-06T18:12:09Z" level=error msg="Failed to store events for file session_2026-08-06_10-56-08_444353_1/dec95c65bc663100ce18f14251f9ac8d65f501a20873d77a2471e9b7/job_events/03000000/dec95c65bc663100ce18f14251f9ac8d65f501a20873d77a2471e9b7-2026-08-06-17-1786039044467109009.jsonl: TASK_LIFECYCLE_EVENT must have at least one state transition"
time="2026-08-06T18:12:10Z" level=error msg="Failed to store events for file session_2026-08-06_10-56-08_444353_1/dec95c65bc663100ce18f14251f9ac8d65f501a20873d77a2471e9b7/job_events/03000000/dec95c65bc663100ce18f14251f9ac8d65f501a20873d77a2471e9b7-2026-08-06-17-1786039044467109009.jsonl: TASK_LIFECYCLE_EVENT must have at least one state transition"
time="2026-08-06T18:12:10Z" level=error msg="Failed to store events for file session_2026-08-06_10-56-08_444353_1/dec95c65bc663100ce18f14251f9ac8d65f501a20873d77a2471e9b7/job_events/03000000/dec95c65bc663100ce18f14251f9ac8d65f501a20873d77a2471e9b7-2026-08-06-17-1786039044467109009.jsonl: TASK_LIFECYCLE_EVENT must have at least one state transition"
time="2026-08-06T18:12:10Z" level=error msg="Failed to store events for file session_2026-08-06_10-56-08_444353_1/dec95c65bc663100ce18f14251f9ac8d65f501a20873d77a2471e9b7/job_events/03000000/dec95c65bc663100ce18f14251f9ac8d65f501a20873d77a2471e9b7-2026-08-06-17-1786039044467109009.jsonl: TASK_LIFECYCLE_EVENT must have at least one state transition"
time="2026-08-06T18:12:11Z" level=error msg="Failed to store events for file session_2026-08-06_10-56-08_444353_1/dec95c65bc663100ce18f14251f9ac8d65f501a20873d77a2471e9b7/job_events/03000000/dec95c65bc663100ce18f14251f9ac8d65f501a20873d77a2471e9b7-2026-08-06-17-1786039044467109009.jsonl: TASK_LIFECYCLE_EVENT must have at least one state transition"
time="2026-08-06T18:12:11Z" level=error msg="Failed to store events for file session_2026-08-06_10-56-08_444353_1/dec95c65bc663100ce18f14251f9ac8d65f501a20873d77a2471e9b7/job_events/03000000/dec95c65bc663100ce18f14251f9ac8d65f501a20873d77a2471e9b7-2026-08-06-17-1786039044467109009.jsonl: TASK_LIFECYCLE_EVENT must have at least one state transition"
time="2026-08-06T18:12:12Z" level=error msg="Failed to store events for file session_2026-08-06_10-56-08_444353_1/dec95c65bc663100ce18f14251f9ac8d65f501a20873d77a2471e9b7/job_events/03000000/dec95c65bc663100ce18f14251f9ac8d65f501a20873d77a2471e9b7-2026-08-06-17-1786039044467109009.jsonl: TASK_LIFECYCLE_EVENT must have at least one state transition"
time="2026-08-06T18:12:12Z" level=error msg="Failed to store events for file session_2026-08-06_10-56-08_444353_1/dec95c65bc663100ce18f14251f9ac8d65f501a20873d77a2471e9b7/job_events/03000000/dec95c65bc663100ce18f14251f9ac8d65f501a20873d77a2471e9b7-2026-08-06-17-1786039044467109009.jsonl: TASK_LIFECYCLE_EVENT must have at least one state transition"
time="2026-08-06T18:12:12Z" level=error msg="Failed to store events for file session_2026-08-06_10-56-08_444353_1/dec95c65bc663100ce18f14251f9ac8d65f501a20873d77a2471e9b7/job_events/03000000/dec95c65bc663100ce18f14251f9ac8d65f501a20873d77a2471e9b7-2026-08-06-17-1786039044467109009.jsonl: TASK_LIFECYCLE_EVENT must have at least one state transition"
time="2026-08-06T18:12:13Z" level=error msg="Failed to store events for file session_2026-08-06_10-56-08_444353_1/dec95c65bc663100ce18f14251f9ac8d65f501a20873d77a2471e9b7/job_events/03000000/dec95c65bc663100ce18f14251f9ac8d65f501a20873d77a2471e9b7-2026-08-06-17-1786039044467109009.jsonl: TASK_LIFECYCLE_EVENT must have at least one state transition"
time="2026-08-06T18:12:13Z" level=error msg="Failed to store events for file session_2026-08-06_10-56-08_444353_1/dec95c65bc663100ce18f14251f9ac8d65f501a20873d77a2471e9b7/job_events/03000000/dec95c65bc663100ce18f14251f9ac8d65f501a20873d77a2471e9b7-2026-08-06-17-1786039044467109009.jsonl: TASK_LIFECYCLE_EVENT must have at least one state transition"
time="2026-08-06T18:12:13Z" level=error msg="Failed to store events for file session_2026-08-06_10-56-08_444353_1/dec95c65bc663100ce18f14251f9ac8d65f501a20873d77a2471e9b7/job_events/03000000/dec95c65bc663100ce18f14251f9ac8d65f501a20873d77a2471e9b7-2026-08-06-17-1786039044467109009.jsonl: TASK_LIFECYCLE_EVENT must have at least one state transition"
time="2026-08-06T18:12:13Z" level=error msg="Failed to store events for file session_2026-08-06_10-56-08_444353_1/dec95c65bc663100ce18f14251f9ac8d65f501a20873d77a2471e9b7/job_events/03000000/dec95c65bc663100ce18f14251f9ac8d65f501a20873d77a2471e9b7-2026-08-06-17-1786039044467109009.jsonl: TASK_LIFECYCLE_EVENT must have at least one state transition"
time="2026-08-06T18:12:13Z" level=error msg="Failed to store events for file session_2026-08-06_10-56-08_444353_1/dec95c65bc663100ce18f14251f9ac8d65f501a20873d77a2471e9b7/job_events/03000000/dec95c65bc663100ce18f14251f9ac8d65f501a20873d77a2471e9b7-2026-08-06-17-1786039044467109009.jsonl: TASK_LIFECYCLE_EVENT must have at least one state transition"
time="2026-08-06T18:12:13Z" level=error msg="Failed to store events for file session_2026-08-06_10-56-08_444353_1/dec95c65bc663100ce18f14251f9ac8d65f501a20873d77a2471e9b7/job_events/03000000/dec95c65bc663100ce18f14251f9ac8d65f501a20873d77a2471e9b7-2026-08-06-17-1786039044467109009.jsonl: TASK_LIFECYCLE_EVENT must have at least one state transition"
time="2026-08-06T18:12:13Z" level=error msg="Failed to store events for file session_2026-08-06_10-56-08_444353_1/dec95c65bc663100ce18f14251f9ac8d65f501a20873d77a2471e9b7/job_events/03000000/dec95c65bc663100ce18f14251f9ac8d65f501a20873d77a2471e9b7-2026-08-06-17-1786039044467109009.jsonl: TASK_LIFECYCLE_EVENT must have at least one state transition"
time="2026-08-06T18:12:13Z" level=error msg="Failed to store events for file session_2026-08-06_10-56-08_444353_1/dec95c65bc663100ce18f14251f9ac8d65f501a20873d77a2471e9b7/job_events/03000000/dec95c65bc663100ce18f14251f9ac8d65f501a20873d77a2471e9b7-2026-08-06-17-1786039044467109009.jsonl: TASK_LIFECYCLE_EVENT must have at least one state transition"
time="2026-08-06T18:12:13Z" level=error msg="Failed to store events for file session_2026-08-06_10-56-08_444353_1/dec95c65bc663100ce18f14251f9ac8d65f501a20873d77a2471e9b7/job_events/03000000/dec95c65bc663100ce18f14251f9ac8d65f501a20873d77a2471e9b7-2026-08-06-17-1786039044467109009.jsonl: TASK_LIFECYCLE_EVENT must have at least one state transition"
time="2026-08-06T18:12:14Z" level=error msg="Failed to store events for file session_2026-08-06_10-56-08_444353_1/dec95c65bc663100ce18f14251f9ac8d65f501a20873d77a2471e9b7/job_events/03000000/dec95c65bc663100ce18f14251f9ac8d65f501a20873d77a2471e9b7-2026-08-06-17-1786039044467109009.jsonl: TASK_LIFECYCLE_EVENT must have at least one state transition"
time="2026-08-06T18:12:14Z" level=error msg="Failed to store events for file session_2026-08-06_10-56-08_444353_1/dec95c65bc663100ce18f14251f9ac8d65f501a20873d77a2471e9b7/job_events/03000000/dec95c65bc663100ce18f14251f9ac8d65f501a20873d77a2471e9b7-2026-08-06-17-1786039044467109009.jsonl: TASK_LIFECYCLE_EVENT must have at least one state transition"
time="2026-08-06T18:12:14Z" level=error msg="Failed to load session test-ns-hnk4h/raycluster-historyserver/session_2026-08-06_10-56-08_444353_1: context deadline exceeded"
time="2026-08-06T18:12:24Z" level=info msg="Received request: GET /enter_cluster/test-ns-hnk4h/raycluster/raycluster-historyserver/session_2026-08-06_10-56-08_444353_1"
time="2026-08-06T18:12:24Z" level=info msg="[List]Returned objects in log/cluster-metadata/. length of page.Contents: 2, length of page.CommonPrefixes: 0"
time="2026-08-06T18:12:24Z" level=error msg="Failed to parse meta file path: log/cluster-metadata/raycluster/test-ns-hnk4h_raycluster-historyserver/, error: invalid path segment count for cluster metadata structure: log/cluster-metadata/raycluster/test-ns-hnk4h_raycluster-historyserver/"
time="2026-08-06T18:12:24Z" level=info msg="Parsed cluster raycluster-historyserver for session session_2026-08-06_10-56-08_444353_1 to list"
time="2026-08-06T18:12:24Z" level=info msg="[ListFiles]Returned objects in log/cluster-history/raycluster/test-ns-hnk4h/raycluster-historyserver/session_2026-08-06_10-56-08_444353_1/. length of page.Contents: 0, length of page.CommonPrefixes: 3"
time="2026-08-06T18:12:24Z" level=info msg="[ListFiles]Returned objects in log/cluster-history/raycluster/test-ns-hnk4h/raycluster-historyserver/session_2026-08-06_10-56-08_444353_1/2be41aea8b4f1ff29e7c0f1be8edbe79d4e840a366ce7321a75ab52e/logs/events/. length of page.Contents: 11, length of page.CommonPrefixes: 0"
time="2026-08-06T18:12:24Z" level=info msg="Prepare to get object log/cluster-history/raycluster/test-ns-hnk4h/raycluster-historyserver/session_2026-08-06_10-56-08_444353_1/2be41aea8b4f1ff29e7c0f1be8edbe79d4e840a366ce7321a75ab52e/logs/events/event_AUTOSCALER.log info ..."
time="2026-08-06T18:12:24Z" level=info msg="Prepare to get object log/cluster-history/raycluster/test-ns-hnk4h/raycluster-historyserver/session_2026-08-06_10-56-08_444353_1/2be41aea8b4f1ff29e7c0f1be8edbe79d4e840a366ce7321a75ab52e/logs/events/event_CORE_WORKER_1019.log info ..."
time="2026-08-06T18:12:24Z" level=info msg="Prepare to get object log/cluster-history/raycluster/test-ns-hnk4h/raycluster-historyserver/session_2026-08-06_10-56-08_444353_1/2be41aea8b4f1ff29e7c0f1be8edbe79d4e840a366ce7321a75ab52e/logs/events/event_CORE_WORKER_1163.log info ..."
time="2026-08-06T18:12:24Z" level=info msg="Prepare to get object log/cluster-history/raycluster/test-ns-hnk4h/raycluster-historyserver/session_2026-08-06_10-56-08_444353_1/2be41aea8b4f1ff29e7c0f1be8edbe79d4e840a366ce7321a75ab52e/logs/events/event_CORE_WORKER_200.log info ..."
time="2026-08-06T18:12:24Z" level=info msg="Prepare to get object log/cluster-history/raycluster/test-ns-hnk4h/raycluster-historyserver/session_2026-08-06_10-56-08_444353_1/2be41aea8b4f1ff29e7c0f1be8edbe79d4e840a366ce7321a75ab52e/logs/events/event_CORE_WORKER_205.log info ..."
time="2026-08-06T18:12:24Z" level=info msg="Prepare to get object log/cluster-history/raycluster/test-ns-hnk4h/raycluster-historyserver/session_2026-08-06_10-56-08_444353_1/2be41aea8b4f1ff29e7c0f1be8edbe79d4e840a366ce7321a75ab52e/logs/events/event_CORE_WORKER_677.log info ..."
time="2026-08-06T18:12:24Z" level=info msg="Prepare to get object log/cluster-history/raycluster/test-ns-hnk4h/raycluster-historyserver/session_2026-08-06_10-56-08_444353_1/2be41aea8b4f1ff29e7c0f1be8edbe79d4e840a366ce7321a75ab52e/logs/events/event_CORE_WORKER_963.log info ..."
time="2026-08-06T18:12:24Z" level=info msg="Prepare to get object log/cluster-history/raycluster/test-ns-hnk4h/raycluster-historyserver/session_2026-08-06_10-56-08_444353_1/2be41aea8b4f1ff29e7c0f1be8edbe79d4e840a366ce7321a75ab52e/logs/events/event_GCS.log info ..."
time="2026-08-06T18:12:24Z" level=info msg="Prepare to get object log/cluster-history/raycluster/test-ns-hnk4h/raycluster-historyserver/session_2026-08-06_10-56-08_444353_1/2be41aea8b4f1ff29e7c0f1be8edbe79d4e840a366ce7321a75ab52e/logs/events/event_JOBS.log info ..."
time="2026-08-06T18:12:24Z" level=info msg="Prepare to get object log/cluster-history/raycluster/test-ns-hnk4h/raycluster-historyserver/session_2026-08-06_10-56-08_444353_1/2be41aea8b4f1ff29e7c0f1be8edbe79d4e840a366ce7321a75ab52e/logs/events/event_RAYLET.log info ..."
time="2026-08-06T18:12:24Z" level=info msg="[ListFiles]Returned objects in log/cluster-history/raycluster/test-ns-hnk4h/raycluster-historyserver/session_2026-08-06_10-56-08_444353_1/dec95c65bc663100ce18f14251f9ac8d65f501a20873d77a2471e9b7/logs/events/. length of page.Contents: 13, length of page.CommonPrefixes: 0"
time="2026-08-06T18:12:24Z" level=info msg="Prepare to get object log/cluster-history/raycluster/test-ns-hnk4h/raycluster-historyserver/session_2026-08-06_10-56-08_444353_1/dec95c65bc663100ce18f14251f9ac8d65f501a20873d77a2471e9b7/logs/events/event_CORE_WORKER_227.log info ..."
time="2026-08-06T18:12:24Z" level=info msg="Prepare to get object log/cluster-history/raycluster/test-ns-hnk4h/raycluster-historyserver/session_2026-08-06_10-56-08_444353_1/dec95c65bc663100ce18f14251f9ac8d65f501a20873d77a2471e9b7/logs/events/event_CORE_WORKER_228.log info ..."
time="2026-08-06T18:12:24Z" level=info msg="Prepare to get object log/cluster-history/raycluster/test-ns-hnk4h/raycluster-historyserver/session_2026-08-06_10-56-08_444353_1/dec95c65bc663100ce18f14251f9ac8d65f501a20873d77a2471e9b7/logs/events/event_CORE_WORKER_312.log info ..."
time="2026-08-06T18:12:24Z" level=info msg="Prepare to get object log/cluster-history/raycluster/test-ns-hnk4h/raycluster-historyserver/session_2026-08-06_10-56-08_444353_1/dec95c65bc663100ce18f14251f9ac8d65f501a20873d77a2471e9b7/logs/events/event_CORE_WORKER_318.log info ..."
time="2026-08-06T18:12:24Z" level=info msg="Prepare to get object log/cluster-history/raycluster/test-ns-hnk4h/raycluster-historyserver/session_2026-08-06_10-56-08_444353_1/dec95c65bc663100ce18f14251f9ac8d65f501a20873d77a2471e9b7/logs/events/event_CORE_WORKER_410.log info ..."
time="2026-08-06T18:12:24Z" level=info msg="Prepare to get object log/cluster-history/raycluster/test-ns-hnk4h/raycluster-historyserver/session_2026-08-06_10-56-08_444353_1/dec95c65bc663100ce18f14251f9ac8d65f501a20873d77a2471e9b7/logs/events/event_CORE_WORKER_418.log info ..."
time="2026-08-06T18:12:24Z" level=info msg="Prepare to get object log/cluster-history/raycluster/test-ns-hnk4h/raycluster-historyserver/session_2026-08-06_10-56-08_444353_1/dec95c65bc663100ce18f14251f9ac8d65f501a20873d77a2471e9b7/logs/events/event_CORE_WORKER_509.log info ..."
time="2026-08-06T18:12:24Z" level=info msg="Prepare to get object log/cluster-history/raycluster/test-ns-hnk4h/raycluster-historyserver/session_2026-08-06_10-56-08_444353_1/dec95c65bc663100ce18f14251f9ac8d65f501a20873d77a2471e9b7/logs/events/event_CORE_WORKER_511.log info ..."
time="2026-08-06T18:12:24Z" level=info msg="Prepare to get object log/cluster-history/raycluster/test-ns-hnk4h/raycluster-historyserver/session_2026-08-06_10-56-08_444353_1/dec95c65bc663100ce18f14251f9ac8d65f501a20873d77a2471e9b7/logs/events/event_CORE_WORKER_605.log info ..."
time="2026-08-06T18:12:24Z" level=info msg="Prepare to get object log/cluster-history/raycluster/test-ns-hnk4h/raycluster-historyserver/session_2026-08-06_10-56-08_444353_1/dec95c65bc663100ce18f14251f9ac8d65f501a20873d77a2471e9b7/logs/events/event_CORE_WORKER_608.log info ..."
time="2026-08-06T18:12:24Z" level=info msg="Prepare to get object log/cluster-history/raycluster/test-ns-hnk4h/raycluster-historyserver/session_2026-08-06_10-56-08_444353_1/dec95c65bc663100ce18f14251f9ac8d65f501a20873d77a2471e9b7/logs/events/event_CORE_WORKER_695.log info ..."
time="2026-08-06T18:12:24Z" level=info msg="Prepare to get object log/cluster-history/raycluster/test-ns-hnk4h/raycluster-historyserver/session_2026-08-06_10-56-08_444353_1/dec95c65bc663100ce18f14251f9ac8d65f501a20873d77a2471e9b7/logs/events/event_RAYLET.log info ..."
time="2026-08-06T18:12:24Z" level=info msg="[ListFiles]Returned objects in log/cluster-history/raycluster/test-ns-hnk4h/raycluster-historyserver/session_2026-08-06_10-56-08_444353_1/fetched_endpoints/logs/events/. length of page.Contents: 0, length of page.CommonPrefixes: 0"
time="2026-08-06T18:12:24Z" level=info msg="[ListFiles]Returned objects in log/cluster-history/raycluster/test-ns-hnk4h/raycluster-historyserver/session_2026-08-06_10-56-08_444353_1/. length of page.Contents: 0, length of page.CommonPrefixes: 3"
time="2026-08-06T18:12:24Z" level=info msg="[ListFiles]Returned objects in log/cluster-history/raycluster/test-ns-hnk4h/raycluster-historyserver/session_2026-08-06_10-56-08_444353_1/2be41aea8b4f1ff29e7c0f1be8edbe79d4e840a366ce7321a75ab52e/job_events/. length of page.Contents: 0, length of page.CommonPrefixes: 4"
time="2026-08-06T18:12:24Z" level=info msg="[ListFiles]Returned objects in log/cluster-history/raycluster/test-ns-hnk4h/raycluster-historyserver/session_2026-08-06_10-56-08_444353_1/2be41aea8b4f1ff29e7c0f1be8edbe79d4e840a366ce7321a75ab52e/job_events/01000000/. length of page.Contents: 2, length of page.CommonPrefixes: 0"
time="2026-08-06T18:12:24Z" level=info msg="[ListFiles]Returned objects in log/cluster-history/raycluster/test-ns-hnk4h/raycluster-historyserver/session_2026-08-06_10-56-08_444353_1/2be41aea8b4f1ff29e7c0f1be8edbe79d4e840a366ce7321a75ab52e/job_events/02000000/. length of page.Contents: 2, length of page.CommonPrefixes: 0"
time="2026-08-06T18:12:24Z" level=info msg="[ListFiles]Returned objects in log/cluster-history/raycluster/test-ns-hnk4h/raycluster-historyserver/session_2026-08-06_10-56-08_444353_1/2be41aea8b4f1ff29e7c0f1be8edbe79d4e840a366ce7321a75ab52e/job_events/03000000/. length of page.Contents: 4, length of page.CommonPrefixes: 0"
time="2026-08-06T18:12:24Z" level=info msg="[ListFiles]Returned objects in log/cluster-history/raycluster/test-ns-hnk4h/raycluster-historyserver/session_2026-08-06_10-56-08_444353_1/2be41aea8b4f1ff29e7c0f1be8edbe79d4e840a366ce7321a75ab52e/job_events/04000000/. length of page.Contents: 2, length of page.CommonPrefixes: 0"
time="2026-08-06T18:12:24Z" level=info msg="[ListFiles]Returned objects in log/cluster-history/raycluster/test-ns-hnk4h/raycluster-historyserver/session_2026-08-06_10-56-08_444353_1/dec95c65bc663100ce18f14251f9ac8d65f501a20873d77a2471e9b7/job_events/. length of page.Contents: 0, length of page.CommonPrefixes: 1"
time="2026-08-06T18:12:24Z" level=info msg="[ListFiles]Returned objects in log/cluster-history/raycluster/test-ns-hnk4h/raycluster-historyserver/session_2026-08-06_10-56-08_444353_1/dec95c65bc663100ce18f14251f9ac8d65f501a20873d77a2471e9b7/job_events/03000000/. length of page.Contents: 3, length of page.CommonPrefixes: 0"
time="2026-08-06T18:12:24Z" level=info msg="[ListFiles]Returned objects in log/cluster-history/raycluster/test-ns-hnk4h/raycluster-historyserver/session_2026-08-06_10-56-08_444353_1/fetched_endpoints/job_events/. length of page.Contents: 0, length of page.CommonPrefixes: 0"
time="2026-08-06T18:12:24Z" level=info msg="[ListFiles]Returned objects in log/cluster-history/raycluster/test-ns-hnk4h/raycluster-historyserver/session_2026-08-06_10-56-08_444353_1/. length of page.Contents: 0, length of page.CommonPrefixes: 3"
time="2026-08-06T18:12:24Z" level=info msg="[ListFiles]Returned objects in log/cluster-history/raycluster/test-ns-hnk4h/raycluster-historyserver/session_2026-08-06_10-56-08_444353_1/2be41aea8b4f1ff29e7c0f1be8edbe79d4e840a366ce7321a75ab52e/node_events/. length of page.Contents: 2, length of page.CommonPrefixes: 0"
time="2026-08-06T18:12:24Z" level=info msg="[ListFiles]Returned objects in log/cluster-history/raycluster/test-ns-hnk4h/raycluster-historyserver/session_2026-08-06_10-56-08_444353_1/dec95c65bc663100ce18f14251f9ac8d65f501a20873d77a2471e9b7/node_events/. length of page.Contents: 0, length of page.CommonPrefixes: 0"
time="2026-08-06T18:12:24Z" level=info msg="[ListFiles]Returned objects in log/cluster-history/raycluster/test-ns-hnk4h/raycluster-historyserver/session_2026-08-06_10-56-08_444353_1/fetched_endpoints/node_events/. length of page.Contents: 0, length of page.CommonPrefixes: 0"
time="2026-08-06T18:12:24Z" level=info msg="Prepare to get object log/cluster-history/raycluster/test-ns-hnk4h/raycluster-historyserver/session_2026-08-06_10-56-08_444353_1/2be41aea8b4f1ff29e7c0f1be8edbe79d4e840a366ce7321a75ab52e/job_events/01000000/2be41aea8b4f1ff29e7c0f1be8edbe79d4e840a366ce7321a75ab52e-2026-08-06-17-1786038973787948337.jsonl info ..."
time="2026-08-06T18:12:24Z" level=info msg="Prepare to get object log/cluster-history/raycluster/test-ns-hnk4h/raycluster-historyserver/session_2026-08-06_10-56-08_444353_1/2be41aea8b4f1ff29e7c0f1be8edbe79d4e840a366ce7321a75ab52e/job_events/02000000/2be41aea8b4f1ff29e7c0f1be8edbe79d4e840a366ce7321a75ab52e-2026-08-06-17-1786038992917769597.jsonl info ..."
time="2026-08-06T18:12:24Z" level=info msg="Prepare to get object log/cluster-history/raycluster/test-ns-hnk4h/raycluster-historyserver/session_2026-08-06_10-56-08_444353_1/2be41aea8b4f1ff29e7c0f1be8edbe79d4e840a366ce7321a75ab52e/job_events/03000000/2be41aea8b4f1ff29e7c0f1be8edbe79d4e840a366ce7321a75ab52e-2026-08-06-17-1786038992918411180.jsonl info ..."
time="2026-08-06T18:12:53Z" level=info msg="Prepare to get object log/cluster-history/raycluster/test-ns-hnk4h/raycluster-historyserver/session_2026-08-06_10-56-08_444353_1/2be41aea8b4f1ff29e7c0f1be8edbe79d4e840a366ce7321a75ab52e/job_events/03000000/2be41aea8b4f1ff29e7c0f1be8edbe79d4e840a366ce7321a75ab52e-2026-08-06-17-1786039033337399379.jsonl info ..."
time="2026-08-06T18:13:18Z" level=info msg="Prepare to get object log/cluster-history/raycluster/test-ns-hnk4h/raycluster-historyserver/session_2026-08-06_10-56-08_444353_1/2be41aea8b4f1ff29e7c0f1be8edbe79d4e840a366ce7321a75ab52e/job_events/03000000/2be41aea8b4f1ff29e7c0f1be8edbe79d4e840a366ce7321a75ab52e-2026-08-06-17-1786039062940171295.jsonl info ..."
time="2026-08-06T18:13:25Z" level=error msg="Failed to load session test-ns-hnk4h/raycluster-historyserver/session_2026-08-06_10-56-08_444353_1: context canceled"
time="2026-08-06T18:13:34Z" level=info msg="Received request: GET /enter_cluster/test-ns-hnk4h/raycluster/raycluster-historyserver/session_2026-08-06_10-56-08_444353_1"
time="2026-08-06T18:13:34Z" level=info msg="[List]Returned objects in log/cluster-metadata/. length of page.Contents: 2, length of page.CommonPrefixes: 0"
time="2026-08-06T18:13:34Z" level=error msg="Failed to parse meta file path: log/cluster-metadata/raycluster/test-ns-hnk4h_raycluster-historyserver/, error: invalid path segment count for cluster metadata structure: log/cluster-metadata/raycluster/test-ns-hnk4h_raycluster-historyserver/"
time="2026-08-06T18:13:34Z" level=info msg="Parsed cluster raycluster-historyserver for session session_2026-08-06_10-56-08_444353_1 to list"
time="2026-08-06T18:13:35Z" level=info msg="Prepare to get object log/cluster-history/raycluster/test-ns-hnk4h/raycluster-historyserver/session_2026-08-06_10-56-08_444353_1/2be41aea8b4f1ff29e7c0f1be8edbe79d4e840a366ce7321a75ab52e/job_events/04000000/2be41aea8b4f1ff29e7c0f1be8edbe79d4e840a366ce7321a75ab52e-2026-08-06-17-1786039006301056797.jsonl info ..."
time="2026-08-06T18:13:36Z" level=info msg="Prepare to get object log/cluster-history/raycluster/test-ns-hnk4h/raycluster-historyserver/session_2026-08-06_10-56-08_444353_1/dec95c65bc663100ce18f14251f9ac8d65f501a20873d77a2471e9b7/job_events/03000000/dec95c65bc663100ce18f14251f9ac8d65f501a20873d77a2471e9b7-2026-08-06-17-1786038994971628750.jsonl info ..."
time="2026-08-06T18:13:47Z" level=error msg="Failed to store events for file session_2026-08-06_10-56-08_444353_1/dec95c65bc663100ce18f14251f9ac8d65f501a20873d77a2471e9b7/job_events/03000000/dec95c65bc663100ce18f14251f9ac8d65f501a20873d77a2471e9b7-2026-08-06-17-1786038994971628750.jsonl: TASK_LIFECYCLE_EVENT must have at least one state transition"
time="2026-08-06T18:13:47Z" level=error msg="Failed to store events for file session_2026-08-06_10-56-08_444353_1/dec95c65bc663100ce18f14251f9ac8d65f501a20873d77a2471e9b7/job_events/03000000/dec95c65bc663100ce18f14251f9ac8d65f501a20873d77a2471e9b7-2026-08-06-17-1786038994971628750.jsonl: TASK_LIFECYCLE_EVENT must have at least one state transition"
time="2026-08-06T18:13:48Z" level=error msg="Failed to store events for file session_2026-08-06_10-56-08_444353_1/dec95c65bc663100ce18f14251f9ac8d65f501a20873d77a2471e9b7/job_events/03000000/dec95c65bc663100ce18f14251f9ac8d65f501a20873d77a2471e9b7-2026-08-06-17-1786038994971628750.jsonl: TASK_LIFECYCLE_EVENT must have at least one state transition"
time="2026-08-06T18:13:48Z" level=error msg="Failed to store events for file session_2026-08-06_10-56-08_444353_1/dec95c65bc663100ce18f14251f9ac8d65f501a20873d77a2471e9b7/job_events/03000000/dec95c65bc663100ce18f14251f9ac8d65f501a20873d77a2471e9b7-2026-08-06-17-1786038994971628750.jsonl: TASK_LIFECYCLE_EVENT must have at least one state transition"
time="2026-08-06T18:13:49Z" level=error msg="Failed to store events for file session_2026-08-06_10-56-08_444353_1/dec95c65bc663100ce18f14251f9ac8d65f501a20873d77a2471e9b7/job_events/03000000/dec95c65bc663100ce18f14251f9ac8d65f501a20873d77a2471e9b7-2026-08-06-17-1786038994971628750.jsonl: TASK_LIFECYCLE_EVENT must have at least one state transition"
time="2026-08-06T18:13:49Z" level=error msg="Failed to store events for file session_2026-08-06_10-56-08_444353_1/dec95c65bc663100ce18f14251f9ac8d65f501a20873d77a2471e9b7/job_events/03000000/dec95c65bc663100ce18f14251f9ac8d65f501a20873d77a2471e9b7-2026-08-06-17-1786038994971628750.jsonl: TASK_LIFECYCLE_EVENT must have at least one state transition"
time="2026-08-06T18:13:50Z" level=error msg="Failed to store events for file session_2026-08-06_10-56-08_444353_1/dec95c65bc663100ce18f14251f9ac8d65f501a20873d77a2471e9b7/job_events/03000000/dec95c65bc663100ce18f14251f9ac8d65f501a20873d77a2471e9b7-2026-08-06-17-1786038994971628750.jsonl: TASK_LIFECYCLE_EVENT must have at least one state transition"
time="2026-08-06T18:13:50Z" level=error msg="Failed to store events for file session_2026-08-06_10-56-08_444353_1/dec95c65bc663100ce18f14251f9ac8d65f501a20873d77a2471e9b7/job_events/03000000/dec95c65bc663100ce18f14251f9ac8d65f501a20873d77a2471e9b7-2026-08-06-17-1786038994971628750.jsonl: TASK_LIFECYCLE_EVENT must have at least one state transition"
time="2026-08-06T18:13:50Z" level=error msg="Failed to store events for file session_2026-08-06_10-56-08_444353_1/dec95c65bc663100ce18f14251f9ac8d65f501a20873d77a2471e9b7/job_events/03000000/dec95c65bc663100ce18f14251f9ac8d65f501a20873d77a2471e9b7-2026-08-06-17-1786038994971628750.jsonl: TASK_LIFECYCLE_EVENT must have at least one state transition"
time="2026-08-06T18:13:51Z" level=error msg="Failed to store events for file session_2026-08-06_10-56-08_444353_1/dec95c65bc663100ce18f14251f9ac8d65f501a20873d77a2471e9b7/job_events/03000000/dec95c65bc663100ce18f14251f9ac8d65f501a20873d77a2471e9b7-2026-08-06-17-1786038994971628750.jsonl: TASK_LIFECYCLE_EVENT must have at least one state transition"
time="2026-08-06T18:13:51Z" level=error msg="Failed to store events for file session_2026-08-06_10-56-08_444353_1/dec95c65bc663100ce18f14251f9ac8d65f501a20873d77a2471e9b7/job_events/03000000/dec95c65bc663100ce18f14251f9ac8d65f501a20873d77a2471e9b7-2026-08-06-17-1786038994971628750.jsonl: TASK_LIFECYCLE_EVENT must have at least one state transition"
time="2026-08-06T18:13:51Z" level=error msg="Failed to store events for file session_2026-08-06_10-56-08_444353_1/dec95c65bc663100ce18f14251f9ac8d65f501a20873d77a2471e9b7/job_events/03000000/dec95c65bc663100ce18f14251f9ac8d65f501a20873d77a2471e9b7-2026-08-06-17-1786038994971628750.jsonl: TASK_LIFECYCLE_EVENT must have at least one state transition"
time="2026-08-06T18:13:52Z" level=error msg="Failed to store events for file session_2026-08-06_10-56-08_444353_1/dec95c65bc663100ce18f14251f9ac8d65f501a20873d77a2471e9b7/job_events/03000000/dec95c65bc663100ce18f14251f9ac8d65f501a20873d77a2471e9b7-2026-08-06-17-1786038994971628750.jsonl: TASK_LIFECYCLE_EVENT must have at least one state transition"
time="2026-08-06T18:13:52Z" level=error msg="Failed to store events for file session_2026-08-06_10-56-08_444353_1/dec95c65bc663100ce18f14251f9ac8d65f501a20873d77a2471e9b7/job_events/03000000/dec95c65bc663100ce18f14251f9ac8d65f501a20873d77a2471e9b7-2026-08-06-17-1786038994971628750.jsonl: TASK_LIFECYCLE_EVENT must have at least one state transition"
time="2026-08-06T18:13:52Z" level=error msg="Failed to store events for file session_2026-08-06_10-56-08_444353_1/dec95c65bc663100ce18f14251f9ac8d65f501a20873d77a2471e9b7/job_events/03000000/dec95c65bc663100ce18f14251f9ac8d65f501a20873d77a2471e9b7-2026-08-06-17-1786038994971628750.jsonl: TASK_LIFECYCLE_EVENT must have at least one state transition"
time="2026-08-06T18:13:52Z" level=error msg="Failed to store events for file session_2026-08-06_10-56-08_444353_1/dec95c65bc663100ce18f14251f9ac8d65f501a20873d77a2471e9b7/job_events/03000000/dec95c65bc663100ce18f14251f9ac8d65f501a20873d77a2471e9b7-2026-08-06-17-1786038994971628750.jsonl: TASK_LIFECYCLE_EVENT must have at least one state transition"
time="2026-08-06T18:13:52Z" level=error msg="Failed to store events for file session_2026-08-06_10-56-08_444353_1/dec95c65bc663100ce18f14251f9ac8d65f501a20873d77a2471e9b7/job_events/03000000/dec95c65bc663100ce18f14251f9ac8d65f501a20873d77a2471e9b7-2026-08-06-17-1786038994971628750.jsonl: TASK_LIFECYCLE_EVENT must have at least one state transition"
time="2026-08-06T18:13:52Z" level=error msg="Failed to store events for file session_2026-08-06_10-56-08_444353_1/dec95c65bc663100ce18f14251f9ac8d65f501a20873d77a2471e9b7/job_events/03000000/dec95c65bc663100ce18f14251f9ac8d65f501a20873d77a2471e9b7-2026-08-06-17-1786038994971628750.jsonl: TASK_LIFECYCLE_EVENT must have at least one state transition"
time="2026-08-06T18:13:53Z" level=error msg="Failed to store events for file session_2026-08-06_10-56-08_444353_1/dec95c65bc663100ce18f14251f9ac8d65f501a20873d77a2471e9b7/job_events/03000000/dec95c65bc663100ce18f14251f9ac8d65f501a20873d77a2471e9b7-2026-08-06-17-1786038994971628750.jsonl: TASK_LIFECYCLE_EVENT must have at least one state transition"
time="2026-08-06T18:13:53Z" level=error msg="Failed to store events for file session_2026-08-06_10-56-08_444353_1/dec95c65bc663100ce18f14251f9ac8d65f501a20873d77a2471e9b7/job_events/03000000/dec95c65bc663100ce18f14251f9ac8d65f501a20873d77a2471e9b7-2026-08-06-17-1786038994971628750.jsonl: TASK_LIFECYCLE_EVENT must have at least one state transition"
time="2026-08-06T18:13:53Z" level=error msg="Failed to store events for file session_2026-08-06_10-56-08_444353_1/dec95c65bc663100ce18f14251f9ac8d65f501a20873d77a2471e9b7/job_events/03000000/dec95c65bc663100ce18f14251f9ac8d65f501a20873d77a2471e9b7-2026-08-06-17-1786038994971628750.jsonl: TASK_LIFECYCLE_EVENT must have at least one state transition"
time="2026-08-06T18:13:54Z" level=error msg="Failed to store events for file session_2026-08-06_10-56-08_444353_1/dec95c65bc663100ce18f14251f9ac8d65f501a20873d77a2471e9b7/job_events/03000000/dec95c65bc663100ce18f14251f9ac8d65f501a20873d77a2471e9b7-2026-08-06-17-1786038994971628750.jsonl: TASK_LIFECYCLE_EVENT must have at least one state transition"
time="2026-08-06T18:13:54Z" level=error msg="Failed to store events for file session_2026-08-06_10-56-08_444353_1/dec95c65bc663100ce18f14251f9ac8d65f501a20873d77a2471e9b7/job_events/03000000/dec95c65bc663100ce18f14251f9ac8d65f501a20873d77a2471e9b7-2026-08-06-17-1786038994971628750.jsonl: TASK_LIFECYCLE_EVENT must have at least one state transition"
time="2026-08-06T18:13:54Z" level=error msg="Failed to store events for file session_2026-08-06_10-56-08_444353_1/dec95c65bc663100ce18f14251f9ac8d65f501a20873d77a2471e9b7/job_events/03000000/dec95c65bc663100ce18f14251f9ac8d65f501a20873d77a2471e9b7-2026-08-06-17-1786038994971628750.jsonl: TASK_LIFECYCLE_EVENT must have at least one state transition"
time="2026-08-06T18:13:54Z" level=error msg="Failed to store events for file session_2026-08-06_10-56-08_444353_1/dec95c65bc663100ce18f14251f9ac8d65f501a20873d77a2471e9b7/job_events/03000000/dec95c65bc663100ce18f14251f9ac8d65f501a20873d77a2471e9b7-2026-08-06-17-1786038994971628750.jsonl: TASK_LIFECYCLE_EVENT must have at least one state transition"
time="2026-08-06T18:13:54Z" level=error msg="Failed to store events for file session_2026-08-06_10-56-08_444353_1/dec95c65bc663100ce18f14251f9ac8d65f501a20873d77a2471e9b7/job_events/03000000/dec95c65bc663100ce18f14251f9ac8d65f501a20873d77a2471e9b7-2026-08-06-17-1786038994971628750.jsonl: TASK_LIFECYCLE_EVENT must have at least one state transition"
time="2026-08-06T18:13:54Z" level=error msg="Failed to store events for file session_2026-08-06_10-56-08_444353_1/dec95c65bc663100ce18f14251f9ac8d65f501a20873d77a2471e9b7/job_events/03000000/dec95c65bc663100ce18f14251f9ac8d65f501a20873d77a2471e9b7-2026-08-06-17-1786038994971628750.jsonl: TASK_LIFECYCLE_EVENT must have at least one state transition"
time="2026-08-06T18:13:55Z" level=error msg="Failed to store events for file session_2026-08-06_10-56-08_444353_1/dec95c65bc663100ce18f14251f9ac8d65f501a20873d77a2471e9b7/job_events/03000000/dec95c65bc663100ce18f14251f9ac8d65f501a20873d77a2471e9b7-2026-08-06-17-1786038994971628750.jsonl: TASK_LIFECYCLE_EVENT must have at least one state transition"
time="2026-08-06T18:13:55Z" level=error msg="Failed to store events for file session_2026-08-06_10-56-08_444353_1/dec95c65bc663100ce18f14251f9ac8d65f501a20873d77a2471e9b7/job_events/03000000/dec95c65bc663100ce18f14251f9ac8d65f501a20873d77a2471e9b7-2026-08-06-17-1786038994971628750.jsonl: TASK_LIFECYCLE_EVENT must have at least one state transition"
time="2026-08-06T18:13:55Z" level=error msg="Failed to store events for file session_2026-08-06_10-56-08_444353_1/dec95c65bc663100ce18f14251f9ac8d65f501a20873d77a2471e9b7/job_events/03000000/dec95c65bc663100ce18f14251f9ac8d65f501a20873d77a2471e9b7-2026-08-06-17-1786038994971628750.jsonl: TASK_LIFECYCLE_EVENT must have at least one state transition"
time="2026-08-06T18:13:56Z" level=error msg="Failed to store events for file session_2026-08-06_10-56-08_444353_1/dec95c65bc663100ce18f14251f9ac8d65f501a20873d77a2471e9b7/job_events/03000000/dec95c65bc663100ce18f14251f9ac8d65f501a20873d77a2471e9b7-2026-08-06-17-1786038994971628750.jsonl: TASK_LIFECYCLE_EVENT must have at least one state transition"
time="2026-08-06T18:13:56Z" level=error msg="Failed to store events for file session_2026-08-06_10-56-08_444353_1/dec95c65bc663100ce18f14251f9ac8d65f501a20873d77a2471e9b7/job_events/03000000/dec95c65bc663100ce18f14251f9ac8d65f501a20873d77a2471e9b7-2026-08-06-17-1786038994971628750.jsonl: TASK_LIFECYCLE_EVENT must have at least one state transition"
time="2026-08-06T18:13:56Z" level=error msg="Failed to store events for file session_2026-08-06_10-56-08_444353_1/dec95c65bc663100ce18f14251f9ac8d65f501a20873d77a2471e9b7/job_events/03000000/dec95c65bc663100ce18f14251f9ac8d65f501a20873d77a2471e9b7-2026-08-06-17-1786038994971628750.jsonl: TASK_LIFECYCLE_EVENT must have at least one state transition"
time="2026-08-06T18:13:57Z" level=error msg="Failed to store events for file session_2026-08-06_10-56-08_444353_1/dec95c65bc663100ce18f14251f9ac8d65f501a20873d77a2471e9b7/job_events/03000000/dec95c65bc663100ce18f14251f9ac8d65f501a20873d77a2471e9b7-2026-08-06-17-1786038994971628750.jsonl: TASK_LIFECYCLE_EVENT must have at least one state transition"
time="2026-08-06T18:13:57Z" level=error msg="Failed to store events for file session_2026-08-06_10-56-08_444353_1/dec95c65bc663100ce18f14251f9ac8d65f501a20873d77a2471e9b7/job_events/03000000/dec95c65bc663100ce18f14251f9ac8d65f501a20873d77a2471e9b7-2026-08-06-17-1786038994971628750.jsonl: TASK_LIFECYCLE_EVENT must have at least one state transition"
time="2026-08-06T18:13:57Z" level=error msg="Failed to store events for file session_2026-08-06_10-56-08_444353_1/dec95c65bc663100ce18f14251f9ac8d65f501a20873d77a2471e9b7/job_events/03000000/dec95c65bc663100ce18f14251f9ac8d65f501a20873d77a2471e9b7-2026-08-06-17-1786038994971628750.jsonl: TASK_LIFECYCLE_EVENT must have at least one state transition"
time="2026-08-06T18:13:57Z" level=error msg="Failed to store events for file session_2026-08-06_10-56-08_444353_1/dec95c65bc663100ce18f14251f9ac8d65f501a20873d77a2471e9b7/job_events/03000000/dec95c65bc663100ce18f14251f9ac8d65f501a20873d77a2471e9b7-2026-08-06-17-1786038994971628750.jsonl: TASK_LIFECYCLE_EVENT must have at least one state transition"
time="2026-08-06T18:13:57Z" level=error msg="Failed to store events for file session_2026-08-06_10-56-08_444353_1/dec95c65bc663100ce18f14251f9ac8d65f501a20873d77a2471e9b7/job_events/03000000/dec95c65bc663100ce18f14251f9ac8d65f501a20873d77a2471e9b7-2026-08-06-17-1786038994971628750.jsonl: TASK_LIFECYCLE_EVENT must have at least one state transition"
time="2026-08-06T18:13:58Z" level=error msg="Failed to store events for file session_2026-08-06_10-56-08_444353_1/dec95c65bc663100ce18f14251f9ac8d65f501a20873d77a2471e9b7/job_events/03000000/dec95c65bc663100ce18f14251f9ac8d65f501a20873d77a2471e9b7-2026-08-06-17-1786038994971628750.jsonl: TASK_LIFECYCLE_EVENT must have at least one state transition"
time="2026-08-06T18:13:58Z" level=error msg="Failed to store events for file session_2026-08-06_10-56-08_444353_1/dec95c65bc663100ce18f14251f9ac8d65f501a20873d77a2471e9b7/job_events/03000000/dec95c65bc663100ce18f14251f9ac8d65f501a20873d77a2471e9b7-2026-08-06-17-1786038994971628750.jsonl: TASK_LIFECYCLE_EVENT must have at least one state transition"
time="2026-08-06T18:13:59Z" level=error msg="Failed to store events for file session_2026-08-06_10-56-08_444353_1/dec95c65bc663100ce18f14251f9ac8d65f501a20873d77a2471e9b7/job_events/03000000/dec95c65bc663100ce18f14251f9ac8d65f501a20873d77a2471e9b7-2026-08-06-17-1786038994971628750.jsonl: TASK_LIFECYCLE_EVENT must have at least one state transition"
time="2026-08-06T18:13:59Z" level=error msg="Failed to store events for file session_2026-08-06_10-56-08_444353_1/dec95c65bc663100ce18f14251f9ac8d65f501a20873d77a2471e9b7/job_events/03000000/dec95c65bc663100ce18f14251f9ac8d65f501a20873d77a2471e9b7-2026-08-06-17-1786038994971628750.jsonl: TASK_LIFECYCLE_EVENT must have at least one state transition"
time="2026-08-06T18:13:59Z" level=error msg="Failed to store events for file session_2026-08-06_10-56-08_444353_1/dec95c65bc663100ce18f14251f9ac8d65f501a20873d77a2471e9b7/job_events/03000000/dec95c65bc663100ce18f14251f9ac8d65f501a20873d77a2471e9b7-2026-08-06-17-1786038994971628750.jsonl: TASK_LIFECYCLE_EVENT must have at least one state transition"
time="2026-08-06T18:13:59Z" level=error msg="Failed to store events for file session_2026-08-06_10-56-08_444353_1/dec95c65bc663100ce18f14251f9ac8d65f501a20873d77a2471e9b7/job_events/03000000/dec95c65bc663100ce18f14251f9ac8d65f501a20873d77a2471e9b7-2026-08-06-17-1786038994971628750.jsonl: TASK_LIFECYCLE_EVENT must have at least one state transition"
time="2026-08-06T18:13:59Z" level=error msg="Failed to store events for file session_2026-08-06_10-56-08_444353_1/dec95c65bc663100ce18f14251f9ac8d65f501a20873d77a2471e9b7/job_events/03000000/dec95c65bc663100ce18f14251f9ac8d65f501a20873d77a2471e9b7-2026-08-06-17-1786038994971628750.jsonl: TASK_LIFECYCLE_EVENT must have at least one state transition"
time="2026-08-06T18:14:00Z" level=info msg="Prepare to get object log/cluster-history/raycluster/test-ns-hnk4h/raycluster-historyserver/session_2026-08-06_10-56-08_444353_1/dec95c65bc663100ce18f14251f9ac8d65f501a20873d77a2471e9b7/job_events/03000000/dec95c65bc663100ce18f14251f9ac8d65f501a20873d77a2471e9b7-2026-08-06-17-1786039044467109009.jsonl info ..."
time="2026-08-06T18:14:17Z" level=error msg="Failed to store events for file session_2026-08-06_10-56-08_444353_1/dec95c65bc663100ce18f14251f9ac8d65f501a20873d77a2471e9b7/job_events/03000000/dec95c65bc663100ce18f14251f9ac8d65f501a20873d77a2471e9b7-2026-08-06-17-1786039044467109009.jsonl: TASK_LIFECYCLE_EVENT must have at least one state transition"
time="2026-08-06T18:14:17Z" level=error msg="Failed to store events for file session_2026-08-06_10-56-08_444353_1/dec95c65bc663100ce18f14251f9ac8d65f501a20873d77a2471e9b7/job_events/03000000/dec95c65bc663100ce18f14251f9ac8d65f501a20873d77a2471e9b7-2026-08-06-17-1786039044467109009.jsonl: TASK_LIFECYCLE_EVENT must have at least one state transition"
time="2026-08-06T18:14:17Z" level=error msg="Failed to store events for file session_2026-08-06_10-56-08_444353_1/dec95c65bc663100ce18f14251f9ac8d65f501a20873d77a2471e9b7/job_events/03000000/dec95c65bc663100ce18f14251f9ac8d65f501a20873d77a2471e9b7-2026-08-06-17-1786039044467109009.jsonl: TASK_LIFECYCLE_EVENT must have at least one state transition"
time="2026-08-06T18:14:18Z" level=error msg="Failed to store events for file session_2026-08-06_10-56-08_444353_1/dec95c65bc663100ce18f14251f9ac8d65f501a20873d77a2471e9b7/job_events/03000000/dec95c65bc663100ce18f14251f9ac8d65f501a20873d77a2471e9b7-2026-08-06-17-1786039044467109009.jsonl: TASK_LIFECYCLE_EVENT must have at least one state transition"
time="2026-08-06T18:14:18Z" level=error msg="Failed to store events for file session_2026-08-06_10-56-08_444353_1/dec95c65bc663100ce18f14251f9ac8d65f501a20873d77a2471e9b7/job_events/03000000/dec95c65bc663100ce18f14251f9ac8d65f501a20873d77a2471e9b7-2026-08-06-17-1786039044467109009.jsonl: TASK_LIFECYCLE_EVENT must have at least one state transition"
time="2026-08-06T18:14:18Z" level=error msg="Failed to store events for file session_2026-08-06_10-56-08_444353_1/dec95c65bc663100ce18f14251f9ac8d65f501a20873d77a2471e9b7/job_events/03000000/dec95c65bc663100ce18f14251f9ac8d65f501a20873d77a2471e9b7-2026-08-06-17-1786039044467109009.jsonl: TASK_LIFECYCLE_EVENT must have at least one state transition"
time="2026-08-06T18:14:19Z" level=error msg="Failed to store events for file session_2026-08-06_10-56-08_444353_1/dec95c65bc663100ce18f14251f9ac8d65f501a20873d77a2471e9b7/job_events/03000000/dec95c65bc663100ce18f14251f9ac8d65f501a20873d77a2471e9b7-2026-08-06-17-1786039044467109009.jsonl: TASK_LIFECYCLE_EVENT must have at least one state transition"
time="2026-08-06T18:14:19Z" level=error msg="Failed to store events for file session_2026-08-06_10-56-08_444353_1/dec95c65bc663100ce18f14251f9ac8d65f501a20873d77a2471e9b7/job_events/03000000/dec95c65bc663100ce18f14251f9ac8d65f501a20873d77a2471e9b7-2026-08-06-17-1786039044467109009.jsonl: TASK_LIFECYCLE_EVENT must have at least one state transition"
time="2026-08-06T18:14:19Z" level=error msg="Failed to store events for file session_2026-08-06_10-56-08_444353_1/dec95c65bc663100ce18f14251f9ac8d65f501a20873d77a2471e9b7/job_events/03000000/dec95c65bc663100ce18f14251f9ac8d65f501a20873d77a2471e9b7-2026-08-06-17-1786039044467109009.jsonl: TASK_LIFECYCLE_EVENT must have at least one state transition"
time="2026-08-06T18:14:19Z" level=error msg="Failed to store events for file session_2026-08-06_10-56-08_444353_1/dec95c65bc663100ce18f14251f9ac8d65f501a20873d77a2471e9b7/job_events/03000000/dec95c65bc663100ce18f14251f9ac8d65f501a20873d77a2471e9b7-2026-08-06-17-1786039044467109009.jsonl: TASK_LIFECYCLE_EVENT must have at least one state transition"
time="2026-08-06T18:14:20Z" level=error msg="Failed to store events for file session_2026-08-06_10-56-08_444353_1/dec95c65bc663100ce18f14251f9ac8d65f501a20873d77a2471e9b7/job_events/03000000/dec95c65bc663100ce18f14251f9ac8d65f501a20873d77a2471e9b7-2026-08-06-17-1786039044467109009.jsonl: TASK_LIFECYCLE_EVENT must have at least one state transition"
time="2026-08-06T18:14:20Z" level=error msg="Failed to store events for file session_2026-08-06_10-56-08_444353_1/dec95c65bc663100ce18f14251f9ac8d65f501a20873d77a2471e9b7/job_events/03000000/dec95c65bc663100ce18f14251f9ac8d65f501a20873d77a2471e9b7-2026-08-06-17-1786039044467109009.jsonl: TASK_LIFECYCLE_EVENT must have at least one state transition"
time="2026-08-06T18:14:20Z" level=error msg="Failed to store events for file session_2026-08-06_10-56-08_444353_1/dec95c65bc663100ce18f14251f9ac8d65f501a20873d77a2471e9b7/job_events/03000000/dec95c65bc663100ce18f14251f9ac8d65f501a20873d77a2471e9b7-2026-08-06-17-1786039044467109009.jsonl: TASK_LIFECYCLE_EVENT must have at least one state transition"
time="2026-08-06T18:14:21Z" level=error msg="Failed to store events for file session_2026-08-06_10-56-08_444353_1/dec95c65bc663100ce18f14251f9ac8d65f501a20873d77a2471e9b7/job_events/03000000/dec95c65bc663100ce18f14251f9ac8d65f501a20873d77a2471e9b7-2026-08-06-17-1786039044467109009.jsonl: TASK_LIFECYCLE_EVENT must have at least one state transition"
time="2026-08-06T18:14:21Z" level=error msg="Failed to store events for file session_2026-08-06_10-56-08_444353_1/dec95c65bc663100ce18f14251f9ac8d65f501a20873d77a2471e9b7/job_events/03000000/dec95c65bc663100ce18f14251f9ac8d65f501a20873d77a2471e9b7-2026-08-06-17-1786039044467109009.jsonl: TASK_LIFECYCLE_EVENT must have at least one state transition"
time="2026-08-06T18:14:22Z" level=error msg="Failed to store events for file session_2026-08-06_10-56-08_444353_1/dec95c65bc663100ce18f14251f9ac8d65f501a20873d77a2471e9b7/job_events/03000000/dec95c65bc663100ce18f14251f9ac8d65f501a20873d77a2471e9b7-2026-08-06-17-1786039044467109009.jsonl: TASK_LIFECYCLE_EVENT must have at least one state transition"
time="2026-08-06T18:14:22Z" level=error msg="Failed to store events for file session_2026-08-06_10-56-08_444353_1/dec95c65bc663100ce18f14251f9ac8d65f501a20873d77a2471e9b7/job_events/03000000/dec95c65bc663100ce18f14251f9ac8d65f501a20873d77a2471e9b7-2026-08-06-17-1786039044467109009.jsonl: TASK_LIFECYCLE_EVENT must have at least one state transition"
time="2026-08-06T18:14:22Z" level=error msg="Failed to store events for file session_2026-08-06_10-56-08_444353_1/dec95c65bc663100ce18f14251f9ac8d65f501a20873d77a2471e9b7/job_events/03000000/dec95c65bc663100ce18f14251f9ac8d65f501a20873d77a2471e9b7-2026-08-06-17-1786039044467109009.jsonl: TASK_LIFECYCLE_EVENT must have at least one state transition"
time="2026-08-06T18:14:22Z" level=error msg="Failed to store events for file session_2026-08-06_10-56-08_444353_1/dec95c65bc663100ce18f14251f9ac8d65f501a20873d77a2471e9b7/job_events/03000000/dec95c65bc663100ce18f14251f9ac8d65f501a20873d77a2471e9b7-2026-08-06-17-1786039044467109009.jsonl: TASK_LIFECYCLE_EVENT must have at least one state transition"
time="2026-08-06T18:14:23Z" level=error msg="Failed to store events for file session_2026-08-06_10-56-08_444353_1/dec95c65bc663100ce18f14251f9ac8d65f501a20873d77a2471e9b7/job_events/03000000/dec95c65bc663100ce18f14251f9ac8d65f501a20873d77a2471e9b7-2026-08-06-17-1786039044467109009.jsonl: TASK_LIFECYCLE_EVENT must have at least one state transition"
time="2026-08-06T18:14:23Z" level=error msg="Failed to store events for file session_2026-08-06_10-56-08_444353_1/dec95c65bc663100ce18f14251f9ac8d65f501a20873d77a2471e9b7/job_events/03000000/dec95c65bc663100ce18f14251f9ac8d65f501a20873d77a2471e9b7-2026-08-06-17-1786039044467109009.jsonl: TASK_LIFECYCLE_EVENT must have at least one state transition"
time="2026-08-06T18:14:23Z" level=error msg="Failed to store events for file session_2026-08-06_10-56-08_444353_1/dec95c65bc663100ce18f14251f9ac8d65f501a20873d77a2471e9b7/job_events/03000000/dec95c65bc663100ce18f14251f9ac8d65f501a20873d77a2471e9b7-2026-08-06-17-1786039044467109009.jsonl: TASK_LIFECYCLE_EVENT must have at least one state transition"
time="2026-08-06T18:14:23Z" level=error msg="Failed to store events for file session_2026-08-06_10-56-08_444353_1/dec95c65bc663100ce18f14251f9ac8d65f501a20873d77a2471e9b7/job_events/03000000/dec95c65bc663100ce18f14251f9ac8d65f501a20873d77a2471e9b7-2026-08-06-17-1786039044467109009.jsonl: TASK_LIFECYCLE_EVENT must have at least one state transition"
time="2026-08-06T18:14:23Z" level=error msg="Failed to store events for file session_2026-08-06_10-56-08_444353_1/dec95c65bc663100ce18f14251f9ac8d65f501a20873d77a2471e9b7/job_events/03000000/dec95c65bc663100ce18f14251f9ac8d65f501a20873d77a2471e9b7-2026-08-06-17-1786039044467109009.jsonl: TASK_LIFECYCLE_EVENT must have at least one state transition"
time="2026-08-06T18:14:23Z" level=error msg="Failed to store events for file session_2026-08-06_10-56-08_444353_1/dec95c65bc663100ce18f14251f9ac8d65f501a20873d77a2471e9b7/job_events/03000000/dec95c65bc663100ce18f14251f9ac8d65f501a20873d77a2471e9b7-2026-08-06-17-1786039044467109009.jsonl: TASK_LIFECYCLE_EVENT must have at least one state transition"
time="2026-08-06T18:14:23Z" level=error msg="Failed to store events for file session_2026-08-06_10-56-08_444353_1/dec95c65bc663100ce18f14251f9ac8d65f501a20873d77a2471e9b7/job_events/03000000/dec95c65bc663100ce18f14251f9ac8d65f501a20873d77a2471e9b7-2026-08-06-17-1786039044467109009.jsonl: TASK_LIFECYCLE_EVENT must have at least one state transition"
time="2026-08-06T18:14:24Z" level=error msg="Failed to store events for file session_2026-08-06_10-56-08_444353_1/dec95c65bc663100ce18f14251f9ac8d65f501a20873d77a2471e9b7/job_events/03000000/dec95c65bc663100ce18f14251f9ac8d65f501a20873d77a2471e9b7-2026-08-06-17-1786039044467109009.jsonl: TASK_LIFECYCLE_EVENT must have at least one state transition"
time="2026-08-06T18:14:24Z" level=error msg="Failed to store events for file session_2026-08-06_10-56-08_444353_1/dec95c65bc663100ce18f14251f9ac8d65f501a20873d77a2471e9b7/job_events/03000000/dec95c65bc663100ce18f14251f9ac8d65f501a20873d77a2471e9b7-2026-08-06-17-1786039044467109009.jsonl: TASK_LIFECYCLE_EVENT must have at least one state transition"
time="2026-08-06T18:14:24Z" level=error msg="Failed to store events for file session_2026-08-06_10-56-08_444353_1/dec95c65bc663100ce18f14251f9ac8d65f501a20873d77a2471e9b7/job_events/03000000/dec95c65bc663100ce18f14251f9ac8d65f501a20873d77a2471e9b7-2026-08-06-17-1786039044467109009.jsonl: TASK_LIFECYCLE_EVENT must have at least one state transition"
time="2026-08-06T18:14:24Z" level=error msg="Failed to store events for file session_2026-08-06_10-56-08_444353_1/dec95c65bc663100ce18f14251f9ac8d65f501a20873d77a2471e9b7/job_events/03000000/dec95c65bc663100ce18f14251f9ac8d65f501a20873d77a2471e9b7-2026-08-06-17-1786039044467109009.jsonl: TASK_LIFECYCLE_EVENT must have at least one state transition"
time="2026-08-06T18:14:24Z" level=error msg="Failed to store events for file session_2026-08-06_10-56-08_444353_1/dec95c65bc663100ce18f14251f9ac8d65f501a20873d77a2471e9b7/job_events/03000000/dec95c65bc663100ce18f14251f9ac8d65f501a20873d77a2471e9b7-2026-08-06-17-1786039044467109009.jsonl: TASK_LIFECYCLE_EVENT must have at least one state transition"
time="2026-08-06T18:14:24Z" level=error msg="Failed to store events for file session_2026-08-06_10-56-08_444353_1/dec95c65bc663100ce18f14251f9ac8d65f501a20873d77a2471e9b7/job_events/03000000/dec95c65bc663100ce18f14251f9ac8d65f501a20873d77a2471e9b7-2026-08-06-17-1786039044467109009.jsonl: TASK_LIFECYCLE_EVENT must have at least one state transition"
time="2026-08-06T18:14:24Z" level=error msg="Failed to store events for file session_2026-08-06_10-56-08_444353_1/dec95c65bc663100ce18f14251f9ac8d65f501a20873d77a2471e9b7/job_events/03000000/dec95c65bc663100ce18f14251f9ac8d65f501a20873d77a2471e9b7-2026-08-06-17-1786039044467109009.jsonl: TASK_LIFECYCLE_EVENT must have at least one state transition"
time="2026-08-06T18:14:25Z" level=error msg="Failed to store events for file session_2026-08-06_10-56-08_444353_1/dec95c65bc663100ce18f14251f9ac8d65f501a20873d77a2471e9b7/job_events/03000000/dec95c65bc663100ce18f14251f9ac8d65f501a20873d77a2471e9b7-2026-08-06-17-1786039044467109009.jsonl: TASK_LIFECYCLE_EVENT must have at least one state transition"
time="2026-08-06T18:14:25Z" level=error msg="Failed to store events for file session_2026-08-06_10-56-08_444353_1/dec95c65bc663100ce18f14251f9ac8d65f501a20873d77a2471e9b7/job_events/03000000/dec95c65bc663100ce18f14251f9ac8d65f501a20873d77a2471e9b7-2026-08-06-17-1786039044467109009.jsonl: TASK_LIFECYCLE_EVENT must have at least one state transition"
time="2026-08-06T18:14:25Z" level=error msg="Failed to store events for file session_2026-08-06_10-56-08_444353_1/dec95c65bc663100ce18f14251f9ac8d65f501a20873d77a2471e9b7/job_events/03000000/dec95c65bc663100ce18f14251f9ac8d65f501a20873d77a2471e9b7-2026-08-06-17-1786039044467109009.jsonl: TASK_LIFECYCLE_EVENT must have at least one state transition"
time="2026-08-06T18:14:25Z" level=error msg="Failed to store events for file session_2026-08-06_10-56-08_444353_1/dec95c65bc663100ce18f14251f9ac8d65f501a20873d77a2471e9b7/job_events/03000000/dec95c65bc663100ce18f14251f9ac8d65f501a20873d77a2471e9b7-2026-08-06-17-1786039044467109009.jsonl: TASK_LIFECYCLE_EVENT must have at least one state transition"
time="2026-08-06T18:14:25Z" level=error msg="Failed to store events for file session_2026-08-06_10-56-08_444353_1/dec95c65bc663100ce18f14251f9ac8d65f501a20873d77a2471e9b7/job_events/03000000/dec95c65bc663100ce18f14251f9ac8d65f501a20873d77a2471e9b7-2026-08-06-17-1786039044467109009.jsonl: TASK_LIFECYCLE_EVENT must have at least one state transition"
time="2026-08-06T18:14:25Z" level=error msg="Failed to store events for file session_2026-08-06_10-56-08_444353_1/dec95c65bc663100ce18f14251f9ac8d65f501a20873d77a2471e9b7/job_events/03000000/dec95c65bc663100ce18f14251f9ac8d65f501a20873d77a2471e9b7-2026-08-06-17-1786039044467109009.jsonl: TASK_LIFECYCLE_EVENT must have at least one state transition"
time="2026-08-06T18:14:26Z" level=error msg="Failed to store events for file session_2026-08-06_10-56-08_444353_1/dec95c65bc663100ce18f14251f9ac8d65f501a20873d77a2471e9b7/job_events/03000000/dec95c65bc663100ce18f14251f9ac8d65f501a20873d77a2471e9b7-2026-08-06-17-1786039044467109009.jsonl: TASK_LIFECYCLE_EVENT must have at least one state transition"
time="2026-08-06T18:14:26Z" level=error msg="Failed to store events for file session_2026-08-06_10-56-08_444353_1/dec95c65bc663100ce18f14251f9ac8d65f501a20873d77a2471e9b7/job_events/03000000/dec95c65bc663100ce18f14251f9ac8d65f501a20873d77a2471e9b7-2026-08-06-17-1786039044467109009.jsonl: TASK_LIFECYCLE_EVENT must have at least one state transition"
time="2026-08-06T18:14:26Z" level=error msg="Failed to store events for file session_2026-08-06_10-56-08_444353_1/dec95c65bc663100ce18f14251f9ac8d65f501a20873d77a2471e9b7/job_events/03000000/dec95c65bc663100ce18f14251f9ac8d65f501a20873d77a2471e9b7-2026-08-06-17-1786039044467109009.jsonl: TASK_LIFECYCLE_EVENT must have at least one state transition"
time="2026-08-06T18:14:26Z" level=error msg="Failed to store events for file session_2026-08-06_10-56-08_444353_1/dec95c65bc663100ce18f14251f9ac8d65f501a20873d77a2471e9b7/job_events/03000000/dec95c65bc663100ce18f14251f9ac8d65f501a20873d77a2471e9b7-2026-08-06-17-1786039044467109009.jsonl: TASK_LIFECYCLE_EVENT must have at least one state transition"
time="2026-08-06T18:14:26Z" level=error msg="Failed to store events for file session_2026-08-06_10-56-08_444353_1/dec95c65bc663100ce18f14251f9ac8d65f501a20873d77a2471e9b7/job_events/03000000/dec95c65bc663100ce18f14251f9ac8d65f501a20873d77a2471e9b7-2026-08-06-17-1786039044467109009.jsonl: TASK_LIFECYCLE_EVENT must have at least one state transition"
time="2026-08-06T18:14:26Z" level=error msg="Failed to store events for file session_2026-08-06_10-56-08_444353_1/dec95c65bc663100ce18f14251f9ac8d65f501a20873d77a2471e9b7/job_events/03000000/dec95c65bc663100ce18f14251f9ac8d65f501a20873d77a2471e9b7-2026-08-06-17-1786039044467109009.jsonl: TASK_LIFECYCLE_EVENT must have at least one state transition"
time="2026-08-06T18:14:27Z" level=error msg="Failed to store events for file session_2026-08-06_10-56-08_444353_1/dec95c65bc663100ce18f14251f9ac8d65f501a20873d77a2471e9b7/job_events/03000000/dec95c65bc663100ce18f14251f9ac8d65f501a20873d77a2471e9b7-2026-08-06-17-1786039044467109009.jsonl: TASK_LIFECYCLE_EVENT must have at least one state transition"
time="2026-08-06T18:14:27Z" level=error msg="Failed to store events for file session_2026-08-06_10-56-08_444353_1/dec95c65bc663100ce18f14251f9ac8d65f501a20873d77a2471e9b7/job_events/03000000/dec95c65bc663100ce18f14251f9ac8d65f501a20873d77a2471e9b7-2026-08-06-17-1786039044467109009.jsonl: TASK_LIFECYCLE_EVENT must have at least one state transition"
time="2026-08-06T18:14:27Z" level=error msg="Failed to store events for file session_2026-08-06_10-56-08_444353_1/dec95c65bc663100ce18f14251f9ac8d65f501a20873d77a2471e9b7/job_events/03000000/dec95c65bc663100ce18f14251f9ac8d65f501a20873d77a2471e9b7-2026-08-06-17-1786039044467109009.jsonl: TASK_LIFECYCLE_EVENT must have at least one state transition"
time="2026-08-06T18:14:27Z" level=error msg="Failed to store events for file session_2026-08-06_10-56-08_444353_1/dec95c65bc663100ce18f14251f9ac8d65f501a20873d77a2471e9b7/job_events/03000000/dec95c65bc663100ce18f14251f9ac8d65f501a20873d77a2471e9b7-2026-08-06-17-1786039044467109009.jsonl: TASK_LIFECYCLE_EVENT must have at least one state transition"
time="2026-08-06T18:14:27Z" level=error msg="Failed to store events for file session_2026-08-06_10-56-08_444353_1/dec95c65bc663100ce18f14251f9ac8d65f501a20873d77a2471e9b7/job_events/03000000/dec95c65bc663100ce18f14251f9ac8d65f501a20873d77a2471e9b7-2026-08-06-17-1786039044467109009.jsonl: TASK_LIFECYCLE_EVENT must have at least one state transition"
time="2026-08-06T18:14:28Z" level=error msg="Failed to store events for file session_2026-08-06_10-56-08_444353_1/dec95c65bc663100ce18f14251f9ac8d65f501a20873d77a2471e9b7/job_events/03000000/dec95c65bc663100ce18f14251f9ac8d65f501a20873d77a2471e9b7-2026-08-06-17-1786039044467109009.jsonl: TASK_LIFECYCLE_EVENT must have at least one state transition"
time="2026-08-06T18:14:28Z" level=error msg="Failed to store events for file session_2026-08-06_10-56-08_444353_1/dec95c65bc663100ce18f14251f9ac8d65f501a20873d77a2471e9b7/job_events/03000000/dec95c65bc663100ce18f14251f9ac8d65f501a20873d77a2471e9b7-2026-08-06-17-1786039044467109009.jsonl: TASK_LIFECYCLE_EVENT must have at least one state transition"
time="2026-08-06T18:14:29Z" level=error msg="Failed to store events for file session_2026-08-06_10-56-08_444353_1/dec95c65bc663100ce18f14251f9ac8d65f501a20873d77a2471e9b7/job_events/03000000/dec95c65bc663100ce18f14251f9ac8d65f501a20873d77a2471e9b7-2026-08-06-17-1786039044467109009.jsonl: TASK_LIFECYCLE_EVENT must have at least one state transition"
time="2026-08-06T18:14:29Z" level=error msg="Failed to store events for file session_2026-08-06_10-56-08_444353_1/dec95c65bc663100ce18f14251f9ac8d65f501a20873d77a2471e9b7/job_events/03000000/dec95c65bc663100ce18f14251f9ac8d65f501a20873d77a2471e9b7-2026-08-06-17-1786039044467109009.jsonl: TASK_LIFECYCLE_EVENT must have at least one state transition"
time="2026-08-06T18:14:29Z" level=error msg="Failed to store events for file session_2026-08-06_10-56-08_444353_1/dec95c65bc663100ce18f14251f9ac8d65f501a20873d77a2471e9b7/job_events/03000000/dec95c65bc663100ce18f14251f9ac8d65f501a20873d77a2471e9b7-2026-08-06-17-1786039044467109009.jsonl: TASK_LIFECYCLE_EVENT must have at least one state transition"
time="2026-08-06T18:14:30Z" level=error msg="Failed to store events for file session_2026-08-06_10-56-08_444353_1/dec95c65bc663100ce18f14251f9ac8d65f501a20873d77a2471e9b7/job_events/03000000/dec95c65bc663100ce18f14251f9ac8d65f501a20873d77a2471e9b7-2026-08-06-17-1786039044467109009.jsonl: TASK_LIFECYCLE_EVENT must have at least one state transition"
time="2026-08-06T18:14:30Z" level=error msg="Failed to store events for file session_2026-08-06_10-56-08_444353_1/dec95c65bc663100ce18f14251f9ac8d65f501a20873d77a2471e9b7/job_events/03000000/dec95c65bc663100ce18f14251f9ac8d65f501a20873d77a2471e9b7-2026-08-06-17-1786039044467109009.jsonl: TASK_LIFECYCLE_EVENT must have at least one state transition"
time="2026-08-06T18:14:31Z" level=error msg="Failed to store events for file session_2026-08-06_10-56-08_444353_1/dec95c65bc663100ce18f14251f9ac8d65f501a20873d77a2471e9b7/job_events/03000000/dec95c65bc663100ce18f14251f9ac8d65f501a20873d77a2471e9b7-2026-08-06-17-1786039044467109009.jsonl: TASK_LIFECYCLE_EVENT must have at least one state transition"
time="2026-08-06T18:14:31Z" level=error msg="Failed to store events for file session_2026-08-06_10-56-08_444353_1/dec95c65bc663100ce18f14251f9ac8d65f501a20873d77a2471e9b7/job_events/03000000/dec95c65bc663100ce18f14251f9ac8d65f501a20873d77a2471e9b7-2026-08-06-17-1786039044467109009.jsonl: TASK_LIFECYCLE_EVENT must have at least one state transition"
time="2026-08-06T18:14:31Z" level=error msg="Failed to store events for file session_2026-08-06_10-56-08_444353_1/dec95c65bc663100ce18f14251f9ac8d65f501a20873d77a2471e9b7/job_events/03000000/dec95c65bc663100ce18f14251f9ac8d65f501a20873d77a2471e9b7-2026-08-06-17-1786039044467109009.jsonl: TASK_LIFECYCLE_EVENT must have at least one state transition"
time="2026-08-06T18:14:32Z" level=error msg="Failed to store events for file session_2026-08-06_10-56-08_444353_1/dec95c65bc663100ce18f14251f9ac8d65f501a20873d77a2471e9b7/job_events/03000000/dec95c65bc663100ce18f14251f9ac8d65f501a20873d77a2471e9b7-2026-08-06-17-1786039044467109009.jsonl: TASK_LIFECYCLE_EVENT must have at least one state transition"
time="2026-08-06T18:14:32Z" level=error msg="Failed to store events for file session_2026-08-06_10-56-08_444353_1/dec95c65bc663100ce18f14251f9ac8d65f501a20873d77a2471e9b7/job_events/03000000/dec95c65bc663100ce18f14251f9ac8d65f501a20873d77a2471e9b7-2026-08-06-17-1786039044467109009.jsonl: TASK_LIFECYCLE_EVENT must have at least one state transition"
time="2026-08-06T18:14:32Z" level=error msg="Failed to store events for file session_2026-08-06_10-56-08_444353_1/dec95c65bc663100ce18f14251f9ac8d65f501a20873d77a2471e9b7/job_events/03000000/dec95c65bc663100ce18f14251f9ac8d65f501a20873d77a2471e9b7-2026-08-06-17-1786039044467109009.jsonl: TASK_LIFECYCLE_EVENT must have at least one state transition"
time="2026-08-06T18:14:33Z" level=error msg="Failed to store events for file session_2026-08-06_10-56-08_444353_1/dec95c65bc663100ce18f14251f9ac8d65f501a20873d77a2471e9b7/job_events/03000000/dec95c65bc663100ce18f14251f9ac8d65f501a20873d77a2471e9b7-2026-08-06-17-1786039044467109009.jsonl: TASK_LIFECYCLE_EVENT must have at least one state transition"
time="2026-08-06T18:14:33Z" level=error msg="Failed to store events for file session_2026-08-06_10-56-08_444353_1/dec95c65bc663100ce18f14251f9ac8d65f501a20873d77a2471e9b7/job_events/03000000/dec95c65bc663100ce18f14251f9ac8d65f501a20873d77a2471e9b7-2026-08-06-17-1786039044467109009.jsonl: TASK_LIFECYCLE_EVENT must have at least one state transition"
time="2026-08-06T18:14:33Z" level=error msg="Failed to store events for file session_2026-08-06_10-56-08_444353_1/dec95c65bc663100ce18f14251f9ac8d65f501a20873d77a2471e9b7/job_events/03000000/dec95c65bc663100ce18f14251f9ac8d65f501a20873d77a2471e9b7-2026-08-06-17-1786039044467109009.jsonl: TASK_LIFECYCLE_EVENT must have at least one state transition"
time="2026-08-06T18:14:33Z" level=error msg="Failed to store events for file session_2026-08-06_10-56-08_444353_1/dec95c65bc663100ce18f14251f9ac8d65f501a20873d77a2471e9b7/job_events/03000000/dec95c65bc663100ce18f14251f9ac8d65f501a20873d77a2471e9b7-2026-08-06-17-1786039044467109009.jsonl: TASK_LIFECYCLE_EVENT must have at least one state transition"
time="2026-08-06T18:14:33Z" level=error msg="Failed to store events for file session_2026-08-06_10-56-08_444353_1/dec95c65bc663100ce18f14251f9ac8d65f501a20873d77a2471e9b7/job_events/03000000/dec95c65bc663100ce18f14251f9ac8d65f501a20873d77a2471e9b7-2026-08-06-17-1786039044467109009.jsonl: TASK_LIFECYCLE_EVENT must have at least one state transition"
time="2026-08-06T18:14:33Z" level=error msg="Failed to store events for file session_2026-08-06_10-56-08_444353_1/dec95c65bc663100ce18f14251f9ac8d65f501a20873d77a2471e9b7/job_events/03000000/dec95c65bc663100ce18f14251f9ac8d65f501a20873d77a2471e9b7-2026-08-06-17-1786039044467109009.jsonl: TASK_LIFECYCLE_EVENT must have at least one state transition"
time="2026-08-06T18:14:33Z" level=error msg="Failed to store events for file session_2026-08-06_10-56-08_444353_1/dec95c65bc663100ce18f14251f9ac8d65f501a20873d77a2471e9b7/job_events/03000000/dec95c65bc663100ce18f14251f9ac8d65f501a20873d77a2471e9b7-2026-08-06-17-1786039044467109009.jsonl: TASK_LIFECYCLE_EVENT must have at least one state transition"
time="2026-08-06T18:14:33Z" level=error msg="Failed to store events for file session_2026-08-06_10-56-08_444353_1/dec95c65bc663100ce18f14251f9ac8d65f501a20873d77a2471e9b7/job_events/03000000/dec95c65bc663100ce18f14251f9ac8d65f501a20873d77a2471e9b7-2026-08-06-17-1786039044467109009.jsonl: TASK_LIFECYCLE_EVENT must have at least one state transition"
time="2026-08-06T18:14:34Z" level=error msg="Failed to store events for file session_2026-08-06_10-56-08_444353_1/dec95c65bc663100ce18f14251f9ac8d65f501a20873d77a2471e9b7/job_events/03000000/dec95c65bc663100ce18f14251f9ac8d65f501a20873d77a2471e9b7-2026-08-06-17-1786039044467109009.jsonl: TASK_LIFECYCLE_EVENT must have at least one state transition"
time="2026-08-06T18:14:34Z" level=error msg="Failed to store events for file session_2026-08-06_10-56-08_444353_1/dec95c65bc663100ce18f14251f9ac8d65f501a20873d77a2471e9b7/job_events/03000000/dec95c65bc663100ce18f14251f9ac8d65f501a20873d77a2471e9b7-2026-08-06-17-1786039044467109009.jsonl: TASK_LIFECYCLE_EVENT must have at least one state transition"
time="2026-08-06T18:14:34Z" level=error msg="Failed to load session test-ns-hnk4h/raycluster-historyserver/session_2026-08-06_10-56-08_444353_1: context deadline exceeded"
time="2026-08-06T18:14:44Z" level=info msg="Received request: GET /enter_cluster/test-ns-hnk4h/raycluster/raycluster-historyserver/session_2026-08-06_10-56-08_444353_1"
time="2026-08-06T18:14:44Z" level=info msg="[List]Returned objects in log/cluster-metadata/. length of page.Contents: 2, length of page.CommonPrefixes: 0"
time="2026-08-06T18:14:44Z" level=error msg="Failed to parse meta file path: log/cluster-metadata/raycluster/test-ns-hnk4h_raycluster-historyserver/, error: invalid path segment count for cluster metadata structure: log/cluster-metadata/raycluster/test-ns-hnk4h_raycluster-historyserver/"
time="2026-08-06T18:14:44Z" level=info msg="Parsed cluster raycluster-historyserver for session session_2026-08-06_10-56-08_444353_1 to list"
time="2026-08-06T18:14:44Z" level=info msg="[ListFiles]Returned objects in log/cluster-history/raycluster/test-ns-hnk4h/raycluster-historyserver/session_2026-08-06_10-56-08_444353_1/. length of page.Contents: 0, length of page.CommonPrefixes: 3"
time="2026-08-06T18:14:44Z" level=info msg="[ListFiles]Returned objects in log/cluster-history/raycluster/test-ns-hnk4h/raycluster-historyserver/session_2026-08-06_10-56-08_444353_1/2be41aea8b4f1ff29e7c0f1be8edbe79d4e840a366ce7321a75ab52e/logs/events/. length of page.Contents: 11, length of page.CommonPrefixes: 0"
time="2026-08-06T18:14:44Z" level=info msg="Prepare to get object log/cluster-history/raycluster/test-ns-hnk4h/raycluster-historyserver/session_2026-08-06_10-56-08_444353_1/2be41aea8b4f1ff29e7c0f1be8edbe79d4e840a366ce7321a75ab52e/logs/events/event_AUTOSCALER.log info ..."
time="2026-08-06T18:14:44Z" level=info msg="Prepare to get object log/cluster-history/raycluster/test-ns-hnk4h/raycluster-historyserver/session_2026-08-06_10-56-08_444353_1/2be41aea8b4f1ff29e7c0f1be8edbe79d4e840a366ce7321a75ab52e/logs/events/event_CORE_WORKER_1019.log info ..."
time="2026-08-06T18:14:44Z" level=info msg="Prepare to get object log/cluster-history/raycluster/test-ns-hnk4h/raycluster-historyserver/session_2026-08-06_10-56-08_444353_1/2be41aea8b4f1ff29e7c0f1be8edbe79d4e840a366ce7321a75ab52e/logs/events/event_CORE_WORKER_1163.log info ..."
time="2026-08-06T18:14:44Z" level=info msg="Prepare to get object log/cluster-history/raycluster/test-ns-hnk4h/raycluster-historyserver/session_2026-08-06_10-56-08_444353_1/2be41aea8b4f1ff29e7c0f1be8edbe79d4e840a366ce7321a75ab52e/logs/events/event_CORE_WORKER_200.log info ..."
time="2026-08-06T18:14:44Z" level=info msg="Prepare to get object log/cluster-history/raycluster/test-ns-hnk4h/raycluster-historyserver/session_2026-08-06_10-56-08_444353_1/2be41aea8b4f1ff29e7c0f1be8edbe79d4e840a366ce7321a75ab52e/logs/events/event_CORE_WORKER_205.log info ..."
time="2026-08-06T18:14:44Z" level=info msg="Prepare to get object log/cluster-history/raycluster/test-ns-hnk4h/raycluster-historyserver/session_2026-08-06_10-56-08_444353_1/2be41aea8b4f1ff29e7c0f1be8edbe79d4e840a366ce7321a75ab52e/logs/events/event_CORE_WORKER_677.log info ..."
time="2026-08-06T18:14:44Z" level=info msg="Prepare to get object log/cluster-history/raycluster/test-ns-hnk4h/raycluster-historyserver/session_2026-08-06_10-56-08_444353_1/2be41aea8b4f1ff29e7c0f1be8edbe79d4e840a366ce7321a75ab52e/logs/events/event_CORE_WORKER_963.log info ..."
time="2026-08-06T18:14:44Z" level=info msg="Prepare to get object log/cluster-history/raycluster/test-ns-hnk4h/raycluster-historyserver/session_2026-08-06_10-56-08_444353_1/2be41aea8b4f1ff29e7c0f1be8edbe79d4e840a366ce7321a75ab52e/logs/events/event_GCS.log info ..."
time="2026-08-06T18:14:44Z" level=info msg="Prepare to get object log/cluster-history/raycluster/test-ns-hnk4h/raycluster-historyserver/session_2026-08-06_10-56-08_444353_1/2be41aea8b4f1ff29e7c0f1be8edbe79d4e840a366ce7321a75ab52e/logs/events/event_JOBS.log info ..."
time="2026-08-06T18:14:44Z" level=info msg="Prepare to get object log/cluster-history/raycluster/test-ns-hnk4h/raycluster-historyserver/session_2026-08-06_10-56-08_444353_1/2be41aea8b4f1ff29e7c0f1be8edbe79d4e840a366ce7321a75ab52e/logs/events/event_RAYLET.log info ..."
time="2026-08-06T18:14:44Z" level=info msg="[ListFiles]Returned objects in log/cluster-history/raycluster/test-ns-hnk4h/raycluster-historyserver/session_2026-08-06_10-56-08_444353_1/dec95c65bc663100ce18f14251f9ac8d65f501a20873d77a2471e9b7/logs/events/. length of page.Contents: 13, length of page.CommonPrefixes: 0"
time="2026-08-06T18:14:44Z" level=info msg="Prepare to get object log/cluster-history/raycluster/test-ns-hnk4h/raycluster-historyserver/session_2026-08-06_10-56-08_444353_1/dec95c65bc663100ce18f14251f9ac8d65f501a20873d77a2471e9b7/logs/events/event_CORE_WORKER_227.log info ..."
time="2026-08-06T18:14:44Z" level=info msg="Prepare to get object log/cluster-history/raycluster/test-ns-hnk4h/raycluster-historyserver/session_2026-08-06_10-56-08_444353_1/dec95c65bc663100ce18f14251f9ac8d65f501a20873d77a2471e9b7/logs/events/event_CORE_WORKER_228.log info ..."
time="2026-08-06T18:14:44Z" level=info msg="Prepare to get object log/cluster-history/raycluster/test-ns-hnk4h/raycluster-historyserver/session_2026-08-06_10-56-08_444353_1/dec95c65bc663100ce18f14251f9ac8d65f501a20873d77a2471e9b7/logs/events/event_CORE_WORKER_312.log info ..."
time="2026-08-06T18:14:44Z" level=info msg="Prepare to get object log/cluster-history/raycluster/test-ns-hnk4h/raycluster-historyserver/session_2026-08-06_10-56-08_444353_1/dec95c65bc663100ce18f14251f9ac8d65f501a20873d77a2471e9b7/logs/events/event_CORE_WORKER_318.log info ..."
time="2026-08-06T18:14:44Z" level=info msg="Prepare to get object log/cluster-history/raycluster/test-ns-hnk4h/raycluster-historyserver/session_2026-08-06_10-56-08_444353_1/dec95c65bc663100ce18f14251f9ac8d65f501a20873d77a2471e9b7/logs/events/event_CORE_WORKER_410.log info ..."
time="2026-08-06T18:14:44Z" level=info msg="Prepare to get object log/cluster-history/raycluster/test-ns-hnk4h/raycluster-historyserver/session_2026-08-06_10-56-08_444353_1/dec95c65bc663100ce18f14251f9ac8d65f501a20873d77a2471e9b7/logs/events/event_CORE_WORKER_418.log info ..."
time="2026-08-06T18:14:44Z" level=info msg="Prepare to get object log/cluster-history/raycluster/test-ns-hnk4h/raycluster-historyserver/session_2026-08-06_10-56-08_444353_1/dec95c65bc663100ce18f14251f9ac8d65f501a20873d77a2471e9b7/logs/events/event_CORE_WORKER_509.log info ..."
time="2026-08-06T18:14:44Z" level=info msg="Prepare to get object log/cluster-history/raycluster/test-ns-hnk4h/raycluster-historyserver/session_2026-08-06_10-56-08_444353_1/dec95c65bc663100ce18f14251f9ac8d65f501a20873d77a2471e9b7/logs/events/event_CORE_WORKER_511.log info ..."
time="2026-08-06T18:14:44Z" level=info msg="Prepare to get object log/cluster-history/raycluster/test-ns-hnk4h/raycluster-historyserver/session_2026-08-06_10-56-08_444353_1/dec95c65bc663100ce18f14251f9ac8d65f501a20873d77a2471e9b7/logs/events/event_CORE_WORKER_605.log info ..."
time="2026-08-06T18:14:44Z" level=info msg="Prepare to get object log/cluster-history/raycluster/test-ns-hnk4h/raycluster-historyserver/session_2026-08-06_10-56-08_444353_1/dec95c65bc663100ce18f14251f9ac8d65f501a20873d77a2471e9b7/logs/events/event_CORE_WORKER_608.log info ..."
time="2026-08-06T18:14:44Z" level=info msg="Prepare to get object log/cluster-history/raycluster/test-ns-hnk4h/raycluster-historyserver/session_2026-08-06_10-56-08_444353_1/dec95c65bc663100ce18f14251f9ac8d65f501a20873d77a2471e9b7/logs/events/event_CORE_WORKER_695.log info ..."
time="2026-08-06T18:14:44Z" level=info msg="Prepare to get object log/cluster-history/raycluster/test-ns-hnk4h/raycluster-historyserver/session_2026-08-06_10-56-08_444353_1/dec95c65bc663100ce18f14251f9ac8d65f501a20873d77a2471e9b7/logs/events/event_RAYLET.log info ..."
time="2026-08-06T18:14:44Z" level=info msg="[ListFiles]Returned objects in log/cluster-history/raycluster/test-ns-hnk4h/raycluster-historyserver/session_2026-08-06_10-56-08_444353_1/fetched_endpoints/logs/events/. length of page.Contents: 0, length of page.CommonPrefixes: 0"
time="2026-08-06T18:14:44Z" level=info msg="[ListFiles]Returned objects in log/cluster-history/raycluster/test-ns-hnk4h/raycluster-historyserver/session_2026-08-06_10-56-08_444353_1/. length of page.Contents: 0, length of page.CommonPrefixes: 3"
time="2026-08-06T18:14:44Z" level=info msg="[ListFiles]Returned objects in log/cluster-history/raycluster/test-ns-hnk4h/raycluster-historyserver/session_2026-08-06_10-56-08_444353_1/2be41aea8b4f1ff29e7c0f1be8edbe79d4e840a366ce7321a75ab52e/job_events/. length of page.Contents: 0, length of page.CommonPrefixes: 4"
time="2026-08-06T18:14:44Z" level=info msg="[ListFiles]Returned objects in log/cluster-history/raycluster/test-ns-hnk4h/raycluster-historyserver/session_2026-08-06_10-56-08_444353_1/2be41aea8b4f1ff29e7c0f1be8edbe79d4e840a366ce7321a75ab52e/job_events/01000000/. length of page.Contents: 2, length of page.CommonPrefixes: 0"
time="2026-08-06T18:14:44Z" level=info msg="[ListFiles]Returned objects in log/cluster-history/raycluster/test-ns-hnk4h/raycluster-historyserver/session_2026-08-06_10-56-08_444353_1/2be41aea8b4f1ff29e7c0f1be8edbe79d4e840a366ce7321a75ab52e/job_events/02000000/. length of page.Contents: 2, length of page.CommonPrefixes: 0"
time="2026-08-06T18:14:44Z" level=info msg="[ListFiles]Returned objects in log/cluster-history/raycluster/test-ns-hnk4h/raycluster-historyserver/session_2026-08-06_10-56-08_444353_1/2be41aea8b4f1ff29e7c0f1be8edbe79d4e840a366ce7321a75ab52e/job_events/03000000/. length of page.Contents: 4, length of page.CommonPrefixes: 0"
time="2026-08-06T18:14:44Z" level=info msg="[ListFiles]Returned objects in log/cluster-history/raycluster/test-ns-hnk4h/raycluster-historyserver/session_2026-08-06_10-56-08_444353_1/2be41aea8b4f1ff29e7c0f1be8edbe79d4e840a366ce7321a75ab52e/job_events/04000000/. length of page.Contents: 2, length of page.CommonPrefixes: 0"
time="2026-08-06T18:14:44Z" level=info msg="[ListFiles]Returned objects in log/cluster-history/raycluster/test-ns-hnk4h/raycluster-historyserver/session_2026-08-06_10-56-08_444353_1/dec95c65bc663100ce18f14251f9ac8d65f501a20873d77a2471e9b7/job_events/. length of page.Contents: 0, length of page.CommonPrefixes: 1"
time="2026-08-06T18:14:44Z" level=info msg="[ListFiles]Returned objects in log/cluster-history/raycluster/test-ns-hnk4h/raycluster-historyserver/session_2026-08-06_10-56-08_444353_1/dec95c65bc663100ce18f14251f9ac8d65f501a20873d77a2471e9b7/job_events/03000000/. length of page.Contents: 3, length of page.CommonPrefixes: 0"
time="2026-08-06T18:14:44Z" level=info msg="[ListFiles]Returned objects in log/cluster-history/raycluster/test-ns-hnk4h/raycluster-historyserver/session_2026-08-06_10-56-08_444353_1/fetched_endpoints/job_events/. length of page.Contents: 0, length of page.CommonPrefixes: 0"
time="2026-08-06T18:14:44Z" level=info msg="[ListFiles]Returned objects in log/cluster-history/raycluster/test-ns-hnk4h/raycluster-historyserver/session_2026-08-06_10-56-08_444353_1/. length of page.Contents: 0, length of page.CommonPrefixes: 3"
time="2026-08-06T18:14:44Z" level=info msg="[ListFiles]Returned objects in log/cluster-history/raycluster/test-ns-hnk4h/raycluster-historyserver/session_2026-08-06_10-56-08_444353_1/2be41aea8b4f1ff29e7c0f1be8edbe79d4e840a366ce7321a75ab52e/node_events/. length of page.Contents: 2, length of page.CommonPrefixes: 0"
time="2026-08-06T18:14:44Z" level=info msg="[ListFiles]Returned objects in log/cluster-history/raycluster/test-ns-hnk4h/raycluster-historyserver/session_2026-08-06_10-56-08_444353_1/dec95c65bc663100ce18f14251f9ac8d65f501a20873d77a2471e9b7/node_events/. length of page.Contents: 0, length of page.CommonPrefixes: 0"
time="2026-08-06T18:14:44Z" level=info msg="[ListFiles]Returned objects in log/cluster-history/raycluster/test-ns-hnk4h/raycluster-historyserver/session_2026-08-06_10-56-08_444353_1/fetched_endpoints/node_events/. length of page.Contents: 0, length of page.CommonPrefixes: 0"
time="2026-08-06T18:14:44Z" level=info msg="Prepare to get object log/cluster-history/raycluster/test-ns-hnk4h/raycluster-historyserver/session_2026-08-06_10-56-08_444353_1/2be41aea8b4f1ff29e7c0f1be8edbe79d4e840a366ce7321a75ab52e/job_events/01000000/2be41aea8b4f1ff29e7c0f1be8edbe79d4e840a366ce7321a75ab52e-2026-08-06-17-1786038973787948337.jsonl info ..."
time="2026-08-06T18:14:44Z" level=info msg="Prepare to get object log/cluster-history/raycluster/test-ns-hnk4h/raycluster-historyserver/session_2026-08-06_10-56-08_444353_1/2be41aea8b4f1ff29e7c0f1be8edbe79d4e840a366ce7321a75ab52e/job_events/02000000/2be41aea8b4f1ff29e7c0f1be8edbe79d4e840a366ce7321a75ab52e-2026-08-06-17-1786038992917769597.jsonl info ..."
time="2026-08-06T18:14:44Z" level=info msg="Prepare to get object log/cluster-history/raycluster/test-ns-hnk4h/raycluster-historyserver/session_2026-08-06_10-56-08_444353_1/2be41aea8b4f1ff29e7c0f1be8edbe79d4e840a366ce7321a75ab52e/job_events/03000000/2be41aea8b4f1ff29e7c0f1be8edbe79d4e840a366ce7321a75ab52e-2026-08-06-17-1786038992918411180.jsonl info ..."
time="2026-08-06T18:15:17Z" level=info msg="Prepare to get object log/cluster-history/raycluster/test-ns-hnk4h/raycluster-historyserver/session_2026-08-06_10-56-08_444353_1/2be41aea8b4f1ff29e7c0f1be8edbe79d4e840a366ce7321a75ab52e/job_events/03000000/2be41aea8b4f1ff29e7c0f1be8edbe79d4e840a366ce7321a75ab52e-2026-08-06-17-1786039033337399379.jsonl info ..."
time="2026-08-06T18:15:39Z" level=info msg="Prepare to get object log/cluster-history/raycluster/test-ns-hnk4h/raycluster-historyserver/session_2026-08-06_10-56-08_444353_1/2be41aea8b4f1ff29e7c0f1be8edbe79d4e840a366ce7321a75ab52e/job_events/03000000/2be41aea8b4f1ff29e7c0f1be8edbe79d4e840a366ce7321a75ab52e-2026-08-06-17-1786039062940171295.jsonl info ..."
time="2026-08-06T18:15:45Z" level=error msg="Failed to load session test-ns-hnk4h/raycluster-historyserver/session_2026-08-06_10-56-08_444353_1: context canceled"
time="2026-08-06T18:15:54Z" level=info msg="Received request: GET /enter_cluster/test-ns-hnk4h/raycluster/raycluster-historyserver/session_2026-08-06_10-56-08_444353_1"
time="2026-08-06T18:15:54Z" level=info msg="[List]Returned objects in log/cluster-metadata/. length of page.Contents: 2, length of page.CommonPrefixes: 0"
time="2026-08-06T18:15:54Z" level=error msg="Failed to parse meta file path: log/cluster-metadata/raycluster/test-ns-hnk4h_raycluster-historyserver/, error: invalid path segment count for cluster metadata structure: log/cluster-metadata/raycluster/test-ns-hnk4h_raycluster-historyserver/"
time="2026-08-06T18:15:54Z" level=info msg="Parsed cluster raycluster-historyserver for session session_2026-08-06_10-56-08_444353_1 to list"
time="2026-08-06T18:15:56Z" level=info msg="Prepare to get object log/cluster-history/raycluster/test-ns-hnk4h/raycluster-historyserver/session_2026-08-06_10-56-08_444353_1/2be41aea8b4f1ff29e7c0f1be8edbe79d4e840a366ce7321a75ab52e/job_events/04000000/2be41aea8b4f1ff29e7c0f1be8edbe79d4e840a366ce7321a75ab52e-2026-08-06-17-1786039006301056797.jsonl info ..."
time="2026-08-06T18:15:56Z" level=info msg="Prepare to get object log/cluster-history/raycluster/test-ns-hnk4h/raycluster-historyserver/session_2026-08-06_10-56-08_444353_1/dec95c65bc663100ce18f14251f9ac8d65f501a20873d77a2471e9b7/job_events/03000000/dec95c65bc663100ce18f14251f9ac8d65f501a20873d77a2471e9b7-2026-08-06-17-1786038994971628750.jsonl info ..."
time="2026-08-06T18:16:07Z" level=error msg="Failed to store events for file session_2026-08-06_10-56-08_444353_1/dec95c65bc663100ce18f14251f9ac8d65f501a20873d77a2471e9b7/job_events/03000000/dec95c65bc663100ce18f14251f9ac8d65f501a20873d77a2471e9b7-2026-08-06-17-1786038994971628750.jsonl: TASK_LIFECYCLE_EVENT must have at least one state transition"
time="2026-08-06T18:16:07Z" level=error msg="Failed to store events for file session_2026-08-06_10-56-08_444353_1/dec95c65bc663100ce18f14251f9ac8d65f501a20873d77a2471e9b7/job_events/03000000/dec95c65bc663100ce18f14251f9ac8d65f501a20873d77a2471e9b7-2026-08-06-17-1786038994971628750.jsonl: TASK_LIFECYCLE_EVENT must have at least one state transition"
time="2026-08-06T18:16:07Z" level=error msg="Failed to store events for file session_2026-08-06_10-56-08_444353_1/dec95c65bc663100ce18f14251f9ac8d65f501a20873d77a2471e9b7/job_events/03000000/dec95c65bc663100ce18f14251f9ac8d65f501a20873d77a2471e9b7-2026-08-06-17-1786038994971628750.jsonl: TASK_LIFECYCLE_EVENT must have at least one state transition"
time="2026-08-06T18:16:08Z" level=error msg="Failed to store events for file session_2026-08-06_10-56-08_444353_1/dec95c65bc663100ce18f14251f9ac8d65f501a20873d77a2471e9b7/job_events/03000000/dec95c65bc663100ce18f14251f9ac8d65f501a20873d77a2471e9b7-2026-08-06-17-1786038994971628750.jsonl: TASK_LIFECYCLE_EVENT must have at least one state transition"
time="2026-08-06T18:16:09Z" level=error msg="Failed to store events for file session_2026-08-06_10-56-08_444353_1/dec95c65bc663100ce18f14251f9ac8d65f501a20873d77a2471e9b7/job_events/03000000/dec95c65bc663100ce18f14251f9ac8d65f501a20873d77a2471e9b7-2026-08-06-17-1786038994971628750.jsonl: TASK_LIFECYCLE_EVENT must have at least one state transition"
time="2026-08-06T18:16:09Z" level=error msg="Failed to store events for file session_2026-08-06_10-56-08_444353_1/dec95c65bc663100ce18f14251f9ac8d65f501a20873d77a2471e9b7/job_events/03000000/dec95c65bc663100ce18f14251f9ac8d65f501a20873d77a2471e9b7-2026-08-06-17-1786038994971628750.jsonl: TASK_LIFECYCLE_EVENT must have at least one state transition"
time="2026-08-06T18:16:09Z" level=error msg="Failed to store events for file session_2026-08-06_10-56-08_444353_1/dec95c65bc663100ce18f14251f9ac8d65f501a20873d77a2471e9b7/job_events/03000000/dec95c65bc663100ce18f14251f9ac8d65f501a20873d77a2471e9b7-2026-08-06-17-1786038994971628750.jsonl: TASK_LIFECYCLE_EVENT must have at least one state transition"
time="2026-08-06T18:16:10Z" level=error msg="Failed to store events for file session_2026-08-06_10-56-08_444353_1/dec95c65bc663100ce18f14251f9ac8d65f501a20873d77a2471e9b7/job_events/03000000/dec95c65bc663100ce18f14251f9ac8d65f501a20873d77a2471e9b7-2026-08-06-17-1786038994971628750.jsonl: TASK_LIFECYCLE_EVENT must have at least one state transition"
time="2026-08-06T18:16:10Z" level=error msg="Failed to store events for file session_2026-08-06_10-56-08_444353_1/dec95c65bc663100ce18f14251f9ac8d65f501a20873d77a2471e9b7/job_events/03000000/dec95c65bc663100ce18f14251f9ac8d65f501a20873d77a2471e9b7-2026-08-06-17-1786038994971628750.jsonl: TASK_LIFECYCLE_EVENT must have at least one state transition"
time="2026-08-06T18:16:11Z" level=error msg="Failed to store events for file session_2026-08-06_10-56-08_444353_1/dec95c65bc663100ce18f14251f9ac8d65f501a20873d77a2471e9b7/job_events/03000000/dec95c65bc663100ce18f14251f9ac8d65f501a20873d77a2471e9b7-2026-08-06-17-1786038994971628750.jsonl: TASK_LIFECYCLE_EVENT must have at least one state transition"
time="2026-08-06T18:16:11Z" level=error msg="Failed to store events for file session_2026-08-06_10-56-08_444353_1/dec95c65bc663100ce18f14251f9ac8d65f501a20873d77a2471e9b7/job_events/03000000/dec95c65bc663100ce18f14251f9ac8d65f501a20873d77a2471e9b7-2026-08-06-17-1786038994971628750.jsonl: TASK_LIFECYCLE_EVENT must have at least one state transition"
time="2026-08-06T18:16:11Z" level=error msg="Failed to store events for file session_2026-08-06_10-56-08_444353_1/dec95c65bc663100ce18f14251f9ac8d65f501a20873d77a2471e9b7/job_events/03000000/dec95c65bc663100ce18f14251f9ac8d65f501a20873d77a2471e9b7-2026-08-06-17-1786038994971628750.jsonl: TASK_LIFECYCLE_EVENT must have at least one state transition"
time="2026-08-06T18:16:11Z" level=error msg="Failed to store events for file session_2026-08-06_10-56-08_444353_1/dec95c65bc663100ce18f14251f9ac8d65f501a20873d77a2471e9b7/job_events/03000000/dec95c65bc663100ce18f14251f9ac8d65f501a20873d77a2471e9b7-2026-08-06-17-1786038994971628750.jsonl: TASK_LIFECYCLE_EVENT must have at least one state transition"
time="2026-08-06T18:16:11Z" level=error msg="Failed to store events for file session_2026-08-06_10-56-08_444353_1/dec95c65bc663100ce18f14251f9ac8d65f501a20873d77a2471e9b7/job_events/03000000/dec95c65bc663100ce18f14251f9ac8d65f501a20873d77a2471e9b7-2026-08-06-17-1786038994971628750.jsonl: TASK_LIFECYCLE_EVENT must have at least one state transition"
time="2026-08-06T18:16:12Z" level=error msg="Failed to store events for file session_2026-08-06_10-56-08_444353_1/dec95c65bc663100ce18f14251f9ac8d65f501a20873d77a2471e9b7/job_events/03000000/dec95c65bc663100ce18f14251f9ac8d65f501a20873d77a2471e9b7-2026-08-06-17-1786038994971628750.jsonl: TASK_LIFECYCLE_EVENT must have at least one state transition"
time="2026-08-06T18:16:12Z" level=error msg="Failed to store events for file session_2026-08-06_10-56-08_444353_1/dec95c65bc663100ce18f14251f9ac8d65f501a20873d77a2471e9b7/job_events/03000000/dec95c65bc663100ce18f14251f9ac8d65f501a20873d77a2471e9b7-2026-08-06-17-1786038994971628750.jsonl: TASK_LIFECYCLE_EVENT must have at least one state transition"
time="2026-08-06T18:16:12Z" level=error msg="Failed to store events for file session_2026-08-06_10-56-08_444353_1/dec95c65bc663100ce18f14251f9ac8d65f501a20873d77a2471e9b7/job_events/03000000/dec95c65bc663100ce18f14251f9ac8d65f501a20873d77a2471e9b7-2026-08-06-17-1786038994971628750.jsonl: TASK_LIFECYCLE_EVENT must have at least one state transition"
time="2026-08-06T18:16:12Z" level=error msg="Failed to store events for file session_2026-08-06_10-56-08_444353_1/dec95c65bc663100ce18f14251f9ac8d65f501a20873d77a2471e9b7/job_events/03000000/dec95c65bc663100ce18f14251f9ac8d65f501a20873d77a2471e9b7-2026-08-06-17-1786038994971628750.jsonl: TASK_LIFECYCLE_EVENT must have at least one state transition"
time="2026-08-06T18:16:12Z" level=error msg="Failed to store events for file session_2026-08-06_10-56-08_444353_1/dec95c65bc663100ce18f14251f9ac8d65f501a20873d77a2471e9b7/job_events/03000000/dec95c65bc663100ce18f14251f9ac8d65f501a20873d77a2471e9b7-2026-08-06-17-1786038994971628750.jsonl: TASK_LIFECYCLE_EVENT must have at least one state transition"
time="2026-08-06T18:16:12Z" level=error msg="Failed to store events for file session_2026-08-06_10-56-08_444353_1/dec95c65bc663100ce18f14251f9ac8d65f501a20873d77a2471e9b7/job_events/03000000/dec95c65bc663100ce18f14251f9ac8d65f501a20873d77a2471e9b7-2026-08-06-17-1786038994971628750.jsonl: TASK_LIFECYCLE_EVENT must have at least one state transition"
time="2026-08-06T18:16:13Z" level=error msg="Failed to store events for file session_2026-08-06_10-56-08_444353_1/dec95c65bc663100ce18f14251f9ac8d65f501a20873d77a2471e9b7/job_events/03000000/dec95c65bc663100ce18f14251f9ac8d65f501a20873d77a2471e9b7-2026-08-06-17-1786038994971628750.jsonl: TASK_LIFECYCLE_EVENT must have at least one state transition"
time="2026-08-06T18:16:13Z" level=error msg="Failed to store events for file session_2026-08-06_10-56-08_444353_1/dec95c65bc663100ce18f14251f9ac8d65f501a20873d77a2471e9b7/job_events/03000000/dec95c65bc663100ce18f14251f9ac8d65f501a20873d77a2471e9b7-2026-08-06-17-1786038994971628750.jsonl: TASK_LIFECYCLE_EVENT must have at least one state transition"
time="2026-08-06T18:16:14Z" level=error msg="Failed to store events for file session_2026-08-06_10-56-08_444353_1/dec95c65bc663100ce18f14251f9ac8d65f501a20873d77a2471e9b7/job_events/03000000/dec95c65bc663100ce18f14251f9ac8d65f501a20873d77a2471e9b7-2026-08-06-17-1786038994971628750.jsonl: TASK_LIFECYCLE_EVENT must have at least one state transition"
time="2026-08-06T18:16:14Z" level=error msg="Failed to store events for file session_2026-08-06_10-56-08_444353_1/dec95c65bc663100ce18f14251f9ac8d65f501a20873d77a2471e9b7/job_events/03000000/dec95c65bc663100ce18f14251f9ac8d65f501a20873d77a2471e9b7-2026-08-06-17-1786038994971628750.jsonl: TASK_LIFECYCLE_EVENT must have at least one state transition"
time="2026-08-06T18:16:14Z" level=error msg="Failed to store events for file session_2026-08-06_10-56-08_444353_1/dec95c65bc663100ce18f14251f9ac8d65f501a20873d77a2471e9b7/job_events/03000000/dec95c65bc663100ce18f14251f9ac8d65f501a20873d77a2471e9b7-2026-08-06-17-1786038994971628750.jsonl: TASK_LIFECYCLE_EVENT must have at least one state transition"
time="2026-08-06T18:16:14Z" level=error msg="Failed to store events for file session_2026-08-06_10-56-08_444353_1/dec95c65bc663100ce18f14251f9ac8d65f501a20873d77a2471e9b7/job_events/03000000/dec95c65bc663100ce18f14251f9ac8d65f501a20873d77a2471e9b7-2026-08-06-17-1786038994971628750.jsonl: TASK_LIFECYCLE_EVENT must have at least one state transition"
time="2026-08-06T18:16:14Z" level=error msg="Failed to store events for file session_2026-08-06_10-56-08_444353_1/dec95c65bc663100ce18f14251f9ac8d65f501a20873d77a2471e9b7/job_events/03000000/dec95c65bc663100ce18f14251f9ac8d65f501a20873d77a2471e9b7-2026-08-06-17-1786038994971628750.jsonl: TASK_LIFECYCLE_EVENT must have at least one state transition"
time="2026-08-06T18:16:15Z" level=error msg="Failed to store events for file session_2026-08-06_10-56-08_444353_1/dec95c65bc663100ce18f14251f9ac8d65f501a20873d77a2471e9b7/job_events/03000000/dec95c65bc663100ce18f14251f9ac8d65f501a20873d77a2471e9b7-2026-08-06-17-1786038994971628750.jsonl: TASK_LIFECYCLE_EVENT must have at least one state transition"
time="2026-08-06T18:16:15Z" level=error msg="Failed to store events for file session_2026-08-06_10-56-08_444353_1/dec95c65bc663100ce18f14251f9ac8d65f501a20873d77a2471e9b7/job_events/03000000/dec95c65bc663100ce18f14251f9ac8d65f501a20873d77a2471e9b7-2026-08-06-17-1786038994971628750.jsonl: TASK_LIFECYCLE_EVENT must have at least one state transition"
time="2026-08-06T18:16:15Z" level=error msg="Failed to store events for file session_2026-08-06_10-56-08_444353_1/dec95c65bc663100ce18f14251f9ac8d65f501a20873d77a2471e9b7/job_events/03000000/dec95c65bc663100ce18f14251f9ac8d65f501a20873d77a2471e9b7-2026-08-06-17-1786038994971628750.jsonl: TASK_LIFECYCLE_EVENT must have at least one state transition"
time="2026-08-06T18:16:16Z" level=error msg="Failed to store events for file session_2026-08-06_10-56-08_444353_1/dec95c65bc663100ce18f14251f9ac8d65f501a20873d77a2471e9b7/job_events/03000000/dec95c65bc663100ce18f14251f9ac8d65f501a20873d77a2471e9b7-2026-08-06-17-1786038994971628750.jsonl: TASK_LIFECYCLE_EVENT must have at least one state transition"
time="2026-08-06T18:16:16Z" level=error msg="Failed to store events for file session_2026-08-06_10-56-08_444353_1/dec95c65bc663100ce18f14251f9ac8d65f501a20873d77a2471e9b7/job_events/03000000/dec95c65bc663100ce18f14251f9ac8d65f501a20873d77a2471e9b7-2026-08-06-17-1786038994971628750.jsonl: TASK_LIFECYCLE_EVENT must have at least one state transition"
time="2026-08-06T18:16:16Z" level=error msg="Failed to store events for file session_2026-08-06_10-56-08_444353_1/dec95c65bc663100ce18f14251f9ac8d65f501a20873d77a2471e9b7/job_events/03000000/dec95c65bc663100ce18f14251f9ac8d65f501a20873d77a2471e9b7-2026-08-06-17-1786038994971628750.jsonl: TASK_LIFECYCLE_EVENT must have at least one state transition"
time="2026-08-06T18:16:16Z" level=error msg="Failed to store events for file session_2026-08-06_10-56-08_444353_1/dec95c65bc663100ce18f14251f9ac8d65f501a20873d77a2471e9b7/job_events/03000000/dec95c65bc663100ce18f14251f9ac8d65f501a20873d77a2471e9b7-2026-08-06-17-1786038994971628750.jsonl: TASK_LIFECYCLE_EVENT must have at least one state transition"
time="2026-08-06T18:16:17Z" level=error msg="Failed to store events for file session_2026-08-06_10-56-08_444353_1/dec95c65bc663100ce18f14251f9ac8d65f501a20873d77a2471e9b7/job_events/03000000/dec95c65bc663100ce18f14251f9ac8d65f501a20873d77a2471e9b7-2026-08-06-17-1786038994971628750.jsonl: TASK_LIFECYCLE_EVENT must have at least one state transition"
time="2026-08-06T18:16:17Z" level=error msg="Failed to store events for file session_2026-08-06_10-56-08_444353_1/dec95c65bc663100ce18f14251f9ac8d65f501a20873d77a2471e9b7/job_events/03000000/dec95c65bc663100ce18f14251f9ac8d65f501a20873d77a2471e9b7-2026-08-06-17-1786038994971628750.jsonl: TASK_LIFECYCLE_EVENT must have at least one state transition"
time="2026-08-06T18:16:17Z" level=error msg="Failed to store events for file session_2026-08-06_10-56-08_444353_1/dec95c65bc663100ce18f14251f9ac8d65f501a20873d77a2471e9b7/job_events/03000000/dec95c65bc663100ce18f14251f9ac8d65f501a20873d77a2471e9b7-2026-08-06-17-1786038994971628750.jsonl: TASK_LIFECYCLE_EVENT must have at least one state transition"
time="2026-08-06T18:16:17Z" level=error msg="Failed to store events for file session_2026-08-06_10-56-08_444353_1/dec95c65bc663100ce18f14251f9ac8d65f501a20873d77a2471e9b7/job_events/03000000/dec95c65bc663100ce18f14251f9ac8d65f501a20873d77a2471e9b7-2026-08-06-17-1786038994971628750.jsonl: TASK_LIFECYCLE_EVENT must have at least one state transition"
time="2026-08-06T18:16:18Z" level=error msg="Failed to store events for file session_2026-08-06_10-56-08_444353_1/dec95c65bc663100ce18f14251f9ac8d65f501a20873d77a2471e9b7/job_events/03000000/dec95c65bc663100ce18f14251f9ac8d65f501a20873d77a2471e9b7-2026-08-06-17-1786038994971628750.jsonl: TASK_LIFECYCLE_EVENT must have at least one state transition"
time="2026-08-06T18:16:18Z" level=error msg="Failed to store events for file session_2026-08-06_10-56-08_444353_1/dec95c65bc663100ce18f14251f9ac8d65f501a20873d77a2471e9b7/job_events/03000000/dec95c65bc663100ce18f14251f9ac8d65f501a20873d77a2471e9b7-2026-08-06-17-1786038994971628750.jsonl: TASK_LIFECYCLE_EVENT must have at least one state transition"
time="2026-08-06T18:16:19Z" level=error msg="Failed to store events for file session_2026-08-06_10-56-08_444353_1/dec95c65bc663100ce18f14251f9ac8d65f501a20873d77a2471e9b7/job_events/03000000/dec95c65bc663100ce18f14251f9ac8d65f501a20873d77a2471e9b7-2026-08-06-17-1786038994971628750.jsonl: TASK_LIFECYCLE_EVENT must have at least one state transition"
time="2026-08-06T18:16:19Z" level=error msg="Failed to store events for file session_2026-08-06_10-56-08_444353_1/dec95c65bc663100ce18f14251f9ac8d65f501a20873d77a2471e9b7/job_events/03000000/dec95c65bc663100ce18f14251f9ac8d65f501a20873d77a2471e9b7-2026-08-06-17-1786038994971628750.jsonl: TASK_LIFECYCLE_EVENT must have at least one state transition"
time="2026-08-06T18:16:19Z" level=error msg="Failed to store events for file session_2026-08-06_10-56-08_444353_1/dec95c65bc663100ce18f14251f9ac8d65f501a20873d77a2471e9b7/job_events/03000000/dec95c65bc663100ce18f14251f9ac8d65f501a20873d77a2471e9b7-2026-08-06-17-1786038994971628750.jsonl: TASK_LIFECYCLE_EVENT must have at least one state transition"
time="2026-08-06T18:16:19Z" level=error msg="Failed to store events for file session_2026-08-06_10-56-08_444353_1/dec95c65bc663100ce18f14251f9ac8d65f501a20873d77a2471e9b7/job_events/03000000/dec95c65bc663100ce18f14251f9ac8d65f501a20873d77a2471e9b7-2026-08-06-17-1786038994971628750.jsonl: TASK_LIFECYCLE_EVENT must have at least one state transition"
time="2026-08-06T18:16:19Z" level=error msg="Failed to store events for file session_2026-08-06_10-56-08_444353_1/dec95c65bc663100ce18f14251f9ac8d65f501a20873d77a2471e9b7/job_events/03000000/dec95c65bc663100ce18f14251f9ac8d65f501a20873d77a2471e9b7-2026-08-06-17-1786038994971628750.jsonl: TASK_LIFECYCLE_EVENT must have at least one state transition"
time="2026-08-06T18:16:20Z" level=info msg="Prepare to get object log/cluster-history/raycluster/test-ns-hnk4h/raycluster-historyserver/session_2026-08-06_10-56-08_444353_1/dec95c65bc663100ce18f14251f9ac8d65f501a20873d77a2471e9b7/job_events/03000000/dec95c65bc663100ce18f14251f9ac8d65f501a20873d77a2471e9b7-2026-08-06-17-1786039044467109009.jsonl info ..."
time="2026-08-06T18:16:35Z" level=error msg="Failed to store events for file session_2026-08-06_10-56-08_444353_1/dec95c65bc663100ce18f14251f9ac8d65f501a20873d77a2471e9b7/job_events/03000000/dec95c65bc663100ce18f14251f9ac8d65f501a20873d77a2471e9b7-2026-08-06-17-1786039044467109009.jsonl: TASK_LIFECYCLE_EVENT must have at least one state transition"
time="2026-08-06T18:16:35Z" level=error msg="Failed to store events for file session_2026-08-06_10-56-08_444353_1/dec95c65bc663100ce18f14251f9ac8d65f501a20873d77a2471e9b7/job_events/03000000/dec95c65bc663100ce18f14251f9ac8d65f501a20873d77a2471e9b7-2026-08-06-17-1786039044467109009.jsonl: TASK_LIFECYCLE_EVENT must have at least one state transition"
time="2026-08-06T18:16:35Z" level=error msg="Failed to store events for file session_2026-08-06_10-56-08_444353_1/dec95c65bc663100ce18f14251f9ac8d65f501a20873d77a2471e9b7/job_events/03000000/dec95c65bc663100ce18f14251f9ac8d65f501a20873d77a2471e9b7-2026-08-06-17-1786039044467109009.jsonl: TASK_LIFECYCLE_EVENT must have at least one state transition"
time="2026-08-06T18:16:36Z" level=error msg="Failed to store events for file session_2026-08-06_10-56-08_444353_1/dec95c65bc663100ce18f14251f9ac8d65f501a20873d77a2471e9b7/job_events/03000000/dec95c65bc663100ce18f14251f9ac8d65f501a20873d77a2471e9b7-2026-08-06-17-1786039044467109009.jsonl: TASK_LIFECYCLE_EVENT must have at least one state transition"
time="2026-08-06T18:16:36Z" level=error msg="Failed to store events for file session_2026-08-06_10-56-08_444353_1/dec95c65bc663100ce18f14251f9ac8d65f501a20873d77a2471e9b7/job_events/03000000/dec95c65bc663100ce18f14251f9ac8d65f501a20873d77a2471e9b7-2026-08-06-17-1786039044467109009.jsonl: TASK_LIFECYCLE_EVENT must have at least one state transition"
time="2026-08-06T18:16:36Z" level=error msg="Failed to store events for file session_2026-08-06_10-56-08_444353_1/dec95c65bc663100ce18f14251f9ac8d65f501a20873d77a2471e9b7/job_events/03000000/dec95c65bc663100ce18f14251f9ac8d65f501a20873d77a2471e9b7-2026-08-06-17-1786039044467109009.jsonl: TASK_LIFECYCLE_EVENT must have at least one state transition"
time="2026-08-06T18:16:37Z" level=error msg="Failed to store events for file session_2026-08-06_10-56-08_444353_1/dec95c65bc663100ce18f14251f9ac8d65f501a20873d77a2471e9b7/job_events/03000000/dec95c65bc663100ce18f14251f9ac8d65f501a20873d77a2471e9b7-2026-08-06-17-1786039044467109009.jsonl: TASK_LIFECYCLE_EVENT must have at least one state transition"
time="2026-08-06T18:16:37Z" level=error msg="Failed to store events for file session_2026-08-06_10-56-08_444353_1/dec95c65bc663100ce18f14251f9ac8d65f501a20873d77a2471e9b7/job_events/03000000/dec95c65bc663100ce18f14251f9ac8d65f501a20873d77a2471e9b7-2026-08-06-17-1786039044467109009.jsonl: TASK_LIFECYCLE_EVENT must have at least one state transition"
time="2026-08-06T18:16:37Z" level=error msg="Failed to store events for file session_2026-08-06_10-56-08_444353_1/dec95c65bc663100ce18f14251f9ac8d65f501a20873d77a2471e9b7/job_events/03000000/dec95c65bc663100ce18f14251f9ac8d65f501a20873d77a2471e9b7-2026-08-06-17-1786039044467109009.jsonl: TASK_LIFECYCLE_EVENT must have at least one state transition"
time="2026-08-06T18:16:37Z" level=error msg="Failed to store events for file session_2026-08-06_10-56-08_444353_1/dec95c65bc663100ce18f14251f9ac8d65f501a20873d77a2471e9b7/job_events/03000000/dec95c65bc663100ce18f14251f9ac8d65f501a20873d77a2471e9b7-2026-08-06-17-1786039044467109009.jsonl: TASK_LIFECYCLE_EVENT must have at least one state transition"
time="2026-08-06T18:16:38Z" level=error msg="Failed to store events for file session_2026-08-06_10-56-08_444353_1/dec95c65bc663100ce18f14251f9ac8d65f501a20873d77a2471e9b7/job_events/03000000/dec95c65bc663100ce18f14251f9ac8d65f501a20873d77a2471e9b7-2026-08-06-17-1786039044467109009.jsonl: TASK_LIFECYCLE_EVENT must have at least one state transition"
time="2026-08-06T18:16:38Z" level=error msg="Failed to store events for file session_2026-08-06_10-56-08_444353_1/dec95c65bc663100ce18f14251f9ac8d65f501a20873d77a2471e9b7/job_events/03000000/dec95c65bc663100ce18f14251f9ac8d65f501a20873d77a2471e9b7-2026-08-06-17-1786039044467109009.jsonl: TASK_LIFECYCLE_EVENT must have at least one state transition"
time="2026-08-06T18:16:39Z" level=error msg="Failed to store events for file session_2026-08-06_10-56-08_444353_1/dec95c65bc663100ce18f14251f9ac8d65f501a20873d77a2471e9b7/job_events/03000000/dec95c65bc663100ce18f14251f9ac8d65f501a20873d77a2471e9b7-2026-08-06-17-1786039044467109009.jsonl: TASK_LIFECYCLE_EVENT must have at least one state transition"
time="2026-08-06T18:16:39Z" level=error msg="Failed to store events for file session_2026-08-06_10-56-08_444353_1/dec95c65bc663100ce18f14251f9ac8d65f501a20873d77a2471e9b7/job_events/03000000/dec95c65bc663100ce18f14251f9ac8d65f501a20873d77a2471e9b7-2026-08-06-17-1786039044467109009.jsonl: TASK_LIFECYCLE_EVENT must have at least one state transition"
time="2026-08-06T18:16:39Z" level=error msg="Failed to store events for file session_2026-08-06_10-56-08_444353_1/dec95c65bc663100ce18f14251f9ac8d65f501a20873d77a2471e9b7/job_events/03000000/dec95c65bc663100ce18f14251f9ac8d65f501a20873d77a2471e9b7-2026-08-06-17-1786039044467109009.jsonl: TASK_LIFECYCLE_EVENT must have at least one state transition"
time="2026-08-06T18:16:40Z" level=error msg="Failed to store events for file session_2026-08-06_10-56-08_444353_1/dec95c65bc663100ce18f14251f9ac8d65f501a20873d77a2471e9b7/job_events/03000000/dec95c65bc663100ce18f14251f9ac8d65f501a20873d77a2471e9b7-2026-08-06-17-1786039044467109009.jsonl: TASK_LIFECYCLE_EVENT must have at least one state transition"
time="2026-08-06T18:16:40Z" level=error msg="Failed to store events for file session_2026-08-06_10-56-08_444353_1/dec95c65bc663100ce18f14251f9ac8d65f501a20873d77a2471e9b7/job_events/03000000/dec95c65bc663100ce18f14251f9ac8d65f501a20873d77a2471e9b7-2026-08-06-17-1786039044467109009.jsonl: TASK_LIFECYCLE_EVENT must have at least one state transition"
time="2026-08-06T18:16:41Z" level=error msg="Failed to store events for file session_2026-08-06_10-56-08_444353_1/dec95c65bc663100ce18f14251f9ac8d65f501a20873d77a2471e9b7/job_events/03000000/dec95c65bc663100ce18f14251f9ac8d65f501a20873d77a2471e9b7-2026-08-06-17-1786039044467109009.jsonl: TASK_LIFECYCLE_EVENT must have at least one state transition"
time="2026-08-06T18:16:41Z" level=error msg="Failed to store events for file session_2026-08-06_10-56-08_444353_1/dec95c65bc663100ce18f14251f9ac8d65f501a20873d77a2471e9b7/job_events/03000000/dec95c65bc663100ce18f14251f9ac8d65f501a20873d77a2471e9b7-2026-08-06-17-1786039044467109009.jsonl: TASK_LIFECYCLE_EVENT must have at least one state transition"
time="2026-08-06T18:16:41Z" level=error msg="Failed to store events for file session_2026-08-06_10-56-08_444353_1/dec95c65bc663100ce18f14251f9ac8d65f501a20873d77a2471e9b7/job_events/03000000/dec95c65bc663100ce18f14251f9ac8d65f501a20873d77a2471e9b7-2026-08-06-17-1786039044467109009.jsonl: TASK_LIFECYCLE_EVENT must have at least one state transition"
time="2026-08-06T18:16:41Z" level=error msg="Failed to store events for file session_2026-08-06_10-56-08_444353_1/dec95c65bc663100ce18f14251f9ac8d65f501a20873d77a2471e9b7/job_events/03000000/dec95c65bc663100ce18f14251f9ac8d65f501a20873d77a2471e9b7-2026-08-06-17-1786039044467109009.jsonl: TASK_LIFECYCLE_EVENT must have at least one state transition"
time="2026-08-06T18:16:41Z" level=error msg="Failed to store events for file session_2026-08-06_10-56-08_444353_1/dec95c65bc663100ce18f14251f9ac8d65f501a20873d77a2471e9b7/job_events/03000000/dec95c65bc663100ce18f14251f9ac8d65f501a20873d77a2471e9b7-2026-08-06-17-1786039044467109009.jsonl: TASK_LIFECYCLE_EVENT must have at least one state transition"
time="2026-08-06T18:16:41Z" level=error msg="Failed to store events for file session_2026-08-06_10-56-08_444353_1/dec95c65bc663100ce18f14251f9ac8d65f501a20873d77a2471e9b7/job_events/03000000/dec95c65bc663100ce18f14251f9ac8d65f501a20873d77a2471e9b7-2026-08-06-17-1786039044467109009.jsonl: TASK_LIFECYCLE_EVENT must have at least one state transition"
time="2026-08-06T18:16:41Z" level=error msg="Failed to store events for file session_2026-08-06_10-56-08_444353_1/dec95c65bc663100ce18f14251f9ac8d65f501a20873d77a2471e9b7/job_events/03000000/dec95c65bc663100ce18f14251f9ac8d65f501a20873d77a2471e9b7-2026-08-06-17-1786039044467109009.jsonl: TASK_LIFECYCLE_EVENT must have at least one state transition"
time="2026-08-06T18:16:41Z" level=error msg="Failed to store events for file session_2026-08-06_10-56-08_444353_1/dec95c65bc663100ce18f14251f9ac8d65f501a20873d77a2471e9b7/job_events/03000000/dec95c65bc663100ce18f14251f9ac8d65f501a20873d77a2471e9b7-2026-08-06-17-1786039044467109009.jsonl: TASK_LIFECYCLE_EVENT must have at least one state transition"
time="2026-08-06T18:16:41Z" level=error msg="Failed to store events for file session_2026-08-06_10-56-08_444353_1/dec95c65bc663100ce18f14251f9ac8d65f501a20873d77a2471e9b7/job_events/03000000/dec95c65bc663100ce18f14251f9ac8d65f501a20873d77a2471e9b7-2026-08-06-17-1786039044467109009.jsonl: TASK_LIFECYCLE_EVENT must have at least one state transition"
time="2026-08-06T18:16:42Z" level=error msg="Failed to store events for file session_2026-08-06_10-56-08_444353_1/dec95c65bc663100ce18f14251f9ac8d65f501a20873d77a2471e9b7/job_events/03000000/dec95c65bc663100ce18f14251f9ac8d65f501a20873d77a2471e9b7-2026-08-06-17-1786039044467109009.jsonl: TASK_LIFECYCLE_EVENT must have at least one state transition"
time="2026-08-06T18:16:42Z" level=error msg="Failed to store events for file session_2026-08-06_10-56-08_444353_1/dec95c65bc663100ce18f14251f9ac8d65f501a20873d77a2471e9b7/job_events/03000000/dec95c65bc663100ce18f14251f9ac8d65f501a20873d77a2471e9b7-2026-08-06-17-1786039044467109009.jsonl: TASK_LIFECYCLE_EVENT must have at least one state transition"
time="2026-08-06T18:16:42Z" level=error msg="Failed to store events for file session_2026-08-06_10-56-08_444353_1/dec95c65bc663100ce18f14251f9ac8d65f501a20873d77a2471e9b7/job_events/03000000/dec95c65bc663100ce18f14251f9ac8d65f501a20873d77a2471e9b7-2026-08-06-17-1786039044467109009.jsonl: TASK_LIFECYCLE_EVENT must have at least one state transition"
time="2026-08-06T18:16:42Z" level=error msg="Failed to store events for file session_2026-08-06_10-56-08_444353_1/dec95c65bc663100ce18f14251f9ac8d65f501a20873d77a2471e9b7/job_events/03000000/dec95c65bc663100ce18f14251f9ac8d65f501a20873d77a2471e9b7-2026-08-06-17-1786039044467109009.jsonl: TASK_LIFECYCLE_EVENT must have at least one state transition"
time="2026-08-06T18:16:42Z" level=error msg="Failed to store events for file session_2026-08-06_10-56-08_444353_1/dec95c65bc663100ce18f14251f9ac8d65f501a20873d77a2471e9b7/job_events/03000000/dec95c65bc663100ce18f14251f9ac8d65f501a20873d77a2471e9b7-2026-08-06-17-1786039044467109009.jsonl: TASK_LIFECYCLE_EVENT must have at least one state transition"
time="2026-08-06T18:16:43Z" level=error msg="Failed to store events for file session_2026-08-06_10-56-08_444353_1/dec95c65bc663100ce18f14251f9ac8d65f501a20873d77a2471e9b7/job_events/03000000/dec95c65bc663100ce18f14251f9ac8d65f501a20873d77a2471e9b7-2026-08-06-17-1786039044467109009.jsonl: TASK_LIFECYCLE_EVENT must have at least one state transition"
time="2026-08-06T18:16:43Z" level=error msg="Failed to store events for file session_2026-08-06_10-56-08_444353_1/dec95c65bc663100ce18f14251f9ac8d65f501a20873d77a2471e9b7/job_events/03000000/dec95c65bc663100ce18f14251f9ac8d65f501a20873d77a2471e9b7-2026-08-06-17-1786039044467109009.jsonl: TASK_LIFECYCLE_EVENT must have at least one state transition"
time="2026-08-06T18:16:43Z" level=error msg="Failed to store events for file session_2026-08-06_10-56-08_444353_1/dec95c65bc663100ce18f14251f9ac8d65f501a20873d77a2471e9b7/job_events/03000000/dec95c65bc663100ce18f14251f9ac8d65f501a20873d77a2471e9b7-2026-08-06-17-1786039044467109009.jsonl: TASK_LIFECYCLE_EVENT must have at least one state transition"
time="2026-08-06T18:16:43Z" level=error msg="Failed to store events for file session_2026-08-06_10-56-08_444353_1/dec95c65bc663100ce18f14251f9ac8d65f501a20873d77a2471e9b7/job_events/03000000/dec95c65bc663100ce18f14251f9ac8d65f501a20873d77a2471e9b7-2026-08-06-17-1786039044467109009.jsonl: TASK_LIFECYCLE_EVENT must have at least one state transition"
time="2026-08-06T18:16:43Z" level=error msg="Failed to store events for file session_2026-08-06_10-56-08_444353_1/dec95c65bc663100ce18f14251f9ac8d65f501a20873d77a2471e9b7/job_events/03000000/dec95c65bc663100ce18f14251f9ac8d65f501a20873d77a2471e9b7-2026-08-06-17-1786039044467109009.jsonl: TASK_LIFECYCLE_EVENT must have at least one state transition"
time="2026-08-06T18:16:43Z" level=error msg="Failed to store events for file session_2026-08-06_10-56-08_444353_1/dec95c65bc663100ce18f14251f9ac8d65f501a20873d77a2471e9b7/job_events/03000000/dec95c65bc663100ce18f14251f9ac8d65f501a20873d77a2471e9b7-2026-08-06-17-1786039044467109009.jsonl: TASK_LIFECYCLE_EVENT must have at least one state transition"
time="2026-08-06T18:16:43Z" level=error msg="Failed to store events for file session_2026-08-06_10-56-08_444353_1/dec95c65bc663100ce18f14251f9ac8d65f501a20873d77a2471e9b7/job_events/03000000/dec95c65bc663100ce18f14251f9ac8d65f501a20873d77a2471e9b7-2026-08-06-17-1786039044467109009.jsonl: TASK_LIFECYCLE_EVENT must have at least one state transition"
time="2026-08-06T18:16:44Z" level=error msg="Failed to store events for file session_2026-08-06_10-56-08_444353_1/dec95c65bc663100ce18f14251f9ac8d65f501a20873d77a2471e9b7/job_events/03000000/dec95c65bc663100ce18f14251f9ac8d65f501a20873d77a2471e9b7-2026-08-06-17-1786039044467109009.jsonl: TASK_LIFECYCLE_EVENT must have at least one state transition"
time="2026-08-06T18:16:44Z" level=error msg="Failed to store events for file session_2026-08-06_10-56-08_444353_1/dec95c65bc663100ce18f14251f9ac8d65f501a20873d77a2471e9b7/job_events/03000000/dec95c65bc663100ce18f14251f9ac8d65f501a20873d77a2471e9b7-2026-08-06-17-1786039044467109009.jsonl: TASK_LIFECYCLE_EVENT must have at least one state transition"
time="2026-08-06T18:16:44Z" level=error msg="Failed to store events for file session_2026-08-06_10-56-08_444353_1/dec95c65bc663100ce18f14251f9ac8d65f501a20873d77a2471e9b7/job_events/03000000/dec95c65bc663100ce18f14251f9ac8d65f501a20873d77a2471e9b7-2026-08-06-17-1786039044467109009.jsonl: TASK_LIFECYCLE_EVENT must have at least one state transition"
time="2026-08-06T18:16:44Z" level=error msg="Failed to store events for file session_2026-08-06_10-56-08_444353_1/dec95c65bc663100ce18f14251f9ac8d65f501a20873d77a2471e9b7/job_events/03000000/dec95c65bc663100ce18f14251f9ac8d65f501a20873d77a2471e9b7-2026-08-06-17-1786039044467109009.jsonl: TASK_LIFECYCLE_EVENT must have at least one state transition"
time="2026-08-06T18:16:44Z" level=error msg="Failed to store events for file session_2026-08-06_10-56-08_444353_1/dec95c65bc663100ce18f14251f9ac8d65f501a20873d77a2471e9b7/job_events/03000000/dec95c65bc663100ce18f14251f9ac8d65f501a20873d77a2471e9b7-2026-08-06-17-1786039044467109009.jsonl: TASK_LIFECYCLE_EVENT must have at least one state transition"
time="2026-08-06T18:16:44Z" level=error msg="Failed to store events for file session_2026-08-06_10-56-08_444353_1/dec95c65bc663100ce18f14251f9ac8d65f501a20873d77a2471e9b7/job_events/03000000/dec95c65bc663100ce18f14251f9ac8d65f501a20873d77a2471e9b7-2026-08-06-17-1786039044467109009.jsonl: TASK_LIFECYCLE_EVENT must have at least one state transition"
time="2026-08-06T18:16:45Z" level=error msg="Failed to store events for file session_2026-08-06_10-56-08_444353_1/dec95c65bc663100ce18f14251f9ac8d65f501a20873d77a2471e9b7/job_events/03000000/dec95c65bc663100ce18f14251f9ac8d65f501a20873d77a2471e9b7-2026-08-06-17-1786039044467109009.jsonl: TASK_LIFECYCLE_EVENT must have at least one state transition"
time="2026-08-06T18:16:45Z" level=error msg="Failed to store events for file session_2026-08-06_10-56-08_444353_1/dec95c65bc663100ce18f14251f9ac8d65f501a20873d77a2471e9b7/job_events/03000000/dec95c65bc663100ce18f14251f9ac8d65f501a20873d77a2471e9b7-2026-08-06-17-1786039044467109009.jsonl: TASK_LIFECYCLE_EVENT must have at least one state transition"
time="2026-08-06T18:16:45Z" level=error msg="Failed to store events for file session_2026-08-06_10-56-08_444353_1/dec95c65bc663100ce18f14251f9ac8d65f501a20873d77a2471e9b7/job_events/03000000/dec95c65bc663100ce18f14251f9ac8d65f501a20873d77a2471e9b7-2026-08-06-17-1786039044467109009.jsonl: TASK_LIFECYCLE_EVENT must have at least one state transition"
time="2026-08-06T18:16:45Z" level=error msg="Failed to store events for file session_2026-08-06_10-56-08_444353_1/dec95c65bc663100ce18f14251f9ac8d65f501a20873d77a2471e9b7/job_events/03000000/dec95c65bc663100ce18f14251f9ac8d65f501a20873d77a2471e9b7-2026-08-06-17-1786039044467109009.jsonl: TASK_LIFECYCLE_EVENT must have at least one state transition"
time="2026-08-06T18:16:45Z" level=error msg="Failed to store events for file session_2026-08-06_10-56-08_444353_1/dec95c65bc663100ce18f14251f9ac8d65f501a20873d77a2471e9b7/job_events/03000000/dec95c65bc663100ce18f14251f9ac8d65f501a20873d77a2471e9b7-2026-08-06-17-1786039044467109009.jsonl: TASK_LIFECYCLE_EVENT must have at least one state transition"
time="2026-08-06T18:16:46Z" level=error msg="Failed to store events for file session_2026-08-06_10-56-08_444353_1/dec95c65bc663100ce18f14251f9ac8d65f501a20873d77a2471e9b7/job_events/03000000/dec95c65bc663100ce18f14251f9ac8d65f501a20873d77a2471e9b7-2026-08-06-17-1786039044467109009.jsonl: TASK_LIFECYCLE_EVENT must have at least one state transition"
time="2026-08-06T18:16:47Z" level=error msg="Failed to store events for file session_2026-08-06_10-56-08_444353_1/dec95c65bc663100ce18f14251f9ac8d65f501a20873d77a2471e9b7/job_events/03000000/dec95c65bc663100ce18f14251f9ac8d65f501a20873d77a2471e9b7-2026-08-06-17-1786039044467109009.jsonl: TASK_LIFECYCLE_EVENT must have at least one state transition"
time="2026-08-06T18:16:47Z" level=error msg="Failed to store events for file session_2026-08-06_10-56-08_444353_1/dec95c65bc663100ce18f14251f9ac8d65f501a20873d77a2471e9b7/job_events/03000000/dec95c65bc663100ce18f14251f9ac8d65f501a20873d77a2471e9b7-2026-08-06-17-1786039044467109009.jsonl: TASK_LIFECYCLE_EVENT must have at least one state transition"
time="2026-08-06T18:16:47Z" level=error msg="Failed to store events for file session_2026-08-06_10-56-08_444353_1/dec95c65bc663100ce18f14251f9ac8d65f501a20873d77a2471e9b7/job_events/03000000/dec95c65bc663100ce18f14251f9ac8d65f501a20873d77a2471e9b7-2026-08-06-17-1786039044467109009.jsonl: TASK_LIFECYCLE_EVENT must have at least one state transition"
time="2026-08-06T18:16:48Z" level=error msg="Failed to store events for file session_2026-08-06_10-56-08_444353_1/dec95c65bc663100ce18f14251f9ac8d65f501a20873d77a2471e9b7/job_events/03000000/dec95c65bc663100ce18f14251f9ac8d65f501a20873d77a2471e9b7-2026-08-06-17-1786039044467109009.jsonl: TASK_LIFECYCLE_EVENT must have at least one state transition"
time="2026-08-06T18:16:48Z" level=error msg="Failed to store events for file session_2026-08-06_10-56-08_444353_1/dec95c65bc663100ce18f14251f9ac8d65f501a20873d77a2471e9b7/job_events/03000000/dec95c65bc663100ce18f14251f9ac8d65f501a20873d77a2471e9b7-2026-08-06-17-1786039044467109009.jsonl: TASK_LIFECYCLE_EVENT must have at least one state transition"
time="2026-08-06T18:16:49Z" level=error msg="Failed to store events for file session_2026-08-06_10-56-08_444353_1/dec95c65bc663100ce18f14251f9ac8d65f501a20873d77a2471e9b7/job_events/03000000/dec95c65bc663100ce18f14251f9ac8d65f501a20873d77a2471e9b7-2026-08-06-17-1786039044467109009.jsonl: TASK_LIFECYCLE_EVENT must have at least one state transition"
time="2026-08-06T18:16:49Z" level=error msg="Failed to store events for file session_2026-08-06_10-56-08_444353_1/dec95c65bc663100ce18f14251f9ac8d65f501a20873d77a2471e9b7/job_events/03000000/dec95c65bc663100ce18f14251f9ac8d65f501a20873d77a2471e9b7-2026-08-06-17-1786039044467109009.jsonl: TASK_LIFECYCLE_EVENT must have at least one state transition"
time="2026-08-06T18:16:50Z" level=error msg="Failed to store events for file session_2026-08-06_10-56-08_444353_1/dec95c65bc663100ce18f14251f9ac8d65f501a20873d77a2471e9b7/job_events/03000000/dec95c65bc663100ce18f14251f9ac8d65f501a20873d77a2471e9b7-2026-08-06-17-1786039044467109009.jsonl: TASK_LIFECYCLE_EVENT must have at least one state transition"
time="2026-08-06T18:16:50Z" level=error msg="Failed to store events for file session_2026-08-06_10-56-08_444353_1/dec95c65bc663100ce18f14251f9ac8d65f501a20873d77a2471e9b7/job_events/03000000/dec95c65bc663100ce18f14251f9ac8d65f501a20873d77a2471e9b7-2026-08-06-17-1786039044467109009.jsonl: TASK_LIFECYCLE_EVENT must have at least one state transition"
time="2026-08-06T18:16:50Z" level=error msg="Failed to store events for file session_2026-08-06_10-56-08_444353_1/dec95c65bc663100ce18f14251f9ac8d65f501a20873d77a2471e9b7/job_events/03000000/dec95c65bc663100ce18f14251f9ac8d65f501a20873d77a2471e9b7-2026-08-06-17-1786039044467109009.jsonl: TASK_LIFECYCLE_EVENT must have at least one state transition"
time="2026-08-06T18:16:51Z" level=error msg="Failed to store events for file session_2026-08-06_10-56-08_444353_1/dec95c65bc663100ce18f14251f9ac8d65f501a20873d77a2471e9b7/job_events/03000000/dec95c65bc663100ce18f14251f9ac8d65f501a20873d77a2471e9b7-2026-08-06-17-1786039044467109009.jsonl: TASK_LIFECYCLE_EVENT must have at least one state transition"
time="2026-08-06T18:16:51Z" level=error msg="Failed to store events for file session_2026-08-06_10-56-08_444353_1/dec95c65bc663100ce18f14251f9ac8d65f501a20873d77a2471e9b7/job_events/03000000/dec95c65bc663100ce18f14251f9ac8d65f501a20873d77a2471e9b7-2026-08-06-17-1786039044467109009.jsonl: TASK_LIFECYCLE_EVENT must have at least one state transition"
time="2026-08-06T18:16:51Z" level=error msg="Failed to store events for file session_2026-08-06_10-56-08_444353_1/dec95c65bc663100ce18f14251f9ac8d65f501a20873d77a2471e9b7/job_events/03000000/dec95c65bc663100ce18f14251f9ac8d65f501a20873d77a2471e9b7-2026-08-06-17-1786039044467109009.jsonl: TASK_LIFECYCLE_EVENT must have at least one state transition"
time="2026-08-06T18:16:52Z" level=error msg="Failed to store events for file session_2026-08-06_10-56-08_444353_1/dec95c65bc663100ce18f14251f9ac8d65f501a20873d77a2471e9b7/job_events/03000000/dec95c65bc663100ce18f14251f9ac8d65f501a20873d77a2471e9b7-2026-08-06-17-1786039044467109009.jsonl: TASK_LIFECYCLE_EVENT must have at least one state transition"
time="2026-08-06T18:16:52Z" level=error msg="Failed to store events for file session_2026-08-06_10-56-08_444353_1/dec95c65bc663100ce18f14251f9ac8d65f501a20873d77a2471e9b7/job_events/03000000/dec95c65bc663100ce18f14251f9ac8d65f501a20873d77a2471e9b7-2026-08-06-17-1786039044467109009.jsonl: TASK_LIFECYCLE_EVENT must have at least one state transition"
time="2026-08-06T18:16:52Z" level=error msg="Failed to store events for file session_2026-08-06_10-56-08_444353_1/dec95c65bc663100ce18f14251f9ac8d65f501a20873d77a2471e9b7/job_events/03000000/dec95c65bc663100ce18f14251f9ac8d65f501a20873d77a2471e9b7-2026-08-06-17-1786039044467109009.jsonl: TASK_LIFECYCLE_EVENT must have at least one state transition"
time="2026-08-06T18:16:52Z" level=error msg="Failed to store events for file session_2026-08-06_10-56-08_444353_1/dec95c65bc663100ce18f14251f9ac8d65f501a20873d77a2471e9b7/job_events/03000000/dec95c65bc663100ce18f14251f9ac8d65f501a20873d77a2471e9b7-2026-08-06-17-1786039044467109009.jsonl: TASK_LIFECYCLE_EVENT must have at least one state transition"
time="2026-08-06T18:16:52Z" level=error msg="Failed to store events for file session_2026-08-06_10-56-08_444353_1/dec95c65bc663100ce18f14251f9ac8d65f501a20873d77a2471e9b7/job_events/03000000/dec95c65bc663100ce18f14251f9ac8d65f501a20873d77a2471e9b7-2026-08-06-17-1786039044467109009.jsonl: TASK_LIFECYCLE_EVENT must have at least one state transition"
time="2026-08-06T18:16:52Z" level=error msg="Failed to store events for file session_2026-08-06_10-56-08_444353_1/dec95c65bc663100ce18f14251f9ac8d65f501a20873d77a2471e9b7/job_events/03000000/dec95c65bc663100ce18f14251f9ac8d65f501a20873d77a2471e9b7-2026-08-06-17-1786039044467109009.jsonl: TASK_LIFECYCLE_EVENT must have at least one state transition"
time="2026-08-06T18:16:52Z" level=error msg="Failed to store events for file session_2026-08-06_10-56-08_444353_1/dec95c65bc663100ce18f14251f9ac8d65f501a20873d77a2471e9b7/job_events/03000000/dec95c65bc663100ce18f14251f9ac8d65f501a20873d77a2471e9b7-2026-08-06-17-1786039044467109009.jsonl: TASK_LIFECYCLE_EVENT must have at least one state transition"
time="2026-08-06T18:16:52Z" level=error msg="Failed to store events for file session_2026-08-06_10-56-08_444353_1/dec95c65bc663100ce18f14251f9ac8d65f501a20873d77a2471e9b7/job_events/03000000/dec95c65bc663100ce18f14251f9ac8d65f501a20873d77a2471e9b7-2026-08-06-17-1786039044467109009.jsonl: TASK_LIFECYCLE_EVENT must have at least one state transition"
time="2026-08-06T18:16:53Z" level=error msg="Failed to store events for file session_2026-08-06_10-56-08_444353_1/dec95c65bc663100ce18f14251f9ac8d65f501a20873d77a2471e9b7/job_events/03000000/dec95c65bc663100ce18f14251f9ac8d65f501a20873d77a2471e9b7-2026-08-06-17-1786039044467109009.jsonl: TASK_LIFECYCLE_EVENT must have at least one state transition"
time="2026-08-06T18:16:53Z" level=error msg="Failed to store events for file session_2026-08-06_10-56-08_444353_1/dec95c65bc663100ce18f14251f9ac8d65f501a20873d77a2471e9b7/job_events/03000000/dec95c65bc663100ce18f14251f9ac8d65f501a20873d77a2471e9b7-2026-08-06-17-1786039044467109009.jsonl: TASK_LIFECYCLE_EVENT must have at least one state transition"
time="2026-08-06T18:16:53Z" level=error msg="Failed to load session test-ns-hnk4h/raycluster-historyserver/session_2026-08-06_10-56-08_444353_1: context deadline exceeded"
time="2026-08-06T18:17:04Z" level=info msg="Received request: GET /enter_cluster/test-ns-hnk4h/raycluster/raycluster-historyserver/session_2026-08-06_10-56-08_444353_1"
time="2026-08-06T18:17:04Z" level=info msg="[List]Returned objects in log/cluster-metadata/. length of page.Contents: 2, length of page.CommonPrefixes: 0"
time="2026-08-06T18:17:04Z" level=error msg="Failed to parse meta file path: log/cluster-metadata/raycluster/test-ns-hnk4h_raycluster-historyserver/, error: invalid path segment count for cluster metadata structure: log/cluster-metadata/raycluster/test-ns-hnk4h_raycluster-historyserver/"
time="2026-08-06T18:17:04Z" level=info msg="Parsed cluster raycluster-historyserver for session session_2026-08-06_10-56-08_444353_1 to list"
time="2026-08-06T18:17:04Z" level=info msg="[ListFiles]Returned objects in log/cluster-history/raycluster/test-ns-hnk4h/raycluster-historyserver/session_2026-08-06_10-56-08_444353_1/. length of page.Contents: 0, length of page.CommonPrefixes: 3"
time="2026-08-06T18:17:04Z" level=info msg="[ListFiles]Returned objects in log/cluster-history/raycluster/test-ns-hnk4h/raycluster-historyserver/session_2026-08-06_10-56-08_444353_1/2be41aea8b4f1ff29e7c0f1be8edbe79d4e840a366ce7321a75ab52e/logs/events/. length of page.Contents: 11, length of page.CommonPrefixes: 0"
time="2026-08-06T18:17:04Z" level=info msg="Prepare to get object log/cluster-history/raycluster/test-ns-hnk4h/raycluster-historyserver/session_2026-08-06_10-56-08_444353_1/2be41aea8b4f1ff29e7c0f1be8edbe79d4e840a366ce7321a75ab52e/logs/events/event_AUTOSCALER.log info ..."
time="2026-08-06T18:17:04Z" level=info msg="Prepare to get object log/cluster-history/raycluster/test-ns-hnk4h/raycluster-historyserver/session_2026-08-06_10-56-08_444353_1/2be41aea8b4f1ff29e7c0f1be8edbe79d4e840a366ce7321a75ab52e/logs/events/event_CORE_WORKER_1019.log info ..."
time="2026-08-06T18:17:04Z" level=info msg="Prepare to get object log/cluster-history/raycluster/test-ns-hnk4h/raycluster-historyserver/session_2026-08-06_10-56-08_444353_1/2be41aea8b4f1ff29e7c0f1be8edbe79d4e840a366ce7321a75ab52e/logs/events/event_CORE_WORKER_1163.log info ..."
time="2026-08-06T18:17:04Z" level=info msg="Prepare to get object log/cluster-history/raycluster/test-ns-hnk4h/raycluster-historyserver/session_2026-08-06_10-56-08_444353_1/2be41aea8b4f1ff29e7c0f1be8edbe79d4e840a366ce7321a75ab52e/logs/events/event_CORE_WORKER_200.log info ..."
time="2026-08-06T18:17:04Z" level=info msg="Prepare to get object log/cluster-history/raycluster/test-ns-hnk4h/raycluster-historyserver/session_2026-08-06_10-56-08_444353_1/2be41aea8b4f1ff29e7c0f1be8edbe79d4e840a366ce7321a75ab52e/logs/events/event_CORE_WORKER_205.log info ..."
time="2026-08-06T18:17:04Z" level=info msg="Prepare to get object log/cluster-history/raycluster/test-ns-hnk4h/raycluster-historyserver/session_2026-08-06_10-56-08_444353_1/2be41aea8b4f1ff29e7c0f1be8edbe79d4e840a366ce7321a75ab52e/logs/events/event_CORE_WORKER_677.log info ..."
time="2026-08-06T18:17:04Z" level=info msg="Prepare to get object log/cluster-history/raycluster/test-ns-hnk4h/raycluster-historyserver/session_2026-08-06_10-56-08_444353_1/2be41aea8b4f1ff29e7c0f1be8edbe79d4e840a366ce7321a75ab52e/logs/events/event_CORE_WORKER_963.log info ..."
time="2026-08-06T18:17:04Z" level=info msg="Prepare to get object log/cluster-history/raycluster/test-ns-hnk4h/raycluster-historyserver/session_2026-08-06_10-56-08_444353_1/2be41aea8b4f1ff29e7c0f1be8edbe79d4e840a366ce7321a75ab52e/logs/events/event_GCS.log info ..."
time="2026-08-06T18:17:04Z" level=info msg="Prepare to get object log/cluster-history/raycluster/test-ns-hnk4h/raycluster-historyserver/session_2026-08-06_10-56-08_444353_1/2be41aea8b4f1ff29e7c0f1be8edbe79d4e840a366ce7321a75ab52e/logs/events/event_JOBS.log info ..."
time="2026-08-06T18:17:04Z" level=info msg="Prepare to get object log/cluster-history/raycluster/test-ns-hnk4h/raycluster-historyserver/session_2026-08-06_10-56-08_444353_1/2be41aea8b4f1ff29e7c0f1be8edbe79d4e840a366ce7321a75ab52e/logs/events/event_RAYLET.log info ..."
time="2026-08-06T18:17:04Z" level=info msg="[ListFiles]Returned objects in log/cluster-history/raycluster/test-ns-hnk4h/raycluster-historyserver/session_2026-08-06_10-56-08_444353_1/dec95c65bc663100ce18f14251f9ac8d65f501a20873d77a2471e9b7/logs/events/. length of page.Contents: 13, length of page.CommonPrefixes: 0"
time="2026-08-06T18:17:04Z" level=info msg="Prepare to get object log/cluster-history/raycluster/test-ns-hnk4h/raycluster-historyserver/session_2026-08-06_10-56-08_444353_1/dec95c65bc663100ce18f14251f9ac8d65f501a20873d77a2471e9b7/logs/events/event_CORE_WORKER_227.log info ..."
time="2026-08-06T18:17:04Z" level=info msg="Prepare to get object log/cluster-history/raycluster/test-ns-hnk4h/raycluster-historyserver/session_2026-08-06_10-56-08_444353_1/dec95c65bc663100ce18f14251f9ac8d65f501a20873d77a2471e9b7/logs/events/event_CORE_WORKER_228.log info ..."
time="2026-08-06T18:17:04Z" level=info msg="Prepare to get object log/cluster-history/raycluster/test-ns-hnk4h/raycluster-historyserver/session_2026-08-06_10-56-08_444353_1/dec95c65bc663100ce18f14251f9ac8d65f501a20873d77a2471e9b7/logs/events/event_CORE_WORKER_312.log info ..."
time="2026-08-06T18:17:04Z" level=info msg="Prepare to get object log/cluster-history/raycluster/test-ns-hnk4h/raycluster-historyserver/session_2026-08-06_10-56-08_444353_1/dec95c65bc663100ce18f14251f9ac8d65f501a20873d77a2471e9b7/logs/events/event_CORE_WORKER_318.log info ..."
time="2026-08-06T18:17:04Z" level=info msg="Prepare to get object log/cluster-history/raycluster/test-ns-hnk4h/raycluster-historyserver/session_2026-08-06_10-56-08_444353_1/dec95c65bc663100ce18f14251f9ac8d65f501a20873d77a2471e9b7/logs/events/event_CORE_WORKER_410.log info ..."
time="2026-08-06T18:17:04Z" level=info msg="Prepare to get object log/cluster-history/raycluster/test-ns-hnk4h/raycluster-historyserver/session_2026-08-06_10-56-08_444353_1/dec95c65bc663100ce18f14251f9ac8d65f501a20873d77a2471e9b7/logs/events/event_CORE_WORKER_418.log info ..."
time="2026-08-06T18:17:04Z" level=info msg="Prepare to get object log/cluster-history/raycluster/test-ns-hnk4h/raycluster-historyserver/session_2026-08-06_10-56-08_444353_1/dec95c65bc663100ce18f14251f9ac8d65f501a20873d77a2471e9b7/logs/events/event_CORE_WORKER_509.log info ..."
time="2026-08-06T18:17:04Z" level=info msg="Prepare to get object log/cluster-history/raycluster/test-ns-hnk4h/raycluster-historyserver/session_2026-08-06_10-56-08_444353_1/dec95c65bc663100ce18f14251f9ac8d65f501a20873d77a2471e9b7/logs/events/event_CORE_WORKER_511.log info ..."
time="2026-08-06T18:17:04Z" level=info msg="Prepare to get object log/cluster-history/raycluster/test-ns-hnk4h/raycluster-historyserver/session_2026-08-06_10-56-08_444353_1/dec95c65bc663100ce18f14251f9ac8d65f501a20873d77a2471e9b7/logs/events/event_CORE_WORKER_605.log info ..."
time="2026-08-06T18:17:04Z" level=info msg="Prepare to get object log/cluster-history/raycluster/test-ns-hnk4h/raycluster-historyserver/session_2026-08-06_10-56-08_444353_1/dec95c65bc663100ce18f14251f9ac8d65f501a20873d77a2471e9b7/logs/events/event_CORE_WORKER_608.log info ..."
time="2026-08-06T18:17:04Z" level=info msg="Prepare to get object log/cluster-history/raycluster/test-ns-hnk4h/raycluster-historyserver/session_2026-08-06_10-56-08_444353_1/dec95c65bc663100ce18f14251f9ac8d65f501a20873d77a2471e9b7/logs/events/event_CORE_WORKER_695.log info ..."
time="2026-08-06T18:17:04Z" level=info msg="Prepare to get object log/cluster-history/raycluster/test-ns-hnk4h/raycluster-historyserver/session_2026-08-06_10-56-08_444353_1/dec95c65bc663100ce18f14251f9ac8d65f501a20873d77a2471e9b7/logs/events/event_RAYLET.log info ..."
time="2026-08-06T18:17:04Z" level=info msg="[ListFiles]Returned objects in log/cluster-history/raycluster/test-ns-hnk4h/raycluster-historyserver/session_2026-08-06_10-56-08_444353_1/fetched_endpoints/logs/events/. length of page.Contents: 0, length of page.CommonPrefixes: 0"
time="2026-08-06T18:17:04Z" level=info msg="[ListFiles]Returned objects in log/cluster-history/raycluster/test-ns-hnk4h/raycluster-historyserver/session_2026-08-06_10-56-08_444353_1/. length of page.Contents: 0, length of page.CommonPrefixes: 3"
time="2026-08-06T18:17:04Z" level=info msg="[ListFiles]Returned objects in log/cluster-history/raycluster/test-ns-hnk4h/raycluster-historyserver/session_2026-08-06_10-56-08_444353_1/2be41aea8b4f1ff29e7c0f1be8edbe79d4e840a366ce7321a75ab52e/job_events/. length of page.Contents: 0, length of page.CommonPrefixes: 4"
time="2026-08-06T18:17:04Z" level=info msg="[ListFiles]Returned objects in log/cluster-history/raycluster/test-ns-hnk4h/raycluster-historyserver/session_2026-08-06_10-56-08_444353_1/2be41aea8b4f1ff29e7c0f1be8edbe79d4e840a366ce7321a75ab52e/job_events/01000000/. length of page.Contents: 2, length of page.CommonPrefixes: 0"
time="2026-08-06T18:17:04Z" level=info msg="[ListFiles]Returned objects in log/cluster-history/raycluster/test-ns-hnk4h/raycluster-historyserver/session_2026-08-06_10-56-08_444353_1/2be41aea8b4f1ff29e7c0f1be8edbe79d4e840a366ce7321a75ab52e/job_events/02000000/. length of page.Contents: 2, length of page.CommonPrefixes: 0"
time="2026-08-06T18:17:04Z" level=info msg="[ListFiles]Returned objects in log/cluster-history/raycluster/test-ns-hnk4h/raycluster-historyserver/session_2026-08-06_10-56-08_444353_1/2be41aea8b4f1ff29e7c0f1be8edbe79d4e840a366ce7321a75ab52e/job_events/03000000/. length of page.Contents: 4, length of page.CommonPrefixes: 0"
time="2026-08-06T18:17:04Z" level=info msg="[ListFiles]Returned objects in log/cluster-history/raycluster/test-ns-hnk4h/raycluster-historyserver/session_2026-08-06_10-56-08_444353_1/2be41aea8b4f1ff29e7c0f1be8edbe79d4e840a366ce7321a75ab52e/job_events/04000000/. length of page.Contents: 2, length of page.CommonPrefixes: 0"
time="2026-08-06T18:17:04Z" level=info msg="[ListFiles]Returned objects in log/cluster-history/raycluster/test-ns-hnk4h/raycluster-historyserver/session_2026-08-06_10-56-08_444353_1/dec95c65bc663100ce18f14251f9ac8d65f501a20873d77a2471e9b7/job_events/. length of page.Contents: 0, length of page.CommonPrefixes: 1"
time="2026-08-06T18:17:04Z" level=info msg="[ListFiles]Returned objects in log/cluster-history/raycluster/test-ns-hnk4h/raycluster-historyserver/session_2026-08-06_10-56-08_444353_1/dec95c65bc663100ce18f14251f9ac8d65f501a20873d77a2471e9b7/job_events/03000000/. length of page.Contents: 3, length of page.CommonPrefixes: 0"
time="2026-08-06T18:17:04Z" level=info msg="[ListFiles]Returned objects in log/cluster-history/raycluster/test-ns-hnk4h/raycluster-historyserver/session_2026-08-06_10-56-08_444353_1/fetched_endpoints/job_events/. length of page.Contents: 0, length of page.CommonPrefixes: 0"
time="2026-08-06T18:17:04Z" level=info msg="[ListFiles]Returned objects in log/cluster-history/raycluster/test-ns-hnk4h/raycluster-historyserver/session_2026-08-06_10-56-08_444353_1/. length of page.Contents: 0, length of page.CommonPrefixes: 3"
time="2026-08-06T18:17:04Z" level=info msg="[ListFiles]Returned objects in log/cluster-history/raycluster/test-ns-hnk4h/raycluster-historyserver/session_2026-08-06_10-56-08_444353_1/2be41aea8b4f1ff29e7c0f1be8edbe79d4e840a366ce7321a75ab52e/node_events/. length of page.Contents: 2, length of page.CommonPrefixes: 0"
time="2026-08-06T18:17:04Z" level=info msg="[ListFiles]Returned objects in log/cluster-history/raycluster/test-ns-hnk4h/raycluster-historyserver/session_2026-08-06_10-56-08_444353_1/dec95c65bc663100ce18f14251f9ac8d65f501a20873d77a2471e9b7/node_events/. length of page.Contents: 0, length of page.CommonPrefixes: 0"
time="2026-08-06T18:17:04Z" level=info msg="[ListFiles]Returned objects in log/cluster-history/raycluster/test-ns-hnk4h/raycluster-historyserver/session_2026-08-06_10-56-08_444353_1/fetched_endpoints/node_events/. length of page.Contents: 0, length of page.CommonPrefixes: 0"
time="2026-08-06T18:17:04Z" level=info msg="Prepare to get object log/cluster-history/raycluster/test-ns-hnk4h/raycluster-historyserver/session_2026-08-06_10-56-08_444353_1/2be41aea8b4f1ff29e7c0f1be8edbe79d4e840a366ce7321a75ab52e/job_events/01000000/2be41aea8b4f1ff29e7c0f1be8edbe79d4e840a366ce7321a75ab52e-2026-08-06-17-1786038973787948337.jsonl info ..."
time="2026-08-06T18:17:04Z" level=info msg="Prepare to get object log/cluster-history/raycluster/test-ns-hnk4h/raycluster-historyserver/session_2026-08-06_10-56-08_444353_1/2be41aea8b4f1ff29e7c0f1be8edbe79d4e840a366ce7321a75ab52e/job_events/02000000/2be41aea8b4f1ff29e7c0f1be8edbe79d4e840a366ce7321a75ab52e-2026-08-06-17-1786038992917769597.jsonl info ..."
time="2026-08-06T18:17:04Z" level=info msg="Prepare to get object log/cluster-history/raycluster/test-ns-hnk4h/raycluster-historyserver/session_2026-08-06_10-56-08_444353_1/2be41aea8b4f1ff29e7c0f1be8edbe79d4e840a366ce7321a75ab52e/job_events/03000000/2be41aea8b4f1ff29e7c0f1be8edbe79d4e840a366ce7321a75ab52e-2026-08-06-17-1786038992918411180.jsonl info ..."
time="2026-08-06T18:17:34Z" level=info msg="Prepare to get object log/cluster-history/raycluster/test-ns-hnk4h/raycluster-historyserver/session_2026-08-06_10-56-08_444353_1/2be41aea8b4f1ff29e7c0f1be8edbe79d4e840a366ce7321a75ab52e/job_events/03000000/2be41aea8b4f1ff29e7c0f1be8edbe79d4e840a366ce7321a75ab52e-2026-08-06-17-1786039033337399379.jsonl info ..."
time="2026-08-06T18:17:59Z" level=info msg="Prepare to get object log/cluster-history/raycluster/test-ns-hnk4h/raycluster-historyserver/session_2026-08-06_10-56-08_444353_1/2be41aea8b4f1ff29e7c0f1be8edbe79d4e840a366ce7321a75ab52e/job_events/03000000/2be41aea8b4f1ff29e7c0f1be8edbe79d4e840a366ce7321a75ab52e-2026-08-06-17-1786039062940171295.jsonl info ..."
time="2026-08-06T18:18:05Z" level=error msg="Failed to load session test-ns-hnk4h/raycluster-historyserver/session_2026-08-06_10-56-08_444353_1: context canceled"
time="2026-08-06T18:18:14Z" level=info msg="Received request: GET /enter_cluster/test-ns-hnk4h/raycluster/raycluster-historyserver/session_2026-08-06_10-56-08_444353_1"
time="2026-08-06T18:18:14Z" level=info msg="[List]Returned objects in log/cluster-metadata/. length of page.Contents: 2, length of page.CommonPrefixes: 0"
time="2026-08-06T18:18:14Z" level=error msg="Failed to parse meta file path: log/cluster-metadata/raycluster/test-ns-hnk4h_raycluster-historyserver/, error: invalid path segment count for cluster metadata structure: log/cluster-metadata/raycluster/test-ns-hnk4h_raycluster-historyserver/"
time="2026-08-06T18:18:14Z" level=info msg="Parsed cluster raycluster-historyserver for session session_2026-08-06_10-56-08_444353_1 to list"
time="2026-08-06T18:18:17Z" level=info msg="Prepare to get object log/cluster-history/raycluster/test-ns-hnk4h/raycluster-historyserver/session_2026-08-06_10-56-08_444353_1/2be41aea8b4f1ff29e7c0f1be8edbe79d4e840a366ce7321a75ab52e/job_events/04000000/2be41aea8b4f1ff29e7c0f1be8edbe79d4e840a366ce7321a75ab52e-2026-08-06-17-1786039006301056797.jsonl info ..."
time="2026-08-06T18:18:17Z" level=info msg="Prepare to get object log/cluster-history/raycluster/test-ns-hnk4h/raycluster-historyserver/session_2026-08-06_10-56-08_444353_1/dec95c65bc663100ce18f14251f9ac8d65f501a20873d77a2471e9b7/job_events/03000000/dec95c65bc663100ce18f14251f9ac8d65f501a20873d77a2471e9b7-2026-08-06-17-1786038994971628750.jsonl info ..."
time="2026-08-06T18:18:29Z" level=error msg="Failed to store events for file session_2026-08-06_10-56-08_444353_1/dec95c65bc663100ce18f14251f9ac8d65f501a20873d77a2471e9b7/job_events/03000000/dec95c65bc663100ce18f14251f9ac8d65f501a20873d77a2471e9b7-2026-08-06-17-1786038994971628750.jsonl: TASK_LIFECYCLE_EVENT must have at least one state transition"
time="2026-08-06T18:18:29Z" level=error msg="Failed to store events for file session_2026-08-06_10-56-08_444353_1/dec95c65bc663100ce18f14251f9ac8d65f501a20873d77a2471e9b7/job_events/03000000/dec95c65bc663100ce18f14251f9ac8d65f501a20873d77a2471e9b7-2026-08-06-17-1786038994971628750.jsonl: TASK_LIFECYCLE_EVENT must have at least one state transition"
time="2026-08-06T18:18:29Z" level=error msg="Failed to store events for file session_2026-08-06_10-56-08_444353_1/dec95c65bc663100ce18f14251f9ac8d65f501a20873d77a2471e9b7/job_events/03000000/dec95c65bc663100ce18f14251f9ac8d65f501a20873d77a2471e9b7-2026-08-06-17-1786038994971628750.jsonl: TASK_LIFECYCLE_EVENT must have at least one state transition"
time="2026-08-06T18:18:30Z" level=error msg="Failed to store events for file session_2026-08-06_10-56-08_444353_1/dec95c65bc663100ce18f14251f9ac8d65f501a20873d77a2471e9b7/job_events/03000000/dec95c65bc663100ce18f14251f9ac8d65f501a20873d77a2471e9b7-2026-08-06-17-1786038994971628750.jsonl: TASK_LIFECYCLE_EVENT must have at least one state transition"
time="2026-08-06T18:18:30Z" level=error msg="Failed to store events for file session_2026-08-06_10-56-08_444353_1/dec95c65bc663100ce18f14251f9ac8d65f501a20873d77a2471e9b7/job_events/03000000/dec95c65bc663100ce18f14251f9ac8d65f501a20873d77a2471e9b7-2026-08-06-17-1786038994971628750.jsonl: TASK_LIFECYCLE_EVENT must have at least one state transition"
time="2026-08-06T18:18:31Z" level=error msg="Failed to store events for file session_2026-08-06_10-56-08_444353_1/dec95c65bc663100ce18f14251f9ac8d65f501a20873d77a2471e9b7/job_events/03000000/dec95c65bc663100ce18f14251f9ac8d65f501a20873d77a2471e9b7-2026-08-06-17-1786038994971628750.jsonl: TASK_LIFECYCLE_EVENT must have at least one state transition"
time="2026-08-06T18:18:31Z" level=error msg="Failed to store events for file session_2026-08-06_10-56-08_444353_1/dec95c65bc663100ce18f14251f9ac8d65f501a20873d77a2471e9b7/job_events/03000000/dec95c65bc663100ce18f14251f9ac8d65f501a20873d77a2471e9b7-2026-08-06-17-1786038994971628750.jsonl: TASK_LIFECYCLE_EVENT must have at least one state transition"
time="2026-08-06T18:18:31Z" level=error msg="Failed to store events for file session_2026-08-06_10-56-08_444353_1/dec95c65bc663100ce18f14251f9ac8d65f501a20873d77a2471e9b7/job_events/03000000/dec95c65bc663100ce18f14251f9ac8d65f501a20873d77a2471e9b7-2026-08-06-17-1786038994971628750.jsonl: TASK_LIFECYCLE_EVENT must have at least one state transition"
time="2026-08-06T18:18:32Z" level=error msg="Failed to store events for file session_2026-08-06_10-56-08_444353_1/dec95c65bc663100ce18f14251f9ac8d65f501a20873d77a2471e9b7/job_events/03000000/dec95c65bc663100ce18f14251f9ac8d65f501a20873d77a2471e9b7-2026-08-06-17-1786038994971628750.jsonl: TASK_LIFECYCLE_EVENT must have at least one state transition"
time="2026-08-06T18:18:33Z" level=error msg="Failed to store events for file session_2026-08-06_10-56-08_444353_1/dec95c65bc663100ce18f14251f9ac8d65f501a20873d77a2471e9b7/job_events/03000000/dec95c65bc663100ce18f14251f9ac8d65f501a20873d77a2471e9b7-2026-08-06-17-1786038994971628750.jsonl: TASK_LIFECYCLE_EVENT must have at least one state transition"
time="2026-08-06T18:18:33Z" level=error msg="Failed to store events for file session_2026-08-06_10-56-08_444353_1/dec95c65bc663100ce18f14251f9ac8d65f501a20873d77a2471e9b7/job_events/03000000/dec95c65bc663100ce18f14251f9ac8d65f501a20873d77a2471e9b7-2026-08-06-17-1786038994971628750.jsonl: TASK_LIFECYCLE_EVENT must have at least one state transition"
time="2026-08-06T18:18:33Z" level=error msg="Failed to store events for file session_2026-08-06_10-56-08_444353_1/dec95c65bc663100ce18f14251f9ac8d65f501a20873d77a2471e9b7/job_events/03000000/dec95c65bc663100ce18f14251f9ac8d65f501a20873d77a2471e9b7-2026-08-06-17-1786038994971628750.jsonl: TASK_LIFECYCLE_EVENT must have at least one state transition"
time="2026-08-06T18:18:33Z" level=error msg="Failed to store events for file session_2026-08-06_10-56-08_444353_1/dec95c65bc663100ce18f14251f9ac8d65f501a20873d77a2471e9b7/job_events/03000000/dec95c65bc663100ce18f14251f9ac8d65f501a20873d77a2471e9b7-2026-08-06-17-1786038994971628750.jsonl: TASK_LIFECYCLE_EVENT must have at least one state transition"
time="2026-08-06T18:18:33Z" level=error msg="Failed to store events for file session_2026-08-06_10-56-08_444353_1/dec95c65bc663100ce18f14251f9ac8d65f501a20873d77a2471e9b7/job_events/03000000/dec95c65bc663100ce18f14251f9ac8d65f501a20873d77a2471e9b7-2026-08-06-17-1786038994971628750.jsonl: TASK_LIFECYCLE_EVENT must have at least one state transition"
time="2026-08-06T18:18:34Z" level=error msg="Failed to store events for file session_2026-08-06_10-56-08_444353_1/dec95c65bc663100ce18f14251f9ac8d65f501a20873d77a2471e9b7/job_events/03000000/dec95c65bc663100ce18f14251f9ac8d65f501a20873d77a2471e9b7-2026-08-06-17-1786038994971628750.jsonl: TASK_LIFECYCLE_EVENT must have at least one state transition"
time="2026-08-06T18:18:34Z" level=error msg="Failed to store events for file session_2026-08-06_10-56-08_444353_1/dec95c65bc663100ce18f14251f9ac8d65f501a20873d77a2471e9b7/job_events/03000000/dec95c65bc663100ce18f14251f9ac8d65f501a20873d77a2471e9b7-2026-08-06-17-1786038994971628750.jsonl: TASK_LIFECYCLE_EVENT must have at least one state transition"
time="2026-08-06T18:18:34Z" level=error msg="Failed to store events for file session_2026-08-06_10-56-08_444353_1/dec95c65bc663100ce18f14251f9ac8d65f501a20873d77a2471e9b7/job_events/03000000/dec95c65bc663100ce18f14251f9ac8d65f501a20873d77a2471e9b7-2026-08-06-17-1786038994971628750.jsonl: TASK_LIFECYCLE_EVENT must have at least one state transition"
time="2026-08-06T18:18:34Z" level=error msg="Failed to store events for file session_2026-08-06_10-56-08_444353_1/dec95c65bc663100ce18f14251f9ac8d65f501a20873d77a2471e9b7/job_events/03000000/dec95c65bc663100ce18f14251f9ac8d65f501a20873d77a2471e9b7-2026-08-06-17-1786038994971628750.jsonl: TASK_LIFECYCLE_EVENT must have at least one state transition"
time="2026-08-06T18:18:34Z" level=error msg="Failed to store events for file session_2026-08-06_10-56-08_444353_1/dec95c65bc663100ce18f14251f9ac8d65f501a20873d77a2471e9b7/job_events/03000000/dec95c65bc663100ce18f14251f9ac8d65f501a20873d77a2471e9b7-2026-08-06-17-1786038994971628750.jsonl: TASK_LIFECYCLE_EVENT must have at least one state transition"
time="2026-08-06T18:18:34Z" level=error msg="Failed to store events for file session_2026-08-06_10-56-08_444353_1/dec95c65bc663100ce18f14251f9ac8d65f501a20873d77a2471e9b7/job_events/03000000/dec95c65bc663100ce18f14251f9ac8d65f501a20873d77a2471e9b7-2026-08-06-17-1786038994971628750.jsonl: TASK_LIFECYCLE_EVENT must have at least one state transition"
time="2026-08-06T18:18:35Z" level=error msg="Failed to store events for file session_2026-08-06_10-56-08_444353_1/dec95c65bc663100ce18f14251f9ac8d65f501a20873d77a2471e9b7/job_events/03000000/dec95c65bc663100ce18f14251f9ac8d65f501a20873d77a2471e9b7-2026-08-06-17-1786038994971628750.jsonl: TASK_LIFECYCLE_EVENT must have at least one state transition"
time="2026-08-06T18:18:35Z" level=error msg="Failed to store events for file session_2026-08-06_10-56-08_444353_1/dec95c65bc663100ce18f14251f9ac8d65f501a20873d77a2471e9b7/job_events/03000000/dec95c65bc663100ce18f14251f9ac8d65f501a20873d77a2471e9b7-2026-08-06-17-1786038994971628750.jsonl: TASK_LIFECYCLE_EVENT must have at least one state transition"
time="2026-08-06T18:18:35Z" level=error msg="Failed to store events for file session_2026-08-06_10-56-08_444353_1/dec95c65bc663100ce18f14251f9ac8d65f501a20873d77a2471e9b7/job_events/03000000/dec95c65bc663100ce18f14251f9ac8d65f501a20873d77a2471e9b7-2026-08-06-17-1786038994971628750.jsonl: TASK_LIFECYCLE_EVENT must have at least one state transition"
time="2026-08-06T18:18:35Z" level=error msg="Failed to store events for file session_2026-08-06_10-56-08_444353_1/dec95c65bc663100ce18f14251f9ac8d65f501a20873d77a2471e9b7/job_events/03000000/dec95c65bc663100ce18f14251f9ac8d65f501a20873d77a2471e9b7-2026-08-06-17-1786038994971628750.jsonl: TASK_LIFECYCLE_EVENT must have at least one state transition"
time="2026-08-06T18:18:36Z" level=error msg="Failed to store events for file session_2026-08-06_10-56-08_444353_1/dec95c65bc663100ce18f14251f9ac8d65f501a20873d77a2471e9b7/job_events/03000000/dec95c65bc663100ce18f14251f9ac8d65f501a20873d77a2471e9b7-2026-08-06-17-1786038994971628750.jsonl: TASK_LIFECYCLE_EVENT must have at least one state transition"
time="2026-08-06T18:18:36Z" level=error msg="Failed to store events for file session_2026-08-06_10-56-08_444353_1/dec95c65bc663100ce18f14251f9ac8d65f501a20873d77a2471e9b7/job_events/03000000/dec95c65bc663100ce18f14251f9ac8d65f501a20873d77a2471e9b7-2026-08-06-17-1786038994971628750.jsonl: TASK_LIFECYCLE_EVENT must have at least one state transition"
time="2026-08-06T18:18:36Z" level=error msg="Failed to store events for file session_2026-08-06_10-56-08_444353_1/dec95c65bc663100ce18f14251f9ac8d65f501a20873d77a2471e9b7/job_events/03000000/dec95c65bc663100ce18f14251f9ac8d65f501a20873d77a2471e9b7-2026-08-06-17-1786038994971628750.jsonl: TASK_LIFECYCLE_EVENT must have at least one state transition"
time="2026-08-06T18:18:36Z" level=error msg="Failed to store events for file session_2026-08-06_10-56-08_444353_1/dec95c65bc663100ce18f14251f9ac8d65f501a20873d77a2471e9b7/job_events/03000000/dec95c65bc663100ce18f14251f9ac8d65f501a20873d77a2471e9b7-2026-08-06-17-1786038994971628750.jsonl: TASK_LIFECYCLE_EVENT must have at least one state transition"
time="2026-08-06T18:18:37Z" level=error msg="Failed to store events for file session_2026-08-06_10-56-08_444353_1/dec95c65bc663100ce18f14251f9ac8d65f501a20873d77a2471e9b7/job_events/03000000/dec95c65bc663100ce18f14251f9ac8d65f501a20873d77a2471e9b7-2026-08-06-17-1786038994971628750.jsonl: TASK_LIFECYCLE_EVENT must have at least one state transition"
time="2026-08-06T18:18:37Z" level=error msg="Failed to store events for file session_2026-08-06_10-56-08_444353_1/dec95c65bc663100ce18f14251f9ac8d65f501a20873d77a2471e9b7/job_events/03000000/dec95c65bc663100ce18f14251f9ac8d65f501a20873d77a2471e9b7-2026-08-06-17-1786038994971628750.jsonl: TASK_LIFECYCLE_EVENT must have at least one state transition"
time="2026-08-06T18:18:38Z" level=error msg="Failed to store events for file session_2026-08-06_10-56-08_444353_1/dec95c65bc663100ce18f14251f9ac8d65f501a20873d77a2471e9b7/job_events/03000000/dec95c65bc663100ce18f14251f9ac8d65f501a20873d77a2471e9b7-2026-08-06-17-1786038994971628750.jsonl: TASK_LIFECYCLE_EVENT must have at least one state transition"
time="2026-08-06T18:18:38Z" level=error msg="Failed to store events for file session_2026-08-06_10-56-08_444353_1/dec95c65bc663100ce18f14251f9ac8d65f501a20873d77a2471e9b7/job_events/03000000/dec95c65bc663100ce18f14251f9ac8d65f501a20873d77a2471e9b7-2026-08-06-17-1786038994971628750.jsonl: TASK_LIFECYCLE_EVENT must have at least one state transition"
time="2026-08-06T18:18:38Z" level=error msg="Failed to store events for file session_2026-08-06_10-56-08_444353_1/dec95c65bc663100ce18f14251f9ac8d65f501a20873d77a2471e9b7/job_events/03000000/dec95c65bc663100ce18f14251f9ac8d65f501a20873d77a2471e9b7-2026-08-06-17-1786038994971628750.jsonl: TASK_LIFECYCLE_EVENT must have at least one state transition"
time="2026-08-06T18:18:38Z" level=error msg="Failed to store events for file session_2026-08-06_10-56-08_444353_1/dec95c65bc663100ce18f14251f9ac8d65f501a20873d77a2471e9b7/job_events/03000000/dec95c65bc663100ce18f14251f9ac8d65f501a20873d77a2471e9b7-2026-08-06-17-1786038994971628750.jsonl: TASK_LIFECYCLE_EVENT must have at least one state transition"
time="2026-08-06T18:18:38Z" level=error msg="Failed to store events for file session_2026-08-06_10-56-08_444353_1/dec95c65bc663100ce18f14251f9ac8d65f501a20873d77a2471e9b7/job_events/03000000/dec95c65bc663100ce18f14251f9ac8d65f501a20873d77a2471e9b7-2026-08-06-17-1786038994971628750.jsonl: TASK_LIFECYCLE_EVENT must have at least one state transition"
time="2026-08-06T18:18:39Z" level=error msg="Failed to store events for file session_2026-08-06_10-56-08_444353_1/dec95c65bc663100ce18f14251f9ac8d65f501a20873d77a2471e9b7/job_events/03000000/dec95c65bc663100ce18f14251f9ac8d65f501a20873d77a2471e9b7-2026-08-06-17-1786038994971628750.jsonl: TASK_LIFECYCLE_EVENT must have at least one state transition"
time="2026-08-06T18:18:39Z" level=error msg="Failed to store events for file session_2026-08-06_10-56-08_444353_1/dec95c65bc663100ce18f14251f9ac8d65f501a20873d77a2471e9b7/job_events/03000000/dec95c65bc663100ce18f14251f9ac8d65f501a20873d77a2471e9b7-2026-08-06-17-1786038994971628750.jsonl: TASK_LIFECYCLE_EVENT must have at least one state transition"
time="2026-08-06T18:18:39Z" level=error msg="Failed to store events for file session_2026-08-06_10-56-08_444353_1/dec95c65bc663100ce18f14251f9ac8d65f501a20873d77a2471e9b7/job_events/03000000/dec95c65bc663100ce18f14251f9ac8d65f501a20873d77a2471e9b7-2026-08-06-17-1786038994971628750.jsonl: TASK_LIFECYCLE_EVENT must have at least one state transition"
time="2026-08-06T18:18:40Z" level=error msg="Failed to store events for file session_2026-08-06_10-56-08_444353_1/dec95c65bc663100ce18f14251f9ac8d65f501a20873d77a2471e9b7/job_events/03000000/dec95c65bc663100ce18f14251f9ac8d65f501a20873d77a2471e9b7-2026-08-06-17-1786038994971628750.jsonl: TASK_LIFECYCLE_EVENT must have at least one state transition"
time="2026-08-06T18:18:40Z" level=error msg="Failed to store events for file session_2026-08-06_10-56-08_444353_1/dec95c65bc663100ce18f14251f9ac8d65f501a20873d77a2471e9b7/job_events/03000000/dec95c65bc663100ce18f14251f9ac8d65f501a20873d77a2471e9b7-2026-08-06-17-1786038994971628750.jsonl: TASK_LIFECYCLE_EVENT must have at least one state transition"
time="2026-08-06T18:18:40Z" level=error msg="Failed to store events for file session_2026-08-06_10-56-08_444353_1/dec95c65bc663100ce18f14251f9ac8d65f501a20873d77a2471e9b7/job_events/03000000/dec95c65bc663100ce18f14251f9ac8d65f501a20873d77a2471e9b7-2026-08-06-17-1786038994971628750.jsonl: TASK_LIFECYCLE_EVENT must have at least one state transition"
time="2026-08-06T18:18:40Z" level=error msg="Failed to store events for file session_2026-08-06_10-56-08_444353_1/dec95c65bc663100ce18f14251f9ac8d65f501a20873d77a2471e9b7/job_events/03000000/dec95c65bc663100ce18f14251f9ac8d65f501a20873d77a2471e9b7-2026-08-06-17-1786038994971628750.jsonl: TASK_LIFECYCLE_EVENT must have at least one state transition"
time="2026-08-06T18:18:41Z" level=error msg="Failed to store events for file session_2026-08-06_10-56-08_444353_1/dec95c65bc663100ce18f14251f9ac8d65f501a20873d77a2471e9b7/job_events/03000000/dec95c65bc663100ce18f14251f9ac8d65f501a20873d77a2471e9b7-2026-08-06-17-1786038994971628750.jsonl: TASK_LIFECYCLE_EVENT must have at least one state transition"
time="2026-08-06T18:18:41Z" level=error msg="Failed to store events for file session_2026-08-06_10-56-08_444353_1/dec95c65bc663100ce18f14251f9ac8d65f501a20873d77a2471e9b7/job_events/03000000/dec95c65bc663100ce18f14251f9ac8d65f501a20873d77a2471e9b7-2026-08-06-17-1786038994971628750.jsonl: TASK_LIFECYCLE_EVENT must have at least one state transition"
time="2026-08-06T18:18:41Z" level=error msg="Failed to store events for file session_2026-08-06_10-56-08_444353_1/dec95c65bc663100ce18f14251f9ac8d65f501a20873d77a2471e9b7/job_events/03000000/dec95c65bc663100ce18f14251f9ac8d65f501a20873d77a2471e9b7-2026-08-06-17-1786038994971628750.jsonl: TASK_LIFECYCLE_EVENT must have at least one state transition"
time="2026-08-06T18:18:41Z" level=info msg="Prepare to get object log/cluster-history/raycluster/test-ns-hnk4h/raycluster-historyserver/session_2026-08-06_10-56-08_444353_1/dec95c65bc663100ce18f14251f9ac8d65f501a20873d77a2471e9b7/job_events/03000000/dec95c65bc663100ce18f14251f9ac8d65f501a20873d77a2471e9b7-2026-08-06-17-1786039044467109009.jsonl info ..."
time="2026-08-06T18:18:58Z" level=error msg="Failed to store events for file session_2026-08-06_10-56-08_444353_1/dec95c65bc663100ce18f14251f9ac8d65f501a20873d77a2471e9b7/job_events/03000000/dec95c65bc663100ce18f14251f9ac8d65f501a20873d77a2471e9b7-2026-08-06-17-1786039044467109009.jsonl: TASK_LIFECYCLE_EVENT must have at least one state transition"
time="2026-08-06T18:18:58Z" level=error msg="Failed to store events for file session_2026-08-06_10-56-08_444353_1/dec95c65bc663100ce18f14251f9ac8d65f501a20873d77a2471e9b7/job_events/03000000/dec95c65bc663100ce18f14251f9ac8d65f501a20873d77a2471e9b7-2026-08-06-17-1786039044467109009.jsonl: TASK_LIFECYCLE_EVENT must have at least one state transition"
time="2026-08-06T18:18:59Z" level=error msg="Failed to store events for file session_2026-08-06_10-56-08_444353_1/dec95c65bc663100ce18f14251f9ac8d65f501a20873d77a2471e9b7/job_events/03000000/dec95c65bc663100ce18f14251f9ac8d65f501a20873d77a2471e9b7-2026-08-06-17-1786039044467109009.jsonl: TASK_LIFECYCLE_EVENT must have at least one state transition"
time="2026-08-06T18:18:59Z" level=error msg="Failed to store events for file session_2026-08-06_10-56-08_444353_1/dec95c65bc663100ce18f14251f9ac8d65f501a20873d77a2471e9b7/job_events/03000000/dec95c65bc663100ce18f14251f9ac8d65f501a20873d77a2471e9b7-2026-08-06-17-1786039044467109009.jsonl: TASK_LIFECYCLE_EVENT must have at least one state transition"
time="2026-08-06T18:18:59Z" level=error msg="Failed to store events for file session_2026-08-06_10-56-08_444353_1/dec95c65bc663100ce18f14251f9ac8d65f501a20873d77a2471e9b7/job_events/03000000/dec95c65bc663100ce18f14251f9ac8d65f501a20873d77a2471e9b7-2026-08-06-17-1786039044467109009.jsonl: TASK_LIFECYCLE_EVENT must have at least one state transition"
time="2026-08-06T18:19:00Z" level=error msg="Failed to store events for file session_2026-08-06_10-56-08_444353_1/dec95c65bc663100ce18f14251f9ac8d65f501a20873d77a2471e9b7/job_events/03000000/dec95c65bc663100ce18f14251f9ac8d65f501a20873d77a2471e9b7-2026-08-06-17-1786039044467109009.jsonl: TASK_LIFECYCLE_EVENT must have at least one state transition"
time="2026-08-06T18:19:00Z" level=error msg="Failed to store events for file session_2026-08-06_10-56-08_444353_1/dec95c65bc663100ce18f14251f9ac8d65f501a20873d77a2471e9b7/job_events/03000000/dec95c65bc663100ce18f14251f9ac8d65f501a20873d77a2471e9b7-2026-08-06-17-1786039044467109009.jsonl: TASK_LIFECYCLE_EVENT must have at least one state transition"
time="2026-08-06T18:19:00Z" level=error msg="Failed to store events for file session_2026-08-06_10-56-08_444353_1/dec95c65bc663100ce18f14251f9ac8d65f501a20873d77a2471e9b7/job_events/03000000/dec95c65bc663100ce18f14251f9ac8d65f501a20873d77a2471e9b7-2026-08-06-17-1786039044467109009.jsonl: TASK_LIFECYCLE_EVENT must have at least one state transition"
time="2026-08-06T18:19:01Z" level=error msg="Failed to store events for file session_2026-08-06_10-56-08_444353_1/dec95c65bc663100ce18f14251f9ac8d65f501a20873d77a2471e9b7/job_events/03000000/dec95c65bc663100ce18f14251f9ac8d65f501a20873d77a2471e9b7-2026-08-06-17-1786039044467109009.jsonl: TASK_LIFECYCLE_EVENT must have at least one state transition"
time="2026-08-06T18:19:01Z" level=error msg="Failed to store events for file session_2026-08-06_10-56-08_444353_1/dec95c65bc663100ce18f14251f9ac8d65f501a20873d77a2471e9b7/job_events/03000000/dec95c65bc663100ce18f14251f9ac8d65f501a20873d77a2471e9b7-2026-08-06-17-1786039044467109009.jsonl: TASK_LIFECYCLE_EVENT must have at least one state transition"
time="2026-08-06T18:19:01Z" level=error msg="Failed to store events for file session_2026-08-06_10-56-08_444353_1/dec95c65bc663100ce18f14251f9ac8d65f501a20873d77a2471e9b7/job_events/03000000/dec95c65bc663100ce18f14251f9ac8d65f501a20873d77a2471e9b7-2026-08-06-17-1786039044467109009.jsonl: TASK_LIFECYCLE_EVENT must have at least one state transition"
time="2026-08-06T18:19:02Z" level=error msg="Failed to store events for file session_2026-08-06_10-56-08_444353_1/dec95c65bc663100ce18f14251f9ac8d65f501a20873d77a2471e9b7/job_events/03000000/dec95c65bc663100ce18f14251f9ac8d65f501a20873d77a2471e9b7-2026-08-06-17-1786039044467109009.jsonl: TASK_LIFECYCLE_EVENT must have at least one state transition"
time="2026-08-06T18:19:02Z" level=error msg="Failed to store events for file session_2026-08-06_10-56-08_444353_1/dec95c65bc663100ce18f14251f9ac8d65f501a20873d77a2471e9b7/job_events/03000000/dec95c65bc663100ce18f14251f9ac8d65f501a20873d77a2471e9b7-2026-08-06-17-1786039044467109009.jsonl: TASK_LIFECYCLE_EVENT must have at least one state transition"
time="2026-08-06T18:19:02Z" level=error msg="Failed to store events for file session_2026-08-06_10-56-08_444353_1/dec95c65bc663100ce18f14251f9ac8d65f501a20873d77a2471e9b7/job_events/03000000/dec95c65bc663100ce18f14251f9ac8d65f501a20873d77a2471e9b7-2026-08-06-17-1786039044467109009.jsonl: TASK_LIFECYCLE_EVENT must have at least one state transition"
time="2026-08-06T18:19:02Z" level=error msg="Failed to store events for file session_2026-08-06_10-56-08_444353_1/dec95c65bc663100ce18f14251f9ac8d65f501a20873d77a2471e9b7/job_events/03000000/dec95c65bc663100ce18f14251f9ac8d65f501a20873d77a2471e9b7-2026-08-06-17-1786039044467109009.jsonl: TASK_LIFECYCLE_EVENT must have at least one state transition"
time="2026-08-06T18:19:03Z" level=error msg="Failed to store events for file session_2026-08-06_10-56-08_444353_1/dec95c65bc663100ce18f14251f9ac8d65f501a20873d77a2471e9b7/job_events/03000000/dec95c65bc663100ce18f14251f9ac8d65f501a20873d77a2471e9b7-2026-08-06-17-1786039044467109009.jsonl: TASK_LIFECYCLE_EVENT must have at least one state transition"
time="2026-08-06T18:19:04Z" level=error msg="Failed to store events for file session_2026-08-06_10-56-08_444353_1/dec95c65bc663100ce18f14251f9ac8d65f501a20873d77a2471e9b7/job_events/03000000/dec95c65bc663100ce18f14251f9ac8d65f501a20873d77a2471e9b7-2026-08-06-17-1786039044467109009.jsonl: TASK_LIFECYCLE_EVENT must have at least one state transition"
time="2026-08-06T18:19:04Z" level=error msg="Failed to store events for file session_2026-08-06_10-56-08_444353_1/dec95c65bc663100ce18f14251f9ac8d65f501a20873d77a2471e9b7/job_events/03000000/dec95c65bc663100ce18f14251f9ac8d65f501a20873d77a2471e9b7-2026-08-06-17-1786039044467109009.jsonl: TASK_LIFECYCLE_EVENT must have at least one state transition"
time="2026-08-06T18:19:04Z" level=error msg="Failed to store events for file session_2026-08-06_10-56-08_444353_1/dec95c65bc663100ce18f14251f9ac8d65f501a20873d77a2471e9b7/job_events/03000000/dec95c65bc663100ce18f14251f9ac8d65f501a20873d77a2471e9b7-2026-08-06-17-1786039044467109009.jsonl: TASK_LIFECYCLE_EVENT must have at least one state transition"
time="2026-08-06T18:19:04Z" level=error msg="Failed to store events for file session_2026-08-06_10-56-08_444353_1/dec95c65bc663100ce18f14251f9ac8d65f501a20873d77a2471e9b7/job_events/03000000/dec95c65bc663100ce18f14251f9ac8d65f501a20873d77a2471e9b7-2026-08-06-17-1786039044467109009.jsonl: TASK_LIFECYCLE_EVENT must have at least one state transition"
time="2026-08-06T18:19:04Z" level=error msg="Failed to store events for file session_2026-08-06_10-56-08_444353_1/dec95c65bc663100ce18f14251f9ac8d65f501a20873d77a2471e9b7/job_events/03000000/dec95c65bc663100ce18f14251f9ac8d65f501a20873d77a2471e9b7-2026-08-06-17-1786039044467109009.jsonl: TASK_LIFECYCLE_EVENT must have at least one state transition"
time="2026-08-06T18:19:04Z" level=error msg="Failed to store events for file session_2026-08-06_10-56-08_444353_1/dec95c65bc663100ce18f14251f9ac8d65f501a20873d77a2471e9b7/job_events/03000000/dec95c65bc663100ce18f14251f9ac8d65f501a20873d77a2471e9b7-2026-08-06-17-1786039044467109009.jsonl: TASK_LIFECYCLE_EVENT must have at least one state transition"
time="2026-08-06T18:19:05Z" level=error msg="Failed to store events for file session_2026-08-06_10-56-08_444353_1/dec95c65bc663100ce18f14251f9ac8d65f501a20873d77a2471e9b7/job_events/03000000/dec95c65bc663100ce18f14251f9ac8d65f501a20873d77a2471e9b7-2026-08-06-17-1786039044467109009.jsonl: TASK_LIFECYCLE_EVENT must have at least one state transition"
time="2026-08-06T18:19:05Z" level=error msg="Failed to store events for file session_2026-08-06_10-56-08_444353_1/dec95c65bc663100ce18f14251f9ac8d65f501a20873d77a2471e9b7/job_events/03000000/dec95c65bc663100ce18f14251f9ac8d65f501a20873d77a2471e9b7-2026-08-06-17-1786039044467109009.jsonl: TASK_LIFECYCLE_EVENT must have at least one state transition"
time="2026-08-06T18:19:05Z" level=error msg="Failed to store events for file session_2026-08-06_10-56-08_444353_1/dec95c65bc663100ce18f14251f9ac8d65f501a20873d77a2471e9b7/job_events/03000000/dec95c65bc663100ce18f14251f9ac8d65f501a20873d77a2471e9b7-2026-08-06-17-1786039044467109009.jsonl: TASK_LIFECYCLE_EVENT must have at least one state transition"
time="2026-08-06T18:19:05Z" level=error msg="Failed to store events for file session_2026-08-06_10-56-08_444353_1/dec95c65bc663100ce18f14251f9ac8d65f501a20873d77a2471e9b7/job_events/03000000/dec95c65bc663100ce18f14251f9ac8d65f501a20873d77a2471e9b7-2026-08-06-17-1786039044467109009.jsonl: TASK_LIFECYCLE_EVENT must have at least one state transition"
time="2026-08-06T18:19:05Z" level=error msg="Failed to store events for file session_2026-08-06_10-56-08_444353_1/dec95c65bc663100ce18f14251f9ac8d65f501a20873d77a2471e9b7/job_events/03000000/dec95c65bc663100ce18f14251f9ac8d65f501a20873d77a2471e9b7-2026-08-06-17-1786039044467109009.jsonl: TASK_LIFECYCLE_EVENT must have at least one state transition"
time="2026-08-06T18:19:06Z" level=error msg="Failed to store events for file session_2026-08-06_10-56-08_444353_1/dec95c65bc663100ce18f14251f9ac8d65f501a20873d77a2471e9b7/job_events/03000000/dec95c65bc663100ce18f14251f9ac8d65f501a20873d77a2471e9b7-2026-08-06-17-1786039044467109009.jsonl: TASK_LIFECYCLE_EVENT must have at least one state transition"
time="2026-08-06T18:19:06Z" level=error msg="Failed to store events for file session_2026-08-06_10-56-08_444353_1/dec95c65bc663100ce18f14251f9ac8d65f501a20873d77a2471e9b7/job_events/03000000/dec95c65bc663100ce18f14251f9ac8d65f501a20873d77a2471e9b7-2026-08-06-17-1786039044467109009.jsonl: TASK_LIFECYCLE_EVENT must have at least one state transition"
time="2026-08-06T18:19:06Z" level=error msg="Failed to store events for file session_2026-08-06_10-56-08_444353_1/dec95c65bc663100ce18f14251f9ac8d65f501a20873d77a2471e9b7/job_events/03000000/dec95c65bc663100ce18f14251f9ac8d65f501a20873d77a2471e9b7-2026-08-06-17-1786039044467109009.jsonl: TASK_LIFECYCLE_EVENT must have at least one state transition"
time="2026-08-06T18:19:06Z" level=error msg="Failed to store events for file session_2026-08-06_10-56-08_444353_1/dec95c65bc663100ce18f14251f9ac8d65f501a20873d77a2471e9b7/job_events/03000000/dec95c65bc663100ce18f14251f9ac8d65f501a20873d77a2471e9b7-2026-08-06-17-1786039044467109009.jsonl: TASK_LIFECYCLE_EVENT must have at least one state transition"
time="2026-08-06T18:19:06Z" level=error msg="Failed to store events for file session_2026-08-06_10-56-08_444353_1/dec95c65bc663100ce18f14251f9ac8d65f501a20873d77a2471e9b7/job_events/03000000/dec95c65bc663100ce18f14251f9ac8d65f501a20873d77a2471e9b7-2026-08-06-17-1786039044467109009.jsonl: TASK_LIFECYCLE_EVENT must have at least one state transition"
time="2026-08-06T18:19:06Z" level=error msg="Failed to store events for file session_2026-08-06_10-56-08_444353_1/dec95c65bc663100ce18f14251f9ac8d65f501a20873d77a2471e9b7/job_events/03000000/dec95c65bc663100ce18f14251f9ac8d65f501a20873d77a2471e9b7-2026-08-06-17-1786039044467109009.jsonl: TASK_LIFECYCLE_EVENT must have at least one state transition"
time="2026-08-06T18:19:06Z" level=error msg="Failed to store events for file session_2026-08-06_10-56-08_444353_1/dec95c65bc663100ce18f14251f9ac8d65f501a20873d77a2471e9b7/job_events/03000000/dec95c65bc663100ce18f14251f9ac8d65f501a20873d77a2471e9b7-2026-08-06-17-1786039044467109009.jsonl: TASK_LIFECYCLE_EVENT must have at least one state transition"
time="2026-08-06T18:19:06Z" level=error msg="Failed to store events for file session_2026-08-06_10-56-08_444353_1/dec95c65bc663100ce18f14251f9ac8d65f501a20873d77a2471e9b7/job_events/03000000/dec95c65bc663100ce18f14251f9ac8d65f501a20873d77a2471e9b7-2026-08-06-17-1786039044467109009.jsonl: TASK_LIFECYCLE_EVENT must have at least one state transition"
time="2026-08-06T18:19:07Z" level=error msg="Failed to store events for file session_2026-08-06_10-56-08_444353_1/dec95c65bc663100ce18f14251f9ac8d65f501a20873d77a2471e9b7/job_events/03000000/dec95c65bc663100ce18f14251f9ac8d65f501a20873d77a2471e9b7-2026-08-06-17-1786039044467109009.jsonl: TASK_LIFECYCLE_EVENT must have at least one state transition"
time="2026-08-06T18:19:07Z" level=error msg="Failed to store events for file session_2026-08-06_10-56-08_444353_1/dec95c65bc663100ce18f14251f9ac8d65f501a20873d77a2471e9b7/job_events/03000000/dec95c65bc663100ce18f14251f9ac8d65f501a20873d77a2471e9b7-2026-08-06-17-1786039044467109009.jsonl: TASK_LIFECYCLE_EVENT must have at least one state transition"
time="2026-08-06T18:19:07Z" level=error msg="Failed to store events for file session_2026-08-06_10-56-08_444353_1/dec95c65bc663100ce18f14251f9ac8d65f501a20873d77a2471e9b7/job_events/03000000/dec95c65bc663100ce18f14251f9ac8d65f501a20873d77a2471e9b7-2026-08-06-17-1786039044467109009.jsonl: TASK_LIFECYCLE_EVENT must have at least one state transition"
time="2026-08-06T18:19:07Z" level=error msg="Failed to store events for file session_2026-08-06_10-56-08_444353_1/dec95c65bc663100ce18f14251f9ac8d65f501a20873d77a2471e9b7/job_events/03000000/dec95c65bc663100ce18f14251f9ac8d65f501a20873d77a2471e9b7-2026-08-06-17-1786039044467109009.jsonl: TASK_LIFECYCLE_EVENT must have at least one state transition"
time="2026-08-06T18:19:07Z" level=error msg="Failed to store events for file session_2026-08-06_10-56-08_444353_1/dec95c65bc663100ce18f14251f9ac8d65f501a20873d77a2471e9b7/job_events/03000000/dec95c65bc663100ce18f14251f9ac8d65f501a20873d77a2471e9b7-2026-08-06-17-1786039044467109009.jsonl: TASK_LIFECYCLE_EVENT must have at least one state transition"
time="2026-08-06T18:19:08Z" level=error msg="Failed to store events for file session_2026-08-06_10-56-08_444353_1/dec95c65bc663100ce18f14251f9ac8d65f501a20873d77a2471e9b7/job_events/03000000/dec95c65bc663100ce18f14251f9ac8d65f501a20873d77a2471e9b7-2026-08-06-17-1786039044467109009.jsonl: TASK_LIFECYCLE_EVENT must have at least one state transition"
time="2026-08-06T18:19:08Z" level=error msg="Failed to store events for file session_2026-08-06_10-56-08_444353_1/dec95c65bc663100ce18f14251f9ac8d65f501a20873d77a2471e9b7/job_events/03000000/dec95c65bc663100ce18f14251f9ac8d65f501a20873d77a2471e9b7-2026-08-06-17-1786039044467109009.jsonl: TASK_LIFECYCLE_EVENT must have at least one state transition"
time="2026-08-06T18:19:08Z" level=error msg="Failed to store events for file session_2026-08-06_10-56-08_444353_1/dec95c65bc663100ce18f14251f9ac8d65f501a20873d77a2471e9b7/job_events/03000000/dec95c65bc663100ce18f14251f9ac8d65f501a20873d77a2471e9b7-2026-08-06-17-1786039044467109009.jsonl: TASK_LIFECYCLE_EVENT must have at least one state transition"
time="2026-08-06T18:19:08Z" level=error msg="Failed to store events for file session_2026-08-06_10-56-08_444353_1/dec95c65bc663100ce18f14251f9ac8d65f501a20873d77a2471e9b7/job_events/03000000/dec95c65bc663100ce18f14251f9ac8d65f501a20873d77a2471e9b7-2026-08-06-17-1786039044467109009.jsonl: TASK_LIFECYCLE_EVENT must have at least one state transition"
time="2026-08-06T18:19:08Z" level=error msg="Failed to store events for file session_2026-08-06_10-56-08_444353_1/dec95c65bc663100ce18f14251f9ac8d65f501a20873d77a2471e9b7/job_events/03000000/dec95c65bc663100ce18f14251f9ac8d65f501a20873d77a2471e9b7-2026-08-06-17-1786039044467109009.jsonl: TASK_LIFECYCLE_EVENT must have at least one state transition"
time="2026-08-06T18:19:08Z" level=error msg="Failed to store events for file session_2026-08-06_10-56-08_444353_1/dec95c65bc663100ce18f14251f9ac8d65f501a20873d77a2471e9b7/job_events/03000000/dec95c65bc663100ce18f14251f9ac8d65f501a20873d77a2471e9b7-2026-08-06-17-1786039044467109009.jsonl: TASK_LIFECYCLE_EVENT must have at least one state transition"
time="2026-08-06T18:19:09Z" level=error msg="Failed to store events for file session_2026-08-06_10-56-08_444353_1/dec95c65bc663100ce18f14251f9ac8d65f501a20873d77a2471e9b7/job_events/03000000/dec95c65bc663100ce18f14251f9ac8d65f501a20873d77a2471e9b7-2026-08-06-17-1786039044467109009.jsonl: TASK_LIFECYCLE_EVENT must have at least one state transition"
time="2026-08-06T18:19:09Z" level=error msg="Failed to store events for file session_2026-08-06_10-56-08_444353_1/dec95c65bc663100ce18f14251f9ac8d65f501a20873d77a2471e9b7/job_events/03000000/dec95c65bc663100ce18f14251f9ac8d65f501a20873d77a2471e9b7-2026-08-06-17-1786039044467109009.jsonl: TASK_LIFECYCLE_EVENT must have at least one state transition"
time="2026-08-06T18:19:09Z" level=error msg="Failed to store events for file session_2026-08-06_10-56-08_444353_1/dec95c65bc663100ce18f14251f9ac8d65f501a20873d77a2471e9b7/job_events/03000000/dec95c65bc663100ce18f14251f9ac8d65f501a20873d77a2471e9b7-2026-08-06-17-1786039044467109009.jsonl: TASK_LIFECYCLE_EVENT must have at least one state transition"
time="2026-08-06T18:19:09Z" level=error msg="Failed to store events for file session_2026-08-06_10-56-08_444353_1/dec95c65bc663100ce18f14251f9ac8d65f501a20873d77a2471e9b7/job_events/03000000/dec95c65bc663100ce18f14251f9ac8d65f501a20873d77a2471e9b7-2026-08-06-17-1786039044467109009.jsonl: TASK_LIFECYCLE_EVENT must have at least one state transition"
time="2026-08-06T18:19:10Z" level=error msg="Failed to store events for file session_2026-08-06_10-56-08_444353_1/dec95c65bc663100ce18f14251f9ac8d65f501a20873d77a2471e9b7/job_events/03000000/dec95c65bc663100ce18f14251f9ac8d65f501a20873d77a2471e9b7-2026-08-06-17-1786039044467109009.jsonl: TASK_LIFECYCLE_EVENT must have at least one state transition"
time="2026-08-06T18:19:10Z" level=error msg="Failed to store events for file session_2026-08-06_10-56-08_444353_1/dec95c65bc663100ce18f14251f9ac8d65f501a20873d77a2471e9b7/job_events/03000000/dec95c65bc663100ce18f14251f9ac8d65f501a20873d77a2471e9b7-2026-08-06-17-1786039044467109009.jsonl: TASK_LIFECYCLE_EVENT must have at least one state transition"
time="2026-08-06T18:19:10Z" level=error msg="Failed to store events for file session_2026-08-06_10-56-08_444353_1/dec95c65bc663100ce18f14251f9ac8d65f501a20873d77a2471e9b7/job_events/03000000/dec95c65bc663100ce18f14251f9ac8d65f501a20873d77a2471e9b7-2026-08-06-17-1786039044467109009.jsonl: TASK_LIFECYCLE_EVENT must have at least one state transition"
time="2026-08-06T18:19:11Z" level=error msg="Failed to store events for file session_2026-08-06_10-56-08_444353_1/dec95c65bc663100ce18f14251f9ac8d65f501a20873d77a2471e9b7/job_events/03000000/dec95c65bc663100ce18f14251f9ac8d65f501a20873d77a2471e9b7-2026-08-06-17-1786039044467109009.jsonl: TASK_LIFECYCLE_EVENT must have at least one state transition"
time="2026-08-06T18:19:11Z" level=error msg="Failed to store events for file session_2026-08-06_10-56-08_444353_1/dec95c65bc663100ce18f14251f9ac8d65f501a20873d77a2471e9b7/job_events/03000000/dec95c65bc663100ce18f14251f9ac8d65f501a20873d77a2471e9b7-2026-08-06-17-1786039044467109009.jsonl: TASK_LIFECYCLE_EVENT must have at least one state transition"
time="2026-08-06T18:19:12Z" level=error msg="Failed to store events for file session_2026-08-06_10-56-08_444353_1/dec95c65bc663100ce18f14251f9ac8d65f501a20873d77a2471e9b7/job_events/03000000/dec95c65bc663100ce18f14251f9ac8d65f501a20873d77a2471e9b7-2026-08-06-17-1786039044467109009.jsonl: TASK_LIFECYCLE_EVENT must have at least one state transition"
time="2026-08-06T18:19:12Z" level=error msg="Failed to store events for file session_2026-08-06_10-56-08_444353_1/dec95c65bc663100ce18f14251f9ac8d65f501a20873d77a2471e9b7/job_events/03000000/dec95c65bc663100ce18f14251f9ac8d65f501a20873d77a2471e9b7-2026-08-06-17-1786039044467109009.jsonl: TASK_LIFECYCLE_EVENT must have at least one state transition"
time="2026-08-06T18:19:12Z" level=error msg="Failed to store events for file session_2026-08-06_10-56-08_444353_1/dec95c65bc663100ce18f14251f9ac8d65f501a20873d77a2471e9b7/job_events/03000000/dec95c65bc663100ce18f14251f9ac8d65f501a20873d77a2471e9b7-2026-08-06-17-1786039044467109009.jsonl: TASK_LIFECYCLE_EVENT must have at least one state transition"
time="2026-08-06T18:19:13Z" level=error msg="Failed to store events for file session_2026-08-06_10-56-08_444353_1/dec95c65bc663100ce18f14251f9ac8d65f501a20873d77a2471e9b7/job_events/03000000/dec95c65bc663100ce18f14251f9ac8d65f501a20873d77a2471e9b7-2026-08-06-17-1786039044467109009.jsonl: TASK_LIFECYCLE_EVENT must have at least one state transition"
time="2026-08-06T18:19:13Z" level=error msg="Failed to store events for file session_2026-08-06_10-56-08_444353_1/dec95c65bc663100ce18f14251f9ac8d65f501a20873d77a2471e9b7/job_events/03000000/dec95c65bc663100ce18f14251f9ac8d65f501a20873d77a2471e9b7-2026-08-06-17-1786039044467109009.jsonl: TASK_LIFECYCLE_EVENT must have at least one state transition"
time="2026-08-06T18:19:14Z" level=error msg="Failed to store events for file session_2026-08-06_10-56-08_444353_1/dec95c65bc663100ce18f14251f9ac8d65f501a20873d77a2471e9b7/job_events/03000000/dec95c65bc663100ce18f14251f9ac8d65f501a20873d77a2471e9b7-2026-08-06-17-1786039044467109009.jsonl: TASK_LIFECYCLE_EVENT must have at least one state transition"
time="2026-08-06T18:19:14Z" level=error msg="Failed to store events for file session_2026-08-06_10-56-08_444353_1/dec95c65bc663100ce18f14251f9ac8d65f501a20873d77a2471e9b7/job_events/03000000/dec95c65bc663100ce18f14251f9ac8d65f501a20873d77a2471e9b7-2026-08-06-17-1786039044467109009.jsonl: TASK_LIFECYCLE_EVENT must have at least one state transition"
time="2026-08-06T18:19:14Z" level=error msg="Failed to store events for file session_2026-08-06_10-56-08_444353_1/dec95c65bc663100ce18f14251f9ac8d65f501a20873d77a2471e9b7/job_events/03000000/dec95c65bc663100ce18f14251f9ac8d65f501a20873d77a2471e9b7-2026-08-06-17-1786039044467109009.jsonl: TASK_LIFECYCLE_EVENT must have at least one state transition"
time="2026-08-06T18:19:14Z" level=error msg="Failed to store events for file session_2026-08-06_10-56-08_444353_1/dec95c65bc663100ce18f14251f9ac8d65f501a20873d77a2471e9b7/job_events/03000000/dec95c65bc663100ce18f14251f9ac8d65f501a20873d77a2471e9b7-2026-08-06-17-1786039044467109009.jsonl: TASK_LIFECYCLE_EVENT must have at least one state transition"
time="2026-08-06T18:19:14Z" level=error msg="Failed to store events for file session_2026-08-06_10-56-08_444353_1/dec95c65bc663100ce18f14251f9ac8d65f501a20873d77a2471e9b7/job_events/03000000/dec95c65bc663100ce18f14251f9ac8d65f501a20873d77a2471e9b7-2026-08-06-17-1786039044467109009.jsonl: TASK_LIFECYCLE_EVENT must have at least one state transition"
time="2026-08-06T18:19:15Z" level=error msg="Failed to store events for file session_2026-08-06_10-56-08_444353_1/dec95c65bc663100ce18f14251f9ac8d65f501a20873d77a2471e9b7/job_events/03000000/dec95c65bc663100ce18f14251f9ac8d65f501a20873d77a2471e9b7-2026-08-06-17-1786039044467109009.jsonl: TASK_LIFECYCLE_EVENT must have at least one state transition"
time="2026-08-06T18:19:15Z" level=error msg="Failed to load session test-ns-hnk4h/raycluster-historyserver/session_2026-08-06_10-56-08_444353_1: context canceled"
time="2026-08-06T18:19:15Z" level=error msg="Failed to store events for file session_2026-08-06_10-56-08_444353_1/dec95c65bc663100ce18f14251f9ac8d65f501a20873d77a2471e9b7/job_events/03000000/dec95c65bc663100ce18f14251f9ac8d65f501a20873d77a2471e9b7-2026-08-06-17-1786039044467109009.jsonl: TASK_LIFECYCLE_EVENT must have at least one state transition"
time="2026-08-06T18:19:15Z" level=error msg="Failed to store events for file session_2026-08-06_10-56-08_444353_1/dec95c65bc663100ce18f14251f9ac8d65f501a20873d77a2471e9b7/job_events/03000000/dec95c65bc663100ce18f14251f9ac8d65f501a20873d77a2471e9b7-2026-08-06-17-1786039044467109009.jsonl: TASK_LIFECYCLE_EVENT must have at least one state transition"
time="2026-08-06T18:19:15Z" level=error msg="Failed to store events for file session_2026-08-06_10-56-08_444353_1/dec95c65bc663100ce18f14251f9ac8d65f501a20873d77a2471e9b7/job_events/03000000/dec95c65bc663100ce18f14251f9ac8d65f501a20873d77a2471e9b7-2026-08-06-17-1786039044467109009.jsonl: TASK_LIFECYCLE_EVENT must have at least one state transition"
time="2026-08-06T18:19:15Z" level=error msg="Failed to store events for file session_2026-08-06_10-56-08_444353_1/dec95c65bc663100ce18f14251f9ac8d65f501a20873d77a2471e9b7/job_events/03000000/dec95c65bc663100ce18f14251f9ac8d65f501a20873d77a2471e9b7-2026-08-06-17-1786039044467109009.jsonl: TASK_LIFECYCLE_EVENT must have at least one state transition"
time="2026-08-06T18:19:15Z" level=error msg="Failed to store events for file session_2026-08-06_10-56-08_444353_1/dec95c65bc663100ce18f14251f9ac8d65f501a20873d77a2471e9b7/job_events/03000000/dec95c65bc663100ce18f14251f9ac8d65f501a20873d77a2471e9b7-2026-08-06-17-1786039044467109009.jsonl: TASK_LIFECYCLE_EVENT must have at least one state transition"
time="2026-08-06T18:19:16Z" level=error msg="Failed to store events for file session_2026-08-06_10-56-08_444353_1/dec95c65bc663100ce18f14251f9ac8d65f501a20873d77a2471e9b7/job_events/03000000/dec95c65bc663100ce18f14251f9ac8d65f501a20873d77a2471e9b7-2026-08-06-17-1786039044467109009.jsonl: TASK_LIFECYCLE_EVENT must have at least one state transition"
time="2026-08-06T18:19:16Z" level=error msg="Failed to store events for file session_2026-08-06_10-56-08_444353_1/dec95c65bc663100ce18f14251f9ac8d65f501a20873d77a2471e9b7/job_events/03000000/dec95c65bc663100ce18f14251f9ac8d65f501a20873d77a2471e9b7-2026-08-06-17-1786039044467109009.jsonl: TASK_LIFECYCLE_EVENT must have at least one state transition"
