time,phase,pod,container,cpu_stat_time,cpu_usage_core_nanoseconds,working_set_bytes
2026-08-06T12:56:29.841318-05:00,job,raycluster-historyserver-cpu-worker-dn77x,ray-worker,2026-08-06T17:56:29Z,3036376000,300150784
2026-08-06T12:56:29.841318-05:00,job,raycluster-historyserver-cpu-worker-dn77x,collector,2026-08-06T17:56:29Z,575707000,56627200
2026-08-06T12:56:29.841318-05:00,job,raycluster-historyserver-head-5dds2,collector,2026-08-06T17:56:19Z,629146000,63205376
2026-08-06T12:56:29.841318-05:00,job,raycluster-historyserver-head-5dds2,ray-head,2026-08-06T17:56:23Z,11367330000,2833133568
2026-08-06T12:56:30.840986-05:00,job,raycluster-historyserver-cpu-worker-dn77x,collector,2026-08-06T17:56:30Z,575707000,56627200
2026-08-06T12:56:30.840986-05:00,job,raycluster-historyserver-cpu-worker-dn77x,ray-worker,2026-08-06T17:56:30Z,3040914000,300572672
2026-08-06T12:56:30.840986-05:00,job,raycluster-historyserver-head-5dds2,collector,2026-08-06T17:56:19Z,629146000,63205376
2026-08-06T12:56:30.840986-05:00,job,raycluster-historyserver-head-5dds2,ray-head,2026-08-06T17:56:23Z,11367330000,2833133568
2026-08-06T12:56:31.841155-05:00,job,raycluster-historyserver-head-5dds2,ray-head,2026-08-06T17:56:23Z,11367330000,2833133568
2026-08-06T12:56:31.841155-05:00,job,raycluster-historyserver-head-5dds2,collector,2026-08-06T17:56:19Z,629146000,63205376
2026-08-06T12:56:31.841155-05:00,job,raycluster-historyserver-cpu-worker-dn77x,collector,2026-08-06T17:56:31Z,577188000,56643584
2026-08-06T12:56:31.841155-05:00,job,raycluster-historyserver-cpu-worker-dn77x,ray-worker,2026-08-06T17:56:30Z,3040914000,300572672
2026-08-06T12:56:32.841277-05:00,job,raycluster-historyserver-head-5dds2,ray-head,2026-08-06T17:56:23Z,11367330000,2833133568
2026-08-06T12:56:32.841277-05:00,job,raycluster-historyserver-head-5dds2,collector,2026-08-06T17:56:32Z,645753000,63229952
2026-08-06T12:56:32.841277-05:00,job,raycluster-historyserver-cpu-worker-dn77x,collector,2026-08-06T17:56:32Z,578391000,56647680
2026-08-06T12:56:32.841277-05:00,job,raycluster-historyserver-cpu-worker-dn77x,ray-worker,2026-08-06T17:56:30Z,3040914000,300572672
2026-08-06T12:56:33.841288-05:00,job,raycluster-historyserver-head-5dds2,collector,2026-08-06T17:56:32Z,645753000,63229952
2026-08-06T12:56:33.841288-05:00,job,raycluster-historyserver-head-5dds2,ray-head,2026-08-06T17:56:23Z,11367330000,2833133568
2026-08-06T12:56:33.841288-05:00,job,raycluster-historyserver-cpu-worker-dn77x,ray-worker,2026-08-06T17:56:30Z,3040914000,300572672
2026-08-06T12:56:33.841288-05:00,job,raycluster-historyserver-cpu-worker-dn77x,collector,2026-08-06T17:56:33Z,578415000,56647680
2026-08-06T12:56:34.841332-05:00,job,raycluster-historyserver-head-5dds2,collector,2026-08-06T17:56:32Z,645753000,63229952
2026-08-06T12:56:34.841332-05:00,job,raycluster-historyserver-head-5dds2,ray-head,2026-08-06T17:56:23Z,11367330000,2833133568
2026-08-06T12:56:34.841332-05:00,job,raycluster-historyserver-cpu-worker-dn77x,ray-worker,2026-08-06T17:56:30Z,3040914000,300572672
2026-08-06T12:56:34.841332-05:00,job,raycluster-historyserver-cpu-worker-dn77x,collector,2026-08-06T17:56:34Z,578415000,56647680
2026-08-06T12:56:35.841344-05:00,job,raycluster-historyserver-cpu-worker-dn77x,collector,2026-08-06T17:56:34Z,578415000,56647680
2026-08-06T12:56:35.841344-05:00,job,raycluster-historyserver-cpu-worker-dn77x,ray-worker,2026-08-06T17:56:30Z,3040914000,300572672
2026-08-06T12:56:35.841344-05:00,job,raycluster-historyserver-head-5dds2,ray-head,2026-08-06T17:56:23Z,11367330000,2833133568
2026-08-06T12:56:35.841344-05:00,job,raycluster-historyserver-head-5dds2,collector,2026-08-06T17:56:32Z,645753000,63229952
2026-08-06T12:56:36.841399-05:00,job,raycluster-historyserver-head-5dds2,collector,2026-08-06T17:56:32Z,645753000,63229952
2026-08-06T12:56:36.841399-05:00,job,raycluster-historyserver-head-5dds2,ray-head,2026-08-06T17:56:23Z,11367330000,2833133568
2026-08-06T12:56:36.841399-05:00,job,raycluster-historyserver-cpu-worker-dn77x,ray-worker,2026-08-06T17:56:30Z,3040914000,300572672
2026-08-06T12:56:36.841399-05:00,job,raycluster-historyserver-cpu-worker-dn77x,collector,2026-08-06T17:56:34Z,578415000,56647680
2026-08-06T12:56:37.841343-05:00,job,raycluster-historyserver-head-5dds2,ray-head,2026-08-06T17:56:23Z,11367330000,2833133568
2026-08-06T12:56:37.841343-05:00,job,raycluster-historyserver-head-5dds2,collector,2026-08-06T17:56:32Z,645753000,63229952
2026-08-06T12:56:37.841343-05:00,job,raycluster-historyserver-cpu-worker-dn77x,collector,2026-08-06T17:56:34Z,578415000,56647680
2026-08-06T12:56:37.841343-05:00,job,raycluster-historyserver-cpu-worker-dn77x,ray-worker,2026-08-06T17:56:30Z,3040914000,300572672
2026-08-06T12:56:38.841428-05:00,job,raycluster-historyserver-cpu-worker-dn77x,collector,2026-08-06T17:56:34Z,578415000,56647680
2026-08-06T12:56:38.841428-05:00,job,raycluster-historyserver-cpu-worker-dn77x,ray-worker,2026-08-06T17:56:30Z,3040914000,300572672
2026-08-06T12:56:38.841428-05:00,job,raycluster-historyserver-head-5dds2,ray-head,2026-08-06T17:56:23Z,11367330000,2833133568
2026-08-06T12:56:38.841428-05:00,job,raycluster-historyserver-head-5dds2,collector,2026-08-06T17:56:32Z,645753000,63229952
2026-08-06T12:56:39.840715-05:00,job,raycluster-historyserver-head-5dds2,collector,2026-08-06T17:56:32Z,645753000,63229952
2026-08-06T12:56:39.840715-05:00,job,raycluster-historyserver-head-5dds2,ray-head,2026-08-06T17:56:39Z,19389010000,3152904192
2026-08-06T12:56:39.840715-05:00,job,raycluster-historyserver-cpu-worker-dn77x,ray-worker,2026-08-06T17:56:30Z,3040914000,300572672
2026-08-06T12:56:39.840715-05:00,job,raycluster-historyserver-cpu-worker-dn77x,collector,2026-08-06T17:56:34Z,578415000,56647680
2026-08-06T12:56:40.841002-05:00,job,raycluster-historyserver-cpu-worker-dn77x,ray-worker,2026-08-06T17:56:30Z,3040914000,300572672
2026-08-06T12:56:40.841002-05:00,job,raycluster-historyserver-cpu-worker-dn77x,collector,2026-08-06T17:56:34Z,578415000,56647680
2026-08-06T12:56:40.841002-05:00,job,raycluster-historyserver-head-5dds2,collector,2026-08-06T17:56:32Z,645753000,63229952
2026-08-06T12:56:40.841002-05:00,job,raycluster-historyserver-head-5dds2,ray-head,2026-08-06T17:56:39Z,19389010000,3152904192
2026-08-06T12:56:41.840968-05:00,job,raycluster-historyserver-cpu-worker-dn77x,collector,2026-08-06T17:56:34Z,578415000,56647680
2026-08-06T12:56:41.840968-05:00,job,raycluster-historyserver-cpu-worker-dn77x,ray-worker,2026-08-06T17:56:41Z,19472261000,983474176
2026-08-06T12:56:41.840968-05:00,job,raycluster-historyserver-head-5dds2,ray-head,2026-08-06T17:56:39Z,19389010000,3152904192
2026-08-06T12:56:41.840968-05:00,job,raycluster-historyserver-head-5dds2,collector,2026-08-06T17:56:32Z,645753000,63229952
2026-08-06T12:56:42.841018-05:00,job,raycluster-historyserver-head-5dds2,ray-head,2026-08-06T17:56:39Z,19389010000,3152904192
2026-08-06T12:56:42.841018-05:00,job,raycluster-historyserver-head-5dds2,collector,2026-08-06T17:56:32Z,645753000,63229952
2026-08-06T12:56:42.841018-05:00,job,raycluster-historyserver-cpu-worker-dn77x,collector,2026-08-06T17:56:34Z,578415000,56647680
2026-08-06T12:56:42.841018-05:00,job,raycluster-historyserver-cpu-worker-dn77x,ray-worker,2026-08-06T17:56:41Z,19472261000,983474176
2026-08-06T12:56:43.841561-05:00,job,raycluster-historyserver-head-5dds2,ray-head,2026-08-06T17:56:39Z,19389010000,3152904192
2026-08-06T12:56:43.841561-05:00,job,raycluster-historyserver-head-5dds2,collector,2026-08-06T17:56:32Z,645753000,63229952
2026-08-06T12:56:43.841561-05:00,job,raycluster-historyserver-cpu-worker-dn77x,collector,2026-08-06T17:56:34Z,578415000,56647680
2026-08-06T12:56:43.841561-05:00,job,raycluster-historyserver-cpu-worker-dn77x,ray-worker,2026-08-06T17:56:41Z,19472261000,983474176
2026-08-06T12:56:44.841045-05:00,job,raycluster-historyserver-head-5dds2,ray-head,2026-08-06T17:56:39Z,19389010000,3152904192
2026-08-06T12:56:44.841045-05:00,job,raycluster-historyserver-head-5dds2,collector,2026-08-06T17:56:32Z,645753000,63229952
2026-08-06T12:56:44.841045-05:00,job,raycluster-historyserver-cpu-worker-dn77x,collector,2026-08-06T17:56:34Z,578415000,56647680
2026-08-06T12:56:44.841045-05:00,job,raycluster-historyserver-cpu-worker-dn77x,ray-worker,2026-08-06T17:56:41Z,19472261000,983474176
2026-08-06T12:56:45.840645-05:00,job,raycluster-historyserver-head-5dds2,collector,2026-08-06T17:56:32Z,645753000,63229952
2026-08-06T12:56:45.840645-05:00,job,raycluster-historyserver-head-5dds2,ray-head,2026-08-06T17:56:39Z,19389010000,3152904192
2026-08-06T12:56:45.840645-05:00,job,raycluster-historyserver-cpu-worker-dn77x,ray-worker,2026-08-06T17:56:41Z,19472261000,983474176
2026-08-06T12:56:45.840645-05:00,job,raycluster-historyserver-cpu-worker-dn77x,collector,2026-08-06T17:56:34Z,578415000,56647680
2026-08-06T12:56:46.84116-05:00,job,raycluster-historyserver-head-5dds2,collector,2026-08-06T17:56:32Z,645753000,63229952
2026-08-06T12:56:46.84116-05:00,job,raycluster-historyserver-head-5dds2,ray-head,2026-08-06T17:56:39Z,19389010000,3152904192
2026-08-06T12:56:46.84116-05:00,job,raycluster-historyserver-cpu-worker-dn77x,ray-worker,2026-08-06T17:56:41Z,19472261000,983474176
2026-08-06T12:56:46.84116-05:00,job,raycluster-historyserver-cpu-worker-dn77x,collector,2026-08-06T17:56:34Z,578415000,56647680
2026-08-06T12:56:47.841148-05:00,job,raycluster-historyserver-head-5dds2,collector,2026-08-06T17:56:32Z,645753000,63229952
2026-08-06T12:56:47.841148-05:00,job,raycluster-historyserver-head-5dds2,ray-head,2026-08-06T17:56:39Z,19389010000,3152904192
2026-08-06T12:56:47.841148-05:00,job,raycluster-historyserver-cpu-worker-dn77x,ray-worker,2026-08-06T17:56:41Z,19472261000,983474176
2026-08-06T12:56:47.841148-05:00,job,raycluster-historyserver-cpu-worker-dn77x,collector,2026-08-06T17:56:34Z,578415000,56647680
2026-08-06T12:56:48.841509-05:00,job,raycluster-historyserver-cpu-worker-dn77x,ray-worker,2026-08-06T17:56:41Z,19472261000,983474176
2026-08-06T12:56:48.841509-05:00,job,raycluster-historyserver-cpu-worker-dn77x,collector,2026-08-06T17:56:34Z,578415000,56647680
2026-08-06T12:56:48.841509-05:00,job,raycluster-historyserver-head-5dds2,collector,2026-08-06T17:56:32Z,645753000,63229952
2026-08-06T12:56:48.841509-05:00,job,raycluster-historyserver-head-5dds2,ray-head,2026-08-06T17:56:39Z,19389010000,3152904192
2026-08-06T12:56:49.841518-05:00,job,raycluster-historyserver-cpu-worker-dn77x,ray-worker,2026-08-06T17:56:41Z,19472261000,983474176
2026-08-06T12:56:49.841518-05:00,job,raycluster-historyserver-cpu-worker-dn77x,collector,2026-08-06T17:56:34Z,578415000,56647680
2026-08-06T12:56:49.841518-05:00,job,raycluster-historyserver-head-5dds2,collector,2026-08-06T17:56:49Z,9831391000,139939840
2026-08-06T12:56:49.841518-05:00,job,raycluster-historyserver-head-5dds2,ray-head,2026-08-06T17:56:39Z,19389010000,3152904192
2026-08-06T12:56:50.841512-05:00,job,raycluster-historyserver-head-5dds2,collector,2026-08-06T17:56:49Z,9831391000,139939840
2026-08-06T12:56:50.841512-05:00,job,raycluster-historyserver-head-5dds2,ray-head,2026-08-06T17:56:39Z,19389010000,3152904192
2026-08-06T12:56:50.841512-05:00,job,raycluster-historyserver-cpu-worker-dn77x,collector,2026-08-06T17:56:34Z,578415000,56647680
2026-08-06T12:56:50.841512-05:00,job,raycluster-historyserver-cpu-worker-dn77x,ray-worker,2026-08-06T17:56:41Z,19472261000,983474176
2026-08-06T12:56:51.841509-05:00,job,raycluster-historyserver-head-5dds2,ray-head,2026-08-06T17:56:39Z,19389010000,3152904192
2026-08-06T12:56:51.841509-05:00,job,raycluster-historyserver-head-5dds2,collector,2026-08-06T17:56:49Z,9831391000,139939840
2026-08-06T12:56:51.841509-05:00,job,raycluster-historyserver-cpu-worker-dn77x,collector,2026-08-06T17:56:51Z,7170575000,119123968
2026-08-06T12:56:51.841509-05:00,job,raycluster-historyserver-cpu-worker-dn77x,ray-worker,2026-08-06T17:56:41Z,19472261000,983474176
2026-08-06T12:56:52.84153-05:00,job,raycluster-historyserver-cpu-worker-dn77x,collector,2026-08-06T17:56:51Z,7170575000,119123968
2026-08-06T12:56:52.84153-05:00,job,raycluster-historyserver-cpu-worker-dn77x,ray-worker,2026-08-06T17:56:41Z,19472261000,983474176
2026-08-06T12:56:52.84153-05:00,job,raycluster-historyserver-head-5dds2,ray-head,2026-08-06T17:56:39Z,19389010000,3152904192
2026-08-06T12:56:52.84153-05:00,job,raycluster-historyserver-head-5dds2,collector,2026-08-06T17:56:49Z,9831391000,139939840
2026-08-06T12:56:53.841151-05:00,job,raycluster-historyserver-head-5dds2,collector,2026-08-06T17:56:49Z,9831391000,139939840
2026-08-06T12:56:53.841151-05:00,job,raycluster-historyserver-head-5dds2,ray-head,2026-08-06T17:56:39Z,19389010000,3152904192
2026-08-06T12:56:53.841151-05:00,job,raycluster-historyserver-cpu-worker-dn77x,ray-worker,2026-08-06T17:56:41Z,19472261000,983474176
2026-08-06T12:56:53.841151-05:00,job,raycluster-historyserver-cpu-worker-dn77x,collector,2026-08-06T17:56:51Z,7170575000,119123968
2026-08-06T12:56:54.841579-05:00,job,raycluster-historyserver-head-5dds2,ray-head,2026-08-06T17:56:39Z,19389010000,3152904192
2026-08-06T12:56:54.841579-05:00,job,raycluster-historyserver-head-5dds2,collector,2026-08-06T17:56:49Z,9831391000,139939840
2026-08-06T12:56:54.841579-05:00,job,raycluster-historyserver-cpu-worker-dn77x,collector,2026-08-06T17:56:51Z,7170575000,119123968
2026-08-06T12:56:54.841579-05:00,job,raycluster-historyserver-cpu-worker-dn77x,ray-worker,2026-08-06T17:56:54Z,46052692000,1059561472
2026-08-06T12:56:55.841089-05:00,job,raycluster-historyserver-head-5dds2,ray-head,2026-08-06T17:56:39Z,19389010000,3152904192
2026-08-06T12:56:55.841089-05:00,job,raycluster-historyserver-head-5dds2,collector,2026-08-06T17:56:49Z,9831391000,139939840
2026-08-06T12:56:55.841089-05:00,job,raycluster-historyserver-cpu-worker-dn77x,collector,2026-08-06T17:56:51Z,7170575000,119123968
2026-08-06T12:56:55.841089-05:00,job,raycluster-historyserver-cpu-worker-dn77x,ray-worker,2026-08-06T17:56:54Z,46052692000,1059561472
2026-08-06T12:56:56.841969-05:00,job,raycluster-historyserver-head-5dds2,collector,2026-08-06T17:56:49Z,9831391000,139939840
2026-08-06T12:56:56.841969-05:00,job,raycluster-historyserver-head-5dds2,ray-head,2026-08-06T17:56:39Z,19389010000,3152904192
2026-08-06T12:56:56.841969-05:00,job,raycluster-historyserver-cpu-worker-dn77x,ray-worker,2026-08-06T17:56:54Z,46052692000,1059561472
2026-08-06T12:56:56.841969-05:00,job,raycluster-historyserver-cpu-worker-dn77x,collector,2026-08-06T17:56:51Z,7170575000,119123968
2026-08-06T12:56:57.841328-05:00,job,raycluster-historyserver-cpu-worker-dn77x,ray-worker,2026-08-06T17:56:54Z,46052692000,1059561472
2026-08-06T12:56:57.841328-05:00,job,raycluster-historyserver-cpu-worker-dn77x,collector,2026-08-06T17:56:51Z,7170575000,119123968
2026-08-06T12:56:57.841328-05:00,job,raycluster-historyserver-head-5dds2,collector,2026-08-06T17:56:49Z,9831391000,139939840
2026-08-06T12:56:57.841328-05:00,job,raycluster-historyserver-head-5dds2,ray-head,2026-08-06T17:56:56Z,40246094000,3658223616
2026-08-06T12:56:58.841145-05:00,job,raycluster-historyserver-head-5dds2,collector,2026-08-06T17:56:49Z,9831391000,139939840
2026-08-06T12:56:58.841145-05:00,job,raycluster-historyserver-head-5dds2,ray-head,2026-08-06T17:56:56Z,40246094000,3658223616
2026-08-06T12:56:58.841145-05:00,job,raycluster-historyserver-cpu-worker-dn77x,ray-worker,2026-08-06T17:56:54Z,46052692000,1059561472
2026-08-06T12:56:58.841145-05:00,job,raycluster-historyserver-cpu-worker-dn77x,collector,2026-08-06T17:56:51Z,7170575000,119123968
2026-08-06T12:56:59.841697-05:00,job,raycluster-historyserver-head-5dds2,collector,2026-08-06T17:56:49Z,9831391000,139939840
2026-08-06T12:56:59.841697-05:00,job,raycluster-historyserver-head-5dds2,ray-head,2026-08-06T17:56:56Z,40246094000,3658223616
2026-08-06T12:56:59.841697-05:00,job,raycluster-historyserver-cpu-worker-dn77x,ray-worker,2026-08-06T17:56:54Z,46052692000,1059561472
2026-08-06T12:56:59.841697-05:00,job,raycluster-historyserver-cpu-worker-dn77x,collector,2026-08-06T17:56:51Z,7170575000,119123968
2026-08-06T12:57:00.842217-05:00,job,raycluster-historyserver-cpu-worker-dn77x,ray-worker,2026-08-06T17:56:54Z,46052692000,1059561472
2026-08-06T12:57:00.842217-05:00,job,raycluster-historyserver-cpu-worker-dn77x,collector,2026-08-06T17:56:51Z,7170575000,119123968
2026-08-06T12:57:00.842217-05:00,job,raycluster-historyserver-head-5dds2,collector,2026-08-06T17:56:49Z,9831391000,139939840
2026-08-06T12:57:00.842217-05:00,job,raycluster-historyserver-head-5dds2,ray-head,2026-08-06T17:56:56Z,40246094000,3658223616
2026-08-06T12:57:01.841653-05:00,job,raycluster-historyserver-head-5dds2,ray-head,2026-08-06T17:56:56Z,40246094000,3658223616
2026-08-06T12:57:01.841653-05:00,job,raycluster-historyserver-head-5dds2,collector,2026-08-06T17:56:49Z,9831391000,139939840
2026-08-06T12:57:01.841653-05:00,job,raycluster-historyserver-cpu-worker-dn77x,collector,2026-08-06T17:56:51Z,7170575000,119123968
2026-08-06T12:57:01.841653-05:00,job,raycluster-historyserver-cpu-worker-dn77x,ray-worker,2026-08-06T17:56:54Z,46052692000,1059561472
2026-08-06T12:57:02.840878-05:00,job,raycluster-historyserver-cpu-worker-dn77x,ray-worker,2026-08-06T17:56:54Z,46052692000,1059561472
2026-08-06T12:57:02.840878-05:00,job,raycluster-historyserver-cpu-worker-dn77x,collector,2026-08-06T17:56:51Z,7170575000,119123968
2026-08-06T12:57:02.840878-05:00,job,raycluster-historyserver-head-5dds2,collector,2026-08-06T17:56:49Z,9831391000,139939840
2026-08-06T12:57:02.840878-05:00,job,raycluster-historyserver-head-5dds2,ray-head,2026-08-06T17:56:56Z,40246094000,3658223616
2026-08-06T12:57:03.841389-05:00,job,raycluster-historyserver-head-5dds2,ray-head,2026-08-06T17:56:56Z,40246094000,3658223616
2026-08-06T12:57:03.841389-05:00,job,raycluster-historyserver-head-5dds2,collector,2026-08-06T17:57:03Z,19928327000,139759616
2026-08-06T12:57:03.841389-05:00,job,raycluster-historyserver-cpu-worker-dn77x,collector,2026-08-06T17:57:03Z,11817107000,108314624
2026-08-06T12:57:03.841389-05:00,job,raycluster-historyserver-cpu-worker-dn77x,ray-worker,2026-08-06T17:56:54Z,46052692000,1059561472
2026-08-06T12:57:04.841432-05:00,job,raycluster-historyserver-head-5dds2,ray-head,2026-08-06T17:56:56Z,40246094000,3658223616
2026-08-06T12:57:04.841432-05:00,job,raycluster-historyserver-head-5dds2,collector,2026-08-06T17:57:03Z,19928327000,139759616
2026-08-06T12:57:04.841432-05:00,job,raycluster-historyserver-cpu-worker-dn77x,collector,2026-08-06T17:57:03Z,11817107000,108314624
2026-08-06T12:57:04.841432-05:00,job,raycluster-historyserver-cpu-worker-dn77x,ray-worker,2026-08-06T17:56:54Z,46052692000,1059561472
2026-08-06T12:57:05.841681-05:00,job,raycluster-historyserver-cpu-worker-dn77x,ray-worker,2026-08-06T17:56:54Z,46052692000,1059561472
2026-08-06T12:57:05.841681-05:00,job,raycluster-historyserver-cpu-worker-dn77x,collector,2026-08-06T17:57:03Z,11817107000,108314624
2026-08-06T12:57:05.841681-05:00,job,raycluster-historyserver-head-5dds2,collector,2026-08-06T17:57:03Z,19928327000,139759616
2026-08-06T12:57:05.841681-05:00,job,raycluster-historyserver-head-5dds2,ray-head,2026-08-06T17:56:56Z,40246094000,3658223616
2026-08-06T12:57:06.84087-05:00,job,raycluster-historyserver-head-5dds2,collector,2026-08-06T17:57:03Z,19928327000,139759616
2026-08-06T12:57:06.84087-05:00,job,raycluster-historyserver-head-5dds2,ray-head,2026-08-06T17:56:56Z,40246094000,3658223616
2026-08-06T12:57:06.84087-05:00,job,raycluster-historyserver-cpu-worker-dn77x,ray-worker,2026-08-06T17:56:54Z,46052692000,1059561472
2026-08-06T12:57:06.84087-05:00,job,raycluster-historyserver-cpu-worker-dn77x,collector,2026-08-06T17:57:03Z,11817107000,108314624
2026-08-06T12:57:07.841644-05:00,job,raycluster-historyserver-head-5dds2,collector,2026-08-06T17:57:03Z,19928327000,139759616
2026-08-06T12:57:07.841644-05:00,job,raycluster-historyserver-head-5dds2,ray-head,2026-08-06T17:56:56Z,40246094000,3658223616
2026-08-06T12:57:07.841644-05:00,job,raycluster-historyserver-cpu-worker-dn77x,ray-worker,2026-08-06T17:56:54Z,46052692000,1059561472
2026-08-06T12:57:07.841644-05:00,job,raycluster-historyserver-cpu-worker-dn77x,collector,2026-08-06T17:57:03Z,11817107000,108314624
2026-08-06T12:57:08.841708-05:00,job,raycluster-historyserver-cpu-worker-dn77x,collector,2026-08-06T17:57:03Z,11817107000,108314624
2026-08-06T12:57:08.841708-05:00,job,raycluster-historyserver-cpu-worker-dn77x,ray-worker,2026-08-06T17:56:54Z,46052692000,1059561472
2026-08-06T12:57:08.841708-05:00,job,raycluster-historyserver-head-5dds2,ray-head,2026-08-06T17:56:56Z,40246094000,3658223616
2026-08-06T12:57:08.841708-05:00,job,raycluster-historyserver-head-5dds2,collector,2026-08-06T17:57:03Z,19928327000,139759616
2026-08-06T12:57:09.84181-05:00,job,raycluster-historyserver-head-5dds2,collector,2026-08-06T17:57:03Z,19928327000,139759616
2026-08-06T12:57:09.84181-05:00,job,raycluster-historyserver-head-5dds2,ray-head,2026-08-06T17:56:56Z,40246094000,3658223616
2026-08-06T12:57:09.84181-05:00,job,raycluster-historyserver-cpu-worker-dn77x,ray-worker,2026-08-06T17:56:54Z,46052692000,1059561472
2026-08-06T12:57:09.84181-05:00,job,raycluster-historyserver-cpu-worker-dn77x,collector,2026-08-06T17:57:03Z,11817107000,108314624
2026-08-06T12:57:10.841738-05:00,job,raycluster-historyserver-head-5dds2,ray-head,2026-08-06T17:56:56Z,40246094000,3658223616
2026-08-06T12:57:10.841738-05:00,job,raycluster-historyserver-head-5dds2,collector,2026-08-06T17:57:03Z,19928327000,139759616
2026-08-06T12:57:10.841738-05:00,job,raycluster-historyserver-cpu-worker-dn77x,collector,2026-08-06T17:57:03Z,11817107000,108314624
2026-08-06T12:57:10.841738-05:00,job,raycluster-historyserver-cpu-worker-dn77x,ray-worker,2026-08-06T17:56:54Z,46052692000,1059561472
2026-08-06T12:57:11.841921-05:00,job,raycluster-historyserver-head-5dds2,collector,2026-08-06T17:57:03Z,19928327000,139759616
2026-08-06T12:57:11.841921-05:00,job,raycluster-historyserver-head-5dds2,ray-head,2026-08-06T17:56:56Z,40246094000,3658223616
2026-08-06T12:57:11.841921-05:00,job,raycluster-historyserver-cpu-worker-dn77x,ray-worker,2026-08-06T17:56:54Z,46052692000,1059561472
2026-08-06T12:57:11.841921-05:00,job,raycluster-historyserver-cpu-worker-dn77x,collector,2026-08-06T17:57:03Z,11817107000,108314624
2026-08-06T12:57:12.841243-05:00,job,raycluster-historyserver-cpu-worker-dn77x,ray-worker,2026-08-06T17:57:12Z,81416938000,1112248320
2026-08-06T12:57:12.841243-05:00,job,raycluster-historyserver-cpu-worker-dn77x,collector,2026-08-06T17:57:03Z,11817107000,108314624
2026-08-06T12:57:12.841243-05:00,job,raycluster-historyserver-head-5dds2,collector,2026-08-06T17:57:03Z,19928327000,139759616
2026-08-06T12:57:12.841243-05:00,job,raycluster-historyserver-head-5dds2,ray-head,2026-08-06T17:56:56Z,40246094000,3658223616
2026-08-06T12:57:13.841453-05:00,job,raycluster-historyserver-head-5dds2,collector,2026-08-06T17:57:13Z,28150729000,130629632
2026-08-06T12:57:13.841453-05:00,job,raycluster-historyserver-head-5dds2,ray-head,2026-08-06T17:56:56Z,40246094000,3658223616
2026-08-06T12:57:13.841453-05:00,job,raycluster-historyserver-cpu-worker-dn77x,ray-worker,2026-08-06T17:57:12Z,81416938000,1112248320
2026-08-06T12:57:13.841453-05:00,job,raycluster-historyserver-cpu-worker-dn77x,collector,2026-08-06T17:57:03Z,11817107000,108314624
2026-08-06T12:57:14.84182-05:00,job,raycluster-historyserver-head-5dds2,collector,2026-08-06T17:57:13Z,28150729000,130629632
2026-08-06T12:57:14.84182-05:00,job,raycluster-historyserver-head-5dds2,ray-head,2026-08-06T17:56:56Z,40246094000,3658223616
2026-08-06T12:57:14.84182-05:00,job,raycluster-historyserver-cpu-worker-dn77x,ray-worker,2026-08-06T17:57:12Z,81416938000,1112248320
2026-08-06T12:57:14.84182-05:00,job,raycluster-historyserver-cpu-worker-dn77x,collector,2026-08-06T17:57:03Z,11817107000,108314624
2026-08-06T12:57:15.841879-05:00,job,raycluster-historyserver-head-5dds2,collector,2026-08-06T17:57:13Z,28150729000,130629632
2026-08-06T12:57:15.841879-05:00,job,raycluster-historyserver-head-5dds2,ray-head,2026-08-06T17:56:56Z,40246094000,3658223616
2026-08-06T12:57:15.841879-05:00,job,raycluster-historyserver-cpu-worker-dn77x,ray-worker,2026-08-06T17:57:12Z,81416938000,1112248320
2026-08-06T12:57:15.841879-05:00,job,raycluster-historyserver-cpu-worker-dn77x,collector,2026-08-06T17:57:03Z,11817107000,108314624
2026-08-06T12:57:16.841893-05:00,job,raycluster-historyserver-cpu-worker-dn77x,ray-worker,2026-08-06T17:57:12Z,81416938000,1112248320
2026-08-06T12:57:16.841893-05:00,job,raycluster-historyserver-cpu-worker-dn77x,collector,2026-08-06T17:57:03Z,11817107000,108314624
2026-08-06T12:57:16.841893-05:00,job,raycluster-historyserver-head-5dds2,collector,2026-08-06T17:57:13Z,28150729000,130629632
2026-08-06T12:57:16.841893-05:00,job,raycluster-historyserver-head-5dds2,ray-head,2026-08-06T17:57:16Z,64006163000,3874271232
2026-08-06T12:57:17.841442-05:00,job,raycluster-historyserver-cpu-worker-dn77x,collector,2026-08-06T17:57:03Z,11817107000,108314624
2026-08-06T12:57:17.841442-05:00,job,raycluster-historyserver-cpu-worker-dn77x,ray-worker,2026-08-06T17:57:12Z,81416938000,1112248320
2026-08-06T12:57:17.841442-05:00,job,raycluster-historyserver-head-5dds2,ray-head,2026-08-06T17:57:16Z,64006163000,3874271232
2026-08-06T12:57:17.841442-05:00,job,raycluster-historyserver-head-5dds2,collector,2026-08-06T17:57:13Z,28150729000,130629632
2026-08-06T12:57:18.841576-05:00,job,raycluster-historyserver-head-5dds2,collector,2026-08-06T17:57:13Z,28150729000,130629632
2026-08-06T12:57:18.841576-05:00,job,raycluster-historyserver-head-5dds2,ray-head,2026-08-06T17:57:16Z,64006163000,3874271232
2026-08-06T12:57:18.841576-05:00,job,raycluster-historyserver-cpu-worker-dn77x,ray-worker,2026-08-06T17:57:12Z,81416938000,1112248320
2026-08-06T12:57:18.841576-05:00,job,raycluster-historyserver-cpu-worker-dn77x,collector,2026-08-06T17:57:03Z,11817107000,108314624
2026-08-06T12:57:19.841505-05:00,job,raycluster-historyserver-cpu-worker-dn77x,collector,2026-08-06T17:57:03Z,11817107000,108314624
2026-08-06T12:57:19.841505-05:00,job,raycluster-historyserver-cpu-worker-dn77x,ray-worker,2026-08-06T17:57:12Z,81416938000,1112248320
2026-08-06T12:57:19.841505-05:00,job,raycluster-historyserver-head-5dds2,collector,2026-08-06T17:57:13Z,28150729000,130629632
2026-08-06T12:57:19.841505-05:00,job,raycluster-historyserver-head-5dds2,ray-head,2026-08-06T17:57:16Z,64006163000,3874271232
2026-08-06T12:57:20.842828-05:00,job,raycluster-historyserver-cpu-worker-dn77x,ray-worker,2026-08-06T17:57:12Z,81416938000,1112248320
2026-08-06T12:57:20.842828-05:00,job,raycluster-historyserver-cpu-worker-dn77x,collector,2026-08-06T17:57:20Z,18805437000,126705664
2026-08-06T12:57:20.842828-05:00,job,raycluster-historyserver-head-5dds2,collector,2026-08-06T17:57:13Z,28150729000,130629632
2026-08-06T12:57:20.842828-05:00,job,raycluster-historyserver-head-5dds2,ray-head,2026-08-06T17:57:16Z,64006163000,3874271232
2026-08-06T12:57:21.841054-05:00,job,raycluster-historyserver-head-5dds2,collector,2026-08-06T17:57:13Z,28150729000,130629632
2026-08-06T12:57:21.841054-05:00,job,raycluster-historyserver-head-5dds2,ray-head,2026-08-06T17:57:16Z,64006163000,3874271232
2026-08-06T12:57:21.841054-05:00,job,raycluster-historyserver-cpu-worker-dn77x,ray-worker,2026-08-06T17:57:12Z,81416938000,1112248320
2026-08-06T12:57:21.841054-05:00,job,raycluster-historyserver-cpu-worker-dn77x,collector,2026-08-06T17:57:20Z,18805437000,126705664
2026-08-06T12:57:22.841149-05:00,job,raycluster-historyserver-cpu-worker-dn77x,collector,2026-08-06T17:57:20Z,18805437000,126705664
2026-08-06T12:57:22.841149-05:00,job,raycluster-historyserver-cpu-worker-dn77x,ray-worker,2026-08-06T17:57:22Z,102353930000,1137864704
2026-08-06T12:57:22.841149-05:00,job,raycluster-historyserver-head-5dds2,ray-head,2026-08-06T17:57:16Z,64006163000,3874271232
2026-08-06T12:57:22.841149-05:00,job,raycluster-historyserver-head-5dds2,collector,2026-08-06T17:57:13Z,28150729000,130629632
2026-08-06T12:57:23.84187-05:00,job,raycluster-historyserver-head-5dds2,collector,2026-08-06T17:57:13Z,28150729000,130629632
2026-08-06T12:57:23.84187-05:00,job,raycluster-historyserver-head-5dds2,ray-head,2026-08-06T17:57:16Z,64006163000,3874271232
2026-08-06T12:57:23.84187-05:00,job,raycluster-historyserver-cpu-worker-dn77x,ray-worker,2026-08-06T17:57:22Z,102353930000,1137864704
2026-08-06T12:57:23.84187-05:00,job,raycluster-historyserver-cpu-worker-dn77x,collector,2026-08-06T17:57:20Z,18805437000,126705664
2026-08-06T12:57:24.841887-05:00,job,raycluster-historyserver-head-5dds2,ray-head,2026-08-06T17:57:16Z,64006163000,3874271232
2026-08-06T12:57:24.841887-05:00,job,raycluster-historyserver-head-5dds2,collector,2026-08-06T17:57:13Z,28150729000,130629632
2026-08-06T12:57:24.841887-05:00,job,raycluster-historyserver-cpu-worker-dn77x,collector,2026-08-06T17:57:20Z,18805437000,126705664
2026-08-06T12:57:24.841887-05:00,job,raycluster-historyserver-cpu-worker-dn77x,ray-worker,2026-08-06T17:57:22Z,102353930000,1137864704
2026-08-06T12:57:25.841938-05:00,job,raycluster-historyserver-head-5dds2,ray-head,2026-08-06T17:57:16Z,64006163000,3874271232
2026-08-06T12:57:25.841938-05:00,job,raycluster-historyserver-head-5dds2,collector,2026-08-06T17:57:13Z,28150729000,130629632
2026-08-06T12:57:25.841938-05:00,job,raycluster-historyserver-cpu-worker-dn77x,collector,2026-08-06T17:57:20Z,18805437000,126705664
2026-08-06T12:57:25.841938-05:00,job,raycluster-historyserver-cpu-worker-dn77x,ray-worker,2026-08-06T17:57:22Z,102353930000,1137864704
2026-08-06T12:57:26.841661-05:00,job,raycluster-historyserver-cpu-worker-dn77x,collector,2026-08-06T17:57:20Z,18805437000,126705664
2026-08-06T12:57:26.841661-05:00,job,raycluster-historyserver-cpu-worker-dn77x,ray-worker,2026-08-06T17:57:22Z,102353930000,1137864704
2026-08-06T12:57:26.841661-05:00,job,raycluster-historyserver-head-5dds2,ray-head,2026-08-06T17:57:16Z,64006163000,3874271232
2026-08-06T12:57:26.841661-05:00,job,raycluster-historyserver-head-5dds2,collector,2026-08-06T17:57:13Z,28150729000,130629632
2026-08-06T12:57:27.842333-05:00,job,raycluster-historyserver-cpu-worker-dn77x,ray-worker,2026-08-06T17:57:22Z,102353930000,1137864704
2026-08-06T12:57:27.842333-05:00,job,raycluster-historyserver-cpu-worker-dn77x,collector,2026-08-06T17:57:20Z,18805437000,126705664
2026-08-06T12:57:27.842333-05:00,job,raycluster-historyserver-head-5dds2,collector,2026-08-06T17:57:13Z,28150729000,130629632
2026-08-06T12:57:27.842333-05:00,job,raycluster-historyserver-head-5dds2,ray-head,2026-08-06T17:57:16Z,64006163000,3874271232
2026-08-06T12:57:28.842455-05:00,job,raycluster-historyserver-cpu-worker-dn77x,collector,2026-08-06T17:57:20Z,18805437000,126705664
2026-08-06T12:57:28.842455-05:00,job,raycluster-historyserver-cpu-worker-dn77x,ray-worker,2026-08-06T17:57:22Z,102353930000,1137864704
2026-08-06T12:57:28.842455-05:00,job,raycluster-historyserver-head-5dds2,ray-head,2026-08-06T17:57:16Z,64006163000,3874271232
2026-08-06T12:57:28.842455-05:00,job,raycluster-historyserver-head-5dds2,collector,2026-08-06T17:57:13Z,28150729000,130629632
2026-08-06T12:57:29.843264-05:00,job,raycluster-historyserver-head-5dds2,ray-head,2026-08-06T17:57:16Z,64006163000,3874271232
2026-08-06T12:57:29.843264-05:00,job,raycluster-historyserver-head-5dds2,collector,2026-08-06T17:57:13Z,28150729000,130629632
2026-08-06T12:57:29.843264-05:00,job,raycluster-historyserver-cpu-worker-dn77x,collector,2026-08-06T17:57:20Z,18805437000,126705664
2026-08-06T12:57:29.843264-05:00,job,raycluster-historyserver-cpu-worker-dn77x,ray-worker,2026-08-06T17:57:22Z,102353930000,1137864704
2026-08-06T12:57:30.842931-05:00,job,raycluster-historyserver-head-5dds2,collector,2026-08-06T17:57:13Z,28150729000,130629632
2026-08-06T12:57:30.842931-05:00,job,raycluster-historyserver-head-5dds2,ray-head,2026-08-06T17:57:30Z,79473769000,3894611968
2026-08-06T12:57:30.842931-05:00,job,raycluster-historyserver-cpu-worker-dn77x,ray-worker,2026-08-06T17:57:22Z,102353930000,1137864704
2026-08-06T12:57:30.842931-05:00,job,raycluster-historyserver-cpu-worker-dn77x,collector,2026-08-06T17:57:20Z,18805437000,126705664
2026-08-06T12:57:31.84212-05:00,job,raycluster-historyserver-cpu-worker-dn77x,collector,2026-08-06T17:57:20Z,18805437000,126705664
2026-08-06T12:57:31.84212-05:00,job,raycluster-historyserver-cpu-worker-dn77x,ray-worker,2026-08-06T17:57:22Z,102353930000,1137864704
2026-08-06T12:57:31.84212-05:00,job,raycluster-historyserver-head-5dds2,ray-head,2026-08-06T17:57:30Z,79473769000,3894611968
2026-08-06T12:57:31.84212-05:00,job,raycluster-historyserver-head-5dds2,collector,2026-08-06T17:57:13Z,28150729000,130629632
2026-08-06T12:57:32.842084-05:00,job,raycluster-historyserver-head-5dds2,ray-head,2026-08-06T17:57:30Z,79473769000,3894611968
2026-08-06T12:57:32.842084-05:00,job,raycluster-historyserver-head-5dds2,collector,2026-08-06T17:57:13Z,28150729000,130629632
2026-08-06T12:57:32.842084-05:00,job,raycluster-historyserver-cpu-worker-dn77x,collector,2026-08-06T17:57:20Z,18805437000,126705664
2026-08-06T12:57:32.842084-05:00,job,raycluster-historyserver-cpu-worker-dn77x,ray-worker,2026-08-06T17:57:22Z,102353930000,1137864704
2026-08-06T12:57:33.842045-05:00,job,raycluster-historyserver-cpu-worker-dn77x,collector,2026-08-06T17:57:20Z,18805437000,126705664
2026-08-06T12:57:33.842045-05:00,job,raycluster-historyserver-cpu-worker-dn77x,ray-worker,2026-08-06T17:57:22Z,102353930000,1137864704
2026-08-06T12:57:33.842045-05:00,job,raycluster-historyserver-head-5dds2,ray-head,2026-08-06T17:57:30Z,79473769000,3894611968
2026-08-06T12:57:33.842045-05:00,job,raycluster-historyserver-head-5dds2,collector,2026-08-06T17:57:33Z,42127275000,137908224
2026-08-06T12:57:34.841575-05:00,job,raycluster-historyserver-head-5dds2,collector,2026-08-06T17:57:33Z,42127275000,137908224
2026-08-06T12:57:34.841575-05:00,job,raycluster-historyserver-head-5dds2,ray-head,2026-08-06T17:57:30Z,79473769000,3894611968
2026-08-06T12:57:34.841575-05:00,job,raycluster-historyserver-cpu-worker-dn77x,ray-worker,2026-08-06T17:57:22Z,102353930000,1137864704
2026-08-06T12:57:34.841575-05:00,job,raycluster-historyserver-cpu-worker-dn77x,collector,2026-08-06T17:57:34Z,26102941000,109518848
2026-08-06T12:57:35.842083-05:00,job,raycluster-historyserver-head-5dds2,collector,2026-08-06T17:57:33Z,42127275000,137908224
2026-08-06T12:57:35.842083-05:00,job,raycluster-historyserver-head-5dds2,ray-head,2026-08-06T17:57:30Z,79473769000,3894611968
2026-08-06T12:57:35.842083-05:00,job,raycluster-historyserver-cpu-worker-dn77x,ray-worker,2026-08-06T17:57:22Z,102353930000,1137864704
2026-08-06T12:57:35.842083-05:00,job,raycluster-historyserver-cpu-worker-dn77x,collector,2026-08-06T17:57:34Z,26102941000,109518848
2026-08-06T12:57:36.842443-05:00,job,raycluster-historyserver-head-5dds2,collector,2026-08-06T17:57:33Z,42127275000,137908224
2026-08-06T12:57:36.842443-05:00,job,raycluster-historyserver-head-5dds2,ray-head,2026-08-06T17:57:30Z,79473769000,3894611968
2026-08-06T12:57:36.842443-05:00,job,raycluster-historyserver-cpu-worker-dn77x,ray-worker,2026-08-06T17:57:22Z,102353930000,1137864704
2026-08-06T12:57:36.842443-05:00,job,raycluster-historyserver-cpu-worker-dn77x,collector,2026-08-06T17:57:34Z,26102941000,109518848
2026-08-06T12:57:37.842081-05:00,job,raycluster-historyserver-head-5dds2,collector,2026-08-06T17:57:33Z,42127275000,137908224
2026-08-06T12:57:37.842081-05:00,job,raycluster-historyserver-head-5dds2,ray-head,2026-08-06T17:57:30Z,79473769000,3894611968
2026-08-06T12:57:37.842081-05:00,job,raycluster-historyserver-cpu-worker-dn77x,ray-worker,2026-08-06T17:57:22Z,102353930000,1137864704
2026-08-06T12:57:37.842081-05:00,job,raycluster-historyserver-cpu-worker-dn77x,collector,2026-08-06T17:57:34Z,26102941000,109518848
2026-08-06T12:57:38.842113-05:00,job,raycluster-historyserver-head-5dds2,ray-head,2026-08-06T17:57:30Z,79473769000,3894611968
2026-08-06T12:57:38.842113-05:00,job,raycluster-historyserver-head-5dds2,collector,2026-08-06T17:57:33Z,42127275000,137908224
2026-08-06T12:57:38.842113-05:00,job,raycluster-historyserver-cpu-worker-dn77x,collector,2026-08-06T17:57:34Z,26102941000,109518848
2026-08-06T12:57:38.842113-05:00,job,raycluster-historyserver-cpu-worker-dn77x,ray-worker,2026-08-06T17:57:38Z,133600922000,1194491904
2026-08-06T12:57:39.841605-05:00,job,raycluster-historyserver-cpu-worker-dn77x,ray-worker,2026-08-06T17:57:38Z,133600922000,1194491904
2026-08-06T12:57:39.841605-05:00,job,raycluster-historyserver-cpu-worker-dn77x,collector,2026-08-06T17:57:34Z,26102941000,109518848
2026-08-06T12:57:39.841605-05:00,job,raycluster-historyserver-head-5dds2,collector,2026-08-06T17:57:33Z,42127275000,137908224
2026-08-06T12:57:39.841605-05:00,job,raycluster-historyserver-head-5dds2,ray-head,2026-08-06T17:57:30Z,79473769000,3894611968
2026-08-06T12:57:40.841604-05:00,job,raycluster-historyserver-head-5dds2,ray-head,2026-08-06T17:57:30Z,79473769000,3894611968
2026-08-06T12:57:40.841604-05:00,job,raycluster-historyserver-head-5dds2,collector,2026-08-06T17:57:33Z,42127275000,137908224
2026-08-06T12:57:40.841604-05:00,job,raycluster-historyserver-cpu-worker-dn77x,ray-worker,2026-08-06T17:57:38Z,133600922000,1194491904
2026-08-06T12:57:40.841604-05:00,job,raycluster-historyserver-cpu-worker-dn77x,collector,2026-08-06T17:57:34Z,26102941000,109518848
2026-08-06T12:57:41.843444-05:00,job,raycluster-historyserver-head-5dds2,collector,2026-08-06T17:57:33Z,42127275000,137908224
2026-08-06T12:57:41.843444-05:00,job,raycluster-historyserver-head-5dds2,ray-head,2026-08-06T17:57:30Z,79473769000,3894611968
2026-08-06T12:57:41.843444-05:00,job,raycluster-historyserver-cpu-worker-dn77x,ray-worker,2026-08-06T17:57:38Z,133600922000,1194491904
2026-08-06T12:57:41.843444-05:00,job,raycluster-historyserver-cpu-worker-dn77x,collector,2026-08-06T17:57:34Z,26102941000,109518848
2026-08-06T12:57:42.841242-05:00,job,raycluster-historyserver-head-5dds2,ray-head,2026-08-06T17:57:30Z,79473769000,3894611968
2026-08-06T12:57:42.841242-05:00,job,raycluster-historyserver-head-5dds2,collector,2026-08-06T17:57:33Z,42127275000,137908224
2026-08-06T12:57:42.841242-05:00,job,raycluster-historyserver-cpu-worker-dn77x,collector,2026-08-06T17:57:34Z,26102941000,109518848
2026-08-06T12:57:42.841242-05:00,job,raycluster-historyserver-cpu-worker-dn77x,ray-worker,2026-08-06T17:57:38Z,133600922000,1194491904
2026-08-06T12:57:43.841347-05:00,job,raycluster-historyserver-head-5dds2,collector,2026-08-06T17:57:33Z,42127275000,137908224
2026-08-06T12:57:43.841347-05:00,job,raycluster-historyserver-head-5dds2,ray-head,2026-08-06T17:57:43Z,92889714000,3925090304
2026-08-06T12:57:43.841347-05:00,job,raycluster-historyserver-cpu-worker-dn77x,ray-worker,2026-08-06T17:57:38Z,133600922000,1194491904
2026-08-06T12:57:43.841347-05:00,job,raycluster-historyserver-cpu-worker-dn77x,collector,2026-08-06T17:57:34Z,26102941000,109518848
2026-08-06T12:57:44.841197-05:00,job,raycluster-historyserver-head-5dds2,ray-head,2026-08-06T17:57:43Z,92889714000,3925090304
2026-08-06T12:57:44.841197-05:00,job,raycluster-historyserver-head-5dds2,collector,2026-08-06T17:57:33Z,42127275000,137908224
2026-08-06T12:57:44.841197-05:00,job,raycluster-historyserver-cpu-worker-dn77x,collector,2026-08-06T17:57:34Z,26102941000,109518848
2026-08-06T12:57:44.841197-05:00,job,raycluster-historyserver-cpu-worker-dn77x,ray-worker,2026-08-06T17:57:38Z,133600922000,1194491904
2026-08-06T12:57:45.841836-05:00,job,raycluster-historyserver-cpu-worker-dn77x,ray-worker,2026-08-06T17:57:38Z,133600922000,1194491904
2026-08-06T12:57:45.841836-05:00,job,raycluster-historyserver-cpu-worker-dn77x,collector,2026-08-06T17:57:34Z,26102941000,109518848
2026-08-06T12:57:45.841836-05:00,job,raycluster-historyserver-head-5dds2,ray-head,2026-08-06T17:57:43Z,92889714000,3925090304
2026-08-06T12:57:45.841836-05:00,job,raycluster-historyserver-head-5dds2,collector,2026-08-06T17:57:33Z,42127275000,137908224
2026-08-06T12:57:46.841932-05:00,job,raycluster-historyserver-head-5dds2,ray-head,2026-08-06T17:57:43Z,92889714000,3925090304
2026-08-06T12:57:46.841932-05:00,job,raycluster-historyserver-head-5dds2,collector,2026-08-06T17:57:33Z,42127275000,137908224
2026-08-06T12:57:46.841932-05:00,job,raycluster-historyserver-cpu-worker-dn77x,collector,2026-08-06T17:57:34Z,26102941000,109518848
2026-08-06T12:57:46.841932-05:00,job,raycluster-historyserver-cpu-worker-dn77x,ray-worker,2026-08-06T17:57:38Z,133600922000,1194491904
2026-08-06T12:57:47.841562-05:00,job,raycluster-historyserver-head-5dds2,collector,2026-08-06T17:57:33Z,42127275000,137908224
2026-08-06T12:57:47.841562-05:00,job,raycluster-historyserver-head-5dds2,ray-head,2026-08-06T17:57:43Z,92889714000,3925090304
2026-08-06T12:57:47.841562-05:00,job,raycluster-historyserver-cpu-worker-dn77x,ray-worker,2026-08-06T17:57:38Z,133600922000,1194491904
2026-08-06T12:57:47.841562-05:00,job,raycluster-historyserver-cpu-worker-dn77x,collector,2026-08-06T17:57:34Z,26102941000,109518848
2026-08-06T12:57:48.842225-05:00,job,raycluster-historyserver-cpu-worker-dn77x,ray-worker,2026-08-06T17:57:38Z,133600922000,1194491904
2026-08-06T12:57:48.842225-05:00,job,raycluster-historyserver-cpu-worker-dn77x,collector,2026-08-06T17:57:34Z,26102941000,109518848
2026-08-06T12:57:48.842225-05:00,job,raycluster-historyserver-head-5dds2,ray-head,2026-08-06T17:57:43Z,92889714000,3925090304
2026-08-06T12:57:48.842225-05:00,job,raycluster-historyserver-head-5dds2,collector,2026-08-06T17:57:33Z,42127275000,137908224
2026-08-06T12:57:49.842184-05:00,job,raycluster-historyserver-head-5dds2,collector,2026-08-06T17:57:48Z,54414869000,151982080
2026-08-06T12:57:49.842184-05:00,job,raycluster-historyserver-head-5dds2,ray-head,2026-08-06T17:57:43Z,92889714000,3925090304
2026-08-06T12:57:49.842184-05:00,job,raycluster-historyserver-cpu-worker-dn77x,collector,2026-08-06T17:57:34Z,26102941000,109518848
2026-08-06T12:57:49.842184-05:00,job,raycluster-historyserver-cpu-worker-dn77x,ray-worker,2026-08-06T17:57:49Z,142165408000,700801024
2026-08-06T12:57:50.841919-05:00,job,raycluster-historyserver-head-5dds2,collector,2026-08-06T17:57:48Z,54414869000,151982080
2026-08-06T12:57:50.841919-05:00,job,raycluster-historyserver-head-5dds2,ray-head,2026-08-06T17:57:43Z,92889714000,3925090304
2026-08-06T12:57:50.841919-05:00,job,raycluster-historyserver-cpu-worker-dn77x,ray-worker,2026-08-06T17:57:49Z,142165408000,700801024
2026-08-06T12:57:50.841919-05:00,job,raycluster-historyserver-cpu-worker-dn77x,collector,2026-08-06T17:57:34Z,26102941000,109518848
2026-08-06T12:57:51.842264-05:00,job,raycluster-historyserver-head-5dds2,collector,2026-08-06T17:57:48Z,54414869000,151982080
2026-08-06T12:57:51.842264-05:00,job,raycluster-historyserver-head-5dds2,ray-head,2026-08-06T17:57:43Z,92889714000,3925090304
2026-08-06T12:57:51.842264-05:00,job,raycluster-historyserver-cpu-worker-dn77x,ray-worker,2026-08-06T17:57:49Z,142165408000,700801024
2026-08-06T12:57:51.842264-05:00,job,raycluster-historyserver-cpu-worker-dn77x,collector,2026-08-06T17:57:34Z,26102941000,109518848
2026-08-06T12:57:52.842542-05:00,job,raycluster-historyserver-head-5dds2,collector,2026-08-06T17:57:48Z,54414869000,151982080
2026-08-06T12:57:52.842542-05:00,job,raycluster-historyserver-head-5dds2,ray-head,2026-08-06T17:57:43Z,92889714000,3925090304
2026-08-06T12:57:52.842542-05:00,job,raycluster-historyserver-cpu-worker-dn77x,ray-worker,2026-08-06T17:57:49Z,142165408000,700801024
2026-08-06T12:57:52.842542-05:00,job,raycluster-historyserver-cpu-worker-dn77x,collector,2026-08-06T17:57:34Z,26102941000,109518848
2026-08-06T12:57:53.842286-05:00,job,raycluster-historyserver-cpu-worker-dn77x,collector,2026-08-06T17:57:53Z,37994425000,117469184
2026-08-06T12:57:53.842286-05:00,job,raycluster-historyserver-cpu-worker-dn77x,ray-worker,2026-08-06T17:57:49Z,142165408000,700801024
2026-08-06T12:57:53.842286-05:00,job,raycluster-historyserver-head-5dds2,ray-head,2026-08-06T17:57:43Z,92889714000,3925090304
2026-08-06T12:57:53.842286-05:00,job,raycluster-historyserver-head-5dds2,collector,2026-08-06T17:57:48Z,54414869000,151982080
2026-08-06T12:57:54.842126-05:00,job,raycluster-historyserver-cpu-worker-dn77x,collector,2026-08-06T17:57:53Z,37994425000,117469184
2026-08-06T12:57:54.842126-05:00,job,raycluster-historyserver-cpu-worker-dn77x,ray-worker,2026-08-06T17:57:49Z,142165408000,700801024
2026-08-06T12:57:54.842126-05:00,job,raycluster-historyserver-head-5dds2,ray-head,2026-08-06T17:57:43Z,92889714000,3925090304
2026-08-06T12:57:54.842126-05:00,job,raycluster-historyserver-head-5dds2,collector,2026-08-06T17:57:48Z,54414869000,151982080
2026-08-06T12:57:55.842312-05:00,job,raycluster-historyserver-cpu-worker-dn77x,ray-worker,2026-08-06T17:57:49Z,142165408000,700801024
2026-08-06T12:57:55.842312-05:00,job,raycluster-historyserver-cpu-worker-dn77x,collector,2026-08-06T17:57:53Z,37994425000,117469184
2026-08-06T12:57:55.842312-05:00,job,raycluster-historyserver-head-5dds2,collector,2026-08-06T17:57:48Z,54414869000,151982080
2026-08-06T12:57:55.842312-05:00,job,raycluster-historyserver-head-5dds2,ray-head,2026-08-06T17:57:43Z,92889714000,3925090304
2026-08-06T12:57:56.842329-05:00,job,raycluster-historyserver-head-5dds2,ray-head,2026-08-06T17:57:43Z,92889714000,3925090304
2026-08-06T12:57:56.842329-05:00,job,raycluster-historyserver-head-5dds2,collector,2026-08-06T17:57:48Z,54414869000,151982080
2026-08-06T12:57:56.842329-05:00,job,raycluster-historyserver-cpu-worker-dn77x,collector,2026-08-06T17:57:53Z,37994425000,117469184
2026-08-06T12:57:56.842329-05:00,job,raycluster-historyserver-cpu-worker-dn77x,ray-worker,2026-08-06T17:57:49Z,142165408000,700801024
2026-08-06T12:57:57.841829-05:00,job,raycluster-historyserver-head-5dds2,ray-head,2026-08-06T17:57:43Z,92889714000,3925090304
2026-08-06T12:57:57.841829-05:00,job,raycluster-historyserver-head-5dds2,collector,2026-08-06T17:57:48Z,54414869000,151982080
2026-08-06T12:57:57.841829-05:00,job,raycluster-historyserver-cpu-worker-dn77x,collector,2026-08-06T17:57:53Z,37994425000,117469184
2026-08-06T12:57:57.841829-05:00,job,raycluster-historyserver-cpu-worker-dn77x,ray-worker,2026-08-06T17:57:49Z,142165408000,700801024
2026-08-06T12:57:58.842004-05:00,job,raycluster-historyserver-head-5dds2,ray-head,2026-08-06T17:57:58Z,100471484000,3936919552
2026-08-06T12:57:58.842004-05:00,job,raycluster-historyserver-head-5dds2,collector,2026-08-06T17:57:48Z,54414869000,151982080
2026-08-06T12:57:58.842004-05:00,job,raycluster-historyserver-cpu-worker-dn77x,collector,2026-08-06T17:57:53Z,37994425000,117469184
2026-08-06T12:57:58.842004-05:00,job,raycluster-historyserver-cpu-worker-dn77x,ray-worker,2026-08-06T17:57:49Z,142165408000,700801024
2026-08-06T12:57:59.842327-05:00,job,raycluster-historyserver-head-5dds2,ray-head,2026-08-06T17:57:58Z,100471484000,3936919552
2026-08-06T12:57:59.842327-05:00,job,raycluster-historyserver-head-5dds2,collector,2026-08-06T17:57:48Z,54414869000,151982080
2026-08-06T12:57:59.842327-05:00,job,raycluster-historyserver-cpu-worker-dn77x,collector,2026-08-06T17:57:53Z,37994425000,117469184
2026-08-06T12:57:59.842327-05:00,job,raycluster-historyserver-cpu-worker-dn77x,ray-worker,2026-08-06T17:57:49Z,142165408000,700801024
2026-08-06T12:58:00.841984-05:00,job,raycluster-historyserver-head-5dds2,ray-head,2026-08-06T17:57:58Z,100471484000,3936919552
2026-08-06T12:58:00.841984-05:00,job,raycluster-historyserver-head-5dds2,collector,2026-08-06T17:58:00Z,63042788000,134017024
2026-08-06T12:58:00.841984-05:00,job,raycluster-historyserver-cpu-worker-dn77x,collector,2026-08-06T17:57:53Z,37994425000,117469184
2026-08-06T12:58:00.841984-05:00,job,raycluster-historyserver-cpu-worker-dn77x,ray-worker,2026-08-06T17:57:49Z,142165408000,700801024
2026-08-06T12:58:01.842395-05:00,job,raycluster-historyserver-cpu-worker-dn77x,ray-worker,2026-08-06T17:58:01Z,146881765000,684900352
2026-08-06T12:58:01.842395-05:00,job,raycluster-historyserver-cpu-worker-dn77x,collector,2026-08-06T17:57:53Z,37994425000,117469184
2026-08-06T12:58:01.842395-05:00,job,raycluster-historyserver-head-5dds2,collector,2026-08-06T17:58:00Z,63042788000,134017024
2026-08-06T12:58:01.842395-05:00,job,raycluster-historyserver-head-5dds2,ray-head,2026-08-06T17:57:58Z,100471484000,3936919552
2026-08-06T12:58:02.842409-05:00,job,raycluster-historyserver-head-5dds2,collector,2026-08-06T17:58:00Z,63042788000,134017024
2026-08-06T12:58:02.842409-05:00,job,raycluster-historyserver-head-5dds2,ray-head,2026-08-06T17:57:58Z,100471484000,3936919552
2026-08-06T12:58:02.842409-05:00,job,raycluster-historyserver-cpu-worker-dn77x,ray-worker,2026-08-06T17:58:01Z,146881765000,684900352
2026-08-06T12:58:02.842409-05:00,job,raycluster-historyserver-cpu-worker-dn77x,collector,2026-08-06T17:57:53Z,37994425000,117469184
2026-08-06T12:58:03.841941-05:00,job,raycluster-historyserver-head-5dds2,ray-head,2026-08-06T17:57:58Z,100471484000,3936919552
2026-08-06T12:58:03.841941-05:00,job,raycluster-historyserver-head-5dds2,collector,2026-08-06T17:58:00Z,63042788000,134017024
2026-08-06T12:58:03.841941-05:00,job,raycluster-historyserver-cpu-worker-dn77x,collector,2026-08-06T17:57:53Z,37994425000,117469184
2026-08-06T12:58:03.841941-05:00,job,raycluster-historyserver-cpu-worker-dn77x,ray-worker,2026-08-06T17:58:01Z,146881765000,684900352
2026-08-06T12:58:04.841927-05:00,job,raycluster-historyserver-cpu-worker-dn77x,ray-worker,2026-08-06T17:58:01Z,146881765000,684900352
2026-08-06T12:58:04.841927-05:00,job,raycluster-historyserver-cpu-worker-dn77x,collector,2026-08-06T17:57:53Z,37994425000,117469184
2026-08-06T12:58:04.841927-05:00,job,raycluster-historyserver-head-5dds2,collector,2026-08-06T17:58:00Z,63042788000,134017024
2026-08-06T12:58:04.841927-05:00,job,raycluster-historyserver-head-5dds2,ray-head,2026-08-06T17:57:58Z,100471484000,3936919552
2026-08-06T12:58:05.842445-05:00,job,raycluster-historyserver-head-5dds2,collector,2026-08-06T17:58:00Z,63042788000,134017024
2026-08-06T12:58:05.842445-05:00,job,raycluster-historyserver-head-5dds2,ray-head,2026-08-06T17:57:58Z,100471484000,3936919552
2026-08-06T12:58:05.842445-05:00,job,raycluster-historyserver-cpu-worker-dn77x,ray-worker,2026-08-06T17:58:01Z,146881765000,684900352
2026-08-06T12:58:05.842445-05:00,job,raycluster-historyserver-cpu-worker-dn77x,collector,2026-08-06T17:57:53Z,37994425000,117469184
2026-08-06T12:58:06.842457-05:00,job,raycluster-historyserver-cpu-worker-dn77x,collector,2026-08-06T17:57:53Z,37994425000,117469184
2026-08-06T12:58:06.842457-05:00,job,raycluster-historyserver-cpu-worker-dn77x,ray-worker,2026-08-06T17:58:01Z,146881765000,684900352
2026-08-06T12:58:06.842457-05:00,job,raycluster-historyserver-head-5dds2,ray-head,2026-08-06T17:57:58Z,100471484000,3936919552
2026-08-06T12:58:06.842457-05:00,job,raycluster-historyserver-head-5dds2,collector,2026-08-06T17:58:00Z,63042788000,134017024
2026-08-06T12:58:07.842471-05:00,job,raycluster-historyserver-head-5dds2,collector,2026-08-06T17:58:00Z,63042788000,134017024
2026-08-06T12:58:07.842471-05:00,job,raycluster-historyserver-head-5dds2,ray-head,2026-08-06T17:57:58Z,100471484000,3936919552
2026-08-06T12:58:07.842471-05:00,job,raycluster-historyserver-cpu-worker-dn77x,ray-worker,2026-08-06T17:58:01Z,146881765000,684900352
2026-08-06T12:58:07.842471-05:00,job,raycluster-historyserver-cpu-worker-dn77x,collector,2026-08-06T17:57:53Z,37994425000,117469184
2026-08-06T12:58:08.842076-05:00,job,raycluster-historyserver-head-5dds2,collector,2026-08-06T17:58:00Z,63042788000,134017024
2026-08-06T12:58:08.842076-05:00,job,raycluster-historyserver-head-5dds2,ray-head,2026-08-06T17:57:58Z,100471484000,3936919552
2026-08-06T12:58:08.842076-05:00,job,raycluster-historyserver-cpu-worker-dn77x,ray-worker,2026-08-06T17:58:01Z,146881765000,684900352
2026-08-06T12:58:08.842076-05:00,job,raycluster-historyserver-cpu-worker-dn77x,collector,2026-08-06T17:57:53Z,37994425000,117469184
2026-08-06T12:58:09.84172-05:00,job,raycluster-historyserver-head-5dds2,ray-head,2026-08-06T17:57:58Z,100471484000,3936919552
2026-08-06T12:58:09.84172-05:00,job,raycluster-historyserver-head-5dds2,collector,2026-08-06T17:58:00Z,63042788000,134017024
2026-08-06T12:58:09.84172-05:00,job,raycluster-historyserver-cpu-worker-dn77x,collector,2026-08-06T17:58:08Z,49043368000,94121984
2026-08-06T12:58:09.84172-05:00,job,raycluster-historyserver-cpu-worker-dn77x,ray-worker,2026-08-06T17:58:01Z,146881765000,684900352
2026-08-06T12:58:10.842155-05:00,job,raycluster-historyserver-head-5dds2,collector,2026-08-06T17:58:00Z,63042788000,134017024
2026-08-06T12:58:10.842155-05:00,job,raycluster-historyserver-head-5dds2,ray-head,2026-08-06T17:57:58Z,100471484000,3936919552
2026-08-06T12:58:10.842155-05:00,job,raycluster-historyserver-cpu-worker-dn77x,ray-worker,2026-08-06T17:58:01Z,146881765000,684900352
2026-08-06T12:58:10.842155-05:00,job,raycluster-historyserver-cpu-worker-dn77x,collector,2026-08-06T17:58:08Z,49043368000,94121984
2026-08-06T12:58:11.84253-05:00,job,raycluster-historyserver-head-5dds2,ray-head,2026-08-06T17:57:58Z,100471484000,3936919552
2026-08-06T12:58:11.84253-05:00,job,raycluster-historyserver-head-5dds2,collector,2026-08-06T17:58:00Z,63042788000,134017024
2026-08-06T12:58:11.84253-05:00,job,raycluster-historyserver-cpu-worker-dn77x,collector,2026-08-06T17:58:08Z,49043368000,94121984
2026-08-06T12:58:11.84253-05:00,job,raycluster-historyserver-cpu-worker-dn77x,ray-worker,2026-08-06T17:58:01Z,146881765000,684900352
2026-08-06T12:58:12.842229-05:00,job,raycluster-historyserver-head-5dds2,ray-head,2026-08-06T17:57:58Z,100471484000,3936919552
2026-08-06T12:58:12.842229-05:00,job,raycluster-historyserver-head-5dds2,collector,2026-08-06T17:58:00Z,63042788000,134017024
2026-08-06T12:58:12.842229-05:00,job,raycluster-historyserver-cpu-worker-dn77x,collector,2026-08-06T17:58:08Z,49043368000,94121984
2026-08-06T12:58:12.842229-05:00,job,raycluster-historyserver-cpu-worker-dn77x,ray-worker,2026-08-06T17:58:01Z,146881765000,684900352
2026-08-06T12:58:13.842567-05:00,job,raycluster-historyserver-head-5dds2,ray-head,2026-08-06T17:57:58Z,100471484000,3936919552
2026-08-06T12:58:13.842567-05:00,job,raycluster-historyserver-head-5dds2,collector,2026-08-06T17:58:00Z,63042788000,134017024
2026-08-06T12:58:13.842567-05:00,job,raycluster-historyserver-cpu-worker-dn77x,collector,2026-08-06T17:58:08Z,49043368000,94121984
2026-08-06T12:58:13.842567-05:00,job,raycluster-historyserver-cpu-worker-dn77x,ray-worker,2026-08-06T17:58:01Z,146881765000,684900352
2026-08-06T12:58:14.842456-05:00,job,raycluster-historyserver-head-5dds2,collector,2026-08-06T17:58:00Z,63042788000,134017024
2026-08-06T12:58:14.842456-05:00,job,raycluster-historyserver-head-5dds2,ray-head,2026-08-06T17:58:14Z,102608758000,3922497536
2026-08-06T12:58:14.842456-05:00,job,raycluster-historyserver-cpu-worker-dn77x,ray-worker,2026-08-06T17:58:01Z,146881765000,684900352
2026-08-06T12:58:14.842456-05:00,job,raycluster-historyserver-cpu-worker-dn77x,collector,2026-08-06T17:58:08Z,49043368000,94121984
2026-08-06T12:58:15.842145-05:00,job,raycluster-historyserver-head-5dds2,ray-head,2026-08-06T17:58:14Z,102608758000,3922497536
2026-08-06T12:58:15.842145-05:00,job,raycluster-historyserver-head-5dds2,collector,2026-08-06T17:58:00Z,63042788000,134017024
2026-08-06T12:58:15.842145-05:00,job,raycluster-historyserver-cpu-worker-dn77x,collector,2026-08-06T17:58:08Z,49043368000,94121984
2026-08-06T12:58:15.842145-05:00,job,raycluster-historyserver-cpu-worker-dn77x,ray-worker,2026-08-06T17:58:01Z,146881765000,684900352
2026-08-06T12:58:16.84226-05:00,job,raycluster-historyserver-head-5dds2,ray-head,2026-08-06T17:58:14Z,102608758000,3922497536
2026-08-06T12:58:16.84226-05:00,job,raycluster-historyserver-head-5dds2,collector,2026-08-06T17:58:00Z,63042788000,134017024
2026-08-06T12:58:16.84226-05:00,job,raycluster-historyserver-cpu-worker-dn77x,collector,2026-08-06T17:58:08Z,49043368000,94121984
2026-08-06T12:58:16.84226-05:00,job,raycluster-historyserver-cpu-worker-dn77x,ray-worker,2026-08-06T17:58:01Z,146881765000,684900352
2026-08-06T12:58:17.842286-05:00,job,raycluster-historyserver-head-5dds2,collector,2026-08-06T17:58:00Z,63042788000,134017024
2026-08-06T12:58:17.842286-05:00,job,raycluster-historyserver-head-5dds2,ray-head,2026-08-06T17:58:14Z,102608758000,3922497536
2026-08-06T12:58:17.842286-05:00,job,raycluster-historyserver-cpu-worker-dn77x,ray-worker,2026-08-06T17:58:01Z,146881765000,684900352
2026-08-06T12:58:17.842286-05:00,job,raycluster-historyserver-cpu-worker-dn77x,collector,2026-08-06T17:58:08Z,49043368000,94121984
2026-08-06T12:58:18.842298-05:00,job,raycluster-historyserver-head-5dds2,collector,2026-08-06T17:58:00Z,63042788000,134017024
2026-08-06T12:58:18.842298-05:00,job,raycluster-historyserver-head-5dds2,ray-head,2026-08-06T17:58:14Z,102608758000,3922497536
2026-08-06T12:58:18.842298-05:00,job,raycluster-historyserver-cpu-worker-dn77x,ray-worker,2026-08-06T17:58:17Z,149981864000,682164224
2026-08-06T12:58:18.842298-05:00,job,raycluster-historyserver-cpu-worker-dn77x,collector,2026-08-06T17:58:08Z,49043368000,94121984
2026-08-06T12:58:19.842614-05:00,job,raycluster-historyserver-cpu-worker-dn77x,ray-worker,2026-08-06T17:58:17Z,149981864000,682164224
2026-08-06T12:58:19.842614-05:00,job,raycluster-historyserver-cpu-worker-dn77x,collector,2026-08-06T17:58:08Z,49043368000,94121984
2026-08-06T12:58:19.842614-05:00,job,raycluster-historyserver-head-5dds2,collector,2026-08-06T17:58:19Z,64068696000,120717312
2026-08-06T12:58:19.842614-05:00,job,raycluster-historyserver-head-5dds2,ray-head,2026-08-06T17:58:14Z,102608758000,3922497536
2026-08-06T12:58:20.842261-05:00,job,raycluster-historyserver-head-5dds2,ray-head,2026-08-06T17:58:14Z,102608758000,3922497536
2026-08-06T12:58:20.842261-05:00,job,raycluster-historyserver-head-5dds2,collector,2026-08-06T17:58:19Z,64068696000,120717312
2026-08-06T12:58:20.842261-05:00,job,raycluster-historyserver-cpu-worker-dn77x,collector,2026-08-06T17:58:08Z,49043368000,94121984
2026-08-06T12:58:20.842261-05:00,job,raycluster-historyserver-cpu-worker-dn77x,ray-worker,2026-08-06T17:58:17Z,149981864000,682164224
2026-08-06T12:58:21.842648-05:00,job,raycluster-historyserver-head-5dds2,collector,2026-08-06T17:58:19Z,64068696000,120717312
2026-08-06T12:58:21.842648-05:00,job,raycluster-historyserver-head-5dds2,ray-head,2026-08-06T17:58:14Z,102608758000,3922497536
2026-08-06T12:58:21.842648-05:00,job,raycluster-historyserver-cpu-worker-dn77x,ray-worker,2026-08-06T17:58:17Z,149981864000,682164224
2026-08-06T12:58:21.842648-05:00,job,raycluster-historyserver-cpu-worker-dn77x,collector,2026-08-06T17:58:08Z,49043368000,94121984
2026-08-06T12:58:22.842661-05:00,job,raycluster-historyserver-head-5dds2,ray-head,2026-08-06T17:58:14Z,102608758000,3922497536
2026-08-06T12:58:22.842661-05:00,job,raycluster-historyserver-head-5dds2,collector,2026-08-06T17:58:19Z,64068696000,120717312
2026-08-06T12:58:22.842661-05:00,job,raycluster-historyserver-cpu-worker-dn77x,collector,2026-08-06T17:58:08Z,49043368000,94121984
2026-08-06T12:58:22.842661-05:00,job,raycluster-historyserver-cpu-worker-dn77x,ray-worker,2026-08-06T17:58:17Z,149981864000,682164224
2026-08-06T12:58:23.842662-05:00,job,raycluster-historyserver-cpu-worker-dn77x,ray-worker,2026-08-06T17:58:17Z,149981864000,682164224
2026-08-06T12:58:23.842662-05:00,job,raycluster-historyserver-cpu-worker-dn77x,collector,2026-08-06T17:58:08Z,49043368000,94121984
2026-08-06T12:58:23.842662-05:00,job,raycluster-historyserver-head-5dds2,collector,2026-08-06T17:58:19Z,64068696000,120717312
2026-08-06T12:58:23.842662-05:00,job,raycluster-historyserver-head-5dds2,ray-head,2026-08-06T17:58:14Z,102608758000,3922497536
2026-08-06T12:58:24.842663-05:00,job,raycluster-historyserver-head-5dds2,collector,2026-08-06T17:58:19Z,64068696000,120717312
2026-08-06T12:58:24.842663-05:00,job,raycluster-historyserver-head-5dds2,ray-head,2026-08-06T17:58:14Z,102608758000,3922497536
2026-08-06T12:58:24.842663-05:00,job,raycluster-historyserver-cpu-worker-dn77x,ray-worker,2026-08-06T17:58:17Z,149981864000,682164224
2026-08-06T12:58:24.842663-05:00,job,raycluster-historyserver-cpu-worker-dn77x,collector,2026-08-06T17:58:08Z,49043368000,94121984
2026-08-06T12:58:25.842688-05:00,job,raycluster-historyserver-head-5dds2,ray-head,2026-08-06T17:58:14Z,102608758000,3922497536
2026-08-06T12:58:25.842688-05:00,job,raycluster-historyserver-head-5dds2,collector,2026-08-06T17:58:19Z,64068696000,120717312
2026-08-06T12:58:25.842688-05:00,job,raycluster-historyserver-cpu-worker-dn77x,collector,2026-08-06T17:58:25Z,51161415000,89554944
2026-08-06T12:58:25.842688-05:00,job,raycluster-historyserver-cpu-worker-dn77x,ray-worker,2026-08-06T17:58:17Z,149981864000,682164224
2026-08-06T12:58:26.841821-05:00,job,raycluster-historyserver-cpu-worker-dn77x,collector,2026-08-06T17:58:25Z,51161415000,89554944
2026-08-06T12:58:26.841821-05:00,job,raycluster-historyserver-cpu-worker-dn77x,ray-worker,2026-08-06T17:58:17Z,149981864000,682164224
2026-08-06T12:58:26.841821-05:00,job,raycluster-historyserver-head-5dds2,ray-head,2026-08-06T17:58:14Z,102608758000,3922497536
2026-08-06T12:58:26.841821-05:00,job,raycluster-historyserver-head-5dds2,collector,2026-08-06T17:58:19Z,64068696000,120717312
2026-08-06T12:58:27.842708-05:00,job,raycluster-historyserver-head-5dds2,collector,2026-08-06T17:58:19Z,64068696000,120717312
2026-08-06T12:58:27.842708-05:00,job,raycluster-historyserver-head-5dds2,ray-head,2026-08-06T17:58:14Z,102608758000,3922497536
2026-08-06T12:58:27.842708-05:00,job,raycluster-historyserver-cpu-worker-dn77x,ray-worker,2026-08-06T17:58:17Z,149981864000,682164224
2026-08-06T12:58:27.842708-05:00,job,raycluster-historyserver-cpu-worker-dn77x,collector,2026-08-06T17:58:25Z,51161415000,89554944
2026-08-06T12:58:28.842736-05:00,job,raycluster-historyserver-cpu-worker-dn77x,ray-worker,2026-08-06T17:58:17Z,149981864000,682164224
2026-08-06T12:58:28.842736-05:00,job,raycluster-historyserver-cpu-worker-dn77x,collector,2026-08-06T17:58:25Z,51161415000,89554944
2026-08-06T12:58:28.842736-05:00,job,raycluster-historyserver-head-5dds2,collector,2026-08-06T17:58:19Z,64068696000,120717312
2026-08-06T12:58:28.842736-05:00,job,raycluster-historyserver-head-5dds2,ray-head,2026-08-06T17:58:14Z,102608758000,3922497536
2026-08-06T12:58:29.842659-05:00,job,raycluster-historyserver-head-5dds2,collector,2026-08-06T17:58:19Z,64068696000,120717312
2026-08-06T12:58:29.842659-05:00,job,raycluster-historyserver-head-5dds2,ray-head,2026-08-06T17:58:14Z,102608758000,3922497536
2026-08-06T12:58:29.842659-05:00,job,raycluster-historyserver-cpu-worker-dn77x,collector,2026-08-06T17:58:25Z,51161415000,89554944
2026-08-06T12:58:29.842659-05:00,job,raycluster-historyserver-cpu-worker-dn77x,ray-worker,2026-08-06T17:58:17Z,149981864000,682164224
2026-08-06T12:58:30.842655-05:00,job,raycluster-historyserver-cpu-worker-dn77x,ray-worker,2026-08-06T17:58:17Z,149981864000,682164224
2026-08-06T12:58:30.842655-05:00,job,raycluster-historyserver-cpu-worker-dn77x,collector,2026-08-06T17:58:25Z,51161415000,89554944
2026-08-06T12:58:30.842655-05:00,job,raycluster-historyserver-head-5dds2,collector,2026-08-06T17:58:19Z,64068696000,120717312
2026-08-06T12:58:30.842655-05:00,job,raycluster-historyserver-head-5dds2,ray-head,2026-08-06T17:58:14Z,102608758000,3922497536
2026-08-06T12:58:31.842668-05:00,job,raycluster-historyserver-head-5dds2,collector,2026-08-06T17:58:31Z,64086667000,120725504
2026-08-06T12:58:31.842668-05:00,job,raycluster-historyserver-head-5dds2,ray-head,2026-08-06T17:58:31Z,104471243000,3586424832
2026-08-06T12:58:31.842668-05:00,job,raycluster-historyserver-cpu-worker-dn77x,ray-worker,2026-08-06T17:58:17Z,149981864000,682164224
2026-08-06T12:58:31.842668-05:00,job,raycluster-historyserver-cpu-worker-dn77x,collector,2026-08-06T17:58:25Z,51161415000,89554944
2026-08-06T12:58:32.84279-05:00,job,raycluster-historyserver-head-5dds2,ray-head,2026-08-06T17:58:31Z,104471243000,3586424832
2026-08-06T12:58:32.84279-05:00,job,raycluster-historyserver-head-5dds2,collector,2026-08-06T17:58:31Z,64086667000,120725504
2026-08-06T12:58:32.84279-05:00,job,raycluster-historyserver-cpu-worker-dn77x,collector,2026-08-06T17:58:25Z,51161415000,89554944
2026-08-06T12:58:32.84279-05:00,job,raycluster-historyserver-cpu-worker-dn77x,ray-worker,2026-08-06T17:58:17Z,149981864000,682164224
2026-08-06T12:58:33.842672-05:00,job,raycluster-historyserver-head-5dds2,collector,2026-08-06T17:58:31Z,64086667000,120725504
2026-08-06T12:58:33.842672-05:00,job,raycluster-historyserver-head-5dds2,ray-head,2026-08-06T17:58:31Z,104471243000,3586424832
2026-08-06T12:58:33.842672-05:00,job,raycluster-historyserver-cpu-worker-dn77x,ray-worker,2026-08-06T17:58:17Z,149981864000,682164224
2026-08-06T12:58:33.842672-05:00,job,raycluster-historyserver-cpu-worker-dn77x,collector,2026-08-06T17:58:25Z,51161415000,89554944
2026-08-06T12:58:34.842788-05:00,flush,raycluster-historyserver-head-5dds2,collector,2026-08-06T17:58:31Z,64086667000,120725504
2026-08-06T12:58:34.842788-05:00,flush,raycluster-historyserver-head-5dds2,ray-head,2026-08-06T17:58:31Z,104471243000,3586424832
2026-08-06T12:58:42.842794-05:00,historyserver,historyserver-demo-7768d9678d-tlplx,historyserver,2026-08-06T17:58:42Z,566490000,64753664
2026-08-06T12:58:43.842628-05:00,historyserver,historyserver-demo-7768d9678d-tlplx,historyserver,2026-08-06T17:58:43Z,601796000,67715072
2026-08-06T12:58:44.842796-05:00,historyserver,historyserver-demo-7768d9678d-tlplx,historyserver,2026-08-06T17:58:44Z,1735451000,520626176
2026-08-06T12:58:45.842796-05:00,historyserver,historyserver-demo-7768d9678d-tlplx,historyserver,2026-08-06T17:58:45Z,2738684000,576593920
2026-08-06T12:58:46.842936-05:00,historyserver,historyserver-demo-7768d9678d-tlplx,historyserver,2026-08-06T17:58:46Z,3742200000,633532416
2026-08-06T12:58:47.842539-05:00,historyserver,historyserver-demo-7768d9678d-tlplx,historyserver,2026-08-06T17:58:47Z,4999476000,659148800
2026-08-06T12:58:48.842132-05:00,historyserver,historyserver-demo-7768d9678d-tlplx,historyserver,2026-08-06T17:58:48Z,6003488000,660656128
2026-08-06T12:58:49.842296-05:00,historyserver,historyserver-demo-7768d9678d-tlplx,historyserver,2026-08-06T17:58:49Z,7008691000,661995520
2026-08-06T12:58:50.842541-05:00,historyserver,historyserver-demo-7768d9678d-tlplx,historyserver,2026-08-06T17:58:50Z,8014987000,663019520
2026-08-06T12:58:51.843028-05:00,historyserver,historyserver-demo-7768d9678d-tlplx,historyserver,2026-08-06T17:58:51Z,9631077000,665632768
2026-08-06T12:58:52.842435-05:00,historyserver,historyserver-demo-7768d9678d-tlplx,historyserver,2026-08-06T17:58:52Z,10269504000,666038272
2026-08-06T12:58:53.843041-05:00,historyserver,historyserver-demo-7768d9678d-tlplx,historyserver,2026-08-06T17:58:52Z,10269504000,666038272
2026-08-06T12:58:54.842724-05:00,historyserver,historyserver-demo-7768d9678d-tlplx,historyserver,2026-08-06T17:58:52Z,10269504000,666038272
2026-08-06T12:58:55.84312-05:00,historyserver,historyserver-demo-7768d9678d-tlplx,historyserver,2026-08-06T17:58:52Z,10269504000,666038272
2026-08-06T12:58:56.842704-05:00,historyserver,historyserver-demo-7768d9678d-tlplx,historyserver,2026-08-06T17:58:52Z,10269504000,666038272
2026-08-06T12:58:57.842704-05:00,historyserver,historyserver-demo-7768d9678d-tlplx,historyserver,2026-08-06T17:58:52Z,10269504000,666038272
2026-08-06T12:58:58.843215-05:00,historyserver,historyserver-demo-7768d9678d-tlplx,historyserver,2026-08-06T17:58:52Z,10269504000,666038272
2026-08-06T12:58:59.842764-05:00,historyserver,historyserver-demo-7768d9678d-tlplx,historyserver,2026-08-06T17:58:52Z,10269504000,666038272
2026-08-06T12:59:00.843387-05:00,historyserver,historyserver-demo-7768d9678d-tlplx,historyserver,2026-08-06T17:58:52Z,10269504000,666038272
2026-08-06T12:59:01.842989-05:00,historyserver,historyserver-demo-7768d9678d-tlplx,historyserver,2026-08-06T17:58:52Z,10269504000,666038272
2026-08-06T12:59:02.843393-05:00,historyserver,historyserver-demo-7768d9678d-tlplx,historyserver,2026-08-06T17:58:52Z,10269504000,666038272
2026-08-06T12:59:03.842839-05:00,historyserver,historyserver-demo-7768d9678d-tlplx,historyserver,2026-08-06T17:58:52Z,10269504000,666038272
2026-08-06T12:59:04.842846-05:00,historyserver,historyserver-demo-7768d9678d-tlplx,historyserver,2026-08-06T17:58:52Z,10269504000,666038272
2026-08-06T12:59:05.843866-05:00,historyserver,historyserver-demo-7768d9678d-tlplx,historyserver,2026-08-06T17:59:05Z,24188920000,999833600
2026-08-06T12:59:06.842848-05:00,historyserver,historyserver-demo-7768d9678d-tlplx,historyserver,2026-08-06T17:59:05Z,24188920000,999833600
2026-08-06T12:59:07.843207-05:00,historyserver,historyserver-demo-7768d9678d-tlplx,historyserver,2026-08-06T17:59:05Z,24188920000,999833600
2026-08-06T12:59:08.842795-05:00,historyserver,historyserver-demo-7768d9678d-tlplx,historyserver,2026-08-06T17:59:05Z,24188920000,999833600
2026-08-06T12:59:09.841494-05:00,historyserver,historyserver-demo-7768d9678d-tlplx,historyserver,2026-08-06T17:59:05Z,24188920000,999833600
2026-08-06T12:59:10.839792-05:00,historyserver,historyserver-demo-7768d9678d-tlplx,historyserver,2026-08-06T17:59:05Z,24188920000,999833600
2026-08-06T12:59:11.839055-05:00,historyserver,historyserver-demo-7768d9678d-tlplx,historyserver,2026-08-06T17:59:05Z,24188920000,999833600
2026-08-06T12:59:12.837609-05:00,historyserver,historyserver-demo-7768d9678d-tlplx,historyserver,2026-08-06T17:59:05Z,24188920000,999833600
2026-08-06T12:59:13.836639-05:00,historyserver,historyserver-demo-7768d9678d-tlplx,historyserver,2026-08-06T17:59:05Z,24188920000,999833600
2026-08-06T12:59:14.835059-05:00,historyserver,historyserver-demo-7768d9678d-tlplx,historyserver,2026-08-06T17:59:05Z,24188920000,999833600
2026-08-06T12:59:15.835051-05:00,historyserver,historyserver-demo-7768d9678d-tlplx,historyserver,2026-08-06T17:59:05Z,24188920000,999833600
2026-08-06T12:59:16.833815-05:00,historyserver,historyserver-demo-7768d9678d-tlplx,historyserver,2026-08-06T17:59:05Z,24188920000,999833600
2026-08-06T12:59:17.835528-05:00,historyserver,historyserver-demo-7768d9678d-tlplx,historyserver,2026-08-06T17:59:05Z,24188920000,999833600
2026-08-06T12:59:18.833554-05:00,historyserver,historyserver-demo-7768d9678d-tlplx,historyserver,2026-08-06T17:59:05Z,24188920000,999833600
2026-08-06T12:59:19.832-05:00,historyserver,historyserver-demo-7768d9678d-tlplx,historyserver,2026-08-06T17:59:05Z,24188920000,999833600
2026-08-06T12:59:20.831522-05:00,historyserver,historyserver-demo-7768d9678d-tlplx,historyserver,2026-08-06T17:59:05Z,24188920000,999833600
2026-08-06T12:59:21.832525-05:00,historyserver,historyserver-demo-7768d9678d-tlplx,historyserver,2026-08-06T17:59:05Z,24188920000,999833600
2026-08-06T12:59:22.829727-05:00,historyserver,historyserver-demo-7768d9678d-tlplx,historyserver,2026-08-06T17:59:05Z,24188920000,999833600
2026-08-06T12:59:23.829655-05:00,historyserver,historyserver-demo-7768d9678d-tlplx,historyserver,2026-08-06T17:59:23Z,45585575000,1438752768
2026-08-06T12:59:24.828507-05:00,historyserver,historyserver-demo-7768d9678d-tlplx,historyserver,2026-08-06T17:59:23Z,45585575000,1438752768
2026-08-06T12:59:25.828287-05:00,historyserver,historyserver-demo-7768d9678d-tlplx,historyserver,2026-08-06T17:59:23Z,45585575000,1438752768
2026-08-06T12:59:26.82814-05:00,historyserver,historyserver-demo-7768d9678d-tlplx,historyserver,2026-08-06T17:59:23Z,45585575000,1438752768
2026-08-06T12:59:27.829145-05:00,historyserver,historyserver-demo-7768d9678d-tlplx,historyserver,2026-08-06T17:59:23Z,45585575000,1438752768
2026-08-06T12:59:28.826673-05:00,historyserver,historyserver-demo-7768d9678d-tlplx,historyserver,2026-08-06T17:59:23Z,45585575000,1438752768
2026-08-06T12:59:29.82705-05:00,historyserver,historyserver-demo-7768d9678d-tlplx,historyserver,2026-08-06T17:59:23Z,45585575000,1438752768
2026-08-06T12:59:30.826827-05:00,historyserver,historyserver-demo-7768d9678d-tlplx,historyserver,2026-08-06T17:59:23Z,45585575000,1438752768
2026-08-06T12:59:31.826269-05:00,historyserver,historyserver-demo-7768d9678d-tlplx,historyserver,2026-08-06T17:59:23Z,45585575000,1438752768
2026-08-06T12:59:32.825948-05:00,historyserver,historyserver-demo-7768d9678d-tlplx,historyserver,2026-08-06T17:59:23Z,45585575000,1438752768
2026-08-06T12:59:33.82548-05:00,historyserver,historyserver-demo-7768d9678d-tlplx,historyserver,2026-08-06T17:59:23Z,45585575000,1438752768
2026-08-06T12:59:34.824631-05:00,historyserver,historyserver-demo-7768d9678d-tlplx,historyserver,2026-08-06T17:59:33Z,57344610000,1651425280
2026-08-06T12:59:35.824538-05:00,historyserver,historyserver-demo-7768d9678d-tlplx,historyserver,2026-08-06T17:59:33Z,57344610000,1651425280
2026-08-06T12:59:36.824624-05:00,historyserver,historyserver-demo-7768d9678d-tlplx,historyserver,2026-08-06T17:59:33Z,57344610000,1651425280
2026-08-06T12:59:37.824714-05:00,historyserver,historyserver-demo-7768d9678d-tlplx,historyserver,2026-08-06T17:59:33Z,57344610000,1651425280
2026-08-06T12:59:38.823761-05:00,historyserver,historyserver-demo-7768d9678d-tlplx,historyserver,2026-08-06T17:59:33Z,57344610000,1651425280
2026-08-06T12:59:39.824127-05:00,historyserver,historyserver-demo-7768d9678d-tlplx,historyserver,2026-08-06T17:59:33Z,57344610000,1651425280
2026-08-06T12:59:40.824294-05:00,historyserver,historyserver-demo-7768d9678d-tlplx,historyserver,2026-08-06T17:59:33Z,57344610000,1651425280
2026-08-06T12:59:41.824142-05:00,historyserver,historyserver-demo-7768d9678d-tlplx,historyserver,2026-08-06T17:59:33Z,57344610000,1651425280
2026-08-06T12:59:42.823569-05:00,historyserver,historyserver-demo-7768d9678d-tlplx,historyserver,2026-08-06T17:59:33Z,57344610000,1651425280
2026-08-06T12:59:43.824942-05:00,historyserver,historyserver-demo-7768d9678d-tlplx,historyserver,2026-08-06T17:59:33Z,57344610000,1651425280
2026-08-06T12:59:44.824191-05:00,historyserver,historyserver-demo-7768d9678d-tlplx,historyserver,2026-08-06T17:59:43Z,70032156000,1643192320
2026-08-06T12:59:45.823145-05:00,historyserver,historyserver-demo-7768d9678d-tlplx,historyserver,2026-08-06T17:59:43Z,70032156000,1643192320
2026-08-06T12:59:46.82314-05:00,historyserver,historyserver-demo-7768d9678d-tlplx,historyserver,2026-08-06T17:59:43Z,70032156000,1643192320
2026-08-06T12:59:47.822965-05:00,historyserver,historyserver-demo-7768d9678d-tlplx,historyserver,2026-08-06T17:59:43Z,70032156000,1643192320
2026-08-06T12:59:48.823097-05:00,historyserver,historyserver-demo-7768d9678d-tlplx,historyserver,2026-08-06T17:59:43Z,70032156000,1643192320
2026-08-06T12:59:49.823158-05:00,historyserver,historyserver-demo-7768d9678d-tlplx,historyserver,2026-08-06T17:59:43Z,70032156000,1643192320
2026-08-06T12:59:50.823082-05:00,historyserver,historyserver-demo-7768d9678d-tlplx,historyserver,2026-08-06T17:59:43Z,70032156000,1643192320
2026-08-06T12:59:51.823006-05:00,historyserver,historyserver-demo-7768d9678d-tlplx,historyserver,2026-08-06T17:59:43Z,70032156000,1643192320
2026-08-06T12:59:52.822927-05:00,historyserver,historyserver-demo-7768d9678d-tlplx,historyserver,2026-08-06T17:59:43Z,70032156000,1643192320
2026-08-06T12:59:53.822838-05:00,historyserver,historyserver-demo-7768d9678d-tlplx,historyserver,2026-08-06T17:59:43Z,70032156000,1643192320
2026-08-06T12:59:54.822272-05:00,historyserver,historyserver-demo-7768d9678d-tlplx,historyserver,2026-08-06T17:59:43Z,70032156000,1643192320
2026-08-06T12:59:55.82228-05:00,historyserver,historyserver-demo-7768d9678d-tlplx,historyserver,2026-08-06T17:59:43Z,70032156000,1643192320
2026-08-06T12:59:56.822734-05:00,historyserver,historyserver-demo-7768d9678d-tlplx,historyserver,2026-08-06T17:59:56Z,85625155000,1671696384
2026-08-06T12:59:57.822675-05:00,historyserver,historyserver-demo-7768d9678d-tlplx,historyserver,2026-08-06T17:59:56Z,85625155000,1671696384
2026-08-06T12:59:58.822427-05:00,historyserver,historyserver-demo-7768d9678d-tlplx,historyserver,2026-08-06T17:59:56Z,85625155000,1671696384
2026-08-06T12:59:59.822504-05:00,historyserver,historyserver-demo-7768d9678d-tlplx,historyserver,2026-08-06T17:59:56Z,85625155000,1671696384
2026-08-06T13:00:00.821705-05:00,historyserver,historyserver-demo-7768d9678d-tlplx,historyserver,2026-08-06T17:59:56Z,85625155000,1671696384
2026-08-06T13:00:01.822362-05:00,historyserver,historyserver-demo-7768d9678d-tlplx,historyserver,2026-08-06T17:59:56Z,85625155000,1671696384
2026-08-06T13:00:02.822301-05:00,historyserver,historyserver-demo-7768d9678d-tlplx,historyserver,2026-08-06T17:59:56Z,85625155000,1671696384
2026-08-06T13:00:03.823784-05:00,historyserver,historyserver-demo-7768d9678d-tlplx,historyserver,2026-08-06T17:59:56Z,85625155000,1671696384
2026-08-06T13:00:04.821885-05:00,historyserver,historyserver-demo-7768d9678d-tlplx,historyserver,2026-08-06T17:59:56Z,85625155000,1671696384
2026-08-06T13:00:05.821925-05:00,historyserver,historyserver-demo-7768d9678d-tlplx,historyserver,2026-08-06T17:59:56Z,85625155000,1671696384
2026-08-06T13:00:06.822287-05:00,historyserver,historyserver-demo-7768d9678d-tlplx,historyserver,2026-08-06T17:59:56Z,85625155000,1671696384
2026-08-06T13:00:07.822117-05:00,historyserver,historyserver-demo-7768d9678d-tlplx,historyserver,2026-08-06T17:59:56Z,85625155000,1671696384
2026-08-06T13:00:08.822228-05:00,historyserver,historyserver-demo-7768d9678d-tlplx,historyserver,2026-08-06T17:59:56Z,85625155000,1671696384
2026-08-06T13:00:09.822212-05:00,historyserver,historyserver-demo-7768d9678d-tlplx,historyserver,2026-08-06T17:59:56Z,85625155000,1671696384
2026-08-06T13:00:10.821541-05:00,historyserver,historyserver-demo-7768d9678d-tlplx,historyserver,2026-08-06T17:59:56Z,85625155000,1671696384
2026-08-06T13:00:11.821836-05:00,historyserver,historyserver-demo-7768d9678d-tlplx,historyserver,2026-08-06T17:59:56Z,85625155000,1671696384
2026-08-06T13:00:12.822195-05:00,historyserver,historyserver-demo-7768d9678d-tlplx,historyserver,2026-08-06T17:59:56Z,85625155000,1671696384
2026-08-06T13:00:13.821956-05:00,historyserver,historyserver-demo-7768d9678d-tlplx,historyserver,2026-08-06T18:00:12Z,106235751000,1742053376
2026-08-06T13:00:14.821492-05:00,historyserver,historyserver-demo-7768d9678d-tlplx,historyserver,2026-08-06T18:00:12Z,106235751000,1742053376
2026-08-06T13:00:15.822667-05:00,historyserver,historyserver-demo-7768d9678d-tlplx,historyserver,2026-08-06T18:00:12Z,106235751000,1742053376
2026-08-06T13:00:16.82199-05:00,historyserver,historyserver-demo-7768d9678d-tlplx,historyserver,2026-08-06T18:00:12Z,106235751000,1742053376
2026-08-06T13:00:17.822193-05:00,historyserver,historyserver-demo-7768d9678d-tlplx,historyserver,2026-08-06T18:00:12Z,106235751000,1742053376
2026-08-06T13:00:18.821999-05:00,historyserver,historyserver-demo-7768d9678d-tlplx,historyserver,2026-08-06T18:00:12Z,106235751000,1742053376
2026-08-06T13:00:19.821634-05:00,historyserver,historyserver-demo-7768d9678d-tlplx,historyserver,2026-08-06T18:00:12Z,106235751000,1742053376
2026-08-06T13:00:20.821933-05:00,historyserver,historyserver-demo-7768d9678d-tlplx,historyserver,2026-08-06T18:00:12Z,106235751000,1742053376
2026-08-06T13:00:21.821395-05:00,historyserver,historyserver-demo-7768d9678d-tlplx,historyserver,2026-08-06T18:00:12Z,106235751000,1742053376
2026-08-06T13:00:22.822062-05:00,historyserver,historyserver-demo-7768d9678d-tlplx,historyserver,2026-08-06T18:00:12Z,106235751000,1742053376
2026-08-06T13:00:23.821992-05:00,historyserver,historyserver-demo-7768d9678d-tlplx,historyserver,2026-08-06T18:00:12Z,106235751000,1742053376
2026-08-06T13:00:24.821881-05:00,historyserver,historyserver-demo-7768d9678d-tlplx,historyserver,2026-08-06T18:00:12Z,106235751000,1742053376
2026-08-06T13:00:25.821676-05:00,historyserver,historyserver-demo-7768d9678d-tlplx,historyserver,2026-08-06T18:00:12Z,106235751000,1742053376
2026-08-06T13:00:26.821141-05:00,historyserver,historyserver-demo-7768d9678d-tlplx,historyserver,2026-08-06T18:00:12Z,106235751000,1742053376
2026-08-06T13:00:27.821592-05:00,historyserver,historyserver-demo-7768d9678d-tlplx,historyserver,2026-08-06T18:00:12Z,106235751000,1742053376
2026-08-06T13:00:28.82174-05:00,historyserver,historyserver-demo-7768d9678d-tlplx,historyserver,2026-08-06T18:00:12Z,106235751000,1742053376
2026-08-06T13:00:29.821601-05:00,historyserver,historyserver-demo-7768d9678d-tlplx,historyserver,2026-08-06T18:00:12Z,106235751000,1742053376
2026-08-06T13:00:30.821869-05:00,historyserver,historyserver-demo-7768d9678d-tlplx,historyserver,2026-08-06T18:00:30Z,127973777000,2127175680
2026-08-06T13:00:31.822052-05:00,historyserver,historyserver-demo-7768d9678d-tlplx,historyserver,2026-08-06T18:00:30Z,127973777000,2127175680
2026-08-06T13:00:32.822198-05:00,historyserver,historyserver-demo-7768d9678d-tlplx,historyserver,2026-08-06T18:00:30Z,127973777000,2127175680
2026-08-06T13:00:33.821986-05:00,historyserver,historyserver-demo-7768d9678d-tlplx,historyserver,2026-08-06T18:00:30Z,127973777000,2127175680
2026-08-06T13:00:34.822256-05:00,historyserver,historyserver-demo-7768d9678d-tlplx,historyserver,2026-08-06T18:00:30Z,127973777000,2127175680
2026-08-06T13:00:35.82205-05:00,historyserver,historyserver-demo-7768d9678d-tlplx,historyserver,2026-08-06T18:00:30Z,127973777000,2127175680
2026-08-06T13:00:36.822051-05:00,historyserver,historyserver-demo-7768d9678d-tlplx,historyserver,2026-08-06T18:00:30Z,127973777000,2127175680
2026-08-06T13:00:37.821916-05:00,historyserver,historyserver-demo-7768d9678d-tlplx,historyserver,2026-08-06T18:00:30Z,127973777000,2127175680
2026-08-06T13:00:38.821933-05:00,historyserver,historyserver-demo-7768d9678d-tlplx,historyserver,2026-08-06T18:00:30Z,127973777000,2127175680
2026-08-06T13:00:39.822503-05:00,historyserver,historyserver-demo-7768d9678d-tlplx,historyserver,2026-08-06T18:00:30Z,127973777000,2127175680
2026-08-06T13:00:40.822184-05:00,historyserver,historyserver-demo-7768d9678d-tlplx,historyserver,2026-08-06T18:00:30Z,127973777000,2127175680
2026-08-06T13:00:41.821623-05:00,historyserver,historyserver-demo-7768d9678d-tlplx,historyserver,2026-08-06T18:00:30Z,127973777000,2127175680
2026-08-06T13:00:42.821982-05:00,historyserver,historyserver-demo-7768d9678d-tlplx,historyserver,2026-08-06T18:00:30Z,127973777000,2127175680
2026-08-06T13:00:43.822065-05:00,historyserver,historyserver-demo-7768d9678d-tlplx,historyserver,2026-08-06T18:00:30Z,127973777000,2127175680
2026-08-06T13:00:44.822141-05:00,historyserver,historyserver-demo-7768d9678d-tlplx,historyserver,2026-08-06T18:00:30Z,127973777000,2127175680
2026-08-06T13:00:45.822095-05:00,historyserver,historyserver-demo-7768d9678d-tlplx,historyserver,2026-08-06T18:00:30Z,127973777000,2127175680
2026-08-06T13:00:46.822212-05:00,historyserver,historyserver-demo-7768d9678d-tlplx,historyserver,2026-08-06T18:00:30Z,127973777000,2127175680
2026-08-06T13:00:47.821631-05:00,historyserver,historyserver-demo-7768d9678d-tlplx,historyserver,2026-08-06T18:00:30Z,127973777000,2127175680
2026-08-06T13:00:48.822183-05:00,historyserver,historyserver-demo-7768d9678d-tlplx,historyserver,2026-08-06T18:00:30Z,127973777000,2127175680
2026-08-06T13:00:49.821956-05:00,historyserver,historyserver-demo-7768d9678d-tlplx,historyserver,2026-08-06T18:00:49Z,149809645000,2212409344
2026-08-06T13:00:50.821259-05:00,historyserver,historyserver-demo-7768d9678d-tlplx,historyserver,2026-08-06T18:00:49Z,149809645000,2212409344
2026-08-06T13:00:51.821364-05:00,historyserver,historyserver-demo-7768d9678d-tlplx,historyserver,2026-08-06T18:00:49Z,149809645000,2212409344
2026-08-06T13:00:52.822021-05:00,historyserver,historyserver-demo-7768d9678d-tlplx,historyserver,2026-08-06T18:00:49Z,149809645000,2212409344
2026-08-06T13:00:53.821627-05:00,historyserver,historyserver-demo-7768d9678d-tlplx,historyserver,2026-08-06T18:00:49Z,149809645000,2212409344
2026-08-06T13:00:54.822169-05:00,historyserver,historyserver-demo-7768d9678d-tlplx,historyserver,2026-08-06T18:00:49Z,149809645000,2212409344
2026-08-06T13:00:55.822233-05:00,historyserver,historyserver-demo-7768d9678d-tlplx,historyserver,2026-08-06T18:00:49Z,149809645000,2212409344
2026-08-06T13:00:56.82212-05:00,historyserver,historyserver-demo-7768d9678d-tlplx,historyserver,2026-08-06T18:00:49Z,149809645000,2212409344
2026-08-06T13:00:57.82213-05:00,historyserver,historyserver-demo-7768d9678d-tlplx,historyserver,2026-08-06T18:00:49Z,149809645000,2212409344
2026-08-06T13:00:58.822186-05:00,historyserver,historyserver-demo-7768d9678d-tlplx,historyserver,2026-08-06T18:00:49Z,149809645000,2212409344
2026-08-06T13:00:59.822845-05:00,historyserver,historyserver-demo-7768d9678d-tlplx,historyserver,2026-08-06T18:00:49Z,149809645000,2212409344
2026-08-06T13:01:00.822142-05:00,historyserver,historyserver-demo-7768d9678d-tlplx,historyserver,2026-08-06T18:00:49Z,149809645000,2212409344
2026-08-06T13:01:01.821327-05:00,historyserver,historyserver-demo-7768d9678d-tlplx,historyserver,2026-08-06T18:01:01Z,161632487000,839233536
2026-08-06T13:01:02.821732-05:00,historyserver,historyserver-demo-7768d9678d-tlplx,historyserver,2026-08-06T18:01:01Z,161632487000,839233536
2026-08-06T13:01:03.822088-05:00,historyserver,historyserver-demo-7768d9678d-tlplx,historyserver,2026-08-06T18:01:01Z,161632487000,839233536
2026-08-06T13:01:04.823098-05:00,historyserver,historyserver-demo-7768d9678d-tlplx,historyserver,2026-08-06T18:01:01Z,161632487000,839233536
2026-08-06T13:01:05.822099-05:00,historyserver,historyserver-demo-7768d9678d-tlplx,historyserver,2026-08-06T18:01:01Z,161632487000,839233536
2026-08-06T13:01:06.823043-05:00,historyserver,historyserver-demo-7768d9678d-tlplx,historyserver,2026-08-06T18:01:01Z,161632487000,839233536
2026-08-06T13:01:07.822235-05:00,historyserver,historyserver-demo-7768d9678d-tlplx,historyserver,2026-08-06T18:01:01Z,161632487000,839233536
2026-08-06T13:01:08.822202-05:00,historyserver,historyserver-demo-7768d9678d-tlplx,historyserver,2026-08-06T18:01:01Z,161632487000,839233536
2026-08-06T13:01:09.821662-05:00,historyserver,historyserver-demo-7768d9678d-tlplx,historyserver,2026-08-06T18:01:01Z,161632487000,839233536
2026-08-06T13:01:10.822124-05:00,historyserver,historyserver-demo-7768d9678d-tlplx,historyserver,2026-08-06T18:01:01Z,161632487000,839233536
2026-08-06T13:01:11.82215-05:00,historyserver,historyserver-demo-7768d9678d-tlplx,historyserver,2026-08-06T18:01:01Z,161632487000,839233536
2026-08-06T13:01:12.822933-05:00,historyserver,historyserver-demo-7768d9678d-tlplx,historyserver,2026-08-06T18:01:01Z,161632487000,839233536
2026-08-06T13:01:13.822238-05:00,historyserver,historyserver-demo-7768d9678d-tlplx,historyserver,2026-08-06T18:01:01Z,161632487000,839233536
2026-08-06T13:01:14.822966-05:00,historyserver,historyserver-demo-7768d9678d-tlplx,historyserver,2026-08-06T18:01:01Z,161632487000,839233536
2026-08-06T13:01:15.821253-05:00,historyserver,historyserver-demo-7768d9678d-tlplx,historyserver,2026-08-06T18:01:01Z,161632487000,839233536
2026-08-06T13:01:16.821781-05:00,historyserver,historyserver-demo-7768d9678d-tlplx,historyserver,2026-08-06T18:01:01Z,161632487000,839233536
2026-08-06T13:01:17.822593-05:00,historyserver,historyserver-demo-7768d9678d-tlplx,historyserver,2026-08-06T18:01:17Z,179504693000,1136824320
2026-08-06T13:01:18.822172-05:00,historyserver,historyserver-demo-7768d9678d-tlplx,historyserver,2026-08-06T18:01:17Z,179504693000,1136824320
2026-08-06T13:01:19.822296-05:00,historyserver,historyserver-demo-7768d9678d-tlplx,historyserver,2026-08-06T18:01:17Z,179504693000,1136824320
2026-08-06T13:01:20.82245-05:00,historyserver,historyserver-demo-7768d9678d-tlplx,historyserver,2026-08-06T18:01:17Z,179504693000,1136824320
2026-08-06T13:01:21.822817-05:00,historyserver,historyserver-demo-7768d9678d-tlplx,historyserver,2026-08-06T18:01:17Z,179504693000,1136824320
2026-08-06T13:01:22.824143-05:00,historyserver,historyserver-demo-7768d9678d-tlplx,historyserver,2026-08-06T18:01:17Z,179504693000,1136824320
2026-08-06T13:01:23.822627-05:00,historyserver,historyserver-demo-7768d9678d-tlplx,historyserver,2026-08-06T18:01:17Z,179504693000,1136824320
2026-08-06T13:01:24.826319-05:00,historyserver,historyserver-demo-7768d9678d-tlplx,historyserver,2026-08-06T18:01:17Z,179504693000,1136824320
2026-08-06T13:01:25.822639-05:00,historyserver,historyserver-demo-7768d9678d-tlplx,historyserver,2026-08-06T18:01:17Z,179504693000,1136824320
2026-08-06T13:01:26.822881-05:00,historyserver,historyserver-demo-7768d9678d-tlplx,historyserver,2026-08-06T18:01:17Z,179504693000,1136824320
2026-08-06T13:01:27.822563-05:00,historyserver,historyserver-demo-7768d9678d-tlplx,historyserver,2026-08-06T18:01:17Z,179504693000,1136824320
2026-08-06T13:01:28.82393-05:00,historyserver,historyserver-demo-7768d9678d-tlplx,historyserver,2026-08-06T18:01:17Z,179504693000,1136824320
2026-08-06T13:01:29.822324-05:00,historyserver,historyserver-demo-7768d9678d-tlplx,historyserver,2026-08-06T18:01:29Z,193784698000,1676283904
2026-08-06T13:01:30.822471-05:00,historyserver,historyserver-demo-7768d9678d-tlplx,historyserver,2026-08-06T18:01:29Z,193784698000,1676283904
2026-08-06T13:01:31.8234-05:00,historyserver,historyserver-demo-7768d9678d-tlplx,historyserver,2026-08-06T18:01:29Z,193784698000,1676283904
2026-08-06T13:01:32.82237-05:00,historyserver,historyserver-demo-7768d9678d-tlplx,historyserver,2026-08-06T18:01:29Z,193784698000,1676283904
2026-08-06T13:01:33.821975-05:00,historyserver,historyserver-demo-7768d9678d-tlplx,historyserver,2026-08-06T18:01:29Z,193784698000,1676283904
2026-08-06T13:01:34.822473-05:00,historyserver,historyserver-demo-7768d9678d-tlplx,historyserver,2026-08-06T18:01:29Z,193784698000,1676283904
2026-08-06T13:01:35.822423-05:00,historyserver,historyserver-demo-7768d9678d-tlplx,historyserver,2026-08-06T18:01:29Z,193784698000,1676283904
2026-08-06T13:01:36.821753-05:00,historyserver,historyserver-demo-7768d9678d-tlplx,historyserver,2026-08-06T18:01:29Z,193784698000,1676283904
2026-08-06T13:01:37.822169-05:00,historyserver,historyserver-demo-7768d9678d-tlplx,historyserver,2026-08-06T18:01:29Z,193784698000,1676283904
2026-08-06T13:01:38.822417-05:00,historyserver,historyserver-demo-7768d9678d-tlplx,historyserver,2026-08-06T18:01:29Z,193784698000,1676283904
2026-08-06T13:01:39.821563-05:00,historyserver,historyserver-demo-7768d9678d-tlplx,historyserver,2026-08-06T18:01:29Z,193784698000,1676283904
2026-08-06T13:01:40.822403-05:00,historyserver,historyserver-demo-7768d9678d-tlplx,historyserver,2026-08-06T18:01:29Z,193784698000,1676283904
2026-08-06T13:01:41.822431-05:00,historyserver,historyserver-demo-7768d9678d-tlplx,historyserver,2026-08-06T18:01:40Z,207146010000,1548582912
2026-08-06T13:01:42.822197-05:00,historyserver,historyserver-demo-7768d9678d-tlplx,historyserver,2026-08-06T18:01:40Z,207146010000,1548582912
2026-08-06T13:01:43.821915-05:00,historyserver,historyserver-demo-7768d9678d-tlplx,historyserver,2026-08-06T18:01:40Z,207146010000,1548582912
2026-08-06T13:01:44.822422-05:00,historyserver,historyserver-demo-7768d9678d-tlplx,historyserver,2026-08-06T18:01:40Z,207146010000,1548582912
2026-08-06T13:01:45.822618-05:00,historyserver,historyserver-demo-7768d9678d-tlplx,historyserver,2026-08-06T18:01:40Z,207146010000,1548582912
2026-08-06T13:01:46.82245-05:00,historyserver,historyserver-demo-7768d9678d-tlplx,historyserver,2026-08-06T18:01:40Z,207146010000,1548582912
2026-08-06T13:01:47.822385-05:00,historyserver,historyserver-demo-7768d9678d-tlplx,historyserver,2026-08-06T18:01:40Z,207146010000,1548582912
2026-08-06T13:01:48.822518-05:00,historyserver,historyserver-demo-7768d9678d-tlplx,historyserver,2026-08-06T18:01:40Z,207146010000,1548582912
2026-08-06T13:01:49.822463-05:00,historyserver,historyserver-demo-7768d9678d-tlplx,historyserver,2026-08-06T18:01:40Z,207146010000,1548582912
2026-08-06T13:01:50.822462-05:00,historyserver,historyserver-demo-7768d9678d-tlplx,historyserver,2026-08-06T18:01:40Z,207146010000,1548582912
2026-08-06T13:01:51.822262-05:00,historyserver,historyserver-demo-7768d9678d-tlplx,historyserver,2026-08-06T18:01:40Z,207146010000,1548582912
2026-08-06T13:01:52.822479-05:00,historyserver,historyserver-demo-7768d9678d-tlplx,historyserver,2026-08-06T18:01:40Z,207146010000,1548582912
2026-08-06T13:01:53.822489-05:00,historyserver,historyserver-demo-7768d9678d-tlplx,historyserver,2026-08-06T18:01:40Z,207146010000,1548582912
2026-08-06T13:01:54.822498-05:00,historyserver,historyserver-demo-7768d9678d-tlplx,historyserver,2026-08-06T18:01:40Z,207146010000,1548582912
2026-08-06T13:01:55.822489-05:00,historyserver,historyserver-demo-7768d9678d-tlplx,historyserver,2026-08-06T18:01:40Z,207146010000,1548582912
2026-08-06T13:01:56.821984-05:00,historyserver,historyserver-demo-7768d9678d-tlplx,historyserver,2026-08-06T18:01:40Z,207146010000,1548582912
2026-08-06T13:01:57.822515-05:00,historyserver,historyserver-demo-7768d9678d-tlplx,historyserver,2026-08-06T18:01:40Z,207146010000,1548582912
2026-08-06T13:01:58.822802-05:00,historyserver,historyserver-demo-7768d9678d-tlplx,historyserver,2026-08-06T18:01:40Z,207146010000,1548582912
2026-08-06T13:01:59.822701-05:00,historyserver,historyserver-demo-7768d9678d-tlplx,historyserver,2026-08-06T18:01:40Z,207146010000,1548582912
2026-08-06T13:02:00.824165-05:00,historyserver,historyserver-demo-7768d9678d-tlplx,historyserver,2026-08-06T18:02:00Z,231320098000,1373626368
2026-08-06T13:02:01.822626-05:00,historyserver,historyserver-demo-7768d9678d-tlplx,historyserver,2026-08-06T18:02:00Z,231320098000,1373626368
2026-08-06T13:02:02.8224-05:00,historyserver,historyserver-demo-7768d9678d-tlplx,historyserver,2026-08-06T18:02:00Z,231320098000,1373626368
2026-08-06T13:02:03.822344-05:00,historyserver,historyserver-demo-7768d9678d-tlplx,historyserver,2026-08-06T18:02:00Z,231320098000,1373626368
2026-08-06T13:02:04.822589-05:00,historyserver,historyserver-demo-7768d9678d-tlplx,historyserver,2026-08-06T18:02:00Z,231320098000,1373626368
2026-08-06T13:02:05.822091-05:00,historyserver,historyserver-demo-7768d9678d-tlplx,historyserver,2026-08-06T18:02:00Z,231320098000,1373626368
2026-08-06T13:02:06.822441-05:00,historyserver,historyserver-demo-7768d9678d-tlplx,historyserver,2026-08-06T18:02:00Z,231320098000,1373626368
2026-08-06T13:02:07.822584-05:00,historyserver,historyserver-demo-7768d9678d-tlplx,historyserver,2026-08-06T18:02:00Z,231320098000,1373626368
2026-08-06T13:02:08.821727-05:00,historyserver,historyserver-demo-7768d9678d-tlplx,historyserver,2026-08-06T18:02:00Z,231320098000,1373626368
2026-08-06T13:02:09.822166-05:00,historyserver,historyserver-demo-7768d9678d-tlplx,historyserver,2026-08-06T18:02:00Z,231320098000,1373626368
2026-08-06T13:02:10.82264-05:00,historyserver,historyserver-demo-7768d9678d-tlplx,historyserver,2026-08-06T18:02:00Z,231320098000,1373626368
2026-08-06T13:02:11.822616-05:00,historyserver,historyserver-demo-7768d9678d-tlplx,historyserver,2026-08-06T18:02:11Z,244437139000,1704611840
2026-08-06T13:02:12.822643-05:00,historyserver,historyserver-demo-7768d9678d-tlplx,historyserver,2026-08-06T18:02:11Z,244437139000,1704611840
2026-08-06T13:02:13.822632-05:00,historyserver,historyserver-demo-7768d9678d-tlplx,historyserver,2026-08-06T18:02:11Z,244437139000,1704611840
2026-08-06T13:02:14.822581-05:00,historyserver,historyserver-demo-7768d9678d-tlplx,historyserver,2026-08-06T18:02:11Z,244437139000,1704611840
2026-08-06T13:02:15.822106-05:00,historyserver,historyserver-demo-7768d9678d-tlplx,historyserver,2026-08-06T18:02:11Z,244437139000,1704611840
2026-08-06T13:02:16.822192-05:00,historyserver,historyserver-demo-7768d9678d-tlplx,historyserver,2026-08-06T18:02:11Z,244437139000,1704611840
2026-08-06T13:02:17.823003-05:00,historyserver,historyserver-demo-7768d9678d-tlplx,historyserver,2026-08-06T18:02:11Z,244437139000,1704611840
2026-08-06T13:02:18.822504-05:00,historyserver,historyserver-demo-7768d9678d-tlplx,historyserver,2026-08-06T18:02:11Z,244437139000,1704611840
2026-08-06T13:02:19.822684-05:00,historyserver,historyserver-demo-7768d9678d-tlplx,historyserver,2026-08-06T18:02:11Z,244437139000,1704611840
2026-08-06T13:02:20.822693-05:00,historyserver,historyserver-demo-7768d9678d-tlplx,historyserver,2026-08-06T18:02:11Z,244437139000,1704611840
2026-08-06T13:02:21.822678-05:00,historyserver,historyserver-demo-7768d9678d-tlplx,historyserver,2026-08-06T18:02:11Z,244437139000,1704611840
2026-08-06T13:02:22.822669-05:00,historyserver,historyserver-demo-7768d9678d-tlplx,historyserver,2026-08-06T18:02:11Z,244437139000,1704611840
2026-08-06T13:02:23.822828-05:00,historyserver,historyserver-demo-7768d9678d-tlplx,historyserver,2026-08-06T18:02:23Z,260103311000,1690591232
2026-08-06T13:02:24.822695-05:00,historyserver,historyserver-demo-7768d9678d-tlplx,historyserver,2026-08-06T18:02:23Z,260103311000,1690591232
2026-08-06T13:02:25.822694-05:00,historyserver,historyserver-demo-7768d9678d-tlplx,historyserver,2026-08-06T18:02:23Z,260103311000,1690591232
2026-08-06T13:02:26.822732-05:00,historyserver,historyserver-demo-7768d9678d-tlplx,historyserver,2026-08-06T18:02:23Z,260103311000,1690591232
2026-08-06T13:02:27.824475-05:00,historyserver,historyserver-demo-7768d9678d-tlplx,historyserver,2026-08-06T18:02:23Z,260103311000,1690591232
2026-08-06T13:02:28.822733-05:00,historyserver,historyserver-demo-7768d9678d-tlplx,historyserver,2026-08-06T18:02:23Z,260103311000,1690591232
2026-08-06T13:02:29.822256-05:00,historyserver,historyserver-demo-7768d9678d-tlplx,historyserver,2026-08-06T18:02:23Z,260103311000,1690591232
2026-08-06T13:02:30.821938-05:00,historyserver,historyserver-demo-7768d9678d-tlplx,historyserver,2026-08-06T18:02:23Z,260103311000,1690591232
2026-08-06T13:02:31.822697-05:00,historyserver,historyserver-demo-7768d9678d-tlplx,historyserver,2026-08-06T18:02:23Z,260103311000,1690591232
2026-08-06T13:02:32.822744-05:00,historyserver,historyserver-demo-7768d9678d-tlplx,historyserver,2026-08-06T18:02:23Z,260103311000,1690591232
2026-08-06T13:02:33.822898-05:00,historyserver,historyserver-demo-7768d9678d-tlplx,historyserver,2026-08-06T18:02:23Z,260103311000,1690591232
2026-08-06T13:02:34.822773-05:00,historyserver,historyserver-demo-7768d9678d-tlplx,historyserver,2026-08-06T18:02:23Z,260103311000,1690591232
2026-08-06T13:02:35.822764-05:00,historyserver,historyserver-demo-7768d9678d-tlplx,historyserver,2026-08-06T18:02:23Z,260103311000,1690591232
2026-08-06T13:02:36.822774-05:00,historyserver,historyserver-demo-7768d9678d-tlplx,historyserver,2026-08-06T18:02:23Z,260103311000,1690591232
2026-08-06T13:02:37.822545-05:00,historyserver,historyserver-demo-7768d9678d-tlplx,historyserver,2026-08-06T18:02:36Z,276551319000,2067771392
2026-08-06T13:02:38.822961-05:00,historyserver,historyserver-demo-7768d9678d-tlplx,historyserver,2026-08-06T18:02:36Z,276551319000,2067771392
2026-08-06T13:02:39.822557-05:00,historyserver,historyserver-demo-7768d9678d-tlplx,historyserver,2026-08-06T18:02:36Z,276551319000,2067771392
2026-08-06T13:02:40.823541-05:00,historyserver,historyserver-demo-7768d9678d-tlplx,historyserver,2026-08-06T18:02:36Z,276551319000,2067771392
2026-08-06T13:02:41.822836-05:00,historyserver,historyserver-demo-7768d9678d-tlplx,historyserver,2026-08-06T18:02:36Z,276551319000,2067771392
2026-08-06T13:02:42.822766-05:00,historyserver,historyserver-demo-7768d9678d-tlplx,historyserver,2026-08-06T18:02:36Z,276551319000,2067771392
2026-08-06T13:02:43.822315-05:00,historyserver,historyserver-demo-7768d9678d-tlplx,historyserver,2026-08-06T18:02:36Z,276551319000,2067771392
2026-08-06T13:02:44.822634-05:00,historyserver,historyserver-demo-7768d9678d-tlplx,historyserver,2026-08-06T18:02:36Z,276551319000,2067771392
2026-08-06T13:02:45.822585-05:00,historyserver,historyserver-demo-7768d9678d-tlplx,historyserver,2026-08-06T18:02:36Z,276551319000,2067771392
2026-08-06T13:02:46.822854-05:00,historyserver,historyserver-demo-7768d9678d-tlplx,historyserver,2026-08-06T18:02:36Z,276551319000,2067771392
2026-08-06T13:02:47.822877-05:00,historyserver,historyserver-demo-7768d9678d-tlplx,historyserver,2026-08-06T18:02:36Z,276551319000,2067771392
2026-08-06T13:02:48.822462-05:00,historyserver,historyserver-demo-7768d9678d-tlplx,historyserver,2026-08-06T18:02:48Z,290501881000,2105606144
2026-08-06T13:02:49.822818-05:00,historyserver,historyserver-demo-7768d9678d-tlplx,historyserver,2026-08-06T18:02:48Z,290501881000,2105606144
2026-08-06T13:02:50.822872-05:00,historyserver,historyserver-demo-7768d9678d-tlplx,historyserver,2026-08-06T18:02:48Z,290501881000,2105606144
2026-08-06T13:02:51.82325-05:00,historyserver,historyserver-demo-7768d9678d-tlplx,historyserver,2026-08-06T18:02:48Z,290501881000,2105606144
2026-08-06T13:02:52.822568-05:00,historyserver,historyserver-demo-7768d9678d-tlplx,historyserver,2026-08-06T18:02:48Z,290501881000,2105606144
2026-08-06T13:02:53.821935-05:00,historyserver,historyserver-demo-7768d9678d-tlplx,historyserver,2026-08-06T18:02:48Z,290501881000,2105606144
2026-08-06T13:02:54.8229-05:00,historyserver,historyserver-demo-7768d9678d-tlplx,historyserver,2026-08-06T18:02:48Z,290501881000,2105606144
2026-08-06T13:02:55.823256-05:00,historyserver,historyserver-demo-7768d9678d-tlplx,historyserver,2026-08-06T18:02:48Z,290501881000,2105606144
2026-08-06T13:02:56.822919-05:00,historyserver,historyserver-demo-7768d9678d-tlplx,historyserver,2026-08-06T18:02:48Z,290501881000,2105606144
2026-08-06T13:02:57.822916-05:00,historyserver,historyserver-demo-7768d9678d-tlplx,historyserver,2026-08-06T18:02:48Z,290501881000,2105606144
2026-08-06T13:02:58.822921-05:00,historyserver,historyserver-demo-7768d9678d-tlplx,historyserver,2026-08-06T18:02:48Z,290501881000,2105606144
2026-08-06T13:02:59.822117-05:00,historyserver,historyserver-demo-7768d9678d-tlplx,historyserver,2026-08-06T18:02:48Z,290501881000,2105606144
2026-08-06T13:03:00.822496-05:00,historyserver,historyserver-demo-7768d9678d-tlplx,historyserver,2026-08-06T18:03:00Z,305187279000,2105602048
2026-08-06T13:03:01.823667-05:00,historyserver,historyserver-demo-7768d9678d-tlplx,historyserver,2026-08-06T18:03:00Z,305187279000,2105602048
2026-08-06T13:03:02.824766-05:00,historyserver,historyserver-demo-7768d9678d-tlplx,historyserver,2026-08-06T18:03:00Z,305187279000,2105602048
2026-08-06T13:03:03.82338-05:00,historyserver,historyserver-demo-7768d9678d-tlplx,historyserver,2026-08-06T18:03:00Z,305187279000,2105602048
2026-08-06T13:03:04.823709-05:00,historyserver,historyserver-demo-7768d9678d-tlplx,historyserver,2026-08-06T18:03:00Z,305187279000,2105602048
2026-08-06T13:03:05.822988-05:00,historyserver,historyserver-demo-7768d9678d-tlplx,historyserver,2026-08-06T18:03:00Z,305187279000,2105602048
2026-08-06T13:03:06.823442-05:00,historyserver,historyserver-demo-7768d9678d-tlplx,historyserver,2026-08-06T18:03:00Z,305187279000,2105602048
2026-08-06T13:03:07.822986-05:00,historyserver,historyserver-demo-7768d9678d-tlplx,historyserver,2026-08-06T18:03:00Z,305187279000,2105602048
2026-08-06T13:03:08.82273-05:00,historyserver,historyserver-demo-7768d9678d-tlplx,historyserver,2026-08-06T18:03:00Z,305187279000,2105602048
2026-08-06T13:03:09.822228-05:00,historyserver,historyserver-demo-7768d9678d-tlplx,historyserver,2026-08-06T18:03:00Z,305187279000,2105602048
2026-08-06T13:03:10.822402-05:00,historyserver,historyserver-demo-7768d9678d-tlplx,historyserver,2026-08-06T18:03:00Z,305187279000,2105602048
2026-08-06T13:03:11.82259-05:00,historyserver,historyserver-demo-7768d9678d-tlplx,historyserver,2026-08-06T18:03:00Z,305187279000,2105602048
2026-08-06T13:03:12.82277-05:00,historyserver,historyserver-demo-7768d9678d-tlplx,historyserver,2026-08-06T18:03:00Z,305187279000,2105602048
2026-08-06T13:03:13.82804-05:00,historyserver,historyserver-demo-7768d9678d-tlplx,historyserver,2026-08-06T18:03:00Z,305187279000,2105602048
2026-08-06T13:03:14.824056-05:00,historyserver,historyserver-demo-7768d9678d-tlplx,historyserver,2026-08-06T18:03:00Z,305187279000,2105602048
2026-08-06T13:03:15.823298-05:00,historyserver,historyserver-demo-7768d9678d-tlplx,historyserver,2026-08-06T18:03:00Z,305187279000,2105602048
2026-08-06T13:03:16.822524-05:00,historyserver,historyserver-demo-7768d9678d-tlplx,historyserver,2026-08-06T18:03:00Z,305187279000,2105602048
2026-08-06T13:03:17.823079-05:00,historyserver,historyserver-demo-7768d9678d-tlplx,historyserver,2026-08-06T18:03:00Z,305187279000,2105602048
2026-08-06T13:03:18.822296-05:00,historyserver,historyserver-demo-7768d9678d-tlplx,historyserver,2026-08-06T18:03:00Z,305187279000,2105602048
2026-08-06T13:03:19.824147-05:00,historyserver,historyserver-demo-7768d9678d-tlplx,historyserver,2026-08-06T18:03:19Z,325199303000,1189814272
2026-08-06T13:03:20.823048-05:00,historyserver,historyserver-demo-7768d9678d-tlplx,historyserver,2026-08-06T18:03:19Z,325199303000,1189814272
2026-08-06T13:03:21.823801-05:00,historyserver,historyserver-demo-7768d9678d-tlplx,historyserver,2026-08-06T18:03:19Z,325199303000,1189814272
2026-08-06T13:03:22.822578-05:00,historyserver,historyserver-demo-7768d9678d-tlplx,historyserver,2026-08-06T18:03:19Z,325199303000,1189814272
2026-08-06T13:03:23.822826-05:00,historyserver,historyserver-demo-7768d9678d-tlplx,historyserver,2026-08-06T18:03:19Z,325199303000,1189814272
2026-08-06T13:03:24.822607-05:00,historyserver,historyserver-demo-7768d9678d-tlplx,historyserver,2026-08-06T18:03:19Z,325199303000,1189814272
2026-08-06T13:03:25.823118-05:00,historyserver,historyserver-demo-7768d9678d-tlplx,historyserver,2026-08-06T18:03:19Z,325199303000,1189814272
2026-08-06T13:03:26.822636-05:00,historyserver,historyserver-demo-7768d9678d-tlplx,historyserver,2026-08-06T18:03:19Z,325199303000,1189814272
2026-08-06T13:03:27.823117-05:00,historyserver,historyserver-demo-7768d9678d-tlplx,historyserver,2026-08-06T18:03:19Z,325199303000,1189814272
2026-08-06T13:03:28.823153-05:00,historyserver,historyserver-demo-7768d9678d-tlplx,historyserver,2026-08-06T18:03:19Z,325199303000,1189814272
2026-08-06T13:03:29.823145-05:00,historyserver,historyserver-demo-7768d9678d-tlplx,historyserver,2026-08-06T18:03:19Z,325199303000,1189814272
2026-08-06T13:03:30.82356-05:00,historyserver,historyserver-demo-7768d9678d-tlplx,historyserver,2026-08-06T18:03:19Z,325199303000,1189814272
2026-08-06T13:03:31.822869-05:00,historyserver,historyserver-demo-7768d9678d-tlplx,historyserver,2026-08-06T18:03:19Z,325199303000,1189814272
2026-08-06T13:03:32.822865-05:00,historyserver,historyserver-demo-7768d9678d-tlplx,historyserver,2026-08-06T18:03:19Z,325199303000,1189814272
2026-08-06T13:03:33.823179-05:00,historyserver,historyserver-demo-7768d9678d-tlplx,historyserver,2026-08-06T18:03:19Z,325199303000,1189814272
2026-08-06T13:03:34.822895-05:00,historyserver,historyserver-demo-7768d9678d-tlplx,historyserver,2026-08-06T18:03:19Z,325199303000,1189814272
2026-08-06T13:03:35.822529-05:00,historyserver,historyserver-demo-7768d9678d-tlplx,historyserver,2026-08-06T18:03:19Z,325199303000,1189814272
2026-08-06T13:03:36.823181-05:00,historyserver,historyserver-demo-7768d9678d-tlplx,historyserver,2026-08-06T18:03:19Z,325199303000,1189814272
2026-08-06T13:03:37.823187-05:00,historyserver,historyserver-demo-7768d9678d-tlplx,historyserver,2026-08-06T18:03:19Z,325199303000,1189814272
2026-08-06T13:03:38.823201-05:00,historyserver,historyserver-demo-7768d9678d-tlplx,historyserver,2026-08-06T18:03:38Z,347202551000,1220730880
2026-08-06T13:03:39.822918-05:00,historyserver,historyserver-demo-7768d9678d-tlplx,historyserver,2026-08-06T18:03:38Z,347202551000,1220730880
2026-08-06T13:03:40.822932-05:00,historyserver,historyserver-demo-7768d9678d-tlplx,historyserver,2026-08-06T18:03:38Z,347202551000,1220730880
2026-08-06T13:03:41.823236-05:00,historyserver,historyserver-demo-7768d9678d-tlplx,historyserver,2026-08-06T18:03:38Z,347202551000,1220730880
2026-08-06T13:03:42.822827-05:00,historyserver,historyserver-demo-7768d9678d-tlplx,historyserver,2026-08-06T18:03:38Z,347202551000,1220730880
2026-08-06T13:03:43.82322-05:00,historyserver,historyserver-demo-7768d9678d-tlplx,historyserver,2026-08-06T18:03:38Z,347202551000,1220730880
2026-08-06T13:03:44.822902-05:00,historyserver,historyserver-demo-7768d9678d-tlplx,historyserver,2026-08-06T18:03:38Z,347202551000,1220730880
2026-08-06T13:03:45.822293-05:00,historyserver,historyserver-demo-7768d9678d-tlplx,historyserver,2026-08-06T18:03:38Z,347202551000,1220730880
2026-08-06T13:03:46.823633-05:00,historyserver,historyserver-demo-7768d9678d-tlplx,historyserver,2026-08-06T18:03:38Z,347202551000,1220730880
2026-08-06T13:03:47.823277-05:00,historyserver,historyserver-demo-7768d9678d-tlplx,historyserver,2026-08-06T18:03:38Z,347202551000,1220730880
2026-08-06T13:03:48.822516-05:00,historyserver,historyserver-demo-7768d9678d-tlplx,historyserver,2026-08-06T18:03:38Z,347202551000,1220730880
2026-08-06T13:03:49.824288-05:00,historyserver,historyserver-demo-7768d9678d-tlplx,historyserver,2026-08-06T18:03:48Z,360057878000,1460035584
2026-08-06T13:03:50.822781-05:00,historyserver,historyserver-demo-7768d9678d-tlplx,historyserver,2026-08-06T18:03:48Z,360057878000,1460035584
2026-08-06T13:03:51.823295-05:00,historyserver,historyserver-demo-7768d9678d-tlplx,historyserver,2026-08-06T18:03:48Z,360057878000,1460035584
2026-08-06T13:03:52.822848-05:00,historyserver,historyserver-demo-7768d9678d-tlplx,historyserver,2026-08-06T18:03:48Z,360057878000,1460035584
2026-08-06T13:03:53.823318-05:00,historyserver,historyserver-demo-7768d9678d-tlplx,historyserver,2026-08-06T18:03:48Z,360057878000,1460035584
2026-08-06T13:03:54.823337-05:00,historyserver,historyserver-demo-7768d9678d-tlplx,historyserver,2026-08-06T18:03:48Z,360057878000,1460035584
2026-08-06T13:03:55.823022-05:00,historyserver,historyserver-demo-7768d9678d-tlplx,historyserver,2026-08-06T18:03:48Z,360057878000,1460035584
2026-08-06T13:03:56.824375-05:00,historyserver,historyserver-demo-7768d9678d-tlplx,historyserver,2026-08-06T18:03:48Z,360057878000,1460035584
2026-08-06T13:03:57.822852-05:00,historyserver,historyserver-demo-7768d9678d-tlplx,historyserver,2026-08-06T18:03:48Z,360057878000,1460035584
2026-08-06T13:03:58.823015-05:00,historyserver,historyserver-demo-7768d9678d-tlplx,historyserver,2026-08-06T18:03:48Z,360057878000,1460035584
2026-08-06T13:03:59.822891-05:00,historyserver,historyserver-demo-7768d9678d-tlplx,historyserver,2026-08-06T18:03:48Z,360057878000,1460035584
2026-08-06T13:04:00.822678-05:00,historyserver,historyserver-demo-7768d9678d-tlplx,historyserver,2026-08-06T18:03:48Z,360057878000,1460035584
2026-08-06T13:04:01.823365-05:00,historyserver,historyserver-demo-7768d9678d-tlplx,historyserver,2026-08-06T18:04:01Z,375582975000,1599574016
2026-08-06T13:04:02.823698-05:00,historyserver,historyserver-demo-7768d9678d-tlplx,historyserver,2026-08-06T18:04:01Z,375582975000,1599574016
2026-08-06T13:04:03.822856-05:00,historyserver,historyserver-demo-7768d9678d-tlplx,historyserver,2026-08-06T18:04:01Z,375582975000,1599574016
2026-08-06T13:04:04.82339-05:00,historyserver,historyserver-demo-7768d9678d-tlplx,historyserver,2026-08-06T18:04:01Z,375582975000,1599574016
2026-08-06T13:04:05.822536-05:00,historyserver,historyserver-demo-7768d9678d-tlplx,historyserver,2026-08-06T18:04:01Z,375582975000,1599574016
2026-08-06T13:04:06.823129-05:00,historyserver,historyserver-demo-7768d9678d-tlplx,historyserver,2026-08-06T18:04:01Z,375582975000,1599574016
2026-08-06T13:04:07.823409-05:00,historyserver,historyserver-demo-7768d9678d-tlplx,historyserver,2026-08-06T18:04:01Z,375582975000,1599574016
2026-08-06T13:04:08.823406-05:00,historyserver,historyserver-demo-7768d9678d-tlplx,historyserver,2026-08-06T18:04:01Z,375582975000,1599574016
2026-08-06T13:04:09.823418-05:00,historyserver,historyserver-demo-7768d9678d-tlplx,historyserver,2026-08-06T18:04:01Z,375582975000,1599574016
2026-08-06T13:04:10.823108-05:00,historyserver,historyserver-demo-7768d9678d-tlplx,historyserver,2026-08-06T18:04:01Z,375582975000,1599574016
2026-08-06T13:04:11.823477-05:00,historyserver,historyserver-demo-7768d9678d-tlplx,historyserver,2026-08-06T18:04:01Z,375582975000,1599574016
2026-08-06T13:04:12.822779-05:00,historyserver,historyserver-demo-7768d9678d-tlplx,historyserver,2026-08-06T18:04:01Z,375582975000,1599574016
2026-08-06T13:04:13.823133-05:00,historyserver,historyserver-demo-7768d9678d-tlplx,historyserver,2026-08-06T18:04:01Z,375582975000,1599574016
2026-08-06T13:04:14.823021-05:00,historyserver,historyserver-demo-7768d9678d-tlplx,historyserver,2026-08-06T18:04:01Z,375582975000,1599574016
2026-08-06T13:04:15.823466-05:00,historyserver,historyserver-demo-7768d9678d-tlplx,historyserver,2026-08-06T18:04:01Z,375582975000,1599574016
2026-08-06T13:04:16.823477-05:00,historyserver,historyserver-demo-7768d9678d-tlplx,historyserver,2026-08-06T18:04:01Z,375582975000,1599574016
2026-08-06T13:04:17.822923-05:00,historyserver,historyserver-demo-7768d9678d-tlplx,historyserver,2026-08-06T18:04:01Z,375582975000,1599574016
2026-08-06T13:04:18.823157-05:00,historyserver,historyserver-demo-7768d9678d-tlplx,historyserver,2026-08-06T18:04:01Z,375582975000,1599574016
2026-08-06T13:04:19.823299-05:00,historyserver,historyserver-demo-7768d9678d-tlplx,historyserver,2026-08-06T18:04:01Z,375582975000,1599574016
2026-08-06T13:04:20.823377-05:00,historyserver,historyserver-demo-7768d9678d-tlplx,historyserver,2026-08-06T18:04:20Z,399306396000,1650491392
2026-08-06T13:04:21.823015-05:00,historyserver,historyserver-demo-7768d9678d-tlplx,historyserver,2026-08-06T18:04:20Z,399306396000,1650491392
2026-08-06T13:04:22.8243-05:00,historyserver,historyserver-demo-7768d9678d-tlplx,historyserver,2026-08-06T18:04:20Z,399306396000,1650491392
2026-08-06T13:04:23.823527-05:00,historyserver,historyserver-demo-7768d9678d-tlplx,historyserver,2026-08-06T18:04:20Z,399306396000,1650491392
2026-08-06T13:04:24.824529-05:00,historyserver,historyserver-demo-7768d9678d-tlplx,historyserver,2026-08-06T18:04:20Z,399306396000,1650491392
2026-08-06T13:04:25.823535-05:00,historyserver,historyserver-demo-7768d9678d-tlplx,historyserver,2026-08-06T18:04:20Z,399306396000,1650491392
2026-08-06T13:04:26.823316-05:00,historyserver,historyserver-demo-7768d9678d-tlplx,historyserver,2026-08-06T18:04:20Z,399306396000,1650491392
2026-08-06T13:04:27.823533-05:00,historyserver,historyserver-demo-7768d9678d-tlplx,historyserver,2026-08-06T18:04:20Z,399306396000,1650491392
2026-08-06T13:04:28.823589-05:00,historyserver,historyserver-demo-7768d9678d-tlplx,historyserver,2026-08-06T18:04:20Z,399306396000,1650491392
2026-08-06T13:04:29.823141-05:00,historyserver,historyserver-demo-7768d9678d-tlplx,historyserver,2026-08-06T18:04:20Z,399306396000,1650491392
2026-08-06T13:04:30.823583-05:00,historyserver,historyserver-demo-7768d9678d-tlplx,historyserver,2026-08-06T18:04:20Z,399306396000,1650491392
2026-08-06T13:04:31.822936-05:00,historyserver,historyserver-demo-7768d9678d-tlplx,historyserver,2026-08-06T18:04:20Z,399306396000,1650491392
2026-08-06T13:04:32.823337-05:00,historyserver,historyserver-demo-7768d9678d-tlplx,historyserver,2026-08-06T18:04:20Z,399306396000,1650491392
2026-08-06T13:04:33.8239-05:00,historyserver,historyserver-demo-7768d9678d-tlplx,historyserver,2026-08-06T18:04:20Z,399306396000,1650491392
2026-08-06T13:04:34.824343-05:00,historyserver,historyserver-demo-7768d9678d-tlplx,historyserver,2026-08-06T18:04:20Z,399306396000,1650491392
2026-08-06T13:04:35.823611-05:00,historyserver,historyserver-demo-7768d9678d-tlplx,historyserver,2026-08-06T18:04:20Z,399306396000,1650491392
2026-08-06T13:04:36.823636-05:00,historyserver,historyserver-demo-7768d9678d-tlplx,historyserver,2026-08-06T18:04:20Z,399306396000,1650491392
2026-08-06T13:04:37.822659-05:00,historyserver,historyserver-demo-7768d9678d-tlplx,historyserver,2026-08-06T18:04:37Z,418088075000,1901461504
2026-08-06T13:04:38.823806-05:00,historyserver,historyserver-demo-7768d9678d-tlplx,historyserver,2026-08-06T18:04:37Z,418088075000,1901461504
2026-08-06T13:04:39.82362-05:00,historyserver,historyserver-demo-7768d9678d-tlplx,historyserver,2026-08-06T18:04:37Z,418088075000,1901461504
2026-08-06T13:04:40.824395-05:00,historyserver,historyserver-demo-7768d9678d-tlplx,historyserver,2026-08-06T18:04:37Z,418088075000,1901461504
2026-08-06T13:04:41.823695-05:00,historyserver,historyserver-demo-7768d9678d-tlplx,historyserver,2026-08-06T18:04:37Z,418088075000,1901461504
2026-08-06T13:04:42.823216-05:00,historyserver,historyserver-demo-7768d9678d-tlplx,historyserver,2026-08-06T18:04:37Z,418088075000,1901461504
2026-08-06T13:04:43.823661-05:00,historyserver,historyserver-demo-7768d9678d-tlplx,historyserver,2026-08-06T18:04:37Z,418088075000,1901461504
2026-08-06T13:04:44.823665-05:00,historyserver,historyserver-demo-7768d9678d-tlplx,historyserver,2026-08-06T18:04:37Z,418088075000,1901461504
2026-08-06T13:04:45.823521-05:00,historyserver,historyserver-demo-7768d9678d-tlplx,historyserver,2026-08-06T18:04:37Z,418088075000,1901461504
2026-08-06T13:04:46.824042-05:00,historyserver,historyserver-demo-7768d9678d-tlplx,historyserver,2026-08-06T18:04:37Z,418088075000,1901461504
2026-08-06T13:04:47.824164-05:00,historyserver,historyserver-demo-7768d9678d-tlplx,historyserver,2026-08-06T18:04:37Z,418088075000,1901461504
2026-08-06T13:04:48.82452-05:00,historyserver,historyserver-demo-7768d9678d-tlplx,historyserver,2026-08-06T18:04:37Z,418088075000,1901461504
2026-08-06T13:04:49.823705-05:00,historyserver,historyserver-demo-7768d9678d-tlplx,historyserver,2026-08-06T18:04:37Z,418088075000,1901461504
2026-08-06T13:04:50.824596-05:00,historyserver,historyserver-demo-7768d9678d-tlplx,historyserver,2026-08-06T18:04:37Z,418088075000,1901461504
2026-08-06T13:04:51.823132-05:00,historyserver,historyserver-demo-7768d9678d-tlplx,historyserver,2026-08-06T18:04:37Z,418088075000,1901461504
2026-08-06T13:04:52.823598-05:00,historyserver,historyserver-demo-7768d9678d-tlplx,historyserver,2026-08-06T18:04:37Z,418088075000,1901461504
2026-08-06T13:04:53.824918-05:00,historyserver,historyserver-demo-7768d9678d-tlplx,historyserver,2026-08-06T18:04:37Z,418088075000,1901461504
2026-08-06T13:04:54.824757-05:00,historyserver,historyserver-demo-7768d9678d-tlplx,historyserver,2026-08-06T18:04:54Z,440042298000,2354180096
2026-08-06T13:04:55.823138-05:00,historyserver,historyserver-demo-7768d9678d-tlplx,historyserver,2026-08-06T18:04:54Z,440042298000,2354180096
2026-08-06T13:04:56.824057-05:00,historyserver,historyserver-demo-7768d9678d-tlplx,historyserver,2026-08-06T18:04:54Z,440042298000,2354180096
2026-08-06T13:04:57.824943-05:00,historyserver,historyserver-demo-7768d9678d-tlplx,historyserver,2026-08-06T18:04:54Z,440042298000,2354180096
2026-08-06T13:04:58.825078-05:00,historyserver,historyserver-demo-7768d9678d-tlplx,historyserver,2026-08-06T18:04:54Z,440042298000,2354180096
2026-08-06T13:04:59.825123-05:00,historyserver,historyserver-demo-7768d9678d-tlplx,historyserver,2026-08-06T18:04:54Z,440042298000,2354180096
2026-08-06T13:05:00.823763-05:00,historyserver,historyserver-demo-7768d9678d-tlplx,historyserver,2026-08-06T18:04:54Z,440042298000,2354180096
2026-08-06T13:05:01.822793-05:00,historyserver,historyserver-demo-7768d9678d-tlplx,historyserver,2026-08-06T18:04:54Z,440042298000,2354180096
2026-08-06T13:05:02.823777-05:00,historyserver,historyserver-demo-7768d9678d-tlplx,historyserver,2026-08-06T18:04:54Z,440042298000,2354180096
2026-08-06T13:05:03.823344-05:00,historyserver,historyserver-demo-7768d9678d-tlplx,historyserver,2026-08-06T18:04:54Z,440042298000,2354180096
2026-08-06T13:05:04.82446-05:00,historyserver,historyserver-demo-7768d9678d-tlplx,historyserver,2026-08-06T18:04:54Z,440042298000,2354180096
2026-08-06T13:05:05.823814-05:00,historyserver,historyserver-demo-7768d9678d-tlplx,historyserver,2026-08-06T18:04:54Z,440042298000,2354180096
2026-08-06T13:05:06.823494-05:00,historyserver,historyserver-demo-7768d9678d-tlplx,historyserver,2026-08-06T18:05:06Z,452646210000,2365534208
2026-08-06T13:05:07.823826-05:00,historyserver,historyserver-demo-7768d9678d-tlplx,historyserver,2026-08-06T18:05:06Z,452646210000,2365534208
2026-08-06T13:05:08.823451-05:00,historyserver,historyserver-demo-7768d9678d-tlplx,historyserver,2026-08-06T18:05:06Z,452646210000,2365534208
2026-08-06T13:05:09.823253-05:00,historyserver,historyserver-demo-7768d9678d-tlplx,historyserver,2026-08-06T18:05:06Z,452646210000,2365534208
2026-08-06T13:05:10.823468-05:00,historyserver,historyserver-demo-7768d9678d-tlplx,historyserver,2026-08-06T18:05:06Z,452646210000,2365534208
2026-08-06T13:05:11.824524-05:00,historyserver,historyserver-demo-7768d9678d-tlplx,historyserver,2026-08-06T18:05:06Z,452646210000,2365534208
2026-08-06T13:05:12.824548-05:00,historyserver,historyserver-demo-7768d9678d-tlplx,historyserver,2026-08-06T18:05:06Z,452646210000,2365534208
2026-08-06T13:05:13.824711-05:00,historyserver,historyserver-demo-7768d9678d-tlplx,historyserver,2026-08-06T18:05:06Z,452646210000,2365534208
2026-08-06T13:05:14.82385-05:00,historyserver,historyserver-demo-7768d9678d-tlplx,historyserver,2026-08-06T18:05:06Z,452646210000,2365534208
2026-08-06T13:05:15.823964-05:00,historyserver,historyserver-demo-7768d9678d-tlplx,historyserver,2026-08-06T18:05:06Z,452646210000,2365534208
2026-08-06T13:05:16.823752-05:00,historyserver,historyserver-demo-7768d9678d-tlplx,historyserver,2026-08-06T18:05:06Z,452646210000,2365534208
2026-08-06T13:05:17.823965-05:00,historyserver,historyserver-demo-7768d9678d-tlplx,historyserver,2026-08-06T18:05:06Z,452646210000,2365534208
2026-08-06T13:05:18.824707-05:00,historyserver,historyserver-demo-7768d9678d-tlplx,historyserver,2026-08-06T18:05:06Z,452646210000,2365534208
2026-08-06T13:05:19.823319-05:00,historyserver,historyserver-demo-7768d9678d-tlplx,historyserver,2026-08-06T18:05:06Z,452646210000,2365534208
2026-08-06T13:05:20.823929-05:00,historyserver,historyserver-demo-7768d9678d-tlplx,historyserver,2026-08-06T18:05:06Z,452646210000,2365534208
2026-08-06T13:05:21.824105-05:00,historyserver,historyserver-demo-7768d9678d-tlplx,historyserver,2026-08-06T18:05:06Z,452646210000,2365534208
2026-08-06T13:05:22.823852-05:00,historyserver,historyserver-demo-7768d9678d-tlplx,historyserver,2026-08-06T18:05:06Z,452646210000,2365534208
2026-08-06T13:05:23.823077-05:00,historyserver,historyserver-demo-7768d9678d-tlplx,historyserver,2026-08-06T18:05:23Z,465263466000,2426011648
2026-08-06T13:05:24.824-05:00,historyserver,historyserver-demo-7768d9678d-tlplx,historyserver,2026-08-06T18:05:23Z,465263466000,2426011648
2026-08-06T13:05:25.823499-05:00,historyserver,historyserver-demo-7768d9678d-tlplx,historyserver,2026-08-06T18:05:23Z,465263466000,2426011648
2026-08-06T13:05:26.823973-05:00,historyserver,historyserver-demo-7768d9678d-tlplx,historyserver,2026-08-06T18:05:23Z,465263466000,2426011648
2026-08-06T13:05:27.823952-05:00,historyserver,historyserver-demo-7768d9678d-tlplx,historyserver,2026-08-06T18:05:23Z,465263466000,2426011648
2026-08-06T13:05:28.823993-05:00,historyserver,historyserver-demo-7768d9678d-tlplx,historyserver,2026-08-06T18:05:23Z,465263466000,2426011648
2026-08-06T13:05:29.823231-05:00,historyserver,historyserver-demo-7768d9678d-tlplx,historyserver,2026-08-06T18:05:23Z,465263466000,2426011648
2026-08-06T13:05:30.823967-05:00,historyserver,historyserver-demo-7768d9678d-tlplx,historyserver,2026-08-06T18:05:23Z,465263466000,2426011648
2026-08-06T13:05:31.82371-05:00,historyserver,historyserver-demo-7768d9678d-tlplx,historyserver,2026-08-06T18:05:23Z,465263466000,2426011648
2026-08-06T13:05:32.823903-05:00,historyserver,historyserver-demo-7768d9678d-tlplx,historyserver,2026-08-06T18:05:23Z,465263466000,2426011648
2026-08-06T13:05:33.824562-05:00,historyserver,historyserver-demo-7768d9678d-tlplx,historyserver,2026-08-06T18:05:23Z,465263466000,2426011648
2026-08-06T13:05:34.823995-05:00,historyserver,historyserver-demo-7768d9678d-tlplx,historyserver,2026-08-06T18:05:23Z,465263466000,2426011648
2026-08-06T13:05:35.82348-05:00,historyserver,historyserver-demo-7768d9678d-tlplx,historyserver,2026-08-06T18:05:23Z,465263466000,2426011648
2026-08-06T13:05:36.823352-05:00,historyserver,historyserver-demo-7768d9678d-tlplx,historyserver,2026-08-06T18:05:23Z,465263466000,2426011648
2026-08-06T13:05:37.823262-05:00,historyserver,historyserver-demo-7768d9678d-tlplx,historyserver,2026-08-06T18:05:23Z,465263466000,2426011648
2026-08-06T13:05:38.824025-05:00,historyserver,historyserver-demo-7768d9678d-tlplx,historyserver,2026-08-06T18:05:38Z,481783210000,1168658432
2026-08-06T13:05:39.824799-05:00,historyserver,historyserver-demo-7768d9678d-tlplx,historyserver,2026-08-06T18:05:38Z,481783210000,1168658432
2026-08-06T13:05:40.823519-05:00,historyserver,historyserver-demo-7768d9678d-tlplx,historyserver,2026-08-06T18:05:38Z,481783210000,1168658432
2026-08-06T13:05:41.823784-05:00,historyserver,historyserver-demo-7768d9678d-tlplx,historyserver,2026-08-06T18:05:38Z,481783210000,1168658432
2026-08-06T13:05:42.82391-05:00,historyserver,historyserver-demo-7768d9678d-tlplx,historyserver,2026-08-06T18:05:38Z,481783210000,1168658432
2026-08-06T13:05:43.823922-05:00,historyserver,historyserver-demo-7768d9678d-tlplx,historyserver,2026-08-06T18:05:38Z,481783210000,1168658432
2026-08-06T13:05:44.824006-05:00,historyserver,historyserver-demo-7768d9678d-tlplx,historyserver,2026-08-06T18:05:38Z,481783210000,1168658432
2026-08-06T13:05:45.823502-05:00,historyserver,historyserver-demo-7768d9678d-tlplx,historyserver,2026-08-06T18:05:38Z,481783210000,1168658432
2026-08-06T13:05:46.823192-05:00,historyserver,historyserver-demo-7768d9678d-tlplx,historyserver,2026-08-06T18:05:38Z,481783210000,1168658432
2026-08-06T13:05:47.8249-05:00,historyserver,historyserver-demo-7768d9678d-tlplx,historyserver,2026-08-06T18:05:38Z,481783210000,1168658432
2026-08-06T13:05:48.824086-05:00,historyserver,historyserver-demo-7768d9678d-tlplx,historyserver,2026-08-06T18:05:38Z,481783210000,1168658432
2026-08-06T13:05:49.823859-05:00,historyserver,historyserver-demo-7768d9678d-tlplx,historyserver,2026-08-06T18:05:38Z,481783210000,1168658432
2026-08-06T13:05:50.824091-05:00,historyserver,historyserver-demo-7768d9678d-tlplx,historyserver,2026-08-06T18:05:38Z,481783210000,1168658432
2026-08-06T13:05:51.824613-05:00,historyserver,historyserver-demo-7768d9678d-tlplx,historyserver,2026-08-06T18:05:38Z,481783210000,1168658432
2026-08-06T13:05:52.824861-05:00,historyserver,historyserver-demo-7768d9678d-tlplx,historyserver,2026-08-06T18:05:38Z,481783210000,1168658432
2026-08-06T13:05:53.823742-05:00,historyserver,historyserver-demo-7768d9678d-tlplx,historyserver,2026-08-06T18:05:53Z,498882756000,1634680832
2026-08-06T13:05:54.82394-05:00,historyserver,historyserver-demo-7768d9678d-tlplx,historyserver,2026-08-06T18:05:53Z,498882756000,1634680832
2026-08-06T13:05:55.824426-05:00,historyserver,historyserver-demo-7768d9678d-tlplx,historyserver,2026-08-06T18:05:53Z,498882756000,1634680832
2026-08-06T13:05:56.823693-05:00,historyserver,historyserver-demo-7768d9678d-tlplx,historyserver,2026-08-06T18:05:53Z,498882756000,1634680832
2026-08-06T13:05:57.824395-05:00,historyserver,historyserver-demo-7768d9678d-tlplx,historyserver,2026-08-06T18:05:53Z,498882756000,1634680832
2026-08-06T13:05:58.826636-05:00,historyserver,historyserver-demo-7768d9678d-tlplx,historyserver,2026-08-06T18:05:53Z,498882756000,1634680832
2026-08-06T13:05:59.824161-05:00,historyserver,historyserver-demo-7768d9678d-tlplx,historyserver,2026-08-06T18:05:53Z,498882756000,1634680832
2026-08-06T13:06:00.823828-05:00,historyserver,historyserver-demo-7768d9678d-tlplx,historyserver,2026-08-06T18:05:53Z,498882756000,1634680832
2026-08-06T13:06:01.823807-05:00,historyserver,historyserver-demo-7768d9678d-tlplx,historyserver,2026-08-06T18:05:53Z,498882756000,1634680832
2026-08-06T13:06:02.824928-05:00,historyserver,historyserver-demo-7768d9678d-tlplx,historyserver,2026-08-06T18:05:53Z,498882756000,1634680832
2026-08-06T13:06:03.824685-05:00,historyserver,historyserver-demo-7768d9678d-tlplx,historyserver,2026-08-06T18:05:53Z,498882756000,1634680832
2026-08-06T13:06:04.825594-05:00,historyserver,historyserver-demo-7768d9678d-tlplx,historyserver,2026-08-06T18:05:53Z,498882756000,1634680832
2026-08-06T13:06:05.824991-05:00,historyserver,historyserver-demo-7768d9678d-tlplx,historyserver,2026-08-06T18:05:53Z,498882756000,1634680832
2026-08-06T13:06:06.823515-05:00,historyserver,historyserver-demo-7768d9678d-tlplx,historyserver,2026-08-06T18:05:53Z,498882756000,1634680832
2026-08-06T13:06:07.82563-05:00,historyserver,historyserver-demo-7768d9678d-tlplx,historyserver,2026-08-06T18:06:07Z,514675576000,1694556160
2026-08-06T13:06:08.823814-05:00,historyserver,historyserver-demo-7768d9678d-tlplx,historyserver,2026-08-06T18:06:07Z,514675576000,1694556160
2026-08-06T13:06:09.824542-05:00,historyserver,historyserver-demo-7768d9678d-tlplx,historyserver,2026-08-06T18:06:07Z,514675576000,1694556160
2026-08-06T13:06:10.823832-05:00,historyserver,historyserver-demo-7768d9678d-tlplx,historyserver,2026-08-06T18:06:07Z,514675576000,1694556160
2026-08-06T13:06:11.823774-05:00,historyserver,historyserver-demo-7768d9678d-tlplx,historyserver,2026-08-06T18:06:07Z,514675576000,1694556160
2026-08-06T13:06:12.823244-05:00,historyserver,historyserver-demo-7768d9678d-tlplx,historyserver,2026-08-06T18:06:07Z,514675576000,1694556160
2026-08-06T13:06:13.8258-05:00,historyserver,historyserver-demo-7768d9678d-tlplx,historyserver,2026-08-06T18:06:07Z,514675576000,1694556160
2026-08-06T13:06:14.824273-05:00,historyserver,historyserver-demo-7768d9678d-tlplx,historyserver,2026-08-06T18:06:07Z,514675576000,1694556160
2026-08-06T13:06:15.823719-05:00,historyserver,historyserver-demo-7768d9678d-tlplx,historyserver,2026-08-06T18:06:07Z,514675576000,1694556160
2026-08-06T13:06:16.823935-05:00,historyserver,historyserver-demo-7768d9678d-tlplx,historyserver,2026-08-06T18:06:07Z,514675576000,1694556160
2026-08-06T13:06:17.82389-05:00,historyserver,historyserver-demo-7768d9678d-tlplx,historyserver,2026-08-06T18:06:07Z,514675576000,1694556160
2026-08-06T13:06:18.824568-05:00,historyserver,historyserver-demo-7768d9678d-tlplx,historyserver,2026-08-06T18:06:07Z,514675576000,1694556160
2026-08-06T13:06:19.823887-05:00,historyserver,historyserver-demo-7768d9678d-tlplx,historyserver,2026-08-06T18:06:19Z,528010184000,1812680704
2026-08-06T13:06:20.824783-05:00,historyserver,historyserver-demo-7768d9678d-tlplx,historyserver,2026-08-06T18:06:19Z,528010184000,1812680704
2026-08-06T13:06:21.824302-05:00,historyserver,historyserver-demo-7768d9678d-tlplx,historyserver,2026-08-06T18:06:19Z,528010184000,1812680704
2026-08-06T13:06:22.824603-05:00,historyserver,historyserver-demo-7768d9678d-tlplx,historyserver,2026-08-06T18:06:19Z,528010184000,1812680704
2026-08-06T13:06:23.82442-05:00,historyserver,historyserver-demo-7768d9678d-tlplx,historyserver,2026-08-06T18:06:19Z,528010184000,1812680704
2026-08-06T13:06:24.824366-05:00,historyserver,historyserver-demo-7768d9678d-tlplx,historyserver,2026-08-06T18:06:19Z,528010184000,1812680704
2026-08-06T13:06:25.824019-05:00,historyserver,historyserver-demo-7768d9678d-tlplx,historyserver,2026-08-06T18:06:19Z,528010184000,1812680704
2026-08-06T13:06:26.823549-05:00,historyserver,historyserver-demo-7768d9678d-tlplx,historyserver,2026-08-06T18:06:19Z,528010184000,1812680704
2026-08-06T13:06:27.824405-05:00,historyserver,historyserver-demo-7768d9678d-tlplx,historyserver,2026-08-06T18:06:19Z,528010184000,1812680704
2026-08-06T13:06:28.824278-05:00,historyserver,historyserver-demo-7768d9678d-tlplx,historyserver,2026-08-06T18:06:19Z,528010184000,1812680704
2026-08-06T13:06:29.823708-05:00,historyserver,historyserver-demo-7768d9678d-tlplx,historyserver,2026-08-06T18:06:19Z,528010184000,1812680704
2026-08-06T13:06:30.824118-05:00,historyserver,historyserver-demo-7768d9678d-tlplx,historyserver,2026-08-06T18:06:19Z,528010184000,1812680704
2026-08-06T13:06:31.824406-05:00,historyserver,historyserver-demo-7768d9678d-tlplx,historyserver,2026-08-06T18:06:19Z,528010184000,1812680704
2026-08-06T13:06:32.824482-05:00,historyserver,historyserver-demo-7768d9678d-tlplx,historyserver,2026-08-06T18:06:19Z,528010184000,1812680704
2026-08-06T13:06:33.823968-05:00,historyserver,historyserver-demo-7768d9678d-tlplx,historyserver,2026-08-06T18:06:19Z,528010184000,1812680704
2026-08-06T13:06:34.824547-05:00,historyserver,historyserver-demo-7768d9678d-tlplx,historyserver,2026-08-06T18:06:19Z,528010184000,1812680704
2026-08-06T13:06:35.824178-05:00,historyserver,historyserver-demo-7768d9678d-tlplx,historyserver,2026-08-06T18:06:19Z,528010184000,1812680704
2026-08-06T13:06:36.823989-05:00,historyserver,historyserver-demo-7768d9678d-tlplx,historyserver,2026-08-06T18:06:36Z,550293977000,1757605888
2026-08-06T13:06:37.824164-05:00,historyserver,historyserver-demo-7768d9678d-tlplx,historyserver,2026-08-06T18:06:36Z,550293977000,1757605888
2026-08-06T13:06:38.823996-05:00,historyserver,historyserver-demo-7768d9678d-tlplx,historyserver,2026-08-06T18:06:36Z,550293977000,1757605888
2026-08-06T13:06:39.824442-05:00,historyserver,historyserver-demo-7768d9678d-tlplx,historyserver,2026-08-06T18:06:36Z,550293977000,1757605888
2026-08-06T13:06:40.82446-05:00,historyserver,historyserver-demo-7768d9678d-tlplx,historyserver,2026-08-06T18:06:36Z,550293977000,1757605888
2026-08-06T13:06:41.824055-05:00,historyserver,historyserver-demo-7768d9678d-tlplx,historyserver,2026-08-06T18:06:36Z,550293977000,1757605888
2026-08-06T13:06:42.824125-05:00,historyserver,historyserver-demo-7768d9678d-tlplx,historyserver,2026-08-06T18:06:36Z,550293977000,1757605888
2026-08-06T13:06:43.823575-05:00,historyserver,historyserver-demo-7768d9678d-tlplx,historyserver,2026-08-06T18:06:36Z,550293977000,1757605888
2026-08-06T13:06:44.824005-05:00,historyserver,historyserver-demo-7768d9678d-tlplx,historyserver,2026-08-06T18:06:36Z,550293977000,1757605888
2026-08-06T13:06:45.824271-05:00,historyserver,historyserver-demo-7768d9678d-tlplx,historyserver,2026-08-06T18:06:36Z,550293977000,1757605888
2026-08-06T13:06:46.824489-05:00,historyserver,historyserver-demo-7768d9678d-tlplx,historyserver,2026-08-06T18:06:36Z,550293977000,1757605888
2026-08-06T13:06:47.824049-05:00,historyserver,historyserver-demo-7768d9678d-tlplx,historyserver,2026-08-06T18:06:47Z,563584224000,1699844096
2026-08-06T13:06:48.824676-05:00,historyserver,historyserver-demo-7768d9678d-tlplx,historyserver,2026-08-06T18:06:47Z,563584224000,1699844096
2026-08-06T13:06:49.824513-05:00,historyserver,historyserver-demo-7768d9678d-tlplx,historyserver,2026-08-06T18:06:47Z,563584224000,1699844096
2026-08-06T13:06:50.824527-05:00,historyserver,historyserver-demo-7768d9678d-tlplx,historyserver,2026-08-06T18:06:47Z,563584224000,1699844096
2026-08-06T13:06:51.82422-05:00,historyserver,historyserver-demo-7768d9678d-tlplx,historyserver,2026-08-06T18:06:47Z,563584224000,1699844096
2026-08-06T13:06:52.823801-05:00,historyserver,historyserver-demo-7768d9678d-tlplx,historyserver,2026-08-06T18:06:47Z,563584224000,1699844096
2026-08-06T13:06:53.824332-05:00,historyserver,historyserver-demo-7768d9678d-tlplx,historyserver,2026-08-06T18:06:47Z,563584224000,1699844096
2026-08-06T13:06:54.824408-05:00,historyserver,historyserver-demo-7768d9678d-tlplx,historyserver,2026-08-06T18:06:47Z,563584224000,1699844096
2026-08-06T13:06:55.824562-05:00,historyserver,historyserver-demo-7768d9678d-tlplx,historyserver,2026-08-06T18:06:47Z,563584224000,1699844096
2026-08-06T13:06:56.823599-05:00,historyserver,historyserver-demo-7768d9678d-tlplx,historyserver,2026-08-06T18:06:47Z,563584224000,1699844096
2026-08-06T13:06:57.82415-05:00,historyserver,historyserver-demo-7768d9678d-tlplx,historyserver,2026-08-06T18:06:47Z,563584224000,1699844096
2026-08-06T13:06:58.824371-05:00,historyserver,historyserver-demo-7768d9678d-tlplx,historyserver,2026-08-06T18:06:47Z,563584224000,1699844096
2026-08-06T13:06:59.82435-05:00,historyserver,historyserver-demo-7768d9678d-tlplx,historyserver,2026-08-06T18:06:47Z,563584224000,1699844096
2026-08-06T13:07:00.824583-05:00,historyserver,historyserver-demo-7768d9678d-tlplx,historyserver,2026-08-06T18:06:47Z,563584224000,1699844096
2026-08-06T13:07:01.824237-05:00,historyserver,historyserver-demo-7768d9678d-tlplx,historyserver,2026-08-06T18:06:47Z,563584224000,1699844096
2026-08-06T13:07:02.824261-05:00,historyserver,historyserver-demo-7768d9678d-tlplx,historyserver,2026-08-06T18:06:47Z,563584224000,1699844096
2026-08-06T13:07:03.824158-05:00,historyserver,historyserver-demo-7768d9678d-tlplx,historyserver,2026-08-06T18:06:47Z,563584224000,1699844096
2026-08-06T13:07:04.824601-05:00,historyserver,historyserver-demo-7768d9678d-tlplx,historyserver,2026-08-06T18:06:47Z,563584224000,1699844096
2026-08-06T13:07:05.824298-05:00,historyserver,historyserver-demo-7768d9678d-tlplx,historyserver,2026-08-06T18:06:47Z,563584224000,1699844096
2026-08-06T13:07:06.824258-05:00,historyserver,historyserver-demo-7768d9678d-tlplx,historyserver,2026-08-06T18:06:47Z,563584224000,1699844096
2026-08-06T13:07:07.824197-05:00,historyserver,historyserver-demo-7768d9678d-tlplx,historyserver,2026-08-06T18:07:07Z,589274634000,1980764160
2026-08-06T13:07:08.823615-05:00,historyserver,historyserver-demo-7768d9678d-tlplx,historyserver,2026-08-06T18:07:07Z,589274634000,1980764160
2026-08-06T13:07:09.824659-05:00,historyserver,historyserver-demo-7768d9678d-tlplx,historyserver,2026-08-06T18:07:07Z,589274634000,1980764160
2026-08-06T13:07:10.824206-05:00,historyserver,historyserver-demo-7768d9678d-tlplx,historyserver,2026-08-06T18:07:07Z,589274634000,1980764160
2026-08-06T13:07:11.824342-05:00,historyserver,historyserver-demo-7768d9678d-tlplx,historyserver,2026-08-06T18:07:07Z,589274634000,1980764160
2026-08-06T13:07:12.824293-05:00,historyserver,historyserver-demo-7768d9678d-tlplx,historyserver,2026-08-06T18:07:07Z,589274634000,1980764160
2026-08-06T13:07:13.824724-05:00,historyserver,historyserver-demo-7768d9678d-tlplx,historyserver,2026-08-06T18:07:07Z,589274634000,1980764160
2026-08-06T13:07:14.824715-05:00,historyserver,historyserver-demo-7768d9678d-tlplx,historyserver,2026-08-06T18:07:07Z,589274634000,1980764160
2026-08-06T13:07:15.824297-05:00,historyserver,historyserver-demo-7768d9678d-tlplx,historyserver,2026-08-06T18:07:07Z,589274634000,1980764160
2026-08-06T13:07:16.824777-05:00,historyserver,historyserver-demo-7768d9678d-tlplx,historyserver,2026-08-06T18:07:07Z,589274634000,1980764160
2026-08-06T13:07:17.824575-05:00,historyserver,historyserver-demo-7768d9678d-tlplx,historyserver,2026-08-06T18:07:07Z,589274634000,1980764160
2026-08-06T13:07:18.824365-05:00,historyserver,historyserver-demo-7768d9678d-tlplx,historyserver,2026-08-06T18:07:07Z,589274634000,1980764160
2026-08-06T13:07:19.824383-05:00,historyserver,historyserver-demo-7768d9678d-tlplx,historyserver,2026-08-06T18:07:07Z,589274634000,1980764160
2026-08-06T13:07:20.823807-05:00,historyserver,historyserver-demo-7768d9678d-tlplx,historyserver,2026-08-06T18:07:19Z,601841927000,2229743616
2026-08-06T13:07:21.824395-05:00,historyserver,historyserver-demo-7768d9678d-tlplx,historyserver,2026-08-06T18:07:19Z,601841927000,2229743616
2026-08-06T13:07:22.824448-05:00,historyserver,historyserver-demo-7768d9678d-tlplx,historyserver,2026-08-06T18:07:19Z,601841927000,2229743616
2026-08-06T13:07:23.824464-05:00,historyserver,historyserver-demo-7768d9678d-tlplx,historyserver,2026-08-06T18:07:19Z,601841927000,2229743616
2026-08-06T13:07:24.824755-05:00,historyserver,historyserver-demo-7768d9678d-tlplx,historyserver,2026-08-06T18:07:19Z,601841927000,2229743616
2026-08-06T13:07:25.824757-05:00,historyserver,historyserver-demo-7768d9678d-tlplx,historyserver,2026-08-06T18:07:19Z,601841927000,2229743616
2026-08-06T13:07:26.824755-05:00,historyserver,historyserver-demo-7768d9678d-tlplx,historyserver,2026-08-06T18:07:19Z,601841927000,2229743616
2026-08-06T13:07:27.824786-05:00,historyserver,historyserver-demo-7768d9678d-tlplx,historyserver,2026-08-06T18:07:19Z,601841927000,2229743616
2026-08-06T13:07:28.824305-05:00,historyserver,historyserver-demo-7768d9678d-tlplx,historyserver,2026-08-06T18:07:19Z,601841927000,2229743616
2026-08-06T13:07:29.82477-05:00,historyserver,historyserver-demo-7768d9678d-tlplx,historyserver,2026-08-06T18:07:19Z,601841927000,2229743616
2026-08-06T13:07:30.824016-05:00,historyserver,historyserver-demo-7768d9678d-tlplx,historyserver,2026-08-06T18:07:19Z,601841927000,2229743616
2026-08-06T13:07:31.82552-05:00,historyserver,historyserver-demo-7768d9678d-tlplx,historyserver,2026-08-06T18:07:19Z,601841927000,2229743616
2026-08-06T13:07:32.824754-05:00,historyserver,historyserver-demo-7768d9678d-tlplx,historyserver,2026-08-06T18:07:19Z,601841927000,2229743616
2026-08-06T13:07:33.824626-05:00,historyserver,historyserver-demo-7768d9678d-tlplx,historyserver,2026-08-06T18:07:19Z,601841927000,2229743616
2026-08-06T13:07:34.82485-05:00,historyserver,historyserver-demo-7768d9678d-tlplx,historyserver,2026-08-06T18:07:33Z,618819887000,2278416384
2026-08-06T13:07:35.824808-05:00,historyserver,historyserver-demo-7768d9678d-tlplx,historyserver,2026-08-06T18:07:33Z,618819887000,2278416384
2026-08-06T13:07:36.825068-05:00,historyserver,historyserver-demo-7768d9678d-tlplx,historyserver,2026-08-06T18:07:33Z,618819887000,2278416384
2026-08-06T13:07:37.824939-05:00,historyserver,historyserver-demo-7768d9678d-tlplx,historyserver,2026-08-06T18:07:33Z,618819887000,2278416384
2026-08-06T13:07:38.825019-05:00,historyserver,historyserver-demo-7768d9678d-tlplx,historyserver,2026-08-06T18:07:33Z,618819887000,2278416384
2026-08-06T13:07:39.824048-05:00,historyserver,historyserver-demo-7768d9678d-tlplx,historyserver,2026-08-06T18:07:33Z,618819887000,2278416384
2026-08-06T13:07:40.82407-05:00,historyserver,historyserver-demo-7768d9678d-tlplx,historyserver,2026-08-06T18:07:33Z,618819887000,2278416384
2026-08-06T13:07:41.824425-05:00,historyserver,historyserver-demo-7768d9678d-tlplx,historyserver,2026-08-06T18:07:33Z,618819887000,2278416384
2026-08-06T13:07:42.824838-05:00,historyserver,historyserver-demo-7768d9678d-tlplx,historyserver,2026-08-06T18:07:33Z,618819887000,2278416384
2026-08-06T13:07:43.824873-05:00,historyserver,historyserver-demo-7768d9678d-tlplx,historyserver,2026-08-06T18:07:33Z,618819887000,2278416384
2026-08-06T13:07:44.824282-05:00,historyserver,historyserver-demo-7768d9678d-tlplx,historyserver,2026-08-06T18:07:33Z,618819887000,2278416384
2026-08-06T13:07:45.824408-05:00,historyserver,historyserver-demo-7768d9678d-tlplx,historyserver,2026-08-06T18:07:45Z,620912336000,2235416576
2026-08-06T13:07:46.824577-05:00,historyserver,historyserver-demo-7768d9678d-tlplx,historyserver,2026-08-06T18:07:45Z,620912336000,2235416576
2026-08-06T13:07:47.824461-05:00,historyserver,historyserver-demo-7768d9678d-tlplx,historyserver,2026-08-06T18:07:45Z,620912336000,2235416576
2026-08-06T13:07:48.824927-05:00,historyserver,historyserver-demo-7768d9678d-tlplx,historyserver,2026-08-06T18:07:45Z,620912336000,2235416576
2026-08-06T13:07:49.824473-05:00,historyserver,historyserver-demo-7768d9678d-tlplx,historyserver,2026-08-06T18:07:45Z,620912336000,2235416576
2026-08-06T13:07:50.824072-05:00,historyserver,historyserver-demo-7768d9678d-tlplx,historyserver,2026-08-06T18:07:45Z,620912336000,2235416576
2026-08-06T13:07:51.824988-05:00,historyserver,historyserver-demo-7768d9678d-tlplx,historyserver,2026-08-06T18:07:45Z,620912336000,2235416576
2026-08-06T13:07:52.824483-05:00,historyserver,historyserver-demo-7768d9678d-tlplx,historyserver,2026-08-06T18:07:45Z,620912336000,2235416576
2026-08-06T13:07:53.824782-05:00,historyserver,historyserver-demo-7768d9678d-tlplx,historyserver,2026-08-06T18:07:45Z,620912336000,2235416576
2026-08-06T13:07:54.825002-05:00,historyserver,historyserver-demo-7768d9678d-tlplx,historyserver,2026-08-06T18:07:45Z,620912336000,2235416576
2026-08-06T13:07:55.824965-05:00,historyserver,historyserver-demo-7768d9678d-tlplx,historyserver,2026-08-06T18:07:45Z,620912336000,2235416576
2026-08-06T13:07:56.824971-05:00,historyserver,historyserver-demo-7768d9678d-tlplx,historyserver,2026-08-06T18:07:45Z,620912336000,2235416576
2026-08-06T13:07:57.824978-05:00,historyserver,historyserver-demo-7768d9678d-tlplx,historyserver,2026-08-06T18:07:45Z,620912336000,2235416576
2026-08-06T13:07:58.824523-05:00,historyserver,historyserver-demo-7768d9678d-tlplx,historyserver,2026-08-06T18:07:45Z,620912336000,2235416576
2026-08-06T13:07:59.82501-05:00,historyserver,historyserver-demo-7768d9678d-tlplx,historyserver,2026-08-06T18:07:45Z,620912336000,2235416576
2026-08-06T13:08:00.825029-05:00,historyserver,historyserver-demo-7768d9678d-tlplx,historyserver,2026-08-06T18:08:00Z,638371200000,1309691904
2026-08-06T13:08:01.824405-05:00,historyserver,historyserver-demo-7768d9678d-tlplx,historyserver,2026-08-06T18:08:00Z,638371200000,1309691904
2026-08-06T13:08:02.825053-05:00,historyserver,historyserver-demo-7768d9678d-tlplx,historyserver,2026-08-06T18:08:00Z,638371200000,1309691904
2026-08-06T13:08:03.824695-05:00,historyserver,historyserver-demo-7768d9678d-tlplx,historyserver,2026-08-06T18:08:00Z,638371200000,1309691904
2026-08-06T13:08:04.824506-05:00,historyserver,historyserver-demo-7768d9678d-tlplx,historyserver,2026-08-06T18:08:00Z,638371200000,1309691904
2026-08-06T13:08:05.824351-05:00,historyserver,historyserver-demo-7768d9678d-tlplx,historyserver,2026-08-06T18:08:00Z,638371200000,1309691904
2026-08-06T13:08:06.824949-05:00,historyserver,historyserver-demo-7768d9678d-tlplx,historyserver,2026-08-06T18:08:00Z,638371200000,1309691904
2026-08-06T13:08:07.824733-05:00,historyserver,historyserver-demo-7768d9678d-tlplx,historyserver,2026-08-06T18:08:00Z,638371200000,1309691904
2026-08-06T13:08:08.824048-05:00,historyserver,historyserver-demo-7768d9678d-tlplx,historyserver,2026-08-06T18:08:00Z,638371200000,1309691904
2026-08-06T13:08:09.824575-05:00,historyserver,historyserver-demo-7768d9678d-tlplx,historyserver,2026-08-06T18:08:00Z,638371200000,1309691904
2026-08-06T13:08:10.824569-05:00,historyserver,historyserver-demo-7768d9678d-tlplx,historyserver,2026-08-06T18:08:00Z,638371200000,1309691904
2026-08-06T13:08:11.825707-05:00,historyserver,historyserver-demo-7768d9678d-tlplx,historyserver,2026-08-06T18:08:00Z,638371200000,1309691904
2026-08-06T13:08:12.824928-05:00,historyserver,historyserver-demo-7768d9678d-tlplx,historyserver,2026-08-06T18:08:00Z,638371200000,1309691904
2026-08-06T13:08:13.824793-05:00,historyserver,historyserver-demo-7768d9678d-tlplx,historyserver,2026-08-06T18:08:13Z,652988778000,1631510528
2026-08-06T13:08:14.825108-05:00,historyserver,historyserver-demo-7768d9678d-tlplx,historyserver,2026-08-06T18:08:13Z,652988778000,1631510528
2026-08-06T13:08:15.824194-05:00,historyserver,historyserver-demo-7768d9678d-tlplx,historyserver,2026-08-06T18:08:13Z,652988778000,1631510528
2026-08-06T13:08:16.825231-05:00,historyserver,historyserver-demo-7768d9678d-tlplx,historyserver,2026-08-06T18:08:13Z,652988778000,1631510528
2026-08-06T13:08:17.825148-05:00,historyserver,historyserver-demo-7768d9678d-tlplx,historyserver,2026-08-06T18:08:13Z,652988778000,1631510528
2026-08-06T13:08:18.824705-05:00,historyserver,historyserver-demo-7768d9678d-tlplx,historyserver,2026-08-06T18:08:13Z,652988778000,1631510528
2026-08-06T13:08:19.825085-05:00,historyserver,historyserver-demo-7768d9678d-tlplx,historyserver,2026-08-06T18:08:13Z,652988778000,1631510528
2026-08-06T13:08:20.824829-05:00,historyserver,historyserver-demo-7768d9678d-tlplx,historyserver,2026-08-06T18:08:13Z,652988778000,1631510528
2026-08-06T13:08:21.825177-05:00,historyserver,historyserver-demo-7768d9678d-tlplx,historyserver,2026-08-06T18:08:13Z,652988778000,1631510528
2026-08-06T13:08:22.824736-05:00,historyserver,historyserver-demo-7768d9678d-tlplx,historyserver,2026-08-06T18:08:13Z,652988778000,1631510528
2026-08-06T13:08:23.825177-05:00,historyserver,historyserver-demo-7768d9678d-tlplx,historyserver,2026-08-06T18:08:13Z,652988778000,1631510528
2026-08-06T13:08:24.825042-05:00,historyserver,historyserver-demo-7768d9678d-tlplx,historyserver,2026-08-06T18:08:13Z,652988778000,1631510528
2026-08-06T13:08:25.824683-05:00,historyserver,historyserver-demo-7768d9678d-tlplx,historyserver,2026-08-06T18:08:13Z,652988778000,1631510528
2026-08-06T13:08:26.824884-05:00,historyserver,historyserver-demo-7768d9678d-tlplx,historyserver,2026-08-06T18:08:13Z,652988778000,1631510528
2026-08-06T13:08:27.824784-05:00,historyserver,historyserver-demo-7768d9678d-tlplx,historyserver,2026-08-06T18:08:13Z,652988778000,1631510528
2026-08-06T13:08:28.825244-05:00,historyserver,historyserver-demo-7768d9678d-tlplx,historyserver,2026-08-06T18:08:13Z,652988778000,1631510528
2026-08-06T13:08:29.825238-05:00,historyserver,historyserver-demo-7768d9678d-tlplx,historyserver,2026-08-06T18:08:13Z,652988778000,1631510528
2026-08-06T13:08:30.82487-05:00,historyserver,historyserver-demo-7768d9678d-tlplx,historyserver,2026-08-06T18:08:13Z,652988778000,1631510528
2026-08-06T13:08:31.82482-05:00,historyserver,historyserver-demo-7768d9678d-tlplx,historyserver,2026-08-06T18:08:31Z,674680317000,1468329984
2026-08-06T13:08:32.824761-05:00,historyserver,historyserver-demo-7768d9678d-tlplx,historyserver,2026-08-06T18:08:31Z,674680317000,1468329984
2026-08-06T13:08:33.825243-05:00,historyserver,historyserver-demo-7768d9678d-tlplx,historyserver,2026-08-06T18:08:31Z,674680317000,1468329984
2026-08-06T13:08:34.825281-05:00,historyserver,historyserver-demo-7768d9678d-tlplx,historyserver,2026-08-06T18:08:31Z,674680317000,1468329984
2026-08-06T13:08:35.824813-05:00,historyserver,historyserver-demo-7768d9678d-tlplx,historyserver,2026-08-06T18:08:31Z,674680317000,1468329984
2026-08-06T13:08:36.824996-05:00,historyserver,historyserver-demo-7768d9678d-tlplx,historyserver,2026-08-06T18:08:31Z,674680317000,1468329984
2026-08-06T13:08:37.82485-05:00,historyserver,historyserver-demo-7768d9678d-tlplx,historyserver,2026-08-06T18:08:31Z,674680317000,1468329984
2026-08-06T13:08:38.824907-05:00,historyserver,historyserver-demo-7768d9678d-tlplx,historyserver,2026-08-06T18:08:31Z,674680317000,1468329984
2026-08-06T13:08:39.824491-05:00,historyserver,historyserver-demo-7768d9678d-tlplx,historyserver,2026-08-06T18:08:31Z,674680317000,1468329984
2026-08-06T13:08:40.824937-05:00,historyserver,historyserver-demo-7768d9678d-tlplx,historyserver,2026-08-06T18:08:31Z,674680317000,1468329984
2026-08-06T13:08:41.825298-05:00,historyserver,historyserver-demo-7768d9678d-tlplx,historyserver,2026-08-06T18:08:31Z,674680317000,1468329984
2026-08-06T13:08:42.824788-05:00,historyserver,historyserver-demo-7768d9678d-tlplx,historyserver,2026-08-06T18:08:31Z,674680317000,1468329984
2026-08-06T13:08:43.825271-05:00,historyserver,historyserver-demo-7768d9678d-tlplx,historyserver,2026-08-06T18:08:31Z,674680317000,1468329984
2026-08-06T13:08:44.825141-05:00,historyserver,historyserver-demo-7768d9678d-tlplx,historyserver,2026-08-06T18:08:31Z,674680317000,1468329984
2026-08-06T13:08:45.824836-05:00,historyserver,historyserver-demo-7768d9678d-tlplx,historyserver,2026-08-06T18:08:31Z,674680317000,1468329984
2026-08-06T13:08:46.824872-05:00,historyserver,historyserver-demo-7768d9678d-tlplx,historyserver,2026-08-06T18:08:31Z,674680317000,1468329984
2026-08-06T13:08:47.824998-05:00,historyserver,historyserver-demo-7768d9678d-tlplx,historyserver,2026-08-06T18:08:31Z,674680317000,1468329984
2026-08-06T13:08:48.824897-05:00,historyserver,historyserver-demo-7768d9678d-tlplx,historyserver,2026-08-06T18:08:48Z,694724895000,1436581888
2026-08-06T13:08:49.824833-05:00,historyserver,historyserver-demo-7768d9678d-tlplx,historyserver,2026-08-06T18:08:48Z,694724895000,1436581888
2026-08-06T13:08:50.825937-05:00,historyserver,historyserver-demo-7768d9678d-tlplx,historyserver,2026-08-06T18:08:48Z,694724895000,1436581888
2026-08-06T13:08:51.825352-05:00,historyserver,historyserver-demo-7768d9678d-tlplx,historyserver,2026-08-06T18:08:48Z,694724895000,1436581888
2026-08-06T13:08:52.8249-05:00,historyserver,historyserver-demo-7768d9678d-tlplx,historyserver,2026-08-06T18:08:48Z,694724895000,1436581888
2026-08-06T13:08:53.824976-05:00,historyserver,historyserver-demo-7768d9678d-tlplx,historyserver,2026-08-06T18:08:48Z,694724895000,1436581888
2026-08-06T13:08:54.824916-05:00,historyserver,historyserver-demo-7768d9678d-tlplx,historyserver,2026-08-06T18:08:48Z,694724895000,1436581888
2026-08-06T13:08:55.825404-05:00,historyserver,historyserver-demo-7768d9678d-tlplx,historyserver,2026-08-06T18:08:48Z,694724895000,1436581888
2026-08-06T13:08:56.824991-05:00,historyserver,historyserver-demo-7768d9678d-tlplx,historyserver,2026-08-06T18:08:48Z,694724895000,1436581888
2026-08-06T13:08:57.824983-05:00,historyserver,historyserver-demo-7768d9678d-tlplx,historyserver,2026-08-06T18:08:48Z,694724895000,1436581888
2026-08-06T13:08:58.825418-05:00,historyserver,historyserver-demo-7768d9678d-tlplx,historyserver,2026-08-06T18:08:48Z,694724895000,1436581888
2026-08-06T13:08:59.8249-05:00,historyserver,historyserver-demo-7768d9678d-tlplx,historyserver,2026-08-06T18:08:48Z,694724895000,1436581888
2026-08-06T13:09:00.825421-05:00,historyserver,historyserver-demo-7768d9678d-tlplx,historyserver,2026-08-06T18:08:48Z,694724895000,1436581888
2026-08-06T13:09:01.825431-05:00,historyserver,historyserver-demo-7768d9678d-tlplx,historyserver,2026-08-06T18:08:48Z,694724895000,1436581888
2026-08-06T13:09:02.824902-05:00,historyserver,historyserver-demo-7768d9678d-tlplx,historyserver,2026-08-06T18:08:48Z,694724895000,1436581888
2026-08-06T13:09:03.824927-05:00,historyserver,historyserver-demo-7768d9678d-tlplx,historyserver,2026-08-06T18:08:48Z,694724895000,1436581888
2026-08-06T13:09:04.824968-05:00,historyserver,historyserver-demo-7768d9678d-tlplx,historyserver,2026-08-06T18:08:48Z,694724895000,1436581888
2026-08-06T13:09:05.825119-05:00,historyserver,historyserver-demo-7768d9678d-tlplx,historyserver,2026-08-06T18:08:48Z,694724895000,1436581888
2026-08-06T13:09:06.824619-05:00,historyserver,historyserver-demo-7768d9678d-tlplx,historyserver,2026-08-06T18:08:48Z,694724895000,1436581888
2026-08-06T13:09:07.825321-05:00,historyserver,historyserver-demo-7768d9678d-tlplx,historyserver,2026-08-06T18:09:07Z,717389041000,1453268992
2026-08-06T13:09:08.824933-05:00,historyserver,historyserver-demo-7768d9678d-tlplx,historyserver,2026-08-06T18:09:07Z,717389041000,1453268992
2026-08-06T13:09:09.824944-05:00,historyserver,historyserver-demo-7768d9678d-tlplx,historyserver,2026-08-06T18:09:07Z,717389041000,1453268992
2026-08-06T13:09:10.825197-05:00,historyserver,historyserver-demo-7768d9678d-tlplx,historyserver,2026-08-06T18:09:07Z,717389041000,1453268992
2026-08-06T13:09:11.825502-05:00,historyserver,historyserver-demo-7768d9678d-tlplx,historyserver,2026-08-06T18:09:07Z,717389041000,1453268992
2026-08-06T13:09:12.825483-05:00,historyserver,historyserver-demo-7768d9678d-tlplx,historyserver,2026-08-06T18:09:07Z,717389041000,1453268992
2026-08-06T13:09:13.825111-05:00,historyserver,historyserver-demo-7768d9678d-tlplx,historyserver,2026-08-06T18:09:07Z,717389041000,1453268992
2026-08-06T13:09:14.825525-05:00,historyserver,historyserver-demo-7768d9678d-tlplx,historyserver,2026-08-06T18:09:07Z,717389041000,1453268992
2026-08-06T13:09:15.825089-05:00,historyserver,historyserver-demo-7768d9678d-tlplx,historyserver,2026-08-06T18:09:07Z,717389041000,1453268992
2026-08-06T13:09:16.825071-05:00,historyserver,historyserver-demo-7768d9678d-tlplx,historyserver,2026-08-06T18:09:07Z,717389041000,1453268992
2026-08-06T13:09:17.825189-05:00,historyserver,historyserver-demo-7768d9678d-tlplx,historyserver,2026-08-06T18:09:07Z,717389041000,1453268992
2026-08-06T13:09:18.825-05:00,historyserver,historyserver-demo-7768d9678d-tlplx,historyserver,2026-08-06T18:09:07Z,717389041000,1453268992
2026-08-06T13:09:19.825097-05:00,historyserver,historyserver-demo-7768d9678d-tlplx,historyserver,2026-08-06T18:09:07Z,717389041000,1453268992
2026-08-06T13:09:20.824702-05:00,historyserver,historyserver-demo-7768d9678d-tlplx,historyserver,2026-08-06T18:09:07Z,717389041000,1453268992
2026-08-06T13:09:21.825348-05:00,historyserver,historyserver-demo-7768d9678d-tlplx,historyserver,2026-08-06T18:09:07Z,717389041000,1453268992
2026-08-06T13:09:22.82556-05:00,historyserver,historyserver-demo-7768d9678d-tlplx,historyserver,2026-08-06T18:09:07Z,717389041000,1453268992
2026-08-06T13:09:23.825088-05:00,historyserver,historyserver-demo-7768d9678d-tlplx,historyserver,2026-08-06T18:09:07Z,717389041000,1453268992
2026-08-06T13:09:24.825165-05:00,historyserver,historyserver-demo-7768d9678d-tlplx,historyserver,2026-08-06T18:09:07Z,717389041000,1453268992
2026-08-06T13:09:25.825067-05:00,historyserver,historyserver-demo-7768d9678d-tlplx,historyserver,2026-08-06T18:09:07Z,717389041000,1453268992
2026-08-06T13:09:26.825084-05:00,historyserver,historyserver-demo-7768d9678d-tlplx,historyserver,2026-08-06T18:09:07Z,717389041000,1453268992
2026-08-06T13:09:27.825119-05:00,historyserver,historyserver-demo-7768d9678d-tlplx,historyserver,2026-08-06T18:09:26Z,742988090000,1916977152
2026-08-06T13:09:28.825202-05:00,historyserver,historyserver-demo-7768d9678d-tlplx,historyserver,2026-08-06T18:09:26Z,742988090000,1916977152
2026-08-06T13:09:29.825633-05:00,historyserver,historyserver-demo-7768d9678d-tlplx,historyserver,2026-08-06T18:09:26Z,742988090000,1916977152
2026-08-06T13:09:30.825938-05:00,historyserver,historyserver-demo-7768d9678d-tlplx,historyserver,2026-08-06T18:09:26Z,742988090000,1916977152
2026-08-06T13:09:31.825645-05:00,historyserver,historyserver-demo-7768d9678d-tlplx,historyserver,2026-08-06T18:09:26Z,742988090000,1916977152
2026-08-06T13:09:32.825231-05:00,historyserver,historyserver-demo-7768d9678d-tlplx,historyserver,2026-08-06T18:09:26Z,742988090000,1916977152
2026-08-06T13:09:33.825379-05:00,historyserver,historyserver-demo-7768d9678d-tlplx,historyserver,2026-08-06T18:09:26Z,742988090000,1916977152
2026-08-06T13:09:34.825633-05:00,historyserver,historyserver-demo-7768d9678d-tlplx,historyserver,2026-08-06T18:09:26Z,742988090000,1916977152
2026-08-06T13:09:35.825625-05:00,historyserver,historyserver-demo-7768d9678d-tlplx,historyserver,2026-08-06T18:09:26Z,742988090000,1916977152
2026-08-06T13:09:36.825678-05:00,historyserver,historyserver-demo-7768d9678d-tlplx,historyserver,2026-08-06T18:09:26Z,742988090000,1916977152
2026-08-06T13:09:37.825181-05:00,historyserver,historyserver-demo-7768d9678d-tlplx,historyserver,2026-08-06T18:09:26Z,742988090000,1916977152
2026-08-06T13:09:38.825209-05:00,historyserver,historyserver-demo-7768d9678d-tlplx,historyserver,2026-08-06T18:09:26Z,742988090000,1916977152
2026-08-06T13:09:39.825112-05:00,historyserver,historyserver-demo-7768d9678d-tlplx,historyserver,2026-08-06T18:09:26Z,742988090000,1916977152
2026-08-06T13:09:40.825684-05:00,historyserver,historyserver-demo-7768d9678d-tlplx,historyserver,2026-08-06T18:09:26Z,742988090000,1916977152
2026-08-06T13:09:41.825254-05:00,historyserver,historyserver-demo-7768d9678d-tlplx,historyserver,2026-08-06T18:09:41Z,762877829000,1939709952
2026-08-06T13:09:42.825476-05:00,historyserver,historyserver-demo-7768d9678d-tlplx,historyserver,2026-08-06T18:09:41Z,762877829000,1939709952
2026-08-06T13:09:43.825237-05:00,historyserver,historyserver-demo-7768d9678d-tlplx,historyserver,2026-08-06T18:09:41Z,762877829000,1939709952
2026-08-06T13:09:44.825147-05:00,historyserver,historyserver-demo-7768d9678d-tlplx,historyserver,2026-08-06T18:09:41Z,762877829000,1939709952
2026-08-06T13:09:45.825719-05:00,historyserver,historyserver-demo-7768d9678d-tlplx,historyserver,2026-08-06T18:09:41Z,762877829000,1939709952
2026-08-06T13:09:46.8254-05:00,historyserver,historyserver-demo-7768d9678d-tlplx,historyserver,2026-08-06T18:09:41Z,762877829000,1939709952
2026-08-06T13:09:47.825312-05:00,historyserver,historyserver-demo-7768d9678d-tlplx,historyserver,2026-08-06T18:09:41Z,762877829000,1939709952
2026-08-06T13:09:48.825193-05:00,historyserver,historyserver-demo-7768d9678d-tlplx,historyserver,2026-08-06T18:09:41Z,762877829000,1939709952
2026-08-06T13:09:49.825205-05:00,historyserver,historyserver-demo-7768d9678d-tlplx,historyserver,2026-08-06T18:09:41Z,762877829000,1939709952
2026-08-06T13:09:50.825223-05:00,historyserver,historyserver-demo-7768d9678d-tlplx,historyserver,2026-08-06T18:09:41Z,762877829000,1939709952
2026-08-06T13:09:51.825225-05:00,historyserver,historyserver-demo-7768d9678d-tlplx,historyserver,2026-08-06T18:09:41Z,762877829000,1939709952
2026-08-06T13:09:52.825342-05:00,historyserver,historyserver-demo-7768d9678d-tlplx,historyserver,2026-08-06T18:09:41Z,762877829000,1939709952
2026-08-06T13:09:53.825942-05:00,historyserver,historyserver-demo-7768d9678d-tlplx,historyserver,2026-08-06T18:09:41Z,762877829000,1939709952
2026-08-06T13:09:54.825493-05:00,historyserver,historyserver-demo-7768d9678d-tlplx,historyserver,2026-08-06T18:09:41Z,762877829000,1939709952
2026-08-06T13:09:55.825438-05:00,historyserver,historyserver-demo-7768d9678d-tlplx,historyserver,2026-08-06T18:09:41Z,762877829000,1939709952
2026-08-06T13:09:56.825783-05:00,historyserver,historyserver-demo-7768d9678d-tlplx,historyserver,2026-08-06T18:09:41Z,762877829000,1939709952
2026-08-06T13:09:57.825005-05:00,historyserver,historyserver-demo-7768d9678d-tlplx,historyserver,2026-08-06T18:09:41Z,762877829000,1939709952
2026-08-06T13:09:58.825286-05:00,historyserver,historyserver-demo-7768d9678d-tlplx,historyserver,2026-08-06T18:09:41Z,762877829000,1939709952
2026-08-06T13:09:59.825802-05:00,historyserver,historyserver-demo-7768d9678d-tlplx,historyserver,2026-08-06T18:09:41Z,762877829000,1939709952
2026-08-06T13:10:00.825803-05:00,historyserver,historyserver-demo-7768d9678d-tlplx,historyserver,2026-08-06T18:09:41Z,762877829000,1939709952
2026-08-06T13:10:01.825367-05:00,historyserver,historyserver-demo-7768d9678d-tlplx,historyserver,2026-08-06T18:10:01Z,782961915000,2135199744
2026-08-06T13:10:02.825508-05:00,historyserver,historyserver-demo-7768d9678d-tlplx,historyserver,2026-08-06T18:10:01Z,782961915000,2135199744
2026-08-06T13:10:03.825353-05:00,historyserver,historyserver-demo-7768d9678d-tlplx,historyserver,2026-08-06T18:10:01Z,782961915000,2135199744
2026-08-06T13:10:04.825845-05:00,historyserver,historyserver-demo-7768d9678d-tlplx,historyserver,2026-08-06T18:10:01Z,782961915000,2135199744
2026-08-06T13:10:05.825873-05:00,historyserver,historyserver-demo-7768d9678d-tlplx,historyserver,2026-08-06T18:10:01Z,782961915000,2135199744
2026-08-06T13:10:06.825349-05:00,historyserver,historyserver-demo-7768d9678d-tlplx,historyserver,2026-08-06T18:10:01Z,782961915000,2135199744
2026-08-06T13:10:07.825887-05:00,historyserver,historyserver-demo-7768d9678d-tlplx,historyserver,2026-08-06T18:10:01Z,782961915000,2135199744
2026-08-06T13:10:08.825881-05:00,historyserver,historyserver-demo-7768d9678d-tlplx,historyserver,2026-08-06T18:10:01Z,782961915000,2135199744
2026-08-06T13:10:09.825462-05:00,historyserver,historyserver-demo-7768d9678d-tlplx,historyserver,2026-08-06T18:10:01Z,782961915000,2135199744
2026-08-06T13:10:10.825895-05:00,historyserver,historyserver-demo-7768d9678d-tlplx,historyserver,2026-08-06T18:10:01Z,782961915000,2135199744
2026-08-06T13:10:11.82562-05:00,historyserver,historyserver-demo-7768d9678d-tlplx,historyserver,2026-08-06T18:10:01Z,782961915000,2135199744
2026-08-06T13:10:12.825393-05:00,historyserver,historyserver-demo-7768d9678d-tlplx,historyserver,2026-08-06T18:10:01Z,782961915000,2135199744
2026-08-06T13:10:13.825427-05:00,historyserver,historyserver-demo-7768d9678d-tlplx,historyserver,2026-08-06T18:10:01Z,782961915000,2135199744
2026-08-06T13:10:14.825422-05:00,historyserver,historyserver-demo-7768d9678d-tlplx,historyserver,2026-08-06T18:10:01Z,782961915000,2135199744
2026-08-06T13:10:15.825772-05:00,historyserver,historyserver-demo-7768d9678d-tlplx,historyserver,2026-08-06T18:10:01Z,782961915000,2135199744
2026-08-06T13:10:16.825423-05:00,historyserver,historyserver-demo-7768d9678d-tlplx,historyserver,2026-08-06T18:10:16Z,797594931000,1121902592
2026-08-06T13:10:17.825963-05:00,historyserver,historyserver-demo-7768d9678d-tlplx,historyserver,2026-08-06T18:10:16Z,797594931000,1121902592
2026-08-06T13:10:18.825398-05:00,historyserver,historyserver-demo-7768d9678d-tlplx,historyserver,2026-08-06T18:10:16Z,797594931000,1121902592
2026-08-06T13:10:19.825974-05:00,historyserver,historyserver-demo-7768d9678d-tlplx,historyserver,2026-08-06T18:10:16Z,797594931000,1121902592
2026-08-06T13:10:20.82599-05:00,historyserver,historyserver-demo-7768d9678d-tlplx,historyserver,2026-08-06T18:10:16Z,797594931000,1121902592
2026-08-06T13:10:21.825961-05:00,historyserver,historyserver-demo-7768d9678d-tlplx,historyserver,2026-08-06T18:10:16Z,797594931000,1121902592
2026-08-06T13:10:22.825567-05:00,historyserver,historyserver-demo-7768d9678d-tlplx,historyserver,2026-08-06T18:10:16Z,797594931000,1121902592
2026-08-06T13:10:23.825996-05:00,historyserver,historyserver-demo-7768d9678d-tlplx,historyserver,2026-08-06T18:10:16Z,797594931000,1121902592
2026-08-06T13:10:24.825217-05:00,historyserver,historyserver-demo-7768d9678d-tlplx,historyserver,2026-08-06T18:10:16Z,797594931000,1121902592
2026-08-06T13:10:25.825509-05:00,historyserver,historyserver-demo-7768d9678d-tlplx,historyserver,2026-08-06T18:10:16Z,797594931000,1121902592
2026-08-06T13:10:26.825498-05:00,historyserver,historyserver-demo-7768d9678d-tlplx,historyserver,2026-08-06T18:10:16Z,797594931000,1121902592
2026-08-06T13:10:27.825112-05:00,historyserver,historyserver-demo-7768d9678d-tlplx,historyserver,2026-08-06T18:10:16Z,797594931000,1121902592
2026-08-06T13:10:28.825608-05:00,historyserver,historyserver-demo-7768d9678d-tlplx,historyserver,2026-08-06T18:10:16Z,797594931000,1121902592
2026-08-06T13:10:29.825113-05:00,historyserver,historyserver-demo-7768d9678d-tlplx,historyserver,2026-08-06T18:10:16Z,797594931000,1121902592
2026-08-06T13:10:30.825536-05:00,historyserver,historyserver-demo-7768d9678d-tlplx,historyserver,2026-08-06T18:10:29Z,812695555000,1403654144
2026-08-06T13:10:31.826087-05:00,historyserver,historyserver-demo-7768d9678d-tlplx,historyserver,2026-08-06T18:10:29Z,812695555000,1403654144
2026-08-06T13:10:32.825918-05:00,historyserver,historyserver-demo-7768d9678d-tlplx,historyserver,2026-08-06T18:10:29Z,812695555000,1403654144
2026-08-06T13:10:33.826154-05:00,historyserver,historyserver-demo-7768d9678d-tlplx,historyserver,2026-08-06T18:10:29Z,812695555000,1403654144
2026-08-06T13:10:34.825739-05:00,historyserver,historyserver-demo-7768d9678d-tlplx,historyserver,2026-08-06T18:10:29Z,812695555000,1403654144
2026-08-06T13:10:35.825672-05:00,historyserver,historyserver-demo-7768d9678d-tlplx,historyserver,2026-08-06T18:10:29Z,812695555000,1403654144
2026-08-06T13:10:36.825523-05:00,historyserver,historyserver-demo-7768d9678d-tlplx,historyserver,2026-08-06T18:10:29Z,812695555000,1403654144
2026-08-06T13:10:37.82599-05:00,historyserver,historyserver-demo-7768d9678d-tlplx,historyserver,2026-08-06T18:10:29Z,812695555000,1403654144
2026-08-06T13:10:38.825707-05:00,historyserver,historyserver-demo-7768d9678d-tlplx,historyserver,2026-08-06T18:10:29Z,812695555000,1403654144
2026-08-06T13:10:39.8261-05:00,historyserver,historyserver-demo-7768d9678d-tlplx,historyserver,2026-08-06T18:10:29Z,812695555000,1403654144
2026-08-06T13:10:40.825584-05:00,historyserver,historyserver-demo-7768d9678d-tlplx,historyserver,2026-08-06T18:10:29Z,812695555000,1403654144
2026-08-06T13:10:41.826083-05:00,historyserver,historyserver-demo-7768d9678d-tlplx,historyserver,2026-08-06T18:10:29Z,812695555000,1403654144
2026-08-06T13:10:42.825501-05:00,historyserver,historyserver-demo-7768d9678d-tlplx,historyserver,2026-08-06T18:10:29Z,812695555000,1403654144
2026-08-06T13:10:43.826402-05:00,historyserver,historyserver-demo-7768d9678d-tlplx,historyserver,2026-08-06T18:10:29Z,812695555000,1403654144
2026-08-06T13:10:44.825233-05:00,historyserver,historyserver-demo-7768d9678d-tlplx,historyserver,2026-08-06T18:10:29Z,812695555000,1403654144
2026-08-06T13:10:45.825614-05:00,historyserver,historyserver-demo-7768d9678d-tlplx,historyserver,2026-08-06T18:10:29Z,812695555000,1403654144
2026-08-06T13:10:46.825843-05:00,historyserver,historyserver-demo-7768d9678d-tlplx,historyserver,2026-08-06T18:10:29Z,812695555000,1403654144
2026-08-06T13:10:47.826607-05:00,historyserver,historyserver-demo-7768d9678d-tlplx,historyserver,2026-08-06T18:10:29Z,812695555000,1403654144
2026-08-06T13:10:48.825537-05:00,historyserver,historyserver-demo-7768d9678d-tlplx,historyserver,2026-08-06T18:10:48Z,835124572000,1661280256
2026-08-06T13:10:49.825191-05:00,historyserver,historyserver-demo-7768d9678d-tlplx,historyserver,2026-08-06T18:10:48Z,835124572000,1661280256
2026-08-06T13:10:50.826457-05:00,historyserver,historyserver-demo-7768d9678d-tlplx,historyserver,2026-08-06T18:10:48Z,835124572000,1661280256
2026-08-06T13:10:51.826249-05:00,historyserver,historyserver-demo-7768d9678d-tlplx,historyserver,2026-08-06T18:10:48Z,835124572000,1661280256
2026-08-06T13:10:52.826942-05:00,historyserver,historyserver-demo-7768d9678d-tlplx,historyserver,2026-08-06T18:10:48Z,835124572000,1661280256
2026-08-06T13:10:53.82619-05:00,historyserver,historyserver-demo-7768d9678d-tlplx,historyserver,2026-08-06T18:10:48Z,835124572000,1661280256
2026-08-06T13:10:54.826163-05:00,historyserver,historyserver-demo-7768d9678d-tlplx,historyserver,2026-08-06T18:10:48Z,835124572000,1661280256
2026-08-06T13:10:55.826518-05:00,historyserver,historyserver-demo-7768d9678d-tlplx,historyserver,2026-08-06T18:10:48Z,835124572000,1661280256
2026-08-06T13:10:56.826474-05:00,historyserver,historyserver-demo-7768d9678d-tlplx,historyserver,2026-08-06T18:10:48Z,835124572000,1661280256
2026-08-06T13:10:57.825857-05:00,historyserver,historyserver-demo-7768d9678d-tlplx,historyserver,2026-08-06T18:10:48Z,835124572000,1661280256
2026-08-06T13:10:58.826461-05:00,historyserver,historyserver-demo-7768d9678d-tlplx,historyserver,2026-08-06T18:10:48Z,835124572000,1661280256
2026-08-06T13:10:59.825617-05:00,historyserver,historyserver-demo-7768d9678d-tlplx,historyserver,2026-08-06T18:10:48Z,835124572000,1661280256
2026-08-06T13:11:00.82623-05:00,historyserver,historyserver-demo-7768d9678d-tlplx,historyserver,2026-08-06T18:10:48Z,835124572000,1661280256
2026-08-06T13:11:01.826214-05:00,historyserver,historyserver-demo-7768d9678d-tlplx,historyserver,2026-08-06T18:10:48Z,835124572000,1661280256
2026-08-06T13:11:02.826766-05:00,historyserver,historyserver-demo-7768d9678d-tlplx,historyserver,2026-08-06T18:10:48Z,835124572000,1661280256
2026-08-06T13:11:03.826682-05:00,historyserver,historyserver-demo-7768d9678d-tlplx,historyserver,2026-08-06T18:10:48Z,835124572000,1661280256
2026-08-06T13:11:04.825765-05:00,historyserver,historyserver-demo-7768d9678d-tlplx,historyserver,2026-08-06T18:11:04Z,854390576000,1862860800
2026-08-06T13:11:05.826678-05:00,historyserver,historyserver-demo-7768d9678d-tlplx,historyserver,2026-08-06T18:11:04Z,854390576000,1862860800
2026-08-06T13:11:06.825655-05:00,historyserver,historyserver-demo-7768d9678d-tlplx,historyserver,2026-08-06T18:11:04Z,854390576000,1862860800
2026-08-06T13:11:07.826709-05:00,historyserver,historyserver-demo-7768d9678d-tlplx,historyserver,2026-08-06T18:11:04Z,854390576000,1862860800
2026-08-06T13:11:08.82643-05:00,historyserver,historyserver-demo-7768d9678d-tlplx,historyserver,2026-08-06T18:11:04Z,854390576000,1862860800
2026-08-06T13:11:09.825668-05:00,historyserver,historyserver-demo-7768d9678d-tlplx,historyserver,2026-08-06T18:11:04Z,854390576000,1862860800
2026-08-06T13:11:10.826693-05:00,historyserver,historyserver-demo-7768d9678d-tlplx,historyserver,2026-08-06T18:11:04Z,854390576000,1862860800
2026-08-06T13:11:11.825828-05:00,historyserver,historyserver-demo-7768d9678d-tlplx,historyserver,2026-08-06T18:11:04Z,854390576000,1862860800
2026-08-06T13:11:12.82854-05:00,historyserver,historyserver-demo-7768d9678d-tlplx,historyserver,2026-08-06T18:11:04Z,854390576000,1862860800
2026-08-06T13:11:13.825607-05:00,historyserver,historyserver-demo-7768d9678d-tlplx,historyserver,2026-08-06T18:11:04Z,854390576000,1862860800
2026-08-06T13:11:14.826725-05:00,historyserver,historyserver-demo-7768d9678d-tlplx,historyserver,2026-08-06T18:11:04Z,854390576000,1862860800
2026-08-06T13:11:15.826557-05:00,historyserver,historyserver-demo-7768d9678d-tlplx,historyserver,2026-08-06T18:11:04Z,854390576000,1862860800
2026-08-06T13:11:16.825537-05:00,historyserver,historyserver-demo-7768d9678d-tlplx,historyserver,2026-08-06T18:11:16Z,867680959000,1868877824
2026-08-06T13:11:17.826657-05:00,historyserver,historyserver-demo-7768d9678d-tlplx,historyserver,2026-08-06T18:11:16Z,867680959000,1868877824
2026-08-06T13:11:18.825821-05:00,historyserver,historyserver-demo-7768d9678d-tlplx,historyserver,2026-08-06T18:11:16Z,867680959000,1868877824
2026-08-06T13:11:19.827029-05:00,historyserver,historyserver-demo-7768d9678d-tlplx,historyserver,2026-08-06T18:11:16Z,867680959000,1868877824
2026-08-06T13:11:20.827103-05:00,historyserver,historyserver-demo-7768d9678d-tlplx,historyserver,2026-08-06T18:11:16Z,867680959000,1868877824
2026-08-06T13:11:21.827515-05:00,historyserver,historyserver-demo-7768d9678d-tlplx,historyserver,2026-08-06T18:11:16Z,867680959000,1868877824
2026-08-06T13:11:22.827561-05:00,historyserver,historyserver-demo-7768d9678d-tlplx,historyserver,2026-08-06T18:11:16Z,867680959000,1868877824
2026-08-06T13:11:23.827488-05:00,historyserver,historyserver-demo-7768d9678d-tlplx,historyserver,2026-08-06T18:11:16Z,867680959000,1868877824
2026-08-06T13:11:24.827539-05:00,historyserver,historyserver-demo-7768d9678d-tlplx,historyserver,2026-08-06T18:11:16Z,867680959000,1868877824
2026-08-06T13:11:25.826857-05:00,historyserver,historyserver-demo-7768d9678d-tlplx,historyserver,2026-08-06T18:11:16Z,867680959000,1868877824
2026-08-06T13:11:26.825483-05:00,historyserver,historyserver-demo-7768d9678d-tlplx,historyserver,2026-08-06T18:11:16Z,867680959000,1868877824
2026-08-06T13:11:27.826777-05:00,historyserver,historyserver-demo-7768d9678d-tlplx,historyserver,2026-08-06T18:11:16Z,867680959000,1868877824
2026-08-06T13:11:28.827092-05:00,historyserver,historyserver-demo-7768d9678d-tlplx,historyserver,2026-08-06T18:11:16Z,867680959000,1868877824
2026-08-06T13:11:29.826945-05:00,historyserver,historyserver-demo-7768d9678d-tlplx,historyserver,2026-08-06T18:11:16Z,867680959000,1868877824
2026-08-06T13:11:30.826888-05:00,historyserver,historyserver-demo-7768d9678d-tlplx,historyserver,2026-08-06T18:11:16Z,867680959000,1868877824
2026-08-06T13:11:31.825511-05:00,historyserver,historyserver-demo-7768d9678d-tlplx,historyserver,2026-08-06T18:11:16Z,867680959000,1868877824
2026-08-06T13:11:32.826821-05:00,historyserver,historyserver-demo-7768d9678d-tlplx,historyserver,2026-08-06T18:11:32Z,888507136000,2041384960
2026-08-06T13:11:33.826454-05:00,historyserver,historyserver-demo-7768d9678d-tlplx,historyserver,2026-08-06T18:11:32Z,888507136000,2041384960
2026-08-06T13:11:34.82555-05:00,historyserver,historyserver-demo-7768d9678d-tlplx,historyserver,2026-08-06T18:11:32Z,888507136000,2041384960
2026-08-06T13:11:35.826878-05:00,historyserver,historyserver-demo-7768d9678d-tlplx,historyserver,2026-08-06T18:11:32Z,888507136000,2041384960
2026-08-06T13:11:36.825558-05:00,historyserver,historyserver-demo-7768d9678d-tlplx,historyserver,2026-08-06T18:11:32Z,888507136000,2041384960
2026-08-06T13:11:37.826691-05:00,historyserver,historyserver-demo-7768d9678d-tlplx,historyserver,2026-08-06T18:11:32Z,888507136000,2041384960
2026-08-06T13:11:38.826706-05:00,historyserver,historyserver-demo-7768d9678d-tlplx,historyserver,2026-08-06T18:11:32Z,888507136000,2041384960
2026-08-06T13:11:39.826152-05:00,historyserver,historyserver-demo-7768d9678d-tlplx,historyserver,2026-08-06T18:11:32Z,888507136000,2041384960
2026-08-06T13:11:40.825617-05:00,historyserver,historyserver-demo-7768d9678d-tlplx,historyserver,2026-08-06T18:11:32Z,888507136000,2041384960
2026-08-06T13:11:41.827007-05:00,historyserver,historyserver-demo-7768d9678d-tlplx,historyserver,2026-08-06T18:11:32Z,888507136000,2041384960
2026-08-06T13:11:42.82733-05:00,historyserver,historyserver-demo-7768d9678d-tlplx,historyserver,2026-08-06T18:11:32Z,888507136000,2041384960
2026-08-06T13:11:43.825995-05:00,historyserver,historyserver-demo-7768d9678d-tlplx,historyserver,2026-08-06T18:11:32Z,888507136000,2041384960
2026-08-06T13:11:44.826513-05:00,historyserver,historyserver-demo-7768d9678d-tlplx,historyserver,2026-08-06T18:11:44Z,902466824000,2523959296
2026-08-06T13:11:45.825889-05:00,historyserver,historyserver-demo-7768d9678d-tlplx,historyserver,2026-08-06T18:11:44Z,902466824000,2523959296
2026-08-06T13:11:46.826104-05:00,historyserver,historyserver-demo-7768d9678d-tlplx,historyserver,2026-08-06T18:11:44Z,902466824000,2523959296
2026-08-06T13:11:47.826551-05:00,historyserver,historyserver-demo-7768d9678d-tlplx,historyserver,2026-08-06T18:11:44Z,902466824000,2523959296
2026-08-06T13:11:48.826321-05:00,historyserver,historyserver-demo-7768d9678d-tlplx,historyserver,2026-08-06T18:11:44Z,902466824000,2523959296
2026-08-06T13:11:49.826008-05:00,historyserver,historyserver-demo-7768d9678d-tlplx,historyserver,2026-08-06T18:11:44Z,902466824000,2523959296
2026-08-06T13:11:50.825976-05:00,historyserver,historyserver-demo-7768d9678d-tlplx,historyserver,2026-08-06T18:11:44Z,902466824000,2523959296
2026-08-06T13:11:51.82596-05:00,historyserver,historyserver-demo-7768d9678d-tlplx,historyserver,2026-08-06T18:11:44Z,902466824000,2523959296
2026-08-06T13:11:52.826078-05:00,historyserver,historyserver-demo-7768d9678d-tlplx,historyserver,2026-08-06T18:11:44Z,902466824000,2523959296
2026-08-06T13:11:53.826026-05:00,historyserver,historyserver-demo-7768d9678d-tlplx,historyserver,2026-08-06T18:11:44Z,902466824000,2523959296
2026-08-06T13:11:54.82597-05:00,historyserver,historyserver-demo-7768d9678d-tlplx,historyserver,2026-08-06T18:11:44Z,902466824000,2523959296
2026-08-06T13:11:55.825972-05:00,historyserver,historyserver-demo-7768d9678d-tlplx,historyserver,2026-08-06T18:11:44Z,902466824000,2523959296
2026-08-06T13:11:56.826082-05:00,historyserver,historyserver-demo-7768d9678d-tlplx,historyserver,2026-08-06T18:11:56Z,916611942000,2524037120
2026-08-06T13:11:57.826105-05:00,historyserver,historyserver-demo-7768d9678d-tlplx,historyserver,2026-08-06T18:11:56Z,916611942000,2524037120
2026-08-06T13:11:58.826636-05:00,historyserver,historyserver-demo-7768d9678d-tlplx,historyserver,2026-08-06T18:11:56Z,916611942000,2524037120
2026-08-06T13:11:59.826035-05:00,historyserver,historyserver-demo-7768d9678d-tlplx,historyserver,2026-08-06T18:11:56Z,916611942000,2524037120
2026-08-06T13:12:00.826637-05:00,historyserver,historyserver-demo-7768d9678d-tlplx,historyserver,2026-08-06T18:11:56Z,916611942000,2524037120
2026-08-06T13:12:01.826111-05:00,historyserver,historyserver-demo-7768d9678d-tlplx,historyserver,2026-08-06T18:11:56Z,916611942000,2524037120
2026-08-06T13:12:02.826022-05:00,historyserver,historyserver-demo-7768d9678d-tlplx,historyserver,2026-08-06T18:11:56Z,916611942000,2524037120
2026-08-06T13:12:03.826651-05:00,historyserver,historyserver-demo-7768d9678d-tlplx,historyserver,2026-08-06T18:11:56Z,916611942000,2524037120
2026-08-06T13:12:04.826085-05:00,historyserver,historyserver-demo-7768d9678d-tlplx,historyserver,2026-08-06T18:11:56Z,916611942000,2524037120
2026-08-06T13:12:05.826331-05:00,historyserver,historyserver-demo-7768d9678d-tlplx,historyserver,2026-08-06T18:11:56Z,916611942000,2524037120
2026-08-06T13:12:06.826162-05:00,historyserver,historyserver-demo-7768d9678d-tlplx,historyserver,2026-08-06T18:11:56Z,916611942000,2524037120
2026-08-06T13:12:07.82572-05:00,historyserver,historyserver-demo-7768d9678d-tlplx,historyserver,2026-08-06T18:11:56Z,916611942000,2524037120
2026-08-06T13:12:08.826235-05:00,historyserver,historyserver-demo-7768d9678d-tlplx,historyserver,2026-08-06T18:11:56Z,916611942000,2524037120
2026-08-06T13:12:09.826683-05:00,historyserver,historyserver-demo-7768d9678d-tlplx,historyserver,2026-08-06T18:11:56Z,916611942000,2524037120
2026-08-06T13:12:10.82673-05:00,historyserver,historyserver-demo-7768d9678d-tlplx,historyserver,2026-08-06T18:11:56Z,916611942000,2524037120
2026-08-06T13:12:11.826077-05:00,historyserver,historyserver-demo-7768d9678d-tlplx,historyserver,2026-08-06T18:11:56Z,916611942000,2524037120
2026-08-06T13:12:12.826721-05:00,historyserver,historyserver-demo-7768d9678d-tlplx,historyserver,2026-08-06T18:11:56Z,916611942000,2524037120
2026-08-06T13:12:13.826121-05:00,historyserver,historyserver-demo-7768d9678d-tlplx,historyserver,2026-08-06T18:12:13Z,937002919000,2622529536
2026-08-06T13:12:14.826728-05:00,historyserver,historyserver-demo-7768d9678d-tlplx,historyserver,2026-08-06T18:12:13Z,937002919000,2622529536
2026-08-06T13:12:15.826785-05:00,historyserver,historyserver-demo-7768d9678d-tlplx,historyserver,2026-08-06T18:12:13Z,937002919000,2622529536
2026-08-06T13:12:16.826759-05:00,historyserver,historyserver-demo-7768d9678d-tlplx,historyserver,2026-08-06T18:12:13Z,937002919000,2622529536
2026-08-06T13:12:17.826129-05:00,historyserver,historyserver-demo-7768d9678d-tlplx,historyserver,2026-08-06T18:12:13Z,937002919000,2622529536
2026-08-06T13:12:18.826459-05:00,historyserver,historyserver-demo-7768d9678d-tlplx,historyserver,2026-08-06T18:12:13Z,937002919000,2622529536
2026-08-06T13:12:19.826492-05:00,historyserver,historyserver-demo-7768d9678d-tlplx,historyserver,2026-08-06T18:12:13Z,937002919000,2622529536
2026-08-06T13:12:20.826142-05:00,historyserver,historyserver-demo-7768d9678d-tlplx,historyserver,2026-08-06T18:12:13Z,937002919000,2622529536
2026-08-06T13:12:21.82661-05:00,historyserver,historyserver-demo-7768d9678d-tlplx,historyserver,2026-08-06T18:12:13Z,937002919000,2622529536
2026-08-06T13:12:22.826478-05:00,historyserver,historyserver-demo-7768d9678d-tlplx,historyserver,2026-08-06T18:12:13Z,937002919000,2622529536
2026-08-06T13:12:23.826815-05:00,historyserver,historyserver-demo-7768d9678d-tlplx,historyserver,2026-08-06T18:12:13Z,937002919000,2622529536
2026-08-06T13:12:24.826189-05:00,historyserver,historyserver-demo-7768d9678d-tlplx,historyserver,2026-08-06T18:12:13Z,937002919000,2622529536
2026-08-06T13:12:25.826028-05:00,historyserver,historyserver-demo-7768d9678d-tlplx,historyserver,2026-08-06T18:12:13Z,937002919000,2622529536
2026-08-06T13:12:26.826244-05:00,historyserver,historyserver-demo-7768d9678d-tlplx,historyserver,2026-08-06T18:12:13Z,937002919000,2622529536
2026-08-06T13:12:27.826239-05:00,historyserver,historyserver-demo-7768d9678d-tlplx,historyserver,2026-08-06T18:12:13Z,937002919000,2622529536
2026-08-06T13:12:28.826806-05:00,historyserver,historyserver-demo-7768d9678d-tlplx,historyserver,2026-08-06T18:12:13Z,937002919000,2622529536
2026-08-06T13:12:29.826199-05:00,historyserver,historyserver-demo-7768d9678d-tlplx,historyserver,2026-08-06T18:12:13Z,937002919000,2622529536
2026-08-06T13:12:30.826888-05:00,historyserver,historyserver-demo-7768d9678d-tlplx,historyserver,2026-08-06T18:12:13Z,937002919000,2622529536
2026-08-06T13:12:31.826265-05:00,historyserver,historyserver-demo-7768d9678d-tlplx,historyserver,2026-08-06T18:12:13Z,937002919000,2622529536
2026-08-06T13:12:32.826847-05:00,historyserver,historyserver-demo-7768d9678d-tlplx,historyserver,2026-08-06T18:12:32Z,947747499000,1144430592
2026-08-06T13:12:33.826026-05:00,historyserver,historyserver-demo-7768d9678d-tlplx,historyserver,2026-08-06T18:12:32Z,947747499000,1144430592
2026-08-06T13:12:34.826282-05:00,historyserver,historyserver-demo-7768d9678d-tlplx,historyserver,2026-08-06T18:12:32Z,947747499000,1144430592
2026-08-06T13:12:35.826901-05:00,historyserver,historyserver-demo-7768d9678d-tlplx,historyserver,2026-08-06T18:12:32Z,947747499000,1144430592
2026-08-06T13:12:36.8269-05:00,historyserver,historyserver-demo-7768d9678d-tlplx,historyserver,2026-08-06T18:12:32Z,947747499000,1144430592
2026-08-06T13:12:37.826898-05:00,historyserver,historyserver-demo-7768d9678d-tlplx,historyserver,2026-08-06T18:12:32Z,947747499000,1144430592
2026-08-06T13:12:38.826742-05:00,historyserver,historyserver-demo-7768d9678d-tlplx,historyserver,2026-08-06T18:12:32Z,947747499000,1144430592
2026-08-06T13:12:39.82694-05:00,historyserver,historyserver-demo-7768d9678d-tlplx,historyserver,2026-08-06T18:12:32Z,947747499000,1144430592
2026-08-06T13:12:40.826543-05:00,historyserver,historyserver-demo-7768d9678d-tlplx,historyserver,2026-08-06T18:12:32Z,947747499000,1144430592
2026-08-06T13:12:41.826354-05:00,historyserver,historyserver-demo-7768d9678d-tlplx,historyserver,2026-08-06T18:12:32Z,947747499000,1144430592
2026-08-06T13:12:42.826883-05:00,historyserver,historyserver-demo-7768d9678d-tlplx,historyserver,2026-08-06T18:12:32Z,947747499000,1144430592
2026-08-06T13:12:43.826378-05:00,historyserver,historyserver-demo-7768d9678d-tlplx,historyserver,2026-08-06T18:12:32Z,947747499000,1144430592
2026-08-06T13:12:44.826304-05:00,historyserver,historyserver-demo-7768d9678d-tlplx,historyserver,2026-08-06T18:12:44Z,960920683000,1610313728
2026-08-06T13:12:45.826351-05:00,historyserver,historyserver-demo-7768d9678d-tlplx,historyserver,2026-08-06T18:12:44Z,960920683000,1610313728
2026-08-06T13:12:46.826288-05:00,historyserver,historyserver-demo-7768d9678d-tlplx,historyserver,2026-08-06T18:12:44Z,960920683000,1610313728
2026-08-06T13:12:47.826469-05:00,historyserver,historyserver-demo-7768d9678d-tlplx,historyserver,2026-08-06T18:12:44Z,960920683000,1610313728
2026-08-06T13:12:48.826876-05:00,historyserver,historyserver-demo-7768d9678d-tlplx,historyserver,2026-08-06T18:12:44Z,960920683000,1610313728
2026-08-06T13:12:49.826571-05:00,historyserver,historyserver-demo-7768d9678d-tlplx,historyserver,2026-08-06T18:12:44Z,960920683000,1610313728
2026-08-06T13:12:50.826422-05:00,historyserver,historyserver-demo-7768d9678d-tlplx,historyserver,2026-08-06T18:12:44Z,960920683000,1610313728
2026-08-06T13:12:51.826433-05:00,historyserver,historyserver-demo-7768d9678d-tlplx,historyserver,2026-08-06T18:12:44Z,960920683000,1610313728
2026-08-06T13:12:52.82701-05:00,historyserver,historyserver-demo-7768d9678d-tlplx,historyserver,2026-08-06T18:12:44Z,960920683000,1610313728
2026-08-06T13:12:53.82641-05:00,historyserver,historyserver-demo-7768d9678d-tlplx,historyserver,2026-08-06T18:12:44Z,960920683000,1610313728
2026-08-06T13:12:54.82702-05:00,historyserver,historyserver-demo-7768d9678d-tlplx,historyserver,2026-08-06T18:12:44Z,960920683000,1610313728
2026-08-06T13:12:55.82712-05:00,historyserver,historyserver-demo-7768d9678d-tlplx,historyserver,2026-08-06T18:12:55Z,974976773000,1819639808
2026-08-06T13:12:56.826778-05:00,historyserver,historyserver-demo-7768d9678d-tlplx,historyserver,2026-08-06T18:12:55Z,974976773000,1819639808
2026-08-06T13:12:57.826474-05:00,historyserver,historyserver-demo-7768d9678d-tlplx,historyserver,2026-08-06T18:12:55Z,974976773000,1819639808
2026-08-06T13:12:58.826368-05:00,historyserver,historyserver-demo-7768d9678d-tlplx,historyserver,2026-08-06T18:12:55Z,974976773000,1819639808
2026-08-06T13:12:59.826365-05:00,historyserver,historyserver-demo-7768d9678d-tlplx,historyserver,2026-08-06T18:12:55Z,974976773000,1819639808
2026-08-06T13:13:00.82628-05:00,historyserver,historyserver-demo-7768d9678d-tlplx,historyserver,2026-08-06T18:12:55Z,974976773000,1819639808
2026-08-06T13:13:01.826384-05:00,historyserver,historyserver-demo-7768d9678d-tlplx,historyserver,2026-08-06T18:12:55Z,974976773000,1819639808
2026-08-06T13:13:02.827062-05:00,historyserver,historyserver-demo-7768d9678d-tlplx,historyserver,2026-08-06T18:12:55Z,974976773000,1819639808
2026-08-06T13:13:03.826475-05:00,historyserver,historyserver-demo-7768d9678d-tlplx,historyserver,2026-08-06T18:12:55Z,974976773000,1819639808
2026-08-06T13:13:04.826413-05:00,historyserver,historyserver-demo-7768d9678d-tlplx,historyserver,2026-08-06T18:12:55Z,974976773000,1819639808
2026-08-06T13:13:05.827099-05:00,historyserver,historyserver-demo-7768d9678d-tlplx,historyserver,2026-08-06T18:12:55Z,974976773000,1819639808
2026-08-06T13:13:06.826488-05:00,historyserver,historyserver-demo-7768d9678d-tlplx,historyserver,2026-08-06T18:12:55Z,974976773000,1819639808
2026-08-06T13:13:07.826681-05:00,historyserver,historyserver-demo-7768d9678d-tlplx,historyserver,2026-08-06T18:12:55Z,974976773000,1819639808
2026-08-06T13:13:08.82649-05:00,historyserver,historyserver-demo-7768d9678d-tlplx,historyserver,2026-08-06T18:12:55Z,974976773000,1819639808
2026-08-06T13:13:09.826505-05:00,historyserver,historyserver-demo-7768d9678d-tlplx,historyserver,2026-08-06T18:13:09Z,991005048000,1617457152
2026-08-06T13:13:10.826653-05:00,historyserver,historyserver-demo-7768d9678d-tlplx,historyserver,2026-08-06T18:13:09Z,991005048000,1617457152
2026-08-06T13:13:11.826522-05:00,historyserver,historyserver-demo-7768d9678d-tlplx,historyserver,2026-08-06T18:13:09Z,991005048000,1617457152
2026-08-06T13:13:12.827147-05:00,historyserver,historyserver-demo-7768d9678d-tlplx,historyserver,2026-08-06T18:13:09Z,991005048000,1617457152
2026-08-06T13:13:13.826447-05:00,historyserver,historyserver-demo-7768d9678d-tlplx,historyserver,2026-08-06T18:13:09Z,991005048000,1617457152
2026-08-06T13:13:14.826493-05:00,historyserver,historyserver-demo-7768d9678d-tlplx,historyserver,2026-08-06T18:13:09Z,991005048000,1617457152
2026-08-06T13:13:15.827179-05:00,historyserver,historyserver-demo-7768d9678d-tlplx,historyserver,2026-08-06T18:13:09Z,991005048000,1617457152
2026-08-06T13:13:16.827188-05:00,historyserver,historyserver-demo-7768d9678d-tlplx,historyserver,2026-08-06T18:13:09Z,991005048000,1617457152
2026-08-06T13:13:17.826544-05:00,historyserver,historyserver-demo-7768d9678d-tlplx,historyserver,2026-08-06T18:13:09Z,991005048000,1617457152
2026-08-06T13:13:18.826175-05:00,historyserver,historyserver-demo-7768d9678d-tlplx,historyserver,2026-08-06T18:13:09Z,991005048000,1617457152
2026-08-06T13:13:19.826615-05:00,historyserver,historyserver-demo-7768d9678d-tlplx,historyserver,2026-08-06T18:13:09Z,991005048000,1617457152
2026-08-06T13:13:20.826556-05:00,historyserver,historyserver-demo-7768d9678d-tlplx,historyserver,2026-08-06T18:13:09Z,991005048000,1617457152
2026-08-06T13:13:21.827154-05:00,historyserver,historyserver-demo-7768d9678d-tlplx,historyserver,2026-08-06T18:13:09Z,991005048000,1617457152
2026-08-06T13:13:22.82659-05:00,historyserver,historyserver-demo-7768d9678d-tlplx,historyserver,2026-08-06T18:13:09Z,991005048000,1617457152
2026-08-06T13:13:23.826232-05:00,historyserver,historyserver-demo-7768d9678d-tlplx,historyserver,2026-08-06T18:13:09Z,991005048000,1617457152
2026-08-06T13:13:24.827086-05:00,historyserver,historyserver-demo-7768d9678d-tlplx,historyserver,2026-08-06T18:13:09Z,991005048000,1617457152
2026-08-06T13:13:25.827266-05:00,historyserver,historyserver-demo-7768d9678d-tlplx,historyserver,2026-08-06T18:13:09Z,991005048000,1617457152
2026-08-06T13:13:26.826547-05:00,historyserver,historyserver-demo-7768d9678d-tlplx,historyserver,2026-08-06T18:13:26Z,1011563665000,1782697984
2026-08-06T13:13:27.826709-05:00,historyserver,historyserver-demo-7768d9678d-tlplx,historyserver,2026-08-06T18:13:26Z,1011563665000,1782697984
2026-08-06T13:13:28.826543-05:00,historyserver,historyserver-demo-7768d9678d-tlplx,historyserver,2026-08-06T18:13:26Z,1011563665000,1782697984
2026-08-06T13:13:29.827234-05:00,historyserver,historyserver-demo-7768d9678d-tlplx,historyserver,2026-08-06T18:13:26Z,1011563665000,1782697984
2026-08-06T13:13:30.827267-05:00,historyserver,historyserver-demo-7768d9678d-tlplx,historyserver,2026-08-06T18:13:26Z,1011563665000,1782697984
2026-08-06T13:13:31.826511-05:00,historyserver,historyserver-demo-7768d9678d-tlplx,historyserver,2026-08-06T18:13:26Z,1011563665000,1782697984
2026-08-06T13:13:32.827275-05:00,historyserver,historyserver-demo-7768d9678d-tlplx,historyserver,2026-08-06T18:13:26Z,1011563665000,1782697984
2026-08-06T13:13:33.826695-05:00,historyserver,historyserver-demo-7768d9678d-tlplx,historyserver,2026-08-06T18:13:26Z,1011563665000,1782697984
2026-08-06T13:13:34.826639-05:00,historyserver,historyserver-demo-7768d9678d-tlplx,historyserver,2026-08-06T18:13:26Z,1011563665000,1782697984
2026-08-06T13:13:35.826313-05:00,historyserver,historyserver-demo-7768d9678d-tlplx,historyserver,2026-08-06T18:13:26Z,1011563665000,1782697984
2026-08-06T13:13:36.826665-05:00,historyserver,historyserver-demo-7768d9678d-tlplx,historyserver,2026-08-06T18:13:26Z,1011563665000,1782697984
2026-08-06T13:13:37.826656-05:00,historyserver,historyserver-demo-7768d9678d-tlplx,historyserver,2026-08-06T18:13:26Z,1011563665000,1782697984
2026-08-06T13:13:38.826892-05:00,historyserver,historyserver-demo-7768d9678d-tlplx,historyserver,2026-08-06T18:13:26Z,1011563665000,1782697984
2026-08-06T13:13:39.826697-05:00,historyserver,historyserver-demo-7768d9678d-tlplx,historyserver,2026-08-06T18:13:26Z,1011563665000,1782697984
2026-08-06T13:13:40.827249-05:00,historyserver,historyserver-demo-7768d9678d-tlplx,historyserver,2026-08-06T18:13:26Z,1011563665000,1782697984
2026-08-06T13:13:41.827316-05:00,historyserver,historyserver-demo-7768d9678d-tlplx,historyserver,2026-08-06T18:13:26Z,1011563665000,1782697984
2026-08-06T13:13:42.826642-05:00,historyserver,historyserver-demo-7768d9678d-tlplx,historyserver,2026-08-06T18:13:42Z,1031119028000,1741148160
2026-08-06T13:13:43.827263-05:00,historyserver,historyserver-demo-7768d9678d-tlplx,historyserver,2026-08-06T18:13:42Z,1031119028000,1741148160
2026-08-06T13:13:44.826737-05:00,historyserver,historyserver-demo-7768d9678d-tlplx,historyserver,2026-08-06T18:13:42Z,1031119028000,1741148160
2026-08-06T13:13:45.826649-05:00,historyserver,historyserver-demo-7768d9678d-tlplx,historyserver,2026-08-06T18:13:42Z,1031119028000,1741148160
2026-08-06T13:13:46.826359-05:00,historyserver,historyserver-demo-7768d9678d-tlplx,historyserver,2026-08-06T18:13:42Z,1031119028000,1741148160
2026-08-06T13:13:47.826655-05:00,historyserver,historyserver-demo-7768d9678d-tlplx,historyserver,2026-08-06T18:13:42Z,1031119028000,1741148160
2026-08-06T13:13:48.827363-05:00,historyserver,historyserver-demo-7768d9678d-tlplx,historyserver,2026-08-06T18:13:42Z,1031119028000,1741148160
2026-08-06T13:13:49.826801-05:00,historyserver,historyserver-demo-7768d9678d-tlplx,historyserver,2026-08-06T18:13:42Z,1031119028000,1741148160
2026-08-06T13:13:50.826679-05:00,historyserver,historyserver-demo-7768d9678d-tlplx,historyserver,2026-08-06T18:13:42Z,1031119028000,1741148160
2026-08-06T13:13:51.827334-05:00,historyserver,historyserver-demo-7768d9678d-tlplx,historyserver,2026-08-06T18:13:42Z,1031119028000,1741148160
2026-08-06T13:13:52.826692-05:00,historyserver,historyserver-demo-7768d9678d-tlplx,historyserver,2026-08-06T18:13:42Z,1031119028000,1741148160
2026-08-06T13:13:53.827439-05:00,historyserver,historyserver-demo-7768d9678d-tlplx,historyserver,2026-08-06T18:13:42Z,1031119028000,1741148160
2026-08-06T13:13:54.826713-05:00,historyserver,historyserver-demo-7768d9678d-tlplx,historyserver,2026-08-06T18:13:42Z,1031119028000,1741148160
2026-08-06T13:13:55.827062-05:00,historyserver,historyserver-demo-7768d9678d-tlplx,historyserver,2026-08-06T18:13:42Z,1031119028000,1741148160
2026-08-06T13:13:56.826652-05:00,historyserver,historyserver-demo-7768d9678d-tlplx,historyserver,2026-08-06T18:13:56Z,1047396426000,1975992320
2026-08-06T13:13:57.826759-05:00,historyserver,historyserver-demo-7768d9678d-tlplx,historyserver,2026-08-06T18:13:56Z,1047396426000,1975992320
2026-08-06T13:13:58.826897-05:00,historyserver,historyserver-demo-7768d9678d-tlplx,historyserver,2026-08-06T18:13:56Z,1047396426000,1975992320
2026-08-06T13:13:59.826846-05:00,historyserver,historyserver-demo-7768d9678d-tlplx,historyserver,2026-08-06T18:13:56Z,1047396426000,1975992320
2026-08-06T13:14:00.827495-05:00,historyserver,historyserver-demo-7768d9678d-tlplx,historyserver,2026-08-06T18:13:56Z,1047396426000,1975992320
2026-08-06T13:14:01.826503-05:00,historyserver,historyserver-demo-7768d9678d-tlplx,historyserver,2026-08-06T18:13:56Z,1047396426000,1975992320
2026-08-06T13:14:02.826493-05:00,historyserver,historyserver-demo-7768d9678d-tlplx,historyserver,2026-08-06T18:13:56Z,1047396426000,1975992320
2026-08-06T13:14:03.826816-05:00,historyserver,historyserver-demo-7768d9678d-tlplx,historyserver,2026-08-06T18:13:56Z,1047396426000,1975992320
2026-08-06T13:14:04.827154-05:00,historyserver,historyserver-demo-7768d9678d-tlplx,historyserver,2026-08-06T18:13:56Z,1047396426000,1975992320
2026-08-06T13:14:05.827351-05:00,historyserver,historyserver-demo-7768d9678d-tlplx,historyserver,2026-08-06T18:13:56Z,1047396426000,1975992320
2026-08-06T13:14:06.82682-05:00,historyserver,historyserver-demo-7768d9678d-tlplx,historyserver,2026-08-06T18:13:56Z,1047396426000,1975992320
2026-08-06T13:14:07.826822-05:00,historyserver,historyserver-demo-7768d9678d-tlplx,historyserver,2026-08-06T18:13:56Z,1047396426000,1975992320
2026-08-06T13:14:08.827555-05:00,historyserver,historyserver-demo-7768d9678d-tlplx,historyserver,2026-08-06T18:13:56Z,1047396426000,1975992320
2026-08-06T13:14:09.826862-05:00,historyserver,historyserver-demo-7768d9678d-tlplx,historyserver,2026-08-06T18:13:56Z,1047396426000,1975992320
2026-08-06T13:14:10.827251-05:00,historyserver,historyserver-demo-7768d9678d-tlplx,historyserver,2026-08-06T18:13:56Z,1047396426000,1975992320
2026-08-06T13:14:11.827446-05:00,historyserver,historyserver-demo-7768d9678d-tlplx,historyserver,2026-08-06T18:13:56Z,1047396426000,1975992320
2026-08-06T13:14:12.826695-05:00,historyserver,historyserver-demo-7768d9678d-tlplx,historyserver,2026-08-06T18:13:56Z,1047396426000,1975992320
2026-08-06T13:14:13.826891-05:00,historyserver,historyserver-demo-7768d9678d-tlplx,historyserver,2026-08-06T18:13:56Z,1047396426000,1975992320
2026-08-06T13:14:14.827133-05:00,historyserver,historyserver-demo-7768d9678d-tlplx,historyserver,2026-08-06T18:13:56Z,1047396426000,1975992320
2026-08-06T13:14:15.827554-05:00,historyserver,historyserver-demo-7768d9678d-tlplx,historyserver,2026-08-06T18:13:56Z,1047396426000,1975992320
2026-08-06T13:14:16.827756-05:00,historyserver,historyserver-demo-7768d9678d-tlplx,historyserver,2026-08-06T18:14:16Z,1071775418000,2194845696
2026-08-06T13:14:17.826927-05:00,historyserver,historyserver-demo-7768d9678d-tlplx,historyserver,2026-08-06T18:14:16Z,1071775418000,2194845696
2026-08-06T13:14:18.826889-05:00,historyserver,historyserver-demo-7768d9678d-tlplx,historyserver,2026-08-06T18:14:16Z,1071775418000,2194845696
2026-08-06T13:14:19.827558-05:00,historyserver,historyserver-demo-7768d9678d-tlplx,historyserver,2026-08-06T18:14:16Z,1071775418000,2194845696
2026-08-06T13:14:20.827475-05:00,historyserver,historyserver-demo-7768d9678d-tlplx,historyserver,2026-08-06T18:14:16Z,1071775418000,2194845696
2026-08-06T13:14:21.826974-05:00,historyserver,historyserver-demo-7768d9678d-tlplx,historyserver,2026-08-06T18:14:16Z,1071775418000,2194845696
2026-08-06T13:14:22.827508-05:00,historyserver,historyserver-demo-7768d9678d-tlplx,historyserver,2026-08-06T18:14:16Z,1071775418000,2194845696
2026-08-06T13:14:23.826929-05:00,historyserver,historyserver-demo-7768d9678d-tlplx,historyserver,2026-08-06T18:14:16Z,1071775418000,2194845696
2026-08-06T13:14:24.826922-05:00,historyserver,historyserver-demo-7768d9678d-tlplx,historyserver,2026-08-06T18:14:16Z,1071775418000,2194845696
2026-08-06T13:14:25.826897-05:00,historyserver,historyserver-demo-7768d9678d-tlplx,historyserver,2026-08-06T18:14:16Z,1071775418000,2194845696
2026-08-06T13:14:26.827002-05:00,historyserver,historyserver-demo-7768d9678d-tlplx,historyserver,2026-08-06T18:14:16Z,1071775418000,2194845696
2026-08-06T13:14:27.826908-05:00,historyserver,historyserver-demo-7768d9678d-tlplx,historyserver,2026-08-06T18:14:16Z,1071775418000,2194845696
2026-08-06T13:14:28.82765-05:00,historyserver,historyserver-demo-7768d9678d-tlplx,historyserver,2026-08-06T18:14:16Z,1071775418000,2194845696
2026-08-06T13:14:29.827538-05:00,historyserver,historyserver-demo-7768d9678d-tlplx,historyserver,2026-08-06T18:14:29Z,1085218483000,2410303488
2026-08-06T13:14:30.8273-05:00,historyserver,historyserver-demo-7768d9678d-tlplx,historyserver,2026-08-06T18:14:29Z,1085218483000,2410303488
2026-08-06T13:14:31.828633-05:00,historyserver,historyserver-demo-7768d9678d-tlplx,historyserver,2026-08-06T18:14:29Z,1085218483000,2410303488
2026-08-06T13:14:32.826974-05:00,historyserver,historyserver-demo-7768d9678d-tlplx,historyserver,2026-08-06T18:14:29Z,1085218483000,2410303488
2026-08-06T13:14:33.827134-05:00,historyserver,historyserver-demo-7768d9678d-tlplx,historyserver,2026-08-06T18:14:29Z,1085218483000,2410303488
2026-08-06T13:14:34.827027-05:00,historyserver,historyserver-demo-7768d9678d-tlplx,historyserver,2026-08-06T18:14:29Z,1085218483000,2410303488
2026-08-06T13:14:35.82753-05:00,historyserver,historyserver-demo-7768d9678d-tlplx,historyserver,2026-08-06T18:14:29Z,1085218483000,2410303488
2026-08-06T13:14:36.826962-05:00,historyserver,historyserver-demo-7768d9678d-tlplx,historyserver,2026-08-06T18:14:29Z,1085218483000,2410303488
2026-08-06T13:14:37.827582-05:00,historyserver,historyserver-demo-7768d9678d-tlplx,historyserver,2026-08-06T18:14:29Z,1085218483000,2410303488
2026-08-06T13:14:38.826827-05:00,historyserver,historyserver-demo-7768d9678d-tlplx,historyserver,2026-08-06T18:14:29Z,1085218483000,2410303488
2026-08-06T13:14:39.827745-05:00,historyserver,historyserver-demo-7768d9678d-tlplx,historyserver,2026-08-06T18:14:29Z,1085218483000,2410303488
2026-08-06T13:14:40.827154-05:00,historyserver,historyserver-demo-7768d9678d-tlplx,historyserver,2026-08-06T18:14:29Z,1085218483000,2410303488
2026-08-06T13:14:41.827754-05:00,historyserver,historyserver-demo-7768d9678d-tlplx,historyserver,2026-08-06T18:14:29Z,1085218483000,2410303488
2026-08-06T13:14:42.827054-05:00,historyserver,historyserver-demo-7768d9678d-tlplx,historyserver,2026-08-06T18:14:29Z,1085218483000,2410303488
2026-08-06T13:14:43.827011-05:00,historyserver,historyserver-demo-7768d9678d-tlplx,historyserver,2026-08-06T18:14:29Z,1085218483000,2410303488
2026-08-06T13:14:44.827765-05:00,historyserver,historyserver-demo-7768d9678d-tlplx,historyserver,2026-08-06T18:14:29Z,1085218483000,2410303488
2026-08-06T13:14:45.827777-05:00,historyserver,historyserver-demo-7768d9678d-tlplx,historyserver,2026-08-06T18:14:29Z,1085218483000,2410303488
2026-08-06T13:14:46.827059-05:00,historyserver,historyserver-demo-7768d9678d-tlplx,historyserver,2026-08-06T18:14:29Z,1085218483000,2410303488
2026-08-06T13:14:47.827785-05:00,historyserver,historyserver-demo-7768d9678d-tlplx,historyserver,2026-08-06T18:14:29Z,1085218483000,2410303488
2026-08-06T13:14:48.82704-05:00,historyserver,historyserver-demo-7768d9678d-tlplx,historyserver,2026-08-06T18:14:48Z,1097558578000,2606927872
2026-08-06T13:14:49.827198-05:00,historyserver,historyserver-demo-7768d9678d-tlplx,historyserver,2026-08-06T18:14:48Z,1097558578000,2606927872
2026-08-06T13:14:50.827064-05:00,historyserver,historyserver-demo-7768d9678d-tlplx,historyserver,2026-08-06T18:14:48Z,1097558578000,2606927872
2026-08-06T13:14:51.827315-05:00,historyserver,historyserver-demo-7768d9678d-tlplx,historyserver,2026-08-06T18:14:48Z,1097558578000,2606927872
2026-08-06T13:14:52.827428-05:00,historyserver,historyserver-demo-7768d9678d-tlplx,historyserver,2026-08-06T18:14:48Z,1097558578000,2606927872
2026-08-06T13:14:53.827498-05:00,historyserver,historyserver-demo-7768d9678d-tlplx,historyserver,2026-08-06T18:14:48Z,1097558578000,2606927872
2026-08-06T13:14:54.827071-05:00,historyserver,historyserver-demo-7768d9678d-tlplx,historyserver,2026-08-06T18:14:48Z,1097558578000,2606927872
2026-08-06T13:14:55.828598-05:00,historyserver,historyserver-demo-7768d9678d-tlplx,historyserver,2026-08-06T18:14:48Z,1097558578000,2606927872
2026-08-06T13:14:56.828184-05:00,historyserver,historyserver-demo-7768d9678d-tlplx,historyserver,2026-08-06T18:14:48Z,1097558578000,2606927872
2026-08-06T13:14:57.828524-05:00,historyserver,historyserver-demo-7768d9678d-tlplx,historyserver,2026-08-06T18:14:48Z,1097558578000,2606927872
2026-08-06T13:14:58.828159-05:00,historyserver,historyserver-demo-7768d9678d-tlplx,historyserver,2026-08-06T18:14:58Z,1109980571000,2102132736
2026-08-06T13:14:59.827836-05:00,historyserver,historyserver-demo-7768d9678d-tlplx,historyserver,2026-08-06T18:14:58Z,1109980571000,2102132736
2026-08-06T13:15:00.829439-05:00,historyserver,historyserver-demo-7768d9678d-tlplx,historyserver,2026-08-06T18:14:58Z,1109980571000,2102132736
2026-08-06T13:15:01.829932-05:00,historyserver,historyserver-demo-7768d9678d-tlplx,historyserver,2026-08-06T18:14:58Z,1109980571000,2102132736
2026-08-06T13:15:02.82713-05:00,historyserver,historyserver-demo-7768d9678d-tlplx,historyserver,2026-08-06T18:14:58Z,1109980571000,2102132736
2026-08-06T13:15:03.827113-05:00,historyserver,historyserver-demo-7768d9678d-tlplx,historyserver,2026-08-06T18:14:58Z,1109980571000,2102132736
2026-08-06T13:15:04.828482-05:00,historyserver,historyserver-demo-7768d9678d-tlplx,historyserver,2026-08-06T18:14:58Z,1109980571000,2102132736
2026-08-06T13:15:05.827355-05:00,historyserver,historyserver-demo-7768d9678d-tlplx,historyserver,2026-08-06T18:14:58Z,1109980571000,2102132736
2026-08-06T13:15:06.828064-05:00,historyserver,historyserver-demo-7768d9678d-tlplx,historyserver,2026-08-06T18:14:58Z,1109980571000,2102132736
2026-08-06T13:15:07.827246-05:00,historyserver,historyserver-demo-7768d9678d-tlplx,historyserver,2026-08-06T18:14:58Z,1109980571000,2102132736
2026-08-06T13:15:08.827276-05:00,historyserver,historyserver-demo-7768d9678d-tlplx,historyserver,2026-08-06T18:14:58Z,1109980571000,2102132736
2026-08-06T13:15:09.827915-05:00,historyserver,historyserver-demo-7768d9678d-tlplx,historyserver,2026-08-06T18:14:58Z,1109980571000,2102132736
2026-08-06T13:15:10.827648-05:00,historyserver,historyserver-demo-7768d9678d-tlplx,historyserver,2026-08-06T18:15:10Z,1122172611000,2102255616
2026-08-06T13:15:11.827678-05:00,historyserver,historyserver-demo-7768d9678d-tlplx,historyserver,2026-08-06T18:15:10Z,1122172611000,2102255616
2026-08-06T13:15:12.827298-05:00,historyserver,historyserver-demo-7768d9678d-tlplx,historyserver,2026-08-06T18:15:10Z,1122172611000,2102255616
2026-08-06T13:15:13.828002-05:00,historyserver,historyserver-demo-7768d9678d-tlplx,historyserver,2026-08-06T18:15:10Z,1122172611000,2102255616
2026-08-06T13:15:14.827348-05:00,historyserver,historyserver-demo-7768d9678d-tlplx,historyserver,2026-08-06T18:15:10Z,1122172611000,2102255616
2026-08-06T13:15:15.827228-05:00,historyserver,historyserver-demo-7768d9678d-tlplx,historyserver,2026-08-06T18:15:10Z,1122172611000,2102255616
2026-08-06T13:15:16.828079-05:00,historyserver,historyserver-demo-7768d9678d-tlplx,historyserver,2026-08-06T18:15:10Z,1122172611000,2102255616
2026-08-06T13:15:17.827978-05:00,historyserver,historyserver-demo-7768d9678d-tlplx,historyserver,2026-08-06T18:15:10Z,1122172611000,2102255616
2026-08-06T13:15:18.827463-05:00,historyserver,historyserver-demo-7768d9678d-tlplx,historyserver,2026-08-06T18:15:10Z,1122172611000,2102255616
2026-08-06T13:15:19.827278-05:00,historyserver,historyserver-demo-7768d9678d-tlplx,historyserver,2026-08-06T18:15:10Z,1122172611000,2102255616
2026-08-06T13:15:20.8271-05:00,historyserver,historyserver-demo-7768d9678d-tlplx,historyserver,2026-08-06T18:15:10Z,1122172611000,2102255616
2026-08-06T13:15:21.827313-05:00,historyserver,historyserver-demo-7768d9678d-tlplx,historyserver,2026-08-06T18:15:10Z,1122172611000,2102255616
2026-08-06T13:15:22.827293-05:00,historyserver,historyserver-demo-7768d9678d-tlplx,historyserver,2026-08-06T18:15:22Z,1136867295000,1864699904
2026-08-06T13:15:23.827384-05:00,historyserver,historyserver-demo-7768d9678d-tlplx,historyserver,2026-08-06T18:15:22Z,1136867295000,1864699904
2026-08-06T13:15:24.827395-05:00,historyserver,historyserver-demo-7768d9678d-tlplx,historyserver,2026-08-06T18:15:22Z,1136867295000,1864699904
2026-08-06T13:15:25.827285-05:00,historyserver,historyserver-demo-7768d9678d-tlplx,historyserver,2026-08-06T18:15:22Z,1136867295000,1864699904
2026-08-06T13:15:26.827361-05:00,historyserver,historyserver-demo-7768d9678d-tlplx,historyserver,2026-08-06T18:15:22Z,1136867295000,1864699904
2026-08-06T13:15:27.827332-05:00,historyserver,historyserver-demo-7768d9678d-tlplx,historyserver,2026-08-06T18:15:22Z,1136867295000,1864699904
2026-08-06T13:15:28.827986-05:00,historyserver,historyserver-demo-7768d9678d-tlplx,historyserver,2026-08-06T18:15:22Z,1136867295000,1864699904
2026-08-06T13:15:29.827392-05:00,historyserver,historyserver-demo-7768d9678d-tlplx,historyserver,2026-08-06T18:15:22Z,1136867295000,1864699904
2026-08-06T13:15:30.827902-05:00,historyserver,historyserver-demo-7768d9678d-tlplx,historyserver,2026-08-06T18:15:22Z,1136867295000,1864699904
2026-08-06T13:15:31.827429-05:00,historyserver,historyserver-demo-7768d9678d-tlplx,historyserver,2026-08-06T18:15:22Z,1136867295000,1864699904
2026-08-06T13:15:32.827574-05:00,historyserver,historyserver-demo-7768d9678d-tlplx,historyserver,2026-08-06T18:15:22Z,1136867295000,1864699904
2026-08-06T13:15:33.827344-05:00,historyserver,historyserver-demo-7768d9678d-tlplx,historyserver,2026-08-06T18:15:22Z,1136867295000,1864699904
2026-08-06T13:15:34.828099-05:00,historyserver,historyserver-demo-7768d9678d-tlplx,historyserver,2026-08-06T18:15:22Z,1136867295000,1864699904
2026-08-06T13:15:35.827647-05:00,historyserver,historyserver-demo-7768d9678d-tlplx,historyserver,2026-08-06T18:15:22Z,1136867295000,1864699904
2026-08-06T13:15:36.827458-05:00,historyserver,historyserver-demo-7768d9678d-tlplx,historyserver,2026-08-06T18:15:22Z,1136867295000,1864699904
2026-08-06T13:15:37.828014-05:00,historyserver,historyserver-demo-7768d9678d-tlplx,historyserver,2026-08-06T18:15:22Z,1136867295000,1864699904
2026-08-06T13:15:38.827571-05:00,historyserver,historyserver-demo-7768d9678d-tlplx,historyserver,2026-08-06T18:15:22Z,1136867295000,1864699904
2026-08-06T13:15:39.827388-05:00,historyserver,historyserver-demo-7768d9678d-tlplx,historyserver,2026-08-06T18:15:22Z,1136867295000,1864699904
2026-08-06T13:15:40.828134-05:00,historyserver,historyserver-demo-7768d9678d-tlplx,historyserver,2026-08-06T18:15:22Z,1136867295000,1864699904
2026-08-06T13:15:41.827446-05:00,historyserver,historyserver-demo-7768d9678d-tlplx,historyserver,2026-08-06T18:15:41Z,1159626101000,1795829760
2026-08-06T13:15:42.827954-05:00,historyserver,historyserver-demo-7768d9678d-tlplx,historyserver,2026-08-06T18:15:41Z,1159626101000,1795829760
2026-08-06T13:15:43.827512-05:00,historyserver,historyserver-demo-7768d9678d-tlplx,historyserver,2026-08-06T18:15:41Z,1159626101000,1795829760
2026-08-06T13:15:44.827475-05:00,historyserver,historyserver-demo-7768d9678d-tlplx,historyserver,2026-08-06T18:15:41Z,1159626101000,1795829760
2026-08-06T13:15:45.82742-05:00,historyserver,historyserver-demo-7768d9678d-tlplx,historyserver,2026-08-06T18:15:41Z,1159626101000,1795829760
2026-08-06T13:15:46.82821-05:00,historyserver,historyserver-demo-7768d9678d-tlplx,historyserver,2026-08-06T18:15:41Z,1159626101000,1795829760
2026-08-06T13:15:47.827536-05:00,historyserver,historyserver-demo-7768d9678d-tlplx,historyserver,2026-08-06T18:15:41Z,1159626101000,1795829760
2026-08-06T13:15:48.827502-05:00,historyserver,historyserver-demo-7768d9678d-tlplx,historyserver,2026-08-06T18:15:41Z,1159626101000,1795829760
2026-08-06T13:15:49.828299-05:00,historyserver,historyserver-demo-7768d9678d-tlplx,historyserver,2026-08-06T18:15:41Z,1159626101000,1795829760
2026-08-06T13:15:50.828108-05:00,historyserver,historyserver-demo-7768d9678d-tlplx,historyserver,2026-08-06T18:15:41Z,1159626101000,1795829760
2026-08-06T13:15:51.827433-05:00,historyserver,historyserver-demo-7768d9678d-tlplx,historyserver,2026-08-06T18:15:41Z,1159626101000,1795829760
2026-08-06T13:15:52.827698-05:00,historyserver,historyserver-demo-7768d9678d-tlplx,historyserver,2026-08-06T18:15:41Z,1159626101000,1795829760
2026-08-06T13:15:53.827318-05:00,historyserver,historyserver-demo-7768d9678d-tlplx,historyserver,2026-08-06T18:15:41Z,1159626101000,1795829760
2026-08-06T13:15:54.827742-05:00,historyserver,historyserver-demo-7768d9678d-tlplx,historyserver,2026-08-06T18:15:54Z,1176113504000,1721110528
2026-08-06T13:15:55.827474-05:00,historyserver,historyserver-demo-7768d9678d-tlplx,historyserver,2026-08-06T18:15:54Z,1176113504000,1721110528
2026-08-06T13:15:56.827583-05:00,historyserver,historyserver-demo-7768d9678d-tlplx,historyserver,2026-08-06T18:15:54Z,1176113504000,1721110528
2026-08-06T13:15:57.827493-05:00,historyserver,historyserver-demo-7768d9678d-tlplx,historyserver,2026-08-06T18:15:54Z,1176113504000,1721110528
2026-08-06T13:15:58.827503-05:00,historyserver,historyserver-demo-7768d9678d-tlplx,historyserver,2026-08-06T18:15:54Z,1176113504000,1721110528
2026-08-06T13:15:59.827506-05:00,historyserver,historyserver-demo-7768d9678d-tlplx,historyserver,2026-08-06T18:15:54Z,1176113504000,1721110528
2026-08-06T13:16:00.82828-05:00,historyserver,historyserver-demo-7768d9678d-tlplx,historyserver,2026-08-06T18:15:54Z,1176113504000,1721110528
2026-08-06T13:16:01.828027-05:00,historyserver,historyserver-demo-7768d9678d-tlplx,historyserver,2026-08-06T18:15:54Z,1176113504000,1721110528
2026-08-06T13:16:02.827519-05:00,historyserver,historyserver-demo-7768d9678d-tlplx,historyserver,2026-08-06T18:15:54Z,1176113504000,1721110528
2026-08-06T13:16:03.827583-05:00,historyserver,historyserver-demo-7768d9678d-tlplx,historyserver,2026-08-06T18:15:54Z,1176113504000,1721110528
2026-08-06T13:16:04.82752-05:00,historyserver,historyserver-demo-7768d9678d-tlplx,historyserver,2026-08-06T18:15:54Z,1176113504000,1721110528
2026-08-06T13:16:05.827521-05:00,historyserver,historyserver-demo-7768d9678d-tlplx,historyserver,2026-08-06T18:15:54Z,1176113504000,1721110528
2026-08-06T13:16:06.828134-05:00,historyserver,historyserver-demo-7768d9678d-tlplx,historyserver,2026-08-06T18:15:54Z,1176113504000,1721110528
2026-08-06T13:16:07.827627-05:00,historyserver,historyserver-demo-7768d9678d-tlplx,historyserver,2026-08-06T18:15:54Z,1176113504000,1721110528
2026-08-06T13:16:08.82839-05:00,historyserver,historyserver-demo-7768d9678d-tlplx,historyserver,2026-08-06T18:15:54Z,1176113504000,1721110528
2026-08-06T13:16:09.827554-05:00,historyserver,historyserver-demo-7768d9678d-tlplx,historyserver,2026-08-06T18:15:54Z,1176113504000,1721110528
2026-08-06T13:16:10.828348-05:00,historyserver,historyserver-demo-7768d9678d-tlplx,historyserver,2026-08-06T18:15:54Z,1176113504000,1721110528
2026-08-06T13:16:11.828378-05:00,historyserver,historyserver-demo-7768d9678d-tlplx,historyserver,2026-08-06T18:15:54Z,1176113504000,1721110528
2026-08-06T13:16:12.827604-05:00,historyserver,historyserver-demo-7768d9678d-tlplx,historyserver,2026-08-06T18:15:54Z,1176113504000,1721110528
2026-08-06T13:16:13.827881-05:00,historyserver,historyserver-demo-7768d9678d-tlplx,historyserver,2026-08-06T18:16:13Z,1198857181000,1897955328
2026-08-06T13:16:14.827604-05:00,historyserver,historyserver-demo-7768d9678d-tlplx,historyserver,2026-08-06T18:16:13Z,1198857181000,1897955328
2026-08-06T13:16:15.827536-05:00,historyserver,historyserver-demo-7768d9678d-tlplx,historyserver,2026-08-06T18:16:13Z,1198857181000,1897955328
2026-08-06T13:16:16.827736-05:00,historyserver,historyserver-demo-7768d9678d-tlplx,historyserver,2026-08-06T18:16:13Z,1198857181000,1897955328
2026-08-06T13:16:17.827693-05:00,historyserver,historyserver-demo-7768d9678d-tlplx,historyserver,2026-08-06T18:16:13Z,1198857181000,1897955328
2026-08-06T13:16:18.827599-05:00,historyserver,historyserver-demo-7768d9678d-tlplx,historyserver,2026-08-06T18:16:13Z,1198857181000,1897955328
2026-08-06T13:16:19.827417-05:00,historyserver,historyserver-demo-7768d9678d-tlplx,historyserver,2026-08-06T18:16:13Z,1198857181000,1897955328
2026-08-06T13:16:20.827641-05:00,historyserver,historyserver-demo-7768d9678d-tlplx,historyserver,2026-08-06T18:16:13Z,1198857181000,1897955328
2026-08-06T13:16:21.827774-05:00,historyserver,historyserver-demo-7768d9678d-tlplx,historyserver,2026-08-06T18:16:13Z,1198857181000,1897955328
2026-08-06T13:16:22.828021-05:00,historyserver,historyserver-demo-7768d9678d-tlplx,historyserver,2026-08-06T18:16:13Z,1198857181000,1897955328
2026-08-06T13:16:23.828213-05:00,historyserver,historyserver-demo-7768d9678d-tlplx,historyserver,2026-08-06T18:16:13Z,1198857181000,1897955328
2026-08-06T13:16:24.828223-05:00,historyserver,historyserver-demo-7768d9678d-tlplx,historyserver,2026-08-06T18:16:13Z,1198857181000,1897955328
2026-08-06T13:16:25.827802-05:00,historyserver,historyserver-demo-7768d9678d-tlplx,historyserver,2026-08-06T18:16:13Z,1198857181000,1897955328
2026-08-06T13:16:26.827974-05:00,historyserver,historyserver-demo-7768d9678d-tlplx,historyserver,2026-08-06T18:16:13Z,1198857181000,1897955328
2026-08-06T13:16:27.828814-05:00,historyserver,historyserver-demo-7768d9678d-tlplx,historyserver,2026-08-06T18:16:27Z,1215796073000,2471297024
2026-08-06T13:16:28.827611-05:00,historyserver,historyserver-demo-7768d9678d-tlplx,historyserver,2026-08-06T18:16:27Z,1215796073000,2471297024
2026-08-06T13:16:29.828168-05:00,historyserver,historyserver-demo-7768d9678d-tlplx,historyserver,2026-08-06T18:16:27Z,1215796073000,2471297024
2026-08-06T13:16:30.828103-05:00,historyserver,historyserver-demo-7768d9678d-tlplx,historyserver,2026-08-06T18:16:27Z,1215796073000,2471297024
2026-08-06T13:16:31.828661-05:00,historyserver,historyserver-demo-7768d9678d-tlplx,historyserver,2026-08-06T18:16:27Z,1215796073000,2471297024
2026-08-06T13:16:32.827784-05:00,historyserver,historyserver-demo-7768d9678d-tlplx,historyserver,2026-08-06T18:16:27Z,1215796073000,2471297024
2026-08-06T13:16:33.828197-05:00,historyserver,historyserver-demo-7768d9678d-tlplx,historyserver,2026-08-06T18:16:27Z,1215796073000,2471297024
2026-08-06T13:16:34.827716-05:00,historyserver,historyserver-demo-7768d9678d-tlplx,historyserver,2026-08-06T18:16:27Z,1215796073000,2471297024
2026-08-06T13:16:35.828251-05:00,historyserver,historyserver-demo-7768d9678d-tlplx,historyserver,2026-08-06T18:16:27Z,1215796073000,2471297024
2026-08-06T13:16:36.828376-05:00,historyserver,historyserver-demo-7768d9678d-tlplx,historyserver,2026-08-06T18:16:27Z,1215796073000,2471297024
2026-08-06T13:16:37.8284-05:00,historyserver,historyserver-demo-7768d9678d-tlplx,historyserver,2026-08-06T18:16:27Z,1215796073000,2471297024
2026-08-06T13:16:38.827904-05:00,historyserver,historyserver-demo-7768d9678d-tlplx,historyserver,2026-08-06T18:16:27Z,1215796073000,2471297024
2026-08-06T13:16:39.82789-05:00,historyserver,historyserver-demo-7768d9678d-tlplx,historyserver,2026-08-06T18:16:27Z,1215796073000,2471297024
2026-08-06T13:16:40.827793-05:00,historyserver,historyserver-demo-7768d9678d-tlplx,historyserver,2026-08-06T18:16:27Z,1215796073000,2471297024
2026-08-06T13:16:41.828656-05:00,historyserver,historyserver-demo-7768d9678d-tlplx,historyserver,2026-08-06T18:16:27Z,1215796073000,2471297024
2026-08-06T13:16:42.828083-05:00,historyserver,historyserver-demo-7768d9678d-tlplx,historyserver,2026-08-06T18:16:27Z,1215796073000,2471297024
2026-08-06T13:16:43.827574-05:00,historyserver,historyserver-demo-7768d9678d-tlplx,historyserver,2026-08-06T18:16:27Z,1215796073000,2471297024
2026-08-06T13:16:44.828609-05:00,historyserver,historyserver-demo-7768d9678d-tlplx,historyserver,2026-08-06T18:16:27Z,1215796073000,2471297024
2026-08-06T13:16:45.828659-05:00,historyserver,historyserver-demo-7768d9678d-tlplx,historyserver,2026-08-06T18:16:45Z,1235669478000,2550218752
2026-08-06T13:16:46.827841-05:00,historyserver,historyserver-demo-7768d9678d-tlplx,historyserver,2026-08-06T18:16:45Z,1235669478000,2550218752
2026-08-06T13:16:47.827666-05:00,historyserver,historyserver-demo-7768d9678d-tlplx,historyserver,2026-08-06T18:16:45Z,1235669478000,2550218752
2026-08-06T13:16:48.827813-05:00,historyserver,historyserver-demo-7768d9678d-tlplx,historyserver,2026-08-06T18:16:45Z,1235669478000,2550218752
2026-08-06T13:16:49.828646-05:00,historyserver,historyserver-demo-7768d9678d-tlplx,historyserver,2026-08-06T18:16:45Z,1235669478000,2550218752
2026-08-06T13:16:50.828607-05:00,historyserver,historyserver-demo-7768d9678d-tlplx,historyserver,2026-08-06T18:16:45Z,1235669478000,2550218752
2026-08-06T13:16:51.827833-05:00,historyserver,historyserver-demo-7768d9678d-tlplx,historyserver,2026-08-06T18:16:45Z,1235669478000,2550218752
2026-08-06T13:16:52.828841-05:00,historyserver,historyserver-demo-7768d9678d-tlplx,historyserver,2026-08-06T18:16:45Z,1235669478000,2550218752
2026-08-06T13:16:53.828674-05:00,historyserver,historyserver-demo-7768d9678d-tlplx,historyserver,2026-08-06T18:16:45Z,1235669478000,2550218752
2026-08-06T13:16:54.82863-05:00,historyserver,historyserver-demo-7768d9678d-tlplx,historyserver,2026-08-06T18:16:45Z,1235669478000,2550218752
2026-08-06T13:16:55.827872-05:00,historyserver,historyserver-demo-7768d9678d-tlplx,historyserver,2026-08-06T18:16:45Z,1235669478000,2550218752
2026-08-06T13:16:56.827889-05:00,historyserver,historyserver-demo-7768d9678d-tlplx,historyserver,2026-08-06T18:16:45Z,1235669478000,2550218752
2026-08-06T13:16:57.828689-05:00,historyserver,historyserver-demo-7768d9678d-tlplx,historyserver,2026-08-06T18:16:45Z,1235669478000,2550218752
2026-08-06T13:16:58.828651-05:00,historyserver,historyserver-demo-7768d9678d-tlplx,historyserver,2026-08-06T18:16:58Z,1247458013000,2466115584
2026-08-06T13:16:59.828397-05:00,historyserver,historyserver-demo-7768d9678d-tlplx,historyserver,2026-08-06T18:16:58Z,1247458013000,2466115584
2026-08-06T13:17:00.827952-05:00,historyserver,historyserver-demo-7768d9678d-tlplx,historyserver,2026-08-06T18:16:58Z,1247458013000,2466115584
2026-08-06T13:17:01.828505-05:00,historyserver,historyserver-demo-7768d9678d-tlplx,historyserver,2026-08-06T18:16:58Z,1247458013000,2466115584
2026-08-06T13:17:02.827939-05:00,historyserver,historyserver-demo-7768d9678d-tlplx,historyserver,2026-08-06T18:16:58Z,1247458013000,2466115584
2026-08-06T13:17:03.82871-05:00,historyserver,historyserver-demo-7768d9678d-tlplx,historyserver,2026-08-06T18:16:58Z,1247458013000,2466115584
2026-08-06T13:17:04.828528-05:00,historyserver,historyserver-demo-7768d9678d-tlplx,historyserver,2026-08-06T18:16:58Z,1247458013000,2466115584
2026-08-06T13:17:05.828724-05:00,historyserver,historyserver-demo-7768d9678d-tlplx,historyserver,2026-08-06T18:16:58Z,1247458013000,2466115584
2026-08-06T13:17:06.827923-05:00,historyserver,historyserver-demo-7768d9678d-tlplx,historyserver,2026-08-06T18:16:58Z,1247458013000,2466115584
2026-08-06T13:17:07.827918-05:00,historyserver,historyserver-demo-7768d9678d-tlplx,historyserver,2026-08-06T18:16:58Z,1247458013000,2466115584
2026-08-06T13:17:08.827755-05:00,historyserver,historyserver-demo-7768d9678d-tlplx,historyserver,2026-08-06T18:16:58Z,1247458013000,2466115584
2026-08-06T13:17:09.82835-05:00,historyserver,historyserver-demo-7768d9678d-tlplx,historyserver,2026-08-06T18:16:58Z,1247458013000,2466115584
2026-08-06T13:17:10.828796-05:00,historyserver,historyserver-demo-7768d9678d-tlplx,historyserver,2026-08-06T18:16:58Z,1247458013000,2466115584
2026-08-06T13:17:11.828042-05:00,historyserver,historyserver-demo-7768d9678d-tlplx,historyserver,2026-08-06T18:16:58Z,1247458013000,2466115584
2026-08-06T13:17:12.828903-05:00,historyserver,historyserver-demo-7768d9678d-tlplx,historyserver,2026-08-06T18:16:58Z,1247458013000,2466115584
2026-08-06T13:17:13.828775-05:00,historyserver,historyserver-demo-7768d9678d-tlplx,historyserver,2026-08-06T18:17:13Z,1257653335000,1147858944
2026-08-06T13:17:14.828023-05:00,historyserver,historyserver-demo-7768d9678d-tlplx,historyserver,2026-08-06T18:17:13Z,1257653335000,1147858944
2026-08-06T13:17:15.828619-05:00,historyserver,historyserver-demo-7768d9678d-tlplx,historyserver,2026-08-06T18:17:13Z,1257653335000,1147858944
2026-08-06T13:17:16.828032-05:00,historyserver,historyserver-demo-7768d9678d-tlplx,historyserver,2026-08-06T18:17:13Z,1257653335000,1147858944
2026-08-06T13:17:17.82881-05:00,historyserver,historyserver-demo-7768d9678d-tlplx,historyserver,2026-08-06T18:17:13Z,1257653335000,1147858944
2026-08-06T13:17:18.828454-05:00,historyserver,historyserver-demo-7768d9678d-tlplx,historyserver,2026-08-06T18:17:13Z,1257653335000,1147858944
2026-08-06T13:17:19.828836-05:00,historyserver,historyserver-demo-7768d9678d-tlplx,historyserver,2026-08-06T18:17:13Z,1257653335000,1147858944
2026-08-06T13:17:20.828542-05:00,historyserver,historyserver-demo-7768d9678d-tlplx,historyserver,2026-08-06T18:17:13Z,1257653335000,1147858944
2026-08-06T13:17:21.828369-05:00,historyserver,historyserver-demo-7768d9678d-tlplx,historyserver,2026-08-06T18:17:13Z,1257653335000,1147858944
2026-08-06T13:17:22.828064-05:00,historyserver,historyserver-demo-7768d9678d-tlplx,historyserver,2026-08-06T18:17:13Z,1257653335000,1147858944
2026-08-06T13:17:23.828043-05:00,historyserver,historyserver-demo-7768d9678d-tlplx,historyserver,2026-08-06T18:17:23Z,1268798893000,1522270208
2026-08-06T13:17:24.828063-05:00,historyserver,historyserver-demo-7768d9678d-tlplx,historyserver,2026-08-06T18:17:23Z,1268798893000,1522270208
2026-08-06T13:17:25.82838-05:00,historyserver,historyserver-demo-7768d9678d-tlplx,historyserver,2026-08-06T18:17:23Z,1268798893000,1522270208
2026-08-06T13:17:26.8286-05:00,historyserver,historyserver-demo-7768d9678d-tlplx,historyserver,2026-08-06T18:17:23Z,1268798893000,1522270208
2026-08-06T13:17:27.828864-05:00,historyserver,historyserver-demo-7768d9678d-tlplx,historyserver,2026-08-06T18:17:23Z,1268798893000,1522270208
2026-08-06T13:17:28.828252-05:00,historyserver,historyserver-demo-7768d9678d-tlplx,historyserver,2026-08-06T18:17:23Z,1268798893000,1522270208
2026-08-06T13:17:29.828143-05:00,historyserver,historyserver-demo-7768d9678d-tlplx,historyserver,2026-08-06T18:17:23Z,1268798893000,1522270208
2026-08-06T13:17:30.828528-05:00,historyserver,historyserver-demo-7768d9678d-tlplx,historyserver,2026-08-06T18:17:23Z,1268798893000,1522270208
2026-08-06T13:17:31.828055-05:00,historyserver,historyserver-demo-7768d9678d-tlplx,historyserver,2026-08-06T18:17:23Z,1268798893000,1522270208
2026-08-06T13:17:32.828196-05:00,historyserver,historyserver-demo-7768d9678d-tlplx,historyserver,2026-08-06T18:17:23Z,1268798893000,1522270208
2026-08-06T13:17:33.828752-05:00,historyserver,historyserver-demo-7768d9678d-tlplx,historyserver,2026-08-06T18:17:23Z,1268798893000,1522270208
2026-08-06T13:17:34.828101-05:00,historyserver,historyserver-demo-7768d9678d-tlplx,historyserver,2026-08-06T18:17:23Z,1268798893000,1522270208
2026-08-06T13:17:35.828612-05:00,historyserver,historyserver-demo-7768d9678d-tlplx,historyserver,2026-08-06T18:17:23Z,1268798893000,1522270208
2026-08-06T13:17:36.829009-05:00,historyserver,historyserver-demo-7768d9678d-tlplx,historyserver,2026-08-06T18:17:23Z,1268798893000,1522270208
2026-08-06T13:17:37.828955-05:00,historyserver,historyserver-demo-7768d9678d-tlplx,historyserver,2026-08-06T18:17:23Z,1268798893000,1522270208
2026-08-06T13:17:38.828111-05:00,historyserver,historyserver-demo-7768d9678d-tlplx,historyserver,2026-08-06T18:17:23Z,1268798893000,1522270208
2026-08-06T13:17:39.828862-05:00,historyserver,historyserver-demo-7768d9678d-tlplx,historyserver,2026-08-06T18:17:23Z,1268798893000,1522270208
2026-08-06T13:17:40.828115-05:00,historyserver,historyserver-demo-7768d9678d-tlplx,historyserver,2026-08-06T18:17:23Z,1268798893000,1522270208
2026-08-06T13:17:41.828944-05:00,historyserver,historyserver-demo-7768d9678d-tlplx,historyserver,2026-08-06T18:17:23Z,1268798893000,1522270208
2026-08-06T13:17:42.828588-05:00,historyserver,historyserver-demo-7768d9678d-tlplx,historyserver,2026-08-06T18:17:23Z,1268798893000,1522270208
2026-08-06T13:17:43.828949-05:00,historyserver,historyserver-demo-7768d9678d-tlplx,historyserver,2026-08-06T18:17:42Z,1291450795000,1331269632
2026-08-06T13:17:44.828981-05:00,historyserver,historyserver-demo-7768d9678d-tlplx,historyserver,2026-08-06T18:17:42Z,1291450795000,1331269632
2026-08-06T13:17:45.828676-05:00,historyserver,historyserver-demo-7768d9678d-tlplx,historyserver,2026-08-06T18:17:42Z,1291450795000,1331269632
2026-08-06T13:17:46.828207-05:00,historyserver,historyserver-demo-7768d9678d-tlplx,historyserver,2026-08-06T18:17:42Z,1291450795000,1331269632
2026-08-06T13:17:47.828814-05:00,historyserver,historyserver-demo-7768d9678d-tlplx,historyserver,2026-08-06T18:17:42Z,1291450795000,1331269632
2026-08-06T13:17:48.829013-05:00,historyserver,historyserver-demo-7768d9678d-tlplx,historyserver,2026-08-06T18:17:42Z,1291450795000,1331269632
2026-08-06T13:17:49.829105-05:00,historyserver,historyserver-demo-7768d9678d-tlplx,historyserver,2026-08-06T18:17:42Z,1291450795000,1331269632
2026-08-06T13:17:50.828688-05:00,historyserver,historyserver-demo-7768d9678d-tlplx,historyserver,2026-08-06T18:17:42Z,1291450795000,1331269632
2026-08-06T13:17:51.829022-05:00,historyserver,historyserver-demo-7768d9678d-tlplx,historyserver,2026-08-06T18:17:42Z,1291450795000,1331269632
2026-08-06T13:17:52.828384-05:00,historyserver,historyserver-demo-7768d9678d-tlplx,historyserver,2026-08-06T18:17:42Z,1291450795000,1331269632
2026-08-06T13:17:53.828773-05:00,historyserver,historyserver-demo-7768d9678d-tlplx,historyserver,2026-08-06T18:17:42Z,1291450795000,1331269632
2026-08-06T13:17:54.828219-05:00,historyserver,historyserver-demo-7768d9678d-tlplx,historyserver,2026-08-06T18:17:42Z,1291450795000,1331269632
2026-08-06T13:17:55.828637-05:00,historyserver,historyserver-demo-7768d9678d-tlplx,historyserver,2026-08-06T18:17:42Z,1291450795000,1331269632
2026-08-06T13:17:56.828216-05:00,historyserver,historyserver-demo-7768d9678d-tlplx,historyserver,2026-08-06T18:17:42Z,1291450795000,1331269632
2026-08-06T13:17:57.829049-05:00,historyserver,historyserver-demo-7768d9678d-tlplx,historyserver,2026-08-06T18:17:42Z,1291450795000,1331269632
2026-08-06T13:17:58.829075-05:00,historyserver,historyserver-demo-7768d9678d-tlplx,historyserver,2026-08-06T18:17:57Z,1310091834000,1829593088
2026-08-06T13:17:59.829078-05:00,historyserver,historyserver-demo-7768d9678d-tlplx,historyserver,2026-08-06T18:17:57Z,1310091834000,1829593088
2026-08-06T13:18:00.828731-05:00,historyserver,historyserver-demo-7768d9678d-tlplx,historyserver,2026-08-06T18:17:57Z,1310091834000,1829593088
2026-08-06T13:18:01.829084-05:00,historyserver,historyserver-demo-7768d9678d-tlplx,historyserver,2026-08-06T18:17:57Z,1310091834000,1829593088
2026-08-06T13:18:02.829162-05:00,historyserver,historyserver-demo-7768d9678d-tlplx,historyserver,2026-08-06T18:17:57Z,1310091834000,1829593088
2026-08-06T13:18:03.829104-05:00,historyserver,historyserver-demo-7768d9678d-tlplx,historyserver,2026-08-06T18:17:57Z,1310091834000,1829593088
2026-08-06T13:18:04.829108-05:00,historyserver,historyserver-demo-7768d9678d-tlplx,historyserver,2026-08-06T18:17:57Z,1310091834000,1829593088
2026-08-06T13:18:05.829103-05:00,historyserver,historyserver-demo-7768d9678d-tlplx,historyserver,2026-08-06T18:17:57Z,1310091834000,1829593088
2026-08-06T13:18:06.829112-05:00,historyserver,historyserver-demo-7768d9678d-tlplx,historyserver,2026-08-06T18:17:57Z,1310091834000,1829593088
2026-08-06T13:18:07.82864-05:00,historyserver,historyserver-demo-7768d9678d-tlplx,historyserver,2026-08-06T18:17:57Z,1310091834000,1829593088
2026-08-06T13:18:08.829156-05:00,historyserver,historyserver-demo-7768d9678d-tlplx,historyserver,2026-08-06T18:17:57Z,1310091834000,1829593088
2026-08-06T13:18:09.829134-05:00,historyserver,historyserver-demo-7768d9678d-tlplx,historyserver,2026-08-06T18:17:57Z,1310091834000,1829593088
2026-08-06T13:18:10.828299-05:00,historyserver,historyserver-demo-7768d9678d-tlplx,historyserver,2026-08-06T18:17:57Z,1310091834000,1829593088
2026-08-06T13:18:11.828308-05:00,historyserver,historyserver-demo-7768d9678d-tlplx,historyserver,2026-08-06T18:17:57Z,1310091834000,1829593088
2026-08-06T13:18:12.828318-05:00,historyserver,historyserver-demo-7768d9678d-tlplx,historyserver,2026-08-06T18:17:57Z,1310091834000,1829593088
2026-08-06T13:18:13.829199-05:00,historyserver,historyserver-demo-7768d9678d-tlplx,historyserver,2026-08-06T18:17:57Z,1310091834000,1829593088
2026-08-06T13:18:14.82921-05:00,historyserver,historyserver-demo-7768d9678d-tlplx,historyserver,2026-08-06T18:18:14Z,1330203664000,1799839744
2026-08-06T13:18:15.829224-05:00,historyserver,historyserver-demo-7768d9678d-tlplx,historyserver,2026-08-06T18:18:14Z,1330203664000,1799839744
2026-08-06T13:18:16.829066-05:00,historyserver,historyserver-demo-7768d9678d-tlplx,historyserver,2026-08-06T18:18:14Z,1330203664000,1799839744
2026-08-06T13:18:17.829235-05:00,historyserver,historyserver-demo-7768d9678d-tlplx,historyserver,2026-08-06T18:18:14Z,1330203664000,1799839744
2026-08-06T13:18:18.829197-05:00,historyserver,historyserver-demo-7768d9678d-tlplx,historyserver,2026-08-06T18:18:14Z,1330203664000,1799839744
2026-08-06T13:18:19.828571-05:00,historyserver,historyserver-demo-7768d9678d-tlplx,historyserver,2026-08-06T18:18:14Z,1330203664000,1799839744
2026-08-06T13:18:20.828704-05:00,historyserver,historyserver-demo-7768d9678d-tlplx,historyserver,2026-08-06T18:18:14Z,1330203664000,1799839744
2026-08-06T13:18:21.828272-05:00,historyserver,historyserver-demo-7768d9678d-tlplx,historyserver,2026-08-06T18:18:14Z,1330203664000,1799839744
2026-08-06T13:18:22.828722-05:00,historyserver,historyserver-demo-7768d9678d-tlplx,historyserver,2026-08-06T18:18:14Z,1330203664000,1799839744
2026-08-06T13:18:23.828384-05:00,historyserver,historyserver-demo-7768d9678d-tlplx,historyserver,2026-08-06T18:18:14Z,1330203664000,1799839744
2026-08-06T13:18:24.829258-05:00,historyserver,historyserver-demo-7768d9678d-tlplx,historyserver,2026-08-06T18:18:14Z,1330203664000,1799839744
2026-08-06T13:18:25.829252-05:00,historyserver,historyserver-demo-7768d9678d-tlplx,historyserver,2026-08-06T18:18:14Z,1330203664000,1799839744
2026-08-06T13:18:26.828744-05:00,historyserver,historyserver-demo-7768d9678d-tlplx,historyserver,2026-08-06T18:18:14Z,1330203664000,1799839744
2026-08-06T13:18:27.828581-05:00,historyserver,historyserver-demo-7768d9678d-tlplx,historyserver,2026-08-06T18:18:27Z,1344170703000,1862963200
2026-08-06T13:18:28.829346-05:00,historyserver,historyserver-demo-7768d9678d-tlplx,historyserver,2026-08-06T18:18:27Z,1344170703000,1862963200
2026-08-06T13:18:29.83021-05:00,historyserver,historyserver-demo-7768d9678d-tlplx,historyserver,2026-08-06T18:18:27Z,1344170703000,1862963200
2026-08-06T13:18:30.829306-05:00,historyserver,historyserver-demo-7768d9678d-tlplx,historyserver,2026-08-06T18:18:27Z,1344170703000,1862963200
2026-08-06T13:18:31.82849-05:00,historyserver,historyserver-demo-7768d9678d-tlplx,historyserver,2026-08-06T18:18:27Z,1344170703000,1862963200
2026-08-06T13:18:32.828463-05:00,historyserver,historyserver-demo-7768d9678d-tlplx,historyserver,2026-08-06T18:18:27Z,1344170703000,1862963200
2026-08-06T13:18:33.828621-05:00,historyserver,historyserver-demo-7768d9678d-tlplx,historyserver,2026-08-06T18:18:27Z,1344170703000,1862963200
2026-08-06T13:18:34.828533-05:00,historyserver,historyserver-demo-7768d9678d-tlplx,historyserver,2026-08-06T18:18:27Z,1344170703000,1862963200
2026-08-06T13:18:35.828476-05:00,historyserver,historyserver-demo-7768d9678d-tlplx,historyserver,2026-08-06T18:18:27Z,1344170703000,1862963200
2026-08-06T13:18:36.82848-05:00,historyserver,historyserver-demo-7768d9678d-tlplx,historyserver,2026-08-06T18:18:27Z,1344170703000,1862963200
2026-08-06T13:18:37.82862-05:00,historyserver,historyserver-demo-7768d9678d-tlplx,historyserver,2026-08-06T18:18:27Z,1344170703000,1862963200
2026-08-06T13:18:38.829368-05:00,historyserver,historyserver-demo-7768d9678d-tlplx,historyserver,2026-08-06T18:18:27Z,1344170703000,1862963200
2026-08-06T13:18:39.828936-05:00,historyserver,historyserver-demo-7768d9678d-tlplx,historyserver,2026-08-06T18:18:27Z,1344170703000,1862963200
2026-08-06T13:18:40.829395-05:00,historyserver,historyserver-demo-7768d9678d-tlplx,historyserver,2026-08-06T18:18:27Z,1344170703000,1862963200
2026-08-06T13:18:41.828493-05:00,historyserver,historyserver-demo-7768d9678d-tlplx,historyserver,2026-08-06T18:18:27Z,1344170703000,1862963200
2026-08-06T13:18:42.82899-05:00,historyserver,historyserver-demo-7768d9678d-tlplx,historyserver,2026-08-06T18:18:42Z,1362587612000,2072428544
2026-08-06T13:18:43.828662-05:00,historyserver,historyserver-demo-7768d9678d-tlplx,historyserver,2026-08-06T18:18:42Z,1362587612000,2072428544
2026-08-06T13:18:44.82851-05:00,historyserver,historyserver-demo-7768d9678d-tlplx,historyserver,2026-08-06T18:18:42Z,1362587612000,2072428544
2026-08-06T13:18:45.828535-05:00,historyserver,historyserver-demo-7768d9678d-tlplx,historyserver,2026-08-06T18:18:42Z,1362587612000,2072428544
2026-08-06T13:18:46.828588-05:00,historyserver,historyserver-demo-7768d9678d-tlplx,historyserver,2026-08-06T18:18:42Z,1362587612000,2072428544
2026-08-06T13:18:47.828641-05:00,historyserver,historyserver-demo-7768d9678d-tlplx,historyserver,2026-08-06T18:18:42Z,1362587612000,2072428544
2026-08-06T13:18:48.829439-05:00,historyserver,historyserver-demo-7768d9678d-tlplx,historyserver,2026-08-06T18:18:42Z,1362587612000,2072428544
2026-08-06T13:18:49.829432-05:00,historyserver,historyserver-demo-7768d9678d-tlplx,historyserver,2026-08-06T18:18:42Z,1362587612000,2072428544
2026-08-06T13:18:50.828559-05:00,historyserver,historyserver-demo-7768d9678d-tlplx,historyserver,2026-08-06T18:18:42Z,1362587612000,2072428544
2026-08-06T13:18:51.828567-05:00,historyserver,historyserver-demo-7768d9678d-tlplx,historyserver,2026-08-06T18:18:42Z,1362587612000,2072428544
2026-08-06T13:18:52.829445-05:00,historyserver,historyserver-demo-7768d9678d-tlplx,historyserver,2026-08-06T18:18:42Z,1362587612000,2072428544
2026-08-06T13:18:53.829198-05:00,historyserver,historyserver-demo-7768d9678d-tlplx,historyserver,2026-08-06T18:18:42Z,1362587612000,2072428544
2026-08-06T13:18:54.828593-05:00,historyserver,historyserver-demo-7768d9678d-tlplx,historyserver,2026-08-06T18:18:42Z,1362587612000,2072428544
2026-08-06T13:18:55.828736-05:00,historyserver,historyserver-demo-7768d9678d-tlplx,historyserver,2026-08-06T18:18:42Z,1362587612000,2072428544
2026-08-06T13:18:56.828714-05:00,historyserver,historyserver-demo-7768d9678d-tlplx,historyserver,2026-08-06T18:18:42Z,1362587612000,2072428544
2026-08-06T13:18:57.829498-05:00,historyserver,historyserver-demo-7768d9678d-tlplx,historyserver,2026-08-06T18:18:42Z,1362587612000,2072428544
2026-08-06T13:18:58.828601-05:00,historyserver,historyserver-demo-7768d9678d-tlplx,historyserver,2026-08-06T18:18:42Z,1362587612000,2072428544
2026-08-06T13:18:59.828612-05:00,historyserver,historyserver-demo-7768d9678d-tlplx,historyserver,2026-08-06T18:18:42Z,1362587612000,2072428544
2026-08-06T13:19:00.829567-05:00,historyserver,historyserver-demo-7768d9678d-tlplx,historyserver,2026-08-06T18:18:42Z,1362587612000,2072428544
2026-08-06T13:19:01.829526-05:00,historyserver,historyserver-demo-7768d9678d-tlplx,historyserver,2026-08-06T18:19:00Z,1385014662000,2220736512
2026-08-06T13:19:02.829545-05:00,historyserver,historyserver-demo-7768d9678d-tlplx,historyserver,2026-08-06T18:19:00Z,1385014662000,2220736512
2026-08-06T13:19:03.828675-05:00,historyserver,historyserver-demo-7768d9678d-tlplx,historyserver,2026-08-06T18:19:00Z,1385014662000,2220736512
2026-08-06T13:19:04.828931-05:00,historyserver,historyserver-demo-7768d9678d-tlplx,historyserver,2026-08-06T18:19:00Z,1385014662000,2220736512
2026-08-06T13:19:05.829489-05:00,historyserver,historyserver-demo-7768d9678d-tlplx,historyserver,2026-08-06T18:19:00Z,1385014662000,2220736512
2026-08-06T13:19:06.828664-05:00,historyserver,historyserver-demo-7768d9678d-tlplx,historyserver,2026-08-06T18:19:00Z,1385014662000,2220736512
2026-08-06T13:19:07.828667-05:00,historyserver,historyserver-demo-7768d9678d-tlplx,historyserver,2026-08-06T18:19:00Z,1385014662000,2220736512
2026-08-06T13:19:08.829561-05:00,historyserver,historyserver-demo-7768d9678d-tlplx,historyserver,2026-08-06T18:19:00Z,1385014662000,2220736512
2026-08-06T13:19:09.82905-05:00,historyserver,historyserver-demo-7768d9678d-tlplx,historyserver,2026-08-06T18:19:00Z,1385014662000,2220736512
2026-08-06T13:19:10.828595-05:00,historyserver,historyserver-demo-7768d9678d-tlplx,historyserver,2026-08-06T18:19:00Z,1385014662000,2220736512
2026-08-06T13:19:11.82921-05:00,historyserver,historyserver-demo-7768d9678d-tlplx,historyserver,2026-08-06T18:19:00Z,1385014662000,2220736512
2026-08-06T13:19:12.829601-05:00,historyserver,historyserver-demo-7768d9678d-tlplx,historyserver,2026-08-06T18:19:00Z,1385014662000,2220736512
2026-08-06T13:19:13.828703-05:00,historyserver,historyserver-demo-7768d9678d-tlplx,historyserver,2026-08-06T18:19:13Z,1397280023000,2435264512
2026-08-06T13:19:14.829648-05:00,historyserver,historyserver-demo-7768d9678d-tlplx,historyserver,2026-08-06T18:19:13Z,1397280023000,2435264512
2026-08-06T13:19:15.829598-05:00,historyserver,historyserver-demo-7768d9678d-tlplx,historyserver,2026-08-06T18:19:13Z,1397280023000,2435264512
2026-08-06T13:19:16.829632-05:00,historyserver,historyserver-demo-7768d9678d-tlplx,historyserver,2026-08-06T18:19:13Z,1397280023000,2435264512
2026-08-06T13:19:17.829619-05:00,historyserver,historyserver-demo-7768d9678d-tlplx,historyserver,2026-08-06T18:19:13Z,1397280023000,2435264512
2026-08-06T13:19:18.829637-05:00,historyserver,historyserver-demo-7768d9678d-tlplx,historyserver,2026-08-06T18:19:13Z,1397280023000,2435264512
2026-08-06T13:19:19.82891-05:00,historyserver,historyserver-demo-7768d9678d-tlplx,historyserver,2026-08-06T18:19:13Z,1397280023000,2435264512
2026-08-06T13:19:20.82894-05:00,historyserver,historyserver-demo-7768d9678d-tlplx,historyserver,2026-08-06T18:19:13Z,1397280023000,2435264512
2026-08-06T13:19:21.82912-05:00,historyserver,historyserver-demo-7768d9678d-tlplx,historyserver,2026-08-06T18:19:13Z,1397280023000,2435264512
2026-08-06T13:19:22.829646-05:00,historyserver,historyserver-demo-7768d9678d-tlplx,historyserver,2026-08-06T18:19:13Z,1397280023000,2435264512
2026-08-06T13:19:23.828792-05:00,historyserver,historyserver-demo-7768d9678d-tlplx,historyserver,2026-08-06T18:19:13Z,1397280023000,2435264512
