time_nano,container,anon_bytes,current_bytes,peak_bytes,cpu_usage_usec
1786041142207521466,raycluster-historyserver-head-tgpqn/collector,61108224,62038016,62500864,649857
1786041142207521466,raycluster-historyserver-head-tgpqn/ray-head,3063746560,3116920832,3120107520,14173747
1786041142207521466,raycluster-historyserver-cpu-worker-k9jtk/ray-worker,289009664,310251520,311996416,2937856
1786041142207521466,raycluster-historyserver-cpu-worker-k9jtk/collector,55287808,56160256,57466880,583520
1786041143252261925,rayjob-bench-wzpzh/ray-job-submitter,51429376,56438784,56438784,636256
1786041143252261925,raycluster-historyserver-head-tgpqn/collector,61108224,62038016,62500864,649857
1786041143252261925,raycluster-historyserver-head-tgpqn/ray-head,3063373824,3117137920,3120107520,14229424
1786041143252261925,raycluster-historyserver-cpu-worker-k9jtk/ray-worker,289058816,310304768,311996416,2950889
1786041143252261925,raycluster-historyserver-cpu-worker-k9jtk/collector,55287808,56160256,57466880,583520
1786041144294978801,rayjob-bench-wzpzh/ray-job-submitter,286720,30466048,115277824,1661760
1786041144294978801,raycluster-historyserver-head-tgpqn/collector,61112320,62038016,62500864,652339
1786041144294978801,raycluster-historyserver-head-tgpqn/ray-head,3063443456,3117338624,3120107520,14281178
1786041144294978801,raycluster-historyserver-cpu-worker-k9jtk/ray-worker,289230848,310489088,311996416,2961526
1786041144294978801,raycluster-historyserver-cpu-worker-k9jtk/collector,55287808,56160256,57466880,583520
1786041145340145093,rayjob-bench-wzpzh/ray-job-submitter,102531072,113504256,115277824,2556539
1786041145340145093,raycluster-historyserver-head-tgpqn/collector,61112320,62038016,62500864,653060
1786041145340145093,raycluster-historyserver-head-tgpqn/ray-head,3083395072,3140382720,3140579328,15121109
1786041145340145093,raycluster-historyserver-cpu-worker-k9jtk/ray-worker,289411072,310681600,311996416,2971865
1786041145340145093,raycluster-historyserver-cpu-worker-k9jtk/collector,55394304,56274944,57466880,590304
1786041146414441010,rayjob-bench-wzpzh/ray-job-submitter,97792000,108744704,115277824,3606863
1786041146414441010,raycluster-historyserver-head-tgpqn/collector,61128704,62066688,62586880,661684
1786041146414441010,raycluster-historyserver-head-tgpqn/ray-head,3223633920,3283259392,3283263488,16273010
1786041146414441010,raycluster-historyserver-cpu-worker-k9jtk/ray-worker,341753856,363851776,363851776,3268736
1786041146414441010,raycluster-historyserver-cpu-worker-k9jtk/collector,55394304,56270848,57466880,590434
1786041147475357511,rayjob-bench-wzpzh/ray-job-submitter,102367232,113291264,115277824,3688422
1786041147475357511,raycluster-historyserver-head-tgpqn/collector,61140992,62083072,62590976,663997
1786041147475357511,raycluster-historyserver-head-tgpqn/ray-head,3259437056,3320680448,3321704448,16879767
1786041147475357511,raycluster-historyserver-cpu-worker-k9jtk/ray-worker,588333056,620851200,621064192,5492611
1786041147475357511,raycluster-historyserver-cpu-worker-k9jtk/collector,55394304,56270848,57466880,590434
1786041148547214886,rayjob-bench-wzpzh/ray-job-submitter,102379520,113303552,115277824,3688648
1786041148547214886,raycluster-historyserver-head-tgpqn/collector,83922944,88141824,88428544,1296041
1786041148547214886,raycluster-historyserver-head-tgpqn/ray-head,3290095616,3350659072,3352702976,17740031
1786041148547214886,raycluster-historyserver-cpu-worker-k9jtk/ray-worker,784310272,821096448,821157888,7552991
1786041148547214886,raycluster-historyserver-cpu-worker-k9jtk/collector,66875392,69140480,69480448,868180
1786041149609139178,rayjob-bench-wzpzh/ray-job-submitter,102379520,113303552,115277824,3688648
1786041149609139178,raycluster-historyserver-head-tgpqn/collector,94576640,102809600,103112704,2080889
1786041149609139178,raycluster-historyserver-head-tgpqn/ray-head,3303624704,3364073472,3368030208,18339487
1786041149609139178,raycluster-historyserver-cpu-worker-k9jtk/ray-worker,913825792,954269696,954761216,9748477
1786041149609139178,raycluster-historyserver-cpu-worker-k9jtk/collector,69427200,72781824,73752576,1059051
1786041150678100970,rayjob-bench-wzpzh/ray-job-submitter,102383616,113307648,115277824,3689076
1786041150678100970,raycluster-historyserver-head-tgpqn/collector,96583680,105918464,106299392,2253885
1786041150678100970,raycluster-historyserver-head-tgpqn/ray-head,3311099904,3372294144,3373068288,19568201
1786041150678100970,raycluster-historyserver-cpu-worker-k9jtk/ray-worker,938545152,981213184,982745088,11881267
1786041150678100970,raycluster-historyserver-cpu-worker-k9jtk/collector,73211904,78655488,78655488,1538528
1786041151749964096,rayjob-bench-wzpzh/ray-job-submitter,102387712,113311744,115277824,3689271
1786041151749964096,raycluster-historyserver-head-tgpqn/collector,95678464,108625920,113713152,2981972
1786041151749964096,raycluster-historyserver-head-tgpqn/ray-head,3341647872,3403059200,3405836288,20587671
1786041151749964096,raycluster-historyserver-cpu-worker-k9jtk/ray-worker,917340160,957865984,985178112,13947816
1786041151749964096,raycluster-historyserver-cpu-worker-k9jtk/collector,72921088,79966208,83156992,1810191
1786041152814886763,rayjob-bench-wzpzh/ray-job-submitter,102387712,113311744,115277824,3689396
1786041152814886763,raycluster-historyserver-head-tgpqn/collector,102592512,120066048,120172544,3787529
1786041152814886763,raycluster-historyserver-head-tgpqn/ray-head,3361079296,3422801920,3423891456,21592992
1786041152814886763,raycluster-historyserver-cpu-worker-k9jtk/ray-worker,924991488,966467584,985178112,16150422
1786041152814886763,raycluster-historyserver-cpu-worker-k9jtk/collector,72990720,81686528,83156992,2033497
1786041153885034055,rayjob-bench-wzpzh/ray-job-submitter,102387712,113311744,115277824,3689555
1786041153885034055,raycluster-historyserver-head-tgpqn/collector,98906112,117133312,126611456,4381214
1786041153885034055,raycluster-historyserver-head-tgpqn/ray-head,3382927360,3444404224,3445657600,22890364
1786041153885034055,raycluster-historyserver-cpu-worker-k9jtk/ray-worker,945594368,987308032,988905472,18295157
1786041153885034055,raycluster-historyserver-cpu-worker-k9jtk/collector,86237184,97710080,97906688,2725016
1786041154960754875,rayjob-bench-wzpzh/ray-job-submitter,102387712,113311744,115277824,3689699
1786041154960754875,raycluster-historyserver-head-tgpqn/collector,107044864,129536000,136609792,4873715
1786041154960754875,raycluster-historyserver-head-tgpqn/ray-head,3403276288,3464982528,3469295616,24127451
1786041154960754875,raycluster-historyserver-cpu-worker-k9jtk/ray-worker,945889280,987865088,990408704,20372959
1786041154960754875,raycluster-historyserver-cpu-worker-k9jtk/collector,86237184,99262464,99708928,2816326
1786041156018633750,rayjob-bench-wzpzh/ray-job-submitter,102387712,113311744,115277824,3689859
1786041156018633750,raycluster-historyserver-head-tgpqn/collector,102674432,130256896,136609792,5647180
1786041156018633750,raycluster-historyserver-head-tgpqn/ray-head,3415166976,3477032960,3477905408,25323791
1786041156018633750,raycluster-historyserver-cpu-worker-k9jtk/ray-worker,977068032,1018994688,1024561152,22550603
1786041156018633750,raycluster-historyserver-cpu-worker-k9jtk/collector,98107392,111153152,111837184,2980964
1786041157085636376,rayjob-bench-wzpzh/ray-job-submitter,102387712,113311744,115277824,3690004
1786041157085636376,raycluster-historyserver-head-tgpqn/collector,114368512,141946880,142209024,6102310
1786041157085636376,raycluster-historyserver-head-tgpqn/ray-head,3504156672,3568267264,3568267264,27486273
1786041157085636376,raycluster-historyserver-cpu-worker-k9jtk/ray-worker,979697664,1022058496,1024561152,24675441
1786041157085636376,raycluster-historyserver-cpu-worker-k9jtk/collector,108892160,128802816,128921600,4099078
1786041158154474501,rayjob-bench-wzpzh/ray-job-submitter,102387712,113311744,115277824,3690251
1786041158154474501,raycluster-historyserver-head-tgpqn/collector,119484416,155156480,155160576,7254096
1786041158154474501,raycluster-historyserver-head-tgpqn/ray-head,3615240192,3681198080,3690909696,29053984
1786041158154474501,raycluster-historyserver-cpu-worker-k9jtk/ray-worker,973443072,1016692736,1024561152,26791724
1786041158154474501,raycluster-historyserver-cpu-worker-k9jtk/collector,108892160,128802816,128921600,4099078
1786041159227334585,rayjob-bench-wzpzh/ray-job-submitter,102387712,113311744,115277824,3690403
1786041159227334585,raycluster-historyserver-head-tgpqn/collector,133832704,169533440,169820160,7426091
1786041159227334585,raycluster-historyserver-head-tgpqn/ray-head,3641700352,3708280832,3709935616,30674017
1786041159227334585,raycluster-historyserver-cpu-worker-k9jtk/ray-worker,998375424,1040773120,1045831680,28919712
1786041159227334585,raycluster-historyserver-cpu-worker-k9jtk/collector,108892160,128802816,132423680,4145271
1786041160296549877,rayjob-bench-wzpzh/ray-job-submitter,102387712,113311744,115277824,3690559
1786041160296549877,raycluster-historyserver-head-tgpqn/collector,124026880,166375424,172584960,8605525
1786041160296549877,raycluster-historyserver-head-tgpqn/ray-head,3656376320,3722989568,3725651968,31547550
1786041160296549877,raycluster-historyserver-cpu-worker-k9jtk/ray-worker,999014400,1042120704,1045831680,31112063
1786041160296549877,raycluster-historyserver-cpu-worker-k9jtk/collector,113131520,140099584,140099584,5269759
1786041161367349711,rayjob-bench-wzpzh/ray-job-submitter,102387712,113311744,115277824,3690802
1786041161367349711,raycluster-historyserver-head-tgpqn/collector,140414976,184156160,186863616,8811480
1786041161367349711,raycluster-historyserver-head-tgpqn/ray-head,3682492416,3748638720,3751981056,33055005
1786041161367349711,raycluster-historyserver-cpu-worker-k9jtk/ray-worker,984154112,1027846144,1045831680,33178584
1786041161367349711,raycluster-historyserver-cpu-worker-k9jtk/collector,114036736,140787712,141414400,5368622
1786041162425264920,rayjob-bench-wzpzh/ray-job-submitter,102387712,113311744,115277824,3690949
1786041162425264920,raycluster-historyserver-head-tgpqn/collector,120209408,168558592,186863616,9981943
1786041162425264920,raycluster-historyserver-head-tgpqn/ray-head,3692101632,3758305280,3759525888,33926643
1786041162425264920,raycluster-historyserver-cpu-worker-k9jtk/ray-worker,1001041920,1043824640,1047781376,35322805
1786041162425264920,raycluster-historyserver-cpu-worker-k9jtk/collector,121344000,148316160,148316160,5528802
1786041163490495671,rayjob-bench-wzpzh/ray-job-submitter,102387712,113311744,115277824,3691085
1786041163490495671,raycluster-historyserver-head-tgpqn/collector,131928064,183627776,186863616,10202981
1786041163490495671,raycluster-historyserver-head-tgpqn/ray-head,3684417536,3750891520,3761446912,35475288
1786041163490495671,raycluster-historyserver-cpu-worker-k9jtk/ray-worker,1001541632,1044865024,1047781376,37522138
1786041163490495671,raycluster-historyserver-cpu-worker-k9jtk/collector,117227520,150806528,150941696,6540352
1786041164563810504,rayjob-bench-wzpzh/ray-job-submitter,102387712,113311744,115277824,3691648
1786041164563810504,raycluster-historyserver-head-tgpqn/collector,117022720,168742912,202186752,11314879
1786041164563810504,raycluster-historyserver-head-tgpqn/ray-head,3710713856,3777478656,3778531328,36466354
1786041164563810504,raycluster-historyserver-cpu-worker-k9jtk/ray-worker,1002131456,1045442560,1047781376,39671100
1786041164563810504,raycluster-historyserver-cpu-worker-k9jtk/collector,117227520,150806528,150941696,6540352
1786041165648534797,rayjob-bench-wzpzh/ray-job-submitter,102387712,113311744,115277824,3691829
1786041165648534797,raycluster-historyserver-head-tgpqn/collector,136757248,196665344,202186752,11887613
1786041165648534797,raycluster-historyserver-head-tgpqn/ray-head,3709988864,3776237568,3785240576,37751896
1786041165648534797,raycluster-historyserver-cpu-worker-k9jtk/ray-worker,1022513152,1065938944,1072021504,41749870
1786041165648534797,raycluster-historyserver-cpu-worker-k9jtk/collector,91570176,125157376,157859840,6880843
1786041166722283380,rayjob-bench-wzpzh/ray-job-submitter,102387712,113311744,115277824,3691829
1786041166722283380,raycluster-historyserver-head-tgpqn/collector,109862912,169762816,213860352,12640564
1786041166722283380,raycluster-historyserver-head-tgpqn/ray-head,3739095040,3805450240,3807789056,39156596
1786041166722283380,raycluster-historyserver-cpu-worker-k9jtk/ray-worker,1001730048,1045000192,1072021504,43922139
1786041166722283380,raycluster-historyserver-cpu-worker-k9jtk/collector,121237504,161640448,162525184,7898508
1786041167791326923,rayjob-bench-wzpzh/ray-job-submitter,102387712,113311744,115277824,3691964
1786041167791326923,raycluster-historyserver-head-tgpqn/collector,131952640,199725056,213860352,13377606
1786041167791326923,raycluster-historyserver-head-tgpqn/ray-head,3729674240,3796258816,3813289984,40335064
1786041167791326923,raycluster-historyserver-cpu-worker-k9jtk/ray-worker,1001947136,1045561344,1072021504,46113546
1786041167791326923,raycluster-historyserver-cpu-worker-k9jtk/collector,121237504,161640448,162525184,7898508
1786041168857347756,rayjob-bench-wzpzh/ray-job-submitter,102387712,113311744,115277824,3692148
1786041168857347756,raycluster-historyserver-head-tgpqn/collector,114208768,181977088,218263552,14037409
1786041168857347756,raycluster-historyserver-head-tgpqn/ray-head,3764064256,3830427648,3831660544,41481015
1786041168857347756,raycluster-historyserver-cpu-worker-k9jtk/ray-worker,1020477440,1063964672,1072021504,48124257
1786041168857347756,raycluster-historyserver-cpu-worker-k9jtk/collector,114376704,154779648,164216832,8290837
1786041169915063715,rayjob-bench-wzpzh/ray-job-submitter,102387712,113311744,115277824,3692554
1786041169915063715,raycluster-historyserver-head-tgpqn/collector,134688768,210644992,218263552,14871627
1786041169915063715,raycluster-historyserver-head-tgpqn/ray-head,3754135552,3820871680,3840225280,42586034
1786041169915063715,raycluster-historyserver-cpu-worker-k9jtk/ray-worker,1005498368,1049059328,1072021504,50316879
1786041169915063715,raycluster-historyserver-cpu-worker-k9jtk/collector,115650560,162881536,164216832,9107233
1786041170987307132,rayjob-bench-wzpzh/ray-job-submitter,102387712,113311744,115277824,3692679
1786041170987307132,raycluster-historyserver-head-tgpqn/collector,114085888,190050304,228155392,15405702
1786041170987307132,raycluster-historyserver-head-tgpqn/ray-head,3788562432,3855097856,3857154048,43846150
1786041170987307132,raycluster-historyserver-cpu-worker-k9jtk/ray-worker,1005608960,1050128384,1072021504,52486728
1786041170987307132,raycluster-historyserver-cpu-worker-k9jtk/collector,115654656,162885632,164216832,9109667
1786041172049685925,rayjob-bench-wzpzh/ray-job-submitter,102387712,113311744,115277824,3692825
1786041172049685925,raycluster-historyserver-head-tgpqn/collector,132960256,216883200,228155392,16377038
1786041172049685925,raycluster-historyserver-head-tgpqn/ray-head,3770851328,3837374464,3863658496,44819358
1786041172049685925,raycluster-historyserver-cpu-worker-k9jtk/ray-worker,1027153920,1071767552,1076477952,54531588
1786041172049685925,raycluster-historyserver-cpu-worker-k9jtk/collector,95440896,142909440,171917312,9796514
1786041173119778133,rayjob-bench-wzpzh/ray-job-submitter,102387712,113311744,115277824,3693168
1786041173119778133,raycluster-historyserver-head-tgpqn/collector,147935232,231858176,234479616,16686341
1786041173119778133,raycluster-historyserver-head-tgpqn/ray-head,3813597184,3880333312,3883241472,46428375
1786041173119778133,raycluster-historyserver-cpu-worker-k9jtk/ray-worker,1011810304,1055731712,1076477952,56715581
1786041173119778133,raycluster-historyserver-cpu-worker-k9jtk/collector,119664640,173719552,173727744,10319248
1786041174186619342,rayjob-bench-wzpzh/ray-job-submitter,102387712,113311744,115277824,3693362
1786041174186619342,raycluster-historyserver-head-tgpqn/collector,127406080,217649152,234479616,17888642
1786041174186619342,raycluster-historyserver-head-tgpqn/ray-head,3821899776,3889238016,3890765824,47113977
1786041174186619342,raycluster-historyserver-cpu-worker-k9jtk/ray-worker,1012146176,1056219136,1076477952,58896836
1786041174186619342,raycluster-historyserver-cpu-worker-k9jtk/collector,119664640,173719552,173727744,10319248
1786041175251126176,rayjob-bench-wzpzh/ray-job-submitter,102387712,113311744,115277824,3693599
1786041175251126176,raycluster-historyserver-head-tgpqn/collector,150614016,243122176,243122176,18069720
1786041175251126176,raycluster-historyserver-head-tgpqn/ray-head,3840544768,3907837952,3912085504,48720497
1786041175251126176,raycluster-historyserver-cpu-worker-k9jtk/ray-worker,1031831552,1076281344,1081012224,60921049
1786041175251126176,raycluster-historyserver-cpu-worker-k9jtk/collector,104374272,160190464,182312960,11191567
1786041176315295010,rayjob-bench-wzpzh/ray-job-submitter,102387712,113311744,115277824,3693779
1786041176315295010,raycluster-historyserver-head-tgpqn/collector,129404928,225312768,244174848,19259958
1786041176315295010,raycluster-historyserver-head-tgpqn/ray-head,3846643712,3913945088,3915337728,49739392
1786041176315295010,raycluster-historyserver-cpu-worker-k9jtk/ray-worker,1032032256,1076314112,1081012224,63116030
1786041176315295010,raycluster-historyserver-cpu-worker-k9jtk/collector,118341632,179212288,182312960,11542816
1786041177394448552,rayjob-bench-wzpzh/ray-job-submitter,102387712,113311744,115277824,3693941
1786041177394448552,raycluster-historyserver-head-tgpqn/collector,129413120,229412864,244174848,19549488
1786041177394448552,raycluster-historyserver-head-tgpqn/ray-head,3853967360,3921666048,3923537920,51145636
1786041177394448552,raycluster-historyserver-cpu-worker-k9jtk/ray-worker,1039536128,1083998208,1088729088,65314720
1786041177394448552,raycluster-historyserver-cpu-worker-k9jtk/collector,118771712,181141504,186126336,11572660
1786041178465741969,rayjob-bench-wzpzh/ray-job-submitter,102387712,113311744,115277824,3694079
1786041178465741969,raycluster-historyserver-head-tgpqn/collector,119799808,223637504,244793344,20781077
1786041178465741969,raycluster-historyserver-head-tgpqn/ray-head,3867987968,3935559680,3936505856,51957870
1786041178465741969,raycluster-historyserver-cpu-worker-k9jtk/ray-worker,1039400960,1083977728,1088729088,67511017
1786041178465741969,raycluster-historyserver-cpu-worker-k9jtk/collector,118329344,185946112,186617856,12879351
1786041179625024595,rayjob-bench-wzpzh/ray-job-submitter,102387712,113311744,115277824,3694251
1786041179625024595,raycluster-historyserver-head-tgpqn/collector,127348736,235249664,244793344,21143550
1786041179625024595,raycluster-historyserver-head-tgpqn/ray-head,3877203968,3944833024,3945730048,53421081
1786041179625024595,raycluster-historyserver-cpu-worker-k9jtk/ray-worker,1039536128,1084190720,1088729088,69711447
1786041179625024595,raycluster-historyserver-cpu-worker-k9jtk/collector,118333440,186023936,186617856,12923940
1786041180705833429,rayjob-bench-wzpzh/ray-job-submitter,102387712,113311744,115277824,3694405
1786041180705833429,raycluster-historyserver-head-tgpqn/collector,114819072,224391168,246620160,22200084
1786041180705833429,raycluster-historyserver-head-tgpqn/ray-head,3896807424,3964203008,3964469248,54466997
1786041180705833429,raycluster-historyserver-cpu-worker-k9jtk/ray-worker,1048895488,1093697536,1098428416,71912462
1786041180705833429,raycluster-historyserver-cpu-worker-k9jtk/collector,118337536,186028032,191299584,12952597
1786041181787540638,rayjob-bench-wzpzh/ray-job-submitter,102387712,113311744,115277824,3694530
1786041181787540638,raycluster-historyserver-head-tgpqn/collector,135630848,251736064,252260352,22625724
1786041181787540638,raycluster-historyserver-head-tgpqn/ray-head,3894677504,3962097664,3970093056,55862225
1786041181787540638,raycluster-historyserver-cpu-worker-k9jtk/ray-worker,1034575872,1079767040,1098428416,74085472
1786041181787540638,raycluster-historyserver-cpu-worker-k9jtk/collector,115363840,189882368,191299584,14091156
1786041182871431846,rayjob-bench-wzpzh/ray-job-submitter,102387712,113311744,115277824,3694789
1786041182871431846,raycluster-historyserver-head-tgpqn/collector,113197056,231092224,269783040,23632831
1786041182871431846,raycluster-historyserver-head-tgpqn/ray-head,3908059136,3975794688,3976491008,56844429
1786041182871431846,raycluster-historyserver-cpu-worker-k9jtk/ray-worker,1034940416,1079980032,1098428416,76216528
1786041182871431846,raycluster-historyserver-cpu-worker-k9jtk/collector,115363840,189882368,191299584,14091156
1786041183939812555,rayjob-bench-wzpzh/ray-job-submitter,102387712,113311744,115277824,3694931
1786041183939812555,raycluster-historyserver-head-tgpqn/collector,131952640,255942656,269783040,24015904
1786041183939812555,raycluster-historyserver-head-tgpqn/ray-head,3918417920,3986223104,3986538496,58206595
1786041183939812555,raycluster-historyserver-cpu-worker-k9jtk/ray-worker,1055313920,1100500992,1105780736,78311711
1786041183939812555,raycluster-historyserver-cpu-worker-k9jtk/collector,86065152,161234944,196079616,14481607
1786041185015159000,rayjob-bench-wzpzh/ray-job-submitter,102387712,113311744,115277824,3695129
1786041185015159000,raycluster-historyserver-head-tgpqn/collector,114806784,240332800,274452480,25057523
1786041185015159000,raycluster-historyserver-head-tgpqn/ray-head,3951329280,4019220480,4019847168,59221457
1786041185015159000,raycluster-historyserver-cpu-worker-k9jtk/ray-worker,1041244160,1086550016,1105780736,80511683
1786041185015159000,raycluster-historyserver-cpu-worker-k9jtk/collector,115580928,196915200,197439488,15330606
1786041186102614834,rayjob-bench-wzpzh/ray-job-submitter,102387712,113311744,115277824,3695255
1786041186102614834,raycluster-historyserver-head-tgpqn/collector,134512640,266641408,274452480,25503581
1786041186102614834,raycluster-historyserver-head-tgpqn/ray-head,3942871040,4011130880,4022435840,60700744
1786041186102614834,raycluster-historyserver-cpu-worker-k9jtk/ray-worker,1041358848,1086791680,1105780736,82711398
1786041186102614834,raycluster-historyserver-cpu-worker-k9jtk/collector,115654656,196988928,197439488,15333039
1786041187190778918,rayjob-bench-wzpzh/ray-job-submitter,102387712,113311744,115277824,3695386
1786041187190778918,raycluster-historyserver-head-tgpqn/collector,109826048,241954816,284401664,27365004
1786041187190778918,raycluster-historyserver-head-tgpqn/ray-head,3959201792,4027805696,4029087744,61743530
1786041187190778918,raycluster-historyserver-cpu-worker-k9jtk/ray-worker,1062318080,1108180992,1113948160,84890020
1786041187190778918,raycluster-historyserver-cpu-worker-k9jtk/collector,102576128,183914496,205819904,15887250
1786041188272664835,rayjob-bench-wzpzh/ray-job-submitter,102387712,113311744,115277824,3695507
1786041188272664835,raycluster-historyserver-head-tgpqn/collector,133939200,272949248,284401664,28715937
1786041188272664835,raycluster-historyserver-head-tgpqn/ray-head,3969462272,4038381568,4039237632,63143487
1786041188272664835,raycluster-historyserver-cpu-worker-k9jtk/ray-worker,1047453696,1093173248,1113948160,87113106
1786041188272664835,raycluster-historyserver-cpu-worker-k9jtk/collector,113909760,202059776,205819904,16527721
1786041189383870419,rayjob-bench-wzpzh/ray-job-submitter,102387712,113311744,115277824,3695651
1786041189383870419,raycluster-historyserver-head-tgpqn/collector,113405952,122580992,284401664,29449007
1786041189383870419,raycluster-historyserver-head-tgpqn/ray-head,3984019456,4052684800,4053749760,63953708
1786041189383870419,raycluster-historyserver-cpu-worker-k9jtk/ray-worker,1067651072,1113436160,1117945856,88664675
1786041189383870419,raycluster-historyserver-cpu-worker-k9jtk/collector,122978304,211324928,212701184,16709967
1786041190440893169,rayjob-bench-wzpzh/ray-job-submitter,102387712,113311744,115277824,3695781
1786041190440893169,raycluster-historyserver-head-tgpqn/collector,133083136,150286336,284401664,30285041
1786041190440893169,raycluster-historyserver-head-tgpqn/ray-head,3984687104,4053442560,4055883776,64402812
1786041190440893169,raycluster-historyserver-cpu-worker-k9jtk/ray-worker,1052749824,1095626752,1117945856,89339873
1786041190440893169,raycluster-historyserver-cpu-worker-k9jtk/collector,119054336,214028288,218632192,17786695
1786041191495159420,rayjob-bench-wzpzh/ray-job-submitter,102387712,113311744,115277824,3695917
1786041191495159420,raycluster-historyserver-head-tgpqn/collector,113053696,130252800,284401664,30872468
1786041191495159420,raycluster-historyserver-head-tgpqn/ray-head,4005257216,4074053632,4078309376,65063075
1786041191495159420,raycluster-historyserver-cpu-worker-k9jtk/ray-worker,582004736,612757504,1117945856,90451122
1786041191495159420,raycluster-historyserver-cpu-worker-k9jtk/collector,123518976,218492928,219561984,18040604
1786041192549117253,rayjob-bench-wzpzh/ray-job-submitter,102387712,113311744,115277824,3695917
1786041192549117253,raycluster-historyserver-head-tgpqn/collector,133959680,159215616,284401664,31729550
1786041192549117253,raycluster-historyserver-head-tgpqn/ray-head,3980591104,4049338368,4078309376,65454115
1786041192549117253,raycluster-historyserver-cpu-worker-k9jtk/ray-worker,563200000,593924096,1117945856,90742493
1786041192549117253,raycluster-historyserver-cpu-worker-k9jtk/collector,116699136,218492928,219561984,18962613
1786041193598945129,rayjob-bench-wzpzh/ray-job-submitter,102387712,113311744,115277824,3695917
1786041193598945129,raycluster-historyserver-head-tgpqn/collector,113348608,138604544,284401664,32341866
1786041193598945129,raycluster-historyserver-head-tgpqn/ray-head,3988664320,4057432064,4078309376,66027934
1786041193598945129,raycluster-historyserver-cpu-worker-k9jtk/ray-worker,584249344,615014400,1117945856,91162046
1786041193598945129,raycluster-historyserver-cpu-worker-k9jtk/collector,103092224,205365248,229236736,19717541
1786041194648412129,rayjob-bench-wzpzh/ray-job-submitter,102387712,113311744,115277824,3695917
1786041194648412129,raycluster-historyserver-head-tgpqn/collector,132276224,165421056,284401664,33112052
1786041194648412129,raycluster-historyserver-head-tgpqn/ray-head,3988680704,4057432064,4078309376,66478384
1786041194648412129,raycluster-historyserver-cpu-worker-k9jtk/ray-worker,584491008,615256064,1117945856,91811984
1786041194648412129,raycluster-historyserver-cpu-worker-k9jtk/collector,118530048,227393536,235327488,20231189
1786041195696320630,rayjob-bench-wzpzh/ray-job-submitter,102387712,113311744,115277824,3695917
1786041195696320630,raycluster-historyserver-head-tgpqn/collector,115568640,148709376,284401664,33766717
1786041195696320630,raycluster-historyserver-head-tgpqn/ray-head,3988299776,4057071616,4078309376,67019512
1786041195696320630,raycluster-historyserver-cpu-worker-k9jtk/ray-worker,563666944,594657280,1117945856,91901567
1786041195696320630,raycluster-historyserver-cpu-worker-k9jtk/collector,117641216,233316352,235327488,21377899
1786041196738999964,rayjob-bench-wzpzh/ray-job-submitter,102387712,113311744,115277824,3695917
1786041196738999964,raycluster-historyserver-head-tgpqn/collector,136159232,177545216,284401664,34547435
1786041196738999964,raycluster-historyserver-head-tgpqn/ray-head,3988578304,4057337856,4078309376,67506667
1786041196738999964,raycluster-historyserver-cpu-worker-k9jtk/ray-worker,584753152,615526400,1117945856,92525517
1786041196738999964,raycluster-historyserver-cpu-worker-k9jtk/collector,94511104,211046400,241823744,22972045
1786041197784025714,rayjob-bench-wzpzh/ray-job-submitter,102387712,113311744,115277824,3695917
1786041197784025714,raycluster-historyserver-head-tgpqn/collector,113455104,154841088,284401664,35233568
1786041197784025714,raycluster-historyserver-head-tgpqn/ray-head,3988561920,4057317376,4078309376,68010597
1786041197784025714,raycluster-historyserver-cpu-worker-k9jtk/ray-worker,563929088,594653184,1117945856,93024957
1786041197784025714,raycluster-historyserver-cpu-worker-k9jtk/collector,115195904,123129856,249118720,24040182
1786041198825221256,rayjob-bench-wzpzh/ray-job-submitter,102387712,113311744,115277824,3695917
1786041198825221256,raycluster-historyserver-head-tgpqn/collector,132751360,182050816,284401664,35953490
1786041198825221256,raycluster-historyserver-head-tgpqn/ray-head,3988611072,4057374720,4078309376,68479948
1786041198825221256,raycluster-historyserver-cpu-worker-k9jtk/ray-worker,571121664,601862144,1117945856,93204947
1786041198825221256,raycluster-historyserver-cpu-worker-k9jtk/collector,103690240,116125696,249118720,25072844
1786041199865886590,rayjob-bench-wzpzh/ray-job-submitter,102387712,113311744,115277824,3695917
1786041199865886590,raycluster-historyserver-head-tgpqn/collector,114610176,163909632,284401664,36675458
1786041199865886590,raycluster-historyserver-head-tgpqn/ray-head,3988828160,4057595904,4078309376,68950624
1786041199865886590,raycluster-historyserver-cpu-worker-k9jtk/ray-worker,571080704,601821184,1117945856,93805122
1786041199865886590,raycluster-historyserver-cpu-worker-k9jtk/collector,104296448,119050240,249118720,25609225
1786041200914868966,rayjob-bench-wzpzh/ray-job-submitter,102387712,113311744,115277824,3695917
1786041200914868966,raycluster-historyserver-head-tgpqn/collector,145190912,202682368,284401664,37512297
1786041200914868966,raycluster-historyserver-head-tgpqn/ray-head,3988660224,4057546752,4078309376,69250546
1786041200914868966,raycluster-historyserver-cpu-worker-k9jtk/ray-worker,570171392,600911872,1117945856,94008617
1786041200914868966,raycluster-historyserver-cpu-worker-k9jtk/collector,119943168,141529088,249118720,26465455
1786041201959563008,rayjob-bench-wzpzh/ray-job-submitter,102387712,113311744,115277824,3695917
1786041201959563008,raycluster-historyserver-head-tgpqn/collector,147079168,206794752,284401664,37792073
1786041201959563008,raycluster-historyserver-head-tgpqn/ray-head,3988811776,4057698304,4078309376,69377832
1786041201959563008,raycluster-historyserver-cpu-worker-k9jtk/ray-worker,570187776,600993792,1117945856,94070178
1786041201959563008,raycluster-historyserver-cpu-worker-k9jtk/collector,115281920,138530816,249118720,26676381
1786041203007319883,rayjob-bench-wzpzh/ray-job-submitter,102387712,113311744,115277824,3695917
1786041203007319883,raycluster-historyserver-head-tgpqn/collector,147079168,206794752,284401664,37793571
1786041203007319883,raycluster-historyserver-head-tgpqn/ray-head,3966898176,4035747840,4078309376,69458894
1786041203007319883,raycluster-historyserver-cpu-worker-k9jtk/ray-worker,570241024,601006080,1117945856,94100637
1786041203007319883,raycluster-historyserver-cpu-worker-k9jtk/collector,115281920,138530816,249118720,26676381
1786041204057158051,rayjob-bench-wzpzh/ray-job-submitter,102387712,113311744,115277824,3695917
1786041204057158051,raycluster-historyserver-head-tgpqn/collector,147079168,206794752,284401664,37793571
1786041204057158051,raycluster-historyserver-head-tgpqn/ray-head,3966947328,4035809280,4078309376,69528317
1786041204057158051,raycluster-historyserver-cpu-worker-k9jtk/ray-worker,570257408,601018368,1117945856,94126925
1786041204057158051,raycluster-historyserver-cpu-worker-k9jtk/collector,115281920,138530816,249118720,26676381
1786041205107159926,rayjob-bench-wzpzh/ray-job-submitter,102387712,113311744,115277824,3695917
1786041205107159926,raycluster-historyserver-head-tgpqn/collector,147083264,206798848,284401664,37796325
1786041205107159926,raycluster-historyserver-head-tgpqn/ray-head,3967078400,4035923968,4078309376,69616838
1786041205107159926,raycluster-historyserver-cpu-worker-k9jtk/ray-worker,570273792,601018368,1117945856,94153697
1786041205107159926,raycluster-historyserver-cpu-worker-k9jtk/collector,115281920,138530816,249118720,26676381
1786041206158815010,rayjob-bench-wzpzh/ray-job-submitter,102387712,113311744,115277824,3695917
1786041206158815010,raycluster-historyserver-head-tgpqn/collector,147083264,206798848,284401664,37801829
1786041206158815010,raycluster-historyserver-head-tgpqn/ray-head,3967315968,4036198400,4078309376,69774847
1786041206158815010,raycluster-historyserver-cpu-worker-k9jtk/ray-worker,570281984,601026560,1117945856,94192712
1786041206158815010,raycluster-historyserver-cpu-worker-k9jtk/collector,115281920,138530816,249118720,26691762
1786041207204986219,rayjob-bench-wzpzh/ray-job-submitter,102387712,113311744,115277824,3695917
1786041207204986219,raycluster-historyserver-head-tgpqn/collector,147083264,206798848,284401664,37803232
1786041207204986219,raycluster-historyserver-head-tgpqn/ray-head,3967328256,4036210688,4078309376,69868022
1786041207204986219,raycluster-historyserver-cpu-worker-k9jtk/ray-worker,570318848,601067520,1117945856,94252171
1786041207204986219,raycluster-historyserver-cpu-worker-k9jtk/collector,67407872,90656768,249118720,26697151
1786041208254098928,rayjob-bench-wzpzh/ray-job-submitter,102387712,113311744,115277824,3695917
1786041208254098928,raycluster-historyserver-head-tgpqn/collector,147083264,206798848,284401664,37803232
1786041208254098928,raycluster-historyserver-head-tgpqn/ray-head,3967377408,4036272128,4078309376,69951257
1786041208254098928,raycluster-historyserver-cpu-worker-k9jtk/ray-worker,570335232,601088000,1117945856,94281441
1786041208254098928,raycluster-historyserver-cpu-worker-k9jtk/collector,67407872,90656768,249118720,26697151
1786041209304968761,rayjob-bench-wzpzh/ray-job-submitter,102387712,113307648,115277824,3695917
1786041209304968761,raycluster-historyserver-head-tgpqn/collector,147087360,206807040,284401664,37806537
1786041209304968761,raycluster-historyserver-head-tgpqn/ray-head,3967471616,4036395008,4078309376,70038415
1786041209304968761,raycluster-historyserver-cpu-worker-k9jtk/ray-worker,570351616,601100288,1117945856,94309862
1786041209304968761,raycluster-historyserver-cpu-worker-k9jtk/collector,67407872,90656768,249118720,26697151
1786041210356310595,rayjob-bench-wzpzh/ray-job-submitter,102387712,113307648,115277824,3695917
1786041210356310595,raycluster-historyserver-head-tgpqn/collector,147087360,206807040,284401664,37808002
1786041210356310595,raycluster-historyserver-head-tgpqn/ray-head,3967619072,4036509696,4078309376,70131017
1786041210356310595,raycluster-historyserver-cpu-worker-k9jtk/ray-worker,570355712,601104384,1117945856,94347425
1786041210356310595,raycluster-historyserver-cpu-worker-k9jtk/collector,67407872,90656768,249118720,26699474
1786041211403944887,rayjob-bench-wzpzh/ray-job-submitter,102387712,113307648,115277824,3695917
1786041211403944887,raycluster-historyserver-head-tgpqn/collector,147087360,206807040,284401664,37812489
1786041211403944887,raycluster-historyserver-head-tgpqn/ray-head,3967766528,4036689920,4078309376,70249127
1786041211403944887,raycluster-historyserver-cpu-worker-k9jtk/ray-worker,570372096,601120768,1117945856,94397616
1786041211403944887,raycluster-historyserver-cpu-worker-k9jtk/collector,67407872,90656768,249118720,26699750
1786041212454362971,rayjob-bench-wzpzh/ray-job-submitter,102387712,113307648,115277824,3695917
1786041212454362971,raycluster-historyserver-head-tgpqn/collector,147087360,206807040,284401664,37812631
1786041212454362971,raycluster-historyserver-head-tgpqn/ray-head,3967807488,4036710400,4078309376,70331415
1786041212454362971,raycluster-historyserver-cpu-worker-k9jtk/ray-worker,570413056,601161728,1117945856,94439494
1786041212454362971,raycluster-historyserver-cpu-worker-k9jtk/collector,67407872,90656768,249118720,26699750
1786041213503753680,rayjob-bench-wzpzh/ray-job-submitter,102387712,113307648,115277824,3695917
1786041213503753680,raycluster-historyserver-head-tgpqn/collector,147087360,206807040,284401664,37813811
1786041213503753680,raycluster-historyserver-head-tgpqn/ray-head,3967647744,4036550656,4078309376,70412003
1786041213503753680,raycluster-historyserver-cpu-worker-k9jtk/ray-worker,570437632,601190400,1117945856,94468010
1786041213503753680,raycluster-historyserver-cpu-worker-k9jtk/collector,67407872,90656768,249118720,26699750
1786041214557738666,rayjob-bench-wzpzh/ray-job-submitter,102387712,113307648,115277824,3695917
1786041214557738666,raycluster-historyserver-head-tgpqn/collector,147087360,206807040,284401664,37814900
1786041214557738666,raycluster-historyserver-head-tgpqn/ray-head,3967881216,4036788224,4078309376,70499088
1786041214557738666,raycluster-historyserver-cpu-worker-k9jtk/ray-worker,570454016,601206784,1117945856,94500390
1786041214557738666,raycluster-historyserver-cpu-worker-k9jtk/collector,67407872,90656768,249118720,26699750
1786041215608408875,rayjob-bench-wzpzh/ray-job-submitter,102387712,113307648,115277824,3695917
1786041215608408875,raycluster-historyserver-head-tgpqn/collector,147087360,206807040,284401664,37816130
1786041215608408875,raycluster-historyserver-head-tgpqn/ray-head,3967950848,4036845568,4078309376,70597731
1786041215608408875,raycluster-historyserver-cpu-worker-k9jtk/ray-worker,570454016,601206784,1117945856,94534159
1786041215608408875,raycluster-historyserver-cpu-worker-k9jtk/collector,67407872,90656768,249118720,26702148
1786041216661254084,rayjob-bench-wzpzh/ray-job-submitter,102387712,113307648,115277824,3695917
1786041216661254084,raycluster-historyserver-head-tgpqn/collector,147087360,206794752,284401664,37819661
1786041216661254084,raycluster-historyserver-head-tgpqn/ray-head,3968102400,4036997120,4078309376,70727738
1786041216661254084,raycluster-historyserver-cpu-worker-k9jtk/ray-worker,570474496,601227264,1117945856,94592984
1786041216661254084,raycluster-historyserver-cpu-worker-k9jtk/collector,67407872,90656768,249118720,26702301
1786041217711450793,rayjob-bench-wzpzh/ray-job-submitter,102387712,113307648,115277824,3695917
1786041217711450793,raycluster-historyserver-head-tgpqn/collector,147087360,206802944,284401664,37830293
1786041217711450793,raycluster-historyserver-head-tgpqn/ray-head,3968524288,4037439488,4078309376,70834423
1786041217711450793,raycluster-historyserver-cpu-worker-k9jtk/ray-worker,570478592,601239552,1117945856,94625121
1786041217711450793,raycluster-historyserver-cpu-worker-k9jtk/collector,67407872,90656768,249118720,26702301
1786041218767754710,rayjob-bench-wzpzh/ray-job-submitter,102387712,113307648,115277824,3695917
1786041218767754710,raycluster-historyserver-head-tgpqn/collector,147087360,206802944,284401664,37830293
1786041218767754710,raycluster-historyserver-head-tgpqn/ray-head,3968393216,4037308416,4078309376,70903872
1786041218767754710,raycluster-historyserver-cpu-worker-k9jtk/ray-worker,570478592,601231360,1117945856,94654291
1786041218767754710,raycluster-historyserver-cpu-worker-k9jtk/collector,67407872,90656768,249118720,26702301
1786041219824557877,rayjob-bench-wzpzh/ray-job-submitter,102387712,113307648,115277824,3695917
1786041219824557877,raycluster-historyserver-head-tgpqn/collector,78704640,138432512,284401664,37858922
1786041219824557877,raycluster-historyserver-head-tgpqn/ray-head,3965743104,4034256896,4078309376,71050414
1786041219824557877,raycluster-historyserver-cpu-worker-k9jtk/ray-worker,448520192,475508736,1117945856,94724246
1786041219824557877,raycluster-historyserver-cpu-worker-k9jtk/collector,67407872,90656768,249118720,26702301
1786041220883367378,rayjob-bench-wzpzh/ray-job-submitter,102387712,113307648,115277824,3695917
1786041220883367378,raycluster-historyserver-head-tgpqn/collector,78704640,138432512,284401664,37860014
1786041220883367378,raycluster-historyserver-head-tgpqn/ray-head,3773485056,3837906944,4078309376,71323412
1786041220883367378,raycluster-historyserver-cpu-worker-k9jtk/ray-worker,448520192,475508736,1117945856,94747524
1786041220883367378,raycluster-historyserver-cpu-worker-k9jtk/collector,67411968,90660864,249118720,26704632
1786041221942736628,rayjob-bench-wzpzh/ray-job-submitter,102387712,113307648,115277824,3695917
1786041221942736628,raycluster-historyserver-head-tgpqn/collector,78708736,138424320,284401664,37866810
1786041221942736628,raycluster-historyserver-head-tgpqn/ray-head,3773792256,3838210048,4078309376,71449391
1786041221942736628,raycluster-historyserver-cpu-worker-k9jtk/ray-worker,448561152,475549696,1117945856,94789879
1786041221942736628,raycluster-historyserver-cpu-worker-k9jtk/collector,67411968,90660864,249118720,26704784
1786041223004295170,raycluster-historyserver-head-tgpqn/collector,78708736,138424320,284401664,37866876
1786041223004295170,raycluster-historyserver-head-tgpqn/ray-head,3773947904,3838353408,4078309376,71520751
1786041223004295170,raycluster-historyserver-cpu-worker-k9jtk/ray-worker,448561152,475549696,1117945856,94806954
1786041223004295170,raycluster-historyserver-cpu-worker-k9jtk/collector,67411968,90660864,249118720,26704784
1786041224064597087,raycluster-historyserver-head-tgpqn/collector,78708736,138424320,284401664,37866876
1786041224064597087,raycluster-historyserver-head-tgpqn/ray-head,3774062592,3838476288,4078309376,71581475
1786041224064597087,raycluster-historyserver-cpu-worker-k9jtk/ray-worker,448565248,475549696,1117945856,94822224
1786041224064597087,raycluster-historyserver-cpu-worker-k9jtk/collector,67411968,90660864,249118720,26704784
1786041225121488880,raycluster-historyserver-head-tgpqn/collector,78708736,138428416,284401664,37868284
1786041225121488880,raycluster-historyserver-head-tgpqn/ray-head,3771838464,3836702720,4078309376,71666612
1786041225121488880,raycluster-historyserver-cpu-worker-k9jtk/ray-worker,448565248,475549696,1117945856,94838179
1786041225121488880,raycluster-historyserver-cpu-worker-k9jtk/collector,67411968,90660864,249118720,26704784
1786041226183153005,raycluster-historyserver-head-tgpqn/collector,78708736,138428416,284401664,37871713
1786041226183153005,raycluster-historyserver-head-tgpqn/ray-head,3772018688,3836887040,4078309376,71752581
1786041226183153005,raycluster-historyserver-cpu-worker-k9jtk/ray-worker,448565248,475549696,1117945856,94860424
1786041226183153005,raycluster-historyserver-cpu-worker-k9jtk/collector,67411968,90660864,249118720,26707028
1786041227240294506,raycluster-historyserver-head-tgpqn/collector,78708736,138436608,284401664,37874821
1786041227240294506,raycluster-historyserver-head-tgpqn/ray-head,3772551168,3837153280,4078309376,71880759
1786041227240294506,raycluster-historyserver-cpu-worker-k9jtk/ray-worker,107610112,126521344,1117945856,94942036
1786041227240294506,raycluster-historyserver-cpu-worker-k9jtk/collector,67543040,90787840,249118720,26764858
1786041228326563964,raycluster-historyserver-head-tgpqn/collector,69312512,128983040,284401664,38997580
1786041232567961508,historyserver-demo-6785ff6464-zlj2n/historyserver,38088704,38674432,39141376,302258
1786041233609854800,historyserver-demo-6785ff6464-zlj2n/historyserver,66719744,67436544,67903488,611413
1786041234652913551,historyserver-demo-6785ff6464-zlj2n/historyserver,76034048,77037568,77037568,661307
1786041235692821343,historyserver-demo-6785ff6464-zlj2n/historyserver,387563520,388943872,389451776,1165897
1786041236731003010,historyserver-demo-6785ff6464-zlj2n/historyserver,514703360,516608000,516849664,1703554
1786041237766809386,historyserver-demo-6785ff6464-zlj2n/historyserver,515411968,517058560,517513216,2214348
1786041238803061678,historyserver-demo-6785ff6464-zlj2n/historyserver,516100096,517992448,518356992,2728027
1786041239837938678,historyserver-demo-6785ff6464-zlj2n/historyserver,516763648,518447104,519016448,3258821
1786041240874044304,historyserver-demo-6785ff6464-zlj2n/historyserver,517447680,519094272,519614464,3765121
1786041241908030096,historyserver-demo-6785ff6464-zlj2n/historyserver,518115328,520015872,520273920,4279608
1786041242942027430,historyserver-demo-6785ff6464-zlj2n/historyserver,550199296,551899136,552402944,4808965
1786041243974542639,historyserver-demo-6785ff6464-zlj2n/historyserver,580382720,582144000,582602752,5313326
1786041245008092250,historyserver-demo-6785ff6464-zlj2n/historyserver,602419200,604745728,604745728,5838957
1786041246039964750,historyserver-demo-6785ff6464-zlj2n/historyserver,611786752,613875712,614375424,6357519
1786041247072934292,historyserver-demo-6785ff6464-zlj2n/historyserver,612823040,614649856,615174144,6862919
1786041248105962085,historyserver-demo-6785ff6464-zlj2n/historyserver,613216256,615043072,615538688,7377324
1786041249140970877,historyserver-demo-6785ff6464-zlj2n/historyserver,613687296,615522304,616083456,7909333
1786041250176002586,historyserver-demo-6785ff6464-zlj2n/historyserver,614338560,616169472,616624128,8415272
1786041251211270669,historyserver-demo-6785ff6464-zlj2n/historyserver,615022592,617111552,617373696,8941484
1786041252256041337,historyserver-demo-6785ff6464-zlj2n/historyserver,616640512,618737664,618815488,9462194
1786041253289978504,historyserver-demo-6785ff6464-zlj2n/historyserver,649019392,650915840,651386880,9964521
1786041254327053004,historyserver-demo-6785ff6464-zlj2n/historyserver,683225088,685723648,685723648,10499964
1786041255363951963,historyserver-demo-6785ff6464-zlj2n/historyserver,713936896,715964416,716410880,11013657
1786041256402004005,historyserver-demo-6785ff6464-zlj2n/historyserver,747536384,749862912,749862912,11527947
1786041257441093881,historyserver-demo-6785ff6464-zlj2n/historyserver,761729024,763846656,764112896,12059966
1786041258483026631,historyserver-demo-6785ff6464-zlj2n/historyserver,766590976,768724992,769593344,12565346
1786041259524096215,historyserver-demo-6785ff6464-zlj2n/historyserver,776634368,778784768,779046912,13109926
1786041260568060882,historyserver-demo-6785ff6464-zlj2n/historyserver,784961536,787128320,787980288,13612517
1786041261611098258,historyserver-demo-6785ff6464-zlj2n/historyserver,786288640,788713472,789176320,14139397
1786041262654066717,historyserver-demo-6785ff6464-zlj2n/historyserver,801529856,803733504,804208640,14663612
1786041263697262342,historyserver-demo-6785ff6464-zlj2n/historyserver,823128064,825454592,825454592,15178988
1786041264745134884,historyserver-demo-6785ff6464-zlj2n/historyserver,840564736,842842112,843161600,15711632
1786041265790620135,historyserver-demo-6785ff6464-zlj2n/historyserver,863289344,865681408,865681408,16223739
1786041266838236219,historyserver-demo-6785ff6464-zlj2n/historyserver,888336384,890707968,891072512,16757967
1786041267884040094,historyserver-demo-6785ff6464-zlj2n/historyserver,913416192,915832832,916369408,17262683
1786041268927076553,historyserver-demo-6785ff6464-zlj2n/historyserver,936103936,938565632,938729472,17809826
1786041269974017595,historyserver-demo-6785ff6464-zlj2n/historyserver,960344064,962854912,963219456,18312061
1786041271021014512,historyserver-demo-6785ff6464-zlj2n/historyserver,986095616,988889088,989147136,18857201
1786041272070994804,historyserver-demo-6785ff6464-zlj2n/historyserver,1009917952,1012527104,1012850688,19363478
1786041273115002430,historyserver-demo-6785ff6464-zlj2n/historyserver,1034399744,1037283328,1037283328,19894631
1786041274160124847,historyserver-demo-6785ff6464-zlj2n/historyserver,1059328000,1062035456,1062555648,20411759
1786041275204604750,historyserver-demo-6785ff6464-zlj2n/historyserver,1084968960,1087967232,1088229376,20935722
1786041276251421250,historyserver-demo-6785ff6464-zlj2n/historyserver,1110659072,1113468928,1113739264,21465055
1786041277293390001,historyserver-demo-6785ff6464-zlj2n/historyserver,1133858816,1136975872,1136975872,21970468
1786041278332520126,historyserver-demo-6785ff6464-zlj2n/historyserver,1158402048,1161699328,1162223616,22508657
1786041279376586460,historyserver-demo-6785ff6464-zlj2n/historyserver,1183649792,1186861056,1186885632,23014989
1786041280409496794,historyserver-demo-6785ff6464-zlj2n/historyserver,1209065472,1212325888,1212534784,23525849
1786041281440383878,historyserver-demo-6785ff6464-zlj2n/historyserver,1232470016,1236033536,1236275200,24057692
1786041282475479378,historyserver-demo-6785ff6464-zlj2n/historyserver,1257381888,1260478464,1260765184,24563482
1786041283508502754,historyserver-demo-6785ff6464-zlj2n/historyserver,1274011648,1277521920,1277521920,25105951
1786041284548413629,historyserver-demo-6785ff6464-zlj2n/historyserver,1278562304,1281695744,1282478080,25611230
1786041285584406797,historyserver-demo-6785ff6464-zlj2n/historyserver,1282936832,1286082560,1286815744,26114582
1786041286622612672,historyserver-demo-6785ff6464-zlj2n/historyserver,1291522048,1294684160,1295175680,26659813
1786041287663502047,historyserver-demo-6785ff6464-zlj2n/historyserver,1296015360,1299185664,1299705856,27165100
1786041288701507715,historyserver-demo-6785ff6464-zlj2n/historyserver,1303666688,1307312128,1307484160,27688711
1786041289740445798,historyserver-demo-6785ff6464-zlj2n/historyserver,1303724032,1306910720,1307545600,28208224
1786041290780437924,historyserver-demo-6785ff6464-zlj2n/historyserver,1303724032,1306906624,1307545600,28714505
1786041291819433174,historyserver-demo-6785ff6464-zlj2n/historyserver,1303728128,1306918912,1307545600,29242733
1786041292858416008,historyserver-demo-6785ff6464-zlj2n/historyserver,1303732224,1306914816,1307701248,29763884
1786041293896468717,historyserver-demo-6785ff6464-zlj2n/historyserver,1303736320,1306918912,1307701248,30273923
1786041294937564218,historyserver-demo-6785ff6464-zlj2n/historyserver,1303740416,1306923008,1307701248,30808178
1786041295977508260,historyserver-demo-6785ff6464-zlj2n/historyserver,1303752704,1306935296,1307701248,31314975
1786041297016514844,historyserver-demo-6785ff6464-zlj2n/historyserver,1496920064,1500643328,1500643328,31843997
1786041298058561344,historyserver-demo-6785ff6464-zlj2n/historyserver,1496977408,1500540928,1501061120,32364656
1786041299098531261,historyserver-demo-6785ff6464-zlj2n/historyserver,1496985600,1500590080,1501106176,32872959
1786041300138705595,historyserver-demo-6785ff6464-zlj2n/historyserver,1497096192,1500663808,1501409280,33407585
1786041301180946721,historyserver-demo-6785ff6464-zlj2n/historyserver,1497522176,1501085696,1501773824,33915348
1786041302222328471,historyserver-demo-6785ff6464-zlj2n/historyserver,1497661440,1501224960,1501999104,34460202
1786041303272978597,historyserver-demo-6785ff6464-zlj2n/historyserver,1497772032,1501335552,1502048256,34966471
1786041304318609805,historyserver-demo-6785ff6464-zlj2n/historyserver,1497993216,1502445568,1503801344,35497328
1786041305361093042,historyserver-demo-6785ff6464-zlj2n/historyserver,1496682496,1501966336,1503801344,36013522
1786041306403717459,historyserver-demo-6785ff6464-zlj2n/historyserver,1496686592,1501982720,1503801344,36532107
1786041307447102084,historyserver-demo-6785ff6464-zlj2n/historyserver,1496690688,1501978624,1503801344,37063779
1786041308492369043,historyserver-demo-6785ff6464-zlj2n/historyserver,1496698880,1501982720,1503801344,37573344
1786041309538058544,historyserver-demo-6785ff6464-zlj2n/historyserver,1496702976,1501995008,1503801344,38107292
1786041310581597002,historyserver-demo-6785ff6464-zlj2n/historyserver,1496723456,1502011392,1503801344,38612641
1786041311627007461,historyserver-demo-6785ff6464-zlj2n/historyserver,1496731648,1502019584,1503801344,39155705
1786041312670373962,historyserver-demo-6785ff6464-zlj2n/historyserver,1443909632,1475559424,1503801344,39665137
1786041313718120921,historyserver-demo-6785ff6464-zlj2n/historyserver,1389572096,1448476672,1503801344,40211696
1786041314769798754,historyserver-demo-6785ff6464-zlj2n/historyserver,1389776896,1448681472,1503801344,40714724
1786041315821568005,historyserver-demo-6785ff6464-zlj2n/historyserver,1389776896,1448681472,1503801344,41260092
1786041316875010797,historyserver-demo-6785ff6464-zlj2n/historyserver,1086431232,1231073280,1503801344,41763366
1786041317918639131,historyserver-demo-6785ff6464-zlj2n/historyserver,1086431232,1231077376,1503801344,42300027
1786041318963069381,historyserver-demo-6785ff6464-zlj2n/historyserver,1086431232,1231073280,1503801344,42814626
1786041320009236549,historyserver-demo-6785ff6464-zlj2n/historyserver,1086431232,1231073280,1503801344,43329305
1786041321045720799,historyserver-demo-6785ff6464-zlj2n/historyserver,1086431232,1231077376,1503801344,43858109
1786041322080618175,historyserver-demo-6785ff6464-zlj2n/historyserver,1086431232,1231077376,1503801344,44363628
1786041323114239092,historyserver-demo-6785ff6464-zlj2n/historyserver,1086435328,1231085568,1503801344,44903395
1786041324168753467,historyserver-demo-6785ff6464-zlj2n/historyserver,1086435328,1231077376,1503801344,45414282
1786041325204545593,historyserver-demo-6785ff6464-zlj2n/historyserver,1086451712,1231089664,1503801344,45924934
1786041326241081052,historyserver-demo-6785ff6464-zlj2n/historyserver,1116356608,1278877696,1503801344,46458218
1786041327276343635,historyserver-demo-6785ff6464-zlj2n/historyserver,1106788352,1274642432,1503801344,46965276
1786041328315608011,historyserver-demo-6785ff6464-zlj2n/historyserver,1113202688,1451327488,1503801344,47510548
1786041329353614011,historyserver-demo-6785ff6464-zlj2n/historyserver,1272786944,1611223040,1611751424,48014102
1786041330392324262,historyserver-demo-6785ff6464-zlj2n/historyserver,1272836096,1611280384,1611792384,48512286
1786041331425459304,historyserver-demo-6785ff6464-zlj2n/historyserver,1272852480,1611288576,1611816960,49042575
1786041332459027763,historyserver-demo-6785ff6464-zlj2n/historyserver,1272860672,1611296768,1612079104,49563730
1786041333497496888,historyserver-demo-6785ff6464-zlj2n/historyserver,1272918016,1611350016,1612079104,50066265
1786041334532348791,historyserver-demo-6785ff6464-zlj2n/historyserver,1272918016,1611612160,1612079104,50601889
1786041335568318125,historyserver-demo-6785ff6464-zlj2n/historyserver,1272918016,1611755520,1612279808,51113078
1786041336602082042,historyserver-demo-6785ff6464-zlj2n/historyserver,1273360384,1611825152,1612587008,51619084
1786041337635515043,historyserver-demo-6785ff6464-zlj2n/historyserver,1292156928,1630777344,1630777344,52152519
1786041338669789752,historyserver-demo-6785ff6464-zlj2n/historyserver,1315442688,1653874688,1654140928,52663554
1786041339706807794,historyserver-demo-6785ff6464-zlj2n/historyserver,1340841984,1679245312,1679507456,53175838
1786041340741775461,historyserver-demo-6785ff6464-zlj2n/historyserver,1366790144,1705222144,1705570304,53709633
1786041341776718336,historyserver-demo-6785ff6464-zlj2n/historyserver,1392201728,1730633728,1730895872,54216043
1786041342812913879,historyserver-demo-6785ff6464-zlj2n/historyserver,1417871360,1756487680,1756487680,54730923
1786041343847344754,historyserver-demo-6785ff6464-zlj2n/historyserver,1429061632,1767493632,1768022016,55263287
1786041344886483171,historyserver-demo-6785ff6464-zlj2n/historyserver,1429061632,1767493632,1768022016,55766513
1786041345925642422,historyserver-demo-6785ff6464-zlj2n/historyserver,1429061632,1767493632,1768022016,56309666
1786041346968545755,historyserver-demo-6785ff6464-zlj2n/historyserver,1429061632,1767493632,1768022016,56819047
1786041348010066464,historyserver-demo-6785ff6464-zlj2n/historyserver,1429061632,1767497728,1768022016,57360686
1786041349055790506,historyserver-demo-6785ff6464-zlj2n/historyserver,1403371520,1741803520,1768022016,57863221
1786041350092319382,historyserver-demo-6785ff6464-zlj2n/historyserver,1403371520,1741803520,1768022016,58363808
1786041351129815966,historyserver-demo-6785ff6464-zlj2n/historyserver,1403371520,1741807616,1768022016,58903043
1786041352169432550,historyserver-demo-6785ff6464-zlj2n/historyserver,1403371520,1741803520,1768022016,59413008
1786041353208781508,historyserver-demo-6785ff6464-zlj2n/historyserver,1414434816,1752965120,1768022016,59934489
1786041354246335509,historyserver-demo-6785ff6464-zlj2n/historyserver,1427955712,1766387712,1768022016,60458575
1786041355284610051,historyserver-demo-6785ff6464-zlj2n/historyserver,1442385920,1780817920,1781084160,60965166
1786041356325489718,historyserver-demo-6785ff6464-zlj2n/historyserver,1459208192,1797873664,1797873664,61497539
1786041357363393469,historyserver-demo-6785ff6464-zlj2n/historyserver,1476079616,1814511616,1814859776,62015505
1786041358402055803,historyserver-demo-6785ff6464-zlj2n/historyserver,1493766144,1832194048,1832198144,62527705
1786041359440297053,historyserver-demo-6785ff6464-zlj2n/historyserver,1506377728,1844805632,1845018624,63055715
1786041360479401345,historyserver-demo-6785ff6464-zlj2n/historyserver,1518673920,1857101824,1857368064,63562153
1786041361516443846,historyserver-demo-6785ff6464-zlj2n/historyserver,1531355136,1869979648,1869979648,64088980
1786041362554500180,historyserver-demo-6785ff6464-zlj2n/historyserver,1543593984,1882169344,1882169344,64614896
1786041363592251430,historyserver-demo-6785ff6464-zlj2n/historyserver,1554898944,1893310464,1893572608,65115425
1786041364629967708,historyserver-demo-6785ff6464-zlj2n/historyserver,1567498240,1906130944,1906130944,65651888
1786041365668227000,historyserver-demo-6785ff6464-zlj2n/historyserver,1496178688,1838112768,1919565824,66163820
1786041366709183542,historyserver-demo-6785ff6464-zlj2n/historyserver,1429860352,1807609856,1919565824,66708739
1786041367776520959,historyserver-demo-6785ff6464-zlj2n/historyserver,1424846848,1807618048,1919565824,67213548
1786041368818760835,historyserver-demo-6785ff6464-zlj2n/historyserver,1430134784,1813622784,1919565824,67758883
1786041369863653460,historyserver-demo-6785ff6464-zlj2n/historyserver,1435201536,1818685440,1919565824,68263876
1786041370903667378,historyserver-demo-6785ff6464-zlj2n/historyserver,1440608256,1824153600,1919565824,68798501
1786041371947550336,historyserver-demo-6785ff6464-zlj2n/historyserver,1445605376,1829093376,1919565824,69312968
1786041372989624587,historyserver-demo-6785ff6464-zlj2n/historyserver,1392644096,1778757632,1919565824,69813292
1786041374026518712,historyserver-demo-6785ff6464-zlj2n/historyserver,1392644096,1778757632,1919565824,70348599
1786041375064996130,historyserver-demo-6785ff6464-zlj2n/historyserver,1392644096,1778749440,1919565824,70862484
1786041376103863838,historyserver-demo-6785ff6464-zlj2n/historyserver,1392648192,1778753536,1919565824,71376925
1786041377142637714,historyserver-demo-6785ff6464-zlj2n/historyserver,1392648192,1778753536,1919565824,71907059
1786041378181561381,historyserver-demo-6785ff6464-zlj2n/historyserver,1392648192,1778753536,1919565824,72415264
1786041379220756632,historyserver-demo-6785ff6464-zlj2n/historyserver,1392648192,1778757632,1919565824,72947430
1786041380259577757,historyserver-demo-6785ff6464-zlj2n/historyserver,1392652288,1778757632,1919565824,73464817
1786041381297676633,historyserver-demo-6785ff6464-zlj2n/historyserver,1392652288,1778761728,1919565824,73970789
1786041382337495091,historyserver-demo-6785ff6464-zlj2n/historyserver,1392652288,1778757632,1919565824,74505871
1786041383374799009,historyserver-demo-6785ff6464-zlj2n/historyserver,1392664576,1778765824,1919565824,74595013
1786041384425766217,historyserver-demo-6785ff6464-zlj2n/historyserver,1475919872,1861296128,1919565824,75065485
1786041385467857468,historyserver-demo-6785ff6464-zlj2n/historyserver,1173549056,1516531712,1919565824,75587171
1786041386505805135,historyserver-demo-6785ff6464-zlj2n/historyserver,1061031936,1361858560,1919565824,76114449
1786041387545544886,historyserver-demo-6785ff6464-zlj2n/historyserver,1056641024,1355481088,1919565824,76618093
1786041388584774844,historyserver-demo-6785ff6464-zlj2n/historyserver,1040257024,1330368512,1919565824,77147688
1786041389628066012,historyserver-demo-6785ff6464-zlj2n/historyserver,513150976,692293632,1919565824,77667158
1786041390665987637,historyserver-demo-6785ff6464-zlj2n/historyserver,513150976,692293632,1919565824,78186265
1786041391704441304,historyserver-demo-6785ff6464-zlj2n/historyserver,513150976,692293632,1919565824,78712159
1786041392742485805,historyserver-demo-6785ff6464-zlj2n/historyserver,513150976,692293632,1919565824,79216282
1786041393781807805,historyserver-demo-6785ff6464-zlj2n/historyserver,513150976,692297728,1919565824,79747691
1786041394822270000,historyserver-demo-6785ff6464-zlj2n/historyserver,513150976,692293632,1919565824,80271560
1786041395864141125,historyserver-demo-6785ff6464-zlj2n/historyserver,513150976,692293632,1919565824,80798487
1786041396905773334,historyserver-demo-6785ff6464-zlj2n/historyserver,513150976,692293632,1919565824,81313002
1786041397943800585,historyserver-demo-6785ff6464-zlj2n/historyserver,524681216,703823872,1919565824,81815061
1786041398983566127,historyserver-demo-6785ff6464-zlj2n/historyserver,551809024,730951680,1919565824,82347430
1786041400024773211,historyserver-demo-6785ff6464-zlj2n/historyserver,584757248,763899904,1919565824,82867058
1786041401066980836,historyserver-demo-6785ff6464-zlj2n/historyserver,617775104,796995584,1919565824,83390376
1786041402107724378,historyserver-demo-6785ff6464-zlj2n/historyserver,650080256,829419520,1919565824,83917751
1786041403147946962,historyserver-demo-6785ff6464-zlj2n/historyserver,681508864,860913664,1919565824,84423342
1786041404191833462,historyserver-demo-6785ff6464-zlj2n/historyserver,715186176,894468096,1919565824,84951177
1786041405231913046,historyserver-demo-6785ff6464-zlj2n/historyserver,728522752,907669504,1919565824,85467966
1786041406274900463,historyserver-demo-6785ff6464-zlj2n/historyserver,738254848,917401600,1919565824,85998834
1786041407317777464,historyserver-demo-6785ff6464-zlj2n/historyserver,746237952,925380608,1919565824,86518433
1786041408359770173,historyserver-demo-6785ff6464-zlj2n/historyserver,750125056,929275904,1919565824,87028844
1786041409397772798,historyserver-demo-6785ff6464-zlj2n/historyserver,756944896,936345600,1919565824,87555339
1786041410439790174,historyserver-demo-6785ff6464-zlj2n/historyserver,772968448,952111104,1919565824,88069210
1786041411477760383,historyserver-demo-6785ff6464-zlj2n/historyserver,803049472,982196224,1919565824,88594647
1786041412514998675,historyserver-demo-6785ff6464-zlj2n/historyserver,834093056,1013276672,1919565824,89119024
1786041413553817717,historyserver-demo-6785ff6464-zlj2n/historyserver,858148864,1037434880,1919565824,89625278
1786041414593935801,historyserver-demo-6785ff6464-zlj2n/historyserver,883032064,1062244352,1919565824,90148921
1786041415634081635,historyserver-demo-6785ff6464-zlj2n/historyserver,908005376,1087143936,1919565824,90667509
1786041416674022593,historyserver-demo-6785ff6464-zlj2n/historyserver,932892672,1112211456,1919565824,91195613
1786041417712709136,historyserver-demo-6785ff6464-zlj2n/historyserver,957571072,1137111040,1919565824,91716664
1786041418749795553,historyserver-demo-6785ff6464-zlj2n/historyserver,982110208,1161428992,1919565824,92221961
1786041419787842012,historyserver-demo-6785ff6464-zlj2n/historyserver,1007173632,1186312192,1919565824,92744136
1786041420826752345,historyserver-demo-6785ff6464-zlj2n/historyserver,1032302592,1211441152,1919565824,93266117
1786041421863895471,historyserver-demo-6785ff6464-zlj2n/historyserver,1056940032,1236377600,1919565824,93781953
1786041422900741055,historyserver-demo-6785ff6464-zlj2n/historyserver,1081487360,1260830720,1919565824,94302569
1786041423936162555,historyserver-demo-6785ff6464-zlj2n/historyserver,1091559424,1270702080,1919565824,94819061
1786041424975919541,historyserver-demo-6785ff6464-zlj2n/historyserver,1097261056,1276399616,1919565824,95347262
1786041426014409959,historyserver-demo-6785ff6464-zlj2n/historyserver,1103069184,1282207744,1919565824,95868829
1786041427053425751,historyserver-demo-6785ff6464-zlj2n/historyserver,1110183936,1289433088,1919565824,96379990
1786041428092818168,historyserver-demo-6785ff6464-zlj2n/historyserver,1117401088,1296777216,1919565824,96896112
1786041429130987835,historyserver-demo-6785ff6464-zlj2n/historyserver,1118887936,1298026496,1919565824,97416687
1786041430172240544,historyserver-demo-6785ff6464-zlj2n/historyserver,1118887936,1298034688,1919565824,97944069
1786041431212126044,historyserver-demo-6785ff6464-zlj2n/historyserver,1119019008,1298161664,1919565824,98466032
1786041432251277837,historyserver-demo-6785ff6464-zlj2n/historyserver,1119019008,1298157568,1919565824,98972126
1786041433294079962,historyserver-demo-6785ff6464-zlj2n/historyserver,1119019008,1298157568,1919565824,99496245
1786041434332426338,historyserver-demo-6785ff6464-zlj2n/historyserver,1119019008,1298157568,1919565824,100016062
1786041435370126380,historyserver-demo-6785ff6464-zlj2n/historyserver,1119019008,1298161664,1919565824,100539943
1786041436407205630,historyserver-demo-6785ff6464-zlj2n/historyserver,1119019008,1298157568,1919565824,101062375
1786041437447295381,historyserver-demo-6785ff6464-zlj2n/historyserver,1119019008,1298157568,1919565824,101570817
1786041438488964006,historyserver-demo-6785ff6464-zlj2n/historyserver,1119019008,1298157568,1919565824,102096274
1786041439525777965,historyserver-demo-6785ff6464-zlj2n/historyserver,1119084544,1298227200,1919565824,102618975
1786041440564072382,historyserver-demo-6785ff6464-zlj2n/historyserver,1119186944,1298329600,1919565824,103136430
1786041441603963341,historyserver-demo-6785ff6464-zlj2n/historyserver,1120366592,1299505152,1919565824,103655022
1786041442641152383,historyserver-demo-6785ff6464-zlj2n/historyserver,1120907264,1300045824,1919565824,104167945
1786041443678092717,historyserver-demo-6785ff6464-zlj2n/historyserver,1120907264,1300045824,1919565824,104695508
1786041444715785759,historyserver-demo-6785ff6464-zlj2n/historyserver,1120907264,1300045824,1919565824,105217238
1786041445753263260,historyserver-demo-6785ff6464-zlj2n/historyserver,1260269568,1439420416,1919565824,105733401
1786041446792564427,historyserver-demo-6785ff6464-zlj2n/historyserver,1317654528,1495814144,1919565824,106254462
1786041447835101052,historyserver-demo-6785ff6464-zlj2n/historyserver,1328103424,1507246080,1919565824,106767701
1786041448874544761,historyserver-demo-6785ff6464-zlj2n/historyserver,1328103424,1507246080,1919565824,107292895
1786041449914666470,historyserver-demo-6785ff6464-zlj2n/historyserver,1328103424,1507246080,1919565824,107819999
1786041450956211345,historyserver-demo-6785ff6464-zlj2n/historyserver,1311326208,1490468864,1919565824,108327249
1786041451996338638,historyserver-demo-6785ff6464-zlj2n/historyserver,1239699456,1418842112,1919565824,108847110
1786041453035709555,historyserver-demo-6785ff6464-zlj2n/historyserver,1237078016,1416220672,1919565824,109367928
1786041454083604930,historyserver-demo-6785ff6464-zlj2n/historyserver,1237078016,1416224768,1919565824,109892934
1786041455121861667,historyserver-demo-6785ff6464-zlj2n/historyserver,1215713280,1394855936,1919565824,110419481
1786041456165682500,historyserver-demo-6785ff6464-zlj2n/historyserver,1120227328,1299439616,1919565824,110943025
1786041457205764167,historyserver-demo-6785ff6464-zlj2n/historyserver,1008488448,1187696640,1919565824,111470860
1786041458244658626,historyserver-demo-6785ff6464-zlj2n/historyserver,950947840,1138192384,1919565824,111968152
1786041459285404002,historyserver-demo-6785ff6464-zlj2n/historyserver,950947840,1138192384,1919565824,112495060
1786041460322837586,historyserver-demo-6785ff6464-zlj2n/historyserver,950947840,1138192384,1919565824,113018026
1786041461364112211,historyserver-demo-6785ff6464-zlj2n/historyserver,950947840,1138192384,1919565824,113531254
1786041462401619170,historyserver-demo-6785ff6464-zlj2n/historyserver,950947840,1138192384,1919565824,114052683
1786041463439451670,historyserver-demo-6785ff6464-zlj2n/historyserver,950947840,1138192384,1919565824,114566677
1786041464479103046,historyserver-demo-6785ff6464-zlj2n/historyserver,950947840,1138196480,1919565824,115092558
1786041465518402546,historyserver-demo-6785ff6464-zlj2n/historyserver,950947840,1138454528,1919565824,115616488
1786041466555790755,historyserver-demo-6785ff6464-zlj2n/historyserver,950947840,1138192384,1919565824,116128097
1786041467593748922,historyserver-demo-6785ff6464-zlj2n/historyserver,950947840,1138192384,1919565824,116645630
1786041468632487715,historyserver-demo-6785ff6464-zlj2n/historyserver,950947840,1138192384,1919565824,117167582
1786041469674882840,historyserver-demo-6785ff6464-zlj2n/historyserver,950947840,1138192384,1919565824,117694710
1786041470714997299,historyserver-demo-6785ff6464-zlj2n/historyserver,950947840,1138196480,1919565824,118219910
1786041471754357883,historyserver-demo-6785ff6464-zlj2n/historyserver,946753536,1133998080,1919565824,118723694
1786041472791332842,historyserver-demo-6785ff6464-zlj2n/historyserver,946753536,1134002176,1919565824,119242543
1786041473828343925,historyserver-demo-6785ff6464-zlj2n/historyserver,946753536,1133993984,1919565824,119768195
1786041474863833551,historyserver-demo-6785ff6464-zlj2n/historyserver,946753536,1133993984,1919565824,120282269
1786041475901754801,historyserver-demo-6785ff6464-zlj2n/historyserver,946753536,1133989888,1919565824,120802856
1786041476939751719,historyserver-demo-6785ff6464-zlj2n/historyserver,948006912,1139224576,1919565824,121320793
1786041477978254677,historyserver-demo-6785ff6464-zlj2n/historyserver,948011008,1135611904,1919565824,121843117
1786041479018770345,historyserver-demo-6785ff6464-zlj2n/historyserver,1085935616,1277009920,1919565824,122362857
1786041480057409887,historyserver-demo-6785ff6464-zlj2n/historyserver,1196978176,1388056576,1919565824,122887875
1786041481098296262,historyserver-demo-6785ff6464-zlj2n/historyserver,1196978176,1388056576,1919565824,123398096
1786041482136384346,historyserver-demo-6785ff6464-zlj2n/historyserver,1196982272,1388056576,1919565824,123912263
1786041483175685263,historyserver-demo-6785ff6464-zlj2n/historyserver,1196982272,1388068864,1919565824,124443048
1786041484214674347,historyserver-demo-6785ff6464-zlj2n/historyserver,1196982272,1388060672,1919565824,124964592
1786041485253069292,historyserver-demo-6785ff6464-zlj2n/historyserver,1196982272,1388056576,1919565824,125471840
1786041486293014000,historyserver-demo-6785ff6464-zlj2n/historyserver,1196982272,1388056576,1919565824,125995793
1786041487332676876,historyserver-demo-6785ff6464-zlj2n/historyserver,1196982272,1388056576,1919565824,126514105
1786041488371131876,historyserver-demo-6785ff6464-zlj2n/historyserver,1196982272,1388068864,1919565824,127040743
1786041489410589460,historyserver-demo-6785ff6464-zlj2n/historyserver,1196982272,1388056576,1919565824,127561232
1786041490447457586,historyserver-demo-6785ff6464-zlj2n/historyserver,1196982272,1388056576,1919565824,128065173
1786041491485561253,historyserver-demo-6785ff6464-zlj2n/historyserver,1214562304,1405640704,1919565824,128594270
1786041492524590587,historyserver-demo-6785ff6464-zlj2n/historyserver,1234993152,1426071552,1919565824,129114943
1786041493564553129,historyserver-demo-6785ff6464-zlj2n/historyserver,1259794432,1450848256,1919565824,129631804
1786041494602715796,historyserver-demo-6785ff6464-zlj2n/historyserver,1278308352,1469386752,1919565824,130166568
1786041495642350880,historyserver-demo-6785ff6464-zlj2n/historyserver,1285373952,1476452352,1919565824,130664856
1786041496682762630,historyserver-demo-6785ff6464-zlj2n/historyserver,1293099008,1484173312,1919565824,131195064
1786041497724714339,historyserver-demo-6785ff6464-zlj2n/historyserver,1300467712,1491542016,1919565824,131714377
1786041498766352381,historyserver-demo-6785ff6464-zlj2n/historyserver,1307410432,1499320320,1919565824,132243534
1786041499805765632,historyserver-demo-6785ff6464-zlj2n/historyserver,1315835904,1506910208,1919565824,132765441
1786041500845349674,historyserver-demo-6785ff6464-zlj2n/historyserver,1318346752,1509421056,1919565824,133262655
1786041501882594674,historyserver-demo-6785ff6464-zlj2n/historyserver,1318346752,1509425152,1919565824,133793389
1786041502919747550,historyserver-demo-6785ff6464-zlj2n/historyserver,1318346752,1509507072,1919565824,134314128
1786041503958460550,historyserver-demo-6785ff6464-zlj2n/historyserver,1318428672,1509507072,1919565824,134826144
1786041504998473509,historyserver-demo-6785ff6464-zlj2n/historyserver,1327157248,1518362624,1919565824,135349753
1786041506037704885,historyserver-demo-6785ff6464-zlj2n/historyserver,1340551168,1531629568,1919565824,135865568
1786041507076835469,historyserver-demo-6785ff6464-zlj2n/historyserver,1357656064,1548886016,1919565824,136393027
1786041508113885219,historyserver-demo-6785ff6464-zlj2n/historyserver,1374793728,1565958144,1919565824,136915663
1786041509152253553,historyserver-demo-6785ff6464-zlj2n/historyserver,1392185344,1583353856,1919565824,137418808
1786041510192153095,historyserver-demo-6785ff6464-zlj2n/historyserver,1411493888,1602568192,1919565824,137943131
1786041511228737054,historyserver-demo-6785ff6464-zlj2n/historyserver,1431556096,1622626304,1919565824,138466125
1786041512266391638,historyserver-demo-6785ff6464-zlj2n/historyserver,1450831872,1642037248,1919565824,138983437
1786041513305281597,historyserver-demo-6785ff6464-zlj2n/historyserver,1470451712,1661521920,1919565824,139507461
1786041514343259222,historyserver-demo-6785ff6464-zlj2n/historyserver,1487785984,1679618048,1919565824,140014536
1786041515383406500,historyserver-demo-6785ff6464-zlj2n/historyserver,1507766272,1698836480,1919565824,140543072
1786041516422186500,historyserver-demo-6785ff6464-zlj2n/historyserver,1527459840,1718534144,1919565824,141063353
1786041517460541751,historyserver-demo-6785ff6464-zlj2n/historyserver,1547931648,1739075584,1919565824,141573859
1786041518499159293,historyserver-demo-6785ff6464-zlj2n/historyserver,1566986240,1758121984,1919565824,142112282
1786041519539510335,historyserver-demo-6785ff6464-zlj2n/historyserver,1570844672,1762717696,1919565824,142616967
1786041520579249002,historyserver-demo-6785ff6464-zlj2n/historyserver,1576579072,1767653376,1919565824,143145900
1786041521620081503,historyserver-demo-6785ff6464-zlj2n/historyserver,1582829568,1773924352,1919565824,143664482
1786041522658137003,historyserver-demo-6785ff6464-zlj2n/historyserver,1588252672,1780166656,1919565824,144185477
1786041523696377671,historyserver-demo-6785ff6464-zlj2n/historyserver,1595076608,1786736640,1919565824,144701072
1786041524735152379,historyserver-demo-6785ff6464-zlj2n/historyserver,1601916928,1792987136,1919565824,145215131
1786041525776023463,historyserver-demo-6785ff6464-zlj2n/historyserver,1604923392,1795993600,1919565824,145742339
1786041526823225130,historyserver-demo-6785ff6464-zlj2n/historyserver,1535717376,1726791680,1919565824,146265036
1786041527864951131,historyserver-demo-6785ff6464-zlj2n/historyserver,1527328768,1718403072,1919565824,146782461
1786041528906199548,historyserver-demo-6785ff6464-zlj2n/historyserver,1527328768,1718398976,1919565824,147288279
1786041529949270465,historyserver-demo-6785ff6464-zlj2n/historyserver,1527328768,1718398976,1919565824,147817074
1786041530994229674,historyserver-demo-6785ff6464-zlj2n/historyserver,1527328768,1718403072,1919565824,148324307
1786041532035611091,historyserver-demo-6785ff6464-zlj2n/historyserver,1527328768,1718403072,1919565824,148863699
1786041533075177175,historyserver-demo-6785ff6464-zlj2n/historyserver,1527328768,1718398976,1919565824,149367185
1786041534114296217,historyserver-demo-6785ff6464-zlj2n/historyserver,1527328768,1718403072,1919565824,149891276
1786041535155417343,historyserver-demo-6785ff6464-zlj2n/historyserver,1527328768,1718398976,1919565824,150417350
1786041536196154593,historyserver-demo-6785ff6464-zlj2n/historyserver,1527328768,1718394880,1919565824,150772591
1786041537234288677,historyserver-demo-6785ff6464-zlj2n/historyserver,1529405440,1720815616,1919565824,150940824
1786041538277428511,historyserver-demo-6785ff6464-zlj2n/historyserver,1497903104,1688981504,1919565824,151475382
1786041539320545261,historyserver-demo-6785ff6464-zlj2n/historyserver,736260096,910946304,1919565824,152004650
1786041540360147512,historyserver-demo-6785ff6464-zlj2n/historyserver,736260096,910938112,1919565824,152519756
1786041541400042804,historyserver-demo-6785ff6464-zlj2n/historyserver,736260096,910938112,1919565824,153031689
1786041542438111763,historyserver-demo-6785ff6464-zlj2n/historyserver,736260096,910938112,1919565824,153554512
1786041543479244805,historyserver-demo-6785ff6464-zlj2n/historyserver,632279040,759513088,1919565824,154073448
1786041544520381916,historyserver-demo-6785ff6464-zlj2n/historyserver,632279040,759508992,1919565824,154601697
1786041545560102458,historyserver-demo-6785ff6464-zlj2n/historyserver,632279040,759508992,1919565824,155114596
1786041546598351376,historyserver-demo-6785ff6464-zlj2n/historyserver,659615744,787013632,1919565824,155633067
1786041547637247043,historyserver-demo-6785ff6464-zlj2n/historyserver,691400704,818630656,1919565824,156155028
1786041548675362043,historyserver-demo-6785ff6464-zlj2n/historyserver,717619200,844849152,1919565824,156675368
1786041549714761502,historyserver-demo-6785ff6464-zlj2n/historyserver,724168704,852267008,1919565824,157205178
1786041550754431336,historyserver-demo-6785ff6464-zlj2n/historyserver,728014848,855244800,1919565824,157711553
1786041551792011461,historyserver-demo-6785ff6464-zlj2n/historyserver,744906752,872140800,1919565824,158224070
1786041552831196254,historyserver-demo-6785ff6464-zlj2n/historyserver,775745536,902975488,1919565824,158754968
1786041553868209671,historyserver-demo-6785ff6464-zlj2n/historyserver,807841792,935075840,1919565824,159275631
1786041554910977546,historyserver-demo-6785ff6464-zlj2n/historyserver,828936192,956174336,1919565824,159794589
1786041555950556797,historyserver-demo-6785ff6464-zlj2n/historyserver,842678272,970084352,1919565824,160305109
1786041556989076339,historyserver-demo-6785ff6464-zlj2n/historyserver,874889216,1002119168,1919565824,160825602
1786041558027202339,historyserver-demo-6785ff6464-zlj2n/historyserver,906608640,1033842688,1919565824,161355548
1786041559067508465,historyserver-demo-6785ff6464-zlj2n/historyserver,916549632,1044336640,1919565824,161877438
1786041560104488924,historyserver-demo-6785ff6464-zlj2n/historyserver,924585984,1052147712,1919565824,162402306
1786041561143832716,historyserver-demo-6785ff6464-zlj2n/historyserver,931000320,1058230272,1919565824,162905865
1786041562184132591,historyserver-demo-6785ff6464-zlj2n/historyserver,932888576,1060118528,1919565824,163425561
1786041563224096217,historyserver-demo-6785ff6464-zlj2n/historyserver,945168384,1072402432,1919565824,163953780
1786041564263148301,historyserver-demo-6785ff6464-zlj2n/historyserver,964304896,1091538944,1919565824,164473569
1786041565311185051,historyserver-demo-6785ff6464-zlj2n/historyserver,993804288,1121263616,1919565824,164993497
1786041566351172635,historyserver-demo-6785ff6464-zlj2n/historyserver,1022967808,1150328832,1919565824,165508612
1786041567392072344,historyserver-demo-6785ff6464-zlj2n/historyserver,1044848640,1172275200,1919565824,166026884
1786041568435097928,historyserver-demo-6785ff6464-zlj2n/historyserver,1068511232,1195737088,1919565824,166554110
1786041569475129220,historyserver-demo-6785ff6464-zlj2n/historyserver,1092210688,1219440640,1919565824,167073314
1786041570513190720,historyserver-demo-6785ff6464-zlj2n/historyserver,1116540928,1243893760,1919565824,167594407
1786041571551400679,historyserver-demo-6785ff6464-zlj2n/historyserver,1140056064,1267482624,1919565824,168106346
1786041572589114721,historyserver-demo-6785ff6464-zlj2n/historyserver,1164492800,1292169216,1919565824,168623989
1786041573627518930,historyserver-demo-6785ff6464-zlj2n/historyserver,1189519360,1316745216,1919565824,169155058
1786041574668578500,historyserver-demo-6785ff6464-zlj2n/historyserver,1212928000,1340157952,1919565824,169676132
1786041575710647583,historyserver-demo-6785ff6464-zlj2n/historyserver,1235210240,1363329024,1919565824,170196867
1786041576752707876,historyserver-demo-6785ff6464-zlj2n/historyserver,1257181184,1384931328,1919565824,170715845
1786041577797739793,historyserver-demo-6785ff6464-zlj2n/historyserver,1270140928,1397628928,1919565824,171248657
1786041578841697752,historyserver-demo-6785ff6464-zlj2n/historyserver,1276387328,1403613184,1919565824,171754360
1786041579883522544,historyserver-demo-6785ff6464-zlj2n/historyserver,1282727936,1409953792,1919565824,172275640
1786041580928563253,historyserver-demo-6785ff6464-zlj2n/historyserver,1289744384,1416970240,1919565824,172806583
1786041581974625628,historyserver-demo-6785ff6464-zlj2n/historyserver,1296162816,1423388672,1919565824,173326550
1786041583016563337,historyserver-demo-6785ff6464-zlj2n/historyserver,1300463616,1427689472,1919565824,173853079
1786041584060841379,historyserver-demo-6785ff6464-zlj2n/historyserver,1300684800,1427910656,1919565824,174373501
1786041585105583213,historyserver-demo-6785ff6464-zlj2n/historyserver,1300684800,1427910656,1919565824,174891599
1786041586147539255,historyserver-demo-6785ff6464-zlj2n/historyserver,1300684800,1427910656,1919565824,175407373
1786041587189581631,historyserver-demo-6785ff6464-zlj2n/historyserver,1300684800,1427910656,1919565824,175925523
1786041588232564631,historyserver-demo-6785ff6464-zlj2n/historyserver,1300684800,1427910656,1919565824,176452999
1786041589275576590,historyserver-demo-6785ff6464-zlj2n/historyserver,1300684800,1427914752,1919565824,176974748
1786041590317572340,historyserver-demo-6785ff6464-zlj2n/historyserver,1300684800,1427914752,1919565824,177504805
1786041591365538341,historyserver-demo-6785ff6464-zlj2n/historyserver,1300684800,1427914752,1919565824,178024864
1786041592411653758,historyserver-demo-6785ff6464-zlj2n/historyserver,1300684800,1427914752,1919565824,178549943
1786041593455498884,historyserver-demo-6785ff6464-zlj2n/historyserver,1300684800,1427910656,1919565824,179066364
1786041594497493342,historyserver-demo-6785ff6464-zlj2n/historyserver,1300750336,1427976192,1919565824,179585886
1786041595540626385,historyserver-demo-6785ff6464-zlj2n/historyserver,1302482944,1429708800,1919565824,180105383
1786041596583563552,historyserver-demo-6785ff6464-zlj2n/historyserver,1304014848,1431240704,1919565824,180625176
1786041597629715302,historyserver-demo-6785ff6464-zlj2n/historyserver,1304104960,1431334912,1919565824,181155091
1786041598672867344,historyserver-demo-6785ff6464-zlj2n/historyserver,1304104960,1431326720,1919565824,181674560
1786041599718905470,historyserver-demo-6785ff6464-zlj2n/historyserver,1320923136,1448148992,1919565824,182204209
1786041600764660012,historyserver-demo-6785ff6464-zlj2n/historyserver,1321152512,1454624768,1919565824,182726819
1786041601816636471,historyserver-demo-6785ff6464-zlj2n/historyserver,1378430976,1505656832,1919565824,183256048
1786041602861522638,historyserver-demo-6785ff6464-zlj2n/historyserver,1326190592,1453416448,1919565824,183773344
1786041603902635222,historyserver-demo-6785ff6464-zlj2n/historyserver,1315835904,1443061760,1919565824,184286453
1786041604945163708,historyserver-demo-6785ff6464-zlj2n/historyserver,1311338496,1438564352,1919565824,184804437
1786041605987278125,historyserver-demo-6785ff6464-zlj2n/historyserver,1284001792,1411231744,1919565824,185323096
1786041607028801542,historyserver-demo-6785ff6464-zlj2n/historyserver,1269678080,1396912128,1919565824,185855737
1786041608108491001,historyserver-demo-6785ff6464-zlj2n/historyserver,1263214592,1390444544,1919565824,186405305
1786041609165192585,historyserver-demo-6785ff6464-zlj2n/historyserver,1256464384,1383694336,1919565824,186923843
1786041610215181836,historyserver-demo-6785ff6464-zlj2n/historyserver,1040523264,1167761408,1919565824,187450847
1786041611277985003,historyserver-demo-6785ff6464-zlj2n/historyserver,970334208,1097572352,1919565824,187971882
1786041612329841920,historyserver-demo-6785ff6464-zlj2n/historyserver,962797568,1091428352,1919565824,188510123
1786041613391262045,historyserver-demo-6785ff6464-zlj2n/historyserver,879960064,978305024,1919565824,189027435
1786041614435890046,historyserver-demo-6785ff6464-zlj2n/historyserver,879960064,978305024,1919565824,189554852
1786041615486942630,historyserver-demo-6785ff6464-zlj2n/historyserver,879960064,978305024,1919565824,190073335
1786041616532980422,historyserver-demo-6785ff6464-zlj2n/historyserver,879960064,978305024,1919565824,190604091
1786041617581984089,historyserver-demo-6785ff6464-zlj2n/historyserver,879960064,978305024,1919565824,191124355
1786041618627916298,historyserver-demo-6785ff6464-zlj2n/historyserver,879960064,978305024,1919565824,191654921
1786041619676040715,historyserver-demo-6785ff6464-zlj2n/historyserver,879960064,978305024,1919565824,192175097
1786041620722880049,historyserver-demo-6785ff6464-zlj2n/historyserver,879960064,978309120,1919565824,192704213
1786041621768980799,historyserver-demo-6785ff6464-zlj2n/historyserver,879960064,978309120,1919565824,193221425
1786041622816873758,historyserver-demo-6785ff6464-zlj2n/historyserver,879960064,978305024,1919565824,193752747
1786041623867891925,historyserver-demo-6785ff6464-zlj2n/historyserver,879960064,978305024,1919565824,194271467
1786041624910997551,historyserver-demo-6785ff6464-zlj2n/historyserver,879960064,978309120,1919565824,194798290
1786041625956945051,historyserver-demo-6785ff6464-zlj2n/historyserver,879960064,978305024,1919565824,195317203
1786041627002752135,historyserver-demo-6785ff6464-zlj2n/historyserver,883617792,982556672,1919565824,195863471
1786041628098165219,historyserver-demo-6785ff6464-zlj2n/historyserver,895483904,993882112,1919565824,196381413
1786041629139924470,historyserver-demo-6785ff6464-zlj2n/historyserver,908292096,1006632960,1919565824,196903108
1786041630182107303,historyserver-demo-6785ff6464-zlj2n/historyserver,921001984,1019719680,1919565824,197423293
1786041631224295637,historyserver-demo-6785ff6464-zlj2n/historyserver,934154240,1032499200,1919565824,197956133
1786041632266088263,historyserver-demo-6785ff6464-zlj2n/historyserver,946020352,1044361216,1919565824,198471596
1786041633309286138,historyserver-demo-6785ff6464-zlj2n/historyserver,958930944,1057419264,1919565824,198991719
1786041634350117139,historyserver-demo-6785ff6464-zlj2n/historyserver,966189056,1068150784,1919565824,199514377
1786041635393236958,historyserver-demo-6785ff6464-zlj2n/historyserver,972292096,1074708480,1919565824,200032842
1786041636437580292,historyserver-demo-6785ff6464-zlj2n/historyserver,1044946944,1143287808,1919565824,200555946
1786041637479479418,historyserver-demo-6785ff6464-zlj2n/historyserver,1303289856,1401769984,1919565824,201073838
1786041638524560126,historyserver-demo-6785ff6464-zlj2n/historyserver,1303429120,1401774080,1919565824,201603573
1786041639569860877,historyserver-demo-6785ff6464-zlj2n/historyserver,1303678976,1402019840,1919565824,202122190
1786041640613873419,historyserver-demo-6785ff6464-zlj2n/historyserver,1304072192,1402421248,1919565824,202645799
1786041641655966253,historyserver-demo-6785ff6464-zlj2n/historyserver,1304367104,1402716160,1919565824,203163456
1786041642694533962,historyserver-demo-6785ff6464-zlj2n/historyserver,1304739840,1403084800,1919565824,203674122
1786041643732233712,historyserver-demo-6785ff6464-zlj2n/historyserver,1304797184,1403150336,1919565824,204204866
1786041644770784254,historyserver-demo-6785ff6464-zlj2n/historyserver,1324978176,1423323136,1919565824,204722826
1786041645810458088,historyserver-demo-6785ff6464-zlj2n/historyserver,1343717376,1442058240,1919565824,205255707
1786041646849502964,historyserver-demo-6785ff6464-zlj2n/historyserver,1349574656,1448579072,1919565824,205754490
1786041647889066048,historyserver-demo-6785ff6464-zlj2n/historyserver,1356529664,1455570944,1919565824,206274313
1786041648928622048,historyserver-demo-6785ff6464-zlj2n/historyserver,1363677184,1462755328,1919565824,206807442
1786041649967468049,historyserver-demo-6785ff6464-zlj2n/historyserver,1369907200,1468379136,1919565824,207323707
1786041651007900966,historyserver-demo-6785ff6464-zlj2n/historyserver,1364099072,1462439936,1919565824,207837644
1786041652046440466,historyserver-demo-6785ff6464-zlj2n/historyserver,1364152320,1462501376,1919565824,208353015
1786041653085695092,historyserver-demo-6785ff6464-zlj2n/historyserver,1364328448,1462681600,1919565824,208872336
1786041654124475759,historyserver-demo-6785ff6464-zlj2n/historyserver,1365159936,1463504896,1919565824,209405338
1786041655165177134,historyserver-demo-6785ff6464-zlj2n/historyserver,1365221376,1463820288,1919565824,209921219
1786041656205580885,historyserver-demo-6785ff6464-zlj2n/historyserver,1365278720,1463881728,1919565824,210434311
1786041657244481052,historyserver-demo-6785ff6464-zlj2n/historyserver,1366294528,1464639488,1919565824,210954363
1786041658284583636,historyserver-demo-6785ff6464-zlj2n/historyserver,1366355968,1464705024,1919565824,211471229
1786041659325644261,historyserver-demo-6785ff6464-zlj2n/historyserver,1366417408,1464766464,1919565824,212006835
1786041660367454137,historyserver-demo-6785ff6464-zlj2n/historyserver,1366478848,1464827904,1919565824,212522466
1786041661408738304,historyserver-demo-6785ff6464-zlj2n/historyserver,1367535616,1466036224,1919565824,213044504
1786041662452324638,historyserver-demo-6785ff6464-zlj2n/historyserver,1376931840,1475526656,1919565824,213560764
1786041663495806138,historyserver-demo-6785ff6464-zlj2n/historyserver,1393905664,1492447232,1919565824,214080252
1786041664535284083,historyserver-demo-6785ff6464-zlj2n/historyserver,1396559872,1495277568,1919565824,214605017
1786041665572640208,historyserver-demo-6785ff6464-zlj2n/historyserver,1399435264,1498226688,1919565824,215124320
1786041666611863042,historyserver-demo-6785ff6464-zlj2n/historyserver,1402462208,1501265920,1919565824,215655660
1786041667650608709,historyserver-demo-6785ff6464-zlj2n/historyserver,1406349312,1504686080,1919565824,216158097
1786041668689531210,historyserver-demo-6785ff6464-zlj2n/historyserver,1409081344,1507917824,1919565824,216673853
1786041669727912585,historyserver-demo-6785ff6464-zlj2n/historyserver,1411203072,1509539840,1919565824,217202873
1786041670766662003,historyserver-demo-6785ff6464-zlj2n/historyserver,1411203072,1509539840,1919565824,217723875
1786041671807276128,historyserver-demo-6785ff6464-zlj2n/historyserver,1411203072,1509535744,1919565824,218236700
1786041672845385629,historyserver-demo-6785ff6464-zlj2n/historyserver,1412997120,1512050688,1919565824,218755276
1786041673883477004,historyserver-demo-6785ff6464-zlj2n/historyserver,1423826944,1523064832,1919565824,219271385
1786041674921875796,historyserver-demo-6785ff6464-zlj2n/historyserver,1436573696,1535070208,1919565824,219802271
1786041675960698338,historyserver-demo-6785ff6464-zlj2n/historyserver,1447645184,1546956800,1919565824,220315501
1786041676998462089,historyserver-demo-6785ff6464-zlj2n/historyserver,1462452224,1561640960,1919565824,220826036
1786041678034900548,historyserver-demo-6785ff6464-zlj2n/historyserver,1477722112,1576960000,1919565824,221355704
1786041679069854548,historyserver-demo-6785ff6464-zlj2n/historyserver,1492885504,1591988224,1919565824,221871826
1786041680106835215,historyserver-demo-6785ff6464-zlj2n/historyserver,1508704256,1607278592,1919565824,222383462
1786041681142398632,historyserver-demo-6785ff6464-zlj2n/historyserver,1524514816,1622855680,1919565824,222904037
1786041682176310883,historyserver-demo-6785ff6464-zlj2n/historyserver,1539178496,1638055936,1919565824,223422142
1786041683212394508,historyserver-demo-6785ff6464-zlj2n/historyserver,1555005440,1653870592,1919565824,223940068
1786041684248371926,historyserver-demo-6785ff6464-zlj2n/historyserver,1571270656,1669873664,1919565824,224454583
1786041685289329968,historyserver-demo-6785ff6464-zlj2n/historyserver,1587798016,1686138880,1919565824,224973540
1786041686329368468,historyserver-demo-6785ff6464-zlj2n/historyserver,1604624384,1702969344,1919565824,225503095
1786041687370287927,historyserver-demo-6785ff6464-zlj2n/historyserver,1622933504,1721274368,1919565824,226023230
1786041688411367761,historyserver-demo-6785ff6464-zlj2n/historyserver,1641537536,1739993088,1919565824,226541988
1786041689452266428,historyserver-demo-6785ff6464-zlj2n/historyserver,1654472704,1752813568,1919565824,227060763
1786041690494356470,historyserver-demo-6785ff6464-zlj2n/historyserver,1654513664,1752854528,1919565824,227578532
1786041691537215846,historyserver-demo-6785ff6464-zlj2n/historyserver,1654652928,1752993792,1919565824,228105183
1786041692578275513,historyserver-demo-6785ff6464-zlj2n/historyserver,1655078912,1753419776,1919565824,228624059
1786041693622433180,historyserver-demo-6785ff6464-zlj2n/historyserver,1655500800,1754079232,1919565824,229155443
1786041694666734875,historyserver-demo-6785ff6464-zlj2n/historyserver,1655869440,1754210304,1919565824,229673841
1786041695708625667,historyserver-demo-6785ff6464-zlj2n/historyserver,1655963648,1754566656,1919565824,230206311
1786041696751692042,historyserver-demo-6785ff6464-zlj2n/historyserver,1656049664,1754390528,1919565824,230712359
1786041697792590876,historyserver-demo-6785ff6464-zlj2n/historyserver,1656098816,1754439680,1919565824,231227786
1786041698834793335,historyserver-demo-6785ff6464-zlj2n/historyserver,1656098816,1754439680,1919565824,231754882
1786041699875846419,historyserver-demo-6785ff6464-zlj2n/historyserver,1656098816,1754443776,1919565824,232247662
1786041700915807503,historyserver-demo-6785ff6464-zlj2n/historyserver,1656098816,1754443776,1919565824,232247662
1786041701956677295,historyserver-demo-6785ff6464-zlj2n/historyserver,1656098816,1754443776,1919565824,232247662
1786041702996620920,historyserver-demo-6785ff6464-zlj2n/historyserver,1656098816,1754443776,1919565824,232247662
1786041704035656837,historyserver-demo-6785ff6464-zlj2n/historyserver,1656098816,1754443776,1919565824,232247662
1786041705075640671,historyserver-demo-6785ff6464-zlj2n/historyserver,1656098816,1754443776,1919565824,232247662
1786041706115609255,historyserver-demo-6785ff6464-zlj2n/historyserver,1656098816,1754443776,1919565824,232247662
1786041707155595547,historyserver-demo-6785ff6464-zlj2n/historyserver,1418338304,1516683264,1919565824,232296334
1786041708196664423,historyserver-demo-6785ff6464-zlj2n/historyserver,1800802304,1899212800,1919565824,232807088
1786041709235734757,historyserver-demo-6785ff6464-zlj2n/historyserver,1775828992,1874243584,1919565824,233336302
1786041710274368090,historyserver-demo-6785ff6464-zlj2n/historyserver,1767448576,1865859072,1919565824,233845862
1786041711314927966,historyserver-demo-6785ff6464-zlj2n/historyserver,1669177344,1767591936,1919565824,234374289
1786041712360350925,historyserver-demo-6785ff6464-zlj2n/historyserver,1656811520,1755222016,1919565824,234898343
1786041713403112217,historyserver-demo-6785ff6464-zlj2n/historyserver,1650520064,1748934656,1919565824,235405636
1786041714442390176,historyserver-demo-6785ff6464-zlj2n/historyserver,1650520064,1748930560,1919565824,235936986
1786041715482106635,historyserver-demo-6785ff6464-zlj2n/historyserver,1650520064,1748930560,1919565824,236448466
1786041716521058927,historyserver-demo-6785ff6464-zlj2n/historyserver,1552945152,1651355648,1919565824,236988502
1786041717559854094,historyserver-demo-6785ff6464-zlj2n/historyserver,1326141440,1424551936,1919565824,237499162
1786041718600579594,historyserver-demo-6785ff6464-zlj2n/historyserver,796229632,889933824,1919565824,238003946
1786041719638756220,historyserver-demo-6785ff6464-zlj2n/historyserver,796229632,889933824,1919565824,238538834
1786041720678611929,historyserver-demo-6785ff6464-zlj2n/historyserver,796229632,889929728,1919565824,239049131
1786041721717978596,historyserver-demo-6785ff6464-zlj2n/historyserver,796229632,889937920,1919565824,239573158
1786041722756785555,historyserver-demo-6785ff6464-zlj2n/historyserver,796229632,889929728,1919565824,240096123
1786041723796274888,historyserver-demo-6785ff6464-zlj2n/historyserver,796229632,889929728,1919565824,240601577
1786041724836184500,historyserver-demo-6785ff6464-zlj2n/historyserver,796229632,889929728,1919565824,241139617
1786041725876101959,historyserver-demo-6785ff6464-zlj2n/historyserver,811978752,905678848,1919565824,241648140
1786041726917391167,historyserver-demo-6785ff6464-zlj2n/historyserver,845185024,939036672,1919565824,242172790
1786041727957447960,historyserver-demo-6785ff6464-zlj2n/historyserver,855166976,948867072,1919565824,242697322
1786041728997263335,historyserver-demo-6785ff6464-zlj2n/historyserver,864681984,958955520,1919565824,243205454
1786041730035409752,historyserver-demo-6785ff6464-zlj2n/historyserver,873164800,967553024,1919565824,243738501
1786041731075320586,historyserver-demo-6785ff6464-zlj2n/historyserver,875565056,969265152,1919565824,244248200
1786041732115948920,historyserver-demo-6785ff6464-zlj2n/historyserver,884432896,978927616,1919565824,244771228
1786041733154222379,historyserver-demo-6785ff6464-zlj2n/historyserver,901476352,995581952,1919565824,245292971
1786041734194280837,historyserver-demo-6785ff6464-zlj2n/historyserver,930562048,1024983040,1919565824,245798828
1786041735232293296,historyserver-demo-6785ff6464-zlj2n/historyserver,961433600,1055236096,1919565824,246338335
1786041736271256755,historyserver-demo-6785ff6464-zlj2n/historyserver,982745088,1076445184,1919565824,246848415
1786041737310278672,historyserver-demo-6785ff6464-zlj2n/historyserver,1003143168,1097838592,1919565824,247365614
1786041738349249964,historyserver-demo-6785ff6464-zlj2n/historyserver,1026088960,1119784960,1919565824,247890111
1786041739388973840,historyserver-demo-6785ff6464-zlj2n/historyserver,1046441984,1140621312,1919565824,248398024
1786041740427608340,historyserver-demo-6785ff6464-zlj2n/historyserver,1068716032,1162457088,1919565824,248933865
1786041741467161299,historyserver-demo-6785ff6464-zlj2n/historyserver,1089884160,1183580160,1919565824,249448943
1786041742506214258,historyserver-demo-6785ff6464-zlj2n/historyserver,1110519808,1205125120,1919565824,249962262
1786041743546062425,historyserver-demo-6785ff6464-zlj2n/historyserver,1132990464,1226690560,1919565824,250487383
1786041744585511009,historyserver-demo-6785ff6464-zlj2n/historyserver,1153925120,1247621120,1919565824,250999893
1786041745625454635,historyserver-demo-6785ff6464-zlj2n/historyserver,1175465984,1269346304,1919565824,251532044
1786041746666319760,historyserver-demo-6785ff6464-zlj2n/historyserver,1196527616,1290223616,1919565824,252048874
1786041747705488469,historyserver-demo-6785ff6464-zlj2n/historyserver,1217536000,1311264768,1919565824,252561614
1786041748745374219,historyserver-demo-6785ff6464-zlj2n/historyserver,1240006656,1333702656,1919565824,253087476
1786041749785464637,historyserver-demo-6785ff6464-zlj2n/historyserver,1262075904,1355771904,1919565824,253601043
1786041750824405470,historyserver-demo-6785ff6464-zlj2n/historyserver,1283907584,1377660928,1919565824,254130545
1786041751863875221,historyserver-demo-6785ff6464-zlj2n/historyserver,1304969216,1398665216,1919565824,254648764
1786041752903698471,historyserver-demo-6785ff6464-zlj2n/historyserver,1316028416,1410060288,1919565824,255171437
1786041753944135597,historyserver-demo-6785ff6464-zlj2n/historyserver,1320615936,1414815744,1919565824,255688240
1786041754984663833,historyserver-demo-6785ff6464-zlj2n/historyserver,1325961216,1419657216,1919565824,256199915
1786041756023587584,historyserver-demo-6785ff6464-zlj2n/historyserver,1330479104,1424707584,1919565824,256740775
1786041757062446626,historyserver-demo-6785ff6464-zlj2n/historyserver,1335541760,1429356544,1919565824,257251033
1786041758101399293,historyserver-demo-6785ff6464-zlj2n/historyserver,1338789888,1432748032,1919565824,257757755
1786041759140324043,historyserver-demo-6785ff6464-zlj2n/historyserver,1338920960,1432621056,1919565824,258286670
1786041760180349544,historyserver-demo-6785ff6464-zlj2n/historyserver,1338937344,1432633344,1919565824,258798220
1786041761220460336,historyserver-demo-6785ff6464-zlj2n/historyserver,1338953728,1432653824,1919565824,259328642
1786041762260586837,historyserver-demo-6785ff6464-zlj2n/historyserver,1338986496,1432682496,1919565824,259848667
1786041763300682795,historyserver-demo-6785ff6464-zlj2n/historyserver,1338986496,1432682496,1919565824,260361761
1786041764343321921,historyserver-demo-6785ff6464-zlj2n/historyserver,1339052032,1432748032,1919565824,260888944
1786041765386280088,historyserver-demo-6785ff6464-zlj2n/historyserver,1339092992,1432788992,1919565824,261401253
1786041766428305505,historyserver-demo-6785ff6464-zlj2n/historyserver,1339486208,1433186304,1919565824,261936673
1786041767469313589,historyserver-demo-6785ff6464-zlj2n/historyserver,1342197760,1435893760,1919565824,262449391
1786041768512337923,historyserver-demo-6785ff6464-zlj2n/historyserver,1343193088,1437151232,1919565824,262971103
1786041769555386048,historyserver-demo-6785ff6464-zlj2n/historyserver,1343373312,1437065216,1919565824,263496981
1786041770598318716,historyserver-demo-6785ff6464-zlj2n/historyserver,1343373312,1437065216,1919565824,264010356
1786041771642300549,historyserver-demo-6785ff6464-zlj2n/historyserver,1343373312,1437069312,1919565824,264536893
1786041772684372175,historyserver-demo-6785ff6464-zlj2n/historyserver,1587826688,1681522688,1919565824,265048778
1786041773726440259,historyserver-demo-6785ff6464-zlj2n/historyserver,1587826688,1681522688,1919565824,265589675
1786041774768414593,historyserver-demo-6785ff6464-zlj2n/historyserver,1587826688,1681522688,1919565824,266098445
1786041775810359176,historyserver-demo-6785ff6464-zlj2n/historyserver,1507725312,1601601536,1919565824,266617056
1786041776851333135,historyserver-demo-6785ff6464-zlj2n/historyserver,1499336704,1593212928,1919565824,267136738
1786041777891318136,historyserver-demo-6785ff6464-zlj2n/historyserver,1499336704,1593217024,1919565824,267648886
1786041778930331303,historyserver-demo-6785ff6464-zlj2n/historyserver,1499336704,1593221120,1919565824,268185062
1786041779969622137,historyserver-demo-6785ff6464-zlj2n/historyserver,1499336704,1593217024,1919565824,268701066
1786041781008382470,historyserver-demo-6785ff6464-zlj2n/historyserver,1300393984,1394274304,1919565824,269214136
1786041782048285471,historyserver-demo-6785ff6464-zlj2n/historyserver,1300393984,1394278400,1919565824,269735637
1786041783087591221,historyserver-demo-6785ff6464-zlj2n/historyserver,1300393984,1394278400,1919565824,270249888
1786041784130316514,historyserver-demo-6785ff6464-zlj2n/historyserver,1300393984,1394282496,1919565824,270786403
1786041785175535667,historyserver-demo-6785ff6464-zlj2n/historyserver,1282211840,1376321536,1919565824,271298747
1786041786216502834,historyserver-demo-6785ff6464-zlj2n/historyserver,1083330560,1177219072,1919565824,271823514
1786041787259639001,historyserver-demo-6785ff6464-zlj2n/historyserver,1083330560,1177214976,1919565824,272348827
1786041788303465835,historyserver-demo-6785ff6464-zlj2n/historyserver,1083330560,1177214976,1919565824,272860845
1786041789344565752,historyserver-demo-6785ff6464-zlj2n/historyserver,1083330560,1177214976,1919565824,273385636
1786041790387468669,historyserver-demo-6785ff6464-zlj2n/historyserver,1083330560,1177214976,1919565824,273901119
1786041791434756836,historyserver-demo-6785ff6464-zlj2n/historyserver,1083330560,1177214976,1919565824,274435656
1786041792486508962,historyserver-demo-6785ff6464-zlj2n/historyserver,1083330560,1177214976,1919565824,274949399
1786041793529754962,historyserver-demo-6785ff6464-zlj2n/historyserver,1083330560,1177485312,1919565824,275487988
1786041794571672296,historyserver-demo-6785ff6464-zlj2n/historyserver,1083330560,1177214976,1919565824,275999369
1786041795613456963,historyserver-demo-6785ff6464-zlj2n/historyserver,1083330560,1177219072,1919565824,276517856
1786041796653510547,historyserver-demo-6785ff6464-zlj2n/historyserver,1083330560,1177214976,1919565824,277039119
1786041797693389214,historyserver-demo-6785ff6464-zlj2n/historyserver,1083334656,1177214976,1919565824,277552946
1786041798733452506,historyserver-demo-6785ff6464-zlj2n/historyserver,1083334656,1177214976,1919565824,278086490
1786041799773393798,historyserver-demo-6785ff6464-zlj2n/historyserver,1083334656,1177214976,1919565824,278601333
1786041800814477091,historyserver-demo-6785ff6464-zlj2n/historyserver,1083334656,1177214976,1919565824,279135389
1786041801855425258,historyserver-demo-6785ff6464-zlj2n/historyserver,1056071680,1149952000,1919565824,279645149
1786041802895391717,historyserver-demo-6785ff6464-zlj2n/historyserver,1056071680,1149952000,1919565824,280150614
1786041803934506134,historyserver-demo-6785ff6464-zlj2n/historyserver,1056071680,1149952000,1919565824,280684790
1786041804974400551,historyserver-demo-6785ff6464-zlj2n/historyserver,1056071680,1149952000,1919565824,281198462
1786041806013607051,historyserver-demo-6785ff6464-zlj2n/historyserver,1210998784,1304879104,1919565824,281736321
1786041807056845302,historyserver-demo-6785ff6464-zlj2n/historyserver,1235349504,1329229824,1919565824,282248733
1786041808101808927,historyserver-demo-6785ff6464-zlj2n/historyserver,1094815744,1156399104,1919565824,282782411
1786041809150870303,historyserver-demo-6785ff6464-zlj2n/historyserver,1100136448,1161764864,1919565824,283299598
1786041810213441720,historyserver-demo-6785ff6464-zlj2n/historyserver,1100136448,1161764864,1919565824,283837622
1786041811270649054,historyserver-demo-6785ff6464-zlj2n/historyserver,1100136448,1161764864,1919565824,284350144
1786041812320438679,historyserver-demo-6785ff6464-zlj2n/historyserver,1100136448,1161764864,1919565824,284886673
1786041813371835680,historyserver-demo-6785ff6464-zlj2n/historyserver,1057079296,1118707712,1919565824,285398003
1786041814425510639,historyserver-demo-6785ff6464-zlj2n/historyserver,1043546112,1105178624,1919565824,285935727
1786041815471804375,historyserver-demo-6785ff6464-zlj2n/historyserver,894713856,1013170176,1919565824,286446960
1786041816519105375,historyserver-demo-6785ff6464-zlj2n/historyserver,903041024,1021530112,1919565824,286978329
1786041817562775626,historyserver-demo-6785ff6464-zlj2n/historyserver,926474240,1044930560,1919565824,287500325
1786041818605751501,historyserver-demo-6785ff6464-zlj2n/historyserver,949620736,1068261376,1919565824,288012861
1786041819647855169,historyserver-demo-6785ff6464-zlj2n/historyserver,973336576,1091985408,1919565824,288538823
1786041820691842836,historyserver-demo-6785ff6464-zlj2n/historyserver,996577280,1115033600,1919565824,289049593
1786041821731818211,historyserver-demo-6785ff6464-zlj2n/historyserver,1010704384,1129160704,1919565824,289587512
1786041822777913045,historyserver-demo-6785ff6464-zlj2n/historyserver,1017405440,1135861760,1919565824,290100658
1786041823826843546,historyserver-demo-6785ff6464-zlj2n/historyserver,1025761280,1144217600,1919565824,290636107
1786041824869909879,historyserver-demo-6785ff6464-zlj2n/historyserver,1032679424,1151135744,1919565824,291149404
1786041825912733630,historyserver-demo-6785ff6464-zlj2n/historyserver,1036447744,1155166208,1919565824,291677586
1786041826960832797,historyserver-demo-6785ff6464-zlj2n/historyserver,1036513280,1154969600,1919565824,292197823
1786041828003927548,historyserver-demo-6785ff6464-zlj2n/historyserver,1042120704,1160937472,1919565824,292712382
1786041829046916881,historyserver-demo-6785ff6464-zlj2n/historyserver,1062735872,1181196288,1919565824,293239228
1786041830089913007,historyserver-demo-6785ff6464-zlj2n/historyserver,1087094784,1205551104,1919565824,293750796
1786041831131770591,historyserver-demo-6785ff6464-zlj2n/historyserver,1114595328,1233055744,1919565824,294285388
1786041832172801466,historyserver-demo-6785ff6464-zlj2n/historyserver,1142841344,1261297664,1919565824,294800314
1786041833214797258,historyserver-demo-6785ff6464-zlj2n/historyserver,1170497536,1289478144,1919565824,295325952
1786041834258830092,historyserver-demo-6785ff6464-zlj2n/historyserver,1191886848,1310859264,1919565824,295846866
1786041835299786176,historyserver-demo-6785ff6464-zlj2n/historyserver,1207017472,1325735936,1919565824,296358151
1786041836340875010,historyserver-demo-6785ff6464-zlj2n/historyserver,1222508544,1341009920,1919565824,296884430
1786041837380790552,historyserver-demo-6785ff6464-zlj2n/historyserver,1238646784,1357099008,1919565824,297397703
1786041838420888969,historyserver-demo-6785ff6464-zlj2n/historyserver,1255288832,1374621696,1919565824,297928839
1786041839461749553,historyserver-demo-6785ff6464-zlj2n/historyserver,1272659968,1391632384,1919565824,298447940
1786041840501713345,historyserver-demo-6785ff6464-zlj2n/historyserver,1290092544,1408802816,1919565824,298955638
1786041841541014262,historyserver-demo-6785ff6464-zlj2n/historyserver,1297473536,1415921664,1919565824,299484291
1786041842580822471,historyserver-demo-6785ff6464-zlj2n/historyserver,1301086208,1419673600,1919565824,300000416
1786041843619691138,historyserver-demo-6785ff6464-zlj2n/historyserver,1305116672,1423953920,1919565824,300535587
1786041844645984541,historyserver-demo-6785ff6464-zlj2n/historyserver,1310212096,1428922368,1919565824,301047229
1786041845685052917,historyserver-demo-6785ff6464-zlj2n/historyserver,1315405824,1434120192,1919565824,301554755
1786041846723859834,historyserver-demo-6785ff6464-zlj2n/historyserver,1320837120,1439289344,1919565824,302086994
1786041847764061876,historyserver-demo-6785ff6464-zlj2n/historyserver,1325015040,1443733504,1919565824,302599265
1786041848804863127,historyserver-demo-6785ff6464-zlj2n/historyserver,1325015040,1443471360,1919565824,303121565
1786041849844784627,historyserver-demo-6785ff6464-zlj2n/historyserver,1325015040,1443471360,1919565824,303642930
1786041850885945878,historyserver-demo-6785ff6464-zlj2n/historyserver,1325015040,1443471360,1919565824,304155375
1786041851927943128,historyserver-demo-6785ff6464-zlj2n/historyserver,1325015040,1443471360,1919565824,304685540
1786041852968983420,historyserver-demo-6785ff6464-zlj2n/historyserver,1325015040,1443471360,1919565824,305199762
1786041854009825629,historyserver-demo-6785ff6464-zlj2n/historyserver,1325015040,1443475456,1919565824,305726225
1786041855049732421,historyserver-demo-6785ff6464-zlj2n/historyserver,1325015040,1443471360,1919565824,306246033
1786041856089754547,historyserver-demo-6785ff6464-zlj2n/historyserver,1325015040,1443471360,1919565824,306757643
1786041857129842714,historyserver-demo-6785ff6464-zlj2n/historyserver,1325015040,1443471360,1919565824,307285650
1786041858170806798,historyserver-demo-6785ff6464-zlj2n/historyserver,1338789888,1457250304,1919565824,307799866
1786041859210811257,historyserver-demo-6785ff6464-zlj2n/historyserver,1354452992,1473216512,1919565824,308326282
1786041860250102465,historyserver-demo-6785ff6464-zlj2n/historyserver,1370615808,1489596416,1919565824,308847025
1786041861289856883,historyserver-demo-6785ff6464-zlj2n/historyserver,1387937792,1506656256,1919565824,309357894
1786041862329856425,historyserver-demo-6785ff6464-zlj2n/historyserver,1407037440,1525493760,1919565824,309885428
1786041863370860217,historyserver-demo-6785ff6464-zlj2n/historyserver,1425731584,1544187904,1919565824,310397790
1786041864412798301,historyserver-demo-6785ff6464-zlj2n/historyserver,1444450304,1563295744,1919565824,310932326
1786041865454813426,historyserver-demo-6785ff6464-zlj2n/historyserver,1461235712,1579749376,1919565824,311450928
1786041866496811968,historyserver-demo-6785ff6464-zlj2n/historyserver,1474150400,1592610816,1919565824,311798951
1786041867539025261,historyserver-demo-6785ff6464-zlj2n/historyserver,1474150400,1592610816,1919565824,311798951
1786041868580872636,historyserver-demo-6785ff6464-zlj2n/historyserver,1474150400,1592610816,1919565824,311798951
1786041869624171887,historyserver-demo-6785ff6464-zlj2n/historyserver,1474150400,1592610816,1919565824,311798951
1786041870666903970,historyserver-demo-6785ff6464-zlj2n/historyserver,1474150400,1592610816,1919565824,311798951
1786041871710029596,historyserver-demo-6785ff6464-zlj2n/historyserver,1474150400,1592610816,1919565824,311798951
1786041872751815055,historyserver-demo-6785ff6464-zlj2n/historyserver,1474150400,1592610816,1919565824,311798951
1786041873793815097,historyserver-demo-6785ff6464-zlj2n/historyserver,1474150400,1592610816,1919565824,311798951
1786041874830105500,historyserver-demo-6785ff6464-zlj2n/historyserver,1474150400,1592610816,1919565824,311798951
1786041875871097084,historyserver-demo-6785ff6464-zlj2n/historyserver,1474150400,1592610816,1919565824,311798951
1786041876912173417,historyserver-demo-6785ff6464-zlj2n/historyserver,1518444544,1640521728,1919565824,312197851
1786041877954026626,historyserver-demo-6785ff6464-zlj2n/historyserver,1448153088,1566617600,1919565824,312719756
1786041878993892627,historyserver-demo-6785ff6464-zlj2n/historyserver,1370558464,1489022976,1919565824,313240167
1786041880033191836,historyserver-demo-6785ff6464-zlj2n/historyserver,1355878400,1474338816,1919565824,313747897
1786041881074279503,historyserver-demo-6785ff6464-zlj2n/historyserver,855896064,974368768,1919565824,314272381
1786041882115232295,historyserver-demo-6785ff6464-zlj2n/historyserver,851185664,965558272,1919565824,314798018
1786041883155963337,historyserver-demo-6785ff6464-zlj2n/historyserver,821825536,936202240,1919565824,315320086
1786041884194984796,historyserver-demo-6785ff6464-zlj2n/historyserver,800854016,915226624,1919565824,315839707
1786041885233042255,historyserver-demo-6785ff6464-zlj2n/historyserver,616296448,709984256,1919565824,316346609
1786041886272037172,historyserver-demo-6785ff6464-zlj2n/historyserver,597422080,682774528,1919565824,316873878
1786041887311077631,historyserver-demo-6785ff6464-zlj2n/historyserver,553381888,634556416,1919565824,317395443
1786041888349311798,historyserver-demo-6785ff6464-zlj2n/historyserver,553381888,634552320,1919565824,317924105
1786041889388143423,historyserver-demo-6785ff6464-zlj2n/historyserver,553381888,634552320,1919565824,318438666
1786041890429091090,historyserver-demo-6785ff6464-zlj2n/historyserver,553381888,634556416,1919565824,318947095
1786041891471249633,historyserver-demo-6785ff6464-zlj2n/historyserver,553381888,634556416,1919565824,319473856
1786041892513035216,historyserver-demo-6785ff6464-zlj2n/historyserver,585191424,666361856,1919565824,319997906
1786041893554074717,historyserver-demo-6785ff6464-zlj2n/historyserver,618012672,699998208,1919565824,320520405
1786041894595015426,historyserver-demo-6785ff6464-zlj2n/historyserver,650625024,732540928,1919565824,321046018
1786041895636051176,historyserver-demo-6785ff6464-zlj2n/historyserver,682938368,764370944,1919565824,321552136
1786041896677056552,historyserver-demo-6785ff6464-zlj2n/historyserver,716759040,797933568,1919565824,322077599
1786041897717115511,historyserver-demo-6785ff6464-zlj2n/historyserver,738041856,819212288,1919565824,322598469
1786041898757016678,historyserver-demo-6785ff6464-zlj2n/historyserver,747106304,828276736,1919565824,323124991
1786041899796007470,historyserver-demo-6785ff6464-zlj2n/historyserver,755638272,836808704,1919565824,323648095
1786041900837040095,historyserver-demo-6785ff6464-zlj2n/historyserver,759709696,840880128,1919565824,324150237
1786041901876184513,historyserver-demo-6785ff6464-zlj2n/historyserver,764923904,846094336,1919565824,324673098
1786041902915163680,historyserver-demo-6785ff6464-zlj2n/historyserver,782528512,863703040,1919565824,325196451
1786041903953963514,historyserver-demo-6785ff6464-zlj2n/historyserver,809517056,891277312,1919565824,325716998
1786041904992482875,historyserver-demo-6785ff6464-zlj2n/historyserver,837918720,919654400,1919565824,326239091
1786041906029448084,historyserver-demo-6785ff6464-zlj2n/historyserver,863055872,944226304,1919565824,326747328
1786041907068548001,historyserver-demo-6785ff6464-zlj2n/historyserver,887619584,968974336,1919565824,327273370
1786041908106497960,historyserver-demo-6785ff6464-zlj2n/historyserver,913334272,994779136,1919565824,327797828
1786041909144558752,historyserver-demo-6785ff6464-zlj2n/historyserver,937541632,1019232256,1919565824,328307793
1786041910182664211,historyserver-demo-6785ff6464-zlj2n/historyserver,962740224,1044168704,1919565824,328830116
1786041911220537086,historyserver-demo-6785ff6464-zlj2n/historyserver,987615232,1068781568,1919565824,329346669
1786041912256706045,historyserver-demo-6785ff6464-zlj2n/historyserver,1011023872,1093054464,1919565824,329869734
1786041913293550379,historyserver-demo-6785ff6464-zlj2n/historyserver,1035501568,1117454336,1919565824,330387192
1786041914329515963,historyserver-demo-6785ff6464-zlj2n/historyserver,1060368384,1141538816,1919565824,330898833
1786041915366476755,historyserver-demo-6785ff6464-zlj2n/historyserver,1084305408,1166434304,1919565824,331425420
1786041916402459089,historyserver-demo-6785ff6464-zlj2n/historyserver,1106157568,1187639296,1919565824,331946887
1786041917438442547,historyserver-demo-6785ff6464-zlj2n/historyserver,1113317376,1194749952,1919565824,332457040
1786041918477721423,historyserver-demo-6785ff6464-zlj2n/historyserver,1120190464,1201356800,1919565824,332976285
1786041919516557007,historyserver-demo-6785ff6464-zlj2n/historyserver,1126739968,1207906304,1919565824,333498578
1786041920555526174,historyserver-demo-6785ff6464-zlj2n/historyserver,1133580288,1214746624,1919565824,334024558
1786041921596536966,historyserver-demo-6785ff6464-zlj2n/historyserver,1140256768,1221570560,1919565824,334548227
1786041922636639633,historyserver-demo-6785ff6464-zlj2n/historyserver,1143488512,1224654848,1919565824,335051249
1786041923677569800,historyserver-demo-6785ff6464-zlj2n/historyserver,1143676928,1224843264,1919565824,335578542
1786041924719524968,historyserver-demo-6785ff6464-zlj2n/historyserver,1143705600,1224871936,1919565824,336097593
1786041925761537551,historyserver-demo-6785ff6464-zlj2n/historyserver,1143738368,1224908800,1919565824,336623245
1786041926804486843,historyserver-demo-6785ff6464-zlj2n/historyserver,1143738368,1224908800,1919565824,337148820
1786041927848632386,historyserver-demo-6785ff6464-zlj2n/historyserver,1143803904,1224970240,1919565824,337665476
1786041928891837303,historyserver-demo-6785ff6464-zlj2n/historyserver,1143803904,1224974336,1919565824,338193563
1786041929935608178,historyserver-demo-6785ff6464-zlj2n/historyserver,1143853056,1225019392,1919565824,338703395
1786041930978548845,historyserver-demo-6785ff6464-zlj2n/historyserver,1143861248,1225027584,1919565824,339234164
1786041932023776096,historyserver-demo-6785ff6464-zlj2n/historyserver,1144717312,1225883648,1919565824,339747281
1786041933070723555,historyserver-demo-6785ff6464-zlj2n/historyserver,1147871232,1229037568,1919565824,340274480
1786041934116776264,historyserver-demo-6785ff6464-zlj2n/historyserver,1161641984,1242808320,1919565824,340799062
1786041935162688625,historyserver-demo-6785ff6464-zlj2n/historyserver,1185308672,1266475008,1919565824,341321698
1786041936208716209,historyserver-demo-6785ff6464-zlj2n/historyserver,1208483840,1289650176,1919565824,341845766
1786041937253631626,historyserver-demo-6785ff6464-zlj2n/historyserver,1231720448,1313026048,1919565824,342370791
1786041938296549251,historyserver-demo-6785ff6464-zlj2n/historyserver,1371115520,1452281856,1919565824,342897860
1786041939339546544,historyserver-demo-6785ff6464-zlj2n/historyserver,1371312128,1452740608,1919565824,343419167
1786041940383655169,historyserver-demo-6785ff6464-zlj2n/historyserver,1343967232,1425133568,1919565824,343931271
1786041941424511003,historyserver-demo-6785ff6464-zlj2n/historyserver,1343967232,1425137664,1919565824,344448303
1786041942462546337,historyserver-demo-6785ff6464-zlj2n/historyserver,1343967232,1425137664,1919565824,344975112
1786041943498828129,historyserver-demo-6785ff6464-zlj2n/historyserver,1343967232,1425137664,1919565824,345494840
1786041944535606296,historyserver-demo-6785ff6464-zlj2n/historyserver,1343967232,1425133568,1919565824,345997775
1786041945573592963,historyserver-demo-6785ff6464-zlj2n/historyserver,1343967232,1425133568,1919565824,346526749
1786041946612607255,historyserver-demo-6785ff6464-zlj2n/historyserver,1343967232,1425137664,1919565824,347046971
1786041947651753214,historyserver-demo-6785ff6464-zlj2n/historyserver,1343967232,1425137664,1919565824,347575466
1786041948692911631,historyserver-demo-6785ff6464-zlj2n/historyserver,1077387264,1158557696,1919565824,348092543
1786041949734851632,historyserver-demo-6785ff6464-zlj2n/historyserver,1077387264,1158561792,1919565824,348602817
1786041950777892382,historyserver-demo-6785ff6464-zlj2n/historyserver,1077387264,1158557696,1919565824,349132430
1786041951820663549,historyserver-demo-6785ff6464-zlj2n/historyserver,1077387264,1158557696,1919565824,349648526
1786041952863709883,historyserver-demo-6785ff6464-zlj2n/historyserver,1077387264,1158557696,1919565824,350173153
1786041953905576634,historyserver-demo-6785ff6464-zlj2n/historyserver,1077387264,1158561792,1919565824,350696974
1786041954948573384,historyserver-demo-6785ff6464-zlj2n/historyserver,1077387264,1158561792,1919565824,351215309
1786041955990834301,historyserver-demo-6785ff6464-zlj2n/historyserver,1077387264,1158557696,1919565824,351741136
1786041957033634510,historyserver-demo-6785ff6464-zlj2n/historyserver,1077387264,1158557696,1919565824,352251430
1786041958075660094,historyserver-demo-6785ff6464-zlj2n/historyserver,1077387264,1158557696,1919565824,352777986
1786041959118641553,historyserver-demo-6785ff6464-zlj2n/historyserver,1077387264,1158557696,1919565824,353296263
1786041960160669678,historyserver-demo-6785ff6464-zlj2n/historyserver,1030201344,1111371776,1919565824,353824469
1786041961202742762,historyserver-demo-6785ff6464-zlj2n/historyserver,1030201344,1111371776,1919565824,354347970
1786041962242638013,historyserver-demo-6785ff6464-zlj2n/historyserver,1030201344,1111371776,1919565824,354870780
1786041963283569055,historyserver-demo-6785ff6464-zlj2n/historyserver,1030201344,1111371776,1919565824,355393586
1786041964326766889,historyserver-demo-6785ff6464-zlj2n/historyserver,1007656960,1088827392,1919565824,355894620
1786041965368709042,historyserver-demo-6785ff6464-zlj2n/historyserver,1007656960,1088827392,1919565824,356422619
1786041966410721792,historyserver-demo-6785ff6464-zlj2n/historyserver,1007661056,1088831488,1919565824,356948189
1786041967451718834,historyserver-demo-6785ff6464-zlj2n/historyserver,1007661056,1088827392,1919565824,357468652
1786041968492644710,historyserver-demo-6785ff6464-zlj2n/historyserver,1007661056,1088831488,1919565824,357992435
1786041969532897127,historyserver-demo-6785ff6464-zlj2n/historyserver,1007661056,1088827392,1919565824,358499178
1786041970572743836,historyserver-demo-6785ff6464-zlj2n/historyserver,1031921664,1113088000,1919565824,359025071
1786041971610791170,historyserver-demo-6785ff6464-zlj2n/historyserver,1109143552,1190309888,1919565824,359546168
1786041972650712962,historyserver-demo-6785ff6464-zlj2n/historyserver,1151074304,1230180352,1919565824,360064276
1786041973689663296,historyserver-demo-6785ff6464-zlj2n/historyserver,1151078400,1230180352,1919565824,360587711
1786041974727649213,historyserver-demo-6785ff6464-zlj2n/historyserver,1151078400,1230180352,1919565824,361095675
1786041975766729588,historyserver-demo-6785ff6464-zlj2n/historyserver,1151078400,1230442496,1919565824,361624936
1786041976806731005,historyserver-demo-6785ff6464-zlj2n/historyserver,1151078400,1230184448,1919565824,362149550
1786041977845738381,historyserver-demo-6785ff6464-zlj2n/historyserver,1151078400,1230180352,1919565824,362675963
1786041978885693631,historyserver-demo-6785ff6464-zlj2n/historyserver,1044697088,1123799040,1919565824,363189351
1786041979925652257,historyserver-demo-6785ff6464-zlj2n/historyserver,988139520,1067241472,1919565824,363694340
1786041980964724257,historyserver-demo-6785ff6464-zlj2n/historyserver,988139520,1067245568,1919565824,364224151
1786041982005971091,historyserver-demo-6785ff6464-zlj2n/historyserver,988139520,1067241472,1919565824,364746848
1786041983046715342,historyserver-demo-6785ff6464-zlj2n/historyserver,988139520,1067245568,1919565824,365264126
1786041984089805426,historyserver-demo-6785ff6464-zlj2n/historyserver,988917760,1068810240,1919565824,365791463
1786041985132682343,historyserver-demo-6785ff6464-zlj2n/historyserver,1014849536,1094213632,1919565824,366298560
1786041986173847343,historyserver-demo-6785ff6464-zlj2n/historyserver,1041797120,1120903168,1919565824,366823945
1786041987216773344,historyserver-demo-6785ff6464-zlj2n/historyserver,1067954176,1147056128,1919565824,367346972
1786041988259740136,historyserver-demo-6785ff6464-zlj2n/historyserver,1088770048,1167974400,1919565824,367876598
1786041989301861636,historyserver-demo-6785ff6464-zlj2n/historyserver,1094344704,1173594112,1919565824,368400184
1786041990344088054,historyserver-demo-6785ff6464-zlj2n/historyserver,1101221888,1180729344,1919565824,368926162
1786041991385840471,historyserver-demo-6785ff6464-zlj2n/historyserver,1109094400,1188720640,1919565824,369442162
1786041992425668221,historyserver-demo-6785ff6464-zlj2n/historyserver,1114546176,1193648128,1919565824,369948667
1786041993472648097,historyserver-demo-6785ff6464-zlj2n/historyserver,1118642176,1197744128,1919565824,370476696
1786041994519756791,historyserver-demo-6785ff6464-zlj2n/historyserver,1118711808,1197813760,1919565824,370998408
1786041995559345042,historyserver-demo-6785ff6464-zlj2n/historyserver,1121923072,1201815552,1919565824,371522029
1786041996598995834,historyserver-demo-6785ff6464-zlj2n/historyserver,1142153216,1221464064,1919565824,372044715
1786041997637183668,historyserver-demo-6785ff6464-zlj2n/historyserver,1166073856,1245704192,1919565824,372546304
1786041998670983877,historyserver-demo-6785ff6464-zlj2n/historyserver,1185112064,1265004544,1919565824,373073811
1786041999702740835,historyserver-demo-6785ff6464-zlj2n/historyserver,1200660480,1280290816,1919565824,373591794
1786042000733802627,historyserver-demo-6785ff6464-zlj2n/historyserver,1216356352,1295454208,1919565824,374097049
1786042001770872836,historyserver-demo-6785ff6464-zlj2n/historyserver,1232134144,1311408128,1919565824,374626171
1786042002807892420,historyserver-demo-6785ff6464-zlj2n/historyserver,1249550336,1328648192,1919565824,375147419
1786042003847827004,historyserver-demo-6785ff6464-zlj2n/historyserver,1266475008,1345822720,1919565824,375665599
1786042004889884338,historyserver-demo-6785ff6464-zlj2n/historyserver,1284497408,1363914752,1919565824,376194458
1786042005937375547,historyserver-demo-6785ff6464-zlj2n/historyserver,1302192128,1381502976,1919565824,376708348
1786042006983598130,historyserver-demo-6785ff6464-zlj2n/historyserver,1320353792,1399508992,1919565824,377239722
1786042008031658548,historyserver-demo-6785ff6464-zlj2n/historyserver,1338179584,1417338880,1919565824,377750664
1786042009077828923,historyserver-demo-6785ff6464-zlj2n/historyserver,1357275136,1436491776,1919565824,378279143
1786042010122683257,historyserver-demo-6785ff6464-zlj2n/historyserver,1376034816,1455128576,1919565824,378796900
1786042011169846091,historyserver-demo-6785ff6464-zlj2n/historyserver,1394753536,1473847296,1919565824,379325650
1786042012215930925,historyserver-demo-6785ff6464-zlj2n/historyserver,1409998848,1489092608,1919565824,379847460
1786042013260764633,historyserver-demo-6785ff6464-zlj2n/historyserver,1414381568,1493475328,1919565824,380377913
1786042014303781176,historyserver-demo-6785ff6464-zlj2n/historyserver,1418665984,1497763840,1919565824,380898210
1786042015348746676,historyserver-demo-6785ff6464-zlj2n/historyserver,1422671872,1502052352,1919565824,381426810
1786042016390748093,historyserver-demo-6785ff6464-zlj2n/historyserver,1427214336,1506578432,1919565824,381948935
1786042017431742552,historyserver-demo-6785ff6464-zlj2n/historyserver,1431277568,1510379520,1919565824,382446695
1786042018471707053,historyserver-demo-6785ff6464-zlj2n/historyserver,1351528448,1430634496,1919565824,382974038
1786042019509891386,historyserver-demo-6785ff6464-zlj2n/historyserver,1351528448,1430634496,1919565824,383495828
1786042020547048054,historyserver-demo-6785ff6464-zlj2n/historyserver,1351528448,1430630400,1919565824,384006757
1786042021581899096,historyserver-demo-6785ff6464-zlj2n/historyserver,1351528448,1430630400,1919565824,384525115
1786042022611732596,historyserver-demo-6785ff6464-zlj2n/historyserver,1351528448,1430630400,1919565824,385044294
1786042023643998347,historyserver-demo-6785ff6464-zlj2n/historyserver,1351528448,1430634496,1919565824,385549243
1786042024674912625,historyserver-demo-6785ff6464-zlj2n/historyserver,1351528448,1430634496,1919565824,386073628
1786042025707010917,historyserver-demo-6785ff6464-zlj2n/historyserver,1351528448,1430630400,1919565824,386597576
1786042026741992792,historyserver-demo-6785ff6464-zlj2n/historyserver,1351528448,1430630400,1919565824,387103336
1786042027778029043,historyserver-demo-6785ff6464-zlj2n/historyserver,1351528448,1430638592,1919565824,387625685
1786042028816288752,historyserver-demo-6785ff6464-zlj2n/historyserver,1351528448,1430630400,1919565824,388146898
1786042029855044127,historyserver-demo-6785ff6464-zlj2n/historyserver,1351528448,1430634496,1919565824,388531411
1786042030894077211,historyserver-demo-6785ff6464-zlj2n/historyserver,1351528448,1430634496,1919565824,388531411
1786042031933990295,historyserver-demo-6785ff6464-zlj2n/historyserver,1351528448,1430634496,1919565824,388531411
1786042032972972795,historyserver-demo-6785ff6464-zlj2n/historyserver,1351528448,1430634496,1919565824,388531411
1786042034012077796,historyserver-demo-6785ff6464-zlj2n/historyserver,1351528448,1430634496,1919565824,388531411
1786042035052127171,historyserver-demo-6785ff6464-zlj2n/historyserver,1351528448,1430634496,1919565824,388531411
1786042036091541630,historyserver-demo-6785ff6464-zlj2n/historyserver,1351528448,1430634496,1919565824,388531411
1786042037145329089,historyserver-demo-6785ff6464-zlj2n/historyserver,1351528448,1430634496,1919565824,388531411
1786042038204715464,historyserver-demo-6785ff6464-zlj2n/historyserver,1351528448,1430634496,1919565824,388531411
1786042039271330257,historyserver-demo-6785ff6464-zlj2n/historyserver,1351528448,1430634496,1919565824,388531411
1786042040328958465,historyserver-demo-6785ff6464-zlj2n/historyserver,1344512000,1423618048,1919565824,388933886
1786042041389994383,historyserver-demo-6785ff6464-zlj2n/historyserver,1446166528,1525272576,1919565824,389467696
1786042042456330550,historyserver-demo-6785ff6464-zlj2n/historyserver,1360093184,1439199232,1919565824,389982417
1786042043519069967,historyserver-demo-6785ff6464-zlj2n/historyserver,1353113600,1432219648,1919565824,390516761
1786042044574204467,historyserver-demo-6785ff6464-zlj2n/historyserver,1045864448,1124970496,1919565824,391041182
1786042045625982093,historyserver-demo-6785ff6464-zlj2n/historyserver,1032896512,1112002560,1919565824,391568930
1786042046674121802,historyserver-demo-6785ff6464-zlj2n/historyserver,883949568,963055616,1919565824,392091021
1786042047718939886,historyserver-demo-6785ff6464-zlj2n/historyserver,681631744,760737792,1919565824,392615042
1786042048756931928,historyserver-demo-6785ff6464-zlj2n/historyserver,681631744,760737792,1919565824,393132705
1786042049791810762,historyserver-demo-6785ff6464-zlj2n/historyserver,681631744,760737792,1919565824,393643026
1786042050825908512,historyserver-demo-6785ff6464-zlj2n/historyserver,681631744,760741888,1919565824,394168503
1786042051856916804,historyserver-demo-6785ff6464-zlj2n/historyserver,681631744,760741888,1919565824,394683010
1786042052888954055,historyserver-demo-6785ff6464-zlj2n/historyserver,681631744,760737792,1919565824,395189459
1786042053922979014,historyserver-demo-6785ff6464-zlj2n/historyserver,681631744,760741888,1919565824,395714311
1786042054956561208,historyserver-demo-6785ff6464-zlj2n/historyserver,682180608,761692160,1919565824,396234153
1786042055990408209,historyserver-demo-6785ff6464-zlj2n/historyserver,691077120,770473984,1919565824,396748566
1786042057023510584,historyserver-demo-6785ff6464-zlj2n/historyserver,700092416,779354112,1919565824,397270324
1786042058057296001,historyserver-demo-6785ff6464-zlj2n/historyserver,701816832,781336576,1919565824,397783211
1786042059090166377,historyserver-demo-6785ff6464-zlj2n/historyserver,717271040,796643328,1919565824,398292117
1786042060124191961,historyserver-demo-6785ff6464-zlj2n/historyserver,743587840,822824960,1919565824,398819013
1786042061159234961,historyserver-demo-6785ff6464-zlj2n/historyserver,775520256,855560192,1919565824,399332428
1786042062194159253,historyserver-demo-6785ff6464-zlj2n/historyserver,807874560,887148544,1919565824,399847074
1786042063231206129,historyserver-demo-6785ff6464-zlj2n/historyserver,840749056,919855104,1919565824,400367791
1786042064268204879,historyserver-demo-6785ff6464-zlj2n/historyserver,872714240,951820288,1919565824,400880936
1786042065306204421,historyserver-demo-6785ff6464-zlj2n/historyserver,905715712,985694208,1919565824,401409282
1786042066344151797,historyserver-demo-6785ff6464-zlj2n/historyserver,937533440,1017163776,1919565824,401927233
1786042067382229631,historyserver-demo-6785ff6464-zlj2n/historyserver,963112960,1042186240,1919565824,402441806
1786042068423266089,historyserver-demo-6785ff6464-zlj2n/historyserver,987869184,1066975232,1919565824,402967937
1786042069463191507,historyserver-demo-6785ff6464-zlj2n/historyserver,1012449280,1091559424,1919565824,403482248
1786042070501263715,historyserver-demo-6785ff6464-zlj2n/historyserver,1036906496,1116647424,1919565824,404005694
1786042071540262883,historyserver-demo-6785ff6464-zlj2n/historyserver,1052618752,1131982848,1919565824,404530851
1786042072579192216,historyserver-demo-6785ff6464-zlj2n/historyserver,1058156544,1137520640,1919565824,405038453
1786042073618166675,historyserver-demo-6785ff6464-zlj2n/historyserver,1063645184,1142747136,1919565824,405568470
1786042074658108842,historyserver-demo-6785ff6464-zlj2n/historyserver,1069391872,1148751872,1919565824,406083895
1786042075697551468,historyserver-demo-6785ff6464-zlj2n/historyserver,1074073600,1153179648,1919565824,406601552
1786042076734860802,historyserver-demo-6785ff6464-zlj2n/historyserver,1074073600,1153179648,1919565824,407117672
1786042077772685177,historyserver-demo-6785ff6464-zlj2n/historyserver,1074077696,1153179648,1919565824,407632164
1786042078809647469,historyserver-demo-6785ff6464-zlj2n/historyserver,1074106368,1153216512,1919565824,408166584
1786042079847407053,historyserver-demo-6785ff6464-zlj2n/historyserver,1074139136,1153241088,1919565824,408678496
1786042080884339887,historyserver-demo-6785ff6464-zlj2n/historyserver,1074229248,1153335296,1919565824,409186954
1786042081919676179,historyserver-demo-6785ff6464-zlj2n/historyserver,1093074944,1172180992,1919565824,409716839
1786042082956216388,historyserver-demo-6785ff6464-zlj2n/historyserver,1116508160,1195610112,1919565824,410233935
1786042083993647930,historyserver-demo-6785ff6464-zlj2n/historyserver,1138925568,1218015232,1919565824,410746509
1786042085028419333,historyserver-demo-6785ff6464-zlj2n/historyserver,1162158080,1241260032,1919565824,411268895
1786042086068258084,historyserver-demo-6785ff6464-zlj2n/historyserver,1185349632,1264455680,1919565824,411783631
1786042087104894709,historyserver-demo-6785ff6464-zlj2n/historyserver,1208782848,1288089600,1919565824,412310106
1786042088142393376,historyserver-demo-6785ff6464-zlj2n/historyserver,1231613952,1310916608,1919565824,412825811
1786042089180434377,historyserver-demo-6785ff6464-zlj2n/historyserver,1253367808,1333227520,1919565824,413334465
1786042090216230461,historyserver-demo-6785ff6464-zlj2n/historyserver,1278234624,1357352960,1919565824,413868338
1786042091252210794,historyserver-demo-6785ff6464-zlj2n/historyserver,1301463040,1380745216,1919565824,414380229
1786042092286429128,historyserver-demo-6785ff6464-zlj2n/historyserver,1323806720,1402904576,1919565824,414890782
1786042093324473920,historyserver-demo-6785ff6464-zlj2n/historyserver,1344405504,1423507456,1919565824,415417256
1786042094360255838,historyserver-demo-6785ff6464-zlj2n/historyserver,1344479232,1423581184,1919565824,415932036
1786042095396210005,historyserver-demo-6785ff6464-zlj2n/historyserver,1351180288,1430421504,1919565824,416449638
1786042096432403755,historyserver-demo-6785ff6464-zlj2n/historyserver,1367359488,1447063552,1919565824,416968112
1786042097470525381,historyserver-demo-6785ff6464-zlj2n/historyserver,1372934144,1452740608,1919565824,417485565
1786042098508757840,historyserver-demo-6785ff6464-zlj2n/historyserver,1378332672,1457434624,1919565824,418017566
1786042099548156048,historyserver-demo-6785ff6464-zlj2n/historyserver,1382944768,1462046720,1919565824,418534341
1786042100585089007,historyserver-demo-6785ff6464-zlj2n/historyserver,1387143168,1466990592,1919565824,419047461
1786042101621413549,historyserver-demo-6785ff6464-zlj2n/historyserver,1391042560,1470148608,1919565824,419567156
1786042102659606675,historyserver-demo-6785ff6464-zlj2n/historyserver,1391091712,1470189568,1919565824,420082869
1786042103697469467,historyserver-demo-6785ff6464-zlj2n/historyserver,1554714624,1633824768,1919565824,420600793
1786042104734264884,historyserver-demo-6785ff6464-zlj2n/historyserver,1554718720,1633828864,1919565824,421118082
1786042105771358426,historyserver-demo-6785ff6464-zlj2n/historyserver,1554874368,1633980416,1919565824,421634101
1786042106808668802,historyserver-demo-6785ff6464-zlj2n/historyserver,1554915328,1634299904,1919565824,422163974
1786042107845495094,historyserver-demo-6785ff6464-zlj2n/historyserver,1555189760,1634291712,1919565824,422676313
1786042108882482511,historyserver-demo-6785ff6464-zlj2n/historyserver,1555189760,1634291712,1919565824,423187747
1786042109920251220,historyserver-demo-6785ff6464-zlj2n/historyserver,1555206144,1634316288,1919565824,423717268
1786042110957471637,historyserver-demo-6785ff6464-zlj2n/historyserver,1555206144,1634316288,1919565824,424235892
1786042111996133554,historyserver-demo-6785ff6464-zlj2n/historyserver,1555226624,1634332672,1919565824,424751820
1786042113034265846,historyserver-demo-6785ff6464-zlj2n/historyserver,1555288064,1634394112,1919565824,425269578
1786042114072495889,historyserver-demo-6785ff6464-zlj2n/historyserver,1555288064,1634394112,1919565824,425783006
1786042115109923791,historyserver-demo-6785ff6464-zlj2n/historyserver,1555288064,1634394112,1919565824,426320521
1786042116149326084,historyserver-demo-6785ff6464-zlj2n/historyserver,1555300352,1634410496,1919565824,426833569
1786042117186418417,historyserver-demo-6785ff6464-zlj2n/historyserver,1500573696,1579679744,1919565824,427342120
1786042118224293043,historyserver-demo-6785ff6464-zlj2n/historyserver,1500573696,1579679744,1919565824,427867034
1786042119261822127,historyserver-demo-6785ff6464-zlj2n/historyserver,1500573696,1579679744,1919565824,428382676
1786042120299322294,historyserver-demo-6785ff6464-zlj2n/historyserver,1500577792,1579950080,1919565824,428903697
1786042121339120919,historyserver-demo-6785ff6464-zlj2n/historyserver,1500577792,1579683840,1919565824,429422153
1786042122377766503,historyserver-demo-6785ff6464-zlj2n/historyserver,1500581888,1579687936,1919565824,429935577
1786042123415566962,historyserver-demo-6785ff6464-zlj2n/historyserver,1500581888,1579692032,1919565824,430468337
1786042124452626754,historyserver-demo-6785ff6464-zlj2n/historyserver,1500585984,1579696128,1919565824,430985717
1786042125489595171,historyserver-demo-6785ff6464-zlj2n/historyserver,1500590080,1579696128,1919565824,431494616
1786042126527038214,historyserver-demo-6785ff6464-zlj2n/historyserver,1500590080,1579700224,1919565824,432017246
1786042127564325131,historyserver-demo-6785ff6464-zlj2n/historyserver,1500598272,1579704320,1919565824,432533381
1786042128601787298,historyserver-demo-6785ff6464-zlj2n/historyserver,1500602368,1579712512,1919565824,433057633
1786042129640425298,historyserver-demo-6785ff6464-zlj2n/historyserver,1500614656,1584263168,1919565824,433580482
1786042130678365674,historyserver-demo-6785ff6464-zlj2n/historyserver,1500614656,1586003968,1919565824,434085154
1786042131714447091,historyserver-demo-6785ff6464-zlj2n/historyserver,1587146752,1666248704,1919565824,434617837
1786042132752439092,historyserver-demo-6785ff6464-zlj2n/historyserver,1493397504,1572499456,1919565824,435136136
1786042133790400175,historyserver-demo-6785ff6464-zlj2n/historyserver,1620631552,1699737600,1919565824,435643454
1786042134826429093,historyserver-demo-6785ff6464-zlj2n/historyserver,1620631552,1699737600,1919565824,436166909
1786042135863390926,historyserver-demo-6785ff6464-zlj2n/historyserver,1620631552,1699737600,1919565824,436684368
1786042136900429385,historyserver-demo-6785ff6464-zlj2n/historyserver,1620631552,1699737600,1919565824,437206557
1786042137937407011,historyserver-demo-6785ff6464-zlj2n/historyserver,1620647936,1699753984,1919565824,437718633
1786042138974524220,historyserver-demo-6785ff6464-zlj2n/historyserver,1620647936,1699753984,1919565824,438233643
1786042140011471762,historyserver-demo-6785ff6464-zlj2n/historyserver,1620647936,1699758080,1919565824,438765167
1786042141046602929,historyserver-demo-6785ff6464-zlj2n/historyserver,1620647936,1699753984,1919565824,439280032
1786042142085090638,historyserver-demo-6785ff6464-zlj2n/historyserver,1620647936,1699758080,1919565824,439792460
1786042143122375430,historyserver-demo-6785ff6464-zlj2n/historyserver,1620647936,1699753984,1919565824,440317316
1786042144159472930,historyserver-demo-6785ff6464-zlj2n/historyserver,1620647936,1699753984,1919565824,440833621
1786042145198663000,historyserver-demo-6785ff6464-zlj2n/historyserver,1620647936,1699758080,1919565824,441354307
1786042146235632625,historyserver-demo-6785ff6464-zlj2n/historyserver,1620647936,1699753984,1919565824,441867734
1786042147272764501,historyserver-demo-6785ff6464-zlj2n/historyserver,1620660224,1699766272,1919565824,442385044
1786042148311688376,historyserver-demo-6785ff6464-zlj2n/historyserver,1620660224,1699770368,1919565824,442919266
1786042149350797668,historyserver-demo-6785ff6464-zlj2n/historyserver,1620660224,1700028416,1919565824,443436545
1786042150389679461,historyserver-demo-6785ff6464-zlj2n/historyserver,1620660224,1699766272,1919565824,443960810
1786042151429634919,historyserver-demo-6785ff6464-zlj2n/historyserver,1620660224,1699766272,1919565824,444468589
1786042152469601045,historyserver-demo-6785ff6464-zlj2n/historyserver,1611157504,1690263552,1919565824,444984609
1786042153516654004,historyserver-demo-6785ff6464-zlj2n/historyserver,1473736704,1552846848,1919565824,445517482
1786042154556798796,historyserver-demo-6785ff6464-zlj2n/historyserver,1473736704,1552842752,1919565824,446033946
1786042155596767546,historyserver-demo-6785ff6464-zlj2n/historyserver,1473884160,1552994304,1919565824,446555848
1786042156638717714,historyserver-demo-6785ff6464-zlj2n/historyserver,1473884160,1552990208,1919565824,447074280
1786042157679688839,historyserver-demo-6785ff6464-zlj2n/historyserver,1473884160,1552990208,1919565824,447588233
1786042158721681923,historyserver-demo-6785ff6464-zlj2n/historyserver,1473884160,1552990208,1919565824,448117505
1786042159763625840,historyserver-demo-6785ff6464-zlj2n/historyserver,1473884160,1552994304,1919565824,448634667
1786042160807676007,historyserver-demo-6785ff6464-zlj2n/historyserver,1487867904,1566973952,1919565824,449164624
1786042161850639258,historyserver-demo-6785ff6464-zlj2n/historyserver,1503948800,1583284224,1919565824,449684199
1786042162893684967,historyserver-demo-6785ff6464-zlj2n/historyserver,1522503680,1601777664,1919565824,450204165
1786042163937647259,historyserver-demo-6785ff6464-zlj2n/historyserver,1541517312,1620692992,1919565824,450724724
1786042164979681759,historyserver-demo-6785ff6464-zlj2n/historyserver,1561219072,1640402944,1919565824,451240710
1786042166022689885,historyserver-demo-6785ff6464-zlj2n/historyserver,1581379584,1660481536,1919565824,451769037
1786042167064625510,historyserver-demo-6785ff6464-zlj2n/historyserver,1598312448,1677414400,1919565824,452284148
1786042168109611261,historyserver-demo-6785ff6464-zlj2n/historyserver,1602322432,1681424384,1919565824,452817559
1786042169153849928,historyserver-demo-6785ff6464-zlj2n/historyserver,1609646080,1688748032,1919565824,453334444
1786042170197746512,historyserver-demo-6785ff6464-zlj2n/historyserver,1573380096,1652482048,1919565824,453869822
1786042171242785096,historyserver-demo-6785ff6464-zlj2n/historyserver,1569644544,1648742400,1919565824,454385386
1786042172286671971,historyserver-demo-6785ff6464-zlj2n/historyserver,1538318336,1617420288,1919565824,454911198
1786042173329723805,historyserver-demo-6785ff6464-zlj2n/historyserver,1478541312,1557639168,1919565824,455420820
1786042174372965097,historyserver-demo-6785ff6464-zlj2n/historyserver,1482899456,1561997312,1919565824,455935336
1786042175417678625,historyserver-demo-6785ff6464-zlj2n/historyserver,1487831040,1566928896,1919565824,456466398
1786042176463077750,historyserver-demo-6785ff6464-zlj2n/historyserver,1490411520,1569509376,1919565824,456985386
1786042177510263209,historyserver-demo-6785ff6464-zlj2n/historyserver,1418256384,1497358336,1919565824,457516494
1786042178554035168,historyserver-demo-6785ff6464-zlj2n/historyserver,1418256384,1497358336,1919565824,458034034
1786042179599150502,historyserver-demo-6785ff6464-zlj2n/historyserver,1418260480,1497391104,1919565824,458565550
1786042180643498836,historyserver-demo-6785ff6464-zlj2n/historyserver,1418260480,1497370624,1919565824,459083356
1786042181688022295,historyserver-demo-6785ff6464-zlj2n/historyserver,1418260480,1497366528,1919565824,459601952
1786042182733008878,historyserver-demo-6785ff6464-zlj2n/historyserver,1418260480,1497366528,1919565824,460122570
1786042183777997671,historyserver-demo-6785ff6464-zlj2n/historyserver,1418260480,1497366528,1919565824,460638900
1786042184821807546,historyserver-demo-6785ff6464-zlj2n/historyserver,1418260480,1497366528,1919565824,461165346
1786042185864781047,historyserver-demo-6785ff6464-zlj2n/historyserver,1418260480,1497370624,1919565824,461661492
1786042186907043172,historyserver-demo-6785ff6464-zlj2n/historyserver,1418260480,1497370624,1919565824,461661492
1786042187950932506,historyserver-demo-6785ff6464-zlj2n/historyserver,1418260480,1497370624,1919565824,461661492
1786042188991876673,historyserver-demo-6785ff6464-zlj2n/historyserver,1418260480,1497370624,1919565824,461661492
1786042190212639132,historyserver-demo-6785ff6464-zlj2n/historyserver,1418260480,1497370624,1919565824,461661492
1786042192448905341,historyserver-demo-6785ff6464-zlj2n/historyserver,1418260480,1497370624,1919565824,461661492
1786042193529022425,historyserver-demo-6785ff6464-zlj2n/historyserver,1418260480,1497370624,1919565824,461661492
1786042194568864467,historyserver-demo-6785ff6464-zlj2n/historyserver,1418260480,1497370624,1919565824,461661492
1786042195607819260,historyserver-demo-6785ff6464-zlj2n/historyserver,1418260480,1497370624,1919565824,461661492
1786042196655788635,historyserver-demo-6785ff6464-zlj2n/historyserver,1545437184,1624547328,1919565824,462103878
1786042197693813094,historyserver-demo-6785ff6464-zlj2n/historyserver,1530314752,1609424896,1919565824,462635264
1786042198735084261,historyserver-demo-6785ff6464-zlj2n/historyserver,1386987520,1466097664,1919565824,463133637
1786042199774804303,historyserver-demo-6785ff6464-zlj2n/historyserver,1430552576,1509666816,1919565824,463652732
1786042200810817679,historyserver-demo-6785ff6464-zlj2n/historyserver,1430552576,1509666816,1919565824,464182628
1786042201847661179,historyserver-demo-6785ff6464-zlj2n/historyserver,1430552576,1509662720,1919565824,464703192
1786042202895949180,historyserver-demo-6785ff6464-zlj2n/historyserver,1430552576,1509666816,1919565824,465222571
1786042203936808805,historyserver-demo-6785ff6464-zlj2n/historyserver,1430552576,1509662720,1919565824,465737145
1786042204977905125,historyserver-demo-6785ff6464-zlj2n/historyserver,1430552576,1509662720,1919565824,466254445
1786042206021080542,historyserver-demo-6785ff6464-zlj2n/historyserver,1430552576,1509662720,1919565824,466781265
1786042207064872501,historyserver-demo-6785ff6464-zlj2n/historyserver,1427406848,1506516992,1919565824,467303070
1786042208106063293,historyserver-demo-6785ff6464-zlj2n/historyserver,1103777792,1182892032,1919565824,467833820
1786042209147007127,historyserver-demo-6785ff6464-zlj2n/historyserver,1088729088,1167843328,1919565824,468346767
1786042210187895461,historyserver-demo-6785ff6464-zlj2n/historyserver,985427968,1064538112,1919565824,468862252
1786042211227798586,historyserver-demo-6785ff6464-zlj2n/historyserver,970731520,1049841664,1919565824,469385532
1786042212265946045,historyserver-demo-6785ff6464-zlj2n/historyserver,812314624,891424768,1919565824,469900715
1786042213305909670,historyserver-demo-6785ff6464-zlj2n/historyserver,789245952,868364288,1919565824,470432231
1786042214345932088,historyserver-demo-6785ff6464-zlj2n/historyserver,789245952,868356096,1919565824,470940631
1786042215382886463,historyserver-demo-6785ff6464-zlj2n/historyserver,789245952,868356096,1919565824,471456838
1786042216420073839,historyserver-demo-6785ff6464-zlj2n/historyserver,808357888,888348672,1919565824,471982129
1786042217455102506,historyserver-demo-6785ff6464-zlj2n/historyserver,820346880,899940352,1919565824,472503284
1786042218489990756,historyserver-demo-6785ff6464-zlj2n/historyserver,827904000,907014144,1919565824,473017547
1786042219524899840,historyserver-demo-6785ff6464-zlj2n/historyserver,834826240,913936384,1919565824,473531787
1786042220557944299,historyserver-demo-6785ff6464-zlj2n/historyserver,837955584,917491712,1919565824,474052032
1786042221592110508,historyserver-demo-6785ff6464-zlj2n/historyserver,853037056,932671488,1919565824,474559929
1786042222626825758,historyserver-demo-6785ff6464-zlj2n/historyserver,876306432,955449344,1919565824,475082190
1786042223661083634,historyserver-demo-6785ff6464-zlj2n/historyserver,906072064,985722880,1919565824,475602960
1786042224694953009,historyserver-demo-6785ff6464-zlj2n/historyserver,937644032,1017524224,1919565824,476115223
1786042225728907760,historyserver-demo-6785ff6464-zlj2n/historyserver,968720384,1047830528,1919565824,476631642
1786042226762027052,historyserver-demo-6785ff6464-zlj2n/historyserver,992669696,1072316416,1919565824,477152412
1786042227794881719,historyserver-demo-6785ff6464-zlj2n/historyserver,1016356864,1095946240,1919565824,477664162
1786042228828838803,historyserver-demo-6785ff6464-zlj2n/historyserver,1040633856,1119739904,1919565824,478184375
1786042229863968095,historyserver-demo-6785ff6464-zlj2n/historyserver,1064267776,1143496704,1919565824,478702810
1786042230898086179,historyserver-demo-6785ff6464-zlj2n/historyserver,1087225856,1166721024,1919565824,479215254
1786042231932127971,historyserver-demo-6785ff6464-zlj2n/historyserver,1111674880,1190780928,1919565824,479734728
1786042232966984805,historyserver-demo-6785ff6464-zlj2n/historyserver,1136066560,1215176704,1919565824,480252870
1786042234001126347,historyserver-demo-6785ff6464-zlj2n/historyserver,1160237056,1239687168,1919565824,480772670
1786042235036318333,historyserver-demo-6785ff6464-zlj2n/historyserver,1183764480,1262870528,1919565824,481281618
1786042236073214000,historyserver-demo-6785ff6464-zlj2n/historyserver,1207959552,1287065600,1919565824,481803676
1786042237111172751,historyserver-demo-6785ff6464-zlj2n/historyserver,1215234048,1294340096,1919565824,482335298
1786042238154432460,historyserver-demo-6785ff6464-zlj2n/historyserver,1220481024,1299664896,1919565824,482854362
1786042239192112543,historyserver-demo-6785ff6464-zlj2n/historyserver,1226166272,1305403392,1919565824,483383746
1786042240232133919,historyserver-demo-6785ff6464-zlj2n/historyserver,1232056320,1311162368,1919565824,483884184
1786042241271293461,historyserver-demo-6785ff6464-zlj2n/historyserver,1233707008,1312813056,1919565824,484403945
1786042242311139628,historyserver-demo-6785ff6464-zlj2n/historyserver,1233784832,1312894976,1919565824,484931690
1786042243351100254,historyserver-demo-6785ff6464-zlj2n/historyserver,1233793024,1313161216,1919565824,485449759
1786042244390182629,historyserver-demo-6785ff6464-zlj2n/historyserver,1233801216,1312907264,1919565824,485962607
1786042245429144963,historyserver-demo-6785ff6464-zlj2n/historyserver,1233801216,1312907264,1919565824,486483627
1786042246469063630,historyserver-demo-6785ff6464-zlj2n/historyserver,1233866752,1312976896,1919565824,487001836
1786042247508174797,historyserver-demo-6785ff6464-zlj2n/historyserver,1233866752,1312980992,1919565824,487531031
1786042248548301423,historyserver-demo-6785ff6464-zlj2n/historyserver,1233866752,1312972800,1919565824,488047142
1786042249587121132,historyserver-demo-6785ff6464-zlj2n/historyserver,1233866752,1312972800,1919565824,488562652
1786042250626230924,historyserver-demo-6785ff6464-zlj2n/historyserver,1238261760,1317367808,1919565824,489084340
1786042251667123924,historyserver-demo-6785ff6464-zlj2n/historyserver,1259925504,1339035648,1919565824,489602630
1786042252707193550,historyserver-demo-6785ff6464-zlj2n/historyserver,1283215360,1362493440,1919565824,490133277
1786042253746194342,historyserver-demo-6785ff6464-zlj2n/historyserver,1307357184,1386659840,1919565824,490644076
1786042254783150426,historyserver-demo-6785ff6464-zlj2n/historyserver,1329913856,1409019904,1919565824,491185002
1786042255871237051,historyserver-demo-6785ff6464-zlj2n/historyserver,1344040960,1423147008,1919565824,491700673
1786042256912125010,historyserver-demo-6785ff6464-zlj2n/historyserver,1366204416,1445416960,1919565824,492232002
1786042257950186552,historyserver-demo-6785ff6464-zlj2n/historyserver,1387610112,1466716160,1919565824,492753663
1786042259002181720,historyserver-demo-6785ff6464-zlj2n/historyserver,1409708032,1488986112,1919565824,493277535
1786042260041106845,historyserver-demo-6785ff6464-zlj2n/historyserver,1478197248,1557303296,1919565824,493801572
1786042261082149096,historyserver-demo-6785ff6464-zlj2n/historyserver,1558220800,1637326848,1919565824,494310634
1786042262121238346,historyserver-demo-6785ff6464-zlj2n/historyserver,1542328320,1621434368,1919565824,494832154
1786042263163515055,historyserver-demo-6785ff6464-zlj2n/historyserver,1364381696,1443487744,1919565824,495352433
1786042264204570764,historyserver-demo-6785ff6464-zlj2n/historyserver,1355665408,1434775552,1919565824,495880535
1786042265246359125,historyserver-demo-6785ff6464-zlj2n/historyserver,1351274496,1430380544,1919565824,496395340
1786042266285729042,historyserver-demo-6785ff6464-zlj2n/historyserver,1276178432,1355288576,1919565824,496910537
1786042267325426376,historyserver-demo-6785ff6464-zlj2n/historyserver,1276178432,1355288576,1919565824,497432074
1786042268366658960,historyserver-demo-6785ff6464-zlj2n/historyserver,1276178432,1355292672,1919565824,497954413
1786042269406745794,historyserver-demo-6785ff6464-zlj2n/historyserver,1276178432,1355292672,1919565824,498482712
1786042270450333377,historyserver-demo-6785ff6464-zlj2n/historyserver,1272442880,1351553024,1919565824,499005724
1786042271488641128,historyserver-demo-6785ff6464-zlj2n/historyserver,1199435776,1278545920,1919565824,499524916
1786042272529342712,historyserver-demo-6785ff6464-zlj2n/historyserver,1127346176,1206456320,1919565824,500033722
1786042273569260254,historyserver-demo-6785ff6464-zlj2n/historyserver,1127346176,1206460416,1919565824,500553027
1786042274609264713,historyserver-demo-6785ff6464-zlj2n/historyserver,1127346176,1206460416,1919565824,501081873
1786042275648181255,historyserver-demo-6785ff6464-zlj2n/historyserver,1127346176,1206456320,1919565824,501596748
1786042276687569464,historyserver-demo-6785ff6464-zlj2n/historyserver,1127346176,1206460416,1919565824,502111090
1786042277727405881,historyserver-demo-6785ff6464-zlj2n/historyserver,1127346176,1206456320,1919565824,502631331
1786042278766441465,historyserver-demo-6785ff6464-zlj2n/historyserver,1127346176,1206460416,1919565824,503151386
1786042279805782923,historyserver-demo-6785ff6464-zlj2n/historyserver,1127346176,1206464512,1919565824,503679304
1786042280845338716,historyserver-demo-6785ff6464-zlj2n/historyserver,1127346176,1206456320,1919565824,504194924
1786042281884518299,historyserver-demo-6785ff6464-zlj2n/historyserver,1127346176,1206456320,1919565824,504707361
1786042282923571967,historyserver-demo-6785ff6464-zlj2n/historyserver,1127346176,1206456320,1919565824,505234414
1786042283962687175,historyserver-demo-6785ff6464-zlj2n/historyserver,1127346176,1206456320,1919565824,505752594
1786042285003811801,historyserver-demo-6785ff6464-zlj2n/historyserver,1127346176,1206460416,1919565824,506282798
1786042286045121468,historyserver-demo-6785ff6464-zlj2n/historyserver,1127346176,1206460416,1919565824,506803073
1786042287086523177,historyserver-demo-6785ff6464-zlj2n/historyserver,1127346176,1206452224,1919565824,507324037
1786042288127368011,historyserver-demo-6785ff6464-zlj2n/historyserver,1127346176,1206452224,1919565824,507833251
1786042289168291511,historyserver-demo-6785ff6464-zlj2n/historyserver,1004621824,1083731968,1919565824,508354582
1786042290207212803,historyserver-demo-6785ff6464-zlj2n/historyserver,1004621824,1083731968,1919565824,508883068
1786042291246330596,historyserver-demo-6785ff6464-zlj2n/historyserver,1092046848,1171156992,1919565824,509391994
1786042292289417304,historyserver-demo-6785ff6464-zlj2n/historyserver,1062977536,1142083584,1919565824,509933141
1786042293331395555,historyserver-demo-6785ff6464-zlj2n/historyserver,1210023936,1289129984,1919565824,510433285
1786042294370395972,historyserver-demo-6785ff6464-zlj2n/historyserver,1129603072,1206636544,1919565824,510951825
1786042295409527125,historyserver-demo-6785ff6464-zlj2n/historyserver,1129603072,1206636544,1919565824,511484592
1786042296452090375,historyserver-demo-6785ff6464-zlj2n/historyserver,1129603072,1206636544,1919565824,512006432
1786042297491755709,historyserver-demo-6785ff6464-zlj2n/historyserver,1129603072,1206644736,1919565824,512533339
1786042298531791043,historyserver-demo-6785ff6464-zlj2n/historyserver,1085562880,1162596352,1919565824,513033868
1786042299571466294,historyserver-demo-6785ff6464-zlj2n/historyserver,1071005696,1148039168,1919565824,513551339
1786042300610857294,historyserver-demo-6785ff6464-zlj2n/historyserver,1071005696,1148043264,1919565824,514082593
1786042301650534211,historyserver-demo-6785ff6464-zlj2n/historyserver,1071005696,1148043264,1919565824,514595966
1786042302689653087,historyserver-demo-6785ff6464-zlj2n/historyserver,1071005696,1148039168,1919565824,515115262
1786042303729679671,historyserver-demo-6785ff6464-zlj2n/historyserver,1071005696,1148039168,1919565824,515631905
1786042304770534546,historyserver-demo-6785ff6464-zlj2n/historyserver,1071005696,1148043264,1919565824,516151446
1786042305808942380,historyserver-demo-6785ff6464-zlj2n/historyserver,1071263744,1148305408,1919565824,516682027
1786042306847837089,historyserver-demo-6785ff6464-zlj2n/historyserver,1063952384,1140985856,1919565824,517205065
1786042307890600839,historyserver-demo-6785ff6464-zlj2n/historyserver,1071902720,1149116416,1919565824,517732570
1786042308932476298,historyserver-demo-6785ff6464-zlj2n/historyserver,1078329344,1155362816,1919565824,518232598
1786042309972768215,historyserver-demo-6785ff6464-zlj2n/historyserver,1086443520,1163476992,1919565824,518753113
1786042311015325549,historyserver-demo-6785ff6464-zlj2n/historyserver,1094287360,1171320832,1919565824,519284247
1786042312058473633,historyserver-demo-6785ff6464-zlj2n/historyserver,1095827456,1172865024,1919565824,519803982
1786042313097557008,historyserver-demo-6785ff6464-zlj2n/historyserver,1095897088,1173192704,1919565824,520321802
1786042314136532634,historyserver-demo-6785ff6464-zlj2n/historyserver,1107025920,1184301056,1919565824,520836008
1786042315176525051,historyserver-demo-6785ff6464-zlj2n/historyserver,1129431040,1206464512,1919565824,521355468
1786042316218458968,historyserver-demo-6785ff6464-zlj2n/historyserver,1156075520,1233113088,1919565824,521883199
1786042317258684385,historyserver-demo-6785ff6464-zlj2n/historyserver,1183612928,1260679168,1919565824,522403046
1786042318297839219,historyserver-demo-6785ff6464-zlj2n/historyserver,1209823232,1287036928,1919565824,522923953
1786042319336675178,historyserver-demo-6785ff6464-zlj2n/historyserver,1230061568,1307086848,1919565824,523432091
1786042320374983137,historyserver-demo-6785ff6464-zlj2n/historyserver,1245380608,1322418176,1919565824,523953940
1786042321414875721,historyserver-demo-6785ff6464-zlj2n/historyserver,1262641152,1339678720,1919565824,524482570
1786042322455477221,historyserver-demo-6785ff6464-zlj2n/historyserver,1279877120,1356906496,1919565824,525002735
1786042323495602180,historyserver-demo-6785ff6464-zlj2n/historyserver,1298300928,1375526912,1919565824,525520418
1786042324534607291,historyserver-demo-6785ff6464-zlj2n/historyserver,1317822464,1394851840,1919565824,526033005
1786042325573039458,historyserver-demo-6785ff6464-zlj2n/historyserver,1338056704,1415090176,1919565824,526552325
1786042326613056292,historyserver-demo-6785ff6464-zlj2n/historyserver,1350787072,1427816448,1919565824,527083928
1786042327657859876,historyserver-demo-6785ff6464-zlj2n/historyserver,1354940416,1431965696,1919565824,527606320
1786042328698810918,historyserver-demo-6785ff6464-zlj2n/historyserver,1359429632,1436459008,1919565824,528137252
1786042329739703169,historyserver-demo-6785ff6464-zlj2n/historyserver,1364369408,1441550336,1919565824,528647763
1786042330780876586,historyserver-demo-6785ff6464-zlj2n/historyserver,1369407488,1446621184,1919565824,529164699
1786042331822965711,historyserver-demo-6785ff6464-zlj2n/historyserver,1375354880,1452380160,1919565824,529682723
1786042332864011712,historyserver-demo-6785ff6464-zlj2n/historyserver,1379467264,1456508928,1919565824,530206255
1786042333908126379,historyserver-demo-6785ff6464-zlj2n/historyserver,1379483648,1456513024,1919565824,530732190
1786042334947970463,historyserver-demo-6785ff6464-zlj2n/historyserver,1379483648,1456508928,1919565824,531245135
1786042335987888088,historyserver-demo-6785ff6464-zlj2n/historyserver,1379483648,1456517120,1919565824,531762885
1786042337027592297,historyserver-demo-6785ff6464-zlj2n/historyserver,1379483648,1456517120,1919565824,532281320
1786042338069674339,historyserver-demo-6785ff6464-zlj2n/historyserver,1379483648,1456521216,1919565824,532803084
1786042339108524840,historyserver-demo-6785ff6464-zlj2n/historyserver,1379483648,1456521216,1919565824,533332383
1786042340148776674,historyserver-demo-6785ff6464-zlj2n/historyserver,1379483648,1456521216,1919565824,533848645
1786042341189022591,historyserver-demo-6785ff6464-zlj2n/historyserver,1379483648,1456517120,1919565824,534364614
1786042342227851258,historyserver-demo-6785ff6464-zlj2n/historyserver,1379483648,1456517120,1919565824,534883281
1786042343268300967,historyserver-demo-6785ff6464-zlj2n/historyserver,1394860032,1471897600,1919565824,535403372
1786042344308488009,historyserver-demo-6785ff6464-zlj2n/historyserver,1414742016,1492008960,1919565824,535931667
1786042345348627301,historyserver-demo-6785ff6464-zlj2n/historyserver,1434779648,1511821312,1919565824,536444575
1786042346389153718,historyserver-demo-6785ff6464-zlj2n/historyserver,1455013888,1532203008,1919565824,536964787
1786042347516202219,historyserver-demo-6785ff6464-zlj2n/historyserver,1462198272,1539231744,1919565824,537766234
1786042349053015761,historyserver-demo-6785ff6464-zlj2n/historyserver,1478483968,1555730432,1919565824,538299191
1786042350131807053,historyserver-demo-6785ff6464-zlj2n/historyserver,1482735616,1559777280,1919565824,538416581
1786042351207604262,historyserver-demo-6785ff6464-zlj2n/historyserver,1482735616,1559777280,1919565824,538416581
1786042352268013888,historyserver-demo-6785ff6464-zlj2n/historyserver,1482735616,1559777280,1919565824,538416581
1786042353322709055,historyserver-demo-6785ff6464-zlj2n/historyserver,1482735616,1559777280,1919565824,538416581
1786042354382644305,historyserver-demo-6785ff6464-zlj2n/historyserver,1482735616,1559777280,1919565824,538416581
1786042355431754167,historyserver-demo-6785ff6464-zlj2n/historyserver,1482735616,1559777280,1919565824,538416581
1786042356481160042,historyserver-demo-6785ff6464-zlj2n/historyserver,1482735616,1559777280,1919565824,538416581
1786042357527823293,historyserver-demo-6785ff6464-zlj2n/historyserver,1482735616,1559777280,1919565824,538416581
1786042358576691835,historyserver-demo-6785ff6464-zlj2n/historyserver,1482735616,1559777280,1919565824,538416581
1786042359620777377,historyserver-demo-6785ff6464-zlj2n/historyserver,1495687168,1576341504,1919565824,538569474
1786042360669784752,historyserver-demo-6785ff6464-zlj2n/historyserver,1534976000,1613598720,1919565824,539101316
1786042361720812836,historyserver-demo-6785ff6464-zlj2n/historyserver,1493061632,1570099200,1919565824,539615724
1786042362771709962,historyserver-demo-6785ff6464-zlj2n/historyserver,1533222912,1610264576,1919565824,540147378
1786042363816670171,historyserver-demo-6785ff6464-zlj2n/historyserver,1527119872,1604161536,1919565824,540668381
1786042364863836296,historyserver-demo-6785ff6464-zlj2n/historyserver,1357570048,1434607616,1919565824,541196752
1786042365911649380,historyserver-demo-6785ff6464-zlj2n/historyserver,1357570048,1434607616,1919565824,541718145
1786042366955753172,historyserver-demo-6785ff6464-zlj2n/historyserver,1330581504,1407619072,1919565824,542246927
1786042368010701339,historyserver-demo-6785ff6464-zlj2n/historyserver,1310511104,1387552768,1919565824,542768802
1786042369052232965,historyserver-demo-6785ff6464-zlj2n/historyserver,1299480576,1376522240,1919565824,543293012
1786042370096865424,historyserver-demo-6785ff6464-zlj2n/historyserver,1299480576,1376518144,1919565824,543818069
1786042371139754049,historyserver-demo-6785ff6464-zlj2n/historyserver,1299480576,1376518144,1919565824,544327484
1786042372182794050,historyserver-demo-6785ff6464-zlj2n/historyserver,1299480576,1376518144,1919565824,544852189
1786042373223883133,historyserver-demo-6785ff6464-zlj2n/historyserver,1299480576,1376518144,1919565824,545370139
1786042374261819176,historyserver-demo-6785ff6464-zlj2n/historyserver,1168416768,1245454336,1919565824,545896957
1786042375301199634,historyserver-demo-6785ff6464-zlj2n/historyserver,988413952,1065451520,1919565824,546421955
1786042376337701552,historyserver-demo-6785ff6464-zlj2n/historyserver,849911808,926949376,1919565824,546921262
1786042377368448969,historyserver-demo-6785ff6464-zlj2n/historyserver,849911808,926957568,1919565824,547442868
1786042378398869469,historyserver-demo-6785ff6464-zlj2n/historyserver,849911808,926957568,1919565824,547960702
1786042379432066303,historyserver-demo-6785ff6464-zlj2n/historyserver,849911808,926949376,1919565824,548470142
1786042380465236720,historyserver-demo-6785ff6464-zlj2n/historyserver,849911808,926957568,1919565824,548990246
1786042381497406137,historyserver-demo-6785ff6464-zlj2n/historyserver,849911808,926949376,1919565824,549507469
1786042382528878013,historyserver-demo-6785ff6464-zlj2n/historyserver,864468992,941506560,1919565824,550019684
1786042383568257305,historyserver-demo-6785ff6464-zlj2n/historyserver,896724992,973967360,1919565824,550545211
1786042384600215625,historyserver-demo-6785ff6464-zlj2n/historyserver,928538624,1005641728,1919565824,551061641
1786042385633305708,historyserver-demo-6785ff6464-zlj2n/historyserver,960577536,1037615104,1919565824,551566795
1786042386666747376,historyserver-demo-6785ff6464-zlj2n/historyserver,993267712,1070735360,1919565824,552091713
1786042387699400001,historyserver-demo-6785ff6464-zlj2n/historyserver,1014530048,1091997696,1919565824,552618855
1786042388731166543,historyserver-demo-6785ff6464-zlj2n/historyserver,1019760640,1097322496,1919565824,553121503
1786042389763617877,historyserver-demo-6785ff6464-zlj2n/historyserver,1024753664,1102172160,1919565824,553649252
1786042390796495919,historyserver-demo-6785ff6464-zlj2n/historyserver,1030365184,1108094976,1919565824,554169531
1786042391828382503,historyserver-demo-6785ff6464-zlj2n/historyserver,1036361728,1113395200,1919565824,554670219
1786042392860854337,historyserver-demo-6785ff6464-zlj2n/historyserver,1036648448,1113686016,1919565824,555184106
1786042393891232254,historyserver-demo-6785ff6464-zlj2n/historyserver,1044553728,1121689600,1919565824,555700766
1786042394923779296,historyserver-demo-6785ff6464-zlj2n/historyserver,1061285888,1139007488,1919565824,556218570
1786042395955378338,historyserver-demo-6785ff6464-zlj2n/historyserver,1080070144,1157677056,1919565824,556731521
1786042396988736422,historyserver-demo-6785ff6464-zlj2n/historyserver,1101877248,1179095040,1919565824,557250860
1786042398022258714,historyserver-demo-6785ff6464-zlj2n/historyserver,1125265408,1202298880,1919565824,557770564
1786042399053221923,historyserver-demo-6785ff6464-zlj2n/historyserver,1147809792,1225367552,1919565824,558279585
1786042400083271590,historyserver-demo-6785ff6464-zlj2n/historyserver,1171599360,1248862208,1919565824,558795301
1786042401115134632,historyserver-demo-6785ff6464-zlj2n/historyserver,1194373120,1272385536,1919565824,559317246
1786042402146976383,historyserver-demo-6785ff6464-zlj2n/historyserver,1218646016,1296203776,1919565824,559826472
1786042403181028008,historyserver-demo-6785ff6464-zlj2n/historyserver,1243664384,1320697856,1919565824,560345315
1786042404218341884,historyserver-demo-6785ff6464-zlj2n/historyserver,1267187712,1344225280,1919565824,560868162
1786042405256037301,historyserver-demo-6785ff6464-zlj2n/historyserver,1289719808,1367207936,1919565824,561389893
1786042406297189635,historyserver-demo-6785ff6464-zlj2n/historyserver,1311793152,1389043712,1919565824,561914745
1786042407337960177,historyserver-demo-6785ff6464-zlj2n/historyserver,1334706176,1412001792,1919565824,562424106
1786042408378965469,historyserver-demo-6785ff6464-zlj2n/historyserver,1358036992,1435336704,1919565824,562949894
1786042409421080678,historyserver-demo-6785ff6464-zlj2n/historyserver,1380986880,1458020352,1919565824,563470502
1786042410464016304,historyserver-demo-6785ff6464-zlj2n/historyserver,1404538880,1481576448,1919565824,563996132
1786042411506042262,historyserver-demo-6785ff6464-zlj2n/historyserver,1427714048,1504751616,1919565824,564518388
1786042412549233763,historyserver-demo-6785ff6464-zlj2n/historyserver,1444061184,1521094656,1919565824,565050054
1786042413597030722,historyserver-demo-6785ff6464-zlj2n/historyserver,1449713664,1527009280,1919565824,565571149
1786042414638245875,historyserver-demo-6785ff6464-zlj2n/historyserver,1455525888,1532575744,1919565824,566095793
1786042415685093958,historyserver-demo-6785ff6464-zlj2n/historyserver,1461751808,1539047424,1919565824,566620505
1786042416728154959,historyserver-demo-6785ff6464-zlj2n/historyserver,1467170816,1544204288,1919565824,567119773
1786042417769169293,historyserver-demo-6785ff6464-zlj2n/historyserver,1473810432,1550843904,1919565824,567648296
1786042418810438210,historyserver-demo-6785ff6464-zlj2n/historyserver,1475932160,1552965632,1919565824,568167220
1786042419854110502,historyserver-demo-6785ff6464-zlj2n/historyserver,1476689920,1553813504,1919565824,568693795
1786042420896182044,historyserver-demo-6785ff6464-zlj2n/historyserver,1477500928,1554530304,1919565824,569217132
1786042421936653253,historyserver-demo-6785ff6464-zlj2n/historyserver,1477685248,1554718720,1919565824,569722788
1786042422976481504,historyserver-demo-6785ff6464-zlj2n/historyserver,1477685248,1554714624,1919565824,570247371
1786042424017251546,historyserver-demo-6785ff6464-zlj2n/historyserver,1477693440,1554726912,1919565824,570770472
1786042425056138380,historyserver-demo-6785ff6464-zlj2n/historyserver,1592430592,1669730304,1919565824,571293042
1786042426096361505,historyserver-demo-6785ff6464-zlj2n/historyserver,1592700928,1669996544,1919565824,571816405
1786042427135689422,historyserver-demo-6785ff6464-zlj2n/historyserver,1593020416,1670316032,1919565824,572322342
1786042428175347756,historyserver-demo-6785ff6464-zlj2n/historyserver,1593270272,1670307840,1919565824,572849358
1786042429213464757,historyserver-demo-6785ff6464-zlj2n/historyserver,1593286656,1670324224,1919565824,573370148
1786042430250766340,historyserver-demo-6785ff6464-zlj2n/historyserver,1593286656,1670328320,1919565824,573896263
1786042431287498008,historyserver-demo-6785ff6464-zlj2n/historyserver,1593286656,1670324224,1919565824,574413520
1786042432325120341,historyserver-demo-6785ff6464-zlj2n/historyserver,1593286656,1670328320,1919565824,574918132
1786042433359481883,historyserver-demo-6785ff6464-zlj2n/historyserver,1593286656,1670324224,1919565824,575449472
1786042434393504009,historyserver-demo-6785ff6464-zlj2n/historyserver,1499537408,1576574976,1919565824,575957089
1786042435426144176,historyserver-demo-6785ff6464-zlj2n/historyserver,1484857344,1561894912,1919565824,576468043
1786042436459162885,historyserver-demo-6785ff6464-zlj2n/historyserver,1448779776,1525821440,1919565824,576990188
1786042437493173385,historyserver-demo-6785ff6464-zlj2n/historyserver,1448779776,1525817344,1919565824,577510516
1786042438529260428,historyserver-demo-6785ff6464-zlj2n/historyserver,1448779776,1525817344,1919565824,578018724
1786042439568285970,historyserver-demo-6785ff6464-zlj2n/historyserver,1448779776,1525821440,1919565824,578547061
1786042440608278012,historyserver-demo-6785ff6464-zlj2n/historyserver,1448779776,1525821440,1919565824,579067258
1786042441649093971,historyserver-demo-6785ff6464-zlj2n/historyserver,1448779776,1525821440,1919565824,579588289
1786042442690409888,historyserver-demo-6785ff6464-zlj2n/historyserver,1448779776,1525817344,1919565824,580112904
1786042443732232472,historyserver-demo-6785ff6464-zlj2n/historyserver,1448779776,1525817344,1919565824,580620968
1786042444776248083,historyserver-demo-6785ff6464-zlj2n/historyserver,1448779776,1525817344,1919565824,581148299
1786042445818326375,historyserver-demo-6785ff6464-zlj2n/historyserver,1448779776,1525817344,1919565824,581668532
1786042446859364251,historyserver-demo-6785ff6464-zlj2n/historyserver,1448779776,1525817344,1919565824,582197631
1786042447904324001,historyserver-demo-6785ff6464-zlj2n/historyserver,1448779776,1525817344,1919565824,582721506
1786042448947354502,historyserver-demo-6785ff6464-zlj2n/historyserver,1448779776,1525821440,1919565824,583247678
1786042449990392210,historyserver-demo-6785ff6464-zlj2n/historyserver,1290686464,1367719936,1919565824,583760198
1786042451032329794,historyserver-demo-6785ff6464-zlj2n/historyserver,1250906112,1327939584,1919565824,584271851
1786042452076274753,historyserver-demo-6785ff6464-zlj2n/historyserver,1245581312,1322614784,1919565824,584797502
1786042453118348170,historyserver-demo-6785ff6464-zlj2n/historyserver,1223118848,1300152320,1919565824,585315071
1786042454162310254,historyserver-demo-6785ff6464-zlj2n/historyserver,1412042752,1489080320,1919565824,585847805
1786042455204494921,historyserver-demo-6785ff6464-zlj2n/historyserver,1414492160,1491525632,1919565824,586366980
1786042456245506922,historyserver-demo-6785ff6464-zlj2n/historyserver,1489563648,1566568448,1919565824,586879500
1786042457286253089,historyserver-demo-6785ff6464-zlj2n/historyserver,1471639552,1548673024,1919565824,587413015
1786042458326223964,historyserver-demo-6785ff6464-zlj2n/historyserver,1471639552,1548673024,1919565824,587918287
1786042459365262673,historyserver-demo-6785ff6464-zlj2n/historyserver,1471639552,1548673024,1919565824,588448480
1786042460404330715,historyserver-demo-6785ff6464-zlj2n/historyserver,1456959488,1533997056,1919565824,588966924
1786042461441318799,historyserver-demo-6785ff6464-zlj2n/historyserver,1249357824,1326391296,1919565824,589469422
1786042462477279091,historyserver-demo-6785ff6464-zlj2n/historyserver,1249357824,1326395392,1919565824,589996306
1786042463510522425,historyserver-demo-6785ff6464-zlj2n/historyserver,1249357824,1326395392,1919565824,590518094
1786042464542207217,historyserver-demo-6785ff6464-zlj2n/historyserver,1249357824,1326391296,1919565824,591022893
1786042465576401093,historyserver-demo-6785ff6464-zlj2n/historyserver,1249357824,1326395392,1919565824,591545180
1786042466610288593,historyserver-demo-6785ff6464-zlj2n/historyserver,1249357824,1326395392,1919565824,592068318
1786042467644398802,historyserver-demo-6785ff6464-zlj2n/historyserver,1249357824,1326395392,1919565824,592575346
1786042468679206886,historyserver-demo-6785ff6464-zlj2n/historyserver,1241034752,1318068224,1919565824,593097973
1786042469716286637,historyserver-demo-6785ff6464-zlj2n/historyserver,1217409024,1294442496,1919565824,593621775
1786042470754361637,historyserver-demo-6785ff6464-zlj2n/historyserver,1134452736,1211486208,1919565824,594148551
1786042471792307346,historyserver-demo-6785ff6464-zlj2n/historyserver,1069178880,1144201216,1919565824,594671074
1786042472832298013,historyserver-demo-6785ff6464-zlj2n/historyserver,1075306496,1150251008,1919565824,595169537
1786042473874183097,historyserver-demo-6785ff6464-zlj2n/historyserver,1075892224,1150836736,1919565824,595694339
1786042474915533000,historyserver-demo-6785ff6464-zlj2n/historyserver,1076715520,1151664128,1919565824,596218472
1786042475957598500,historyserver-demo-6785ff6464-zlj2n/historyserver,1081589760,1156730880,1919565824,596743791
1786042477000498959,historyserver-demo-6785ff6464-zlj2n/historyserver,1098764288,1173938176,1919565824,597269345
1786042478042540626,historyserver-demo-6785ff6464-zlj2n/historyserver,1119154176,1194348544,1919565824,597777419
1786042479083659502,historyserver-demo-6785ff6464-zlj2n/historyserver,1139654656,1214672896,1919565824,598304553
1786042480126568252,historyserver-demo-6785ff6464-zlj2n/historyserver,1159647232,1234591744,1919565824,598819465
1786042481168442169,historyserver-demo-6785ff6464-zlj2n/historyserver,1180319744,1255264256,1919565824,599343727
1786042482209527753,historyserver-demo-6785ff6464-zlj2n/historyserver,1203113984,1278062592,1919565824,599869240
1786042483250439295,historyserver-demo-6785ff6464-zlj2n/historyserver,1225801728,1300877312,1919565824,600385355
1786042484291601754,historyserver-demo-6785ff6464-zlj2n/historyserver,1248006144,1323446272,1919565824,600908750
1786042485332481963,historyserver-demo-6785ff6464-zlj2n/historyserver,1264836608,1339777024,1919565824,601419521
1786042486373431130,historyserver-demo-6785ff6464-zlj2n/historyserver,1282244608,1357406208,1919565824,601945847
1786042487414647506,historyserver-demo-6785ff6464-zlj2n/historyserver,1296400384,1371406336,1919565824,602470530
1786042488455496339,historyserver-demo-6785ff6464-zlj2n/historyserver,1301405696,1376624640,1919565824,602995856
1786042489496145632,historyserver-demo-6785ff6464-zlj2n/historyserver,1305788416,1380925440,1919565824,603516490
1786042490535776007,historyserver-demo-6785ff6464-zlj2n/historyserver,1310384128,1385324544,1919565824,604018715
1786042491574775674,historyserver-demo-6785ff6464-zlj2n/historyserver,1315282944,1390219264,1919565824,604546565
1786042492614473800,historyserver-demo-6785ff6464-zlj2n/historyserver,1320460288,1395396608,1919565824,605069877
1786042493653492592,historyserver-demo-6785ff6464-zlj2n/historyserver,1323515904,1398452224,1919565824,605590424
1786042494691476176,historyserver-demo-6785ff6464-zlj2n/historyserver,1323515904,1398452224,1919565824,606107839
1786042495729438926,historyserver-demo-6785ff6464-zlj2n/historyserver,1323515904,1398452224,1919565824,606618694
1786042496765506427,historyserver-demo-6785ff6464-zlj2n/historyserver,1323515904,1398452224,1919565824,607145300
1786042497801462552,historyserver-demo-6785ff6464-zlj2n/historyserver,1323515904,1398452224,1919565824,607664622
1786042498836604636,historyserver-demo-6785ff6464-zlj2n/historyserver,1324187648,1399123968,1919565824,608171703
1786042499873557803,historyserver-demo-6785ff6464-zlj2n/historyserver,1340825600,1415872512,1919565824,608692310
1786042500911553804,historyserver-demo-6785ff6464-zlj2n/historyserver,1358348288,1433706496,1919565824,609218526
1786042501950771763,historyserver-demo-6785ff6464-zlj2n/historyserver,1375215616,1450684416,1919565824,609734451
1786042502991571846,historyserver-demo-6785ff6464-zlj2n/historyserver,1392439296,1467908096,1919565824,610256974
1786042504031656805,historyserver-demo-6785ff6464-zlj2n/historyserver,1409941504,1484890112,1919565824,610768707
1786042505074711625,historyserver-demo-6785ff6464-zlj2n/historyserver,1427922944,1502871552,1919565824,611297023
1786042506117921417,historyserver-demo-6785ff6464-zlj2n/historyserver,1445675008,1520619520,1919565824,611820043
1786042507165741167,historyserver-demo-6785ff6464-zlj2n/historyserver,1464827904,1539776512,1919565824,612345963
1786042508211016751,historyserver-demo-6785ff6464-zlj2n/historyserver,1485692928,1560641536,1919565824,612869485
1786042509256730585,historyserver-demo-6785ff6464-zlj2n/historyserver,1506254848,1581256704,1919565824,613393817
1786042510302691877,historyserver-demo-6785ff6464-zlj2n/historyserver,1526853632,1601818624,1919565824,613920146
1786042511348691378,historyserver-demo-6785ff6464-zlj2n/historyserver,1547284480,1622491136,1919565824,614438316
1786042512393669753,historyserver-demo-6785ff6464-zlj2n/historyserver,1568190464,1643659264,1919565824,614967611
1786042513438683629,historyserver-demo-6785ff6464-zlj2n/historyserver,1575022592,1650110464,1919565824,615485894
1786042514484660546,historyserver-demo-6785ff6464-zlj2n/historyserver,1576415232,1651359744,1919565824,616019398
1786042515533641671,historyserver-demo-6785ff6464-zlj2n/historyserver,1576415232,1651359744,1919565824,616530258
1786042516580630922,historyserver-demo-6785ff6464-zlj2n/historyserver,1576415232,1651359744,1919565824,617053132
1786042517622638381,historyserver-demo-6785ff6464-zlj2n/historyserver,1576415232,1651359744,1919565824,617397287
1786042518664756673,historyserver-demo-6785ff6464-zlj2n/historyserver,1576415232,1651359744,1919565824,617397287
1786042519709655465,historyserver-demo-6785ff6464-zlj2n/historyserver,1576415232,1651359744,1919565824,617397287
1786042520752647757,historyserver-demo-6785ff6464-zlj2n/historyserver,1576415232,1651359744,1919565824,617397287
1786042521793639883,historyserver-demo-6785ff6464-zlj2n/historyserver,1576415232,1651359744,1919565824,617397287
1786042522834603425,historyserver-demo-6785ff6464-zlj2n/historyserver,1576415232,1651359744,1919565824,617397287
1786042523874727967,historyserver-demo-6785ff6464-zlj2n/historyserver,1342885888,1421451264,1919565824,617498048
1786042524913871218,historyserver-demo-6785ff6464-zlj2n/historyserver,1764515840,1839468544,1919565824,618047430
1786042525948706635,historyserver-demo-6785ff6464-zlj2n/historyserver,1213726720,1288679424,1919565824,618548379
1786042526984716427,historyserver-demo-6785ff6464-zlj2n/historyserver,1203470336,1278418944,1919565824,619049207
1786042528018857344,historyserver-demo-6785ff6464-zlj2n/historyserver,1203470336,1278423040,1919565824,619583676
1786042529053631136,historyserver-demo-6785ff6464-zlj2n/historyserver,1203470336,1278418944,1919565824,620099003
1786042530090596095,historyserver-demo-6785ff6464-zlj2n/historyserver,1203470336,1278418944,1919565824,620611174
1786042531129630346,historyserver-demo-6785ff6464-zlj2n/historyserver,1203470336,1278423040,1919565824,621145246
1786042532171702304,historyserver-demo-6785ff6464-zlj2n/historyserver,1203470336,1278418944,1919565824,621650084
1786042533211633680,historyserver-demo-6785ff6464-zlj2n/historyserver,1203470336,1278423040,1919565824,622182303
1786042534251617597,historyserver-demo-6785ff6464-zlj2n/historyserver,1023451136,1098399744,1919565824,622702310
1786042535291799083,historyserver-demo-6785ff6464-zlj2n/historyserver,969080832,1044029440,1919565824,623226799
1786042536331793000,historyserver-demo-6785ff6464-zlj2n/historyserver,892948480,967901184,1919565824,623745248
1786042537371991959,historyserver-demo-6785ff6464-zlj2n/historyserver,909225984,984174592,1919565824,624247778
1786042538411884585,historyserver-demo-6785ff6464-zlj2n/historyserver,933638144,1008660480,1919565824,624781551
1786042539452904919,historyserver-demo-6785ff6464-zlj2n/historyserver,966111232,1041059840,1919565824,625299936
1786042540494503419,historyserver-demo-6785ff6464-zlj2n/historyserver,999034880,1074130944,1919565824,625813876
1786042541535794586,historyserver-demo-6785ff6464-zlj2n/historyserver,1031135232,1106194432,1919565824,626346842
1786042542578796170,historyserver-demo-6785ff6464-zlj2n/historyserver,1063108608,1138241536,1919565824,626853495
1786042543624891837,historyserver-demo-6785ff6464-zlj2n/historyserver,1097551872,1172533248,1919565824,627395817
1786042544666769629,historyserver-demo-6785ff6464-zlj2n/historyserver,1128435712,1203384320,1919565824,627897739
1786042545708583172,historyserver-demo-6785ff6464-zlj2n/historyserver,968740864,1043693568,1919565824,628444649
1786042546753271755,historyserver-demo-6785ff6464-zlj2n/historyserver,947978240,1022926848,1919565824,628951724
1786042547797671714,historyserver-demo-6785ff6464-zlj2n/historyserver,943636480,1018671104,1919565824,629489105
1786042548839056423,historyserver-demo-6785ff6464-zlj2n/historyserver,926449664,1001398272,1919565824,630000129
1786042549885393007,historyserver-demo-6785ff6464-zlj2n/historyserver,927711232,1002659840,1919565824,630509753
1786042550930455424,historyserver-demo-6785ff6464-zlj2n/historyserver,942391296,1017344000,1919565824,631044840
1786042551974832591,historyserver-demo-6785ff6464-zlj2n/historyserver,959262720,1034211328,1919565824,631550088
1786042553018751800,historyserver-demo-6785ff6464-zlj2n/historyserver,980676608,1055875072,1919565824,632090981
1786042554062253925,historyserver-demo-6785ff6464-zlj2n/historyserver,1004003328,1079103488,1919565824,632610859
1786042555127881843,historyserver-demo-6785ff6464-zlj2n/historyserver,1029685248,1104633856,1919565824,633144108
1786042556175736510,historyserver-demo-6785ff6464-zlj2n/historyserver,1054056448,1129254912,1919565824,633652157
1786042557223786094,historyserver-demo-6785ff6464-zlj2n/historyserver,1079599104,1154547712,1919565824,634196451
1786042558274781886,historyserver-demo-6785ff6464-zlj2n/historyserver,1104023552,1178968064,1919565824,634699908
1786042559319804928,historyserver-demo-6785ff6464-zlj2n/historyserver,1129689088,1204744192,1919565824,635245656
1786042560366843720,historyserver-demo-6785ff6464-zlj2n/historyserver,1153708032,1228652544,1919565824,635748555
1786042561408838387,historyserver-demo-6785ff6464-zlj2n/historyserver,1179090944,1254297600,1919565824,636281016
1786042562449919221,historyserver-demo-6785ff6464-zlj2n/historyserver,1203724288,1278668800,1919565824,636798836
1786042563489938347,historyserver-demo-6785ff6464-zlj2n/historyserver,1228455936,1303756800,1919565824,637307702
1786042564527681250,historyserver-demo-6785ff6464-zlj2n/historyserver,1254322176,1329643520,1919565824,637844677
1786042565563900667,historyserver-demo-6785ff6464-zlj2n/historyserver,1278644224,1353588736,1919565824,638348347
1786042566600814084,historyserver-demo-6785ff6464-zlj2n/historyserver,1302622208,1377878016,1919565824,638867521
1786042567637714459,historyserver-demo-6785ff6464-zlj2n/historyserver,1327661056,1402609664,1919565824,639395672
1786042568673257918,historyserver-demo-6785ff6464-zlj2n/historyserver,1351692288,1426636800,1919565824,639901980
1786042569709751169,historyserver-demo-6785ff6464-zlj2n/historyserver,1375956992,1451003904,1919565824,640426132
1786042570745980336,historyserver-demo-6785ff6464-zlj2n/historyserver,1395277824,1470263296,1919565824,640948852
1786042571782205545,historyserver-demo-6785ff6464-zlj2n/historyserver,1402327040,1477271552,1919565824,641449302
1786042572818699087,historyserver-demo-6785ff6464-zlj2n/historyserver,1409822720,1484771328,1919565824,641996163
1786042573854772337,historyserver-demo-6785ff6464-zlj2n/historyserver,1415925760,1490870272,1919565824,642500324
1786042574891792046,historyserver-demo-6785ff6464-zlj2n/historyserver,1422303232,1497509888,1919565824,643017625
1786042575929876088,historyserver-demo-6785ff6464-zlj2n/historyserver,1429839872,1504788480,1919565824,643547186
1786042576967825755,historyserver-demo-6785ff6464-zlj2n/historyserver,1430577152,1505521664,1919565824,644047412
1786042578004716048,historyserver-demo-6785ff6464-zlj2n/historyserver,1430593536,1505804288,1919565824,644572587
1786042579042882381,historyserver-demo-6785ff6464-zlj2n/historyserver,1430642688,1505591296,1919565824,645097746
1786042580080742465,historyserver-demo-6785ff6464-zlj2n/historyserver,1430740992,1505685504,1919565824,645597730
1786042581117838716,historyserver-demo-6785ff6464-zlj2n/historyserver,1431121920,1506074624,1919565824,646136253
1786042582155722966,historyserver-demo-6785ff6464-zlj2n/historyserver,1431572480,1506516992,1919565824,646649702
1786042583193927092,historyserver-demo-6785ff6464-zlj2n/historyserver,1431572480,1506516992,1919565824,647160690
1786042584230870217,historyserver-demo-6785ff6464-zlj2n/historyserver,1431605248,1506553856,1919565824,647695064
1786042585267720301,historyserver-demo-6785ff6464-zlj2n/historyserver,1606721536,1681666048,1919565824,648196457
1786042586304792968,historyserver-demo-6785ff6464-zlj2n/historyserver,1606918144,1682124800,1919565824,648716196
1786042587338718969,historyserver-demo-6785ff6464-zlj2n/historyserver,1607184384,1682137088,1919565824,649237016
1786042588374180594,historyserver-demo-6785ff6464-zlj2n/historyserver,1607581696,1682530304,1919565824,649747587
1786042589409113303,historyserver-demo-6785ff6464-zlj2n/historyserver,1607602176,1682546688,1919565824,650288974
1786042590444861845,historyserver-demo-6785ff6464-zlj2n/historyserver,1607856128,1682800640,1919565824,650796668
1786042591481279471,historyserver-demo-6785ff6464-zlj2n/historyserver,1569595392,1644965888,1919565824,651296483
1786042592517181805,historyserver-demo-6785ff6464-zlj2n/historyserver,1412792320,1487740928,1919565824,651828520
1786042593553329472,historyserver-demo-6785ff6464-zlj2n/historyserver,1408598016,1483542528,1919565824,652346759
1786042594952145083,historyserver-demo-6785ff6464-zlj2n/historyserver,1408598016,1483546624,1919565824,653133348
1786042596170930167,historyserver-demo-6785ff6464-zlj2n/historyserver,1408598016,1483550720,1919565824,653664687
1786042597231486001,historyserver-demo-6785ff6464-zlj2n/historyserver,1408598016,1483546624,1919565824,654197927
1786042598286238501,historyserver-demo-6785ff6464-zlj2n/historyserver,1408598016,1483546624,1919565824,654724757
1786042599340769918,historyserver-demo-6785ff6464-zlj2n/historyserver,1408598016,1483546624,1919565824,655248867
1786042600390819669,historyserver-demo-6785ff6464-zlj2n/historyserver,1408598016,1483550720,1919565824,655772777
1786042601438929878,historyserver-demo-6785ff6464-zlj2n/historyserver,1395298304,1470246912,1919565824,656301117
1786042602484874628,historyserver-demo-6785ff6464-zlj2n/historyserver,1386303488,1461252096,1919565824,656837260
1786042603545749129,historyserver-demo-6785ff6464-zlj2n/historyserver,1386303488,1461252096,1919565824,657349642
1786042604592728838,historyserver-demo-6785ff6464-zlj2n/historyserver,1386303488,1461256192,1919565824,657888021
1786042605637747171,historyserver-demo-6785ff6464-zlj2n/historyserver,1386303488,1461252096,1919565824,658400239
1786042606680920964,historyserver-demo-6785ff6464-zlj2n/historyserver,1131782144,1206730752,1919565824,658909563
1786042607727107964,historyserver-demo-6785ff6464-zlj2n/historyserver,1129095168,1204043776,1919565824,659453093
1786042608822882965,historyserver-demo-6785ff6464-zlj2n/historyserver,1129095168,1204043776,1919565824,659984065
1786042609865046882,historyserver-demo-6785ff6464-zlj2n/historyserver,1116315648,1191264256,1919565824,660497424
1786042610909811632,historyserver-demo-6785ff6464-zlj2n/historyserver,1111597056,1186549760,1919565824,661035857
1786042611952808799,historyserver-demo-6785ff6464-zlj2n/historyserver,1097441280,1172389888,1919565824,661544288
1786042612995049092,historyserver-demo-6785ff6464-zlj2n/historyserver,1097441280,1172398080,1919565824,662075245
1786042614041001717,historyserver-demo-6785ff6464-zlj2n/historyserver,1097441280,1172385792,1919565824,662596531
1786042615085093634,historyserver-demo-6785ff6464-zlj2n/historyserver,1097441280,1172389888,1919565824,663113389
1786042616129849385,historyserver-demo-6785ff6464-zlj2n/historyserver,1097441280,1172385792,1919565824,663636809
1786042617174153010,historyserver-demo-6785ff6464-zlj2n/historyserver,1187573760,1268764672,1919565824,664150143
1786042618217436177,historyserver-demo-6785ff6464-zlj2n/historyserver,1135677440,1216905216,1919565824,664684362
1786042619266537470,historyserver-demo-6785ff6464-zlj2n/historyserver,1316737024,1391681536,1919565824,665196696
1786042620311236970,historyserver-demo-6785ff6464-zlj2n/historyserver,1411657728,1486602240,1919565824,665734145
1786042621356692429,historyserver-demo-6785ff6464-zlj2n/historyserver,1399599104,1474543616,1919565824,666247008
1786042622399330304,historyserver-demo-6785ff6464-zlj2n/historyserver,1399599104,1474547712,1919565824,666776606
1786042623442861013,historyserver-demo-6785ff6464-zlj2n/historyserver,1399599104,1474543616,1919565824,667297608
1786042624485836014,historyserver-demo-6785ff6464-zlj2n/historyserver,1399599104,1474543616,1919565824,667809536
1786042625533271458,historyserver-demo-6785ff6464-zlj2n/historyserver,1399599104,1474543616,1919565824,668335675
1786042626576319542,historyserver-demo-6785ff6464-zlj2n/historyserver,1399599104,1474543616,1919565824,668847097
1786042627619210001,historyserver-demo-6785ff6464-zlj2n/historyserver,1399599104,1474547712,1919565824,669383308
1786042628661754376,historyserver-demo-6785ff6464-zlj2n/historyserver,1399599104,1474543616,1919565824,669897780
1786042629705309752,historyserver-demo-6785ff6464-zlj2n/historyserver,1399599104,1474543616,1919565824,670425114
1786042630748757752,historyserver-demo-6785ff6464-zlj2n/historyserver,1399599104,1474543616,1919565824,670947543
1786042631792314211,historyserver-demo-6785ff6464-zlj2n/historyserver,1399607296,1474555904,1919565824,671463378
1786042632835274712,historyserver-demo-6785ff6464-zlj2n/historyserver,1399607296,1474551808,1919565824,671988772
1786042633879468171,historyserver-demo-6785ff6464-zlj2n/historyserver,1399607296,1474551808,1919565824,672508850
1786042634924779796,historyserver-demo-6785ff6464-zlj2n/historyserver,1399607296,1474555904,1919565824,673034259
1786042635977557547,historyserver-demo-6785ff6464-zlj2n/historyserver,1399607296,1474551808,1919565824,673552469
1786042637023614589,historyserver-demo-6785ff6464-zlj2n/historyserver,1399607296,1474551808,1919565824,674085001
1786042638077814881,historyserver-demo-6785ff6464-zlj2n/historyserver,1402949632,1477963776,1919565824,674623814
1786042639132657965,historyserver-demo-6785ff6464-zlj2n/historyserver,1380012032,1454960640,1919565824,675142038
1786042640185350799,historyserver-demo-6785ff6464-zlj2n/historyserver,1380012032,1454956544,1919565824,675656837
1786042641227645549,historyserver-demo-6785ff6464-zlj2n/historyserver,1380012032,1454956544,1919565824,676183973
1786042642273346841,historyserver-demo-6785ff6464-zlj2n/historyserver,1397231616,1472176128,1919565824,676697680
1786042643318524050,historyserver-demo-6785ff6464-zlj2n/historyserver,1418985472,1493934080,1919565824,677235034
1786042644362713592,historyserver-demo-6785ff6464-zlj2n/historyserver,1434869760,1509814272,1919565824,677748869
1786042645411396801,historyserver-demo-6785ff6464-zlj2n/historyserver,1451515904,1526460416,1919565824,678284729
1786042646456145843,historyserver-demo-6785ff6464-zlj2n/historyserver,1469440000,1544392704,1919565824,678797474
1786042647497307885,historyserver-demo-6785ff6464-zlj2n/historyserver,1488437248,1563398144,1919565824,679320173
1786042648541208428,historyserver-demo-6785ff6464-zlj2n/historyserver,1508753408,1583742976,1919565824,679847686
1786042649589264970,historyserver-demo-6785ff6464-zlj2n/historyserver,1528569856,1603784704,1919565824,680358883
1786042650632224095,historyserver-demo-6785ff6464-zlj2n/historyserver,1549647872,1624588288,1919565824,680885084
1786042651673289262,historyserver-demo-6785ff6464-zlj2n/historyserver,1570021376,1644961792,1919565824,681398613
1786042652712280638,historyserver-demo-6785ff6464-zlj2n/historyserver,1590132736,1665867776,1919565824,681929779
1786042653750451722,historyserver-demo-6785ff6464-zlj2n/historyserver,1608163328,1683365888,1919565824,682447771
1786042654787348666,historyserver-demo-6785ff6464-zlj2n/historyserver,1594605568,1669541888,1919565824,682947346
1786042655818656250,historyserver-demo-6785ff6464-zlj2n/historyserver,1486766080,1561706496,1919565824,683485145
1786042656852490042,historyserver-demo-6785ff6464-zlj2n/historyserver,1479884800,1554821120,1919565824,684000582
1786042657883572626,historyserver-demo-6785ff6464-zlj2n/historyserver,1475887104,1550823424,1919565824,684499853
1786042658915650793,historyserver-demo-6785ff6464-zlj2n/historyserver,1436827648,1511763968,1919565824,685036348
1786042659945535419,historyserver-demo-6785ff6464-zlj2n/historyserver,1435852800,1510793216,1919565824,685533665
1786042660974677253,historyserver-demo-6785ff6464-zlj2n/historyserver,1401339904,1476276224,1919565824,686046825
1786042662005549128,historyserver-demo-6785ff6464-zlj2n/historyserver,1401348096,1476288512,1919565824,686560323
1786042663033496337,historyserver-demo-6785ff6464-zlj2n/historyserver,1401348096,1476284416,1919565824,687082405
1786042664061596921,historyserver-demo-6785ff6464-zlj2n/historyserver,1401348096,1476292608,1919565824,687596304
1786042665091550088,historyserver-demo-6785ff6464-zlj2n/historyserver,1401348096,1476292608,1919565824,688099793
1786042666121614797,historyserver-demo-6785ff6464-zlj2n/historyserver,1401348096,1476296704,1919565824,688627182
1786042667151462464,historyserver-demo-6785ff6464-zlj2n/historyserver,1401348096,1476296704,1919565824,689137607
1786042668181577381,historyserver-demo-6785ff6464-zlj2n/historyserver,1401348096,1476292608,1919565824,689647102
1786042669210622715,historyserver-demo-6785ff6464-zlj2n/historyserver,1401348096,1476296704,1919565824,690166647
1786042670238578382,historyserver-demo-6785ff6464-zlj2n/historyserver,1401348096,1476292608,1919565824,690682353
1786042671267582799,historyserver-demo-6785ff6464-zlj2n/historyserver,1401348096,1476296704,1919565824,691014222
1786042672297587841,historyserver-demo-6785ff6464-zlj2n/historyserver,1401348096,1476296704,1919565824,691014222
1786042673332660133,historyserver-demo-6785ff6464-zlj2n/historyserver,1401348096,1476296704,1919565824,691014222
1786042674366572384,historyserver-demo-6785ff6464-zlj2n/historyserver,1401348096,1476296704,1919565824,691014222
1786042675405845176,historyserver-demo-6785ff6464-zlj2n/historyserver,1401348096,1476296704,1919565824,691014222
1786042676446623510,historyserver-demo-6785ff6464-zlj2n/historyserver,1401348096,1476296704,1919565824,691014222
1786042677488708885,historyserver-demo-6785ff6464-zlj2n/historyserver,1401348096,1476296704,1919565824,691014222
1786042678532677428,historyserver-demo-6785ff6464-zlj2n/historyserver,1401348096,1476296704,1919565824,691014222
1786042679578603636,historyserver-demo-6785ff6464-zlj2n/historyserver,1401348096,1476296704,1919565824,691014222
1786042680626794429,historyserver-demo-6785ff6464-zlj2n/historyserver,1401348096,1476296704,1919565824,691014222
1786042681679438137,historyserver-demo-6785ff6464-zlj2n/historyserver,1331326976,1406279680,1919565824,691425025
1786042682726516263,historyserver-demo-6785ff6464-zlj2n/historyserver,1370140672,1445093376,1919565824,691943131
1786042683765455430,historyserver-demo-6785ff6464-zlj2n/historyserver,1370140672,1445089280,1919565824,692462252
1786042684804533291,historyserver-demo-6785ff6464-zlj2n/historyserver,1370140672,1445093376,1919565824,692985707
1786042685842521417,historyserver-demo-6785ff6464-zlj2n/historyserver,1370140672,1445089280,1919565824,693497755
1786042686879618667,historyserver-demo-6785ff6464-zlj2n/historyserver,1370140672,1445089280,1919565824,694011869
1786042687916677876,historyserver-demo-6785ff6464-zlj2n/historyserver,1370140672,1445093376,1919565824,694543450
1786042688953546252,historyserver-demo-6785ff6464-zlj2n/historyserver,1324568576,1399517184,1919565824,695062448
1786042689989717294,historyserver-demo-6785ff6464-zlj2n/historyserver,1219424256,1294372864,1919565824,695575733
1786042691025931461,historyserver-demo-6785ff6464-zlj2n/historyserver,1039949824,1114898432,1919565824,696092443
1786042692060869836,historyserver-demo-6785ff6464-zlj2n/historyserver,1039949824,1114898432,1919565824,696612548
1786042693095774087,historyserver-demo-6785ff6464-zlj2n/historyserver,1039949824,1114898432,1919565824,697121604
1786042694130588129,historyserver-demo-6785ff6464-zlj2n/historyserver,1039949824,1114898432,1919565824,697644485
1786042695166355380,historyserver-demo-6785ff6464-zlj2n/historyserver,1039949824,1114902528,1919565824,698164013
1786042696202140547,historyserver-demo-6785ff6464-zlj2n/historyserver,1039949824,1114898432,1919565824,698679240
1786042697237140631,historyserver-demo-6785ff6464-zlj2n/historyserver,1039949824,1114898432,1919565824,699193631
1786042698272292839,historyserver-demo-6785ff6464-zlj2n/historyserver,1036345344,1111293952,1919565824,699711196
1786042699304731548,historyserver-demo-6785ff6464-zlj2n/historyserver,909549568,984498176,1919565824,700240295
1786042700334924840,historyserver-demo-6785ff6464-zlj2n/historyserver,816787456,891879424,1919565824,700744577
1786042701365028299,historyserver-demo-6785ff6464-zlj2n/historyserver,821161984,896155648,1919565824,701262028
1786042702395769300,historyserver-demo-6785ff6464-zlj2n/historyserver,836460544,912318464,1919565824,701769738
1786042703426567800,historyserver-demo-6785ff6464-zlj2n/historyserver,864059392,939008000,1919565824,702292244
1786042704459025176,historyserver-demo-6785ff6464-zlj2n/historyserver,897708032,972820480,1919565824,702808268
1786042705490646218,historyserver-demo-6785ff6464-zlj2n/historyserver,930177024,1005858816,1919565824,703314021
1786042706520549385,historyserver-demo-6785ff6464-zlj2n/historyserver,965091328,1040171008,1919565824,703843441
1786042707550528969,historyserver-demo-6785ff6464-zlj2n/historyserver,992055296,1067528192,1919565824,704355963
1786042708584651511,historyserver-demo-6785ff6464-zlj2n/historyserver,1018286080,1093234688,1919565824,704863458
1786042709619829053,historyserver-demo-6785ff6464-zlj2n/historyserver,1045331968,1120337920,1919565824,705393012
1786042710662700554,historyserver-demo-6785ff6464-zlj2n/historyserver,1070678016,1146118144,1919565824,705913697
1786042711700562471,historyserver-demo-6785ff6464-zlj2n/historyserver,1096486912,1172074496,1919565824,706432510
1786042712738548471,historyserver-demo-6785ff6464-zlj2n/historyserver,1123074048,1198018560,1919565824,706945809
1786042713775760888,historyserver-demo-6785ff6464-zlj2n/historyserver,1149091840,1224036352,1919565824,707462266
1786042714813705250,historyserver-demo-6785ff6464-zlj2n/historyserver,1163681792,1238626304,1919565824,707994959
1786042715852646042,historyserver-demo-6785ff6464-zlj2n/historyserver,1169944576,1244889088,1919565824,708515031
1786042716892606167,historyserver-demo-6785ff6464-zlj2n/historyserver,1176051712,1251258368,1919565824,709035636
1786042717930735959,historyserver-demo-6785ff6464-zlj2n/historyserver,1181495296,1256439808,1919565824,709547548
1786042718971662668,historyserver-demo-6785ff6464-zlj2n/historyserver,1185267712,1260212224,1919565824,710064494
1786042720012861669,historyserver-demo-6785ff6464-zlj2n/historyserver,1185603584,1260552192,1919565824,710593229
1786042721053755003,historyserver-demo-6785ff6464-zlj2n/historyserver,1185619968,1260564480,1919565824,711111059
1786042722092634295,historyserver-demo-6785ff6464-zlj2n/historyserver,1185660928,1260605440,1919565824,711625726
1786042723132592337,historyserver-demo-6785ff6464-zlj2n/historyserver,1185669120,1260613632,1919565824,712143832
1786042724173702337,historyserver-demo-6785ff6464-zlj2n/historyserver,1185734656,1260679168,1919565824,712660933
1786042725213611588,historyserver-demo-6785ff6464-zlj2n/historyserver,1185734656,1260679168,1919565824,713193833
1786042726254722297,historyserver-demo-6785ff6464-zlj2n/historyserver,1185734656,1260679168,1919565824,713713921
1786042727294690339,historyserver-demo-6785ff6464-zlj2n/historyserver,1206648832,1281757184,1919565824,714227162
1786042728334835798,historyserver-demo-6785ff6464-zlj2n/historyserver,1230856192,1306009600,1919565824,714746569
1786042729377771715,historyserver-demo-6785ff6464-zlj2n/historyserver,1255305216,1330249728,1919565824,715263957
1786042730419362215,historyserver-demo-6785ff6464-zlj2n/historyserver,1280794624,1355743232,1919565824,715796466
1786042731460831049,historyserver-demo-6785ff6464-zlj2n/historyserver,1305604096,1380552704,1919565824,716314456
1786042732501939175,historyserver-demo-6785ff6464-zlj2n/historyserver,1331904512,1406894080,1919565824,716837051
1786042733543217759,historyserver-demo-6785ff6464-zlj2n/historyserver,1358835712,1433931776,1919565824,717353482
1786042734584999926,historyserver-demo-6785ff6464-zlj2n/historyserver,1384468480,1459380224,1919565824,717868519
1786042735627224385,historyserver-demo-6785ff6464-zlj2n/historyserver,1407967232,1482911744,1919565824,718394951
1786042736669349843,historyserver-demo-6785ff6464-zlj2n/historyserver,1412653056,1488527360,1919565824,718913445
1786042737716583886,historyserver-demo-6785ff6464-zlj2n/historyserver,1419198464,1494142976,1919565824,719442801
1786042738768700261,historyserver-demo-6785ff6464-zlj2n/historyserver,1424162816,1499107328,1919565824,719965146
1786042739819761595,historyserver-demo-6785ff6464-zlj2n/historyserver,1429254144,1504198656,1919565824,720493927
1786042740871895512,historyserver-demo-6785ff6464-zlj2n/historyserver,1434886144,1509830656,1919565824,721014461
1786042741921324138,historyserver-demo-6785ff6464-zlj2n/historyserver,1437364224,1512624128,1919565824,721543150
1786042742970849888,historyserver-demo-6785ff6464-zlj2n/historyserver,1611935744,1686884352,1919565824,722062420
1786042744017795514,historyserver-demo-6785ff6464-zlj2n/historyserver,1611935744,1686884352,1919565824,722593001
1786042745062036625,historyserver-demo-6785ff6464-zlj2n/historyserver,1611935744,1686884352,1919565824,723114115
1786042746102898709,historyserver-demo-6785ff6464-zlj2n/historyserver,1612066816,1687019520,1919565824,723640192
1786042747146842167,historyserver-demo-6785ff6464-zlj2n/historyserver,1612066816,1687011328,1919565824,724160020
1786042748189859210,historyserver-demo-6785ff6464-zlj2n/historyserver,1612066816,1687011328,1919565824,724675240
1786042749231971793,historyserver-demo-6785ff6464-zlj2n/historyserver,1612066816,1687011328,1919565824,725194828
1786042750273871044,historyserver-demo-6785ff6464-zlj2n/historyserver,1612161024,1687109632,1919565824,725713506
