gc 1 @0.406s 5%: 2.2+82+1.0 ms clock, 4.5+1.9/50/4.4+2.0 ms cpu, 3->3->2 MB, 4 MB goal, 0 MB stacks, 0 MB globals, 2 P
gc 2 @0.691s 4%: 0.14+8.3+1.1 ms clock, 0.29+0.50/3.2/4.2+2.3 ms cpu, 5->5->4 MB, 5 MB goal, 0 MB stacks, 0 MB globals, 2 P
time="2026-08-06T18:33:53Z" level=info msg="create client manager successfully, clients: 1"
time="2026-08-06T18:33:53Z" level=info msg="Begin to create s3 client ..."
time="2026-08-06T18:33:53Z" level=info msg="Checking if bucket ray-historyserver exists..."
time="2026-08-06T18:33:53Z" level=info msg="Bucket ray-historyserver already exists"
time="2026-08-06T18:33:53Z" level=info msg="Clean logdir is logs"
time="2026-08-06T18:33:53Z" level=info msg="Starting server on :8080"
time="2026-08-06T18:33:54Z" level=info msg="Received request: GET /readz"
gc 3 @2.526s 1%: 0.18+11+0.10 ms clock, 0.37+0.35/6.2/7.5+0.21 ms cpu, 8->8->5 MB, 8 MB goal, 0 MB stacks, 0 MB globals, 2 P
time="2026-08-06T18:33:54Z" level=info msg="live clusters: []"
time="2026-08-06T18:33:54Z" level=info msg="[List]Returned objects in log/cluster-metadata/. length of page.Contents: 2, length of page.CommonPrefixes: 0"
time="2026-08-06T18:33:54Z" level=error msg="Failed to parse meta file path: log/cluster-metadata/raycluster/test-ns-25kkd_raycluster-historyserver/, error: invalid path segment count for cluster metadata structure: log/cluster-metadata/raycluster/test-ns-25kkd_raycluster-historyserver/"
time="2026-08-06T18:33:54Z" level=info msg="Parsed cluster raycluster-historyserver for session session_2026-08-06_11-32-01_850718_1 to list"
time="2026-08-06T18:33:54Z" level=info msg="live clusters: []"
time="2026-08-06T18:33:54Z" level=info msg="[List]Returned objects in log/cluster-metadata/. length of page.Contents: 2, length of page.CommonPrefixes: 0"
time="2026-08-06T18:33:54Z" level=error msg="Failed to parse meta file path: log/cluster-metadata/raycluster/test-ns-25kkd_raycluster-historyserver/, error: invalid path segment count for cluster metadata structure: log/cluster-metadata/raycluster/test-ns-25kkd_raycluster-historyserver/"
time="2026-08-06T18:33:54Z" level=info msg="Parsed cluster raycluster-historyserver for session session_2026-08-06_11-32-01_850718_1 to list"
time="2026-08-06T18:33:54Z" level=info msg="live clusters: []"
time="2026-08-06T18:33:54Z" level=info msg="[List]Returned objects in log/cluster-metadata/. length of page.Contents: 2, length of page.CommonPrefixes: 0"
time="2026-08-06T18:33:54Z" level=error msg="Failed to parse meta file path: log/cluster-metadata/raycluster/test-ns-25kkd_raycluster-historyserver/, error: invalid path segment count for cluster metadata structure: log/cluster-metadata/raycluster/test-ns-25kkd_raycluster-historyserver/"
time="2026-08-06T18:33:54Z" level=info msg="Parsed cluster raycluster-historyserver for session session_2026-08-06_11-32-01_850718_1 to list"
time="2026-08-06T18:33:54Z" level=info msg="live clusters: []"
time="2026-08-06T18:33:54Z" level=info msg="[List]Returned objects in log/cluster-metadata/. length of page.Contents: 2, length of page.CommonPrefixes: 0"
time="2026-08-06T18:33:54Z" level=error msg="Failed to parse meta file path: log/cluster-metadata/raycluster/test-ns-25kkd_raycluster-historyserver/, error: invalid path segment count for cluster metadata structure: log/cluster-metadata/raycluster/test-ns-25kkd_raycluster-historyserver/"
time="2026-08-06T18:33:54Z" level=info msg="Parsed cluster raycluster-historyserver for session session_2026-08-06_11-32-01_850718_1 to list"
time="2026-08-06T18:33:54Z" level=info msg="live clusters: []"
time="2026-08-06T18:33:54Z" level=info msg="[List]Returned objects in log/cluster-metadata/. length of page.Contents: 2, length of page.CommonPrefixes: 0"
time="2026-08-06T18:33:54Z" level=error msg="Failed to parse meta file path: log/cluster-metadata/raycluster/test-ns-25kkd_raycluster-historyserver/, error: invalid path segment count for cluster metadata structure: log/cluster-metadata/raycluster/test-ns-25kkd_raycluster-historyserver/"
time="2026-08-06T18:33:54Z" level=info msg="Parsed cluster raycluster-historyserver for session session_2026-08-06_11-32-01_850718_1 to list"
time="2026-08-06T18:33:54Z" level=info msg="Received request: GET /enter_cluster/test-ns-25kkd/raycluster/raycluster-historyserver/session_2026-08-06_11-32-01_850718_1"
time="2026-08-06T18:33:54Z" level=info msg="[List]Returned objects in log/cluster-metadata/. length of page.Contents: 2, length of page.CommonPrefixes: 0"
time="2026-08-06T18:33:54Z" level=error msg="Failed to parse meta file path: log/cluster-metadata/raycluster/test-ns-25kkd_raycluster-historyserver/, error: invalid path segment count for cluster metadata structure: log/cluster-metadata/raycluster/test-ns-25kkd_raycluster-historyserver/"
time="2026-08-06T18:33:54Z" level=info msg="Parsed cluster raycluster-historyserver for session session_2026-08-06_11-32-01_850718_1 to list"
time="2026-08-06T18:33:54Z" level=info msg="[ListFiles]Returned objects in log/cluster-history/raycluster/test-ns-25kkd/raycluster-historyserver/session_2026-08-06_11-32-01_850718_1/. length of page.Contents: 0, length of page.CommonPrefixes: 3"
time="2026-08-06T18:33:54Z" level=info msg="[ListFiles]Returned objects in log/cluster-history/raycluster/test-ns-25kkd/raycluster-historyserver/session_2026-08-06_11-32-01_850718_1/a17d3cad2abef6d000063920c29c25b77905d5cb11d950fccbddc58c/logs/events/. length of page.Contents: 11, length of page.CommonPrefixes: 0"
time="2026-08-06T18:33:54Z" level=info msg="Prepare to get object log/cluster-history/raycluster/test-ns-25kkd/raycluster-historyserver/session_2026-08-06_11-32-01_850718_1/a17d3cad2abef6d000063920c29c25b77905d5cb11d950fccbddc58c/logs/events/event_AUTOSCALER.log info ..."
time="2026-08-06T18:33:54Z" level=info msg="Prepare to get object log/cluster-history/raycluster/test-ns-25kkd/raycluster-historyserver/session_2026-08-06_11-32-01_850718_1/a17d3cad2abef6d000063920c29c25b77905d5cb11d950fccbddc58c/logs/events/event_CORE_WORKER_1018.log info ..."
time="2026-08-06T18:33:54Z" level=info msg="Prepare to get object log/cluster-history/raycluster/test-ns-25kkd/raycluster-historyserver/session_2026-08-06_11-32-01_850718_1/a17d3cad2abef6d000063920c29c25b77905d5cb11d950fccbddc58c/logs/events/event_CORE_WORKER_1182.log info ..."
time="2026-08-06T18:33:54Z" level=info msg="Prepare to get object log/cluster-history/raycluster/test-ns-25kkd/raycluster-historyserver/session_2026-08-06_11-32-01_850718_1/a17d3cad2abef6d000063920c29c25b77905d5cb11d950fccbddc58c/logs/events/event_CORE_WORKER_199.log info ..."
time="2026-08-06T18:33:54Z" level=info msg="Prepare to get object log/cluster-history/raycluster/test-ns-25kkd/raycluster-historyserver/session_2026-08-06_11-32-01_850718_1/a17d3cad2abef6d000063920c29c25b77905d5cb11d950fccbddc58c/logs/events/event_CORE_WORKER_204.log info ..."
time="2026-08-06T18:33:54Z" level=info msg="Prepare to get object log/cluster-history/raycluster/test-ns-25kkd/raycluster-historyserver/session_2026-08-06_11-32-01_850718_1/a17d3cad2abef6d000063920c29c25b77905d5cb11d950fccbddc58c/logs/events/event_CORE_WORKER_677.log info ..."
time="2026-08-06T18:33:54Z" level=info msg="Prepare to get object log/cluster-history/raycluster/test-ns-25kkd/raycluster-historyserver/session_2026-08-06_11-32-01_850718_1/a17d3cad2abef6d000063920c29c25b77905d5cb11d950fccbddc58c/logs/events/event_CORE_WORKER_962.log info ..."
time="2026-08-06T18:33:54Z" level=info msg="Prepare to get object log/cluster-history/raycluster/test-ns-25kkd/raycluster-historyserver/session_2026-08-06_11-32-01_850718_1/a17d3cad2abef6d000063920c29c25b77905d5cb11d950fccbddc58c/logs/events/event_GCS.log info ..."
time="2026-08-06T18:33:54Z" level=info msg="Prepare to get object log/cluster-history/raycluster/test-ns-25kkd/raycluster-historyserver/session_2026-08-06_11-32-01_850718_1/a17d3cad2abef6d000063920c29c25b77905d5cb11d950fccbddc58c/logs/events/event_JOBS.log info ..."
time="2026-08-06T18:33:54Z" level=info msg="Prepare to get object log/cluster-history/raycluster/test-ns-25kkd/raycluster-historyserver/session_2026-08-06_11-32-01_850718_1/a17d3cad2abef6d000063920c29c25b77905d5cb11d950fccbddc58c/logs/events/event_RAYLET.log info ..."
time="2026-08-06T18:33:54Z" level=info msg="[ListFiles]Returned objects in log/cluster-history/raycluster/test-ns-25kkd/raycluster-historyserver/session_2026-08-06_11-32-01_850718_1/b01c3707fef5fbe9153a59f41d195c622230e9fece719d810b226f9d/logs/events/. length of page.Contents: 13, length of page.CommonPrefixes: 0"
time="2026-08-06T18:33:54Z" level=info msg="Prepare to get object log/cluster-history/raycluster/test-ns-25kkd/raycluster-historyserver/session_2026-08-06_11-32-01_850718_1/b01c3707fef5fbe9153a59f41d195c622230e9fece719d810b226f9d/logs/events/event_CORE_WORKER_228.log info ..."
time="2026-08-06T18:33:54Z" level=info msg="Prepare to get object log/cluster-history/raycluster/test-ns-25kkd/raycluster-historyserver/session_2026-08-06_11-32-01_850718_1/b01c3707fef5fbe9153a59f41d195c622230e9fece719d810b226f9d/logs/events/event_CORE_WORKER_229.log info ..."
time="2026-08-06T18:33:54Z" level=info msg="Prepare to get object log/cluster-history/raycluster/test-ns-25kkd/raycluster-historyserver/session_2026-08-06_11-32-01_850718_1/b01c3707fef5fbe9153a59f41d195c622230e9fece719d810b226f9d/logs/events/event_CORE_WORKER_313.log info ..."
time="2026-08-06T18:33:54Z" level=info msg="Prepare to get object log/cluster-history/raycluster/test-ns-25kkd/raycluster-historyserver/session_2026-08-06_11-32-01_850718_1/b01c3707fef5fbe9153a59f41d195c622230e9fece719d810b226f9d/logs/events/event_CORE_WORKER_319.log info ..."
time="2026-08-06T18:33:54Z" level=info msg="Prepare to get object log/cluster-history/raycluster/test-ns-25kkd/raycluster-historyserver/session_2026-08-06_11-32-01_850718_1/b01c3707fef5fbe9153a59f41d195c622230e9fece719d810b226f9d/logs/events/event_CORE_WORKER_410.log info ..."
time="2026-08-06T18:33:54Z" level=info msg="Prepare to get object log/cluster-history/raycluster/test-ns-25kkd/raycluster-historyserver/session_2026-08-06_11-32-01_850718_1/b01c3707fef5fbe9153a59f41d195c622230e9fece719d810b226f9d/logs/events/event_CORE_WORKER_419.log info ..."
time="2026-08-06T18:33:54Z" level=info msg="Prepare to get object log/cluster-history/raycluster/test-ns-25kkd/raycluster-historyserver/session_2026-08-06_11-32-01_850718_1/b01c3707fef5fbe9153a59f41d195c622230e9fece719d810b226f9d/logs/events/event_CORE_WORKER_509.log info ..."
time="2026-08-06T18:33:54Z" level=info msg="Prepare to get object log/cluster-history/raycluster/test-ns-25kkd/raycluster-historyserver/session_2026-08-06_11-32-01_850718_1/b01c3707fef5fbe9153a59f41d195c622230e9fece719d810b226f9d/logs/events/event_CORE_WORKER_513.log info ..."
time="2026-08-06T18:33:54Z" level=info msg="Prepare to get object log/cluster-history/raycluster/test-ns-25kkd/raycluster-historyserver/session_2026-08-06_11-32-01_850718_1/b01c3707fef5fbe9153a59f41d195c622230e9fece719d810b226f9d/logs/events/event_CORE_WORKER_605.log info ..."
time="2026-08-06T18:33:54Z" level=info msg="Prepare to get object log/cluster-history/raycluster/test-ns-25kkd/raycluster-historyserver/session_2026-08-06_11-32-01_850718_1/b01c3707fef5fbe9153a59f41d195c622230e9fece719d810b226f9d/logs/events/event_CORE_WORKER_608.log info ..."
time="2026-08-06T18:33:54Z" level=info msg="Prepare to get object log/cluster-history/raycluster/test-ns-25kkd/raycluster-historyserver/session_2026-08-06_11-32-01_850718_1/b01c3707fef5fbe9153a59f41d195c622230e9fece719d810b226f9d/logs/events/event_CORE_WORKER_683.log info ..."
time="2026-08-06T18:33:54Z" level=info msg="Prepare to get object log/cluster-history/raycluster/test-ns-25kkd/raycluster-historyserver/session_2026-08-06_11-32-01_850718_1/b01c3707fef5fbe9153a59f41d195c622230e9fece719d810b226f9d/logs/events/event_RAYLET.log info ..."
time="2026-08-06T18:33:54Z" level=info msg="[ListFiles]Returned objects in log/cluster-history/raycluster/test-ns-25kkd/raycluster-historyserver/session_2026-08-06_11-32-01_850718_1/fetched_endpoints/logs/events/. length of page.Contents: 0, length of page.CommonPrefixes: 0"
time="2026-08-06T18:33:54Z" level=info msg="[ListFiles]Returned objects in log/cluster-history/raycluster/test-ns-25kkd/raycluster-historyserver/session_2026-08-06_11-32-01_850718_1/. length of page.Contents: 0, length of page.CommonPrefixes: 3"
time="2026-08-06T18:33:54Z" level=info msg="[ListFiles]Returned objects in log/cluster-history/raycluster/test-ns-25kkd/raycluster-historyserver/session_2026-08-06_11-32-01_850718_1/a17d3cad2abef6d000063920c29c25b77905d5cb11d950fccbddc58c/job_events/. length of page.Contents: 0, length of page.CommonPrefixes: 4"
time="2026-08-06T18:33:54Z" level=info msg="[ListFiles]Returned objects in log/cluster-history/raycluster/test-ns-25kkd/raycluster-historyserver/session_2026-08-06_11-32-01_850718_1/a17d3cad2abef6d000063920c29c25b77905d5cb11d950fccbddc58c/job_events/01000000/. length of page.Contents: 2, length of page.CommonPrefixes: 0"
time="2026-08-06T18:33:54Z" level=info msg="[ListFiles]Returned objects in log/cluster-history/raycluster/test-ns-25kkd/raycluster-historyserver/session_2026-08-06_11-32-01_850718_1/a17d3cad2abef6d000063920c29c25b77905d5cb11d950fccbddc58c/job_events/02000000/. length of page.Contents: 2, length of page.CommonPrefixes: 0"
time="2026-08-06T18:33:54Z" level=info msg="[ListFiles]Returned objects in log/cluster-history/raycluster/test-ns-25kkd/raycluster-historyserver/session_2026-08-06_11-32-01_850718_1/a17d3cad2abef6d000063920c29c25b77905d5cb11d950fccbddc58c/job_events/03000000/. length of page.Contents: 3, length of page.CommonPrefixes: 0"
time="2026-08-06T18:33:54Z" level=info msg="[ListFiles]Returned objects in log/cluster-history/raycluster/test-ns-25kkd/raycluster-historyserver/session_2026-08-06_11-32-01_850718_1/a17d3cad2abef6d000063920c29c25b77905d5cb11d950fccbddc58c/job_events/04000000/. length of page.Contents: 2, length of page.CommonPrefixes: 0"
time="2026-08-06T18:33:54Z" level=info msg="[ListFiles]Returned objects in log/cluster-history/raycluster/test-ns-25kkd/raycluster-historyserver/session_2026-08-06_11-32-01_850718_1/b01c3707fef5fbe9153a59f41d195c622230e9fece719d810b226f9d/job_events/. length of page.Contents: 0, length of page.CommonPrefixes: 1"
time="2026-08-06T18:33:54Z" level=info msg="[ListFiles]Returned objects in log/cluster-history/raycluster/test-ns-25kkd/raycluster-historyserver/session_2026-08-06_11-32-01_850718_1/b01c3707fef5fbe9153a59f41d195c622230e9fece719d810b226f9d/job_events/03000000/. length of page.Contents: 3, length of page.CommonPrefixes: 0"
time="2026-08-06T18:33:54Z" level=info msg="[ListFiles]Returned objects in log/cluster-history/raycluster/test-ns-25kkd/raycluster-historyserver/session_2026-08-06_11-32-01_850718_1/fetched_endpoints/job_events/. length of page.Contents: 0, length of page.CommonPrefixes: 0"
time="2026-08-06T18:33:54Z" level=info msg="[ListFiles]Returned objects in log/cluster-history/raycluster/test-ns-25kkd/raycluster-historyserver/session_2026-08-06_11-32-01_850718_1/. length of page.Contents: 0, length of page.CommonPrefixes: 3"
time="2026-08-06T18:33:54Z" level=info msg="[ListFiles]Returned objects in log/cluster-history/raycluster/test-ns-25kkd/raycluster-historyserver/session_2026-08-06_11-32-01_850718_1/a17d3cad2abef6d000063920c29c25b77905d5cb11d950fccbddc58c/node_events/. length of page.Contents: 2, length of page.CommonPrefixes: 0"
time="2026-08-06T18:33:54Z" level=info msg="[ListFiles]Returned objects in log/cluster-history/raycluster/test-ns-25kkd/raycluster-historyserver/session_2026-08-06_11-32-01_850718_1/b01c3707fef5fbe9153a59f41d195c622230e9fece719d810b226f9d/node_events/. length of page.Contents: 0, length of page.CommonPrefixes: 0"
time="2026-08-06T18:33:54Z" level=info msg="[ListFiles]Returned objects in log/cluster-history/raycluster/test-ns-25kkd/raycluster-historyserver/session_2026-08-06_11-32-01_850718_1/fetched_endpoints/node_events/. length of page.Contents: 0, length of page.CommonPrefixes: 0"
time="2026-08-06T18:33:54Z" level=info msg="Prepare to get object log/cluster-history/raycluster/test-ns-25kkd/raycluster-historyserver/session_2026-08-06_11-32-01_850718_1/a17d3cad2abef6d000063920c29c25b77905d5cb11d950fccbddc58c/job_events/01000000/a17d3cad2abef6d000063920c29c25b77905d5cb11d950fccbddc58c-2026-08-06-18-1786041127443908751.jsonl info ..."
time="2026-08-06T18:33:55Z" level=info msg="Prepare to get object log/cluster-history/raycluster/test-ns-25kkd/raycluster-historyserver/session_2026-08-06_11-32-01_850718_1/a17d3cad2abef6d000063920c29c25b77905d5cb11d950fccbddc58c/job_events/02000000/a17d3cad2abef6d000063920c29c25b77905d5cb11d950fccbddc58c-2026-08-06-18-1786041145889122385.jsonl info ..."
gc 4 @2.892s 1%: 0.15+12+0.099 ms clock, 0.31+0.48/1.7/10+0.19 ms cpu, 12->12->7 MB, 12 MB goal, 0 MB stacks, 0 MB globals, 2 P
time="2026-08-06T18:33:55Z" level=info msg="Prepare to get object log/cluster-history/raycluster/test-ns-25kkd/raycluster-historyserver/session_2026-08-06_11-32-01_850718_1/a17d3cad2abef6d000063920c29c25b77905d5cb11d950fccbddc58c/job_events/03000000/a17d3cad2abef6d000063920c29c25b77905d5cb11d950fccbddc58c-2026-08-06-18-1786041146890102219.jsonl info ..."
gc 5 @2.916s 2%: 0.18+75+0.050 ms clock, 0.37+0.038/53/27+0.10 ms cpu, 15->15->14 MB, 16 MB goal, 0 MB stacks, 0 MB globals, 2 P
gc 6 @3.003s 2%: 0.12+12+0.043 ms clock, 0.25+0/7.1/9.3+0.087 ms cpu, 34->34->34 MB, 34 MB goal, 0 MB stacks, 0 MB globals, 2 P
gc 7 @3.097s 3%: 0.13+46+0.033 ms clock, 0.27+0/59/15+0.066 ms cpu, 69->69->69 MB, 69 MB goal, 0 MB stacks, 0 MB globals, 2 P
gc 8 @3.223s 3%: 0.14+75+0.042 ms clock, 0.28+0/12/66+0.084 ms cpu, 147->147->147 MB, 147 MB goal, 0 MB stacks, 0 MB globals, 2 P
gc 9 @3.489s 3%: 0.13+14+0.039 ms clock, 0.26+2.8/7.3/7.9+0.078 ms cpu, 296->296->155 MB, 296 MB goal, 0 MB stacks, 0 MB globals, 2 P
gc 10 @3.620s 3%: 0.15+321+0.076 ms clock, 0.30+0.45/47/277+0.15 ms cpu, 389->389->249 MB, 389 MB goal, 0 MB stacks, 0 MB globals, 2 P
gc 11 @12.410s 3%: 0.18+1673+0.091 ms clock, 0.36+0.44/815/1057+0.18 ms cpu, 495->507->329 MB, 499 MB goal, 0 MB stacks, 0 MB globals, 2 P
gc 12 @24.429s 5%: 0.15+3772+0.082 ms clock, 0.30+40/1935/2103+0.16 ms cpu, 631->660->586 MB, 659 MB goal, 0 MB stacks, 0 MB globals, 2 P
gc 13 @50.844s 5%: 0.15+5243+0.097 ms clock, 0.30+0.13/2617/3306+0.19 ms cpu, 1110->1136->613 MB, 1172 MB goal, 0 MB stacks, 0 MB globals, 2 P
time="2026-08-06T18:34:56Z" level=info msg="Prepare to get object log/cluster-history/raycluster/test-ns-25kkd/raycluster-historyserver/session_2026-08-06_11-32-01_850718_1/a17d3cad2abef6d000063920c29c25b77905d5cb11d950fccbddc58c/job_events/03000000/a17d3cad2abef6d000063920c29c25b77905d5cb11d950fccbddc58c-2026-08-06-18-1786041187322374126.jsonl info ..."
gc 14 @68.615s 4%: 0.21+2484+0.22 ms clock, 0.43+0.17/1276/1395+0.44 ms cpu, 1143->1163->271 MB, 1226 MB goal, 0 MB stacks, 0 MB globals, 2 P
gc 15 @79.920s 5%: 0.14+4166+0.13 ms clock, 0.29+0.10/2057/2314+0.27 ms cpu, 500->524->373 MB, 543 MB goal, 0 MB stacks, 0 MB globals, 2 P
time="2026-08-06T18:35:25Z" level=info msg="Prepare to get object log/cluster-history/raycluster/test-ns-25kkd/raycluster-historyserver/session_2026-08-06_11-32-01_850718_1/a17d3cad2abef6d000063920c29c25b77905d5cb11d950fccbddc58c/job_events/04000000/a17d3cad2abef6d000063920c29c25b77905d5cb11d950fccbddc58c-2026-08-06-18-1786041162358624795.jsonl info ..."
time="2026-08-06T18:35:25Z" level=info msg="Prepare to get object log/cluster-history/raycluster/test-ns-25kkd/raycluster-historyserver/session_2026-08-06_11-32-01_850718_1/b01c3707fef5fbe9153a59f41d195c622230e9fece719d810b226f9d/job_events/03000000/b01c3707fef5fbe9153a59f41d195c622230e9fece719d810b226f9d-2026-08-06-18-1786041148426965386.jsonl info ..."
gc 16 @93.757s 5%: 0.25+1442+0.055 ms clock, 0.51+1096/733/909+0.11 ms cpu, 673->673->253 MB, 748 MB goal, 0 MB stacks, 0 MB globals, 2 P
gc 17 @95.719s 6%: 0.22+1673+0.047 ms clock, 0.44+1052/861/893+0.094 ms cpu, 499->654->513 MB, 507 MB goal, 0 MB stacks, 0 MB globals, 2 P
gc 18 @111.002s 6%: 0.18+4802+0.10 ms clock, 0.37+0.12/2435/2937+0.20 ms cpu, 874->909->566 MB, 1027 MB goal, 0 MB stacks, 0 MB globals, 2 P
time="2026-08-06T18:35:54Z" level=error msg="Failed to store events for file session_2026-08-06_11-32-01_850718_1/b01c3707fef5fbe9153a59f41d195c622230e9fece719d810b226f9d/job_events/03000000/b01c3707fef5fbe9153a59f41d195c622230e9fece719d810b226f9d-2026-08-06-18-1786041148426965386.jsonl: TASK_LIFECYCLE_EVENT must have at least one state transition"
time="2026-08-06T18:35:54Z" level=error msg="Failed to store events for file session_2026-08-06_11-32-01_850718_1/b01c3707fef5fbe9153a59f41d195c622230e9fece719d810b226f9d/job_events/03000000/b01c3707fef5fbe9153a59f41d195c622230e9fece719d810b226f9d-2026-08-06-18-1786041148426965386.jsonl: TASK_LIFECYCLE_EVENT must have at least one state transition"
time="2026-08-06T18:35:55Z" level=error msg="Failed to store events for file session_2026-08-06_11-32-01_850718_1/b01c3707fef5fbe9153a59f41d195c622230e9fece719d810b226f9d/job_events/03000000/b01c3707fef5fbe9153a59f41d195c622230e9fece719d810b226f9d-2026-08-06-18-1786041148426965386.jsonl: TASK_LIFECYCLE_EVENT must have at least one state transition"
time="2026-08-06T18:35:55Z" level=error msg="Failed to store events for file session_2026-08-06_11-32-01_850718_1/b01c3707fef5fbe9153a59f41d195c622230e9fece719d810b226f9d/job_events/03000000/b01c3707fef5fbe9153a59f41d195c622230e9fece719d810b226f9d-2026-08-06-18-1786041148426965386.jsonl: TASK_LIFECYCLE_EVENT must have at least one state transition"
time="2026-08-06T18:35:56Z" level=error msg="Failed to store events for file session_2026-08-06_11-32-01_850718_1/b01c3707fef5fbe9153a59f41d195c622230e9fece719d810b226f9d/job_events/03000000/b01c3707fef5fbe9153a59f41d195c622230e9fece719d810b226f9d-2026-08-06-18-1786041148426965386.jsonl: TASK_LIFECYCLE_EVENT must have at least one state transition"
time="2026-08-06T18:35:56Z" level=error msg="Failed to store events for file session_2026-08-06_11-32-01_850718_1/b01c3707fef5fbe9153a59f41d195c622230e9fece719d810b226f9d/job_events/03000000/b01c3707fef5fbe9153a59f41d195c622230e9fece719d810b226f9d-2026-08-06-18-1786041148426965386.jsonl: TASK_LIFECYCLE_EVENT must have at least one state transition"
time="2026-08-06T18:35:56Z" level=error msg="Failed to store events for file session_2026-08-06_11-32-01_850718_1/b01c3707fef5fbe9153a59f41d195c622230e9fece719d810b226f9d/job_events/03000000/b01c3707fef5fbe9153a59f41d195c622230e9fece719d810b226f9d-2026-08-06-18-1786041148426965386.jsonl: TASK_LIFECYCLE_EVENT must have at least one state transition"
time="2026-08-06T18:35:56Z" level=error msg="Failed to store events for file session_2026-08-06_11-32-01_850718_1/b01c3707fef5fbe9153a59f41d195c622230e9fece719d810b226f9d/job_events/03000000/b01c3707fef5fbe9153a59f41d195c622230e9fece719d810b226f9d-2026-08-06-18-1786041148426965386.jsonl: TASK_LIFECYCLE_EVENT must have at least one state transition"
time="2026-08-06T18:35:56Z" level=error msg="Failed to store events for file session_2026-08-06_11-32-01_850718_1/b01c3707fef5fbe9153a59f41d195c622230e9fece719d810b226f9d/job_events/03000000/b01c3707fef5fbe9153a59f41d195c622230e9fece719d810b226f9d-2026-08-06-18-1786041148426965386.jsonl: TASK_LIFECYCLE_EVENT must have at least one state transition"
time="2026-08-06T18:35:57Z" level=error msg="Failed to store events for file session_2026-08-06_11-32-01_850718_1/b01c3707fef5fbe9153a59f41d195c622230e9fece719d810b226f9d/job_events/03000000/b01c3707fef5fbe9153a59f41d195c622230e9fece719d810b226f9d-2026-08-06-18-1786041148426965386.jsonl: TASK_LIFECYCLE_EVENT must have at least one state transition"
time="2026-08-06T18:35:57Z" level=error msg="Failed to store events for file session_2026-08-06_11-32-01_850718_1/b01c3707fef5fbe9153a59f41d195c622230e9fece719d810b226f9d/job_events/03000000/b01c3707fef5fbe9153a59f41d195c622230e9fece719d810b226f9d-2026-08-06-18-1786041148426965386.jsonl: TASK_LIFECYCLE_EVENT must have at least one state transition"
time="2026-08-06T18:35:58Z" level=error msg="Failed to store events for file session_2026-08-06_11-32-01_850718_1/b01c3707fef5fbe9153a59f41d195c622230e9fece719d810b226f9d/job_events/03000000/b01c3707fef5fbe9153a59f41d195c622230e9fece719d810b226f9d-2026-08-06-18-1786041148426965386.jsonl: TASK_LIFECYCLE_EVENT must have at least one state transition"
time="2026-08-06T18:35:59Z" level=error msg="Failed to store events for file session_2026-08-06_11-32-01_850718_1/b01c3707fef5fbe9153a59f41d195c622230e9fece719d810b226f9d/job_events/03000000/b01c3707fef5fbe9153a59f41d195c622230e9fece719d810b226f9d-2026-08-06-18-1786041148426965386.jsonl: TASK_LIFECYCLE_EVENT must have at least one state transition"
time="2026-08-06T18:35:59Z" level=error msg="Failed to store events for file session_2026-08-06_11-32-01_850718_1/b01c3707fef5fbe9153a59f41d195c622230e9fece719d810b226f9d/job_events/03000000/b01c3707fef5fbe9153a59f41d195c622230e9fece719d810b226f9d-2026-08-06-18-1786041148426965386.jsonl: TASK_LIFECYCLE_EVENT must have at least one state transition"
time="2026-08-06T18:36:00Z" level=error msg="Failed to store events for file session_2026-08-06_11-32-01_850718_1/b01c3707fef5fbe9153a59f41d195c622230e9fece719d810b226f9d/job_events/03000000/b01c3707fef5fbe9153a59f41d195c622230e9fece719d810b226f9d-2026-08-06-18-1786041148426965386.jsonl: TASK_LIFECYCLE_EVENT must have at least one state transition"
time="2026-08-06T18:36:00Z" level=error msg="Failed to store events for file session_2026-08-06_11-32-01_850718_1/b01c3707fef5fbe9153a59f41d195c622230e9fece719d810b226f9d/job_events/03000000/b01c3707fef5fbe9153a59f41d195c622230e9fece719d810b226f9d-2026-08-06-18-1786041148426965386.jsonl: TASK_LIFECYCLE_EVENT must have at least one state transition"
time="2026-08-06T18:36:00Z" level=error msg="Failed to store events for file session_2026-08-06_11-32-01_850718_1/b01c3707fef5fbe9153a59f41d195c622230e9fece719d810b226f9d/job_events/03000000/b01c3707fef5fbe9153a59f41d195c622230e9fece719d810b226f9d-2026-08-06-18-1786041148426965386.jsonl: TASK_LIFECYCLE_EVENT must have at least one state transition"
time="2026-08-06T18:36:01Z" level=error msg="Failed to store events for file session_2026-08-06_11-32-01_850718_1/b01c3707fef5fbe9153a59f41d195c622230e9fece719d810b226f9d/job_events/03000000/b01c3707fef5fbe9153a59f41d195c622230e9fece719d810b226f9d-2026-08-06-18-1786041148426965386.jsonl: TASK_LIFECYCLE_EVENT must have at least one state transition"
time="2026-08-06T18:36:01Z" level=error msg="Failed to store events for file session_2026-08-06_11-32-01_850718_1/b01c3707fef5fbe9153a59f41d195c622230e9fece719d810b226f9d/job_events/03000000/b01c3707fef5fbe9153a59f41d195c622230e9fece719d810b226f9d-2026-08-06-18-1786041148426965386.jsonl: TASK_LIFECYCLE_EVENT must have at least one state transition"
time="2026-08-06T18:36:02Z" level=error msg="Failed to store events for file session_2026-08-06_11-32-01_850718_1/b01c3707fef5fbe9153a59f41d195c622230e9fece719d810b226f9d/job_events/03000000/b01c3707fef5fbe9153a59f41d195c622230e9fece719d810b226f9d-2026-08-06-18-1786041148426965386.jsonl: TASK_LIFECYCLE_EVENT must have at least one state transition"
time="2026-08-06T18:36:02Z" level=error msg="Failed to store events for file session_2026-08-06_11-32-01_850718_1/b01c3707fef5fbe9153a59f41d195c622230e9fece719d810b226f9d/job_events/03000000/b01c3707fef5fbe9153a59f41d195c622230e9fece719d810b226f9d-2026-08-06-18-1786041148426965386.jsonl: TASK_LIFECYCLE_EVENT must have at least one state transition"
time="2026-08-06T18:36:02Z" level=error msg="Failed to store events for file session_2026-08-06_11-32-01_850718_1/b01c3707fef5fbe9153a59f41d195c622230e9fece719d810b226f9d/job_events/03000000/b01c3707fef5fbe9153a59f41d195c622230e9fece719d810b226f9d-2026-08-06-18-1786041148426965386.jsonl: TASK_LIFECYCLE_EVENT must have at least one state transition"
time="2026-08-06T18:36:02Z" level=error msg="Failed to store events for file session_2026-08-06_11-32-01_850718_1/b01c3707fef5fbe9153a59f41d195c622230e9fece719d810b226f9d/job_events/03000000/b01c3707fef5fbe9153a59f41d195c622230e9fece719d810b226f9d-2026-08-06-18-1786041148426965386.jsonl: TASK_LIFECYCLE_EVENT must have at least one state transition"
time="2026-08-06T18:36:03Z" level=error msg="Failed to store events for file session_2026-08-06_11-32-01_850718_1/b01c3707fef5fbe9153a59f41d195c622230e9fece719d810b226f9d/job_events/03000000/b01c3707fef5fbe9153a59f41d195c622230e9fece719d810b226f9d-2026-08-06-18-1786041148426965386.jsonl: TASK_LIFECYCLE_EVENT must have at least one state transition"
time="2026-08-06T18:36:03Z" level=error msg="Failed to store events for file session_2026-08-06_11-32-01_850718_1/b01c3707fef5fbe9153a59f41d195c622230e9fece719d810b226f9d/job_events/03000000/b01c3707fef5fbe9153a59f41d195c622230e9fece719d810b226f9d-2026-08-06-18-1786041148426965386.jsonl: TASK_LIFECYCLE_EVENT must have at least one state transition"
time="2026-08-06T18:36:04Z" level=error msg="Failed to store events for file session_2026-08-06_11-32-01_850718_1/b01c3707fef5fbe9153a59f41d195c622230e9fece719d810b226f9d/job_events/03000000/b01c3707fef5fbe9153a59f41d195c622230e9fece719d810b226f9d-2026-08-06-18-1786041148426965386.jsonl: TASK_LIFECYCLE_EVENT must have at least one state transition"
time="2026-08-06T18:36:04Z" level=error msg="Failed to store events for file session_2026-08-06_11-32-01_850718_1/b01c3707fef5fbe9153a59f41d195c622230e9fece719d810b226f9d/job_events/03000000/b01c3707fef5fbe9153a59f41d195c622230e9fece719d810b226f9d-2026-08-06-18-1786041148426965386.jsonl: TASK_LIFECYCLE_EVENT must have at least one state transition"
time="2026-08-06T18:36:04Z" level=error msg="Failed to store events for file session_2026-08-06_11-32-01_850718_1/b01c3707fef5fbe9153a59f41d195c622230e9fece719d810b226f9d/job_events/03000000/b01c3707fef5fbe9153a59f41d195c622230e9fece719d810b226f9d-2026-08-06-18-1786041148426965386.jsonl: TASK_LIFECYCLE_EVENT must have at least one state transition"
time="2026-08-06T18:36:05Z" level=error msg="Failed to store events for file session_2026-08-06_11-32-01_850718_1/b01c3707fef5fbe9153a59f41d195c622230e9fece719d810b226f9d/job_events/03000000/b01c3707fef5fbe9153a59f41d195c622230e9fece719d810b226f9d-2026-08-06-18-1786041148426965386.jsonl: TASK_LIFECYCLE_EVENT must have at least one state transition"
time="2026-08-06T18:36:05Z" level=error msg="Failed to store events for file session_2026-08-06_11-32-01_850718_1/b01c3707fef5fbe9153a59f41d195c622230e9fece719d810b226f9d/job_events/03000000/b01c3707fef5fbe9153a59f41d195c622230e9fece719d810b226f9d-2026-08-06-18-1786041148426965386.jsonl: TASK_LIFECYCLE_EVENT must have at least one state transition"
time="2026-08-06T18:36:06Z" level=error msg="Failed to store events for file session_2026-08-06_11-32-01_850718_1/b01c3707fef5fbe9153a59f41d195c622230e9fece719d810b226f9d/job_events/03000000/b01c3707fef5fbe9153a59f41d195c622230e9fece719d810b226f9d-2026-08-06-18-1786041148426965386.jsonl: TASK_LIFECYCLE_EVENT must have at least one state transition"
time="2026-08-06T18:36:07Z" level=error msg="Failed to store events for file session_2026-08-06_11-32-01_850718_1/b01c3707fef5fbe9153a59f41d195c622230e9fece719d810b226f9d/job_events/03000000/b01c3707fef5fbe9153a59f41d195c622230e9fece719d810b226f9d-2026-08-06-18-1786041148426965386.jsonl: TASK_LIFECYCLE_EVENT must have at least one state transition"
time="2026-08-06T18:36:08Z" level=error msg="Failed to store events for file session_2026-08-06_11-32-01_850718_1/b01c3707fef5fbe9153a59f41d195c622230e9fece719d810b226f9d/job_events/03000000/b01c3707fef5fbe9153a59f41d195c622230e9fece719d810b226f9d-2026-08-06-18-1786041148426965386.jsonl: TASK_LIFECYCLE_EVENT must have at least one state transition"
time="2026-08-06T18:36:11Z" level=error msg="Failed to store events for file session_2026-08-06_11-32-01_850718_1/b01c3707fef5fbe9153a59f41d195c622230e9fece719d810b226f9d/job_events/03000000/b01c3707fef5fbe9153a59f41d195c622230e9fece719d810b226f9d-2026-08-06-18-1786041148426965386.jsonl: TASK_LIFECYCLE_EVENT must have at least one state transition"
gc 19 @133.301s 6%: 0.20+6499+0.091 ms clock, 0.41+0.30/3268/3713+0.18 ms cpu, 965->1001->606 MB, 1134 MB goal, 0 MB stacks, 0 MB globals, 2 P
time="2026-08-06T18:36:12Z" level=error msg="Failed to store events for file session_2026-08-06_11-32-01_850718_1/b01c3707fef5fbe9153a59f41d195c622230e9fece719d810b226f9d/job_events/03000000/b01c3707fef5fbe9153a59f41d195c622230e9fece719d810b226f9d-2026-08-06-18-1786041148426965386.jsonl: TASK_LIFECYCLE_EVENT must have at least one state transition"
time="2026-08-06T18:36:13Z" level=error msg="Failed to store events for file session_2026-08-06_11-32-01_850718_1/b01c3707fef5fbe9153a59f41d195c622230e9fece719d810b226f9d/job_events/03000000/b01c3707fef5fbe9153a59f41d195c622230e9fece719d810b226f9d-2026-08-06-18-1786041148426965386.jsonl: TASK_LIFECYCLE_EVENT must have at least one state transition"
time="2026-08-06T18:36:13Z" level=error msg="Failed to store events for file session_2026-08-06_11-32-01_850718_1/b01c3707fef5fbe9153a59f41d195c622230e9fece719d810b226f9d/job_events/03000000/b01c3707fef5fbe9153a59f41d195c622230e9fece719d810b226f9d-2026-08-06-18-1786041148426965386.jsonl: TASK_LIFECYCLE_EVENT must have at least one state transition"
time="2026-08-06T18:36:13Z" level=error msg="Failed to store events for file session_2026-08-06_11-32-01_850718_1/b01c3707fef5fbe9153a59f41d195c622230e9fece719d810b226f9d/job_events/03000000/b01c3707fef5fbe9153a59f41d195c622230e9fece719d810b226f9d-2026-08-06-18-1786041148426965386.jsonl: TASK_LIFECYCLE_EVENT must have at least one state transition"
time="2026-08-06T18:36:14Z" level=error msg="Failed to store events for file session_2026-08-06_11-32-01_850718_1/b01c3707fef5fbe9153a59f41d195c622230e9fece719d810b226f9d/job_events/03000000/b01c3707fef5fbe9153a59f41d195c622230e9fece719d810b226f9d-2026-08-06-18-1786041148426965386.jsonl: TASK_LIFECYCLE_EVENT must have at least one state transition"
time="2026-08-06T18:36:14Z" level=error msg="Failed to store events for file session_2026-08-06_11-32-01_850718_1/b01c3707fef5fbe9153a59f41d195c622230e9fece719d810b226f9d/job_events/03000000/b01c3707fef5fbe9153a59f41d195c622230e9fece719d810b226f9d-2026-08-06-18-1786041148426965386.jsonl: TASK_LIFECYCLE_EVENT must have at least one state transition"
time="2026-08-06T18:36:14Z" level=error msg="Failed to store events for file session_2026-08-06_11-32-01_850718_1/b01c3707fef5fbe9153a59f41d195c622230e9fece719d810b226f9d/job_events/03000000/b01c3707fef5fbe9153a59f41d195c622230e9fece719d810b226f9d-2026-08-06-18-1786041148426965386.jsonl: TASK_LIFECYCLE_EVENT must have at least one state transition"
time="2026-08-06T18:36:14Z" level=error msg="Failed to store events for file session_2026-08-06_11-32-01_850718_1/b01c3707fef5fbe9153a59f41d195c622230e9fece719d810b226f9d/job_events/03000000/b01c3707fef5fbe9153a59f41d195c622230e9fece719d810b226f9d-2026-08-06-18-1786041148426965386.jsonl: TASK_LIFECYCLE_EVENT must have at least one state transition"
time="2026-08-06T18:36:15Z" level=error msg="Failed to store events for file session_2026-08-06_11-32-01_850718_1/b01c3707fef5fbe9153a59f41d195c622230e9fece719d810b226f9d/job_events/03000000/b01c3707fef5fbe9153a59f41d195c622230e9fece719d810b226f9d-2026-08-06-18-1786041148426965386.jsonl: TASK_LIFECYCLE_EVENT must have at least one state transition"
time="2026-08-06T18:36:16Z" level=error msg="Failed to store events for file session_2026-08-06_11-32-01_850718_1/b01c3707fef5fbe9153a59f41d195c622230e9fece719d810b226f9d/job_events/03000000/b01c3707fef5fbe9153a59f41d195c622230e9fece719d810b226f9d-2026-08-06-18-1786041148426965386.jsonl: TASK_LIFECYCLE_EVENT must have at least one state transition"
time="2026-08-06T18:36:16Z" level=error msg="Failed to store events for file session_2026-08-06_11-32-01_850718_1/b01c3707fef5fbe9153a59f41d195c622230e9fece719d810b226f9d/job_events/03000000/b01c3707fef5fbe9153a59f41d195c622230e9fece719d810b226f9d-2026-08-06-18-1786041148426965386.jsonl: TASK_LIFECYCLE_EVENT must have at least one state transition"
time="2026-08-06T18:36:16Z" level=error msg="Failed to store events for file session_2026-08-06_11-32-01_850718_1/b01c3707fef5fbe9153a59f41d195c622230e9fece719d810b226f9d/job_events/03000000/b01c3707fef5fbe9153a59f41d195c622230e9fece719d810b226f9d-2026-08-06-18-1786041148426965386.jsonl: TASK_LIFECYCLE_EVENT must have at least one state transition"
time="2026-08-06T18:36:17Z" level=error msg="Failed to store events for file session_2026-08-06_11-32-01_850718_1/b01c3707fef5fbe9153a59f41d195c622230e9fece719d810b226f9d/job_events/03000000/b01c3707fef5fbe9153a59f41d195c622230e9fece719d810b226f9d-2026-08-06-18-1786041148426965386.jsonl: TASK_LIFECYCLE_EVENT must have at least one state transition"
time="2026-08-06T18:36:17Z" level=error msg="Failed to store events for file session_2026-08-06_11-32-01_850718_1/b01c3707fef5fbe9153a59f41d195c622230e9fece719d810b226f9d/job_events/03000000/b01c3707fef5fbe9153a59f41d195c622230e9fece719d810b226f9d-2026-08-06-18-1786041148426965386.jsonl: TASK_LIFECYCLE_EVENT must have at least one state transition"
time="2026-08-06T18:36:18Z" level=error msg="Failed to store events for file session_2026-08-06_11-32-01_850718_1/b01c3707fef5fbe9153a59f41d195c622230e9fece719d810b226f9d/job_events/03000000/b01c3707fef5fbe9153a59f41d195c622230e9fece719d810b226f9d-2026-08-06-18-1786041148426965386.jsonl: TASK_LIFECYCLE_EVENT must have at least one state transition"
time="2026-08-06T18:36:18Z" level=error msg="Failed to store events for file session_2026-08-06_11-32-01_850718_1/b01c3707fef5fbe9153a59f41d195c622230e9fece719d810b226f9d/job_events/03000000/b01c3707fef5fbe9153a59f41d195c622230e9fece719d810b226f9d-2026-08-06-18-1786041148426965386.jsonl: TASK_LIFECYCLE_EVENT must have at least one state transition"
time="2026-08-06T18:36:18Z" level=error msg="Failed to store events for file session_2026-08-06_11-32-01_850718_1/b01c3707fef5fbe9153a59f41d195c622230e9fece719d810b226f9d/job_events/03000000/b01c3707fef5fbe9153a59f41d195c622230e9fece719d810b226f9d-2026-08-06-18-1786041148426965386.jsonl: TASK_LIFECYCLE_EVENT must have at least one state transition"
time="2026-08-06T18:36:19Z" level=error msg="Failed to store events for file session_2026-08-06_11-32-01_850718_1/b01c3707fef5fbe9153a59f41d195c622230e9fece719d810b226f9d/job_events/03000000/b01c3707fef5fbe9153a59f41d195c622230e9fece719d810b226f9d-2026-08-06-18-1786041148426965386.jsonl: TASK_LIFECYCLE_EVENT must have at least one state transition"
time="2026-08-06T18:36:19Z" level=error msg="Failed to store events for file session_2026-08-06_11-32-01_850718_1/b01c3707fef5fbe9153a59f41d195c622230e9fece719d810b226f9d/job_events/03000000/b01c3707fef5fbe9153a59f41d195c622230e9fece719d810b226f9d-2026-08-06-18-1786041148426965386.jsonl: TASK_LIFECYCLE_EVENT must have at least one state transition"
time="2026-08-06T18:36:19Z" level=error msg="Failed to store events for file session_2026-08-06_11-32-01_850718_1/b01c3707fef5fbe9153a59f41d195c622230e9fece719d810b226f9d/job_events/03000000/b01c3707fef5fbe9153a59f41d195c622230e9fece719d810b226f9d-2026-08-06-18-1786041148426965386.jsonl: TASK_LIFECYCLE_EVENT must have at least one state transition"
time="2026-08-06T18:36:20Z" level=error msg="Failed to store events for file session_2026-08-06_11-32-01_850718_1/b01c3707fef5fbe9153a59f41d195c622230e9fece719d810b226f9d/job_events/03000000/b01c3707fef5fbe9153a59f41d195c622230e9fece719d810b226f9d-2026-08-06-18-1786041148426965386.jsonl: TASK_LIFECYCLE_EVENT must have at least one state transition"
time="2026-08-06T18:36:20Z" level=error msg="Failed to store events for file session_2026-08-06_11-32-01_850718_1/b01c3707fef5fbe9153a59f41d195c622230e9fece719d810b226f9d/job_events/03000000/b01c3707fef5fbe9153a59f41d195c622230e9fece719d810b226f9d-2026-08-06-18-1786041148426965386.jsonl: TASK_LIFECYCLE_EVENT must have at least one state transition"
time="2026-08-06T18:36:20Z" level=error msg="Failed to store events for file session_2026-08-06_11-32-01_850718_1/b01c3707fef5fbe9153a59f41d195c622230e9fece719d810b226f9d/job_events/03000000/b01c3707fef5fbe9153a59f41d195c622230e9fece719d810b226f9d-2026-08-06-18-1786041148426965386.jsonl: TASK_LIFECYCLE_EVENT must have at least one state transition"
time="2026-08-06T18:36:21Z" level=error msg="Failed to store events for file session_2026-08-06_11-32-01_850718_1/b01c3707fef5fbe9153a59f41d195c622230e9fece719d810b226f9d/job_events/03000000/b01c3707fef5fbe9153a59f41d195c622230e9fece719d810b226f9d-2026-08-06-18-1786041148426965386.jsonl: TASK_LIFECYCLE_EVENT must have at least one state transition"
time="2026-08-06T18:36:21Z" level=error msg="Failed to store events for file session_2026-08-06_11-32-01_850718_1/b01c3707fef5fbe9153a59f41d195c622230e9fece719d810b226f9d/job_events/03000000/b01c3707fef5fbe9153a59f41d195c622230e9fece719d810b226f9d-2026-08-06-18-1786041148426965386.jsonl: TASK_LIFECYCLE_EVENT must have at least one state transition"
time="2026-08-06T18:36:22Z" level=error msg="Failed to store events for file session_2026-08-06_11-32-01_850718_1/b01c3707fef5fbe9153a59f41d195c622230e9fece719d810b226f9d/job_events/03000000/b01c3707fef5fbe9153a59f41d195c622230e9fece719d810b226f9d-2026-08-06-18-1786041148426965386.jsonl: TASK_LIFECYCLE_EVENT must have at least one state transition"
time="2026-08-06T18:36:22Z" level=error msg="Failed to load session test-ns-25kkd/raycluster-historyserver/session_2026-08-06_11-32-01_850718_1: context deadline exceeded"
time="2026-08-06T18:36:23Z" level=info msg="Received request: GET /enter_cluster/test-ns-25kkd/raycluster/raycluster-historyserver/session_2026-08-06_11-32-01_850718_1"
time="2026-08-06T18:36:23Z" level=info msg="[List]Returned objects in log/cluster-metadata/. length of page.Contents: 2, length of page.CommonPrefixes: 0"
time="2026-08-06T18:36:23Z" level=error msg="Failed to parse meta file path: log/cluster-metadata/raycluster/test-ns-25kkd_raycluster-historyserver/, error: invalid path segment count for cluster metadata structure: log/cluster-metadata/raycluster/test-ns-25kkd_raycluster-historyserver/"
time="2026-08-06T18:36:23Z" level=info msg="Parsed cluster raycluster-historyserver for session session_2026-08-06_11-32-01_850718_1 to list"
time="2026-08-06T18:36:23Z" level=info msg="[ListFiles]Returned objects in log/cluster-history/raycluster/test-ns-25kkd/raycluster-historyserver/session_2026-08-06_11-32-01_850718_1/. length of page.Contents: 0, length of page.CommonPrefixes: 3"
time="2026-08-06T18:36:23Z" level=info msg="[ListFiles]Returned objects in log/cluster-history/raycluster/test-ns-25kkd/raycluster-historyserver/session_2026-08-06_11-32-01_850718_1/a17d3cad2abef6d000063920c29c25b77905d5cb11d950fccbddc58c/logs/events/. length of page.Contents: 11, length of page.CommonPrefixes: 0"
time="2026-08-06T18:36:23Z" level=info msg="Prepare to get object log/cluster-history/raycluster/test-ns-25kkd/raycluster-historyserver/session_2026-08-06_11-32-01_850718_1/a17d3cad2abef6d000063920c29c25b77905d5cb11d950fccbddc58c/logs/events/event_AUTOSCALER.log info ..."
time="2026-08-06T18:36:23Z" level=info msg="Prepare to get object log/cluster-history/raycluster/test-ns-25kkd/raycluster-historyserver/session_2026-08-06_11-32-01_850718_1/a17d3cad2abef6d000063920c29c25b77905d5cb11d950fccbddc58c/logs/events/event_CORE_WORKER_1018.log info ..."
time="2026-08-06T18:36:23Z" level=info msg="Prepare to get object log/cluster-history/raycluster/test-ns-25kkd/raycluster-historyserver/session_2026-08-06_11-32-01_850718_1/a17d3cad2abef6d000063920c29c25b77905d5cb11d950fccbddc58c/logs/events/event_CORE_WORKER_1182.log info ..."
time="2026-08-06T18:36:23Z" level=info msg="Prepare to get object log/cluster-history/raycluster/test-ns-25kkd/raycluster-historyserver/session_2026-08-06_11-32-01_850718_1/a17d3cad2abef6d000063920c29c25b77905d5cb11d950fccbddc58c/logs/events/event_CORE_WORKER_199.log info ..."
time="2026-08-06T18:36:23Z" level=info msg="Prepare to get object log/cluster-history/raycluster/test-ns-25kkd/raycluster-historyserver/session_2026-08-06_11-32-01_850718_1/a17d3cad2abef6d000063920c29c25b77905d5cb11d950fccbddc58c/logs/events/event_CORE_WORKER_204.log info ..."
time="2026-08-06T18:36:23Z" level=info msg="Prepare to get object log/cluster-history/raycluster/test-ns-25kkd/raycluster-historyserver/session_2026-08-06_11-32-01_850718_1/a17d3cad2abef6d000063920c29c25b77905d5cb11d950fccbddc58c/logs/events/event_CORE_WORKER_677.log info ..."
time="2026-08-06T18:36:23Z" level=info msg="Prepare to get object log/cluster-history/raycluster/test-ns-25kkd/raycluster-historyserver/session_2026-08-06_11-32-01_850718_1/a17d3cad2abef6d000063920c29c25b77905d5cb11d950fccbddc58c/logs/events/event_CORE_WORKER_962.log info ..."
time="2026-08-06T18:36:23Z" level=info msg="Prepare to get object log/cluster-history/raycluster/test-ns-25kkd/raycluster-historyserver/session_2026-08-06_11-32-01_850718_1/a17d3cad2abef6d000063920c29c25b77905d5cb11d950fccbddc58c/logs/events/event_GCS.log info ..."
time="2026-08-06T18:36:23Z" level=info msg="Prepare to get object log/cluster-history/raycluster/test-ns-25kkd/raycluster-historyserver/session_2026-08-06_11-32-01_850718_1/a17d3cad2abef6d000063920c29c25b77905d5cb11d950fccbddc58c/logs/events/event_JOBS.log info ..."
time="2026-08-06T18:36:23Z" level=info msg="Prepare to get object log/cluster-history/raycluster/test-ns-25kkd/raycluster-historyserver/session_2026-08-06_11-32-01_850718_1/a17d3cad2abef6d000063920c29c25b77905d5cb11d950fccbddc58c/logs/events/event_RAYLET.log info ..."
time="2026-08-06T18:36:23Z" level=info msg="[ListFiles]Returned objects in log/cluster-history/raycluster/test-ns-25kkd/raycluster-historyserver/session_2026-08-06_11-32-01_850718_1/b01c3707fef5fbe9153a59f41d195c622230e9fece719d810b226f9d/logs/events/. length of page.Contents: 13, length of page.CommonPrefixes: 0"
time="2026-08-06T18:36:23Z" level=info msg="Prepare to get object log/cluster-history/raycluster/test-ns-25kkd/raycluster-historyserver/session_2026-08-06_11-32-01_850718_1/b01c3707fef5fbe9153a59f41d195c622230e9fece719d810b226f9d/logs/events/event_CORE_WORKER_228.log info ..."
time="2026-08-06T18:36:23Z" level=info msg="Prepare to get object log/cluster-history/raycluster/test-ns-25kkd/raycluster-historyserver/session_2026-08-06_11-32-01_850718_1/b01c3707fef5fbe9153a59f41d195c622230e9fece719d810b226f9d/logs/events/event_CORE_WORKER_229.log info ..."
time="2026-08-06T18:36:23Z" level=info msg="Prepare to get object log/cluster-history/raycluster/test-ns-25kkd/raycluster-historyserver/session_2026-08-06_11-32-01_850718_1/b01c3707fef5fbe9153a59f41d195c622230e9fece719d810b226f9d/logs/events/event_CORE_WORKER_313.log info ..."
time="2026-08-06T18:36:23Z" level=info msg="Prepare to get object log/cluster-history/raycluster/test-ns-25kkd/raycluster-historyserver/session_2026-08-06_11-32-01_850718_1/b01c3707fef5fbe9153a59f41d195c622230e9fece719d810b226f9d/logs/events/event_CORE_WORKER_319.log info ..."
time="2026-08-06T18:36:23Z" level=info msg="Prepare to get object log/cluster-history/raycluster/test-ns-25kkd/raycluster-historyserver/session_2026-08-06_11-32-01_850718_1/b01c3707fef5fbe9153a59f41d195c622230e9fece719d810b226f9d/logs/events/event_CORE_WORKER_410.log info ..."
time="2026-08-06T18:36:23Z" level=info msg="Prepare to get object log/cluster-history/raycluster/test-ns-25kkd/raycluster-historyserver/session_2026-08-06_11-32-01_850718_1/b01c3707fef5fbe9153a59f41d195c622230e9fece719d810b226f9d/logs/events/event_CORE_WORKER_419.log info ..."
time="2026-08-06T18:36:23Z" level=info msg="Prepare to get object log/cluster-history/raycluster/test-ns-25kkd/raycluster-historyserver/session_2026-08-06_11-32-01_850718_1/b01c3707fef5fbe9153a59f41d195c622230e9fece719d810b226f9d/logs/events/event_CORE_WORKER_509.log info ..."
time="2026-08-06T18:36:23Z" level=info msg="Prepare to get object log/cluster-history/raycluster/test-ns-25kkd/raycluster-historyserver/session_2026-08-06_11-32-01_850718_1/b01c3707fef5fbe9153a59f41d195c622230e9fece719d810b226f9d/logs/events/event_CORE_WORKER_513.log info ..."
time="2026-08-06T18:36:23Z" level=info msg="Prepare to get object log/cluster-history/raycluster/test-ns-25kkd/raycluster-historyserver/session_2026-08-06_11-32-01_850718_1/b01c3707fef5fbe9153a59f41d195c622230e9fece719d810b226f9d/logs/events/event_CORE_WORKER_605.log info ..."
time="2026-08-06T18:36:23Z" level=info msg="Prepare to get object log/cluster-history/raycluster/test-ns-25kkd/raycluster-historyserver/session_2026-08-06_11-32-01_850718_1/b01c3707fef5fbe9153a59f41d195c622230e9fece719d810b226f9d/logs/events/event_CORE_WORKER_608.log info ..."
time="2026-08-06T18:36:23Z" level=info msg="Prepare to get object log/cluster-history/raycluster/test-ns-25kkd/raycluster-historyserver/session_2026-08-06_11-32-01_850718_1/b01c3707fef5fbe9153a59f41d195c622230e9fece719d810b226f9d/logs/events/event_CORE_WORKER_683.log info ..."
time="2026-08-06T18:36:23Z" level=info msg="Prepare to get object log/cluster-history/raycluster/test-ns-25kkd/raycluster-historyserver/session_2026-08-06_11-32-01_850718_1/b01c3707fef5fbe9153a59f41d195c622230e9fece719d810b226f9d/logs/events/event_RAYLET.log info ..."
time="2026-08-06T18:36:23Z" level=info msg="[ListFiles]Returned objects in log/cluster-history/raycluster/test-ns-25kkd/raycluster-historyserver/session_2026-08-06_11-32-01_850718_1/fetched_endpoints/logs/events/. length of page.Contents: 0, length of page.CommonPrefixes: 0"
time="2026-08-06T18:36:23Z" level=info msg="[ListFiles]Returned objects in log/cluster-history/raycluster/test-ns-25kkd/raycluster-historyserver/session_2026-08-06_11-32-01_850718_1/. length of page.Contents: 0, length of page.CommonPrefixes: 3"
time="2026-08-06T18:36:23Z" level=info msg="[ListFiles]Returned objects in log/cluster-history/raycluster/test-ns-25kkd/raycluster-historyserver/session_2026-08-06_11-32-01_850718_1/a17d3cad2abef6d000063920c29c25b77905d5cb11d950fccbddc58c/job_events/. length of page.Contents: 0, length of page.CommonPrefixes: 4"
time="2026-08-06T18:36:23Z" level=info msg="[ListFiles]Returned objects in log/cluster-history/raycluster/test-ns-25kkd/raycluster-historyserver/session_2026-08-06_11-32-01_850718_1/a17d3cad2abef6d000063920c29c25b77905d5cb11d950fccbddc58c/job_events/01000000/. length of page.Contents: 2, length of page.CommonPrefixes: 0"
time="2026-08-06T18:36:23Z" level=info msg="[ListFiles]Returned objects in log/cluster-history/raycluster/test-ns-25kkd/raycluster-historyserver/session_2026-08-06_11-32-01_850718_1/a17d3cad2abef6d000063920c29c25b77905d5cb11d950fccbddc58c/job_events/02000000/. length of page.Contents: 2, length of page.CommonPrefixes: 0"
time="2026-08-06T18:36:23Z" level=info msg="[ListFiles]Returned objects in log/cluster-history/raycluster/test-ns-25kkd/raycluster-historyserver/session_2026-08-06_11-32-01_850718_1/a17d3cad2abef6d000063920c29c25b77905d5cb11d950fccbddc58c/job_events/03000000/. length of page.Contents: 3, length of page.CommonPrefixes: 0"
time="2026-08-06T18:36:23Z" level=info msg="[ListFiles]Returned objects in log/cluster-history/raycluster/test-ns-25kkd/raycluster-historyserver/session_2026-08-06_11-32-01_850718_1/a17d3cad2abef6d000063920c29c25b77905d5cb11d950fccbddc58c/job_events/04000000/. length of page.Contents: 2, length of page.CommonPrefixes: 0"
time="2026-08-06T18:36:23Z" level=info msg="[ListFiles]Returned objects in log/cluster-history/raycluster/test-ns-25kkd/raycluster-historyserver/session_2026-08-06_11-32-01_850718_1/b01c3707fef5fbe9153a59f41d195c622230e9fece719d810b226f9d/job_events/. length of page.Contents: 0, length of page.CommonPrefixes: 1"
time="2026-08-06T18:36:23Z" level=info msg="[ListFiles]Returned objects in log/cluster-history/raycluster/test-ns-25kkd/raycluster-historyserver/session_2026-08-06_11-32-01_850718_1/b01c3707fef5fbe9153a59f41d195c622230e9fece719d810b226f9d/job_events/03000000/. length of page.Contents: 3, length of page.CommonPrefixes: 0"
time="2026-08-06T18:36:23Z" level=info msg="[ListFiles]Returned objects in log/cluster-history/raycluster/test-ns-25kkd/raycluster-historyserver/session_2026-08-06_11-32-01_850718_1/fetched_endpoints/job_events/. length of page.Contents: 0, length of page.CommonPrefixes: 0"
time="2026-08-06T18:36:23Z" level=info msg="[ListFiles]Returned objects in log/cluster-history/raycluster/test-ns-25kkd/raycluster-historyserver/session_2026-08-06_11-32-01_850718_1/. length of page.Contents: 0, length of page.CommonPrefixes: 3"
time="2026-08-06T18:36:23Z" level=info msg="[ListFiles]Returned objects in log/cluster-history/raycluster/test-ns-25kkd/raycluster-historyserver/session_2026-08-06_11-32-01_850718_1/a17d3cad2abef6d000063920c29c25b77905d5cb11d950fccbddc58c/node_events/. length of page.Contents: 2, length of page.CommonPrefixes: 0"
time="2026-08-06T18:36:23Z" level=info msg="[ListFiles]Returned objects in log/cluster-history/raycluster/test-ns-25kkd/raycluster-historyserver/session_2026-08-06_11-32-01_850718_1/b01c3707fef5fbe9153a59f41d195c622230e9fece719d810b226f9d/node_events/. length of page.Contents: 0, length of page.CommonPrefixes: 0"
time="2026-08-06T18:36:23Z" level=info msg="[ListFiles]Returned objects in log/cluster-history/raycluster/test-ns-25kkd/raycluster-historyserver/session_2026-08-06_11-32-01_850718_1/fetched_endpoints/node_events/. length of page.Contents: 0, length of page.CommonPrefixes: 0"
time="2026-08-06T18:36:23Z" level=info msg="Prepare to get object log/cluster-history/raycluster/test-ns-25kkd/raycluster-historyserver/session_2026-08-06_11-32-01_850718_1/a17d3cad2abef6d000063920c29c25b77905d5cb11d950fccbddc58c/job_events/01000000/a17d3cad2abef6d000063920c29c25b77905d5cb11d950fccbddc58c-2026-08-06-18-1786041127443908751.jsonl info ..."
time="2026-08-06T18:36:23Z" level=info msg="Prepare to get object log/cluster-history/raycluster/test-ns-25kkd/raycluster-historyserver/session_2026-08-06_11-32-01_850718_1/a17d3cad2abef6d000063920c29c25b77905d5cb11d950fccbddc58c/job_events/02000000/a17d3cad2abef6d000063920c29c25b77905d5cb11d950fccbddc58c-2026-08-06-18-1786041145889122385.jsonl info ..."
time="2026-08-06T18:36:23Z" level=info msg="Prepare to get object log/cluster-history/raycluster/test-ns-25kkd/raycluster-historyserver/session_2026-08-06_11-32-01_850718_1/a17d3cad2abef6d000063920c29c25b77905d5cb11d950fccbddc58c/job_events/03000000/a17d3cad2abef6d000063920c29c25b77905d5cb11d950fccbddc58c-2026-08-06-18-1786041146890102219.jsonl info ..."
gc 20 @151.764s 6%: 0.17+186+0.050 ms clock, 0.35+0.84/13/177+0.10 ms cpu, 1096->1097->129 MB, 1213 MB goal, 0 MB stacks, 0 MB globals, 2 P
gc 21 @152.645s 6%: 0.28+100+0.10 ms clock, 0.57+0.78/55/45+0.20 ms cpu, 221->221->221 MB, 259 MB goal, 0 MB stacks, 0 MB globals, 2 P
gc 22 @152.889s 6%: 0.19+55+0.078 ms clock, 0.38+0.26/11/46+0.15 ms cpu, 390->390->128 MB, 443 MB goal, 0 MB stacks, 0 MB globals, 2 P
gc 23 @156.168s 6%: 0.18+576+0.074 ms clock, 0.36+0.15/302/398+0.14 ms cpu, 219->222->201 MB, 257 MB goal, 0 MB stacks, 0 MB globals, 2 P
gc 24 @162.298s 6%: 0.14+1951+0.086 ms clock, 0.29+0.24/1026/940+0.17 ms cpu, 363->379->340 MB, 404 MB goal, 0 MB stacks, 0 MB globals, 2 P
gc 25 @172.357s 6%: 0.20+3290+0.12 ms clock, 0.40+0.11/1672/2050+0.24 ms cpu, 580->605->543 MB, 681 MB goal, 0 MB stacks, 0 MB globals, 2 P
gc 26 @191.057s 6%: 0.16+5035+0.093 ms clock, 0.33+0.10/2523/3162+0.18 ms cpu, 926->955->584 MB, 1087 MB goal, 0 MB stacks, 0 MB globals, 2 P
time="2026-08-06T18:37:25Z" level=info msg="Prepare to get object log/cluster-history/raycluster/test-ns-25kkd/raycluster-historyserver/session_2026-08-06_11-32-01_850718_1/a17d3cad2abef6d000063920c29c25b77905d5cb11d950fccbddc58c/job_events/03000000/a17d3cad2abef6d000063920c29c25b77905d5cb11d950fccbddc58c-2026-08-06-18-1786041187322374126.jsonl info ..."
gc 27 @213.167s 5%: 0.17+1026+0.10 ms clock, 0.34+758/514/761+0.21 ms cpu, 1079->1097->186 MB, 1168 MB goal, 0 MB stacks, 0 MB globals, 2 P
gc 28 @215.964s 6%: 20+1661+0.10 ms clock, 41+0.11/825/1243+0.21 ms cpu, 318->329->205 MB, 374 MB goal, 0 MB stacks, 0 MB globals, 2 P
gc 29 @222.787s 6%: 0.17+2901+0.092 ms clock, 0.35+0.085/1468/1929+0.18 ms cpu, 349->370->334 MB, 410 MB goal, 0 MB stacks, 0 MB globals, 2 P
gc 30 @235.488s 6%: 0.19+3499+0.076 ms clock, 0.39+0.13/1800/2594+0.15 ms cpu, 570->587->380 MB, 669 MB goal, 0 MB stacks, 0 MB globals, 2 P
time="2026-08-06T18:37:56Z" level=info msg="Prepare to get object log/cluster-history/raycluster/test-ns-25kkd/raycluster-historyserver/session_2026-08-06_11-32-01_850718_1/a17d3cad2abef6d000063920c29c25b77905d5cb11d950fccbddc58c/job_events/04000000/a17d3cad2abef6d000063920c29c25b77905d5cb11d950fccbddc58c-2026-08-06-18-1786041162358624795.jsonl info ..."
time="2026-08-06T18:37:56Z" level=info msg="Prepare to get object log/cluster-history/raycluster/test-ns-25kkd/raycluster-historyserver/session_2026-08-06_11-32-01_850718_1/b01c3707fef5fbe9153a59f41d195c622230e9fece719d810b226f9d/job_events/03000000/b01c3707fef5fbe9153a59f41d195c622230e9fece719d810b226f9d-2026-08-06-18-1786041148426965386.jsonl info ..."
gc 31 @244.764s 6%: 0.20+1428+0.048 ms clock, 0.41+1042/720/1061+0.096 ms cpu, 650->650->300 MB, 762 MB goal, 0 MB stacks, 0 MB globals, 2 P
gc 32 @246.687s 6%: 0.16+1797+0.095 ms clock, 0.33+1224/887/883+0.19 ms cpu, 546->655->514 MB, 600 MB goal, 0 MB stacks, 0 MB globals, 2 P
gc 33 @262.142s 6%: 0.26+5897+0.28 ms clock, 0.53+0.25/2950/3037+0.56 ms cpu, 876->923->579 MB, 1029 MB goal, 0 MB stacks, 0 MB globals, 2 P
time="2026-08-06T18:38:25Z" level=error msg="Failed to store events for file session_2026-08-06_11-32-01_850718_1/b01c3707fef5fbe9153a59f41d195c622230e9fece719d810b226f9d/job_events/03000000/b01c3707fef5fbe9153a59f41d195c622230e9fece719d810b226f9d-2026-08-06-18-1786041148426965386.jsonl: TASK_LIFECYCLE_EVENT must have at least one state transition"
time="2026-08-06T18:38:26Z" level=error msg="Failed to store events for file session_2026-08-06_11-32-01_850718_1/b01c3707fef5fbe9153a59f41d195c622230e9fece719d810b226f9d/job_events/03000000/b01c3707fef5fbe9153a59f41d195c622230e9fece719d810b226f9d-2026-08-06-18-1786041148426965386.jsonl: TASK_LIFECYCLE_EVENT must have at least one state transition"
time="2026-08-06T18:38:27Z" level=error msg="Failed to store events for file session_2026-08-06_11-32-01_850718_1/b01c3707fef5fbe9153a59f41d195c622230e9fece719d810b226f9d/job_events/03000000/b01c3707fef5fbe9153a59f41d195c622230e9fece719d810b226f9d-2026-08-06-18-1786041148426965386.jsonl: TASK_LIFECYCLE_EVENT must have at least one state transition"
time="2026-08-06T18:38:27Z" level=error msg="Failed to store events for file session_2026-08-06_11-32-01_850718_1/b01c3707fef5fbe9153a59f41d195c622230e9fece719d810b226f9d/job_events/03000000/b01c3707fef5fbe9153a59f41d195c622230e9fece719d810b226f9d-2026-08-06-18-1786041148426965386.jsonl: TASK_LIFECYCLE_EVENT must have at least one state transition"
time="2026-08-06T18:38:27Z" level=error msg="Failed to store events for file session_2026-08-06_11-32-01_850718_1/b01c3707fef5fbe9153a59f41d195c622230e9fece719d810b226f9d/job_events/03000000/b01c3707fef5fbe9153a59f41d195c622230e9fece719d810b226f9d-2026-08-06-18-1786041148426965386.jsonl: TASK_LIFECYCLE_EVENT must have at least one state transition"
time="2026-08-06T18:38:27Z" level=error msg="Failed to store events for file session_2026-08-06_11-32-01_850718_1/b01c3707fef5fbe9153a59f41d195c622230e9fece719d810b226f9d/job_events/03000000/b01c3707fef5fbe9153a59f41d195c622230e9fece719d810b226f9d-2026-08-06-18-1786041148426965386.jsonl: TASK_LIFECYCLE_EVENT must have at least one state transition"
time="2026-08-06T18:38:27Z" level=error msg="Failed to store events for file session_2026-08-06_11-32-01_850718_1/b01c3707fef5fbe9153a59f41d195c622230e9fece719d810b226f9d/job_events/03000000/b01c3707fef5fbe9153a59f41d195c622230e9fece719d810b226f9d-2026-08-06-18-1786041148426965386.jsonl: TASK_LIFECYCLE_EVENT must have at least one state transition"
time="2026-08-06T18:38:28Z" level=error msg="Failed to store events for file session_2026-08-06_11-32-01_850718_1/b01c3707fef5fbe9153a59f41d195c622230e9fece719d810b226f9d/job_events/03000000/b01c3707fef5fbe9153a59f41d195c622230e9fece719d810b226f9d-2026-08-06-18-1786041148426965386.jsonl: TASK_LIFECYCLE_EVENT must have at least one state transition"
time="2026-08-06T18:38:28Z" level=error msg="Failed to store events for file session_2026-08-06_11-32-01_850718_1/b01c3707fef5fbe9153a59f41d195c622230e9fece719d810b226f9d/job_events/03000000/b01c3707fef5fbe9153a59f41d195c622230e9fece719d810b226f9d-2026-08-06-18-1786041148426965386.jsonl: TASK_LIFECYCLE_EVENT must have at least one state transition"
time="2026-08-06T18:38:29Z" level=error msg="Failed to store events for file session_2026-08-06_11-32-01_850718_1/b01c3707fef5fbe9153a59f41d195c622230e9fece719d810b226f9d/job_events/03000000/b01c3707fef5fbe9153a59f41d195c622230e9fece719d810b226f9d-2026-08-06-18-1786041148426965386.jsonl: TASK_LIFECYCLE_EVENT must have at least one state transition"
time="2026-08-06T18:38:29Z" level=error msg="Failed to store events for file session_2026-08-06_11-32-01_850718_1/b01c3707fef5fbe9153a59f41d195c622230e9fece719d810b226f9d/job_events/03000000/b01c3707fef5fbe9153a59f41d195c622230e9fece719d810b226f9d-2026-08-06-18-1786041148426965386.jsonl: TASK_LIFECYCLE_EVENT must have at least one state transition"
time="2026-08-06T18:38:30Z" level=error msg="Failed to store events for file session_2026-08-06_11-32-01_850718_1/b01c3707fef5fbe9153a59f41d195c622230e9fece719d810b226f9d/job_events/03000000/b01c3707fef5fbe9153a59f41d195c622230e9fece719d810b226f9d-2026-08-06-18-1786041148426965386.jsonl: TASK_LIFECYCLE_EVENT must have at least one state transition"
time="2026-08-06T18:38:31Z" level=error msg="Failed to store events for file session_2026-08-06_11-32-01_850718_1/b01c3707fef5fbe9153a59f41d195c622230e9fece719d810b226f9d/job_events/03000000/b01c3707fef5fbe9153a59f41d195c622230e9fece719d810b226f9d-2026-08-06-18-1786041148426965386.jsonl: TASK_LIFECYCLE_EVENT must have at least one state transition"
time="2026-08-06T18:38:31Z" level=error msg="Failed to store events for file session_2026-08-06_11-32-01_850718_1/b01c3707fef5fbe9153a59f41d195c622230e9fece719d810b226f9d/job_events/03000000/b01c3707fef5fbe9153a59f41d195c622230e9fece719d810b226f9d-2026-08-06-18-1786041148426965386.jsonl: TASK_LIFECYCLE_EVENT must have at least one state transition"
time="2026-08-06T18:38:31Z" level=error msg="Failed to store events for file session_2026-08-06_11-32-01_850718_1/b01c3707fef5fbe9153a59f41d195c622230e9fece719d810b226f9d/job_events/03000000/b01c3707fef5fbe9153a59f41d195c622230e9fece719d810b226f9d-2026-08-06-18-1786041148426965386.jsonl: TASK_LIFECYCLE_EVENT must have at least one state transition"
time="2026-08-06T18:38:32Z" level=error msg="Failed to store events for file session_2026-08-06_11-32-01_850718_1/b01c3707fef5fbe9153a59f41d195c622230e9fece719d810b226f9d/job_events/03000000/b01c3707fef5fbe9153a59f41d195c622230e9fece719d810b226f9d-2026-08-06-18-1786041148426965386.jsonl: TASK_LIFECYCLE_EVENT must have at least one state transition"
time="2026-08-06T18:38:32Z" level=error msg="Failed to store events for file session_2026-08-06_11-32-01_850718_1/b01c3707fef5fbe9153a59f41d195c622230e9fece719d810b226f9d/job_events/03000000/b01c3707fef5fbe9153a59f41d195c622230e9fece719d810b226f9d-2026-08-06-18-1786041148426965386.jsonl: TASK_LIFECYCLE_EVENT must have at least one state transition"
time="2026-08-06T18:38:33Z" level=error msg="Failed to store events for file session_2026-08-06_11-32-01_850718_1/b01c3707fef5fbe9153a59f41d195c622230e9fece719d810b226f9d/job_events/03000000/b01c3707fef5fbe9153a59f41d195c622230e9fece719d810b226f9d-2026-08-06-18-1786041148426965386.jsonl: TASK_LIFECYCLE_EVENT must have at least one state transition"
time="2026-08-06T18:38:33Z" level=error msg="Failed to store events for file session_2026-08-06_11-32-01_850718_1/b01c3707fef5fbe9153a59f41d195c622230e9fece719d810b226f9d/job_events/03000000/b01c3707fef5fbe9153a59f41d195c622230e9fece719d810b226f9d-2026-08-06-18-1786041148426965386.jsonl: TASK_LIFECYCLE_EVENT must have at least one state transition"
time="2026-08-06T18:38:33Z" level=error msg="Failed to store events for file session_2026-08-06_11-32-01_850718_1/b01c3707fef5fbe9153a59f41d195c622230e9fece719d810b226f9d/job_events/03000000/b01c3707fef5fbe9153a59f41d195c622230e9fece719d810b226f9d-2026-08-06-18-1786041148426965386.jsonl: TASK_LIFECYCLE_EVENT must have at least one state transition"
time="2026-08-06T18:38:33Z" level=error msg="Failed to store events for file session_2026-08-06_11-32-01_850718_1/b01c3707fef5fbe9153a59f41d195c622230e9fece719d810b226f9d/job_events/03000000/b01c3707fef5fbe9153a59f41d195c622230e9fece719d810b226f9d-2026-08-06-18-1786041148426965386.jsonl: TASK_LIFECYCLE_EVENT must have at least one state transition"
time="2026-08-06T18:38:34Z" level=error msg="Failed to store events for file session_2026-08-06_11-32-01_850718_1/b01c3707fef5fbe9153a59f41d195c622230e9fece719d810b226f9d/job_events/03000000/b01c3707fef5fbe9153a59f41d195c622230e9fece719d810b226f9d-2026-08-06-18-1786041148426965386.jsonl: TASK_LIFECYCLE_EVENT must have at least one state transition"
time="2026-08-06T18:38:34Z" level=error msg="Failed to store events for file session_2026-08-06_11-32-01_850718_1/b01c3707fef5fbe9153a59f41d195c622230e9fece719d810b226f9d/job_events/03000000/b01c3707fef5fbe9153a59f41d195c622230e9fece719d810b226f9d-2026-08-06-18-1786041148426965386.jsonl: TASK_LIFECYCLE_EVENT must have at least one state transition"
time="2026-08-06T18:38:35Z" level=error msg="Failed to store events for file session_2026-08-06_11-32-01_850718_1/b01c3707fef5fbe9153a59f41d195c622230e9fece719d810b226f9d/job_events/03000000/b01c3707fef5fbe9153a59f41d195c622230e9fece719d810b226f9d-2026-08-06-18-1786041148426965386.jsonl: TASK_LIFECYCLE_EVENT must have at least one state transition"
time="2026-08-06T18:38:35Z" level=error msg="Failed to store events for file session_2026-08-06_11-32-01_850718_1/b01c3707fef5fbe9153a59f41d195c622230e9fece719d810b226f9d/job_events/03000000/b01c3707fef5fbe9153a59f41d195c622230e9fece719d810b226f9d-2026-08-06-18-1786041148426965386.jsonl: TASK_LIFECYCLE_EVENT must have at least one state transition"
time="2026-08-06T18:38:35Z" level=error msg="Failed to store events for file session_2026-08-06_11-32-01_850718_1/b01c3707fef5fbe9153a59f41d195c622230e9fece719d810b226f9d/job_events/03000000/b01c3707fef5fbe9153a59f41d195c622230e9fece719d810b226f9d-2026-08-06-18-1786041148426965386.jsonl: TASK_LIFECYCLE_EVENT must have at least one state transition"
time="2026-08-06T18:38:36Z" level=error msg="Failed to store events for file session_2026-08-06_11-32-01_850718_1/b01c3707fef5fbe9153a59f41d195c622230e9fece719d810b226f9d/job_events/03000000/b01c3707fef5fbe9153a59f41d195c622230e9fece719d810b226f9d-2026-08-06-18-1786041148426965386.jsonl: TASK_LIFECYCLE_EVENT must have at least one state transition"
time="2026-08-06T18:38:36Z" level=error msg="Failed to store events for file session_2026-08-06_11-32-01_850718_1/b01c3707fef5fbe9153a59f41d195c622230e9fece719d810b226f9d/job_events/03000000/b01c3707fef5fbe9153a59f41d195c622230e9fece719d810b226f9d-2026-08-06-18-1786041148426965386.jsonl: TASK_LIFECYCLE_EVENT must have at least one state transition"
time="2026-08-06T18:38:37Z" level=error msg="Failed to store events for file session_2026-08-06_11-32-01_850718_1/b01c3707fef5fbe9153a59f41d195c622230e9fece719d810b226f9d/job_events/03000000/b01c3707fef5fbe9153a59f41d195c622230e9fece719d810b226f9d-2026-08-06-18-1786041148426965386.jsonl: TASK_LIFECYCLE_EVENT must have at least one state transition"
time="2026-08-06T18:38:37Z" level=error msg="Failed to store events for file session_2026-08-06_11-32-01_850718_1/b01c3707fef5fbe9153a59f41d195c622230e9fece719d810b226f9d/job_events/03000000/b01c3707fef5fbe9153a59f41d195c622230e9fece719d810b226f9d-2026-08-06-18-1786041148426965386.jsonl: TASK_LIFECYCLE_EVENT must have at least one state transition"
time="2026-08-06T18:38:37Z" level=error msg="Failed to store events for file session_2026-08-06_11-32-01_850718_1/b01c3707fef5fbe9153a59f41d195c622230e9fece719d810b226f9d/job_events/03000000/b01c3707fef5fbe9153a59f41d195c622230e9fece719d810b226f9d-2026-08-06-18-1786041148426965386.jsonl: TASK_LIFECYCLE_EVENT must have at least one state transition"
time="2026-08-06T18:38:37Z" level=error msg="Failed to store events for file session_2026-08-06_11-32-01_850718_1/b01c3707fef5fbe9153a59f41d195c622230e9fece719d810b226f9d/job_events/03000000/b01c3707fef5fbe9153a59f41d195c622230e9fece719d810b226f9d-2026-08-06-18-1786041148426965386.jsonl: TASK_LIFECYCLE_EVENT must have at least one state transition"
time="2026-08-06T18:38:38Z" level=error msg="Failed to store events for file session_2026-08-06_11-32-01_850718_1/b01c3707fef5fbe9153a59f41d195c622230e9fece719d810b226f9d/job_events/03000000/b01c3707fef5fbe9153a59f41d195c622230e9fece719d810b226f9d-2026-08-06-18-1786041148426965386.jsonl: TASK_LIFECYCLE_EVENT must have at least one state transition"
time="2026-08-06T18:38:40Z" level=error msg="Failed to store events for file session_2026-08-06_11-32-01_850718_1/b01c3707fef5fbe9153a59f41d195c622230e9fece719d810b226f9d/job_events/03000000/b01c3707fef5fbe9153a59f41d195c622230e9fece719d810b226f9d-2026-08-06-18-1786041148426965386.jsonl: TASK_LIFECYCLE_EVENT must have at least one state transition"
time="2026-08-06T18:38:43Z" level=error msg="Failed to store events for file session_2026-08-06_11-32-01_850718_1/b01c3707fef5fbe9153a59f41d195c622230e9fece719d810b226f9d/job_events/03000000/b01c3707fef5fbe9153a59f41d195c622230e9fece719d810b226f9d-2026-08-06-18-1786041148426965386.jsonl: TASK_LIFECYCLE_EVENT must have at least one state transition"
time="2026-08-06T18:38:44Z" level=error msg="Failed to store events for file session_2026-08-06_11-32-01_850718_1/b01c3707fef5fbe9153a59f41d195c622230e9fece719d810b226f9d/job_events/03000000/b01c3707fef5fbe9153a59f41d195c622230e9fece719d810b226f9d-2026-08-06-18-1786041148426965386.jsonl: TASK_LIFECYCLE_EVENT must have at least one state transition"
time="2026-08-06T18:38:44Z" level=error msg="Failed to store events for file session_2026-08-06_11-32-01_850718_1/b01c3707fef5fbe9153a59f41d195c622230e9fece719d810b226f9d/job_events/03000000/b01c3707fef5fbe9153a59f41d195c622230e9fece719d810b226f9d-2026-08-06-18-1786041148426965386.jsonl: TASK_LIFECYCLE_EVENT must have at least one state transition"
time="2026-08-06T18:38:44Z" level=error msg="Failed to store events for file session_2026-08-06_11-32-01_850718_1/b01c3707fef5fbe9153a59f41d195c622230e9fece719d810b226f9d/job_events/03000000/b01c3707fef5fbe9153a59f41d195c622230e9fece719d810b226f9d-2026-08-06-18-1786041148426965386.jsonl: TASK_LIFECYCLE_EVENT must have at least one state transition"
gc 34 @286.246s 6%: 0.18+6896+0.96 ms clock, 0.36+0.10/3469/3832+1.9 ms cpu, 987->1027->612 MB, 1159 MB goal, 0 MB stacks, 0 MB globals, 2 P
time="2026-08-06T18:38:46Z" level=error msg="Failed to store events for file session_2026-08-06_11-32-01_850718_1/b01c3707fef5fbe9153a59f41d195c622230e9fece719d810b226f9d/job_events/03000000/b01c3707fef5fbe9153a59f41d195c622230e9fece719d810b226f9d-2026-08-06-18-1786041148426965386.jsonl: TASK_LIFECYCLE_EVENT must have at least one state transition"
time="2026-08-06T18:38:46Z" level=error msg="Failed to store events for file session_2026-08-06_11-32-01_850718_1/b01c3707fef5fbe9153a59f41d195c622230e9fece719d810b226f9d/job_events/03000000/b01c3707fef5fbe9153a59f41d195c622230e9fece719d810b226f9d-2026-08-06-18-1786041148426965386.jsonl: TASK_LIFECYCLE_EVENT must have at least one state transition"
time="2026-08-06T18:38:47Z" level=error msg="Failed to store events for file session_2026-08-06_11-32-01_850718_1/b01c3707fef5fbe9153a59f41d195c622230e9fece719d810b226f9d/job_events/03000000/b01c3707fef5fbe9153a59f41d195c622230e9fece719d810b226f9d-2026-08-06-18-1786041148426965386.jsonl: TASK_LIFECYCLE_EVENT must have at least one state transition"
time="2026-08-06T18:38:47Z" level=error msg="Failed to store events for file session_2026-08-06_11-32-01_850718_1/b01c3707fef5fbe9153a59f41d195c622230e9fece719d810b226f9d/job_events/03000000/b01c3707fef5fbe9153a59f41d195c622230e9fece719d810b226f9d-2026-08-06-18-1786041148426965386.jsonl: TASK_LIFECYCLE_EVENT must have at least one state transition"
time="2026-08-06T18:38:48Z" level=error msg="Failed to store events for file session_2026-08-06_11-32-01_850718_1/b01c3707fef5fbe9153a59f41d195c622230e9fece719d810b226f9d/job_events/03000000/b01c3707fef5fbe9153a59f41d195c622230e9fece719d810b226f9d-2026-08-06-18-1786041148426965386.jsonl: TASK_LIFECYCLE_EVENT must have at least one state transition"
time="2026-08-06T18:38:49Z" level=error msg="Failed to store events for file session_2026-08-06_11-32-01_850718_1/b01c3707fef5fbe9153a59f41d195c622230e9fece719d810b226f9d/job_events/03000000/b01c3707fef5fbe9153a59f41d195c622230e9fece719d810b226f9d-2026-08-06-18-1786041148426965386.jsonl: TASK_LIFECYCLE_EVENT must have at least one state transition"
time="2026-08-06T18:38:49Z" level=error msg="Failed to store events for file session_2026-08-06_11-32-01_850718_1/b01c3707fef5fbe9153a59f41d195c622230e9fece719d810b226f9d/job_events/03000000/b01c3707fef5fbe9153a59f41d195c622230e9fece719d810b226f9d-2026-08-06-18-1786041148426965386.jsonl: TASK_LIFECYCLE_EVENT must have at least one state transition"
time="2026-08-06T18:38:49Z" level=error msg="Failed to store events for file session_2026-08-06_11-32-01_850718_1/b01c3707fef5fbe9153a59f41d195c622230e9fece719d810b226f9d/job_events/03000000/b01c3707fef5fbe9153a59f41d195c622230e9fece719d810b226f9d-2026-08-06-18-1786041148426965386.jsonl: TASK_LIFECYCLE_EVENT must have at least one state transition"
time="2026-08-06T18:38:50Z" level=error msg="Failed to store events for file session_2026-08-06_11-32-01_850718_1/b01c3707fef5fbe9153a59f41d195c622230e9fece719d810b226f9d/job_events/03000000/b01c3707fef5fbe9153a59f41d195c622230e9fece719d810b226f9d-2026-08-06-18-1786041148426965386.jsonl: TASK_LIFECYCLE_EVENT must have at least one state transition"
time="2026-08-06T18:38:50Z" level=error msg="Failed to store events for file session_2026-08-06_11-32-01_850718_1/b01c3707fef5fbe9153a59f41d195c622230e9fece719d810b226f9d/job_events/03000000/b01c3707fef5fbe9153a59f41d195c622230e9fece719d810b226f9d-2026-08-06-18-1786041148426965386.jsonl: TASK_LIFECYCLE_EVENT must have at least one state transition"
time="2026-08-06T18:38:51Z" level=error msg="Failed to store events for file session_2026-08-06_11-32-01_850718_1/b01c3707fef5fbe9153a59f41d195c622230e9fece719d810b226f9d/job_events/03000000/b01c3707fef5fbe9153a59f41d195c622230e9fece719d810b226f9d-2026-08-06-18-1786041148426965386.jsonl: TASK_LIFECYCLE_EVENT must have at least one state transition"
time="2026-08-06T18:38:51Z" level=error msg="Failed to store events for file session_2026-08-06_11-32-01_850718_1/b01c3707fef5fbe9153a59f41d195c622230e9fece719d810b226f9d/job_events/03000000/b01c3707fef5fbe9153a59f41d195c622230e9fece719d810b226f9d-2026-08-06-18-1786041148426965386.jsonl: TASK_LIFECYCLE_EVENT must have at least one state transition"
time="2026-08-06T18:38:51Z" level=error msg="Failed to store events for file session_2026-08-06_11-32-01_850718_1/b01c3707fef5fbe9153a59f41d195c622230e9fece719d810b226f9d/job_events/03000000/b01c3707fef5fbe9153a59f41d195c622230e9fece719d810b226f9d-2026-08-06-18-1786041148426965386.jsonl: TASK_LIFECYCLE_EVENT must have at least one state transition"
time="2026-08-06T18:38:52Z" level=error msg="Failed to store events for file session_2026-08-06_11-32-01_850718_1/b01c3707fef5fbe9153a59f41d195c622230e9fece719d810b226f9d/job_events/03000000/b01c3707fef5fbe9153a59f41d195c622230e9fece719d810b226f9d-2026-08-06-18-1786041148426965386.jsonl: TASK_LIFECYCLE_EVENT must have at least one state transition"
time="2026-08-06T18:38:53Z" level=error msg="Failed to store events for file session_2026-08-06_11-32-01_850718_1/b01c3707fef5fbe9153a59f41d195c622230e9fece719d810b226f9d/job_events/03000000/b01c3707fef5fbe9153a59f41d195c622230e9fece719d810b226f9d-2026-08-06-18-1786041148426965386.jsonl: TASK_LIFECYCLE_EVENT must have at least one state transition"
time="2026-08-06T18:38:53Z" level=error msg="Failed to store events for file session_2026-08-06_11-32-01_850718_1/b01c3707fef5fbe9153a59f41d195c622230e9fece719d810b226f9d/job_events/03000000/b01c3707fef5fbe9153a59f41d195c622230e9fece719d810b226f9d-2026-08-06-18-1786041148426965386.jsonl: TASK_LIFECYCLE_EVENT must have at least one state transition"
time="2026-08-06T18:38:53Z" level=error msg="Failed to store events for file session_2026-08-06_11-32-01_850718_1/b01c3707fef5fbe9153a59f41d195c622230e9fece719d810b226f9d/job_events/03000000/b01c3707fef5fbe9153a59f41d195c622230e9fece719d810b226f9d-2026-08-06-18-1786041148426965386.jsonl: TASK_LIFECYCLE_EVENT must have at least one state transition"
time="2026-08-06T18:38:53Z" level=error msg="Failed to store events for file session_2026-08-06_11-32-01_850718_1/b01c3707fef5fbe9153a59f41d195c622230e9fece719d810b226f9d/job_events/03000000/b01c3707fef5fbe9153a59f41d195c622230e9fece719d810b226f9d-2026-08-06-18-1786041148426965386.jsonl: TASK_LIFECYCLE_EVENT must have at least one state transition"
time="2026-08-06T18:38:53Z" level=error msg="Failed to store events for file session_2026-08-06_11-32-01_850718_1/b01c3707fef5fbe9153a59f41d195c622230e9fece719d810b226f9d/job_events/03000000/b01c3707fef5fbe9153a59f41d195c622230e9fece719d810b226f9d-2026-08-06-18-1786041148426965386.jsonl: TASK_LIFECYCLE_EVENT must have at least one state transition"
time="2026-08-06T18:38:55Z" level=error msg="Failed to store events for file session_2026-08-06_11-32-01_850718_1/b01c3707fef5fbe9153a59f41d195c622230e9fece719d810b226f9d/job_events/03000000/b01c3707fef5fbe9153a59f41d195c622230e9fece719d810b226f9d-2026-08-06-18-1786041148426965386.jsonl: TASK_LIFECYCLE_EVENT must have at least one state transition"
time="2026-08-06T18:38:55Z" level=error msg="Failed to store events for file session_2026-08-06_11-32-01_850718_1/b01c3707fef5fbe9153a59f41d195c622230e9fece719d810b226f9d/job_events/03000000/b01c3707fef5fbe9153a59f41d195c622230e9fece719d810b226f9d-2026-08-06-18-1786041148426965386.jsonl: TASK_LIFECYCLE_EVENT must have at least one state transition"
time="2026-08-06T18:38:55Z" level=error msg="Failed to store events for file session_2026-08-06_11-32-01_850718_1/b01c3707fef5fbe9153a59f41d195c622230e9fece719d810b226f9d/job_events/03000000/b01c3707fef5fbe9153a59f41d195c622230e9fece719d810b226f9d-2026-08-06-18-1786041148426965386.jsonl: TASK_LIFECYCLE_EVENT must have at least one state transition"
time="2026-08-06T18:38:55Z" level=error msg="Failed to load session test-ns-25kkd/raycluster-historyserver/session_2026-08-06_11-32-01_850718_1: context deadline exceeded"
time="2026-08-06T18:38:56Z" level=info msg="Received request: GET /enter_cluster/test-ns-25kkd/raycluster/raycluster-historyserver/session_2026-08-06_11-32-01_850718_1"
time="2026-08-06T18:38:56Z" level=info msg="[List]Returned objects in log/cluster-metadata/. length of page.Contents: 2, length of page.CommonPrefixes: 0"
time="2026-08-06T18:38:56Z" level=error msg="Failed to parse meta file path: log/cluster-metadata/raycluster/test-ns-25kkd_raycluster-historyserver/, error: invalid path segment count for cluster metadata structure: log/cluster-metadata/raycluster/test-ns-25kkd_raycluster-historyserver/"
time="2026-08-06T18:38:56Z" level=info msg="Parsed cluster raycluster-historyserver for session session_2026-08-06_11-32-01_850718_1 to list"
time="2026-08-06T18:38:56Z" level=info msg="[ListFiles]Returned objects in log/cluster-history/raycluster/test-ns-25kkd/raycluster-historyserver/session_2026-08-06_11-32-01_850718_1/. length of page.Contents: 0, length of page.CommonPrefixes: 3"
time="2026-08-06T18:38:56Z" level=info msg="[ListFiles]Returned objects in log/cluster-history/raycluster/test-ns-25kkd/raycluster-historyserver/session_2026-08-06_11-32-01_850718_1/a17d3cad2abef6d000063920c29c25b77905d5cb11d950fccbddc58c/logs/events/. length of page.Contents: 11, length of page.CommonPrefixes: 0"
time="2026-08-06T18:38:56Z" level=info msg="Prepare to get object log/cluster-history/raycluster/test-ns-25kkd/raycluster-historyserver/session_2026-08-06_11-32-01_850718_1/a17d3cad2abef6d000063920c29c25b77905d5cb11d950fccbddc58c/logs/events/event_AUTOSCALER.log info ..."
time="2026-08-06T18:38:56Z" level=info msg="Prepare to get object log/cluster-history/raycluster/test-ns-25kkd/raycluster-historyserver/session_2026-08-06_11-32-01_850718_1/a17d3cad2abef6d000063920c29c25b77905d5cb11d950fccbddc58c/logs/events/event_CORE_WORKER_1018.log info ..."
time="2026-08-06T18:38:56Z" level=info msg="Prepare to get object log/cluster-history/raycluster/test-ns-25kkd/raycluster-historyserver/session_2026-08-06_11-32-01_850718_1/a17d3cad2abef6d000063920c29c25b77905d5cb11d950fccbddc58c/logs/events/event_CORE_WORKER_1182.log info ..."
time="2026-08-06T18:38:56Z" level=info msg="Prepare to get object log/cluster-history/raycluster/test-ns-25kkd/raycluster-historyserver/session_2026-08-06_11-32-01_850718_1/a17d3cad2abef6d000063920c29c25b77905d5cb11d950fccbddc58c/logs/events/event_CORE_WORKER_199.log info ..."
time="2026-08-06T18:38:56Z" level=info msg="Prepare to get object log/cluster-history/raycluster/test-ns-25kkd/raycluster-historyserver/session_2026-08-06_11-32-01_850718_1/a17d3cad2abef6d000063920c29c25b77905d5cb11d950fccbddc58c/logs/events/event_CORE_WORKER_204.log info ..."
time="2026-08-06T18:38:56Z" level=info msg="Prepare to get object log/cluster-history/raycluster/test-ns-25kkd/raycluster-historyserver/session_2026-08-06_11-32-01_850718_1/a17d3cad2abef6d000063920c29c25b77905d5cb11d950fccbddc58c/logs/events/event_CORE_WORKER_677.log info ..."
time="2026-08-06T18:38:56Z" level=info msg="Prepare to get object log/cluster-history/raycluster/test-ns-25kkd/raycluster-historyserver/session_2026-08-06_11-32-01_850718_1/a17d3cad2abef6d000063920c29c25b77905d5cb11d950fccbddc58c/logs/events/event_CORE_WORKER_962.log info ..."
time="2026-08-06T18:38:56Z" level=info msg="Prepare to get object log/cluster-history/raycluster/test-ns-25kkd/raycluster-historyserver/session_2026-08-06_11-32-01_850718_1/a17d3cad2abef6d000063920c29c25b77905d5cb11d950fccbddc58c/logs/events/event_GCS.log info ..."
time="2026-08-06T18:38:56Z" level=info msg="Prepare to get object log/cluster-history/raycluster/test-ns-25kkd/raycluster-historyserver/session_2026-08-06_11-32-01_850718_1/a17d3cad2abef6d000063920c29c25b77905d5cb11d950fccbddc58c/logs/events/event_JOBS.log info ..."
time="2026-08-06T18:38:56Z" level=info msg="Prepare to get object log/cluster-history/raycluster/test-ns-25kkd/raycluster-historyserver/session_2026-08-06_11-32-01_850718_1/a17d3cad2abef6d000063920c29c25b77905d5cb11d950fccbddc58c/logs/events/event_RAYLET.log info ..."
time="2026-08-06T18:38:56Z" level=info msg="[ListFiles]Returned objects in log/cluster-history/raycluster/test-ns-25kkd/raycluster-historyserver/session_2026-08-06_11-32-01_850718_1/b01c3707fef5fbe9153a59f41d195c622230e9fece719d810b226f9d/logs/events/. length of page.Contents: 13, length of page.CommonPrefixes: 0"
time="2026-08-06T18:38:56Z" level=info msg="Prepare to get object log/cluster-history/raycluster/test-ns-25kkd/raycluster-historyserver/session_2026-08-06_11-32-01_850718_1/b01c3707fef5fbe9153a59f41d195c622230e9fece719d810b226f9d/logs/events/event_CORE_WORKER_228.log info ..."
time="2026-08-06T18:38:56Z" level=info msg="Prepare to get object log/cluster-history/raycluster/test-ns-25kkd/raycluster-historyserver/session_2026-08-06_11-32-01_850718_1/b01c3707fef5fbe9153a59f41d195c622230e9fece719d810b226f9d/logs/events/event_CORE_WORKER_229.log info ..."
time="2026-08-06T18:38:56Z" level=info msg="Prepare to get object log/cluster-history/raycluster/test-ns-25kkd/raycluster-historyserver/session_2026-08-06_11-32-01_850718_1/b01c3707fef5fbe9153a59f41d195c622230e9fece719d810b226f9d/logs/events/event_CORE_WORKER_313.log info ..."
time="2026-08-06T18:38:56Z" level=info msg="Prepare to get object log/cluster-history/raycluster/test-ns-25kkd/raycluster-historyserver/session_2026-08-06_11-32-01_850718_1/b01c3707fef5fbe9153a59f41d195c622230e9fece719d810b226f9d/logs/events/event_CORE_WORKER_319.log info ..."
time="2026-08-06T18:38:56Z" level=info msg="Prepare to get object log/cluster-history/raycluster/test-ns-25kkd/raycluster-historyserver/session_2026-08-06_11-32-01_850718_1/b01c3707fef5fbe9153a59f41d195c622230e9fece719d810b226f9d/logs/events/event_CORE_WORKER_410.log info ..."
time="2026-08-06T18:38:56Z" level=info msg="Prepare to get object log/cluster-history/raycluster/test-ns-25kkd/raycluster-historyserver/session_2026-08-06_11-32-01_850718_1/b01c3707fef5fbe9153a59f41d195c622230e9fece719d810b226f9d/logs/events/event_CORE_WORKER_419.log info ..."
time="2026-08-06T18:38:57Z" level=info msg="Prepare to get object log/cluster-history/raycluster/test-ns-25kkd/raycluster-historyserver/session_2026-08-06_11-32-01_850718_1/b01c3707fef5fbe9153a59f41d195c622230e9fece719d810b226f9d/logs/events/event_CORE_WORKER_509.log info ..."
time="2026-08-06T18:38:57Z" level=info msg="Prepare to get object log/cluster-history/raycluster/test-ns-25kkd/raycluster-historyserver/session_2026-08-06_11-32-01_850718_1/b01c3707fef5fbe9153a59f41d195c622230e9fece719d810b226f9d/logs/events/event_CORE_WORKER_513.log info ..."
time="2026-08-06T18:38:57Z" level=info msg="Prepare to get object log/cluster-history/raycluster/test-ns-25kkd/raycluster-historyserver/session_2026-08-06_11-32-01_850718_1/b01c3707fef5fbe9153a59f41d195c622230e9fece719d810b226f9d/logs/events/event_CORE_WORKER_605.log info ..."
time="2026-08-06T18:38:57Z" level=info msg="Prepare to get object log/cluster-history/raycluster/test-ns-25kkd/raycluster-historyserver/session_2026-08-06_11-32-01_850718_1/b01c3707fef5fbe9153a59f41d195c622230e9fece719d810b226f9d/logs/events/event_CORE_WORKER_608.log info ..."
time="2026-08-06T18:38:57Z" level=info msg="Prepare to get object log/cluster-history/raycluster/test-ns-25kkd/raycluster-historyserver/session_2026-08-06_11-32-01_850718_1/b01c3707fef5fbe9153a59f41d195c622230e9fece719d810b226f9d/logs/events/event_CORE_WORKER_683.log info ..."
time="2026-08-06T18:38:57Z" level=info msg="Prepare to get object log/cluster-history/raycluster/test-ns-25kkd/raycluster-historyserver/session_2026-08-06_11-32-01_850718_1/b01c3707fef5fbe9153a59f41d195c622230e9fece719d810b226f9d/logs/events/event_RAYLET.log info ..."
time="2026-08-06T18:38:57Z" level=info msg="[ListFiles]Returned objects in log/cluster-history/raycluster/test-ns-25kkd/raycluster-historyserver/session_2026-08-06_11-32-01_850718_1/fetched_endpoints/logs/events/. length of page.Contents: 0, length of page.CommonPrefixes: 0"
time="2026-08-06T18:38:57Z" level=info msg="[ListFiles]Returned objects in log/cluster-history/raycluster/test-ns-25kkd/raycluster-historyserver/session_2026-08-06_11-32-01_850718_1/. length of page.Contents: 0, length of page.CommonPrefixes: 3"
time="2026-08-06T18:38:57Z" level=info msg="[ListFiles]Returned objects in log/cluster-history/raycluster/test-ns-25kkd/raycluster-historyserver/session_2026-08-06_11-32-01_850718_1/a17d3cad2abef6d000063920c29c25b77905d5cb11d950fccbddc58c/job_events/. length of page.Contents: 0, length of page.CommonPrefixes: 4"
time="2026-08-06T18:38:57Z" level=info msg="[ListFiles]Returned objects in log/cluster-history/raycluster/test-ns-25kkd/raycluster-historyserver/session_2026-08-06_11-32-01_850718_1/a17d3cad2abef6d000063920c29c25b77905d5cb11d950fccbddc58c/job_events/01000000/. length of page.Contents: 2, length of page.CommonPrefixes: 0"
time="2026-08-06T18:38:57Z" level=info msg="[ListFiles]Returned objects in log/cluster-history/raycluster/test-ns-25kkd/raycluster-historyserver/session_2026-08-06_11-32-01_850718_1/a17d3cad2abef6d000063920c29c25b77905d5cb11d950fccbddc58c/job_events/02000000/. length of page.Contents: 2, length of page.CommonPrefixes: 0"
time="2026-08-06T18:38:57Z" level=info msg="[ListFiles]Returned objects in log/cluster-history/raycluster/test-ns-25kkd/raycluster-historyserver/session_2026-08-06_11-32-01_850718_1/a17d3cad2abef6d000063920c29c25b77905d5cb11d950fccbddc58c/job_events/03000000/. length of page.Contents: 3, length of page.CommonPrefixes: 0"
time="2026-08-06T18:38:57Z" level=info msg="[ListFiles]Returned objects in log/cluster-history/raycluster/test-ns-25kkd/raycluster-historyserver/session_2026-08-06_11-32-01_850718_1/a17d3cad2abef6d000063920c29c25b77905d5cb11d950fccbddc58c/job_events/04000000/. length of page.Contents: 2, length of page.CommonPrefixes: 0"
time="2026-08-06T18:38:57Z" level=info msg="[ListFiles]Returned objects in log/cluster-history/raycluster/test-ns-25kkd/raycluster-historyserver/session_2026-08-06_11-32-01_850718_1/b01c3707fef5fbe9153a59f41d195c622230e9fece719d810b226f9d/job_events/. length of page.Contents: 0, length of page.CommonPrefixes: 1"
time="2026-08-06T18:38:57Z" level=info msg="[ListFiles]Returned objects in log/cluster-history/raycluster/test-ns-25kkd/raycluster-historyserver/session_2026-08-06_11-32-01_850718_1/b01c3707fef5fbe9153a59f41d195c622230e9fece719d810b226f9d/job_events/03000000/. length of page.Contents: 3, length of page.CommonPrefixes: 0"
time="2026-08-06T18:38:57Z" level=info msg="[ListFiles]Returned objects in log/cluster-history/raycluster/test-ns-25kkd/raycluster-historyserver/session_2026-08-06_11-32-01_850718_1/fetched_endpoints/job_events/. length of page.Contents: 0, length of page.CommonPrefixes: 0"
time="2026-08-06T18:38:57Z" level=info msg="[ListFiles]Returned objects in log/cluster-history/raycluster/test-ns-25kkd/raycluster-historyserver/session_2026-08-06_11-32-01_850718_1/. length of page.Contents: 0, length of page.CommonPrefixes: 3"
time="2026-08-06T18:38:57Z" level=info msg="[ListFiles]Returned objects in log/cluster-history/raycluster/test-ns-25kkd/raycluster-historyserver/session_2026-08-06_11-32-01_850718_1/a17d3cad2abef6d000063920c29c25b77905d5cb11d950fccbddc58c/node_events/. length of page.Contents: 2, length of page.CommonPrefixes: 0"
time="2026-08-06T18:38:57Z" level=info msg="[ListFiles]Returned objects in log/cluster-history/raycluster/test-ns-25kkd/raycluster-historyserver/session_2026-08-06_11-32-01_850718_1/b01c3707fef5fbe9153a59f41d195c622230e9fece719d810b226f9d/node_events/. length of page.Contents: 0, length of page.CommonPrefixes: 0"
time="2026-08-06T18:38:57Z" level=info msg="[ListFiles]Returned objects in log/cluster-history/raycluster/test-ns-25kkd/raycluster-historyserver/session_2026-08-06_11-32-01_850718_1/fetched_endpoints/node_events/. length of page.Contents: 0, length of page.CommonPrefixes: 0"
time="2026-08-06T18:38:57Z" level=info msg="Prepare to get object log/cluster-history/raycluster/test-ns-25kkd/raycluster-historyserver/session_2026-08-06_11-32-01_850718_1/a17d3cad2abef6d000063920c29c25b77905d5cb11d950fccbddc58c/job_events/01000000/a17d3cad2abef6d000063920c29c25b77905d5cb11d950fccbddc58c-2026-08-06-18-1786041127443908751.jsonl info ..."
time="2026-08-06T18:38:57Z" level=info msg="Prepare to get object log/cluster-history/raycluster/test-ns-25kkd/raycluster-historyserver/session_2026-08-06_11-32-01_850718_1/a17d3cad2abef6d000063920c29c25b77905d5cb11d950fccbddc58c/job_events/02000000/a17d3cad2abef6d000063920c29c25b77905d5cb11d950fccbddc58c-2026-08-06-18-1786041145889122385.jsonl info ..."
time="2026-08-06T18:38:57Z" level=info msg="Prepare to get object log/cluster-history/raycluster/test-ns-25kkd/raycluster-historyserver/session_2026-08-06_11-32-01_850718_1/a17d3cad2abef6d000063920c29c25b77905d5cb11d950fccbddc58c/job_events/03000000/a17d3cad2abef6d000063920c29c25b77905d5cb11d950fccbddc58c-2026-08-06-18-1786041146890102219.jsonl info ..."
gc 35 @305.176s 6%: 1.1+419+0.12 ms clock, 2.3+0.013/16/406+0.25 ms cpu, 1075->1078->130 MB, 1224 MB goal, 0 MB stacks, 0 MB globals, 2 P
gc 36 @306.346s 6%: 0.60+52+0.26 ms clock, 1.2+0/19/37+0.53 ms cpu, 268->268->268 MB, 268 MB goal, 0 MB stacks, 0 MB globals, 2 P
gc 37 @310.461s 6%: 0.26+624+0.090 ms clock, 0.53+0.10/312/466+0.18 ms cpu, 496->500->213 MB, 537 MB goal, 0 MB stacks, 0 MB globals, 2 P
gc 38 @316.307s 6%: 0.19+1677+0.11 ms clock, 0.39+0.095/837/1255+0.22 ms cpu, 364->375->339 MB, 428 MB goal, 0 MB stacks, 0 MB globals, 2 P
gc 39 @326.094s 6%: 0.15+3002+0.081 ms clock, 0.31+0.13/1513/2100+0.16 ms cpu, 577->597->536 MB, 678 MB goal, 0 MB stacks, 0 MB globals, 2 P
gc 40 @345.053s 6%: 0.16+5432+0.081 ms clock, 0.33+0.095/2719/2847+0.16 ms cpu, 914->946->584 MB, 1074 MB goal, 0 MB stacks, 0 MB globals, 2 P
time="2026-08-06T18:39:57Z" level=error msg="Failed to load session test-ns-25kkd/raycluster-historyserver/session_2026-08-06_11-32-01_850718_1: context canceled"
time="2026-08-06T18:39:59Z" level=info msg="Prepare to get object log/cluster-history/raycluster/test-ns-25kkd/raycluster-historyserver/session_2026-08-06_11-32-01_850718_1/a17d3cad2abef6d000063920c29c25b77905d5cb11d950fccbddc58c/job_events/03000000/a17d3cad2abef6d000063920c29c25b77905d5cb11d950fccbddc58c-2026-08-06-18-1786041187322374126.jsonl info ..."
gc 41 @367.889s 6%: 0.17+1002+0.043 ms clock, 0.35+750/531/672+0.086 ms cpu, 999->1013->155 MB, 1169 MB goal, 0 MB stacks, 0 MB globals, 2 P
gc 42 @369.587s 6%: 0.12+1056+0.043 ms clock, 0.25+832/519/650+0.087 ms cpu, 272->293->230 MB, 312 MB goal, 0 MB stacks, 0 MB globals, 2 P
time="2026-08-06T18:40:06Z" level=info msg="Received request: GET /enter_cluster/test-ns-25kkd/raycluster/raycluster-historyserver/session_2026-08-06_11-32-01_850718_1"
time="2026-08-06T18:40:07Z" level=info msg="[List]Returned objects in log/cluster-metadata/. length of page.Contents: 2, length of page.CommonPrefixes: 0"
time="2026-08-06T18:40:07Z" level=error msg="Failed to parse meta file path: log/cluster-metadata/raycluster/test-ns-25kkd_raycluster-historyserver/, error: invalid path segment count for cluster metadata structure: log/cluster-metadata/raycluster/test-ns-25kkd_raycluster-historyserver/"
time="2026-08-06T18:40:07Z" level=info msg="Parsed cluster raycluster-historyserver for session session_2026-08-06_11-32-01_850718_1 to list"
gc 43 @374.544s 6%: 0.25+2546+0.13 ms clock, 0.51+0.092/1297/1323+0.26 ms cpu, 393->414->271 MB, 462 MB goal, 0 MB stacks, 0 MB globals, 2 P
gc 44 @384.389s 6%: 0.17+3396+0.091 ms clock, 0.35+0.089/1702/2454+0.18 ms cpu, 463->476->358 MB, 543 MB goal, 0 MB stacks, 0 MB globals, 2 P
time="2026-08-06T18:40:34Z" level=info msg="Prepare to get object log/cluster-history/raycluster/test-ns-25kkd/raycluster-historyserver/session_2026-08-06_11-32-01_850718_1/a17d3cad2abef6d000063920c29c25b77905d5cb11d950fccbddc58c/job_events/04000000/a17d3cad2abef6d000063920c29c25b77905d5cb11d950fccbddc58c-2026-08-06-18-1786041162358624795.jsonl info ..."
time="2026-08-06T18:40:34Z" level=info msg="Prepare to get object log/cluster-history/raycluster/test-ns-25kkd/raycluster-historyserver/session_2026-08-06_11-32-01_850718_1/b01c3707fef5fbe9153a59f41d195c622230e9fece719d810b226f9d/job_events/03000000/b01c3707fef5fbe9153a59f41d195c622230e9fece719d810b226f9d-2026-08-06-18-1786041148426965386.jsonl info ..."
gc 45 @401.417s 6%: 0.23+3077+0.045 ms clock, 0.47+1405/1565/2194+0.090 ms cpu, 610->859->635 MB, 716 MB goal, 0 MB stacks, 0 MB globals, 2 P
gc 46 @413.417s 6%: 23+4345+0.074 ms clock, 46+0.093/2182/2279+0.14 ms cpu, 1082->1112->438 MB, 1271 MB goal, 0 MB stacks, 0 MB globals, 2 P
time="2026-08-06T18:41:07Z" level=error msg="Failed to store events for file session_2026-08-06_11-32-01_850718_1/b01c3707fef5fbe9153a59f41d195c622230e9fece719d810b226f9d/job_events/03000000/b01c3707fef5fbe9153a59f41d195c622230e9fece719d810b226f9d-2026-08-06-18-1786041148426965386.jsonl: TASK_LIFECYCLE_EVENT must have at least one state transition"
time="2026-08-06T18:41:07Z" level=error msg="Failed to load session test-ns-25kkd/raycluster-historyserver/session_2026-08-06_11-32-01_850718_1: context canceled"
time="2026-08-06T18:41:08Z" level=error msg="Failed to store events for file session_2026-08-06_11-32-01_850718_1/b01c3707fef5fbe9153a59f41d195c622230e9fece719d810b226f9d/job_events/03000000/b01c3707fef5fbe9153a59f41d195c622230e9fece719d810b226f9d-2026-08-06-18-1786041148426965386.jsonl: TASK_LIFECYCLE_EVENT must have at least one state transition"
gc 47 @431.093s 6%: 0.19+5793+0.13 ms clock, 0.39+0.088/2897/3687+0.26 ms cpu, 746->773->681 MB, 877 MB goal, 0 MB stacks, 0 MB globals, 2 P
time="2026-08-06T18:41:10Z" level=error msg="Failed to store events for file session_2026-08-06_11-32-01_850718_1/b01c3707fef5fbe9153a59f41d195c622230e9fece719d810b226f9d/job_events/03000000/b01c3707fef5fbe9153a59f41d195c622230e9fece719d810b226f9d-2026-08-06-18-1786041148426965386.jsonl: TASK_LIFECYCLE_EVENT must have at least one state transition"
time="2026-08-06T18:41:10Z" level=error msg="Failed to store events for file session_2026-08-06_11-32-01_850718_1/b01c3707fef5fbe9153a59f41d195c622230e9fece719d810b226f9d/job_events/03000000/b01c3707fef5fbe9153a59f41d195c622230e9fece719d810b226f9d-2026-08-06-18-1786041148426965386.jsonl: TASK_LIFECYCLE_EVENT must have at least one state transition"
time="2026-08-06T18:41:11Z" level=error msg="Failed to store events for file session_2026-08-06_11-32-01_850718_1/b01c3707fef5fbe9153a59f41d195c622230e9fece719d810b226f9d/job_events/03000000/b01c3707fef5fbe9153a59f41d195c622230e9fece719d810b226f9d-2026-08-06-18-1786041148426965386.jsonl: TASK_LIFECYCLE_EVENT must have at least one state transition"
time="2026-08-06T18:41:11Z" level=error msg="Failed to store events for file session_2026-08-06_11-32-01_850718_1/b01c3707fef5fbe9153a59f41d195c622230e9fece719d810b226f9d/job_events/03000000/b01c3707fef5fbe9153a59f41d195c622230e9fece719d810b226f9d-2026-08-06-18-1786041148426965386.jsonl: TASK_LIFECYCLE_EVENT must have at least one state transition"
time="2026-08-06T18:41:11Z" level=error msg="Failed to store events for file session_2026-08-06_11-32-01_850718_1/b01c3707fef5fbe9153a59f41d195c622230e9fece719d810b226f9d/job_events/03000000/b01c3707fef5fbe9153a59f41d195c622230e9fece719d810b226f9d-2026-08-06-18-1786041148426965386.jsonl: TASK_LIFECYCLE_EVENT must have at least one state transition"
time="2026-08-06T18:41:11Z" level=error msg="Failed to store events for file session_2026-08-06_11-32-01_850718_1/b01c3707fef5fbe9153a59f41d195c622230e9fece719d810b226f9d/job_events/03000000/b01c3707fef5fbe9153a59f41d195c622230e9fece719d810b226f9d-2026-08-06-18-1786041148426965386.jsonl: TASK_LIFECYCLE_EVENT must have at least one state transition"
time="2026-08-06T18:41:12Z" level=error msg="Failed to store events for file session_2026-08-06_11-32-01_850718_1/b01c3707fef5fbe9153a59f41d195c622230e9fece719d810b226f9d/job_events/03000000/b01c3707fef5fbe9153a59f41d195c622230e9fece719d810b226f9d-2026-08-06-18-1786041148426965386.jsonl: TASK_LIFECYCLE_EVENT must have at least one state transition"
time="2026-08-06T18:41:13Z" level=error msg="Failed to store events for file session_2026-08-06_11-32-01_850718_1/b01c3707fef5fbe9153a59f41d195c622230e9fece719d810b226f9d/job_events/03000000/b01c3707fef5fbe9153a59f41d195c622230e9fece719d810b226f9d-2026-08-06-18-1786041148426965386.jsonl: TASK_LIFECYCLE_EVENT must have at least one state transition"
time="2026-08-06T18:41:13Z" level=error msg="Failed to store events for file session_2026-08-06_11-32-01_850718_1/b01c3707fef5fbe9153a59f41d195c622230e9fece719d810b226f9d/job_events/03000000/b01c3707fef5fbe9153a59f41d195c622230e9fece719d810b226f9d-2026-08-06-18-1786041148426965386.jsonl: TASK_LIFECYCLE_EVENT must have at least one state transition"
time="2026-08-06T18:41:13Z" level=error msg="Failed to store events for file session_2026-08-06_11-32-01_850718_1/b01c3707fef5fbe9153a59f41d195c622230e9fece719d810b226f9d/job_events/03000000/b01c3707fef5fbe9153a59f41d195c622230e9fece719d810b226f9d-2026-08-06-18-1786041148426965386.jsonl: TASK_LIFECYCLE_EVENT must have at least one state transition"
time="2026-08-06T18:41:15Z" level=error msg="Failed to store events for file session_2026-08-06_11-32-01_850718_1/b01c3707fef5fbe9153a59f41d195c622230e9fece719d810b226f9d/job_events/03000000/b01c3707fef5fbe9153a59f41d195c622230e9fece719d810b226f9d-2026-08-06-18-1786041148426965386.jsonl: TASK_LIFECYCLE_EVENT must have at least one state transition"
time="2026-08-06T18:41:15Z" level=error msg="Failed to store events for file session_2026-08-06_11-32-01_850718_1/b01c3707fef5fbe9153a59f41d195c622230e9fece719d810b226f9d/job_events/03000000/b01c3707fef5fbe9153a59f41d195c622230e9fece719d810b226f9d-2026-08-06-18-1786041148426965386.jsonl: TASK_LIFECYCLE_EVENT must have at least one state transition"
time="2026-08-06T18:41:15Z" level=error msg="Failed to store events for file session_2026-08-06_11-32-01_850718_1/b01c3707fef5fbe9153a59f41d195c622230e9fece719d810b226f9d/job_events/03000000/b01c3707fef5fbe9153a59f41d195c622230e9fece719d810b226f9d-2026-08-06-18-1786041148426965386.jsonl: TASK_LIFECYCLE_EVENT must have at least one state transition"
time="2026-08-06T18:41:16Z" level=error msg="Failed to store events for file session_2026-08-06_11-32-01_850718_1/b01c3707fef5fbe9153a59f41d195c622230e9fece719d810b226f9d/job_events/03000000/b01c3707fef5fbe9153a59f41d195c622230e9fece719d810b226f9d-2026-08-06-18-1786041148426965386.jsonl: TASK_LIFECYCLE_EVENT must have at least one state transition"
time="2026-08-06T18:41:16Z" level=error msg="Failed to store events for file session_2026-08-06_11-32-01_850718_1/b01c3707fef5fbe9153a59f41d195c622230e9fece719d810b226f9d/job_events/03000000/b01c3707fef5fbe9153a59f41d195c622230e9fece719d810b226f9d-2026-08-06-18-1786041148426965386.jsonl: TASK_LIFECYCLE_EVENT must have at least one state transition"
time="2026-08-06T18:41:16Z" level=info msg="Received request: GET /enter_cluster/test-ns-25kkd/raycluster/raycluster-historyserver/session_2026-08-06_11-32-01_850718_1"
time="2026-08-06T18:41:16Z" level=info msg="[List]Returned objects in log/cluster-metadata/. length of page.Contents: 2, length of page.CommonPrefixes: 0"
time="2026-08-06T18:41:16Z" level=error msg="Failed to parse meta file path: log/cluster-metadata/raycluster/test-ns-25kkd_raycluster-historyserver/, error: invalid path segment count for cluster metadata structure: log/cluster-metadata/raycluster/test-ns-25kkd_raycluster-historyserver/"
time="2026-08-06T18:41:16Z" level=info msg="Parsed cluster raycluster-historyserver for session session_2026-08-06_11-32-01_850718_1 to list"
time="2026-08-06T18:41:17Z" level=error msg="Failed to store events for file session_2026-08-06_11-32-01_850718_1/b01c3707fef5fbe9153a59f41d195c622230e9fece719d810b226f9d/job_events/03000000/b01c3707fef5fbe9153a59f41d195c622230e9fece719d810b226f9d-2026-08-06-18-1786041148426965386.jsonl: TASK_LIFECYCLE_EVENT must have at least one state transition"
time="2026-08-06T18:41:17Z" level=error msg="Failed to store events for file session_2026-08-06_11-32-01_850718_1/b01c3707fef5fbe9153a59f41d195c622230e9fece719d810b226f9d/job_events/03000000/b01c3707fef5fbe9153a59f41d195c622230e9fece719d810b226f9d-2026-08-06-18-1786041148426965386.jsonl: TASK_LIFECYCLE_EVENT must have at least one state transition"
time="2026-08-06T18:41:18Z" level=error msg="Failed to store events for file session_2026-08-06_11-32-01_850718_1/b01c3707fef5fbe9153a59f41d195c622230e9fece719d810b226f9d/job_events/03000000/b01c3707fef5fbe9153a59f41d195c622230e9fece719d810b226f9d-2026-08-06-18-1786041148426965386.jsonl: TASK_LIFECYCLE_EVENT must have at least one state transition"
time="2026-08-06T18:41:18Z" level=error msg="Failed to store events for file session_2026-08-06_11-32-01_850718_1/b01c3707fef5fbe9153a59f41d195c622230e9fece719d810b226f9d/job_events/03000000/b01c3707fef5fbe9153a59f41d195c622230e9fece719d810b226f9d-2026-08-06-18-1786041148426965386.jsonl: TASK_LIFECYCLE_EVENT must have at least one state transition"
time="2026-08-06T18:41:18Z" level=error msg="Failed to store events for file session_2026-08-06_11-32-01_850718_1/b01c3707fef5fbe9153a59f41d195c622230e9fece719d810b226f9d/job_events/03000000/b01c3707fef5fbe9153a59f41d195c622230e9fece719d810b226f9d-2026-08-06-18-1786041148426965386.jsonl: TASK_LIFECYCLE_EVENT must have at least one state transition"
time="2026-08-06T18:41:19Z" level=error msg="Failed to store events for file session_2026-08-06_11-32-01_850718_1/b01c3707fef5fbe9153a59f41d195c622230e9fece719d810b226f9d/job_events/03000000/b01c3707fef5fbe9153a59f41d195c622230e9fece719d810b226f9d-2026-08-06-18-1786041148426965386.jsonl: TASK_LIFECYCLE_EVENT must have at least one state transition"
time="2026-08-06T18:41:19Z" level=error msg="Failed to store events for file session_2026-08-06_11-32-01_850718_1/b01c3707fef5fbe9153a59f41d195c622230e9fece719d810b226f9d/job_events/03000000/b01c3707fef5fbe9153a59f41d195c622230e9fece719d810b226f9d-2026-08-06-18-1786041148426965386.jsonl: TASK_LIFECYCLE_EVENT must have at least one state transition"
time="2026-08-06T18:41:19Z" level=error msg="Failed to store events for file session_2026-08-06_11-32-01_850718_1/b01c3707fef5fbe9153a59f41d195c622230e9fece719d810b226f9d/job_events/03000000/b01c3707fef5fbe9153a59f41d195c622230e9fece719d810b226f9d-2026-08-06-18-1786041148426965386.jsonl: TASK_LIFECYCLE_EVENT must have at least one state transition"
time="2026-08-06T18:41:20Z" level=error msg="Failed to store events for file session_2026-08-06_11-32-01_850718_1/b01c3707fef5fbe9153a59f41d195c622230e9fece719d810b226f9d/job_events/03000000/b01c3707fef5fbe9153a59f41d195c622230e9fece719d810b226f9d-2026-08-06-18-1786041148426965386.jsonl: TASK_LIFECYCLE_EVENT must have at least one state transition"
time="2026-08-06T18:41:20Z" level=error msg="Failed to store events for file session_2026-08-06_11-32-01_850718_1/b01c3707fef5fbe9153a59f41d195c622230e9fece719d810b226f9d/job_events/03000000/b01c3707fef5fbe9153a59f41d195c622230e9fece719d810b226f9d-2026-08-06-18-1786041148426965386.jsonl: TASK_LIFECYCLE_EVENT must have at least one state transition"
time="2026-08-06T18:41:21Z" level=error msg="Failed to store events for file session_2026-08-06_11-32-01_850718_1/b01c3707fef5fbe9153a59f41d195c622230e9fece719d810b226f9d/job_events/03000000/b01c3707fef5fbe9153a59f41d195c622230e9fece719d810b226f9d-2026-08-06-18-1786041148426965386.jsonl: TASK_LIFECYCLE_EVENT must have at least one state transition"
time="2026-08-06T18:41:21Z" level=error msg="Failed to store events for file session_2026-08-06_11-32-01_850718_1/b01c3707fef5fbe9153a59f41d195c622230e9fece719d810b226f9d/job_events/03000000/b01c3707fef5fbe9153a59f41d195c622230e9fece719d810b226f9d-2026-08-06-18-1786041148426965386.jsonl: TASK_LIFECYCLE_EVENT must have at least one state transition"
time="2026-08-06T18:41:21Z" level=error msg="Failed to store events for file session_2026-08-06_11-32-01_850718_1/b01c3707fef5fbe9153a59f41d195c622230e9fece719d810b226f9d/job_events/03000000/b01c3707fef5fbe9153a59f41d195c622230e9fece719d810b226f9d-2026-08-06-18-1786041148426965386.jsonl: TASK_LIFECYCLE_EVENT must have at least one state transition"
time="2026-08-06T18:41:22Z" level=error msg="Failed to store events for file session_2026-08-06_11-32-01_850718_1/b01c3707fef5fbe9153a59f41d195c622230e9fece719d810b226f9d/job_events/03000000/b01c3707fef5fbe9153a59f41d195c622230e9fece719d810b226f9d-2026-08-06-18-1786041148426965386.jsonl: TASK_LIFECYCLE_EVENT must have at least one state transition"
time="2026-08-06T18:41:22Z" level=error msg="Failed to store events for file session_2026-08-06_11-32-01_850718_1/b01c3707fef5fbe9153a59f41d195c622230e9fece719d810b226f9d/job_events/03000000/b01c3707fef5fbe9153a59f41d195c622230e9fece719d810b226f9d-2026-08-06-18-1786041148426965386.jsonl: TASK_LIFECYCLE_EVENT must have at least one state transition"
time="2026-08-06T18:41:22Z" level=error msg="Failed to store events for file session_2026-08-06_11-32-01_850718_1/b01c3707fef5fbe9153a59f41d195c622230e9fece719d810b226f9d/job_events/03000000/b01c3707fef5fbe9153a59f41d195c622230e9fece719d810b226f9d-2026-08-06-18-1786041148426965386.jsonl: TASK_LIFECYCLE_EVENT must have at least one state transition"
time="2026-08-06T18:41:23Z" level=error msg="Failed to store events for file session_2026-08-06_11-32-01_850718_1/b01c3707fef5fbe9153a59f41d195c622230e9fece719d810b226f9d/job_events/03000000/b01c3707fef5fbe9153a59f41d195c622230e9fece719d810b226f9d-2026-08-06-18-1786041148426965386.jsonl: TASK_LIFECYCLE_EVENT must have at least one state transition"
time="2026-08-06T18:41:24Z" level=error msg="Failed to store events for file session_2026-08-06_11-32-01_850718_1/b01c3707fef5fbe9153a59f41d195c622230e9fece719d810b226f9d/job_events/03000000/b01c3707fef5fbe9153a59f41d195c622230e9fece719d810b226f9d-2026-08-06-18-1786041148426965386.jsonl: TASK_LIFECYCLE_EVENT must have at least one state transition"
time="2026-08-06T18:41:24Z" level=error msg="Failed to store events for file session_2026-08-06_11-32-01_850718_1/b01c3707fef5fbe9153a59f41d195c622230e9fece719d810b226f9d/job_events/03000000/b01c3707fef5fbe9153a59f41d195c622230e9fece719d810b226f9d-2026-08-06-18-1786041148426965386.jsonl: TASK_LIFECYCLE_EVENT must have at least one state transition"
time="2026-08-06T18:41:24Z" level=error msg="Failed to store events for file session_2026-08-06_11-32-01_850718_1/b01c3707fef5fbe9153a59f41d195c622230e9fece719d810b226f9d/job_events/03000000/b01c3707fef5fbe9153a59f41d195c622230e9fece719d810b226f9d-2026-08-06-18-1786041148426965386.jsonl: TASK_LIFECYCLE_EVENT must have at least one state transition"
time="2026-08-06T18:41:25Z" level=error msg="Failed to store events for file session_2026-08-06_11-32-01_850718_1/b01c3707fef5fbe9153a59f41d195c622230e9fece719d810b226f9d/job_events/03000000/b01c3707fef5fbe9153a59f41d195c622230e9fece719d810b226f9d-2026-08-06-18-1786041148426965386.jsonl: TASK_LIFECYCLE_EVENT must have at least one state transition"
time="2026-08-06T18:41:25Z" level=error msg="Failed to store events for file session_2026-08-06_11-32-01_850718_1/b01c3707fef5fbe9153a59f41d195c622230e9fece719d810b226f9d/job_events/03000000/b01c3707fef5fbe9153a59f41d195c622230e9fece719d810b226f9d-2026-08-06-18-1786041148426965386.jsonl: TASK_LIFECYCLE_EVENT must have at least one state transition"
time="2026-08-06T18:41:26Z" level=error msg="Failed to store events for file session_2026-08-06_11-32-01_850718_1/b01c3707fef5fbe9153a59f41d195c622230e9fece719d810b226f9d/job_events/03000000/b01c3707fef5fbe9153a59f41d195c622230e9fece719d810b226f9d-2026-08-06-18-1786041148426965386.jsonl: TASK_LIFECYCLE_EVENT must have at least one state transition"
time="2026-08-06T18:41:26Z" level=error msg="Failed to store events for file session_2026-08-06_11-32-01_850718_1/b01c3707fef5fbe9153a59f41d195c622230e9fece719d810b226f9d/job_events/03000000/b01c3707fef5fbe9153a59f41d195c622230e9fece719d810b226f9d-2026-08-06-18-1786041148426965386.jsonl: TASK_LIFECYCLE_EVENT must have at least one state transition"
time="2026-08-06T18:41:26Z" level=error msg="Failed to store events for file session_2026-08-06_11-32-01_850718_1/b01c3707fef5fbe9153a59f41d195c622230e9fece719d810b226f9d/job_events/03000000/b01c3707fef5fbe9153a59f41d195c622230e9fece719d810b226f9d-2026-08-06-18-1786041148426965386.jsonl: TASK_LIFECYCLE_EVENT must have at least one state transition"
time="2026-08-06T18:41:27Z" level=error msg="Failed to store events for file session_2026-08-06_11-32-01_850718_1/b01c3707fef5fbe9153a59f41d195c622230e9fece719d810b226f9d/job_events/03000000/b01c3707fef5fbe9153a59f41d195c622230e9fece719d810b226f9d-2026-08-06-18-1786041148426965386.jsonl: TASK_LIFECYCLE_EVENT must have at least one state transition"
time="2026-08-06T18:41:28Z" level=error msg="Failed to store events for file session_2026-08-06_11-32-01_850718_1/b01c3707fef5fbe9153a59f41d195c622230e9fece719d810b226f9d/job_events/03000000/b01c3707fef5fbe9153a59f41d195c622230e9fece719d810b226f9d-2026-08-06-18-1786041148426965386.jsonl: TASK_LIFECYCLE_EVENT must have at least one state transition"
time="2026-08-06T18:41:28Z" level=error msg="Failed to store events for file session_2026-08-06_11-32-01_850718_1/b01c3707fef5fbe9153a59f41d195c622230e9fece719d810b226f9d/job_events/03000000/b01c3707fef5fbe9153a59f41d195c622230e9fece719d810b226f9d-2026-08-06-18-1786041148426965386.jsonl: TASK_LIFECYCLE_EVENT must have at least one state transition"
time="2026-08-06T18:41:28Z" level=error msg="Failed to store events for file session_2026-08-06_11-32-01_850718_1/b01c3707fef5fbe9153a59f41d195c622230e9fece719d810b226f9d/job_events/03000000/b01c3707fef5fbe9153a59f41d195c622230e9fece719d810b226f9d-2026-08-06-18-1786041148426965386.jsonl: TASK_LIFECYCLE_EVENT must have at least one state transition"
time="2026-08-06T18:41:29Z" level=error msg="Failed to store events for file session_2026-08-06_11-32-01_850718_1/b01c3707fef5fbe9153a59f41d195c622230e9fece719d810b226f9d/job_events/03000000/b01c3707fef5fbe9153a59f41d195c622230e9fece719d810b226f9d-2026-08-06-18-1786041148426965386.jsonl: TASK_LIFECYCLE_EVENT must have at least one state transition"
time="2026-08-06T18:41:30Z" level=error msg="Failed to store events for file session_2026-08-06_11-32-01_850718_1/b01c3707fef5fbe9153a59f41d195c622230e9fece719d810b226f9d/job_events/03000000/b01c3707fef5fbe9153a59f41d195c622230e9fece719d810b226f9d-2026-08-06-18-1786041148426965386.jsonl: TASK_LIFECYCLE_EVENT must have at least one state transition"
time="2026-08-06T18:41:30Z" level=error msg="Failed to store events for file session_2026-08-06_11-32-01_850718_1/b01c3707fef5fbe9153a59f41d195c622230e9fece719d810b226f9d/job_events/03000000/b01c3707fef5fbe9153a59f41d195c622230e9fece719d810b226f9d-2026-08-06-18-1786041148426965386.jsonl: TASK_LIFECYCLE_EVENT must have at least one state transition"
time="2026-08-06T18:41:30Z" level=error msg="Failed to store events for file session_2026-08-06_11-32-01_850718_1/b01c3707fef5fbe9153a59f41d195c622230e9fece719d810b226f9d/job_events/03000000/b01c3707fef5fbe9153a59f41d195c622230e9fece719d810b226f9d-2026-08-06-18-1786041148426965386.jsonl: TASK_LIFECYCLE_EVENT must have at least one state transition"
time="2026-08-06T18:41:31Z" level=error msg="Failed to store events for file session_2026-08-06_11-32-01_850718_1/b01c3707fef5fbe9153a59f41d195c622230e9fece719d810b226f9d/job_events/03000000/b01c3707fef5fbe9153a59f41d195c622230e9fece719d810b226f9d-2026-08-06-18-1786041148426965386.jsonl: TASK_LIFECYCLE_EVENT must have at least one state transition"
time="2026-08-06T18:41:31Z" level=error msg="Failed to store events for file session_2026-08-06_11-32-01_850718_1/b01c3707fef5fbe9153a59f41d195c622230e9fece719d810b226f9d/job_events/03000000/b01c3707fef5fbe9153a59f41d195c622230e9fece719d810b226f9d-2026-08-06-18-1786041148426965386.jsonl: TASK_LIFECYCLE_EVENT must have at least one state transition"
time="2026-08-06T18:41:32Z" level=error msg="Failed to store events for file session_2026-08-06_11-32-01_850718_1/b01c3707fef5fbe9153a59f41d195c622230e9fece719d810b226f9d/job_events/03000000/b01c3707fef5fbe9153a59f41d195c622230e9fece719d810b226f9d-2026-08-06-18-1786041148426965386.jsonl: TASK_LIFECYCLE_EVENT must have at least one state transition"
time="2026-08-06T18:41:32Z" level=error msg="Failed to store events for file session_2026-08-06_11-32-01_850718_1/b01c3707fef5fbe9153a59f41d195c622230e9fece719d810b226f9d/job_events/03000000/b01c3707fef5fbe9153a59f41d195c622230e9fece719d810b226f9d-2026-08-06-18-1786041148426965386.jsonl: TASK_LIFECYCLE_EVENT must have at least one state transition"
time="2026-08-06T18:41:32Z" level=error msg="Failed to store events for file session_2026-08-06_11-32-01_850718_1/b01c3707fef5fbe9153a59f41d195c622230e9fece719d810b226f9d/job_events/03000000/b01c3707fef5fbe9153a59f41d195c622230e9fece719d810b226f9d-2026-08-06-18-1786041148426965386.jsonl: TASK_LIFECYCLE_EVENT must have at least one state transition"
time="2026-08-06T18:41:32Z" level=error msg="Failed to store events for file session_2026-08-06_11-32-01_850718_1/b01c3707fef5fbe9153a59f41d195c622230e9fece719d810b226f9d/job_events/03000000/b01c3707fef5fbe9153a59f41d195c622230e9fece719d810b226f9d-2026-08-06-18-1786041148426965386.jsonl: TASK_LIFECYCLE_EVENT must have at least one state transition"
time="2026-08-06T18:41:33Z" level=error msg="Failed to store events for file session_2026-08-06_11-32-01_850718_1/b01c3707fef5fbe9153a59f41d195c622230e9fece719d810b226f9d/job_events/03000000/b01c3707fef5fbe9153a59f41d195c622230e9fece719d810b226f9d-2026-08-06-18-1786041148426965386.jsonl: TASK_LIFECYCLE_EVENT must have at least one state transition"
time="2026-08-06T18:41:34Z" level=error msg="Failed to store events for file session_2026-08-06_11-32-01_850718_1/b01c3707fef5fbe9153a59f41d195c622230e9fece719d810b226f9d/job_events/03000000/b01c3707fef5fbe9153a59f41d195c622230e9fece719d810b226f9d-2026-08-06-18-1786041148426965386.jsonl: TASK_LIFECYCLE_EVENT must have at least one state transition"
time="2026-08-06T18:41:34Z" level=error msg="Failed to store events for file session_2026-08-06_11-32-01_850718_1/b01c3707fef5fbe9153a59f41d195c622230e9fece719d810b226f9d/job_events/03000000/b01c3707fef5fbe9153a59f41d195c622230e9fece719d810b226f9d-2026-08-06-18-1786041148426965386.jsonl: TASK_LIFECYCLE_EVENT must have at least one state transition"
time="2026-08-06T18:41:36Z" level=error msg="Failed to store events for file session_2026-08-06_11-32-01_850718_1/b01c3707fef5fbe9153a59f41d195c622230e9fece719d810b226f9d/job_events/03000000/b01c3707fef5fbe9153a59f41d195c622230e9fece719d810b226f9d-2026-08-06-18-1786041148426965386.jsonl: TASK_LIFECYCLE_EVENT must have at least one state transition"
time="2026-08-06T18:41:37Z" level=error msg="Failed to load session test-ns-25kkd/raycluster-historyserver/session_2026-08-06_11-32-01_850718_1: context deadline exceeded"
gc 48 @462.402s 6%: 0.19+4991+0.043 ms clock, 0.39+0.11/2495/5387+0.087 ms cpu, 1160->1172->602 MB, 1363 MB goal, 0 MB stacks, 0 MB globals, 2 P
time="2026-08-06T18:41:47Z" level=info msg="Received request: GET /enter_cluster/test-ns-25kkd/raycluster/raycluster-historyserver/session_2026-08-06_11-32-01_850718_1"
time="2026-08-06T18:41:47Z" level=info msg="[List]Returned objects in log/cluster-metadata/. length of page.Contents: 2, length of page.CommonPrefixes: 0"
time="2026-08-06T18:41:47Z" level=error msg="Failed to parse meta file path: log/cluster-metadata/raycluster/test-ns-25kkd_raycluster-historyserver/, error: invalid path segment count for cluster metadata structure: log/cluster-metadata/raycluster/test-ns-25kkd_raycluster-historyserver/"
time="2026-08-06T18:41:47Z" level=info msg="Parsed cluster raycluster-historyserver for session session_2026-08-06_11-32-01_850718_1 to list"
time="2026-08-06T18:41:47Z" level=info msg="[ListFiles]Returned objects in log/cluster-history/raycluster/test-ns-25kkd/raycluster-historyserver/session_2026-08-06_11-32-01_850718_1/. length of page.Contents: 0, length of page.CommonPrefixes: 3"
time="2026-08-06T18:41:47Z" level=info msg="[ListFiles]Returned objects in log/cluster-history/raycluster/test-ns-25kkd/raycluster-historyserver/session_2026-08-06_11-32-01_850718_1/a17d3cad2abef6d000063920c29c25b77905d5cb11d950fccbddc58c/logs/events/. length of page.Contents: 11, length of page.CommonPrefixes: 0"
time="2026-08-06T18:41:47Z" level=info msg="Prepare to get object log/cluster-history/raycluster/test-ns-25kkd/raycluster-historyserver/session_2026-08-06_11-32-01_850718_1/a17d3cad2abef6d000063920c29c25b77905d5cb11d950fccbddc58c/logs/events/event_AUTOSCALER.log info ..."
time="2026-08-06T18:41:47Z" level=info msg="Prepare to get object log/cluster-history/raycluster/test-ns-25kkd/raycluster-historyserver/session_2026-08-06_11-32-01_850718_1/a17d3cad2abef6d000063920c29c25b77905d5cb11d950fccbddc58c/logs/events/event_CORE_WORKER_1018.log info ..."
time="2026-08-06T18:41:47Z" level=info msg="Prepare to get object log/cluster-history/raycluster/test-ns-25kkd/raycluster-historyserver/session_2026-08-06_11-32-01_850718_1/a17d3cad2abef6d000063920c29c25b77905d5cb11d950fccbddc58c/logs/events/event_CORE_WORKER_1182.log info ..."
time="2026-08-06T18:41:47Z" level=info msg="Prepare to get object log/cluster-history/raycluster/test-ns-25kkd/raycluster-historyserver/session_2026-08-06_11-32-01_850718_1/a17d3cad2abef6d000063920c29c25b77905d5cb11d950fccbddc58c/logs/events/event_CORE_WORKER_199.log info ..."
time="2026-08-06T18:41:47Z" level=info msg="Prepare to get object log/cluster-history/raycluster/test-ns-25kkd/raycluster-historyserver/session_2026-08-06_11-32-01_850718_1/a17d3cad2abef6d000063920c29c25b77905d5cb11d950fccbddc58c/logs/events/event_CORE_WORKER_204.log info ..."
time="2026-08-06T18:41:47Z" level=info msg="Prepare to get object log/cluster-history/raycluster/test-ns-25kkd/raycluster-historyserver/session_2026-08-06_11-32-01_850718_1/a17d3cad2abef6d000063920c29c25b77905d5cb11d950fccbddc58c/logs/events/event_CORE_WORKER_677.log info ..."
time="2026-08-06T18:41:47Z" level=info msg="Prepare to get object log/cluster-history/raycluster/test-ns-25kkd/raycluster-historyserver/session_2026-08-06_11-32-01_850718_1/a17d3cad2abef6d000063920c29c25b77905d5cb11d950fccbddc58c/logs/events/event_CORE_WORKER_962.log info ..."
time="2026-08-06T18:41:47Z" level=info msg="Prepare to get object log/cluster-history/raycluster/test-ns-25kkd/raycluster-historyserver/session_2026-08-06_11-32-01_850718_1/a17d3cad2abef6d000063920c29c25b77905d5cb11d950fccbddc58c/logs/events/event_GCS.log info ..."
time="2026-08-06T18:41:47Z" level=info msg="Prepare to get object log/cluster-history/raycluster/test-ns-25kkd/raycluster-historyserver/session_2026-08-06_11-32-01_850718_1/a17d3cad2abef6d000063920c29c25b77905d5cb11d950fccbddc58c/logs/events/event_JOBS.log info ..."
time="2026-08-06T18:41:47Z" level=info msg="Prepare to get object log/cluster-history/raycluster/test-ns-25kkd/raycluster-historyserver/session_2026-08-06_11-32-01_850718_1/a17d3cad2abef6d000063920c29c25b77905d5cb11d950fccbddc58c/logs/events/event_RAYLET.log info ..."
time="2026-08-06T18:41:47Z" level=info msg="[ListFiles]Returned objects in log/cluster-history/raycluster/test-ns-25kkd/raycluster-historyserver/session_2026-08-06_11-32-01_850718_1/b01c3707fef5fbe9153a59f41d195c622230e9fece719d810b226f9d/logs/events/. length of page.Contents: 13, length of page.CommonPrefixes: 0"
time="2026-08-06T18:41:47Z" level=info msg="Prepare to get object log/cluster-history/raycluster/test-ns-25kkd/raycluster-historyserver/session_2026-08-06_11-32-01_850718_1/b01c3707fef5fbe9153a59f41d195c622230e9fece719d810b226f9d/logs/events/event_CORE_WORKER_228.log info ..."
time="2026-08-06T18:41:47Z" level=info msg="Prepare to get object log/cluster-history/raycluster/test-ns-25kkd/raycluster-historyserver/session_2026-08-06_11-32-01_850718_1/b01c3707fef5fbe9153a59f41d195c622230e9fece719d810b226f9d/logs/events/event_CORE_WORKER_229.log info ..."
time="2026-08-06T18:41:47Z" level=info msg="Prepare to get object log/cluster-history/raycluster/test-ns-25kkd/raycluster-historyserver/session_2026-08-06_11-32-01_850718_1/b01c3707fef5fbe9153a59f41d195c622230e9fece719d810b226f9d/logs/events/event_CORE_WORKER_313.log info ..."
time="2026-08-06T18:41:47Z" level=info msg="Prepare to get object log/cluster-history/raycluster/test-ns-25kkd/raycluster-historyserver/session_2026-08-06_11-32-01_850718_1/b01c3707fef5fbe9153a59f41d195c622230e9fece719d810b226f9d/logs/events/event_CORE_WORKER_319.log info ..."
time="2026-08-06T18:41:47Z" level=info msg="Prepare to get object log/cluster-history/raycluster/test-ns-25kkd/raycluster-historyserver/session_2026-08-06_11-32-01_850718_1/b01c3707fef5fbe9153a59f41d195c622230e9fece719d810b226f9d/logs/events/event_CORE_WORKER_410.log info ..."
time="2026-08-06T18:41:47Z" level=info msg="Prepare to get object log/cluster-history/raycluster/test-ns-25kkd/raycluster-historyserver/session_2026-08-06_11-32-01_850718_1/b01c3707fef5fbe9153a59f41d195c622230e9fece719d810b226f9d/logs/events/event_CORE_WORKER_419.log info ..."
time="2026-08-06T18:41:47Z" level=info msg="Prepare to get object log/cluster-history/raycluster/test-ns-25kkd/raycluster-historyserver/session_2026-08-06_11-32-01_850718_1/b01c3707fef5fbe9153a59f41d195c622230e9fece719d810b226f9d/logs/events/event_CORE_WORKER_509.log info ..."
time="2026-08-06T18:41:47Z" level=info msg="Prepare to get object log/cluster-history/raycluster/test-ns-25kkd/raycluster-historyserver/session_2026-08-06_11-32-01_850718_1/b01c3707fef5fbe9153a59f41d195c622230e9fece719d810b226f9d/logs/events/event_CORE_WORKER_513.log info ..."
time="2026-08-06T18:41:47Z" level=info msg="Prepare to get object log/cluster-history/raycluster/test-ns-25kkd/raycluster-historyserver/session_2026-08-06_11-32-01_850718_1/b01c3707fef5fbe9153a59f41d195c622230e9fece719d810b226f9d/logs/events/event_CORE_WORKER_605.log info ..."
time="2026-08-06T18:41:47Z" level=info msg="Prepare to get object log/cluster-history/raycluster/test-ns-25kkd/raycluster-historyserver/session_2026-08-06_11-32-01_850718_1/b01c3707fef5fbe9153a59f41d195c622230e9fece719d810b226f9d/logs/events/event_CORE_WORKER_608.log info ..."
time="2026-08-06T18:41:47Z" level=info msg="Prepare to get object log/cluster-history/raycluster/test-ns-25kkd/raycluster-historyserver/session_2026-08-06_11-32-01_850718_1/b01c3707fef5fbe9153a59f41d195c622230e9fece719d810b226f9d/logs/events/event_CORE_WORKER_683.log info ..."
time="2026-08-06T18:41:47Z" level=info msg="Prepare to get object log/cluster-history/raycluster/test-ns-25kkd/raycluster-historyserver/session_2026-08-06_11-32-01_850718_1/b01c3707fef5fbe9153a59f41d195c622230e9fece719d810b226f9d/logs/events/event_RAYLET.log info ..."
time="2026-08-06T18:41:47Z" level=info msg="[ListFiles]Returned objects in log/cluster-history/raycluster/test-ns-25kkd/raycluster-historyserver/session_2026-08-06_11-32-01_850718_1/fetched_endpoints/logs/events/. length of page.Contents: 0, length of page.CommonPrefixes: 0"
time="2026-08-06T18:41:47Z" level=info msg="[ListFiles]Returned objects in log/cluster-history/raycluster/test-ns-25kkd/raycluster-historyserver/session_2026-08-06_11-32-01_850718_1/. length of page.Contents: 0, length of page.CommonPrefixes: 3"
time="2026-08-06T18:41:47Z" level=info msg="[ListFiles]Returned objects in log/cluster-history/raycluster/test-ns-25kkd/raycluster-historyserver/session_2026-08-06_11-32-01_850718_1/a17d3cad2abef6d000063920c29c25b77905d5cb11d950fccbddc58c/job_events/. length of page.Contents: 0, length of page.CommonPrefixes: 4"
time="2026-08-06T18:41:47Z" level=info msg="[ListFiles]Returned objects in log/cluster-history/raycluster/test-ns-25kkd/raycluster-historyserver/session_2026-08-06_11-32-01_850718_1/a17d3cad2abef6d000063920c29c25b77905d5cb11d950fccbddc58c/job_events/01000000/. length of page.Contents: 2, length of page.CommonPrefixes: 0"
time="2026-08-06T18:41:47Z" level=info msg="[ListFiles]Returned objects in log/cluster-history/raycluster/test-ns-25kkd/raycluster-historyserver/session_2026-08-06_11-32-01_850718_1/a17d3cad2abef6d000063920c29c25b77905d5cb11d950fccbddc58c/job_events/02000000/. length of page.Contents: 2, length of page.CommonPrefixes: 0"
time="2026-08-06T18:41:47Z" level=info msg="[ListFiles]Returned objects in log/cluster-history/raycluster/test-ns-25kkd/raycluster-historyserver/session_2026-08-06_11-32-01_850718_1/a17d3cad2abef6d000063920c29c25b77905d5cb11d950fccbddc58c/job_events/03000000/. length of page.Contents: 3, length of page.CommonPrefixes: 0"
time="2026-08-06T18:41:47Z" level=info msg="[ListFiles]Returned objects in log/cluster-history/raycluster/test-ns-25kkd/raycluster-historyserver/session_2026-08-06_11-32-01_850718_1/a17d3cad2abef6d000063920c29c25b77905d5cb11d950fccbddc58c/job_events/04000000/. length of page.Contents: 2, length of page.CommonPrefixes: 0"
time="2026-08-06T18:41:47Z" level=info msg="[ListFiles]Returned objects in log/cluster-history/raycluster/test-ns-25kkd/raycluster-historyserver/session_2026-08-06_11-32-01_850718_1/b01c3707fef5fbe9153a59f41d195c622230e9fece719d810b226f9d/job_events/. length of page.Contents: 0, length of page.CommonPrefixes: 1"
time="2026-08-06T18:41:47Z" level=info msg="[ListFiles]Returned objects in log/cluster-history/raycluster/test-ns-25kkd/raycluster-historyserver/session_2026-08-06_11-32-01_850718_1/b01c3707fef5fbe9153a59f41d195c622230e9fece719d810b226f9d/job_events/03000000/. length of page.Contents: 3, length of page.CommonPrefixes: 0"
time="2026-08-06T18:41:47Z" level=info msg="[ListFiles]Returned objects in log/cluster-history/raycluster/test-ns-25kkd/raycluster-historyserver/session_2026-08-06_11-32-01_850718_1/fetched_endpoints/job_events/. length of page.Contents: 0, length of page.CommonPrefixes: 0"
time="2026-08-06T18:41:47Z" level=info msg="[ListFiles]Returned objects in log/cluster-history/raycluster/test-ns-25kkd/raycluster-historyserver/session_2026-08-06_11-32-01_850718_1/. length of page.Contents: 0, length of page.CommonPrefixes: 3"
time="2026-08-06T18:41:47Z" level=info msg="[ListFiles]Returned objects in log/cluster-history/raycluster/test-ns-25kkd/raycluster-historyserver/session_2026-08-06_11-32-01_850718_1/a17d3cad2abef6d000063920c29c25b77905d5cb11d950fccbddc58c/node_events/. length of page.Contents: 2, length of page.CommonPrefixes: 0"
time="2026-08-06T18:41:47Z" level=info msg="[ListFiles]Returned objects in log/cluster-history/raycluster/test-ns-25kkd/raycluster-historyserver/session_2026-08-06_11-32-01_850718_1/b01c3707fef5fbe9153a59f41d195c622230e9fece719d810b226f9d/node_events/. length of page.Contents: 0, length of page.CommonPrefixes: 0"
time="2026-08-06T18:41:47Z" level=info msg="[ListFiles]Returned objects in log/cluster-history/raycluster/test-ns-25kkd/raycluster-historyserver/session_2026-08-06_11-32-01_850718_1/fetched_endpoints/node_events/. length of page.Contents: 0, length of page.CommonPrefixes: 0"
time="2026-08-06T18:41:47Z" level=info msg="Prepare to get object log/cluster-history/raycluster/test-ns-25kkd/raycluster-historyserver/session_2026-08-06_11-32-01_850718_1/a17d3cad2abef6d000063920c29c25b77905d5cb11d950fccbddc58c/job_events/01000000/a17d3cad2abef6d000063920c29c25b77905d5cb11d950fccbddc58c-2026-08-06-18-1786041127443908751.jsonl info ..."
time="2026-08-06T18:41:47Z" level=info msg="Prepare to get object log/cluster-history/raycluster/test-ns-25kkd/raycluster-historyserver/session_2026-08-06_11-32-01_850718_1/a17d3cad2abef6d000063920c29c25b77905d5cb11d950fccbddc58c/job_events/02000000/a17d3cad2abef6d000063920c29c25b77905d5cb11d950fccbddc58c-2026-08-06-18-1786041145889122385.jsonl info ..."
time="2026-08-06T18:41:47Z" level=info msg="Prepare to get object log/cluster-history/raycluster/test-ns-25kkd/raycluster-historyserver/session_2026-08-06_11-32-01_850718_1/a17d3cad2abef6d000063920c29c25b77905d5cb11d950fccbddc58c/job_events/03000000/a17d3cad2abef6d000063920c29c25b77905d5cb11d950fccbddc58c-2026-08-06-18-1786041146890102219.jsonl info ..."
gc 49 @475.596s 6%: 0.20+444+0.094 ms clock, 0.40+0/47/398+0.18 ms cpu, 1130->1130->249 MB, 1205 MB goal, 0 MB stacks, 0 MB globals, 2 P
gc 50 @484.110s 6%: 0.23+1576+0.11 ms clock, 0.47+0.25/789/1050+0.23 ms cpu, 470->480->308 MB, 499 MB goal, 0 MB stacks, 0 MB globals, 2 P
gc 51 @494.895s 6%: 0.21+3194+0.10 ms clock, 0.42+0.098/1609/1755+0.20 ms cpu, 579->605->538 MB, 617 MB goal, 0 MB stacks, 0 MB globals, 2 P
gc 52 @520.114s 6%: 0.18+5273+0.075 ms clock, 0.36+0.10/2664/3172+0.15 ms cpu, 1021->1046->594 MB, 1077 MB goal, 0 MB stacks, 0 MB globals, 2 P
time="2026-08-06T18:42:48Z" level=error msg="Failed to load session test-ns-25kkd/raycluster-historyserver/session_2026-08-06_11-32-01_850718_1: context canceled"
time="2026-08-06T18:42:52Z" level=info msg="Prepare to get object log/cluster-history/raycluster/test-ns-25kkd/raycluster-historyserver/session_2026-08-06_11-32-01_850718_1/a17d3cad2abef6d000063920c29c25b77905d5cb11d950fccbddc58c/job_events/03000000/a17d3cad2abef6d000063920c29c25b77905d5cb11d950fccbddc58c-2026-08-06-18-1786041187322374126.jsonl info ..."
gc 53 @540.291s 6%: 0.19+1905+0.038 ms clock, 0.38+446/975/1001+0.077 ms cpu, 1119->1134->235 MB, 1190 MB goal, 0 MB stacks, 0 MB globals, 2 P
time="2026-08-06T18:42:57Z" level=info msg="Received request: GET /enter_cluster/test-ns-25kkd/raycluster/raycluster-historyserver/session_2026-08-06_11-32-01_850718_1"
time="2026-08-06T18:42:57Z" level=info msg="[List]Returned objects in log/cluster-metadata/. length of page.Contents: 2, length of page.CommonPrefixes: 0"
time="2026-08-06T18:42:57Z" level=error msg="Failed to parse meta file path: log/cluster-metadata/raycluster/test-ns-25kkd_raycluster-historyserver/, error: invalid path segment count for cluster metadata structure: log/cluster-metadata/raycluster/test-ns-25kkd_raycluster-historyserver/"
time="2026-08-06T18:42:57Z" level=info msg="Parsed cluster raycluster-historyserver for session session_2026-08-06_11-32-01_850718_1 to list"
gc 54 @549.220s 6%: 0.17+3579+0.10 ms clock, 0.34+0.099/1796/1903+0.20 ms cpu, 428->458->355 MB, 472 MB goal, 0 MB stacks, 0 MB globals, 2 P
gc 55 @564.900s 6%: 0.24+4240+0.094 ms clock, 0.48+0.10/2143/2872+0.18 ms cpu, 606->624->388 MB, 712 MB goal, 0 MB stacks, 0 MB globals, 2 P
time="2026-08-06T18:43:25Z" level=info msg="Prepare to get object log/cluster-history/raycluster/test-ns-25kkd/raycluster-historyserver/session_2026-08-06_11-32-01_850718_1/a17d3cad2abef6d000063920c29c25b77905d5cb11d950fccbddc58c/job_events/04000000/a17d3cad2abef6d000063920c29c25b77905d5cb11d950fccbddc58c-2026-08-06-18-1786041162358624795.jsonl info ..."
time="2026-08-06T18:43:25Z" level=info msg="Prepare to get object log/cluster-history/raycluster/test-ns-25kkd/raycluster-historyserver/session_2026-08-06_11-32-01_850718_1/b01c3707fef5fbe9153a59f41d195c622230e9fece719d810b226f9d/job_events/03000000/b01c3707fef5fbe9153a59f41d195c622230e9fece719d810b226f9d-2026-08-06-18-1786041148426965386.jsonl info ..."
gc 56 @573.828s 6%: 0.91+1861+0.096 ms clock, 1.8+1464/985/905+0.19 ms cpu, 719->782->328 MB, 776 MB goal, 0 MB stacks, 0 MB globals, 2 P
gc 57 @577.948s 6%: 0.17+2549+0.12 ms clock, 0.34+0.087/1272/1908+0.24 ms cpu, 559->574->314 MB, 656 MB goal, 0 MB stacks, 0 MB globals, 2 P
gc 58 @589.006s 6%: 0.20+4285+0.082 ms clock, 0.40+0.097/2141/2606+0.16 ms cpu, 536->567->504 MB, 630 MB goal, 0 MB stacks, 0 MB globals, 2 P
time="2026-08-06T18:43:54Z" level=error msg="Failed to store events for file session_2026-08-06_11-32-01_850718_1/b01c3707fef5fbe9153a59f41d195c622230e9fece719d810b226f9d/job_events/03000000/b01c3707fef5fbe9153a59f41d195c622230e9fece719d810b226f9d-2026-08-06-18-1786041148426965386.jsonl: TASK_LIFECYCLE_EVENT must have at least one state transition"
time="2026-08-06T18:43:54Z" level=error msg="Failed to store events for file session_2026-08-06_11-32-01_850718_1/b01c3707fef5fbe9153a59f41d195c622230e9fece719d810b226f9d/job_events/03000000/b01c3707fef5fbe9153a59f41d195c622230e9fece719d810b226f9d-2026-08-06-18-1786041148426965386.jsonl: TASK_LIFECYCLE_EVENT must have at least one state transition"
time="2026-08-06T18:43:56Z" level=error msg="Failed to store events for file session_2026-08-06_11-32-01_850718_1/b01c3707fef5fbe9153a59f41d195c622230e9fece719d810b226f9d/job_events/03000000/b01c3707fef5fbe9153a59f41d195c622230e9fece719d810b226f9d-2026-08-06-18-1786041148426965386.jsonl: TASK_LIFECYCLE_EVENT must have at least one state transition"
time="2026-08-06T18:43:56Z" level=error msg="Failed to store events for file session_2026-08-06_11-32-01_850718_1/b01c3707fef5fbe9153a59f41d195c622230e9fece719d810b226f9d/job_events/03000000/b01c3707fef5fbe9153a59f41d195c622230e9fece719d810b226f9d-2026-08-06-18-1786041148426965386.jsonl: TASK_LIFECYCLE_EVENT must have at least one state transition"
time="2026-08-06T18:43:56Z" level=error msg="Failed to store events for file session_2026-08-06_11-32-01_850718_1/b01c3707fef5fbe9153a59f41d195c622230e9fece719d810b226f9d/job_events/03000000/b01c3707fef5fbe9153a59f41d195c622230e9fece719d810b226f9d-2026-08-06-18-1786041148426965386.jsonl: TASK_LIFECYCLE_EVENT must have at least one state transition"
time="2026-08-06T18:43:57Z" level=error msg="Failed to store events for file session_2026-08-06_11-32-01_850718_1/b01c3707fef5fbe9153a59f41d195c622230e9fece719d810b226f9d/job_events/03000000/b01c3707fef5fbe9153a59f41d195c622230e9fece719d810b226f9d-2026-08-06-18-1786041148426965386.jsonl: TASK_LIFECYCLE_EVENT must have at least one state transition"
time="2026-08-06T18:43:57Z" level=error msg="Failed to store events for file session_2026-08-06_11-32-01_850718_1/b01c3707fef5fbe9153a59f41d195c622230e9fece719d810b226f9d/job_events/03000000/b01c3707fef5fbe9153a59f41d195c622230e9fece719d810b226f9d-2026-08-06-18-1786041148426965386.jsonl: TASK_LIFECYCLE_EVENT must have at least one state transition"
time="2026-08-06T18:43:57Z" level=error msg="Failed to store events for file session_2026-08-06_11-32-01_850718_1/b01c3707fef5fbe9153a59f41d195c622230e9fece719d810b226f9d/job_events/03000000/b01c3707fef5fbe9153a59f41d195c622230e9fece719d810b226f9d-2026-08-06-18-1786041148426965386.jsonl: TASK_LIFECYCLE_EVENT must have at least one state transition"
time="2026-08-06T18:43:57Z" level=error msg="Failed to store events for file session_2026-08-06_11-32-01_850718_1/b01c3707fef5fbe9153a59f41d195c622230e9fece719d810b226f9d/job_events/03000000/b01c3707fef5fbe9153a59f41d195c622230e9fece719d810b226f9d-2026-08-06-18-1786041148426965386.jsonl: TASK_LIFECYCLE_EVENT must have at least one state transition"
time="2026-08-06T18:43:58Z" level=error msg="Failed to load session test-ns-25kkd/raycluster-historyserver/session_2026-08-06_11-32-01_850718_1: context canceled"
time="2026-08-06T18:43:58Z" level=error msg="Failed to store events for file session_2026-08-06_11-32-01_850718_1/b01c3707fef5fbe9153a59f41d195c622230e9fece719d810b226f9d/job_events/03000000/b01c3707fef5fbe9153a59f41d195c622230e9fece719d810b226f9d-2026-08-06-18-1786041148426965386.jsonl: TASK_LIFECYCLE_EVENT must have at least one state transition"
time="2026-08-06T18:43:59Z" level=error msg="Failed to store events for file session_2026-08-06_11-32-01_850718_1/b01c3707fef5fbe9153a59f41d195c622230e9fece719d810b226f9d/job_events/03000000/b01c3707fef5fbe9153a59f41d195c622230e9fece719d810b226f9d-2026-08-06-18-1786041148426965386.jsonl: TASK_LIFECYCLE_EVENT must have at least one state transition"
time="2026-08-06T18:43:59Z" level=error msg="Failed to store events for file session_2026-08-06_11-32-01_850718_1/b01c3707fef5fbe9153a59f41d195c622230e9fece719d810b226f9d/job_events/03000000/b01c3707fef5fbe9153a59f41d195c622230e9fece719d810b226f9d-2026-08-06-18-1786041148426965386.jsonl: TASK_LIFECYCLE_EVENT must have at least one state transition"
time="2026-08-06T18:44:02Z" level=error msg="Failed to store events for file session_2026-08-06_11-32-01_850718_1/b01c3707fef5fbe9153a59f41d195c622230e9fece719d810b226f9d/job_events/03000000/b01c3707fef5fbe9153a59f41d195c622230e9fece719d810b226f9d-2026-08-06-18-1786041148426965386.jsonl: TASK_LIFECYCLE_EVENT must have at least one state transition"
time="2026-08-06T18:44:02Z" level=error msg="Failed to store events for file session_2026-08-06_11-32-01_850718_1/b01c3707fef5fbe9153a59f41d195c622230e9fece719d810b226f9d/job_events/03000000/b01c3707fef5fbe9153a59f41d195c622230e9fece719d810b226f9d-2026-08-06-18-1786041148426965386.jsonl: TASK_LIFECYCLE_EVENT must have at least one state transition"
time="2026-08-06T18:44:04Z" level=error msg="Failed to store events for file session_2026-08-06_11-32-01_850718_1/b01c3707fef5fbe9153a59f41d195c622230e9fece719d810b226f9d/job_events/03000000/b01c3707fef5fbe9153a59f41d195c622230e9fece719d810b226f9d-2026-08-06-18-1786041148426965386.jsonl: TASK_LIFECYCLE_EVENT must have at least one state transition"
time="2026-08-06T18:44:04Z" level=error msg="Failed to store events for file session_2026-08-06_11-32-01_850718_1/b01c3707fef5fbe9153a59f41d195c622230e9fece719d810b226f9d/job_events/03000000/b01c3707fef5fbe9153a59f41d195c622230e9fece719d810b226f9d-2026-08-06-18-1786041148426965386.jsonl: TASK_LIFECYCLE_EVENT must have at least one state transition"
time="2026-08-06T18:44:04Z" level=error msg="Failed to store events for file session_2026-08-06_11-32-01_850718_1/b01c3707fef5fbe9153a59f41d195c622230e9fece719d810b226f9d/job_events/03000000/b01c3707fef5fbe9153a59f41d195c622230e9fece719d810b226f9d-2026-08-06-18-1786041148426965386.jsonl: TASK_LIFECYCLE_EVENT must have at least one state transition"
time="2026-08-06T18:44:07Z" level=info msg="Received request: GET /enter_cluster/test-ns-25kkd/raycluster/raycluster-historyserver/session_2026-08-06_11-32-01_850718_1"
time="2026-08-06T18:44:07Z" level=info msg="[List]Returned objects in log/cluster-metadata/. length of page.Contents: 2, length of page.CommonPrefixes: 0"
time="2026-08-06T18:44:07Z" level=error msg="Failed to parse meta file path: log/cluster-metadata/raycluster/test-ns-25kkd_raycluster-historyserver/, error: invalid path segment count for cluster metadata structure: log/cluster-metadata/raycluster/test-ns-25kkd_raycluster-historyserver/"
time="2026-08-06T18:44:07Z" level=info msg="Parsed cluster raycluster-historyserver for session session_2026-08-06_11-32-01_850718_1 to list"
gc 59 @608.645s 6%: 0.16+6848+0.11 ms clock, 0.33+0.25/3472/3838+0.23 ms cpu, 858->892->593 MB, 1008 MB goal, 0 MB stacks, 0 MB globals, 2 P
time="2026-08-06T18:44:08Z" level=error msg="Failed to store events for file session_2026-08-06_11-32-01_850718_1/b01c3707fef5fbe9153a59f41d195c622230e9fece719d810b226f9d/job_events/03000000/b01c3707fef5fbe9153a59f41d195c622230e9fece719d810b226f9d-2026-08-06-18-1786041148426965386.jsonl: TASK_LIFECYCLE_EVENT must have at least one state transition"
time="2026-08-06T18:44:08Z" level=error msg="Failed to store events for file session_2026-08-06_11-32-01_850718_1/b01c3707fef5fbe9153a59f41d195c622230e9fece719d810b226f9d/job_events/03000000/b01c3707fef5fbe9153a59f41d195c622230e9fece719d810b226f9d-2026-08-06-18-1786041148426965386.jsonl: TASK_LIFECYCLE_EVENT must have at least one state transition"
time="2026-08-06T18:44:09Z" level=error msg="Failed to store events for file session_2026-08-06_11-32-01_850718_1/b01c3707fef5fbe9153a59f41d195c622230e9fece719d810b226f9d/job_events/03000000/b01c3707fef5fbe9153a59f41d195c622230e9fece719d810b226f9d-2026-08-06-18-1786041148426965386.jsonl: TASK_LIFECYCLE_EVENT must have at least one state transition"
time="2026-08-06T18:44:09Z" level=error msg="Failed to store events for file session_2026-08-06_11-32-01_850718_1/b01c3707fef5fbe9153a59f41d195c622230e9fece719d810b226f9d/job_events/03000000/b01c3707fef5fbe9153a59f41d195c622230e9fece719d810b226f9d-2026-08-06-18-1786041148426965386.jsonl: TASK_LIFECYCLE_EVENT must have at least one state transition"
time="2026-08-06T18:44:09Z" level=error msg="Failed to store events for file session_2026-08-06_11-32-01_850718_1/b01c3707fef5fbe9153a59f41d195c622230e9fece719d810b226f9d/job_events/03000000/b01c3707fef5fbe9153a59f41d195c622230e9fece719d810b226f9d-2026-08-06-18-1786041148426965386.jsonl: TASK_LIFECYCLE_EVENT must have at least one state transition"
time="2026-08-06T18:44:10Z" level=error msg="Failed to store events for file session_2026-08-06_11-32-01_850718_1/b01c3707fef5fbe9153a59f41d195c622230e9fece719d810b226f9d/job_events/03000000/b01c3707fef5fbe9153a59f41d195c622230e9fece719d810b226f9d-2026-08-06-18-1786041148426965386.jsonl: TASK_LIFECYCLE_EVENT must have at least one state transition"
time="2026-08-06T18:44:10Z" level=error msg="Failed to store events for file session_2026-08-06_11-32-01_850718_1/b01c3707fef5fbe9153a59f41d195c622230e9fece719d810b226f9d/job_events/03000000/b01c3707fef5fbe9153a59f41d195c622230e9fece719d810b226f9d-2026-08-06-18-1786041148426965386.jsonl: TASK_LIFECYCLE_EVENT must have at least one state transition"
time="2026-08-06T18:44:10Z" level=error msg="Failed to store events for file session_2026-08-06_11-32-01_850718_1/b01c3707fef5fbe9153a59f41d195c622230e9fece719d810b226f9d/job_events/03000000/b01c3707fef5fbe9153a59f41d195c622230e9fece719d810b226f9d-2026-08-06-18-1786041148426965386.jsonl: TASK_LIFECYCLE_EVENT must have at least one state transition"
time="2026-08-06T18:44:11Z" level=error msg="Failed to store events for file session_2026-08-06_11-32-01_850718_1/b01c3707fef5fbe9153a59f41d195c622230e9fece719d810b226f9d/job_events/03000000/b01c3707fef5fbe9153a59f41d195c622230e9fece719d810b226f9d-2026-08-06-18-1786041148426965386.jsonl: TASK_LIFECYCLE_EVENT must have at least one state transition"
time="2026-08-06T18:44:12Z" level=error msg="Failed to store events for file session_2026-08-06_11-32-01_850718_1/b01c3707fef5fbe9153a59f41d195c622230e9fece719d810b226f9d/job_events/03000000/b01c3707fef5fbe9153a59f41d195c622230e9fece719d810b226f9d-2026-08-06-18-1786041148426965386.jsonl: TASK_LIFECYCLE_EVENT must have at least one state transition"
time="2026-08-06T18:44:12Z" level=error msg="Failed to store events for file session_2026-08-06_11-32-01_850718_1/b01c3707fef5fbe9153a59f41d195c622230e9fece719d810b226f9d/job_events/03000000/b01c3707fef5fbe9153a59f41d195c622230e9fece719d810b226f9d-2026-08-06-18-1786041148426965386.jsonl: TASK_LIFECYCLE_EVENT must have at least one state transition"
time="2026-08-06T18:44:12Z" level=error msg="Failed to store events for file session_2026-08-06_11-32-01_850718_1/b01c3707fef5fbe9153a59f41d195c622230e9fece719d810b226f9d/job_events/03000000/b01c3707fef5fbe9153a59f41d195c622230e9fece719d810b226f9d-2026-08-06-18-1786041148426965386.jsonl: TASK_LIFECYCLE_EVENT must have at least one state transition"
time="2026-08-06T18:44:12Z" level=error msg="Failed to store events for file session_2026-08-06_11-32-01_850718_1/b01c3707fef5fbe9153a59f41d195c622230e9fece719d810b226f9d/job_events/03000000/b01c3707fef5fbe9153a59f41d195c622230e9fece719d810b226f9d-2026-08-06-18-1786041148426965386.jsonl: TASK_LIFECYCLE_EVENT must have at least one state transition"
time="2026-08-06T18:44:13Z" level=error msg="Failed to store events for file session_2026-08-06_11-32-01_850718_1/b01c3707fef5fbe9153a59f41d195c622230e9fece719d810b226f9d/job_events/03000000/b01c3707fef5fbe9153a59f41d195c622230e9fece719d810b226f9d-2026-08-06-18-1786041148426965386.jsonl: TASK_LIFECYCLE_EVENT must have at least one state transition"
time="2026-08-06T18:44:13Z" level=error msg="Failed to store events for file session_2026-08-06_11-32-01_850718_1/b01c3707fef5fbe9153a59f41d195c622230e9fece719d810b226f9d/job_events/03000000/b01c3707fef5fbe9153a59f41d195c622230e9fece719d810b226f9d-2026-08-06-18-1786041148426965386.jsonl: TASK_LIFECYCLE_EVENT must have at least one state transition"
time="2026-08-06T18:44:13Z" level=error msg="Failed to store events for file session_2026-08-06_11-32-01_850718_1/b01c3707fef5fbe9153a59f41d195c622230e9fece719d810b226f9d/job_events/03000000/b01c3707fef5fbe9153a59f41d195c622230e9fece719d810b226f9d-2026-08-06-18-1786041148426965386.jsonl: TASK_LIFECYCLE_EVENT must have at least one state transition"
time="2026-08-06T18:44:14Z" level=error msg="Failed to store events for file session_2026-08-06_11-32-01_850718_1/b01c3707fef5fbe9153a59f41d195c622230e9fece719d810b226f9d/job_events/03000000/b01c3707fef5fbe9153a59f41d195c622230e9fece719d810b226f9d-2026-08-06-18-1786041148426965386.jsonl: TASK_LIFECYCLE_EVENT must have at least one state transition"
time="2026-08-06T18:44:15Z" level=error msg="Failed to store events for file session_2026-08-06_11-32-01_850718_1/b01c3707fef5fbe9153a59f41d195c622230e9fece719d810b226f9d/job_events/03000000/b01c3707fef5fbe9153a59f41d195c622230e9fece719d810b226f9d-2026-08-06-18-1786041148426965386.jsonl: TASK_LIFECYCLE_EVENT must have at least one state transition"
time="2026-08-06T18:44:15Z" level=error msg="Failed to store events for file session_2026-08-06_11-32-01_850718_1/b01c3707fef5fbe9153a59f41d195c622230e9fece719d810b226f9d/job_events/03000000/b01c3707fef5fbe9153a59f41d195c622230e9fece719d810b226f9d-2026-08-06-18-1786041148426965386.jsonl: TASK_LIFECYCLE_EVENT must have at least one state transition"
time="2026-08-06T18:44:16Z" level=error msg="Failed to store events for file session_2026-08-06_11-32-01_850718_1/b01c3707fef5fbe9153a59f41d195c622230e9fece719d810b226f9d/job_events/03000000/b01c3707fef5fbe9153a59f41d195c622230e9fece719d810b226f9d-2026-08-06-18-1786041148426965386.jsonl: TASK_LIFECYCLE_EVENT must have at least one state transition"
time="2026-08-06T18:44:16Z" level=error msg="Failed to store events for file session_2026-08-06_11-32-01_850718_1/b01c3707fef5fbe9153a59f41d195c622230e9fece719d810b226f9d/job_events/03000000/b01c3707fef5fbe9153a59f41d195c622230e9fece719d810b226f9d-2026-08-06-18-1786041148426965386.jsonl: TASK_LIFECYCLE_EVENT must have at least one state transition"
time="2026-08-06T18:44:16Z" level=error msg="Failed to store events for file session_2026-08-06_11-32-01_850718_1/b01c3707fef5fbe9153a59f41d195c622230e9fece719d810b226f9d/job_events/03000000/b01c3707fef5fbe9153a59f41d195c622230e9fece719d810b226f9d-2026-08-06-18-1786041148426965386.jsonl: TASK_LIFECYCLE_EVENT must have at least one state transition"
time="2026-08-06T18:44:17Z" level=error msg="Failed to store events for file session_2026-08-06_11-32-01_850718_1/b01c3707fef5fbe9153a59f41d195c622230e9fece719d810b226f9d/job_events/03000000/b01c3707fef5fbe9153a59f41d195c622230e9fece719d810b226f9d-2026-08-06-18-1786041148426965386.jsonl: TASK_LIFECYCLE_EVENT must have at least one state transition"
time="2026-08-06T18:44:17Z" level=error msg="Failed to store events for file session_2026-08-06_11-32-01_850718_1/b01c3707fef5fbe9153a59f41d195c622230e9fece719d810b226f9d/job_events/03000000/b01c3707fef5fbe9153a59f41d195c622230e9fece719d810b226f9d-2026-08-06-18-1786041148426965386.jsonl: TASK_LIFECYCLE_EVENT must have at least one state transition"
time="2026-08-06T18:44:17Z" level=error msg="Failed to store events for file session_2026-08-06_11-32-01_850718_1/b01c3707fef5fbe9153a59f41d195c622230e9fece719d810b226f9d/job_events/03000000/b01c3707fef5fbe9153a59f41d195c622230e9fece719d810b226f9d-2026-08-06-18-1786041148426965386.jsonl: TASK_LIFECYCLE_EVENT must have at least one state transition"
time="2026-08-06T18:44:18Z" level=error msg="Failed to store events for file session_2026-08-06_11-32-01_850718_1/b01c3707fef5fbe9153a59f41d195c622230e9fece719d810b226f9d/job_events/03000000/b01c3707fef5fbe9153a59f41d195c622230e9fece719d810b226f9d-2026-08-06-18-1786041148426965386.jsonl: TASK_LIFECYCLE_EVENT must have at least one state transition"
time="2026-08-06T18:44:19Z" level=error msg="Failed to store events for file session_2026-08-06_11-32-01_850718_1/b01c3707fef5fbe9153a59f41d195c622230e9fece719d810b226f9d/job_events/03000000/b01c3707fef5fbe9153a59f41d195c622230e9fece719d810b226f9d-2026-08-06-18-1786041148426965386.jsonl: TASK_LIFECYCLE_EVENT must have at least one state transition"
time="2026-08-06T18:44:19Z" level=error msg="Failed to store events for file session_2026-08-06_11-32-01_850718_1/b01c3707fef5fbe9153a59f41d195c622230e9fece719d810b226f9d/job_events/03000000/b01c3707fef5fbe9153a59f41d195c622230e9fece719d810b226f9d-2026-08-06-18-1786041148426965386.jsonl: TASK_LIFECYCLE_EVENT must have at least one state transition"
time="2026-08-06T18:44:19Z" level=error msg="Failed to store events for file session_2026-08-06_11-32-01_850718_1/b01c3707fef5fbe9153a59f41d195c622230e9fece719d810b226f9d/job_events/03000000/b01c3707fef5fbe9153a59f41d195c622230e9fece719d810b226f9d-2026-08-06-18-1786041148426965386.jsonl: TASK_LIFECYCLE_EVENT must have at least one state transition"
time="2026-08-06T18:44:20Z" level=error msg="Failed to store events for file session_2026-08-06_11-32-01_850718_1/b01c3707fef5fbe9153a59f41d195c622230e9fece719d810b226f9d/job_events/03000000/b01c3707fef5fbe9153a59f41d195c622230e9fece719d810b226f9d-2026-08-06-18-1786041148426965386.jsonl: TASK_LIFECYCLE_EVENT must have at least one state transition"
time="2026-08-06T18:44:21Z" level=error msg="Failed to store events for file session_2026-08-06_11-32-01_850718_1/b01c3707fef5fbe9153a59f41d195c622230e9fece719d810b226f9d/job_events/03000000/b01c3707fef5fbe9153a59f41d195c622230e9fece719d810b226f9d-2026-08-06-18-1786041148426965386.jsonl: TASK_LIFECYCLE_EVENT must have at least one state transition"
time="2026-08-06T18:44:21Z" level=error msg="Failed to store events for file session_2026-08-06_11-32-01_850718_1/b01c3707fef5fbe9153a59f41d195c622230e9fece719d810b226f9d/job_events/03000000/b01c3707fef5fbe9153a59f41d195c622230e9fece719d810b226f9d-2026-08-06-18-1786041148426965386.jsonl: TASK_LIFECYCLE_EVENT must have at least one state transition"
time="2026-08-06T18:44:21Z" level=error msg="Failed to store events for file session_2026-08-06_11-32-01_850718_1/b01c3707fef5fbe9153a59f41d195c622230e9fece719d810b226f9d/job_events/03000000/b01c3707fef5fbe9153a59f41d195c622230e9fece719d810b226f9d-2026-08-06-18-1786041148426965386.jsonl: TASK_LIFECYCLE_EVENT must have at least one state transition"
time="2026-08-06T18:44:22Z" level=error msg="Failed to store events for file session_2026-08-06_11-32-01_850718_1/b01c3707fef5fbe9153a59f41d195c622230e9fece719d810b226f9d/job_events/03000000/b01c3707fef5fbe9153a59f41d195c622230e9fece719d810b226f9d-2026-08-06-18-1786041148426965386.jsonl: TASK_LIFECYCLE_EVENT must have at least one state transition"
time="2026-08-06T18:44:22Z" level=error msg="Failed to store events for file session_2026-08-06_11-32-01_850718_1/b01c3707fef5fbe9153a59f41d195c622230e9fece719d810b226f9d/job_events/03000000/b01c3707fef5fbe9153a59f41d195c622230e9fece719d810b226f9d-2026-08-06-18-1786041148426965386.jsonl: TASK_LIFECYCLE_EVENT must have at least one state transition"
time="2026-08-06T18:44:23Z" level=error msg="Failed to store events for file session_2026-08-06_11-32-01_850718_1/b01c3707fef5fbe9153a59f41d195c622230e9fece719d810b226f9d/job_events/03000000/b01c3707fef5fbe9153a59f41d195c622230e9fece719d810b226f9d-2026-08-06-18-1786041148426965386.jsonl: TASK_LIFECYCLE_EVENT must have at least one state transition"
time="2026-08-06T18:44:23Z" level=error msg="Failed to store events for file session_2026-08-06_11-32-01_850718_1/b01c3707fef5fbe9153a59f41d195c622230e9fece719d810b226f9d/job_events/03000000/b01c3707fef5fbe9153a59f41d195c622230e9fece719d810b226f9d-2026-08-06-18-1786041148426965386.jsonl: TASK_LIFECYCLE_EVENT must have at least one state transition"
time="2026-08-06T18:44:23Z" level=error msg="Failed to store events for file session_2026-08-06_11-32-01_850718_1/b01c3707fef5fbe9153a59f41d195c622230e9fece719d810b226f9d/job_events/03000000/b01c3707fef5fbe9153a59f41d195c622230e9fece719d810b226f9d-2026-08-06-18-1786041148426965386.jsonl: TASK_LIFECYCLE_EVENT must have at least one state transition"
time="2026-08-06T18:44:23Z" level=error msg="Failed to store events for file session_2026-08-06_11-32-01_850718_1/b01c3707fef5fbe9153a59f41d195c622230e9fece719d810b226f9d/job_events/03000000/b01c3707fef5fbe9153a59f41d195c622230e9fece719d810b226f9d-2026-08-06-18-1786041148426965386.jsonl: TASK_LIFECYCLE_EVENT must have at least one state transition"
time="2026-08-06T18:44:24Z" level=error msg="Failed to store events for file session_2026-08-06_11-32-01_850718_1/b01c3707fef5fbe9153a59f41d195c622230e9fece719d810b226f9d/job_events/03000000/b01c3707fef5fbe9153a59f41d195c622230e9fece719d810b226f9d-2026-08-06-18-1786041148426965386.jsonl: TASK_LIFECYCLE_EVENT must have at least one state transition"
time="2026-08-06T18:44:25Z" level=error msg="Failed to store events for file session_2026-08-06_11-32-01_850718_1/b01c3707fef5fbe9153a59f41d195c622230e9fece719d810b226f9d/job_events/03000000/b01c3707fef5fbe9153a59f41d195c622230e9fece719d810b226f9d-2026-08-06-18-1786041148426965386.jsonl: TASK_LIFECYCLE_EVENT must have at least one state transition"
time="2026-08-06T18:44:25Z" level=error msg="Failed to store events for file session_2026-08-06_11-32-01_850718_1/b01c3707fef5fbe9153a59f41d195c622230e9fece719d810b226f9d/job_events/03000000/b01c3707fef5fbe9153a59f41d195c622230e9fece719d810b226f9d-2026-08-06-18-1786041148426965386.jsonl: TASK_LIFECYCLE_EVENT must have at least one state transition"
time="2026-08-06T18:44:25Z" level=error msg="Failed to store events for file session_2026-08-06_11-32-01_850718_1/b01c3707fef5fbe9153a59f41d195c622230e9fece719d810b226f9d/job_events/03000000/b01c3707fef5fbe9153a59f41d195c622230e9fece719d810b226f9d-2026-08-06-18-1786041148426965386.jsonl: TASK_LIFECYCLE_EVENT must have at least one state transition"
time="2026-08-06T18:44:26Z" level=error msg="Failed to load session test-ns-25kkd/raycluster-historyserver/session_2026-08-06_11-32-01_850718_1: context deadline exceeded"
time="2026-08-06T18:44:36Z" level=info msg="Received request: GET /enter_cluster/test-ns-25kkd/raycluster/raycluster-historyserver/session_2026-08-06_11-32-01_850718_1"
time="2026-08-06T18:44:36Z" level=info msg="[List]Returned objects in log/cluster-metadata/. length of page.Contents: 2, length of page.CommonPrefixes: 0"
time="2026-08-06T18:44:36Z" level=error msg="Failed to parse meta file path: log/cluster-metadata/raycluster/test-ns-25kkd_raycluster-historyserver/, error: invalid path segment count for cluster metadata structure: log/cluster-metadata/raycluster/test-ns-25kkd_raycluster-historyserver/"
time="2026-08-06T18:44:36Z" level=info msg="Parsed cluster raycluster-historyserver for session session_2026-08-06_11-32-01_850718_1 to list"
time="2026-08-06T18:44:36Z" level=info msg="[ListFiles]Returned objects in log/cluster-history/raycluster/test-ns-25kkd/raycluster-historyserver/session_2026-08-06_11-32-01_850718_1/. length of page.Contents: 0, length of page.CommonPrefixes: 3"
time="2026-08-06T18:44:36Z" level=info msg="[ListFiles]Returned objects in log/cluster-history/raycluster/test-ns-25kkd/raycluster-historyserver/session_2026-08-06_11-32-01_850718_1/a17d3cad2abef6d000063920c29c25b77905d5cb11d950fccbddc58c/logs/events/. length of page.Contents: 11, length of page.CommonPrefixes: 0"
time="2026-08-06T18:44:36Z" level=info msg="Prepare to get object log/cluster-history/raycluster/test-ns-25kkd/raycluster-historyserver/session_2026-08-06_11-32-01_850718_1/a17d3cad2abef6d000063920c29c25b77905d5cb11d950fccbddc58c/logs/events/event_AUTOSCALER.log info ..."
time="2026-08-06T18:44:36Z" level=info msg="Prepare to get object log/cluster-history/raycluster/test-ns-25kkd/raycluster-historyserver/session_2026-08-06_11-32-01_850718_1/a17d3cad2abef6d000063920c29c25b77905d5cb11d950fccbddc58c/logs/events/event_CORE_WORKER_1018.log info ..."
time="2026-08-06T18:44:36Z" level=info msg="Prepare to get object log/cluster-history/raycluster/test-ns-25kkd/raycluster-historyserver/session_2026-08-06_11-32-01_850718_1/a17d3cad2abef6d000063920c29c25b77905d5cb11d950fccbddc58c/logs/events/event_CORE_WORKER_1182.log info ..."
time="2026-08-06T18:44:36Z" level=info msg="Prepare to get object log/cluster-history/raycluster/test-ns-25kkd/raycluster-historyserver/session_2026-08-06_11-32-01_850718_1/a17d3cad2abef6d000063920c29c25b77905d5cb11d950fccbddc58c/logs/events/event_CORE_WORKER_199.log info ..."
time="2026-08-06T18:44:36Z" level=info msg="Prepare to get object log/cluster-history/raycluster/test-ns-25kkd/raycluster-historyserver/session_2026-08-06_11-32-01_850718_1/a17d3cad2abef6d000063920c29c25b77905d5cb11d950fccbddc58c/logs/events/event_CORE_WORKER_204.log info ..."
time="2026-08-06T18:44:36Z" level=info msg="Prepare to get object log/cluster-history/raycluster/test-ns-25kkd/raycluster-historyserver/session_2026-08-06_11-32-01_850718_1/a17d3cad2abef6d000063920c29c25b77905d5cb11d950fccbddc58c/logs/events/event_CORE_WORKER_677.log info ..."
time="2026-08-06T18:44:36Z" level=info msg="Prepare to get object log/cluster-history/raycluster/test-ns-25kkd/raycluster-historyserver/session_2026-08-06_11-32-01_850718_1/a17d3cad2abef6d000063920c29c25b77905d5cb11d950fccbddc58c/logs/events/event_CORE_WORKER_962.log info ..."
time="2026-08-06T18:44:36Z" level=info msg="Prepare to get object log/cluster-history/raycluster/test-ns-25kkd/raycluster-historyserver/session_2026-08-06_11-32-01_850718_1/a17d3cad2abef6d000063920c29c25b77905d5cb11d950fccbddc58c/logs/events/event_GCS.log info ..."
time="2026-08-06T18:44:36Z" level=info msg="Prepare to get object log/cluster-history/raycluster/test-ns-25kkd/raycluster-historyserver/session_2026-08-06_11-32-01_850718_1/a17d3cad2abef6d000063920c29c25b77905d5cb11d950fccbddc58c/logs/events/event_JOBS.log info ..."
time="2026-08-06T18:44:36Z" level=info msg="Prepare to get object log/cluster-history/raycluster/test-ns-25kkd/raycluster-historyserver/session_2026-08-06_11-32-01_850718_1/a17d3cad2abef6d000063920c29c25b77905d5cb11d950fccbddc58c/logs/events/event_RAYLET.log info ..."
time="2026-08-06T18:44:36Z" level=info msg="[ListFiles]Returned objects in log/cluster-history/raycluster/test-ns-25kkd/raycluster-historyserver/session_2026-08-06_11-32-01_850718_1/b01c3707fef5fbe9153a59f41d195c622230e9fece719d810b226f9d/logs/events/. length of page.Contents: 13, length of page.CommonPrefixes: 0"
time="2026-08-06T18:44:36Z" level=info msg="Prepare to get object log/cluster-history/raycluster/test-ns-25kkd/raycluster-historyserver/session_2026-08-06_11-32-01_850718_1/b01c3707fef5fbe9153a59f41d195c622230e9fece719d810b226f9d/logs/events/event_CORE_WORKER_228.log info ..."
time="2026-08-06T18:44:36Z" level=info msg="Prepare to get object log/cluster-history/raycluster/test-ns-25kkd/raycluster-historyserver/session_2026-08-06_11-32-01_850718_1/b01c3707fef5fbe9153a59f41d195c622230e9fece719d810b226f9d/logs/events/event_CORE_WORKER_229.log info ..."
time="2026-08-06T18:44:36Z" level=info msg="Prepare to get object log/cluster-history/raycluster/test-ns-25kkd/raycluster-historyserver/session_2026-08-06_11-32-01_850718_1/b01c3707fef5fbe9153a59f41d195c622230e9fece719d810b226f9d/logs/events/event_CORE_WORKER_313.log info ..."
time="2026-08-06T18:44:36Z" level=info msg="Prepare to get object log/cluster-history/raycluster/test-ns-25kkd/raycluster-historyserver/session_2026-08-06_11-32-01_850718_1/b01c3707fef5fbe9153a59f41d195c622230e9fece719d810b226f9d/logs/events/event_CORE_WORKER_319.log info ..."
time="2026-08-06T18:44:36Z" level=info msg="Prepare to get object log/cluster-history/raycluster/test-ns-25kkd/raycluster-historyserver/session_2026-08-06_11-32-01_850718_1/b01c3707fef5fbe9153a59f41d195c622230e9fece719d810b226f9d/logs/events/event_CORE_WORKER_410.log info ..."
time="2026-08-06T18:44:36Z" level=info msg="Prepare to get object log/cluster-history/raycluster/test-ns-25kkd/raycluster-historyserver/session_2026-08-06_11-32-01_850718_1/b01c3707fef5fbe9153a59f41d195c622230e9fece719d810b226f9d/logs/events/event_CORE_WORKER_419.log info ..."
time="2026-08-06T18:44:36Z" level=info msg="Prepare to get object log/cluster-history/raycluster/test-ns-25kkd/raycluster-historyserver/session_2026-08-06_11-32-01_850718_1/b01c3707fef5fbe9153a59f41d195c622230e9fece719d810b226f9d/logs/events/event_CORE_WORKER_509.log info ..."
time="2026-08-06T18:44:36Z" level=info msg="Prepare to get object log/cluster-history/raycluster/test-ns-25kkd/raycluster-historyserver/session_2026-08-06_11-32-01_850718_1/b01c3707fef5fbe9153a59f41d195c622230e9fece719d810b226f9d/logs/events/event_CORE_WORKER_513.log info ..."
time="2026-08-06T18:44:36Z" level=info msg="Prepare to get object log/cluster-history/raycluster/test-ns-25kkd/raycluster-historyserver/session_2026-08-06_11-32-01_850718_1/b01c3707fef5fbe9153a59f41d195c622230e9fece719d810b226f9d/logs/events/event_CORE_WORKER_605.log info ..."
time="2026-08-06T18:44:36Z" level=info msg="Prepare to get object log/cluster-history/raycluster/test-ns-25kkd/raycluster-historyserver/session_2026-08-06_11-32-01_850718_1/b01c3707fef5fbe9153a59f41d195c622230e9fece719d810b226f9d/logs/events/event_CORE_WORKER_608.log info ..."
time="2026-08-06T18:44:36Z" level=info msg="Prepare to get object log/cluster-history/raycluster/test-ns-25kkd/raycluster-historyserver/session_2026-08-06_11-32-01_850718_1/b01c3707fef5fbe9153a59f41d195c622230e9fece719d810b226f9d/logs/events/event_CORE_WORKER_683.log info ..."
time="2026-08-06T18:44:36Z" level=info msg="Prepare to get object log/cluster-history/raycluster/test-ns-25kkd/raycluster-historyserver/session_2026-08-06_11-32-01_850718_1/b01c3707fef5fbe9153a59f41d195c622230e9fece719d810b226f9d/logs/events/event_RAYLET.log info ..."
time="2026-08-06T18:44:36Z" level=info msg="[ListFiles]Returned objects in log/cluster-history/raycluster/test-ns-25kkd/raycluster-historyserver/session_2026-08-06_11-32-01_850718_1/fetched_endpoints/logs/events/. length of page.Contents: 0, length of page.CommonPrefixes: 0"
time="2026-08-06T18:44:36Z" level=info msg="[ListFiles]Returned objects in log/cluster-history/raycluster/test-ns-25kkd/raycluster-historyserver/session_2026-08-06_11-32-01_850718_1/. length of page.Contents: 0, length of page.CommonPrefixes: 3"
time="2026-08-06T18:44:36Z" level=info msg="[ListFiles]Returned objects in log/cluster-history/raycluster/test-ns-25kkd/raycluster-historyserver/session_2026-08-06_11-32-01_850718_1/a17d3cad2abef6d000063920c29c25b77905d5cb11d950fccbddc58c/job_events/. length of page.Contents: 0, length of page.CommonPrefixes: 4"
time="2026-08-06T18:44:36Z" level=info msg="[ListFiles]Returned objects in log/cluster-history/raycluster/test-ns-25kkd/raycluster-historyserver/session_2026-08-06_11-32-01_850718_1/a17d3cad2abef6d000063920c29c25b77905d5cb11d950fccbddc58c/job_events/01000000/. length of page.Contents: 2, length of page.CommonPrefixes: 0"
time="2026-08-06T18:44:36Z" level=info msg="[ListFiles]Returned objects in log/cluster-history/raycluster/test-ns-25kkd/raycluster-historyserver/session_2026-08-06_11-32-01_850718_1/a17d3cad2abef6d000063920c29c25b77905d5cb11d950fccbddc58c/job_events/02000000/. length of page.Contents: 2, length of page.CommonPrefixes: 0"
time="2026-08-06T18:44:36Z" level=info msg="[ListFiles]Returned objects in log/cluster-history/raycluster/test-ns-25kkd/raycluster-historyserver/session_2026-08-06_11-32-01_850718_1/a17d3cad2abef6d000063920c29c25b77905d5cb11d950fccbddc58c/job_events/03000000/. length of page.Contents: 3, length of page.CommonPrefixes: 0"
time="2026-08-06T18:44:36Z" level=info msg="[ListFiles]Returned objects in log/cluster-history/raycluster/test-ns-25kkd/raycluster-historyserver/session_2026-08-06_11-32-01_850718_1/a17d3cad2abef6d000063920c29c25b77905d5cb11d950fccbddc58c/job_events/04000000/. length of page.Contents: 2, length of page.CommonPrefixes: 0"
time="2026-08-06T18:44:36Z" level=info msg="[ListFiles]Returned objects in log/cluster-history/raycluster/test-ns-25kkd/raycluster-historyserver/session_2026-08-06_11-32-01_850718_1/b01c3707fef5fbe9153a59f41d195c622230e9fece719d810b226f9d/job_events/. length of page.Contents: 0, length of page.CommonPrefixes: 1"
time="2026-08-06T18:44:36Z" level=info msg="[ListFiles]Returned objects in log/cluster-history/raycluster/test-ns-25kkd/raycluster-historyserver/session_2026-08-06_11-32-01_850718_1/b01c3707fef5fbe9153a59f41d195c622230e9fece719d810b226f9d/job_events/03000000/. length of page.Contents: 3, length of page.CommonPrefixes: 0"
time="2026-08-06T18:44:36Z" level=info msg="[ListFiles]Returned objects in log/cluster-history/raycluster/test-ns-25kkd/raycluster-historyserver/session_2026-08-06_11-32-01_850718_1/fetched_endpoints/job_events/. length of page.Contents: 0, length of page.CommonPrefixes: 0"
time="2026-08-06T18:44:36Z" level=info msg="[ListFiles]Returned objects in log/cluster-history/raycluster/test-ns-25kkd/raycluster-historyserver/session_2026-08-06_11-32-01_850718_1/. length of page.Contents: 0, length of page.CommonPrefixes: 3"
time="2026-08-06T18:44:36Z" level=info msg="[ListFiles]Returned objects in log/cluster-history/raycluster/test-ns-25kkd/raycluster-historyserver/session_2026-08-06_11-32-01_850718_1/a17d3cad2abef6d000063920c29c25b77905d5cb11d950fccbddc58c/node_events/. length of page.Contents: 2, length of page.CommonPrefixes: 0"
time="2026-08-06T18:44:36Z" level=info msg="[ListFiles]Returned objects in log/cluster-history/raycluster/test-ns-25kkd/raycluster-historyserver/session_2026-08-06_11-32-01_850718_1/b01c3707fef5fbe9153a59f41d195c622230e9fece719d810b226f9d/node_events/. length of page.Contents: 0, length of page.CommonPrefixes: 0"
time="2026-08-06T18:44:36Z" level=info msg="[ListFiles]Returned objects in log/cluster-history/raycluster/test-ns-25kkd/raycluster-historyserver/session_2026-08-06_11-32-01_850718_1/fetched_endpoints/node_events/. length of page.Contents: 0, length of page.CommonPrefixes: 0"
time="2026-08-06T18:44:36Z" level=info msg="Prepare to get object log/cluster-history/raycluster/test-ns-25kkd/raycluster-historyserver/session_2026-08-06_11-32-01_850718_1/a17d3cad2abef6d000063920c29c25b77905d5cb11d950fccbddc58c/job_events/01000000/a17d3cad2abef6d000063920c29c25b77905d5cb11d950fccbddc58c-2026-08-06-18-1786041127443908751.jsonl info ..."
time="2026-08-06T18:44:36Z" level=info msg="Prepare to get object log/cluster-history/raycluster/test-ns-25kkd/raycluster-historyserver/session_2026-08-06_11-32-01_850718_1/a17d3cad2abef6d000063920c29c25b77905d5cb11d950fccbddc58c/job_events/02000000/a17d3cad2abef6d000063920c29c25b77905d5cb11d950fccbddc58c-2026-08-06-18-1786041145889122385.jsonl info ..."
time="2026-08-06T18:44:36Z" level=info msg="Prepare to get object log/cluster-history/raycluster/test-ns-25kkd/raycluster-historyserver/session_2026-08-06_11-32-01_850718_1/a17d3cad2abef6d000063920c29c25b77905d5cb11d950fccbddc58c/job_events/03000000/a17d3cad2abef6d000063920c29c25b77905d5cb11d950fccbddc58c-2026-08-06-18-1786041146890102219.jsonl info ..."
gc 60 @644.244s 6%: 0.21+41+0.046 ms clock, 0.42+0/10/62+0.092 ms cpu, 1012->1012->69 MB, 1188 MB goal, 0 MB stacks, 0 MB globals, 2 P
gc 61 @644.990s 6%: 0.16+59+0.18 ms clock, 0.33+0/91/14+0.36 ms cpu, 147->147->147 MB, 147 MB goal, 0 MB stacks, 0 MB globals, 2 P
gc 62 @645.086s 6%: 0.80+167+0.19 ms clock, 1.6+0/75/61+0.39 ms cpu, 268->296->296 MB, 294 MB goal, 0 MB stacks, 0 MB globals, 2 P
gc 63 @645.944s 6%: 0.19+96+0.077 ms clock, 0.39+0.16/114/37+0.15 ms cpu, 544->545->139 MB, 592 MB goal, 0 MB stacks, 0 MB globals, 2 P
gc 64 @649.505s 6%: 0.19+680+0.12 ms clock, 0.39+0.12/398/400+0.24 ms cpu, 237->242->219 MB, 279 MB goal, 0 MB stacks, 0 MB globals, 2 P
gc 65 @655.406s 6%: 0.15+1642+0.11 ms clock, 0.31+38/807/1236+0.23 ms cpu, 374->384->346 MB, 439 MB goal, 0 MB stacks, 0 MB globals, 2 P
gc 66 @665.144s 6%: 0.17+3147+0.084 ms clock, 0.34+0.091/1621/2032+0.16 ms cpu, 590->615->553 MB, 693 MB goal, 0 MB stacks, 0 MB globals, 2 P
gc 67 @684.066s 6%: 0.14+5883+0.10 ms clock, 0.28+16/2982/2912+0.21 ms cpu, 942->978->594 MB, 1106 MB goal, 0 MB stacks, 0 MB globals, 2 P
time="2026-08-06T18:45:37Z" level=error msg="Failed to load session test-ns-25kkd/raycluster-historyserver/session_2026-08-06_11-32-01_850718_1: context canceled"
time="2026-08-06T18:45:37Z" level=info msg="Prepare to get object log/cluster-history/raycluster/test-ns-25kkd/raycluster-historyserver/session_2026-08-06_11-32-01_850718_1/a17d3cad2abef6d000063920c29c25b77905d5cb11d950fccbddc58c/job_events/03000000/a17d3cad2abef6d000063920c29c25b77905d5cb11d950fccbddc58c-2026-08-06-18-1786041187322374126.jsonl info ..."
gc 68 @705.690s 6%: 0.23+997+0.039 ms clock, 0.46+834/526/625+0.079 ms cpu, 1125->1125->230 MB, 1188 MB goal, 0 MB stacks, 0 MB globals, 2 P
time="2026-08-06T18:45:46Z" level=info msg="Received request: GET /enter_cluster/test-ns-25kkd/raycluster/raycluster-historyserver/session_2026-08-06_11-32-01_850718_1"
time="2026-08-06T18:45:46Z" level=info msg="[List]Returned objects in log/cluster-metadata/. length of page.Contents: 2, length of page.CommonPrefixes: 0"
time="2026-08-06T18:45:46Z" level=error msg="Failed to parse meta file path: log/cluster-metadata/raycluster/test-ns-25kkd_raycluster-historyserver/, error: invalid path segment count for cluster metadata structure: log/cluster-metadata/raycluster/test-ns-25kkd_raycluster-historyserver/"
time="2026-08-06T18:45:46Z" level=info msg="Parsed cluster raycluster-historyserver for session session_2026-08-06_11-32-01_850718_1 to list"
gc 69 @712.756s 6%: 0.18+2791+0.11 ms clock, 0.37+0.26/1382/2092+0.22 ms cpu, 446->465->310 MB, 462 MB goal, 0 MB stacks, 0 MB globals, 2 P
gc 70 @727.198s 6%: 0.16+3789+0.12 ms clock, 0.32+0.080/1895/2638+0.24 ms cpu, 575->592->380 MB, 622 MB goal, 0 MB stacks, 0 MB globals, 2 P
time="2026-08-06T18:46:09Z" level=info msg="Prepare to get object log/cluster-history/raycluster/test-ns-25kkd/raycluster-historyserver/session_2026-08-06_11-32-01_850718_1/a17d3cad2abef6d000063920c29c25b77905d5cb11d950fccbddc58c/job_events/04000000/a17d3cad2abef6d000063920c29c25b77905d5cb11d950fccbddc58c-2026-08-06-18-1786041162358624795.jsonl info ..."
time="2026-08-06T18:46:09Z" level=info msg="Prepare to get object log/cluster-history/raycluster/test-ns-25kkd/raycluster-historyserver/session_2026-08-06_11-32-01_850718_1/b01c3707fef5fbe9153a59f41d195c622230e9fece719d810b226f9d/job_events/03000000/b01c3707fef5fbe9153a59f41d195c622230e9fece719d810b226f9d-2026-08-06-18-1786041148426965386.jsonl info ..."
gc 71 @737.672s 6%: 0.80+1785+0.13 ms clock, 1.6+1482/888/753+0.26 ms cpu, 755->849->359 MB, 761 MB goal, 0 MB stacks, 0 MB globals, 2 P
gc 72 @743.562s 6%: 0.18+2929+0.11 ms clock, 0.36+0.087/1490/1913+0.22 ms cpu, 612->631->357 MB, 719 MB goal, 0 MB stacks, 0 MB globals, 2 P
gc 73 @755.885s 6%: 0.18+4907+0.067 ms clock, 0.36+0.10/2499/3116+0.13 ms cpu, 609->643->570 MB, 716 MB goal, 0 MB stacks, 0 MB globals, 2 P
time="2026-08-06T18:46:39Z" level=error msg="Failed to store events for file session_2026-08-06_11-32-01_850718_1/b01c3707fef5fbe9153a59f41d195c622230e9fece719d810b226f9d/job_events/03000000/b01c3707fef5fbe9153a59f41d195c622230e9fece719d810b226f9d-2026-08-06-18-1786041148426965386.jsonl: TASK_LIFECYCLE_EVENT must have at least one state transition"
time="2026-08-06T18:46:39Z" level=error msg="Failed to store events for file session_2026-08-06_11-32-01_850718_1/b01c3707fef5fbe9153a59f41d195c622230e9fece719d810b226f9d/job_events/03000000/b01c3707fef5fbe9153a59f41d195c622230e9fece719d810b226f9d-2026-08-06-18-1786041148426965386.jsonl: TASK_LIFECYCLE_EVENT must have at least one state transition"
time="2026-08-06T18:46:40Z" level=error msg="Failed to store events for file session_2026-08-06_11-32-01_850718_1/b01c3707fef5fbe9153a59f41d195c622230e9fece719d810b226f9d/job_events/03000000/b01c3707fef5fbe9153a59f41d195c622230e9fece719d810b226f9d-2026-08-06-18-1786041148426965386.jsonl: TASK_LIFECYCLE_EVENT must have at least one state transition"
time="2026-08-06T18:46:40Z" level=error msg="Failed to store events for file session_2026-08-06_11-32-01_850718_1/b01c3707fef5fbe9153a59f41d195c622230e9fece719d810b226f9d/job_events/03000000/b01c3707fef5fbe9153a59f41d195c622230e9fece719d810b226f9d-2026-08-06-18-1786041148426965386.jsonl: TASK_LIFECYCLE_EVENT must have at least one state transition"
time="2026-08-06T18:46:41Z" level=error msg="Failed to store events for file session_2026-08-06_11-32-01_850718_1/b01c3707fef5fbe9153a59f41d195c622230e9fece719d810b226f9d/job_events/03000000/b01c3707fef5fbe9153a59f41d195c622230e9fece719d810b226f9d-2026-08-06-18-1786041148426965386.jsonl: TASK_LIFECYCLE_EVENT must have at least one state transition"
time="2026-08-06T18:46:41Z" level=error msg="Failed to store events for file session_2026-08-06_11-32-01_850718_1/b01c3707fef5fbe9153a59f41d195c622230e9fece719d810b226f9d/job_events/03000000/b01c3707fef5fbe9153a59f41d195c622230e9fece719d810b226f9d-2026-08-06-18-1786041148426965386.jsonl: TASK_LIFECYCLE_EVENT must have at least one state transition"
time="2026-08-06T18:46:41Z" level=error msg="Failed to store events for file session_2026-08-06_11-32-01_850718_1/b01c3707fef5fbe9153a59f41d195c622230e9fece719d810b226f9d/job_events/03000000/b01c3707fef5fbe9153a59f41d195c622230e9fece719d810b226f9d-2026-08-06-18-1786041148426965386.jsonl: TASK_LIFECYCLE_EVENT must have at least one state transition"
time="2026-08-06T18:46:41Z" level=error msg="Failed to store events for file session_2026-08-06_11-32-01_850718_1/b01c3707fef5fbe9153a59f41d195c622230e9fece719d810b226f9d/job_events/03000000/b01c3707fef5fbe9153a59f41d195c622230e9fece719d810b226f9d-2026-08-06-18-1786041148426965386.jsonl: TASK_LIFECYCLE_EVENT must have at least one state transition"
time="2026-08-06T18:46:42Z" level=error msg="Failed to store events for file session_2026-08-06_11-32-01_850718_1/b01c3707fef5fbe9153a59f41d195c622230e9fece719d810b226f9d/job_events/03000000/b01c3707fef5fbe9153a59f41d195c622230e9fece719d810b226f9d-2026-08-06-18-1786041148426965386.jsonl: TASK_LIFECYCLE_EVENT must have at least one state transition"
time="2026-08-06T18:46:42Z" level=error msg="Failed to store events for file session_2026-08-06_11-32-01_850718_1/b01c3707fef5fbe9153a59f41d195c622230e9fece719d810b226f9d/job_events/03000000/b01c3707fef5fbe9153a59f41d195c622230e9fece719d810b226f9d-2026-08-06-18-1786041148426965386.jsonl: TASK_LIFECYCLE_EVENT must have at least one state transition"
time="2026-08-06T18:46:43Z" level=error msg="Failed to store events for file session_2026-08-06_11-32-01_850718_1/b01c3707fef5fbe9153a59f41d195c622230e9fece719d810b226f9d/job_events/03000000/b01c3707fef5fbe9153a59f41d195c622230e9fece719d810b226f9d-2026-08-06-18-1786041148426965386.jsonl: TASK_LIFECYCLE_EVENT must have at least one state transition"
time="2026-08-06T18:46:43Z" level=error msg="Failed to store events for file session_2026-08-06_11-32-01_850718_1/b01c3707fef5fbe9153a59f41d195c622230e9fece719d810b226f9d/job_events/03000000/b01c3707fef5fbe9153a59f41d195c622230e9fece719d810b226f9d-2026-08-06-18-1786041148426965386.jsonl: TASK_LIFECYCLE_EVENT must have at least one state transition"
time="2026-08-06T18:46:45Z" level=error msg="Failed to store events for file session_2026-08-06_11-32-01_850718_1/b01c3707fef5fbe9153a59f41d195c622230e9fece719d810b226f9d/job_events/03000000/b01c3707fef5fbe9153a59f41d195c622230e9fece719d810b226f9d-2026-08-06-18-1786041148426965386.jsonl: TASK_LIFECYCLE_EVENT must have at least one state transition"
time="2026-08-06T18:46:45Z" level=error msg="Failed to store events for file session_2026-08-06_11-32-01_850718_1/b01c3707fef5fbe9153a59f41d195c622230e9fece719d810b226f9d/job_events/03000000/b01c3707fef5fbe9153a59f41d195c622230e9fece719d810b226f9d-2026-08-06-18-1786041148426965386.jsonl: TASK_LIFECYCLE_EVENT must have at least one state transition"
time="2026-08-06T18:46:45Z" level=error msg="Failed to store events for file session_2026-08-06_11-32-01_850718_1/b01c3707fef5fbe9153a59f41d195c622230e9fece719d810b226f9d/job_events/03000000/b01c3707fef5fbe9153a59f41d195c622230e9fece719d810b226f9d-2026-08-06-18-1786041148426965386.jsonl: TASK_LIFECYCLE_EVENT must have at least one state transition"
time="2026-08-06T18:46:45Z" level=error msg="Failed to store events for file session_2026-08-06_11-32-01_850718_1/b01c3707fef5fbe9153a59f41d195c622230e9fece719d810b226f9d/job_events/03000000/b01c3707fef5fbe9153a59f41d195c622230e9fece719d810b226f9d-2026-08-06-18-1786041148426965386.jsonl: TASK_LIFECYCLE_EVENT must have at least one state transition"
time="2026-08-06T18:46:45Z" level=error msg="Failed to store events for file session_2026-08-06_11-32-01_850718_1/b01c3707fef5fbe9153a59f41d195c622230e9fece719d810b226f9d/job_events/03000000/b01c3707fef5fbe9153a59f41d195c622230e9fece719d810b226f9d-2026-08-06-18-1786041148426965386.jsonl: TASK_LIFECYCLE_EVENT must have at least one state transition"
time="2026-08-06T18:46:46Z" level=error msg="Failed to store events for file session_2026-08-06_11-32-01_850718_1/b01c3707fef5fbe9153a59f41d195c622230e9fece719d810b226f9d/job_events/03000000/b01c3707fef5fbe9153a59f41d195c622230e9fece719d810b226f9d-2026-08-06-18-1786041148426965386.jsonl: TASK_LIFECYCLE_EVENT must have at least one state transition"
time="2026-08-06T18:46:47Z" level=error msg="Failed to load session test-ns-25kkd/raycluster-historyserver/session_2026-08-06_11-32-01_850718_1: context canceled"
time="2026-08-06T18:46:47Z" level=error msg="Failed to store events for file session_2026-08-06_11-32-01_850718_1/b01c3707fef5fbe9153a59f41d195c622230e9fece719d810b226f9d/job_events/03000000/b01c3707fef5fbe9153a59f41d195c622230e9fece719d810b226f9d-2026-08-06-18-1786041148426965386.jsonl: TASK_LIFECYCLE_EVENT must have at least one state transition"
time="2026-08-06T18:46:47Z" level=error msg="Failed to store events for file session_2026-08-06_11-32-01_850718_1/b01c3707fef5fbe9153a59f41d195c622230e9fece719d810b226f9d/job_events/03000000/b01c3707fef5fbe9153a59f41d195c622230e9fece719d810b226f9d-2026-08-06-18-1786041148426965386.jsonl: TASK_LIFECYCLE_EVENT must have at least one state transition"
time="2026-08-06T18:46:47Z" level=error msg="Failed to store events for file session_2026-08-06_11-32-01_850718_1/b01c3707fef5fbe9153a59f41d195c622230e9fece719d810b226f9d/job_events/03000000/b01c3707fef5fbe9153a59f41d195c622230e9fece719d810b226f9d-2026-08-06-18-1786041148426965386.jsonl: TASK_LIFECYCLE_EVENT must have at least one state transition"
time="2026-08-06T18:46:48Z" level=error msg="Failed to store events for file session_2026-08-06_11-32-01_850718_1/b01c3707fef5fbe9153a59f41d195c622230e9fece719d810b226f9d/job_events/03000000/b01c3707fef5fbe9153a59f41d195c622230e9fece719d810b226f9d-2026-08-06-18-1786041148426965386.jsonl: TASK_LIFECYCLE_EVENT must have at least one state transition"
time="2026-08-06T18:46:48Z" level=error msg="Failed to store events for file session_2026-08-06_11-32-01_850718_1/b01c3707fef5fbe9153a59f41d195c622230e9fece719d810b226f9d/job_events/03000000/b01c3707fef5fbe9153a59f41d195c622230e9fece719d810b226f9d-2026-08-06-18-1786041148426965386.jsonl: TASK_LIFECYCLE_EVENT must have at least one state transition"
time="2026-08-06T18:46:49Z" level=error msg="Failed to store events for file session_2026-08-06_11-32-01_850718_1/b01c3707fef5fbe9153a59f41d195c622230e9fece719d810b226f9d/job_events/03000000/b01c3707fef5fbe9153a59f41d195c622230e9fece719d810b226f9d-2026-08-06-18-1786041148426965386.jsonl: TASK_LIFECYCLE_EVENT must have at least one state transition"
time="2026-08-06T18:46:49Z" level=error msg="Failed to store events for file session_2026-08-06_11-32-01_850718_1/b01c3707fef5fbe9153a59f41d195c622230e9fece719d810b226f9d/job_events/03000000/b01c3707fef5fbe9153a59f41d195c622230e9fece719d810b226f9d-2026-08-06-18-1786041148426965386.jsonl: TASK_LIFECYCLE_EVENT must have at least one state transition"
time="2026-08-06T18:46:49Z" level=error msg="Failed to store events for file session_2026-08-06_11-32-01_850718_1/b01c3707fef5fbe9153a59f41d195c622230e9fece719d810b226f9d/job_events/03000000/b01c3707fef5fbe9153a59f41d195c622230e9fece719d810b226f9d-2026-08-06-18-1786041148426965386.jsonl: TASK_LIFECYCLE_EVENT must have at least one state transition"
time="2026-08-06T18:46:50Z" level=error msg="Failed to store events for file session_2026-08-06_11-32-01_850718_1/b01c3707fef5fbe9153a59f41d195c622230e9fece719d810b226f9d/job_events/03000000/b01c3707fef5fbe9153a59f41d195c622230e9fece719d810b226f9d-2026-08-06-18-1786041148426965386.jsonl: TASK_LIFECYCLE_EVENT must have at least one state transition"
time="2026-08-06T18:46:50Z" level=error msg="Failed to store events for file session_2026-08-06_11-32-01_850718_1/b01c3707fef5fbe9153a59f41d195c622230e9fece719d810b226f9d/job_events/03000000/b01c3707fef5fbe9153a59f41d195c622230e9fece719d810b226f9d-2026-08-06-18-1786041148426965386.jsonl: TASK_LIFECYCLE_EVENT must have at least one state transition"
time="2026-08-06T18:46:51Z" level=error msg="Failed to store events for file session_2026-08-06_11-32-01_850718_1/b01c3707fef5fbe9153a59f41d195c622230e9fece719d810b226f9d/job_events/03000000/b01c3707fef5fbe9153a59f41d195c622230e9fece719d810b226f9d-2026-08-06-18-1786041148426965386.jsonl: TASK_LIFECYCLE_EVENT must have at least one state transition"
time="2026-08-06T18:46:51Z" level=error msg="Failed to store events for file session_2026-08-06_11-32-01_850718_1/b01c3707fef5fbe9153a59f41d195c622230e9fece719d810b226f9d/job_events/03000000/b01c3707fef5fbe9153a59f41d195c622230e9fece719d810b226f9d-2026-08-06-18-1786041148426965386.jsonl: TASK_LIFECYCLE_EVENT must have at least one state transition"
time="2026-08-06T18:46:51Z" level=error msg="Failed to store events for file session_2026-08-06_11-32-01_850718_1/b01c3707fef5fbe9153a59f41d195c622230e9fece719d810b226f9d/job_events/03000000/b01c3707fef5fbe9153a59f41d195c622230e9fece719d810b226f9d-2026-08-06-18-1786041148426965386.jsonl: TASK_LIFECYCLE_EVENT must have at least one state transition"
time="2026-08-06T18:46:52Z" level=error msg="Failed to store events for file session_2026-08-06_11-32-01_850718_1/b01c3707fef5fbe9153a59f41d195c622230e9fece719d810b226f9d/job_events/03000000/b01c3707fef5fbe9153a59f41d195c622230e9fece719d810b226f9d-2026-08-06-18-1786041148426965386.jsonl: TASK_LIFECYCLE_EVENT must have at least one state transition"
time="2026-08-06T18:46:53Z" level=error msg="Failed to store events for file session_2026-08-06_11-32-01_850718_1/b01c3707fef5fbe9153a59f41d195c622230e9fece719d810b226f9d/job_events/03000000/b01c3707fef5fbe9153a59f41d195c622230e9fece719d810b226f9d-2026-08-06-18-1786041148426965386.jsonl: TASK_LIFECYCLE_EVENT must have at least one state transition"
time="2026-08-06T18:46:56Z" level=info msg="Received request: GET /enter_cluster/test-ns-25kkd/raycluster/raycluster-historyserver/session_2026-08-06_11-32-01_850718_1"
time="2026-08-06T18:46:56Z" level=info msg="[List]Returned objects in log/cluster-metadata/. length of page.Contents: 2, length of page.CommonPrefixes: 0"
time="2026-08-06T18:46:56Z" level=error msg="Failed to parse meta file path: log/cluster-metadata/raycluster/test-ns-25kkd_raycluster-historyserver/, error: invalid path segment count for cluster metadata structure: log/cluster-metadata/raycluster/test-ns-25kkd_raycluster-historyserver/"
time="2026-08-06T18:46:56Z" level=info msg="Parsed cluster raycluster-historyserver for session session_2026-08-06_11-32-01_850718_1 to list"
gc 74 @779.797s 6%: 0.18+5753+0.11 ms clock, 0.37+0.098/2872/3990+0.23 ms cpu, 971->997->596 MB, 1141 MB goal, 0 MB stacks, 0 MB globals, 2 P
time="2026-08-06T18:46:57Z" level=error msg="Failed to store events for file session_2026-08-06_11-32-01_850718_1/b01c3707fef5fbe9153a59f41d195c622230e9fece719d810b226f9d/job_events/03000000/b01c3707fef5fbe9153a59f41d195c622230e9fece719d810b226f9d-2026-08-06-18-1786041148426965386.jsonl: TASK_LIFECYCLE_EVENT must have at least one state transition"
time="2026-08-06T18:46:59Z" level=error msg="Failed to store events for file session_2026-08-06_11-32-01_850718_1/b01c3707fef5fbe9153a59f41d195c622230e9fece719d810b226f9d/job_events/03000000/b01c3707fef5fbe9153a59f41d195c622230e9fece719d810b226f9d-2026-08-06-18-1786041148426965386.jsonl: TASK_LIFECYCLE_EVENT must have at least one state transition"
time="2026-08-06T18:46:59Z" level=error msg="Failed to store events for file session_2026-08-06_11-32-01_850718_1/b01c3707fef5fbe9153a59f41d195c622230e9fece719d810b226f9d/job_events/03000000/b01c3707fef5fbe9153a59f41d195c622230e9fece719d810b226f9d-2026-08-06-18-1786041148426965386.jsonl: TASK_LIFECYCLE_EVENT must have at least one state transition"
time="2026-08-06T18:46:59Z" level=error msg="Failed to store events for file session_2026-08-06_11-32-01_850718_1/b01c3707fef5fbe9153a59f41d195c622230e9fece719d810b226f9d/job_events/03000000/b01c3707fef5fbe9153a59f41d195c622230e9fece719d810b226f9d-2026-08-06-18-1786041148426965386.jsonl: TASK_LIFECYCLE_EVENT must have at least one state transition"
time="2026-08-06T18:46:59Z" level=error msg="Failed to store events for file session_2026-08-06_11-32-01_850718_1/b01c3707fef5fbe9153a59f41d195c622230e9fece719d810b226f9d/job_events/03000000/b01c3707fef5fbe9153a59f41d195c622230e9fece719d810b226f9d-2026-08-06-18-1786041148426965386.jsonl: TASK_LIFECYCLE_EVENT must have at least one state transition"
time="2026-08-06T18:47:00Z" level=error msg="Failed to store events for file session_2026-08-06_11-32-01_850718_1/b01c3707fef5fbe9153a59f41d195c622230e9fece719d810b226f9d/job_events/03000000/b01c3707fef5fbe9153a59f41d195c622230e9fece719d810b226f9d-2026-08-06-18-1786041148426965386.jsonl: TASK_LIFECYCLE_EVENT must have at least one state transition"
time="2026-08-06T18:47:00Z" level=error msg="Failed to store events for file session_2026-08-06_11-32-01_850718_1/b01c3707fef5fbe9153a59f41d195c622230e9fece719d810b226f9d/job_events/03000000/b01c3707fef5fbe9153a59f41d195c622230e9fece719d810b226f9d-2026-08-06-18-1786041148426965386.jsonl: TASK_LIFECYCLE_EVENT must have at least one state transition"
time="2026-08-06T18:47:00Z" level=error msg="Failed to store events for file session_2026-08-06_11-32-01_850718_1/b01c3707fef5fbe9153a59f41d195c622230e9fece719d810b226f9d/job_events/03000000/b01c3707fef5fbe9153a59f41d195c622230e9fece719d810b226f9d-2026-08-06-18-1786041148426965386.jsonl: TASK_LIFECYCLE_EVENT must have at least one state transition"
time="2026-08-06T18:47:01Z" level=error msg="Failed to store events for file session_2026-08-06_11-32-01_850718_1/b01c3707fef5fbe9153a59f41d195c622230e9fece719d810b226f9d/job_events/03000000/b01c3707fef5fbe9153a59f41d195c622230e9fece719d810b226f9d-2026-08-06-18-1786041148426965386.jsonl: TASK_LIFECYCLE_EVENT must have at least one state transition"
time="2026-08-06T18:47:02Z" level=error msg="Failed to store events for file session_2026-08-06_11-32-01_850718_1/b01c3707fef5fbe9153a59f41d195c622230e9fece719d810b226f9d/job_events/03000000/b01c3707fef5fbe9153a59f41d195c622230e9fece719d810b226f9d-2026-08-06-18-1786041148426965386.jsonl: TASK_LIFECYCLE_EVENT must have at least one state transition"
time="2026-08-06T18:47:02Z" level=error msg="Failed to store events for file session_2026-08-06_11-32-01_850718_1/b01c3707fef5fbe9153a59f41d195c622230e9fece719d810b226f9d/job_events/03000000/b01c3707fef5fbe9153a59f41d195c622230e9fece719d810b226f9d-2026-08-06-18-1786041148426965386.jsonl: TASK_LIFECYCLE_EVENT must have at least one state transition"
time="2026-08-06T18:47:02Z" level=error msg="Failed to store events for file session_2026-08-06_11-32-01_850718_1/b01c3707fef5fbe9153a59f41d195c622230e9fece719d810b226f9d/job_events/03000000/b01c3707fef5fbe9153a59f41d195c622230e9fece719d810b226f9d-2026-08-06-18-1786041148426965386.jsonl: TASK_LIFECYCLE_EVENT must have at least one state transition"
time="2026-08-06T18:47:03Z" level=error msg="Failed to store events for file session_2026-08-06_11-32-01_850718_1/b01c3707fef5fbe9153a59f41d195c622230e9fece719d810b226f9d/job_events/03000000/b01c3707fef5fbe9153a59f41d195c622230e9fece719d810b226f9d-2026-08-06-18-1786041148426965386.jsonl: TASK_LIFECYCLE_EVENT must have at least one state transition"
time="2026-08-06T18:47:04Z" level=error msg="Failed to store events for file session_2026-08-06_11-32-01_850718_1/b01c3707fef5fbe9153a59f41d195c622230e9fece719d810b226f9d/job_events/03000000/b01c3707fef5fbe9153a59f41d195c622230e9fece719d810b226f9d-2026-08-06-18-1786041148426965386.jsonl: TASK_LIFECYCLE_EVENT must have at least one state transition"
time="2026-08-06T18:47:04Z" level=error msg="Failed to store events for file session_2026-08-06_11-32-01_850718_1/b01c3707fef5fbe9153a59f41d195c622230e9fece719d810b226f9d/job_events/03000000/b01c3707fef5fbe9153a59f41d195c622230e9fece719d810b226f9d-2026-08-06-18-1786041148426965386.jsonl: TASK_LIFECYCLE_EVENT must have at least one state transition"
time="2026-08-06T18:47:04Z" level=error msg="Failed to store events for file session_2026-08-06_11-32-01_850718_1/b01c3707fef5fbe9153a59f41d195c622230e9fece719d810b226f9d/job_events/03000000/b01c3707fef5fbe9153a59f41d195c622230e9fece719d810b226f9d-2026-08-06-18-1786041148426965386.jsonl: TASK_LIFECYCLE_EVENT must have at least one state transition"
time="2026-08-06T18:47:05Z" level=error msg="Failed to store events for file session_2026-08-06_11-32-01_850718_1/b01c3707fef5fbe9153a59f41d195c622230e9fece719d810b226f9d/job_events/03000000/b01c3707fef5fbe9153a59f41d195c622230e9fece719d810b226f9d-2026-08-06-18-1786041148426965386.jsonl: TASK_LIFECYCLE_EVENT must have at least one state transition"
time="2026-08-06T18:47:05Z" level=error msg="Failed to store events for file session_2026-08-06_11-32-01_850718_1/b01c3707fef5fbe9153a59f41d195c622230e9fece719d810b226f9d/job_events/03000000/b01c3707fef5fbe9153a59f41d195c622230e9fece719d810b226f9d-2026-08-06-18-1786041148426965386.jsonl: TASK_LIFECYCLE_EVENT must have at least one state transition"
time="2026-08-06T18:47:06Z" level=error msg="Failed to store events for file session_2026-08-06_11-32-01_850718_1/b01c3707fef5fbe9153a59f41d195c622230e9fece719d810b226f9d/job_events/03000000/b01c3707fef5fbe9153a59f41d195c622230e9fece719d810b226f9d-2026-08-06-18-1786041148426965386.jsonl: TASK_LIFECYCLE_EVENT must have at least one state transition"
time="2026-08-06T18:47:06Z" level=error msg="Failed to store events for file session_2026-08-06_11-32-01_850718_1/b01c3707fef5fbe9153a59f41d195c622230e9fece719d810b226f9d/job_events/03000000/b01c3707fef5fbe9153a59f41d195c622230e9fece719d810b226f9d-2026-08-06-18-1786041148426965386.jsonl: TASK_LIFECYCLE_EVENT must have at least one state transition"
time="2026-08-06T18:47:06Z" level=error msg="Failed to store events for file session_2026-08-06_11-32-01_850718_1/b01c3707fef5fbe9153a59f41d195c622230e9fece719d810b226f9d/job_events/03000000/b01c3707fef5fbe9153a59f41d195c622230e9fece719d810b226f9d-2026-08-06-18-1786041148426965386.jsonl: TASK_LIFECYCLE_EVENT must have at least one state transition"
time="2026-08-06T18:47:06Z" level=error msg="Failed to store events for file session_2026-08-06_11-32-01_850718_1/b01c3707fef5fbe9153a59f41d195c622230e9fece719d810b226f9d/job_events/03000000/b01c3707fef5fbe9153a59f41d195c622230e9fece719d810b226f9d-2026-08-06-18-1786041148426965386.jsonl: TASK_LIFECYCLE_EVENT must have at least one state transition"
time="2026-08-06T18:47:06Z" level=error msg="Failed to store events for file session_2026-08-06_11-32-01_850718_1/b01c3707fef5fbe9153a59f41d195c622230e9fece719d810b226f9d/job_events/03000000/b01c3707fef5fbe9153a59f41d195c622230e9fece719d810b226f9d-2026-08-06-18-1786041148426965386.jsonl: TASK_LIFECYCLE_EVENT must have at least one state transition"
time="2026-08-06T18:47:07Z" level=error msg="Failed to store events for file session_2026-08-06_11-32-01_850718_1/b01c3707fef5fbe9153a59f41d195c622230e9fece719d810b226f9d/job_events/03000000/b01c3707fef5fbe9153a59f41d195c622230e9fece719d810b226f9d-2026-08-06-18-1786041148426965386.jsonl: TASK_LIFECYCLE_EVENT must have at least one state transition"
time="2026-08-06T18:47:08Z" level=error msg="Failed to store events for file session_2026-08-06_11-32-01_850718_1/b01c3707fef5fbe9153a59f41d195c622230e9fece719d810b226f9d/job_events/03000000/b01c3707fef5fbe9153a59f41d195c622230e9fece719d810b226f9d-2026-08-06-18-1786041148426965386.jsonl: TASK_LIFECYCLE_EVENT must have at least one state transition"
time="2026-08-06T18:47:08Z" level=error msg="Failed to store events for file session_2026-08-06_11-32-01_850718_1/b01c3707fef5fbe9153a59f41d195c622230e9fece719d810b226f9d/job_events/03000000/b01c3707fef5fbe9153a59f41d195c622230e9fece719d810b226f9d-2026-08-06-18-1786041148426965386.jsonl: TASK_LIFECYCLE_EVENT must have at least one state transition"
time="2026-08-06T18:47:09Z" level=error msg="Failed to store events for file session_2026-08-06_11-32-01_850718_1/b01c3707fef5fbe9153a59f41d195c622230e9fece719d810b226f9d/job_events/03000000/b01c3707fef5fbe9153a59f41d195c622230e9fece719d810b226f9d-2026-08-06-18-1786041148426965386.jsonl: TASK_LIFECYCLE_EVENT must have at least one state transition"
time="2026-08-06T18:47:09Z" level=error msg="Failed to load session test-ns-25kkd/raycluster-historyserver/session_2026-08-06_11-32-01_850718_1: context deadline exceeded"
time="2026-08-06T18:47:19Z" level=info msg="Received request: GET /enter_cluster/test-ns-25kkd/raycluster/raycluster-historyserver/session_2026-08-06_11-32-01_850718_1"
time="2026-08-06T18:47:19Z" level=info msg="[List]Returned objects in log/cluster-metadata/. length of page.Contents: 2, length of page.CommonPrefixes: 0"
time="2026-08-06T18:47:19Z" level=error msg="Failed to parse meta file path: log/cluster-metadata/raycluster/test-ns-25kkd_raycluster-historyserver/, error: invalid path segment count for cluster metadata structure: log/cluster-metadata/raycluster/test-ns-25kkd_raycluster-historyserver/"
time="2026-08-06T18:47:19Z" level=info msg="Parsed cluster raycluster-historyserver for session session_2026-08-06_11-32-01_850718_1 to list"
time="2026-08-06T18:47:19Z" level=info msg="[ListFiles]Returned objects in log/cluster-history/raycluster/test-ns-25kkd/raycluster-historyserver/session_2026-08-06_11-32-01_850718_1/. length of page.Contents: 0, length of page.CommonPrefixes: 3"
time="2026-08-06T18:47:19Z" level=info msg="[ListFiles]Returned objects in log/cluster-history/raycluster/test-ns-25kkd/raycluster-historyserver/session_2026-08-06_11-32-01_850718_1/a17d3cad2abef6d000063920c29c25b77905d5cb11d950fccbddc58c/logs/events/. length of page.Contents: 11, length of page.CommonPrefixes: 0"
time="2026-08-06T18:47:19Z" level=info msg="Prepare to get object log/cluster-history/raycluster/test-ns-25kkd/raycluster-historyserver/session_2026-08-06_11-32-01_850718_1/a17d3cad2abef6d000063920c29c25b77905d5cb11d950fccbddc58c/logs/events/event_AUTOSCALER.log info ..."
time="2026-08-06T18:47:19Z" level=info msg="Prepare to get object log/cluster-history/raycluster/test-ns-25kkd/raycluster-historyserver/session_2026-08-06_11-32-01_850718_1/a17d3cad2abef6d000063920c29c25b77905d5cb11d950fccbddc58c/logs/events/event_CORE_WORKER_1018.log info ..."
time="2026-08-06T18:47:19Z" level=info msg="Prepare to get object log/cluster-history/raycluster/test-ns-25kkd/raycluster-historyserver/session_2026-08-06_11-32-01_850718_1/a17d3cad2abef6d000063920c29c25b77905d5cb11d950fccbddc58c/logs/events/event_CORE_WORKER_1182.log info ..."
time="2026-08-06T18:47:19Z" level=info msg="Prepare to get object log/cluster-history/raycluster/test-ns-25kkd/raycluster-historyserver/session_2026-08-06_11-32-01_850718_1/a17d3cad2abef6d000063920c29c25b77905d5cb11d950fccbddc58c/logs/events/event_CORE_WORKER_199.log info ..."
time="2026-08-06T18:47:19Z" level=info msg="Prepare to get object log/cluster-history/raycluster/test-ns-25kkd/raycluster-historyserver/session_2026-08-06_11-32-01_850718_1/a17d3cad2abef6d000063920c29c25b77905d5cb11d950fccbddc58c/logs/events/event_CORE_WORKER_204.log info ..."
time="2026-08-06T18:47:19Z" level=info msg="Prepare to get object log/cluster-history/raycluster/test-ns-25kkd/raycluster-historyserver/session_2026-08-06_11-32-01_850718_1/a17d3cad2abef6d000063920c29c25b77905d5cb11d950fccbddc58c/logs/events/event_CORE_WORKER_677.log info ..."
time="2026-08-06T18:47:19Z" level=info msg="Prepare to get object log/cluster-history/raycluster/test-ns-25kkd/raycluster-historyserver/session_2026-08-06_11-32-01_850718_1/a17d3cad2abef6d000063920c29c25b77905d5cb11d950fccbddc58c/logs/events/event_CORE_WORKER_962.log info ..."
time="2026-08-06T18:47:19Z" level=info msg="Prepare to get object log/cluster-history/raycluster/test-ns-25kkd/raycluster-historyserver/session_2026-08-06_11-32-01_850718_1/a17d3cad2abef6d000063920c29c25b77905d5cb11d950fccbddc58c/logs/events/event_GCS.log info ..."
time="2026-08-06T18:47:19Z" level=info msg="Prepare to get object log/cluster-history/raycluster/test-ns-25kkd/raycluster-historyserver/session_2026-08-06_11-32-01_850718_1/a17d3cad2abef6d000063920c29c25b77905d5cb11d950fccbddc58c/logs/events/event_JOBS.log info ..."
time="2026-08-06T18:47:19Z" level=info msg="Prepare to get object log/cluster-history/raycluster/test-ns-25kkd/raycluster-historyserver/session_2026-08-06_11-32-01_850718_1/a17d3cad2abef6d000063920c29c25b77905d5cb11d950fccbddc58c/logs/events/event_RAYLET.log info ..."
time="2026-08-06T18:47:19Z" level=info msg="[ListFiles]Returned objects in log/cluster-history/raycluster/test-ns-25kkd/raycluster-historyserver/session_2026-08-06_11-32-01_850718_1/b01c3707fef5fbe9153a59f41d195c622230e9fece719d810b226f9d/logs/events/. length of page.Contents: 13, length of page.CommonPrefixes: 0"
time="2026-08-06T18:47:19Z" level=info msg="Prepare to get object log/cluster-history/raycluster/test-ns-25kkd/raycluster-historyserver/session_2026-08-06_11-32-01_850718_1/b01c3707fef5fbe9153a59f41d195c622230e9fece719d810b226f9d/logs/events/event_CORE_WORKER_228.log info ..."
time="2026-08-06T18:47:19Z" level=info msg="Prepare to get object log/cluster-history/raycluster/test-ns-25kkd/raycluster-historyserver/session_2026-08-06_11-32-01_850718_1/b01c3707fef5fbe9153a59f41d195c622230e9fece719d810b226f9d/logs/events/event_CORE_WORKER_229.log info ..."
time="2026-08-06T18:47:19Z" level=info msg="Prepare to get object log/cluster-history/raycluster/test-ns-25kkd/raycluster-historyserver/session_2026-08-06_11-32-01_850718_1/b01c3707fef5fbe9153a59f41d195c622230e9fece719d810b226f9d/logs/events/event_CORE_WORKER_313.log info ..."
time="2026-08-06T18:47:19Z" level=info msg="Prepare to get object log/cluster-history/raycluster/test-ns-25kkd/raycluster-historyserver/session_2026-08-06_11-32-01_850718_1/b01c3707fef5fbe9153a59f41d195c622230e9fece719d810b226f9d/logs/events/event_CORE_WORKER_319.log info ..."
time="2026-08-06T18:47:19Z" level=info msg="Prepare to get object log/cluster-history/raycluster/test-ns-25kkd/raycluster-historyserver/session_2026-08-06_11-32-01_850718_1/b01c3707fef5fbe9153a59f41d195c622230e9fece719d810b226f9d/logs/events/event_CORE_WORKER_410.log info ..."
time="2026-08-06T18:47:19Z" level=info msg="Prepare to get object log/cluster-history/raycluster/test-ns-25kkd/raycluster-historyserver/session_2026-08-06_11-32-01_850718_1/b01c3707fef5fbe9153a59f41d195c622230e9fece719d810b226f9d/logs/events/event_CORE_WORKER_419.log info ..."
time="2026-08-06T18:47:19Z" level=info msg="Prepare to get object log/cluster-history/raycluster/test-ns-25kkd/raycluster-historyserver/session_2026-08-06_11-32-01_850718_1/b01c3707fef5fbe9153a59f41d195c622230e9fece719d810b226f9d/logs/events/event_CORE_WORKER_509.log info ..."
time="2026-08-06T18:47:19Z" level=info msg="Prepare to get object log/cluster-history/raycluster/test-ns-25kkd/raycluster-historyserver/session_2026-08-06_11-32-01_850718_1/b01c3707fef5fbe9153a59f41d195c622230e9fece719d810b226f9d/logs/events/event_CORE_WORKER_513.log info ..."
time="2026-08-06T18:47:19Z" level=info msg="Prepare to get object log/cluster-history/raycluster/test-ns-25kkd/raycluster-historyserver/session_2026-08-06_11-32-01_850718_1/b01c3707fef5fbe9153a59f41d195c622230e9fece719d810b226f9d/logs/events/event_CORE_WORKER_605.log info ..."
time="2026-08-06T18:47:19Z" level=info msg="Prepare to get object log/cluster-history/raycluster/test-ns-25kkd/raycluster-historyserver/session_2026-08-06_11-32-01_850718_1/b01c3707fef5fbe9153a59f41d195c622230e9fece719d810b226f9d/logs/events/event_CORE_WORKER_608.log info ..."
time="2026-08-06T18:47:19Z" level=info msg="Prepare to get object log/cluster-history/raycluster/test-ns-25kkd/raycluster-historyserver/session_2026-08-06_11-32-01_850718_1/b01c3707fef5fbe9153a59f41d195c622230e9fece719d810b226f9d/logs/events/event_CORE_WORKER_683.log info ..."
time="2026-08-06T18:47:19Z" level=info msg="Prepare to get object log/cluster-history/raycluster/test-ns-25kkd/raycluster-historyserver/session_2026-08-06_11-32-01_850718_1/b01c3707fef5fbe9153a59f41d195c622230e9fece719d810b226f9d/logs/events/event_RAYLET.log info ..."
time="2026-08-06T18:47:19Z" level=info msg="[ListFiles]Returned objects in log/cluster-history/raycluster/test-ns-25kkd/raycluster-historyserver/session_2026-08-06_11-32-01_850718_1/fetched_endpoints/logs/events/. length of page.Contents: 0, length of page.CommonPrefixes: 0"
time="2026-08-06T18:47:19Z" level=info msg="[ListFiles]Returned objects in log/cluster-history/raycluster/test-ns-25kkd/raycluster-historyserver/session_2026-08-06_11-32-01_850718_1/. length of page.Contents: 0, length of page.CommonPrefixes: 3"
time="2026-08-06T18:47:19Z" level=info msg="[ListFiles]Returned objects in log/cluster-history/raycluster/test-ns-25kkd/raycluster-historyserver/session_2026-08-06_11-32-01_850718_1/a17d3cad2abef6d000063920c29c25b77905d5cb11d950fccbddc58c/job_events/. length of page.Contents: 0, length of page.CommonPrefixes: 4"
time="2026-08-06T18:47:19Z" level=info msg="[ListFiles]Returned objects in log/cluster-history/raycluster/test-ns-25kkd/raycluster-historyserver/session_2026-08-06_11-32-01_850718_1/a17d3cad2abef6d000063920c29c25b77905d5cb11d950fccbddc58c/job_events/01000000/. length of page.Contents: 2, length of page.CommonPrefixes: 0"
time="2026-08-06T18:47:19Z" level=info msg="[ListFiles]Returned objects in log/cluster-history/raycluster/test-ns-25kkd/raycluster-historyserver/session_2026-08-06_11-32-01_850718_1/a17d3cad2abef6d000063920c29c25b77905d5cb11d950fccbddc58c/job_events/02000000/. length of page.Contents: 2, length of page.CommonPrefixes: 0"
time="2026-08-06T18:47:19Z" level=info msg="[ListFiles]Returned objects in log/cluster-history/raycluster/test-ns-25kkd/raycluster-historyserver/session_2026-08-06_11-32-01_850718_1/a17d3cad2abef6d000063920c29c25b77905d5cb11d950fccbddc58c/job_events/03000000/. length of page.Contents: 3, length of page.CommonPrefixes: 0"
time="2026-08-06T18:47:19Z" level=info msg="[ListFiles]Returned objects in log/cluster-history/raycluster/test-ns-25kkd/raycluster-historyserver/session_2026-08-06_11-32-01_850718_1/a17d3cad2abef6d000063920c29c25b77905d5cb11d950fccbddc58c/job_events/04000000/. length of page.Contents: 2, length of page.CommonPrefixes: 0"
time="2026-08-06T18:47:19Z" level=info msg="[ListFiles]Returned objects in log/cluster-history/raycluster/test-ns-25kkd/raycluster-historyserver/session_2026-08-06_11-32-01_850718_1/b01c3707fef5fbe9153a59f41d195c622230e9fece719d810b226f9d/job_events/. length of page.Contents: 0, length of page.CommonPrefixes: 1"
time="2026-08-06T18:47:19Z" level=info msg="[ListFiles]Returned objects in log/cluster-history/raycluster/test-ns-25kkd/raycluster-historyserver/session_2026-08-06_11-32-01_850718_1/b01c3707fef5fbe9153a59f41d195c622230e9fece719d810b226f9d/job_events/03000000/. length of page.Contents: 3, length of page.CommonPrefixes: 0"
time="2026-08-06T18:47:19Z" level=info msg="[ListFiles]Returned objects in log/cluster-history/raycluster/test-ns-25kkd/raycluster-historyserver/session_2026-08-06_11-32-01_850718_1/fetched_endpoints/job_events/. length of page.Contents: 0, length of page.CommonPrefixes: 0"
time="2026-08-06T18:47:19Z" level=info msg="[ListFiles]Returned objects in log/cluster-history/raycluster/test-ns-25kkd/raycluster-historyserver/session_2026-08-06_11-32-01_850718_1/. length of page.Contents: 0, length of page.CommonPrefixes: 3"
time="2026-08-06T18:47:19Z" level=info msg="[ListFiles]Returned objects in log/cluster-history/raycluster/test-ns-25kkd/raycluster-historyserver/session_2026-08-06_11-32-01_850718_1/a17d3cad2abef6d000063920c29c25b77905d5cb11d950fccbddc58c/node_events/. length of page.Contents: 2, length of page.CommonPrefixes: 0"
time="2026-08-06T18:47:19Z" level=info msg="[ListFiles]Returned objects in log/cluster-history/raycluster/test-ns-25kkd/raycluster-historyserver/session_2026-08-06_11-32-01_850718_1/b01c3707fef5fbe9153a59f41d195c622230e9fece719d810b226f9d/node_events/. length of page.Contents: 0, length of page.CommonPrefixes: 0"
time="2026-08-06T18:47:19Z" level=info msg="[ListFiles]Returned objects in log/cluster-history/raycluster/test-ns-25kkd/raycluster-historyserver/session_2026-08-06_11-32-01_850718_1/fetched_endpoints/node_events/. length of page.Contents: 0, length of page.CommonPrefixes: 0"
time="2026-08-06T18:47:19Z" level=info msg="Prepare to get object log/cluster-history/raycluster/test-ns-25kkd/raycluster-historyserver/session_2026-08-06_11-32-01_850718_1/a17d3cad2abef6d000063920c29c25b77905d5cb11d950fccbddc58c/job_events/01000000/a17d3cad2abef6d000063920c29c25b77905d5cb11d950fccbddc58c-2026-08-06-18-1786041127443908751.jsonl info ..."
time="2026-08-06T18:47:19Z" level=info msg="Prepare to get object log/cluster-history/raycluster/test-ns-25kkd/raycluster-historyserver/session_2026-08-06_11-32-01_850718_1/a17d3cad2abef6d000063920c29c25b77905d5cb11d950fccbddc58c/job_events/02000000/a17d3cad2abef6d000063920c29c25b77905d5cb11d950fccbddc58c-2026-08-06-18-1786041145889122385.jsonl info ..."
time="2026-08-06T18:47:19Z" level=info msg="Prepare to get object log/cluster-history/raycluster/test-ns-25kkd/raycluster-historyserver/session_2026-08-06_11-32-01_850718_1/a17d3cad2abef6d000063920c29c25b77905d5cb11d950fccbddc58c/job_events/03000000/a17d3cad2abef6d000063920c29c25b77905d5cb11d950fccbddc58c-2026-08-06-18-1786041146890102219.jsonl info ..."
gc 75 @807.800s 6%: 0.20+187+0.11 ms clock, 0.40+0/82/144+0.22 ms cpu, 1089->1089->128 MB, 1194 MB goal, 0 MB stacks, 0 MB globals, 2 P
gc 76 @808.744s 6%: 0.23+104+0.066 ms clock, 0.47+0.020/12/47+0.13 ms cpu, 221->221->221 MB, 257 MB goal, 0 MB stacks, 0 MB globals, 2 P
gc 77 @809.343s 6%: 0.20+52+0.078 ms clock, 0.40+0.10/22/38+0.15 ms cpu, 399->399->135 MB, 443 MB goal, 0 MB stacks, 0 MB globals, 2 P
gc 78 @814.046s 6%: 0.16+945+0.085 ms clock, 0.33+0.086/520/585+0.17 ms cpu, 267->273->243 MB, 271 MB goal, 0 MB stacks, 0 MB globals, 2 P
gc 79 @822.448s 6%: 0.15+2443+0.081 ms clock, 0.30+0.34/1228/1485+0.16 ms cpu, 464->485->431 MB, 486 MB goal, 0 MB stacks, 0 MB globals, 2 P
gc 80 @838.953s 6%: 0.20+4191+0.10 ms clock, 0.41+0.11/2086/2754+0.20 ms cpu, 818->840->554 MB, 863 MB goal, 0 MB stacks, 0 MB globals, 2 P
time="2026-08-06T18:48:20Z" level=error msg="Failed to load session test-ns-25kkd/raycluster-historyserver/session_2026-08-06_11-32-01_850718_1: context canceled"
gc 81 @863.986s 6%: 0.19+5161+36 ms clock, 0.38+0.36/2602/3666+72 ms cpu, 1026->1051->638 MB, 1108 MB goal, 0 MB stacks, 0 MB globals, 2 P
time="2026-08-06T18:48:22Z" level=info msg="Prepare to get object log/cluster-history/raycluster/test-ns-25kkd/raycluster-historyserver/session_2026-08-06_11-32-01_850718_1/a17d3cad2abef6d000063920c29c25b77905d5cb11d950fccbddc58c/job_events/03000000/a17d3cad2abef6d000063920c29c25b77905d5cb11d950fccbddc58c-2026-08-06-18-1786041187322374126.jsonl info ..."
time="2026-08-06T18:48:29Z" level=info msg="Received request: GET /enter_cluster/test-ns-25kkd/raycluster/raycluster-historyserver/session_2026-08-06_11-32-01_850718_1"
time="2026-08-06T18:48:29Z" level=info msg="[List]Returned objects in log/cluster-metadata/. length of page.Contents: 2, length of page.CommonPrefixes: 0"
time="2026-08-06T18:48:29Z" level=error msg="Failed to parse meta file path: log/cluster-metadata/raycluster/test-ns-25kkd_raycluster-historyserver/, error: invalid path segment count for cluster metadata structure: log/cluster-metadata/raycluster/test-ns-25kkd_raycluster-historyserver/"
time="2026-08-06T18:48:29Z" level=info msg="Parsed cluster raycluster-historyserver for session session_2026-08-06_11-32-01_850718_1 to list"
gc 82 @880.209s 6%: 0.21+3836+0.080 ms clock, 0.42+0.57/1963/2182+0.16 ms cpu, 1182->1212->408 MB, 1276 MB goal, 0 MB stacks, 0 MB globals, 2 P
time="2026-08-06T18:48:49Z" level=info msg="Prepare to get object log/cluster-history/raycluster/test-ns-25kkd/raycluster-historyserver/session_2026-08-06_11-32-01_850718_1/a17d3cad2abef6d000063920c29c25b77905d5cb11d950fccbddc58c/job_events/04000000/a17d3cad2abef6d000063920c29c25b77905d5cb11d950fccbddc58c-2026-08-06-18-1786041162358624795.jsonl info ..."
time="2026-08-06T18:48:49Z" level=info msg="Prepare to get object log/cluster-history/raycluster/test-ns-25kkd/raycluster-historyserver/session_2026-08-06_11-32-01_850718_1/b01c3707fef5fbe9153a59f41d195c622230e9fece719d810b226f9d/job_events/03000000/b01c3707fef5fbe9153a59f41d195c622230e9fece719d810b226f9d-2026-08-06-18-1786041148426965386.jsonl info ..."
gc 83 @897.200s 6%: 0.22+1493+0.044 ms clock, 0.44+957/787/1188+0.089 ms cpu, 780->780->253 MB, 816 MB goal, 0 MB stacks, 0 MB globals, 2 P
gc 84 @899.289s 6%: 0.15+1695+0.35 ms clock, 0.31+1035/787/1128+0.70 ms cpu, 499->652->511 MB, 507 MB goal, 0 MB stacks, 0 MB globals, 2 P
gc 85 @914.243s 6%: 0.19+5448+0.11 ms clock, 0.39+0.10/2749/2862+0.22 ms cpu, 872->917->574 MB, 1024 MB goal, 0 MB stacks, 0 MB globals, 2 P
time="2026-08-06T18:49:17Z" level=error msg="Failed to store events for file session_2026-08-06_11-32-01_850718_1/b01c3707fef5fbe9153a59f41d195c622230e9fece719d810b226f9d/job_events/03000000/b01c3707fef5fbe9153a59f41d195c622230e9fece719d810b226f9d-2026-08-06-18-1786041148426965386.jsonl: TASK_LIFECYCLE_EVENT must have at least one state transition"
time="2026-08-06T18:49:17Z" level=error msg="Failed to store events for file session_2026-08-06_11-32-01_850718_1/b01c3707fef5fbe9153a59f41d195c622230e9fece719d810b226f9d/job_events/03000000/b01c3707fef5fbe9153a59f41d195c622230e9fece719d810b226f9d-2026-08-06-18-1786041148426965386.jsonl: TASK_LIFECYCLE_EVENT must have at least one state transition"
time="2026-08-06T18:49:18Z" level=error msg="Failed to store events for file session_2026-08-06_11-32-01_850718_1/b01c3707fef5fbe9153a59f41d195c622230e9fece719d810b226f9d/job_events/03000000/b01c3707fef5fbe9153a59f41d195c622230e9fece719d810b226f9d-2026-08-06-18-1786041148426965386.jsonl: TASK_LIFECYCLE_EVENT must have at least one state transition"
time="2026-08-06T18:49:18Z" level=error msg="Failed to store events for file session_2026-08-06_11-32-01_850718_1/b01c3707fef5fbe9153a59f41d195c622230e9fece719d810b226f9d/job_events/03000000/b01c3707fef5fbe9153a59f41d195c622230e9fece719d810b226f9d-2026-08-06-18-1786041148426965386.jsonl: TASK_LIFECYCLE_EVENT must have at least one state transition"
time="2026-08-06T18:49:19Z" level=error msg="Failed to store events for file session_2026-08-06_11-32-01_850718_1/b01c3707fef5fbe9153a59f41d195c622230e9fece719d810b226f9d/job_events/03000000/b01c3707fef5fbe9153a59f41d195c622230e9fece719d810b226f9d-2026-08-06-18-1786041148426965386.jsonl: TASK_LIFECYCLE_EVENT must have at least one state transition"
time="2026-08-06T18:49:19Z" level=error msg="Failed to store events for file session_2026-08-06_11-32-01_850718_1/b01c3707fef5fbe9153a59f41d195c622230e9fece719d810b226f9d/job_events/03000000/b01c3707fef5fbe9153a59f41d195c622230e9fece719d810b226f9d-2026-08-06-18-1786041148426965386.jsonl: TASK_LIFECYCLE_EVENT must have at least one state transition"
time="2026-08-06T18:49:19Z" level=error msg="Failed to store events for file session_2026-08-06_11-32-01_850718_1/b01c3707fef5fbe9153a59f41d195c622230e9fece719d810b226f9d/job_events/03000000/b01c3707fef5fbe9153a59f41d195c622230e9fece719d810b226f9d-2026-08-06-18-1786041148426965386.jsonl: TASK_LIFECYCLE_EVENT must have at least one state transition"
time="2026-08-06T18:49:20Z" level=error msg="Failed to store events for file session_2026-08-06_11-32-01_850718_1/b01c3707fef5fbe9153a59f41d195c622230e9fece719d810b226f9d/job_events/03000000/b01c3707fef5fbe9153a59f41d195c622230e9fece719d810b226f9d-2026-08-06-18-1786041148426965386.jsonl: TASK_LIFECYCLE_EVENT must have at least one state transition"
time="2026-08-06T18:49:20Z" level=error msg="Failed to store events for file session_2026-08-06_11-32-01_850718_1/b01c3707fef5fbe9153a59f41d195c622230e9fece719d810b226f9d/job_events/03000000/b01c3707fef5fbe9153a59f41d195c622230e9fece719d810b226f9d-2026-08-06-18-1786041148426965386.jsonl: TASK_LIFECYCLE_EVENT must have at least one state transition"
time="2026-08-06T18:49:21Z" level=error msg="Failed to store events for file session_2026-08-06_11-32-01_850718_1/b01c3707fef5fbe9153a59f41d195c622230e9fece719d810b226f9d/job_events/03000000/b01c3707fef5fbe9153a59f41d195c622230e9fece719d810b226f9d-2026-08-06-18-1786041148426965386.jsonl: TASK_LIFECYCLE_EVENT must have at least one state transition"
time="2026-08-06T18:49:21Z" level=error msg="Failed to store events for file session_2026-08-06_11-32-01_850718_1/b01c3707fef5fbe9153a59f41d195c622230e9fece719d810b226f9d/job_events/03000000/b01c3707fef5fbe9153a59f41d195c622230e9fece719d810b226f9d-2026-08-06-18-1786041148426965386.jsonl: TASK_LIFECYCLE_EVENT must have at least one state transition"
time="2026-08-06T18:49:21Z" level=error msg="Failed to store events for file session_2026-08-06_11-32-01_850718_1/b01c3707fef5fbe9153a59f41d195c622230e9fece719d810b226f9d/job_events/03000000/b01c3707fef5fbe9153a59f41d195c622230e9fece719d810b226f9d-2026-08-06-18-1786041148426965386.jsonl: TASK_LIFECYCLE_EVENT must have at least one state transition"
time="2026-08-06T18:49:23Z" level=error msg="Failed to store events for file session_2026-08-06_11-32-01_850718_1/b01c3707fef5fbe9153a59f41d195c622230e9fece719d810b226f9d/job_events/03000000/b01c3707fef5fbe9153a59f41d195c622230e9fece719d810b226f9d-2026-08-06-18-1786041148426965386.jsonl: TASK_LIFECYCLE_EVENT must have at least one state transition"
time="2026-08-06T18:49:23Z" level=error msg="Failed to store events for file session_2026-08-06_11-32-01_850718_1/b01c3707fef5fbe9153a59f41d195c622230e9fece719d810b226f9d/job_events/03000000/b01c3707fef5fbe9153a59f41d195c622230e9fece719d810b226f9d-2026-08-06-18-1786041148426965386.jsonl: TASK_LIFECYCLE_EVENT must have at least one state transition"
time="2026-08-06T18:49:23Z" level=error msg="Failed to store events for file session_2026-08-06_11-32-01_850718_1/b01c3707fef5fbe9153a59f41d195c622230e9fece719d810b226f9d/job_events/03000000/b01c3707fef5fbe9153a59f41d195c622230e9fece719d810b226f9d-2026-08-06-18-1786041148426965386.jsonl: TASK_LIFECYCLE_EVENT must have at least one state transition"
time="2026-08-06T18:49:23Z" level=error msg="Failed to store events for file session_2026-08-06_11-32-01_850718_1/b01c3707fef5fbe9153a59f41d195c622230e9fece719d810b226f9d/job_events/03000000/b01c3707fef5fbe9153a59f41d195c622230e9fece719d810b226f9d-2026-08-06-18-1786041148426965386.jsonl: TASK_LIFECYCLE_EVENT must have at least one state transition"
time="2026-08-06T18:49:23Z" level=error msg="Failed to store events for file session_2026-08-06_11-32-01_850718_1/b01c3707fef5fbe9153a59f41d195c622230e9fece719d810b226f9d/job_events/03000000/b01c3707fef5fbe9153a59f41d195c622230e9fece719d810b226f9d-2026-08-06-18-1786041148426965386.jsonl: TASK_LIFECYCLE_EVENT must have at least one state transition"
time="2026-08-06T18:49:24Z" level=error msg="Failed to store events for file session_2026-08-06_11-32-01_850718_1/b01c3707fef5fbe9153a59f41d195c622230e9fece719d810b226f9d/job_events/03000000/b01c3707fef5fbe9153a59f41d195c622230e9fece719d810b226f9d-2026-08-06-18-1786041148426965386.jsonl: TASK_LIFECYCLE_EVENT must have at least one state transition"
time="2026-08-06T18:49:25Z" level=error msg="Failed to store events for file session_2026-08-06_11-32-01_850718_1/b01c3707fef5fbe9153a59f41d195c622230e9fece719d810b226f9d/job_events/03000000/b01c3707fef5fbe9153a59f41d195c622230e9fece719d810b226f9d-2026-08-06-18-1786041148426965386.jsonl: TASK_LIFECYCLE_EVENT must have at least one state transition"
time="2026-08-06T18:49:25Z" level=error msg="Failed to store events for file session_2026-08-06_11-32-01_850718_1/b01c3707fef5fbe9153a59f41d195c622230e9fece719d810b226f9d/job_events/03000000/b01c3707fef5fbe9153a59f41d195c622230e9fece719d810b226f9d-2026-08-06-18-1786041148426965386.jsonl: TASK_LIFECYCLE_EVENT must have at least one state transition"
time="2026-08-06T18:49:25Z" level=error msg="Failed to store events for file session_2026-08-06_11-32-01_850718_1/b01c3707fef5fbe9153a59f41d195c622230e9fece719d810b226f9d/job_events/03000000/b01c3707fef5fbe9153a59f41d195c622230e9fece719d810b226f9d-2026-08-06-18-1786041148426965386.jsonl: TASK_LIFECYCLE_EVENT must have at least one state transition"
time="2026-08-06T18:49:25Z" level=error msg="Failed to store events for file session_2026-08-06_11-32-01_850718_1/b01c3707fef5fbe9153a59f41d195c622230e9fece719d810b226f9d/job_events/03000000/b01c3707fef5fbe9153a59f41d195c622230e9fece719d810b226f9d-2026-08-06-18-1786041148426965386.jsonl: TASK_LIFECYCLE_EVENT must have at least one state transition"
time="2026-08-06T18:49:26Z" level=error msg="Failed to store events for file session_2026-08-06_11-32-01_850718_1/b01c3707fef5fbe9153a59f41d195c622230e9fece719d810b226f9d/job_events/03000000/b01c3707fef5fbe9153a59f41d195c622230e9fece719d810b226f9d-2026-08-06-18-1786041148426965386.jsonl: TASK_LIFECYCLE_EVENT must have at least one state transition"
time="2026-08-06T18:49:26Z" level=error msg="Failed to store events for file session_2026-08-06_11-32-01_850718_1/b01c3707fef5fbe9153a59f41d195c622230e9fece719d810b226f9d/job_events/03000000/b01c3707fef5fbe9153a59f41d195c622230e9fece719d810b226f9d-2026-08-06-18-1786041148426965386.jsonl: TASK_LIFECYCLE_EVENT must have at least one state transition"
time="2026-08-06T18:49:26Z" level=error msg="Failed to store events for file session_2026-08-06_11-32-01_850718_1/b01c3707fef5fbe9153a59f41d195c622230e9fece719d810b226f9d/job_events/03000000/b01c3707fef5fbe9153a59f41d195c622230e9fece719d810b226f9d-2026-08-06-18-1786041148426965386.jsonl: TASK_LIFECYCLE_EVENT must have at least one state transition"
time="2026-08-06T18:49:27Z" level=error msg="Failed to store events for file session_2026-08-06_11-32-01_850718_1/b01c3707fef5fbe9153a59f41d195c622230e9fece719d810b226f9d/job_events/03000000/b01c3707fef5fbe9153a59f41d195c622230e9fece719d810b226f9d-2026-08-06-18-1786041148426965386.jsonl: TASK_LIFECYCLE_EVENT must have at least one state transition"
time="2026-08-06T18:49:28Z" level=error msg="Failed to store events for file session_2026-08-06_11-32-01_850718_1/b01c3707fef5fbe9153a59f41d195c622230e9fece719d810b226f9d/job_events/03000000/b01c3707fef5fbe9153a59f41d195c622230e9fece719d810b226f9d-2026-08-06-18-1786041148426965386.jsonl: TASK_LIFECYCLE_EVENT must have at least one state transition"
time="2026-08-06T18:49:28Z" level=error msg="Failed to store events for file session_2026-08-06_11-32-01_850718_1/b01c3707fef5fbe9153a59f41d195c622230e9fece719d810b226f9d/job_events/03000000/b01c3707fef5fbe9153a59f41d195c622230e9fece719d810b226f9d-2026-08-06-18-1786041148426965386.jsonl: TASK_LIFECYCLE_EVENT must have at least one state transition"
time="2026-08-06T18:49:28Z" level=error msg="Failed to store events for file session_2026-08-06_11-32-01_850718_1/b01c3707fef5fbe9153a59f41d195c622230e9fece719d810b226f9d/job_events/03000000/b01c3707fef5fbe9153a59f41d195c622230e9fece719d810b226f9d-2026-08-06-18-1786041148426965386.jsonl: TASK_LIFECYCLE_EVENT must have at least one state transition"
time="2026-08-06T18:49:28Z" level=error msg="Failed to store events for file session_2026-08-06_11-32-01_850718_1/b01c3707fef5fbe9153a59f41d195c622230e9fece719d810b226f9d/job_events/03000000/b01c3707fef5fbe9153a59f41d195c622230e9fece719d810b226f9d-2026-08-06-18-1786041148426965386.jsonl: TASK_LIFECYCLE_EVENT must have at least one state transition"
time="2026-08-06T18:49:29Z" level=error msg="Failed to store events for file session_2026-08-06_11-32-01_850718_1/b01c3707fef5fbe9153a59f41d195c622230e9fece719d810b226f9d/job_events/03000000/b01c3707fef5fbe9153a59f41d195c622230e9fece719d810b226f9d-2026-08-06-18-1786041148426965386.jsonl: TASK_LIFECYCLE_EVENT must have at least one state transition"
time="2026-08-06T18:49:29Z" level=error msg="Failed to store events for file session_2026-08-06_11-32-01_850718_1/b01c3707fef5fbe9153a59f41d195c622230e9fece719d810b226f9d/job_events/03000000/b01c3707fef5fbe9153a59f41d195c622230e9fece719d810b226f9d-2026-08-06-18-1786041148426965386.jsonl: TASK_LIFECYCLE_EVENT must have at least one state transition"
time="2026-08-06T18:49:29Z" level=error msg="Failed to store events for file session_2026-08-06_11-32-01_850718_1/b01c3707fef5fbe9153a59f41d195c622230e9fece719d810b226f9d/job_events/03000000/b01c3707fef5fbe9153a59f41d195c622230e9fece719d810b226f9d-2026-08-06-18-1786041148426965386.jsonl: TASK_LIFECYCLE_EVENT must have at least one state transition"
time="2026-08-06T18:49:30Z" level=error msg="Failed to load session test-ns-25kkd/raycluster-historyserver/session_2026-08-06_11-32-01_850718_1: context canceled"
time="2026-08-06T18:49:33Z" level=error msg="Failed to store events for file session_2026-08-06_11-32-01_850718_1/b01c3707fef5fbe9153a59f41d195c622230e9fece719d810b226f9d/job_events/03000000/b01c3707fef5fbe9153a59f41d195c622230e9fece719d810b226f9d-2026-08-06-18-1786041148426965386.jsonl: TASK_LIFECYCLE_EVENT must have at least one state transition"
gc 86 @937.295s 6%: 0.21+6503+0.089 ms clock, 0.42+0.11/3268/4108+0.17 ms cpu, 978->1012->605 MB, 1148 MB goal, 0 MB stacks, 0 MB globals, 2 P
time="2026-08-06T18:49:36Z" level=error msg="Failed to store events for file session_2026-08-06_11-32-01_850718_1/b01c3707fef5fbe9153a59f41d195c622230e9fece719d810b226f9d/job_events/03000000/b01c3707fef5fbe9153a59f41d195c622230e9fece719d810b226f9d-2026-08-06-18-1786041148426965386.jsonl: TASK_LIFECYCLE_EVENT must have at least one state transition"
time="2026-08-06T18:49:36Z" level=error msg="Failed to store events for file session_2026-08-06_11-32-01_850718_1/b01c3707fef5fbe9153a59f41d195c622230e9fece719d810b226f9d/job_events/03000000/b01c3707fef5fbe9153a59f41d195c622230e9fece719d810b226f9d-2026-08-06-18-1786041148426965386.jsonl: TASK_LIFECYCLE_EVENT must have at least one state transition"
time="2026-08-06T18:49:36Z" level=error msg="Failed to store events for file session_2026-08-06_11-32-01_850718_1/b01c3707fef5fbe9153a59f41d195c622230e9fece719d810b226f9d/job_events/03000000/b01c3707fef5fbe9153a59f41d195c622230e9fece719d810b226f9d-2026-08-06-18-1786041148426965386.jsonl: TASK_LIFECYCLE_EVENT must have at least one state transition"
time="2026-08-06T18:49:36Z" level=error msg="Failed to store events for file session_2026-08-06_11-32-01_850718_1/b01c3707fef5fbe9153a59f41d195c622230e9fece719d810b226f9d/job_events/03000000/b01c3707fef5fbe9153a59f41d195c622230e9fece719d810b226f9d-2026-08-06-18-1786041148426965386.jsonl: TASK_LIFECYCLE_EVENT must have at least one state transition"
time="2026-08-06T18:49:37Z" level=error msg="Failed to store events for file session_2026-08-06_11-32-01_850718_1/b01c3707fef5fbe9153a59f41d195c622230e9fece719d810b226f9d/job_events/03000000/b01c3707fef5fbe9153a59f41d195c622230e9fece719d810b226f9d-2026-08-06-18-1786041148426965386.jsonl: TASK_LIFECYCLE_EVENT must have at least one state transition"
time="2026-08-06T18:49:37Z" level=error msg="Failed to store events for file session_2026-08-06_11-32-01_850718_1/b01c3707fef5fbe9153a59f41d195c622230e9fece719d810b226f9d/job_events/03000000/b01c3707fef5fbe9153a59f41d195c622230e9fece719d810b226f9d-2026-08-06-18-1786041148426965386.jsonl: TASK_LIFECYCLE_EVENT must have at least one state transition"
time="2026-08-06T18:49:38Z" level=error msg="Failed to store events for file session_2026-08-06_11-32-01_850718_1/b01c3707fef5fbe9153a59f41d195c622230e9fece719d810b226f9d/job_events/03000000/b01c3707fef5fbe9153a59f41d195c622230e9fece719d810b226f9d-2026-08-06-18-1786041148426965386.jsonl: TASK_LIFECYCLE_EVENT must have at least one state transition"
time="2026-08-06T18:49:38Z" level=error msg="Failed to store events for file session_2026-08-06_11-32-01_850718_1/b01c3707fef5fbe9153a59f41d195c622230e9fece719d810b226f9d/job_events/03000000/b01c3707fef5fbe9153a59f41d195c622230e9fece719d810b226f9d-2026-08-06-18-1786041148426965386.jsonl: TASK_LIFECYCLE_EVENT must have at least one state transition"
time="2026-08-06T18:49:39Z" level=error msg="Failed to store events for file session_2026-08-06_11-32-01_850718_1/b01c3707fef5fbe9153a59f41d195c622230e9fece719d810b226f9d/job_events/03000000/b01c3707fef5fbe9153a59f41d195c622230e9fece719d810b226f9d-2026-08-06-18-1786041148426965386.jsonl: TASK_LIFECYCLE_EVENT must have at least one state transition"
time="2026-08-06T18:49:39Z" level=error msg="Failed to store events for file session_2026-08-06_11-32-01_850718_1/b01c3707fef5fbe9153a59f41d195c622230e9fece719d810b226f9d/job_events/03000000/b01c3707fef5fbe9153a59f41d195c622230e9fece719d810b226f9d-2026-08-06-18-1786041148426965386.jsonl: TASK_LIFECYCLE_EVENT must have at least one state transition"
time="2026-08-06T18:49:39Z" level=info msg="Received request: GET /enter_cluster/test-ns-25kkd/raycluster/raycluster-historyserver/session_2026-08-06_11-32-01_850718_1"
time="2026-08-06T18:49:39Z" level=info msg="[List]Returned objects in log/cluster-metadata/. length of page.Contents: 2, length of page.CommonPrefixes: 0"
time="2026-08-06T18:49:39Z" level=error msg="Failed to parse meta file path: log/cluster-metadata/raycluster/test-ns-25kkd_raycluster-historyserver/, error: invalid path segment count for cluster metadata structure: log/cluster-metadata/raycluster/test-ns-25kkd_raycluster-historyserver/"
time="2026-08-06T18:49:39Z" level=info msg="Parsed cluster raycluster-historyserver for session session_2026-08-06_11-32-01_850718_1 to list"
time="2026-08-06T18:49:39Z" level=error msg="Failed to store events for file session_2026-08-06_11-32-01_850718_1/b01c3707fef5fbe9153a59f41d195c622230e9fece719d810b226f9d/job_events/03000000/b01c3707fef5fbe9153a59f41d195c622230e9fece719d810b226f9d-2026-08-06-18-1786041148426965386.jsonl: TASK_LIFECYCLE_EVENT must have at least one state transition"
time="2026-08-06T18:49:40Z" level=error msg="Failed to store events for file session_2026-08-06_11-32-01_850718_1/b01c3707fef5fbe9153a59f41d195c622230e9fece719d810b226f9d/job_events/03000000/b01c3707fef5fbe9153a59f41d195c622230e9fece719d810b226f9d-2026-08-06-18-1786041148426965386.jsonl: TASK_LIFECYCLE_EVENT must have at least one state transition"
time="2026-08-06T18:49:41Z" level=error msg="Failed to store events for file session_2026-08-06_11-32-01_850718_1/b01c3707fef5fbe9153a59f41d195c622230e9fece719d810b226f9d/job_events/03000000/b01c3707fef5fbe9153a59f41d195c622230e9fece719d810b226f9d-2026-08-06-18-1786041148426965386.jsonl: TASK_LIFECYCLE_EVENT must have at least one state transition"
time="2026-08-06T18:49:41Z" level=error msg="Failed to store events for file session_2026-08-06_11-32-01_850718_1/b01c3707fef5fbe9153a59f41d195c622230e9fece719d810b226f9d/job_events/03000000/b01c3707fef5fbe9153a59f41d195c622230e9fece719d810b226f9d-2026-08-06-18-1786041148426965386.jsonl: TASK_LIFECYCLE_EVENT must have at least one state transition"
time="2026-08-06T18:49:41Z" level=error msg="Failed to store events for file session_2026-08-06_11-32-01_850718_1/b01c3707fef5fbe9153a59f41d195c622230e9fece719d810b226f9d/job_events/03000000/b01c3707fef5fbe9153a59f41d195c622230e9fece719d810b226f9d-2026-08-06-18-1786041148426965386.jsonl: TASK_LIFECYCLE_EVENT must have at least one state transition"
time="2026-08-06T18:49:41Z" level=error msg="Failed to store events for file session_2026-08-06_11-32-01_850718_1/b01c3707fef5fbe9153a59f41d195c622230e9fece719d810b226f9d/job_events/03000000/b01c3707fef5fbe9153a59f41d195c622230e9fece719d810b226f9d-2026-08-06-18-1786041148426965386.jsonl: TASK_LIFECYCLE_EVENT must have at least one state transition"
time="2026-08-06T18:49:42Z" level=error msg="Failed to store events for file session_2026-08-06_11-32-01_850718_1/b01c3707fef5fbe9153a59f41d195c622230e9fece719d810b226f9d/job_events/03000000/b01c3707fef5fbe9153a59f41d195c622230e9fece719d810b226f9d-2026-08-06-18-1786041148426965386.jsonl: TASK_LIFECYCLE_EVENT must have at least one state transition"
time="2026-08-06T18:49:42Z" level=error msg="Failed to store events for file session_2026-08-06_11-32-01_850718_1/b01c3707fef5fbe9153a59f41d195c622230e9fece719d810b226f9d/job_events/03000000/b01c3707fef5fbe9153a59f41d195c622230e9fece719d810b226f9d-2026-08-06-18-1786041148426965386.jsonl: TASK_LIFECYCLE_EVENT must have at least one state transition"
time="2026-08-06T18:49:43Z" level=error msg="Failed to store events for file session_2026-08-06_11-32-01_850718_1/b01c3707fef5fbe9153a59f41d195c622230e9fece719d810b226f9d/job_events/03000000/b01c3707fef5fbe9153a59f41d195c622230e9fece719d810b226f9d-2026-08-06-18-1786041148426965386.jsonl: TASK_LIFECYCLE_EVENT must have at least one state transition"
time="2026-08-06T18:49:43Z" level=error msg="Failed to store events for file session_2026-08-06_11-32-01_850718_1/b01c3707fef5fbe9153a59f41d195c622230e9fece719d810b226f9d/job_events/03000000/b01c3707fef5fbe9153a59f41d195c622230e9fece719d810b226f9d-2026-08-06-18-1786041148426965386.jsonl: TASK_LIFECYCLE_EVENT must have at least one state transition"
time="2026-08-06T18:49:43Z" level=error msg="Failed to store events for file session_2026-08-06_11-32-01_850718_1/b01c3707fef5fbe9153a59f41d195c622230e9fece719d810b226f9d/job_events/03000000/b01c3707fef5fbe9153a59f41d195c622230e9fece719d810b226f9d-2026-08-06-18-1786041148426965386.jsonl: TASK_LIFECYCLE_EVENT must have at least one state transition"
time="2026-08-06T18:49:43Z" level=error msg="Failed to store events for file session_2026-08-06_11-32-01_850718_1/b01c3707fef5fbe9153a59f41d195c622230e9fece719d810b226f9d/job_events/03000000/b01c3707fef5fbe9153a59f41d195c622230e9fece719d810b226f9d-2026-08-06-18-1786041148426965386.jsonl: TASK_LIFECYCLE_EVENT must have at least one state transition"
time="2026-08-06T18:49:44Z" level=error msg="Failed to store events for file session_2026-08-06_11-32-01_850718_1/b01c3707fef5fbe9153a59f41d195c622230e9fece719d810b226f9d/job_events/03000000/b01c3707fef5fbe9153a59f41d195c622230e9fece719d810b226f9d-2026-08-06-18-1786041148426965386.jsonl: TASK_LIFECYCLE_EVENT must have at least one state transition"
time="2026-08-06T18:49:45Z" level=error msg="Failed to store events for file session_2026-08-06_11-32-01_850718_1/b01c3707fef5fbe9153a59f41d195c622230e9fece719d810b226f9d/job_events/03000000/b01c3707fef5fbe9153a59f41d195c622230e9fece719d810b226f9d-2026-08-06-18-1786041148426965386.jsonl: TASK_LIFECYCLE_EVENT must have at least one state transition"
time="2026-08-06T18:49:45Z" level=error msg="Failed to store events for file session_2026-08-06_11-32-01_850718_1/b01c3707fef5fbe9153a59f41d195c622230e9fece719d810b226f9d/job_events/03000000/b01c3707fef5fbe9153a59f41d195c622230e9fece719d810b226f9d-2026-08-06-18-1786041148426965386.jsonl: TASK_LIFECYCLE_EVENT must have at least one state transition"
time="2026-08-06T18:49:45Z" level=error msg="Failed to store events for file session_2026-08-06_11-32-01_850718_1/b01c3707fef5fbe9153a59f41d195c622230e9fece719d810b226f9d/job_events/03000000/b01c3707fef5fbe9153a59f41d195c622230e9fece719d810b226f9d-2026-08-06-18-1786041148426965386.jsonl: TASK_LIFECYCLE_EVENT must have at least one state transition"
time="2026-08-06T18:49:45Z" level=error msg="Failed to load session test-ns-25kkd/raycluster-historyserver/session_2026-08-06_11-32-01_850718_1: context deadline exceeded"
time="2026-08-06T18:49:55Z" level=info msg="Received request: GET /enter_cluster/test-ns-25kkd/raycluster/raycluster-historyserver/session_2026-08-06_11-32-01_850718_1"
time="2026-08-06T18:49:55Z" level=info msg="[List]Returned objects in log/cluster-metadata/. length of page.Contents: 2, length of page.CommonPrefixes: 0"
time="2026-08-06T18:49:55Z" level=error msg="Failed to parse meta file path: log/cluster-metadata/raycluster/test-ns-25kkd_raycluster-historyserver/, error: invalid path segment count for cluster metadata structure: log/cluster-metadata/raycluster/test-ns-25kkd_raycluster-historyserver/"
time="2026-08-06T18:49:55Z" level=info msg="Parsed cluster raycluster-historyserver for session session_2026-08-06_11-32-01_850718_1 to list"
time="2026-08-06T18:49:55Z" level=info msg="[ListFiles]Returned objects in log/cluster-history/raycluster/test-ns-25kkd/raycluster-historyserver/session_2026-08-06_11-32-01_850718_1/. length of page.Contents: 0, length of page.CommonPrefixes: 3"
time="2026-08-06T18:49:55Z" level=info msg="[ListFiles]Returned objects in log/cluster-history/raycluster/test-ns-25kkd/raycluster-historyserver/session_2026-08-06_11-32-01_850718_1/a17d3cad2abef6d000063920c29c25b77905d5cb11d950fccbddc58c/logs/events/. length of page.Contents: 11, length of page.CommonPrefixes: 0"
time="2026-08-06T18:49:55Z" level=info msg="Prepare to get object log/cluster-history/raycluster/test-ns-25kkd/raycluster-historyserver/session_2026-08-06_11-32-01_850718_1/a17d3cad2abef6d000063920c29c25b77905d5cb11d950fccbddc58c/logs/events/event_AUTOSCALER.log info ..."
time="2026-08-06T18:49:55Z" level=info msg="Prepare to get object log/cluster-history/raycluster/test-ns-25kkd/raycluster-historyserver/session_2026-08-06_11-32-01_850718_1/a17d3cad2abef6d000063920c29c25b77905d5cb11d950fccbddc58c/logs/events/event_CORE_WORKER_1018.log info ..."
time="2026-08-06T18:49:55Z" level=info msg="Prepare to get object log/cluster-history/raycluster/test-ns-25kkd/raycluster-historyserver/session_2026-08-06_11-32-01_850718_1/a17d3cad2abef6d000063920c29c25b77905d5cb11d950fccbddc58c/logs/events/event_CORE_WORKER_1182.log info ..."
time="2026-08-06T18:49:55Z" level=info msg="Prepare to get object log/cluster-history/raycluster/test-ns-25kkd/raycluster-historyserver/session_2026-08-06_11-32-01_850718_1/a17d3cad2abef6d000063920c29c25b77905d5cb11d950fccbddc58c/logs/events/event_CORE_WORKER_199.log info ..."
time="2026-08-06T18:49:55Z" level=info msg="Prepare to get object log/cluster-history/raycluster/test-ns-25kkd/raycluster-historyserver/session_2026-08-06_11-32-01_850718_1/a17d3cad2abef6d000063920c29c25b77905d5cb11d950fccbddc58c/logs/events/event_CORE_WORKER_204.log info ..."
time="2026-08-06T18:49:55Z" level=info msg="Prepare to get object log/cluster-history/raycluster/test-ns-25kkd/raycluster-historyserver/session_2026-08-06_11-32-01_850718_1/a17d3cad2abef6d000063920c29c25b77905d5cb11d950fccbddc58c/logs/events/event_CORE_WORKER_677.log info ..."
time="2026-08-06T18:49:55Z" level=info msg="Prepare to get object log/cluster-history/raycluster/test-ns-25kkd/raycluster-historyserver/session_2026-08-06_11-32-01_850718_1/a17d3cad2abef6d000063920c29c25b77905d5cb11d950fccbddc58c/logs/events/event_CORE_WORKER_962.log info ..."
time="2026-08-06T18:49:55Z" level=info msg="Prepare to get object log/cluster-history/raycluster/test-ns-25kkd/raycluster-historyserver/session_2026-08-06_11-32-01_850718_1/a17d3cad2abef6d000063920c29c25b77905d5cb11d950fccbddc58c/logs/events/event_GCS.log info ..."
time="2026-08-06T18:49:55Z" level=info msg="Prepare to get object log/cluster-history/raycluster/test-ns-25kkd/raycluster-historyserver/session_2026-08-06_11-32-01_850718_1/a17d3cad2abef6d000063920c29c25b77905d5cb11d950fccbddc58c/logs/events/event_JOBS.log info ..."
time="2026-08-06T18:49:55Z" level=info msg="Prepare to get object log/cluster-history/raycluster/test-ns-25kkd/raycluster-historyserver/session_2026-08-06_11-32-01_850718_1/a17d3cad2abef6d000063920c29c25b77905d5cb11d950fccbddc58c/logs/events/event_RAYLET.log info ..."
time="2026-08-06T18:49:55Z" level=info msg="[ListFiles]Returned objects in log/cluster-history/raycluster/test-ns-25kkd/raycluster-historyserver/session_2026-08-06_11-32-01_850718_1/b01c3707fef5fbe9153a59f41d195c622230e9fece719d810b226f9d/logs/events/. length of page.Contents: 13, length of page.CommonPrefixes: 0"
time="2026-08-06T18:49:55Z" level=info msg="Prepare to get object log/cluster-history/raycluster/test-ns-25kkd/raycluster-historyserver/session_2026-08-06_11-32-01_850718_1/b01c3707fef5fbe9153a59f41d195c622230e9fece719d810b226f9d/logs/events/event_CORE_WORKER_228.log info ..."
time="2026-08-06T18:49:55Z" level=info msg="Prepare to get object log/cluster-history/raycluster/test-ns-25kkd/raycluster-historyserver/session_2026-08-06_11-32-01_850718_1/b01c3707fef5fbe9153a59f41d195c622230e9fece719d810b226f9d/logs/events/event_CORE_WORKER_229.log info ..."
time="2026-08-06T18:49:55Z" level=info msg="Prepare to get object log/cluster-history/raycluster/test-ns-25kkd/raycluster-historyserver/session_2026-08-06_11-32-01_850718_1/b01c3707fef5fbe9153a59f41d195c622230e9fece719d810b226f9d/logs/events/event_CORE_WORKER_313.log info ..."
time="2026-08-06T18:49:55Z" level=info msg="Prepare to get object log/cluster-history/raycluster/test-ns-25kkd/raycluster-historyserver/session_2026-08-06_11-32-01_850718_1/b01c3707fef5fbe9153a59f41d195c622230e9fece719d810b226f9d/logs/events/event_CORE_WORKER_319.log info ..."
time="2026-08-06T18:49:55Z" level=info msg="Prepare to get object log/cluster-history/raycluster/test-ns-25kkd/raycluster-historyserver/session_2026-08-06_11-32-01_850718_1/b01c3707fef5fbe9153a59f41d195c622230e9fece719d810b226f9d/logs/events/event_CORE_WORKER_410.log info ..."
time="2026-08-06T18:49:55Z" level=info msg="Prepare to get object log/cluster-history/raycluster/test-ns-25kkd/raycluster-historyserver/session_2026-08-06_11-32-01_850718_1/b01c3707fef5fbe9153a59f41d195c622230e9fece719d810b226f9d/logs/events/event_CORE_WORKER_419.log info ..."
time="2026-08-06T18:49:55Z" level=info msg="Prepare to get object log/cluster-history/raycluster/test-ns-25kkd/raycluster-historyserver/session_2026-08-06_11-32-01_850718_1/b01c3707fef5fbe9153a59f41d195c622230e9fece719d810b226f9d/logs/events/event_CORE_WORKER_509.log info ..."
time="2026-08-06T18:49:55Z" level=info msg="Prepare to get object log/cluster-history/raycluster/test-ns-25kkd/raycluster-historyserver/session_2026-08-06_11-32-01_850718_1/b01c3707fef5fbe9153a59f41d195c622230e9fece719d810b226f9d/logs/events/event_CORE_WORKER_513.log info ..."
time="2026-08-06T18:49:55Z" level=info msg="Prepare to get object log/cluster-history/raycluster/test-ns-25kkd/raycluster-historyserver/session_2026-08-06_11-32-01_850718_1/b01c3707fef5fbe9153a59f41d195c622230e9fece719d810b226f9d/logs/events/event_CORE_WORKER_605.log info ..."
time="2026-08-06T18:49:55Z" level=info msg="Prepare to get object log/cluster-history/raycluster/test-ns-25kkd/raycluster-historyserver/session_2026-08-06_11-32-01_850718_1/b01c3707fef5fbe9153a59f41d195c622230e9fece719d810b226f9d/logs/events/event_CORE_WORKER_608.log info ..."
time="2026-08-06T18:49:55Z" level=info msg="Prepare to get object log/cluster-history/raycluster/test-ns-25kkd/raycluster-historyserver/session_2026-08-06_11-32-01_850718_1/b01c3707fef5fbe9153a59f41d195c622230e9fece719d810b226f9d/logs/events/event_CORE_WORKER_683.log info ..."
time="2026-08-06T18:49:55Z" level=info msg="Prepare to get object log/cluster-history/raycluster/test-ns-25kkd/raycluster-historyserver/session_2026-08-06_11-32-01_850718_1/b01c3707fef5fbe9153a59f41d195c622230e9fece719d810b226f9d/logs/events/event_RAYLET.log info ..."
time="2026-08-06T18:49:55Z" level=info msg="[ListFiles]Returned objects in log/cluster-history/raycluster/test-ns-25kkd/raycluster-historyserver/session_2026-08-06_11-32-01_850718_1/fetched_endpoints/logs/events/. length of page.Contents: 0, length of page.CommonPrefixes: 0"
time="2026-08-06T18:49:55Z" level=info msg="[ListFiles]Returned objects in log/cluster-history/raycluster/test-ns-25kkd/raycluster-historyserver/session_2026-08-06_11-32-01_850718_1/. length of page.Contents: 0, length of page.CommonPrefixes: 3"
time="2026-08-06T18:49:55Z" level=info msg="[ListFiles]Returned objects in log/cluster-history/raycluster/test-ns-25kkd/raycluster-historyserver/session_2026-08-06_11-32-01_850718_1/a17d3cad2abef6d000063920c29c25b77905d5cb11d950fccbddc58c/job_events/. length of page.Contents: 0, length of page.CommonPrefixes: 4"
time="2026-08-06T18:49:55Z" level=info msg="[ListFiles]Returned objects in log/cluster-history/raycluster/test-ns-25kkd/raycluster-historyserver/session_2026-08-06_11-32-01_850718_1/a17d3cad2abef6d000063920c29c25b77905d5cb11d950fccbddc58c/job_events/01000000/. length of page.Contents: 2, length of page.CommonPrefixes: 0"
time="2026-08-06T18:49:55Z" level=info msg="[ListFiles]Returned objects in log/cluster-history/raycluster/test-ns-25kkd/raycluster-historyserver/session_2026-08-06_11-32-01_850718_1/a17d3cad2abef6d000063920c29c25b77905d5cb11d950fccbddc58c/job_events/02000000/. length of page.Contents: 2, length of page.CommonPrefixes: 0"
time="2026-08-06T18:49:55Z" level=info msg="[ListFiles]Returned objects in log/cluster-history/raycluster/test-ns-25kkd/raycluster-historyserver/session_2026-08-06_11-32-01_850718_1/a17d3cad2abef6d000063920c29c25b77905d5cb11d950fccbddc58c/job_events/03000000/. length of page.Contents: 3, length of page.CommonPrefixes: 0"
time="2026-08-06T18:49:55Z" level=info msg="[ListFiles]Returned objects in log/cluster-history/raycluster/test-ns-25kkd/raycluster-historyserver/session_2026-08-06_11-32-01_850718_1/a17d3cad2abef6d000063920c29c25b77905d5cb11d950fccbddc58c/job_events/04000000/. length of page.Contents: 2, length of page.CommonPrefixes: 0"
time="2026-08-06T18:49:55Z" level=info msg="[ListFiles]Returned objects in log/cluster-history/raycluster/test-ns-25kkd/raycluster-historyserver/session_2026-08-06_11-32-01_850718_1/b01c3707fef5fbe9153a59f41d195c622230e9fece719d810b226f9d/job_events/. length of page.Contents: 0, length of page.CommonPrefixes: 1"
time="2026-08-06T18:49:55Z" level=info msg="[ListFiles]Returned objects in log/cluster-history/raycluster/test-ns-25kkd/raycluster-historyserver/session_2026-08-06_11-32-01_850718_1/b01c3707fef5fbe9153a59f41d195c622230e9fece719d810b226f9d/job_events/03000000/. length of page.Contents: 3, length of page.CommonPrefixes: 0"
time="2026-08-06T18:49:55Z" level=info msg="[ListFiles]Returned objects in log/cluster-history/raycluster/test-ns-25kkd/raycluster-historyserver/session_2026-08-06_11-32-01_850718_1/fetched_endpoints/job_events/. length of page.Contents: 0, length of page.CommonPrefixes: 0"
time="2026-08-06T18:49:55Z" level=info msg="[ListFiles]Returned objects in log/cluster-history/raycluster/test-ns-25kkd/raycluster-historyserver/session_2026-08-06_11-32-01_850718_1/. length of page.Contents: 0, length of page.CommonPrefixes: 3"
time="2026-08-06T18:49:55Z" level=info msg="[ListFiles]Returned objects in log/cluster-history/raycluster/test-ns-25kkd/raycluster-historyserver/session_2026-08-06_11-32-01_850718_1/a17d3cad2abef6d000063920c29c25b77905d5cb11d950fccbddc58c/node_events/. length of page.Contents: 2, length of page.CommonPrefixes: 0"
time="2026-08-06T18:49:55Z" level=info msg="[ListFiles]Returned objects in log/cluster-history/raycluster/test-ns-25kkd/raycluster-historyserver/session_2026-08-06_11-32-01_850718_1/b01c3707fef5fbe9153a59f41d195c622230e9fece719d810b226f9d/node_events/. length of page.Contents: 0, length of page.CommonPrefixes: 0"
time="2026-08-06T18:49:55Z" level=info msg="[ListFiles]Returned objects in log/cluster-history/raycluster/test-ns-25kkd/raycluster-historyserver/session_2026-08-06_11-32-01_850718_1/fetched_endpoints/node_events/. length of page.Contents: 0, length of page.CommonPrefixes: 0"
time="2026-08-06T18:49:55Z" level=info msg="Prepare to get object log/cluster-history/raycluster/test-ns-25kkd/raycluster-historyserver/session_2026-08-06_11-32-01_850718_1/a17d3cad2abef6d000063920c29c25b77905d5cb11d950fccbddc58c/job_events/01000000/a17d3cad2abef6d000063920c29c25b77905d5cb11d950fccbddc58c-2026-08-06-18-1786041127443908751.jsonl info ..."
time="2026-08-06T18:49:55Z" level=info msg="Prepare to get object log/cluster-history/raycluster/test-ns-25kkd/raycluster-historyserver/session_2026-08-06_11-32-01_850718_1/a17d3cad2abef6d000063920c29c25b77905d5cb11d950fccbddc58c/job_events/02000000/a17d3cad2abef6d000063920c29c25b77905d5cb11d950fccbddc58c-2026-08-06-18-1786041145889122385.jsonl info ..."
time="2026-08-06T18:49:56Z" level=info msg="Prepare to get object log/cluster-history/raycluster/test-ns-25kkd/raycluster-historyserver/session_2026-08-06_11-32-01_850718_1/a17d3cad2abef6d000063920c29c25b77905d5cb11d950fccbddc58c/job_events/03000000/a17d3cad2abef6d000063920c29c25b77905d5cb11d950fccbddc58c-2026-08-06-18-1786041146890102219.jsonl info ..."
gc 87 @964.389s 6%: 1.5+507+0.13 ms clock, 3.1+0/53/456+0.26 ms cpu, 1084->1085->128 MB, 1212 MB goal, 0 MB stacks, 0 MB globals, 2 P
gc 88 @966.499s 6%: 41+59+0.042 ms clock, 82+8.2/51/0.004+0.084 ms cpu, 221->221->221 MB, 258 MB goal, 0 MB stacks, 0 MB globals, 2 P
gc 89 @966.707s 6%: 0.35+436+0.079 ms clock, 0.70+0/404/30+0.15 ms cpu, 389->390->249 MB, 443 MB goal, 0 MB stacks, 0 MB globals, 2 P
gc 90 @974.154s 6%: 0.26+1286+0.098 ms clock, 0.53+0.19/626/808+0.19 ms cpu, 444->453->287 MB, 499 MB goal, 0 MB stacks, 0 MB globals, 2 P
gc 91 @984.456s 6%: 0.17+2734+0.093 ms clock, 0.34+0.43/1368/1802+0.18 ms cpu, 539->560->498 MB, 576 MB goal, 0 MB stacks, 0 MB globals, 2 P
gc 92 @1004.091s 6%: 0.20+4205+0.11 ms clock, 0.40+0.10/2132/2756+0.22 ms cpu, 917->939->572 MB, 996 MB goal, 0 MB stacks, 0 MB globals, 2 P
time="2026-08-06T18:50:56Z" level=error msg="Failed to load session test-ns-25kkd/raycluster-historyserver/session_2026-08-06_11-32-01_850718_1: context canceled"
time="2026-08-06T18:50:59Z" level=info msg="Prepare to get object log/cluster-history/raycluster/test-ns-25kkd/raycluster-historyserver/session_2026-08-06_11-32-01_850718_1/a17d3cad2abef6d000063920c29c25b77905d5cb11d950fccbddc58c/job_events/03000000/a17d3cad2abef6d000063920c29c25b77905d5cb11d950fccbddc58c-2026-08-06-18-1786041187322374126.jsonl info ..."
gc 93 @1027.150s 6%: 0.26+1042+0.057 ms clock, 0.52+904/543/588+0.11 ms cpu, 1043->1043->176 MB, 1146 MB goal, 0 MB stacks, 0 MB globals, 2 P
gc 94 @1028.990s 6%: 0.12+1401+0.057 ms clock, 0.25+700/700/781+0.11 ms cpu, 347->353->228 MB, 353 MB goal, 0 MB stacks, 0 MB globals, 2 P
time="2026-08-06T18:51:05Z" level=info msg="Received request: GET /enter_cluster/test-ns-25kkd/raycluster/raycluster-historyserver/session_2026-08-06_11-32-01_850718_1"
time="2026-08-06T18:51:05Z" level=info msg="[List]Returned objects in log/cluster-metadata/. length of page.Contents: 2, length of page.CommonPrefixes: 0"
time="2026-08-06T18:51:05Z" level=error msg="Failed to parse meta file path: log/cluster-metadata/raycluster/test-ns-25kkd_raycluster-historyserver/, error: invalid path segment count for cluster metadata structure: log/cluster-metadata/raycluster/test-ns-25kkd_raycluster-historyserver/"
time="2026-08-06T18:51:05Z" level=info msg="Parsed cluster raycluster-historyserver for session session_2026-08-06_11-32-01_850718_1 to list"
gc 95 @1037.345s 6%: 0.17+2839+0.11 ms clock, 0.35+0.23/1408/2022+0.22 ms cpu, 428->447->345 MB, 457 MB goal, 0 MB stacks, 0 MB globals, 2 P
gc 96 @1051.857s 6%: 0.20+3884+0.094 ms clock, 0.40+0.12/1931/2655+0.18 ms cpu, 622->640->391 MB, 692 MB goal, 0 MB stacks, 0 MB globals, 2 P
time="2026-08-06T18:51:31Z" level=info msg="Prepare to get object log/cluster-history/raycluster/test-ns-25kkd/raycluster-historyserver/session_2026-08-06_11-32-01_850718_1/a17d3cad2abef6d000063920c29c25b77905d5cb11d950fccbddc58c/job_events/04000000/a17d3cad2abef6d000063920c29c25b77905d5cb11d950fccbddc58c-2026-08-06-18-1786041162358624795.jsonl info ..."
time="2026-08-06T18:51:31Z" level=info msg="Prepare to get object log/cluster-history/raycluster/test-ns-25kkd/raycluster-historyserver/session_2026-08-06_11-32-01_850718_1/b01c3707fef5fbe9153a59f41d195c622230e9fece719d810b226f9d/job_events/03000000/b01c3707fef5fbe9153a59f41d195c622230e9fece719d810b226f9d-2026-08-06-18-1786041148426965386.jsonl info ..."
gc 97 @1059.160s 6%: 0.58+1736+0.044 ms clock, 1.1+1393/890/827+0.088 ms cpu, 706->769->328 MB, 783 MB goal, 0 MB stacks, 0 MB globals, 2 P
gc 98 @1063.090s 6%: 0.18+2894+0.076 ms clock, 0.36+0.26/1487/1793+0.15 ms cpu, 559->580->320 MB, 656 MB goal, 0 MB stacks, 0 MB globals, 2 P
gc 99 @1074.345s 6%: 0.16+4750+0.11 ms clock, 0.32+0.090/2383/2772+0.22 ms cpu, 546->583->517 MB, 641 MB goal, 0 MB stacks, 0 MB globals, 2 P
time="2026-08-06T18:51:59Z" level=error msg="Failed to store events for file session_2026-08-06_11-32-01_850718_1/b01c3707fef5fbe9153a59f41d195c622230e9fece719d810b226f9d/job_events/03000000/b01c3707fef5fbe9153a59f41d195c622230e9fece719d810b226f9d-2026-08-06-18-1786041148426965386.jsonl: TASK_LIFECYCLE_EVENT must have at least one state transition"
time="2026-08-06T18:51:59Z" level=error msg="Failed to store events for file session_2026-08-06_11-32-01_850718_1/b01c3707fef5fbe9153a59f41d195c622230e9fece719d810b226f9d/job_events/03000000/b01c3707fef5fbe9153a59f41d195c622230e9fece719d810b226f9d-2026-08-06-18-1786041148426965386.jsonl: TASK_LIFECYCLE_EVENT must have at least one state transition"
time="2026-08-06T18:52:00Z" level=error msg="Failed to store events for file session_2026-08-06_11-32-01_850718_1/b01c3707fef5fbe9153a59f41d195c622230e9fece719d810b226f9d/job_events/03000000/b01c3707fef5fbe9153a59f41d195c622230e9fece719d810b226f9d-2026-08-06-18-1786041148426965386.jsonl: TASK_LIFECYCLE_EVENT must have at least one state transition"
time="2026-08-06T18:52:01Z" level=error msg="Failed to store events for file session_2026-08-06_11-32-01_850718_1/b01c3707fef5fbe9153a59f41d195c622230e9fece719d810b226f9d/job_events/03000000/b01c3707fef5fbe9153a59f41d195c622230e9fece719d810b226f9d-2026-08-06-18-1786041148426965386.jsonl: TASK_LIFECYCLE_EVENT must have at least one state transition"
time="2026-08-06T18:52:01Z" level=error msg="Failed to store events for file session_2026-08-06_11-32-01_850718_1/b01c3707fef5fbe9153a59f41d195c622230e9fece719d810b226f9d/job_events/03000000/b01c3707fef5fbe9153a59f41d195c622230e9fece719d810b226f9d-2026-08-06-18-1786041148426965386.jsonl: TASK_LIFECYCLE_EVENT must have at least one state transition"
time="2026-08-06T18:52:01Z" level=error msg="Failed to store events for file session_2026-08-06_11-32-01_850718_1/b01c3707fef5fbe9153a59f41d195c622230e9fece719d810b226f9d/job_events/03000000/b01c3707fef5fbe9153a59f41d195c622230e9fece719d810b226f9d-2026-08-06-18-1786041148426965386.jsonl: TASK_LIFECYCLE_EVENT must have at least one state transition"
time="2026-08-06T18:52:01Z" level=error msg="Failed to store events for file session_2026-08-06_11-32-01_850718_1/b01c3707fef5fbe9153a59f41d195c622230e9fece719d810b226f9d/job_events/03000000/b01c3707fef5fbe9153a59f41d195c622230e9fece719d810b226f9d-2026-08-06-18-1786041148426965386.jsonl: TASK_LIFECYCLE_EVENT must have at least one state transition"
time="2026-08-06T18:52:02Z" level=error msg="Failed to store events for file session_2026-08-06_11-32-01_850718_1/b01c3707fef5fbe9153a59f41d195c622230e9fece719d810b226f9d/job_events/03000000/b01c3707fef5fbe9153a59f41d195c622230e9fece719d810b226f9d-2026-08-06-18-1786041148426965386.jsonl: TASK_LIFECYCLE_EVENT must have at least one state transition"
time="2026-08-06T18:52:02Z" level=error msg="Failed to store events for file session_2026-08-06_11-32-01_850718_1/b01c3707fef5fbe9153a59f41d195c622230e9fece719d810b226f9d/job_events/03000000/b01c3707fef5fbe9153a59f41d195c622230e9fece719d810b226f9d-2026-08-06-18-1786041148426965386.jsonl: TASK_LIFECYCLE_EVENT must have at least one state transition"
time="2026-08-06T18:52:03Z" level=error msg="Failed to store events for file session_2026-08-06_11-32-01_850718_1/b01c3707fef5fbe9153a59f41d195c622230e9fece719d810b226f9d/job_events/03000000/b01c3707fef5fbe9153a59f41d195c622230e9fece719d810b226f9d-2026-08-06-18-1786041148426965386.jsonl: TASK_LIFECYCLE_EVENT must have at least one state transition"
time="2026-08-06T18:52:03Z" level=error msg="Failed to store events for file session_2026-08-06_11-32-01_850718_1/b01c3707fef5fbe9153a59f41d195c622230e9fece719d810b226f9d/job_events/03000000/b01c3707fef5fbe9153a59f41d195c622230e9fece719d810b226f9d-2026-08-06-18-1786041148426965386.jsonl: TASK_LIFECYCLE_EVENT must have at least one state transition"
time="2026-08-06T18:52:03Z" level=error msg="Failed to store events for file session_2026-08-06_11-32-01_850718_1/b01c3707fef5fbe9153a59f41d195c622230e9fece719d810b226f9d/job_events/03000000/b01c3707fef5fbe9153a59f41d195c622230e9fece719d810b226f9d-2026-08-06-18-1786041148426965386.jsonl: TASK_LIFECYCLE_EVENT must have at least one state transition"
time="2026-08-06T18:52:05Z" level=error msg="Failed to store events for file session_2026-08-06_11-32-01_850718_1/b01c3707fef5fbe9153a59f41d195c622230e9fece719d810b226f9d/job_events/03000000/b01c3707fef5fbe9153a59f41d195c622230e9fece719d810b226f9d-2026-08-06-18-1786041148426965386.jsonl: TASK_LIFECYCLE_EVENT must have at least one state transition"
time="2026-08-06T18:52:05Z" level=error msg="Failed to store events for file session_2026-08-06_11-32-01_850718_1/b01c3707fef5fbe9153a59f41d195c622230e9fece719d810b226f9d/job_events/03000000/b01c3707fef5fbe9153a59f41d195c622230e9fece719d810b226f9d-2026-08-06-18-1786041148426965386.jsonl: TASK_LIFECYCLE_EVENT must have at least one state transition"
time="2026-08-06T18:52:05Z" level=error msg="Failed to store events for file session_2026-08-06_11-32-01_850718_1/b01c3707fef5fbe9153a59f41d195c622230e9fece719d810b226f9d/job_events/03000000/b01c3707fef5fbe9153a59f41d195c622230e9fece719d810b226f9d-2026-08-06-18-1786041148426965386.jsonl: TASK_LIFECYCLE_EVENT must have at least one state transition"
time="2026-08-06T18:52:05Z" level=error msg="Failed to store events for file session_2026-08-06_11-32-01_850718_1/b01c3707fef5fbe9153a59f41d195c622230e9fece719d810b226f9d/job_events/03000000/b01c3707fef5fbe9153a59f41d195c622230e9fece719d810b226f9d-2026-08-06-18-1786041148426965386.jsonl: TASK_LIFECYCLE_EVENT must have at least one state transition"
time="2026-08-06T18:52:05Z" level=error msg="Failed to store events for file session_2026-08-06_11-32-01_850718_1/b01c3707fef5fbe9153a59f41d195c622230e9fece719d810b226f9d/job_events/03000000/b01c3707fef5fbe9153a59f41d195c622230e9fece719d810b226f9d-2026-08-06-18-1786041148426965386.jsonl: TASK_LIFECYCLE_EVENT must have at least one state transition"
time="2026-08-06T18:52:06Z" level=error msg="Failed to load session test-ns-25kkd/raycluster-historyserver/session_2026-08-06_11-32-01_850718_1: context canceled"
time="2026-08-06T18:52:09Z" level=error msg="Failed to store events for file session_2026-08-06_11-32-01_850718_1/b01c3707fef5fbe9153a59f41d195c622230e9fece719d810b226f9d/job_events/03000000/b01c3707fef5fbe9153a59f41d195c622230e9fece719d810b226f9d-2026-08-06-18-1786041148426965386.jsonl: TASK_LIFECYCLE_EVENT must have at least one state transition"
time="2026-08-06T18:52:11Z" level=error msg="Failed to store events for file session_2026-08-06_11-32-01_850718_1/b01c3707fef5fbe9153a59f41d195c622230e9fece719d810b226f9d/job_events/03000000/b01c3707fef5fbe9153a59f41d195c622230e9fece719d810b226f9d-2026-08-06-18-1786041148426965386.jsonl: TASK_LIFECYCLE_EVENT must have at least one state transition"
time="2026-08-06T18:52:11Z" level=error msg="Failed to store events for file session_2026-08-06_11-32-01_850718_1/b01c3707fef5fbe9153a59f41d195c622230e9fece719d810b226f9d/job_events/03000000/b01c3707fef5fbe9153a59f41d195c622230e9fece719d810b226f9d-2026-08-06-18-1786041148426965386.jsonl: TASK_LIFECYCLE_EVENT must have at least one state transition"
time="2026-08-06T18:52:12Z" level=error msg="Failed to store events for file session_2026-08-06_11-32-01_850718_1/b01c3707fef5fbe9153a59f41d195c622230e9fece719d810b226f9d/job_events/03000000/b01c3707fef5fbe9153a59f41d195c622230e9fece719d810b226f9d-2026-08-06-18-1786041148426965386.jsonl: TASK_LIFECYCLE_EVENT must have at least one state transition"
gc 100 @1093.998s 6%: 0.18+6393+0.11 ms clock, 0.37+0.10/3226/4060+0.22 ms cpu, 881->916->597 MB, 1034 MB goal, 0 MB stacks, 0 MB globals, 2 P
time="2026-08-06T18:52:13Z" level=error msg="Failed to store events for file session_2026-08-06_11-32-01_850718_1/b01c3707fef5fbe9153a59f41d195c622230e9fece719d810b226f9d/job_events/03000000/b01c3707fef5fbe9153a59f41d195c622230e9fece719d810b226f9d-2026-08-06-18-1786041148426965386.jsonl: TASK_LIFECYCLE_EVENT must have at least one state transition"
time="2026-08-06T18:52:13Z" level=error msg="Failed to store events for file session_2026-08-06_11-32-01_850718_1/b01c3707fef5fbe9153a59f41d195c622230e9fece719d810b226f9d/job_events/03000000/b01c3707fef5fbe9153a59f41d195c622230e9fece719d810b226f9d-2026-08-06-18-1786041148426965386.jsonl: TASK_LIFECYCLE_EVENT must have at least one state transition"
time="2026-08-06T18:52:13Z" level=error msg="Failed to store events for file session_2026-08-06_11-32-01_850718_1/b01c3707fef5fbe9153a59f41d195c622230e9fece719d810b226f9d/job_events/03000000/b01c3707fef5fbe9153a59f41d195c622230e9fece719d810b226f9d-2026-08-06-18-1786041148426965386.jsonl: TASK_LIFECYCLE_EVENT must have at least one state transition"
time="2026-08-06T18:52:14Z" level=error msg="Failed to store events for file session_2026-08-06_11-32-01_850718_1/b01c3707fef5fbe9153a59f41d195c622230e9fece719d810b226f9d/job_events/03000000/b01c3707fef5fbe9153a59f41d195c622230e9fece719d810b226f9d-2026-08-06-18-1786041148426965386.jsonl: TASK_LIFECYCLE_EVENT must have at least one state transition"
time="2026-08-06T18:52:14Z" level=error msg="Failed to store events for file session_2026-08-06_11-32-01_850718_1/b01c3707fef5fbe9153a59f41d195c622230e9fece719d810b226f9d/job_events/03000000/b01c3707fef5fbe9153a59f41d195c622230e9fece719d810b226f9d-2026-08-06-18-1786041148426965386.jsonl: TASK_LIFECYCLE_EVENT must have at least one state transition"
time="2026-08-06T18:52:15Z" level=error msg="Failed to store events for file session_2026-08-06_11-32-01_850718_1/b01c3707fef5fbe9153a59f41d195c622230e9fece719d810b226f9d/job_events/03000000/b01c3707fef5fbe9153a59f41d195c622230e9fece719d810b226f9d-2026-08-06-18-1786041148426965386.jsonl: TASK_LIFECYCLE_EVENT must have at least one state transition"
time="2026-08-06T18:52:15Z" level=error msg="Failed to store events for file session_2026-08-06_11-32-01_850718_1/b01c3707fef5fbe9153a59f41d195c622230e9fece719d810b226f9d/job_events/03000000/b01c3707fef5fbe9153a59f41d195c622230e9fece719d810b226f9d-2026-08-06-18-1786041148426965386.jsonl: TASK_LIFECYCLE_EVENT must have at least one state transition"
time="2026-08-06T18:52:15Z" level=info msg="Received request: GET /enter_cluster/test-ns-25kkd/raycluster/raycluster-historyserver/session_2026-08-06_11-32-01_850718_1"
time="2026-08-06T18:52:15Z" level=info msg="[List]Returned objects in log/cluster-metadata/. length of page.Contents: 2, length of page.CommonPrefixes: 0"
time="2026-08-06T18:52:15Z" level=error msg="Failed to parse meta file path: log/cluster-metadata/raycluster/test-ns-25kkd_raycluster-historyserver/, error: invalid path segment count for cluster metadata structure: log/cluster-metadata/raycluster/test-ns-25kkd_raycluster-historyserver/"
time="2026-08-06T18:52:15Z" level=info msg="Parsed cluster raycluster-historyserver for session session_2026-08-06_11-32-01_850718_1 to list"
time="2026-08-06T18:52:15Z" level=error msg="Failed to store events for file session_2026-08-06_11-32-01_850718_1/b01c3707fef5fbe9153a59f41d195c622230e9fece719d810b226f9d/job_events/03000000/b01c3707fef5fbe9153a59f41d195c622230e9fece719d810b226f9d-2026-08-06-18-1786041148426965386.jsonl: TASK_LIFECYCLE_EVENT must have at least one state transition"
time="2026-08-06T18:52:16Z" level=error msg="Failed to store events for file session_2026-08-06_11-32-01_850718_1/b01c3707fef5fbe9153a59f41d195c622230e9fece719d810b226f9d/job_events/03000000/b01c3707fef5fbe9153a59f41d195c622230e9fece719d810b226f9d-2026-08-06-18-1786041148426965386.jsonl: TASK_LIFECYCLE_EVENT must have at least one state transition"
time="2026-08-06T18:52:16Z" level=error msg="Failed to store events for file session_2026-08-06_11-32-01_850718_1/b01c3707fef5fbe9153a59f41d195c622230e9fece719d810b226f9d/job_events/03000000/b01c3707fef5fbe9153a59f41d195c622230e9fece719d810b226f9d-2026-08-06-18-1786041148426965386.jsonl: TASK_LIFECYCLE_EVENT must have at least one state transition"
time="2026-08-06T18:52:16Z" level=error msg="Failed to store events for file session_2026-08-06_11-32-01_850718_1/b01c3707fef5fbe9153a59f41d195c622230e9fece719d810b226f9d/job_events/03000000/b01c3707fef5fbe9153a59f41d195c622230e9fece719d810b226f9d-2026-08-06-18-1786041148426965386.jsonl: TASK_LIFECYCLE_EVENT must have at least one state transition"
time="2026-08-06T18:52:16Z" level=error msg="Failed to store events for file session_2026-08-06_11-32-01_850718_1/b01c3707fef5fbe9153a59f41d195c622230e9fece719d810b226f9d/job_events/03000000/b01c3707fef5fbe9153a59f41d195c622230e9fece719d810b226f9d-2026-08-06-18-1786041148426965386.jsonl: TASK_LIFECYCLE_EVENT must have at least one state transition"
time="2026-08-06T18:52:17Z" level=error msg="Failed to store events for file session_2026-08-06_11-32-01_850718_1/b01c3707fef5fbe9153a59f41d195c622230e9fece719d810b226f9d/job_events/03000000/b01c3707fef5fbe9153a59f41d195c622230e9fece719d810b226f9d-2026-08-06-18-1786041148426965386.jsonl: TASK_LIFECYCLE_EVENT must have at least one state transition"
time="2026-08-06T18:52:18Z" level=error msg="Failed to store events for file session_2026-08-06_11-32-01_850718_1/b01c3707fef5fbe9153a59f41d195c622230e9fece719d810b226f9d/job_events/03000000/b01c3707fef5fbe9153a59f41d195c622230e9fece719d810b226f9d-2026-08-06-18-1786041148426965386.jsonl: TASK_LIFECYCLE_EVENT must have at least one state transition"
time="2026-08-06T18:52:18Z" level=error msg="Failed to store events for file session_2026-08-06_11-32-01_850718_1/b01c3707fef5fbe9153a59f41d195c622230e9fece719d810b226f9d/job_events/03000000/b01c3707fef5fbe9153a59f41d195c622230e9fece719d810b226f9d-2026-08-06-18-1786041148426965386.jsonl: TASK_LIFECYCLE_EVENT must have at least one state transition"
time="2026-08-06T18:52:18Z" level=error msg="Failed to store events for file session_2026-08-06_11-32-01_850718_1/b01c3707fef5fbe9153a59f41d195c622230e9fece719d810b226f9d/job_events/03000000/b01c3707fef5fbe9153a59f41d195c622230e9fece719d810b226f9d-2026-08-06-18-1786041148426965386.jsonl: TASK_LIFECYCLE_EVENT must have at least one state transition"
time="2026-08-06T18:52:18Z" level=error msg="Failed to store events for file session_2026-08-06_11-32-01_850718_1/b01c3707fef5fbe9153a59f41d195c622230e9fece719d810b226f9d/job_events/03000000/b01c3707fef5fbe9153a59f41d195c622230e9fece719d810b226f9d-2026-08-06-18-1786041148426965386.jsonl: TASK_LIFECYCLE_EVENT must have at least one state transition"
time="2026-08-06T18:52:19Z" level=error msg="Failed to store events for file session_2026-08-06_11-32-01_850718_1/b01c3707fef5fbe9153a59f41d195c622230e9fece719d810b226f9d/job_events/03000000/b01c3707fef5fbe9153a59f41d195c622230e9fece719d810b226f9d-2026-08-06-18-1786041148426965386.jsonl: TASK_LIFECYCLE_EVENT must have at least one state transition"
time="2026-08-06T18:52:19Z" level=error msg="Failed to store events for file session_2026-08-06_11-32-01_850718_1/b01c3707fef5fbe9153a59f41d195c622230e9fece719d810b226f9d/job_events/03000000/b01c3707fef5fbe9153a59f41d195c622230e9fece719d810b226f9d-2026-08-06-18-1786041148426965386.jsonl: TASK_LIFECYCLE_EVENT must have at least one state transition"
time="2026-08-06T18:52:20Z" level=error msg="Failed to store events for file session_2026-08-06_11-32-01_850718_1/b01c3707fef5fbe9153a59f41d195c622230e9fece719d810b226f9d/job_events/03000000/b01c3707fef5fbe9153a59f41d195c622230e9fece719d810b226f9d-2026-08-06-18-1786041148426965386.jsonl: TASK_LIFECYCLE_EVENT must have at least one state transition"
time="2026-08-06T18:52:20Z" level=error msg="Failed to store events for file session_2026-08-06_11-32-01_850718_1/b01c3707fef5fbe9153a59f41d195c622230e9fece719d810b226f9d/job_events/03000000/b01c3707fef5fbe9153a59f41d195c622230e9fece719d810b226f9d-2026-08-06-18-1786041148426965386.jsonl: TASK_LIFECYCLE_EVENT must have at least one state transition"
time="2026-08-06T18:52:21Z" level=error msg="Failed to store events for file session_2026-08-06_11-32-01_850718_1/b01c3707fef5fbe9153a59f41d195c622230e9fece719d810b226f9d/job_events/03000000/b01c3707fef5fbe9153a59f41d195c622230e9fece719d810b226f9d-2026-08-06-18-1786041148426965386.jsonl: TASK_LIFECYCLE_EVENT must have at least one state transition"
time="2026-08-06T18:52:21Z" level=error msg="Failed to store events for file session_2026-08-06_11-32-01_850718_1/b01c3707fef5fbe9153a59f41d195c622230e9fece719d810b226f9d/job_events/03000000/b01c3707fef5fbe9153a59f41d195c622230e9fece719d810b226f9d-2026-08-06-18-1786041148426965386.jsonl: TASK_LIFECYCLE_EVENT must have at least one state transition"
time="2026-08-06T18:52:21Z" level=error msg="Failed to store events for file session_2026-08-06_11-32-01_850718_1/b01c3707fef5fbe9153a59f41d195c622230e9fece719d810b226f9d/job_events/03000000/b01c3707fef5fbe9153a59f41d195c622230e9fece719d810b226f9d-2026-08-06-18-1786041148426965386.jsonl: TASK_LIFECYCLE_EVENT must have at least one state transition"
time="2026-08-06T18:52:22Z" level=error msg="Failed to store events for file session_2026-08-06_11-32-01_850718_1/b01c3707fef5fbe9153a59f41d195c622230e9fece719d810b226f9d/job_events/03000000/b01c3707fef5fbe9153a59f41d195c622230e9fece719d810b226f9d-2026-08-06-18-1786041148426965386.jsonl: TASK_LIFECYCLE_EVENT must have at least one state transition"
time="2026-08-06T18:52:23Z" level=error msg="Failed to store events for file session_2026-08-06_11-32-01_850718_1/b01c3707fef5fbe9153a59f41d195c622230e9fece719d810b226f9d/job_events/03000000/b01c3707fef5fbe9153a59f41d195c622230e9fece719d810b226f9d-2026-08-06-18-1786041148426965386.jsonl: TASK_LIFECYCLE_EVENT must have at least one state transition"
time="2026-08-06T18:52:23Z" level=error msg="Failed to store events for file session_2026-08-06_11-32-01_850718_1/b01c3707fef5fbe9153a59f41d195c622230e9fece719d810b226f9d/job_events/03000000/b01c3707fef5fbe9153a59f41d195c622230e9fece719d810b226f9d-2026-08-06-18-1786041148426965386.jsonl: TASK_LIFECYCLE_EVENT must have at least one state transition"
time="2026-08-06T18:52:23Z" level=error msg="Failed to store events for file session_2026-08-06_11-32-01_850718_1/b01c3707fef5fbe9153a59f41d195c622230e9fece719d810b226f9d/job_events/03000000/b01c3707fef5fbe9153a59f41d195c622230e9fece719d810b226f9d-2026-08-06-18-1786041148426965386.jsonl: TASK_LIFECYCLE_EVENT must have at least one state transition"
time="2026-08-06T18:52:23Z" level=error msg="Failed to store events for file session_2026-08-06_11-32-01_850718_1/b01c3707fef5fbe9153a59f41d195c622230e9fece719d810b226f9d/job_events/03000000/b01c3707fef5fbe9153a59f41d195c622230e9fece719d810b226f9d-2026-08-06-18-1786041148426965386.jsonl: TASK_LIFECYCLE_EVENT must have at least one state transition"
time="2026-08-06T18:52:24Z" level=error msg="Failed to store events for file session_2026-08-06_11-32-01_850718_1/b01c3707fef5fbe9153a59f41d195c622230e9fece719d810b226f9d/job_events/03000000/b01c3707fef5fbe9153a59f41d195c622230e9fece719d810b226f9d-2026-08-06-18-1786041148426965386.jsonl: TASK_LIFECYCLE_EVENT must have at least one state transition"
time="2026-08-06T18:52:24Z" level=error msg="Failed to store events for file session_2026-08-06_11-32-01_850718_1/b01c3707fef5fbe9153a59f41d195c622230e9fece719d810b226f9d/job_events/03000000/b01c3707fef5fbe9153a59f41d195c622230e9fece719d810b226f9d-2026-08-06-18-1786041148426965386.jsonl: TASK_LIFECYCLE_EVENT must have at least one state transition"
time="2026-08-06T18:52:25Z" level=error msg="Failed to store events for file session_2026-08-06_11-32-01_850718_1/b01c3707fef5fbe9153a59f41d195c622230e9fece719d810b226f9d/job_events/03000000/b01c3707fef5fbe9153a59f41d195c622230e9fece719d810b226f9d-2026-08-06-18-1786041148426965386.jsonl: TASK_LIFECYCLE_EVENT must have at least one state transition"
time="2026-08-06T18:52:25Z" level=error msg="Failed to store events for file session_2026-08-06_11-32-01_850718_1/b01c3707fef5fbe9153a59f41d195c622230e9fece719d810b226f9d/job_events/03000000/b01c3707fef5fbe9153a59f41d195c622230e9fece719d810b226f9d-2026-08-06-18-1786041148426965386.jsonl: TASK_LIFECYCLE_EVENT must have at least one state transition"
time="2026-08-06T18:52:25Z" level=error msg="Failed to store events for file session_2026-08-06_11-32-01_850718_1/b01c3707fef5fbe9153a59f41d195c622230e9fece719d810b226f9d/job_events/03000000/b01c3707fef5fbe9153a59f41d195c622230e9fece719d810b226f9d-2026-08-06-18-1786041148426965386.jsonl: TASK_LIFECYCLE_EVENT must have at least one state transition"
time="2026-08-06T18:52:25Z" level=error msg="Failed to store events for file session_2026-08-06_11-32-01_850718_1/b01c3707fef5fbe9153a59f41d195c622230e9fece719d810b226f9d/job_events/03000000/b01c3707fef5fbe9153a59f41d195c622230e9fece719d810b226f9d-2026-08-06-18-1786041148426965386.jsonl: TASK_LIFECYCLE_EVENT must have at least one state transition"
time="2026-08-06T18:52:26Z" level=error msg="Failed to store events for file session_2026-08-06_11-32-01_850718_1/b01c3707fef5fbe9153a59f41d195c622230e9fece719d810b226f9d/job_events/03000000/b01c3707fef5fbe9153a59f41d195c622230e9fece719d810b226f9d-2026-08-06-18-1786041148426965386.jsonl: TASK_LIFECYCLE_EVENT must have at least one state transition"
time="2026-08-06T18:52:28Z" level=error msg="Failed to store events for file session_2026-08-06_11-32-01_850718_1/b01c3707fef5fbe9153a59f41d195c622230e9fece719d810b226f9d/job_events/03000000/b01c3707fef5fbe9153a59f41d195c622230e9fece719d810b226f9d-2026-08-06-18-1786041148426965386.jsonl: TASK_LIFECYCLE_EVENT must have at least one state transition"
time="2026-08-06T18:52:28Z" level=error msg="Failed to store events for file session_2026-08-06_11-32-01_850718_1/b01c3707fef5fbe9153a59f41d195c622230e9fece719d810b226f9d/job_events/03000000/b01c3707fef5fbe9153a59f41d195c622230e9fece719d810b226f9d-2026-08-06-18-1786041148426965386.jsonl: TASK_LIFECYCLE_EVENT must have at least one state transition"
time="2026-08-06T18:52:29Z" level=error msg="Failed to store events for file session_2026-08-06_11-32-01_850718_1/b01c3707fef5fbe9153a59f41d195c622230e9fece719d810b226f9d/job_events/03000000/b01c3707fef5fbe9153a59f41d195c622230e9fece719d810b226f9d-2026-08-06-18-1786041148426965386.jsonl: TASK_LIFECYCLE_EVENT must have at least one state transition"
time="2026-08-06T18:52:29Z" level=error msg="Failed to load session test-ns-25kkd/raycluster-historyserver/session_2026-08-06_11-32-01_850718_1: context deadline exceeded"
time="2026-08-06T18:52:39Z" level=info msg="Received request: GET /enter_cluster/test-ns-25kkd/raycluster/raycluster-historyserver/session_2026-08-06_11-32-01_850718_1"
time="2026-08-06T18:52:39Z" level=info msg="[List]Returned objects in log/cluster-metadata/. length of page.Contents: 2, length of page.CommonPrefixes: 0"
time="2026-08-06T18:52:39Z" level=error msg="Failed to parse meta file path: log/cluster-metadata/raycluster/test-ns-25kkd_raycluster-historyserver/, error: invalid path segment count for cluster metadata structure: log/cluster-metadata/raycluster/test-ns-25kkd_raycluster-historyserver/"
time="2026-08-06T18:52:39Z" level=info msg="Parsed cluster raycluster-historyserver for session session_2026-08-06_11-32-01_850718_1 to list"
time="2026-08-06T18:52:39Z" level=info msg="[ListFiles]Returned objects in log/cluster-history/raycluster/test-ns-25kkd/raycluster-historyserver/session_2026-08-06_11-32-01_850718_1/. length of page.Contents: 0, length of page.CommonPrefixes: 3"
time="2026-08-06T18:52:39Z" level=info msg="[ListFiles]Returned objects in log/cluster-history/raycluster/test-ns-25kkd/raycluster-historyserver/session_2026-08-06_11-32-01_850718_1/a17d3cad2abef6d000063920c29c25b77905d5cb11d950fccbddc58c/logs/events/. length of page.Contents: 11, length of page.CommonPrefixes: 0"
time="2026-08-06T18:52:39Z" level=info msg="Prepare to get object log/cluster-history/raycluster/test-ns-25kkd/raycluster-historyserver/session_2026-08-06_11-32-01_850718_1/a17d3cad2abef6d000063920c29c25b77905d5cb11d950fccbddc58c/logs/events/event_AUTOSCALER.log info ..."
time="2026-08-06T18:52:39Z" level=info msg="Prepare to get object log/cluster-history/raycluster/test-ns-25kkd/raycluster-historyserver/session_2026-08-06_11-32-01_850718_1/a17d3cad2abef6d000063920c29c25b77905d5cb11d950fccbddc58c/logs/events/event_CORE_WORKER_1018.log info ..."
time="2026-08-06T18:52:39Z" level=info msg="Prepare to get object log/cluster-history/raycluster/test-ns-25kkd/raycluster-historyserver/session_2026-08-06_11-32-01_850718_1/a17d3cad2abef6d000063920c29c25b77905d5cb11d950fccbddc58c/logs/events/event_CORE_WORKER_1182.log info ..."
time="2026-08-06T18:52:39Z" level=info msg="Prepare to get object log/cluster-history/raycluster/test-ns-25kkd/raycluster-historyserver/session_2026-08-06_11-32-01_850718_1/a17d3cad2abef6d000063920c29c25b77905d5cb11d950fccbddc58c/logs/events/event_CORE_WORKER_199.log info ..."
time="2026-08-06T18:52:39Z" level=info msg="Prepare to get object log/cluster-history/raycluster/test-ns-25kkd/raycluster-historyserver/session_2026-08-06_11-32-01_850718_1/a17d3cad2abef6d000063920c29c25b77905d5cb11d950fccbddc58c/logs/events/event_CORE_WORKER_204.log info ..."
time="2026-08-06T18:52:39Z" level=info msg="Prepare to get object log/cluster-history/raycluster/test-ns-25kkd/raycluster-historyserver/session_2026-08-06_11-32-01_850718_1/a17d3cad2abef6d000063920c29c25b77905d5cb11d950fccbddc58c/logs/events/event_CORE_WORKER_677.log info ..."
time="2026-08-06T18:52:39Z" level=info msg="Prepare to get object log/cluster-history/raycluster/test-ns-25kkd/raycluster-historyserver/session_2026-08-06_11-32-01_850718_1/a17d3cad2abef6d000063920c29c25b77905d5cb11d950fccbddc58c/logs/events/event_CORE_WORKER_962.log info ..."
time="2026-08-06T18:52:39Z" level=info msg="Prepare to get object log/cluster-history/raycluster/test-ns-25kkd/raycluster-historyserver/session_2026-08-06_11-32-01_850718_1/a17d3cad2abef6d000063920c29c25b77905d5cb11d950fccbddc58c/logs/events/event_GCS.log info ..."
time="2026-08-06T18:52:39Z" level=info msg="Prepare to get object log/cluster-history/raycluster/test-ns-25kkd/raycluster-historyserver/session_2026-08-06_11-32-01_850718_1/a17d3cad2abef6d000063920c29c25b77905d5cb11d950fccbddc58c/logs/events/event_JOBS.log info ..."
time="2026-08-06T18:52:39Z" level=info msg="Prepare to get object log/cluster-history/raycluster/test-ns-25kkd/raycluster-historyserver/session_2026-08-06_11-32-01_850718_1/a17d3cad2abef6d000063920c29c25b77905d5cb11d950fccbddc58c/logs/events/event_RAYLET.log info ..."
time="2026-08-06T18:52:39Z" level=info msg="[ListFiles]Returned objects in log/cluster-history/raycluster/test-ns-25kkd/raycluster-historyserver/session_2026-08-06_11-32-01_850718_1/b01c3707fef5fbe9153a59f41d195c622230e9fece719d810b226f9d/logs/events/. length of page.Contents: 13, length of page.CommonPrefixes: 0"
time="2026-08-06T18:52:39Z" level=info msg="Prepare to get object log/cluster-history/raycluster/test-ns-25kkd/raycluster-historyserver/session_2026-08-06_11-32-01_850718_1/b01c3707fef5fbe9153a59f41d195c622230e9fece719d810b226f9d/logs/events/event_CORE_WORKER_228.log info ..."
time="2026-08-06T18:52:39Z" level=info msg="Prepare to get object log/cluster-history/raycluster/test-ns-25kkd/raycluster-historyserver/session_2026-08-06_11-32-01_850718_1/b01c3707fef5fbe9153a59f41d195c622230e9fece719d810b226f9d/logs/events/event_CORE_WORKER_229.log info ..."
time="2026-08-06T18:52:39Z" level=info msg="Prepare to get object log/cluster-history/raycluster/test-ns-25kkd/raycluster-historyserver/session_2026-08-06_11-32-01_850718_1/b01c3707fef5fbe9153a59f41d195c622230e9fece719d810b226f9d/logs/events/event_CORE_WORKER_313.log info ..."
time="2026-08-06T18:52:39Z" level=info msg="Prepare to get object log/cluster-history/raycluster/test-ns-25kkd/raycluster-historyserver/session_2026-08-06_11-32-01_850718_1/b01c3707fef5fbe9153a59f41d195c622230e9fece719d810b226f9d/logs/events/event_CORE_WORKER_319.log info ..."
time="2026-08-06T18:52:39Z" level=info msg="Prepare to get object log/cluster-history/raycluster/test-ns-25kkd/raycluster-historyserver/session_2026-08-06_11-32-01_850718_1/b01c3707fef5fbe9153a59f41d195c622230e9fece719d810b226f9d/logs/events/event_CORE_WORKER_410.log info ..."
time="2026-08-06T18:52:39Z" level=info msg="Prepare to get object log/cluster-history/raycluster/test-ns-25kkd/raycluster-historyserver/session_2026-08-06_11-32-01_850718_1/b01c3707fef5fbe9153a59f41d195c622230e9fece719d810b226f9d/logs/events/event_CORE_WORKER_419.log info ..."
time="2026-08-06T18:52:39Z" level=info msg="Prepare to get object log/cluster-history/raycluster/test-ns-25kkd/raycluster-historyserver/session_2026-08-06_11-32-01_850718_1/b01c3707fef5fbe9153a59f41d195c622230e9fece719d810b226f9d/logs/events/event_CORE_WORKER_509.log info ..."
time="2026-08-06T18:52:39Z" level=info msg="Prepare to get object log/cluster-history/raycluster/test-ns-25kkd/raycluster-historyserver/session_2026-08-06_11-32-01_850718_1/b01c3707fef5fbe9153a59f41d195c622230e9fece719d810b226f9d/logs/events/event_CORE_WORKER_513.log info ..."
time="2026-08-06T18:52:39Z" level=info msg="Prepare to get object log/cluster-history/raycluster/test-ns-25kkd/raycluster-historyserver/session_2026-08-06_11-32-01_850718_1/b01c3707fef5fbe9153a59f41d195c622230e9fece719d810b226f9d/logs/events/event_CORE_WORKER_605.log info ..."
time="2026-08-06T18:52:39Z" level=info msg="Prepare to get object log/cluster-history/raycluster/test-ns-25kkd/raycluster-historyserver/session_2026-08-06_11-32-01_850718_1/b01c3707fef5fbe9153a59f41d195c622230e9fece719d810b226f9d/logs/events/event_CORE_WORKER_608.log info ..."
time="2026-08-06T18:52:39Z" level=info msg="Prepare to get object log/cluster-history/raycluster/test-ns-25kkd/raycluster-historyserver/session_2026-08-06_11-32-01_850718_1/b01c3707fef5fbe9153a59f41d195c622230e9fece719d810b226f9d/logs/events/event_CORE_WORKER_683.log info ..."
time="2026-08-06T18:52:39Z" level=info msg="Prepare to get object log/cluster-history/raycluster/test-ns-25kkd/raycluster-historyserver/session_2026-08-06_11-32-01_850718_1/b01c3707fef5fbe9153a59f41d195c622230e9fece719d810b226f9d/logs/events/event_RAYLET.log info ..."
time="2026-08-06T18:52:39Z" level=info msg="[ListFiles]Returned objects in log/cluster-history/raycluster/test-ns-25kkd/raycluster-historyserver/session_2026-08-06_11-32-01_850718_1/fetched_endpoints/logs/events/. length of page.Contents: 0, length of page.CommonPrefixes: 0"
time="2026-08-06T18:52:39Z" level=info msg="[ListFiles]Returned objects in log/cluster-history/raycluster/test-ns-25kkd/raycluster-historyserver/session_2026-08-06_11-32-01_850718_1/. length of page.Contents: 0, length of page.CommonPrefixes: 3"
time="2026-08-06T18:52:39Z" level=info msg="[ListFiles]Returned objects in log/cluster-history/raycluster/test-ns-25kkd/raycluster-historyserver/session_2026-08-06_11-32-01_850718_1/a17d3cad2abef6d000063920c29c25b77905d5cb11d950fccbddc58c/job_events/. length of page.Contents: 0, length of page.CommonPrefixes: 4"
time="2026-08-06T18:52:39Z" level=info msg="[ListFiles]Returned objects in log/cluster-history/raycluster/test-ns-25kkd/raycluster-historyserver/session_2026-08-06_11-32-01_850718_1/a17d3cad2abef6d000063920c29c25b77905d5cb11d950fccbddc58c/job_events/01000000/. length of page.Contents: 2, length of page.CommonPrefixes: 0"
time="2026-08-06T18:52:39Z" level=info msg="[ListFiles]Returned objects in log/cluster-history/raycluster/test-ns-25kkd/raycluster-historyserver/session_2026-08-06_11-32-01_850718_1/a17d3cad2abef6d000063920c29c25b77905d5cb11d950fccbddc58c/job_events/02000000/. length of page.Contents: 2, length of page.CommonPrefixes: 0"
time="2026-08-06T18:52:39Z" level=info msg="[ListFiles]Returned objects in log/cluster-history/raycluster/test-ns-25kkd/raycluster-historyserver/session_2026-08-06_11-32-01_850718_1/a17d3cad2abef6d000063920c29c25b77905d5cb11d950fccbddc58c/job_events/03000000/. length of page.Contents: 3, length of page.CommonPrefixes: 0"
time="2026-08-06T18:52:39Z" level=info msg="[ListFiles]Returned objects in log/cluster-history/raycluster/test-ns-25kkd/raycluster-historyserver/session_2026-08-06_11-32-01_850718_1/a17d3cad2abef6d000063920c29c25b77905d5cb11d950fccbddc58c/job_events/04000000/. length of page.Contents: 2, length of page.CommonPrefixes: 0"
time="2026-08-06T18:52:39Z" level=info msg="[ListFiles]Returned objects in log/cluster-history/raycluster/test-ns-25kkd/raycluster-historyserver/session_2026-08-06_11-32-01_850718_1/b01c3707fef5fbe9153a59f41d195c622230e9fece719d810b226f9d/job_events/. length of page.Contents: 0, length of page.CommonPrefixes: 1"
time="2026-08-06T18:52:39Z" level=info msg="[ListFiles]Returned objects in log/cluster-history/raycluster/test-ns-25kkd/raycluster-historyserver/session_2026-08-06_11-32-01_850718_1/b01c3707fef5fbe9153a59f41d195c622230e9fece719d810b226f9d/job_events/03000000/. length of page.Contents: 3, length of page.CommonPrefixes: 0"
time="2026-08-06T18:52:39Z" level=info msg="[ListFiles]Returned objects in log/cluster-history/raycluster/test-ns-25kkd/raycluster-historyserver/session_2026-08-06_11-32-01_850718_1/fetched_endpoints/job_events/. length of page.Contents: 0, length of page.CommonPrefixes: 0"
time="2026-08-06T18:52:39Z" level=info msg="[ListFiles]Returned objects in log/cluster-history/raycluster/test-ns-25kkd/raycluster-historyserver/session_2026-08-06_11-32-01_850718_1/. length of page.Contents: 0, length of page.CommonPrefixes: 3"
time="2026-08-06T18:52:39Z" level=info msg="[ListFiles]Returned objects in log/cluster-history/raycluster/test-ns-25kkd/raycluster-historyserver/session_2026-08-06_11-32-01_850718_1/a17d3cad2abef6d000063920c29c25b77905d5cb11d950fccbddc58c/node_events/. length of page.Contents: 2, length of page.CommonPrefixes: 0"
time="2026-08-06T18:52:39Z" level=info msg="[ListFiles]Returned objects in log/cluster-history/raycluster/test-ns-25kkd/raycluster-historyserver/session_2026-08-06_11-32-01_850718_1/b01c3707fef5fbe9153a59f41d195c622230e9fece719d810b226f9d/node_events/. length of page.Contents: 0, length of page.CommonPrefixes: 0"
time="2026-08-06T18:52:39Z" level=info msg="[ListFiles]Returned objects in log/cluster-history/raycluster/test-ns-25kkd/raycluster-historyserver/session_2026-08-06_11-32-01_850718_1/fetched_endpoints/node_events/. length of page.Contents: 0, length of page.CommonPrefixes: 0"
time="2026-08-06T18:52:39Z" level=info msg="Prepare to get object log/cluster-history/raycluster/test-ns-25kkd/raycluster-historyserver/session_2026-08-06_11-32-01_850718_1/a17d3cad2abef6d000063920c29c25b77905d5cb11d950fccbddc58c/job_events/01000000/a17d3cad2abef6d000063920c29c25b77905d5cb11d950fccbddc58c-2026-08-06-18-1786041127443908751.jsonl info ..."
time="2026-08-06T18:52:39Z" level=info msg="Prepare to get object log/cluster-history/raycluster/test-ns-25kkd/raycluster-historyserver/session_2026-08-06_11-32-01_850718_1/a17d3cad2abef6d000063920c29c25b77905d5cb11d950fccbddc58c/job_events/02000000/a17d3cad2abef6d000063920c29c25b77905d5cb11d950fccbddc58c-2026-08-06-18-1786041145889122385.jsonl info ..."
time="2026-08-06T18:52:39Z" level=info msg="Prepare to get object log/cluster-history/raycluster/test-ns-25kkd/raycluster-historyserver/session_2026-08-06_11-32-01_850718_1/a17d3cad2abef6d000063920c29c25b77905d5cb11d950fccbddc58c/job_events/03000000/a17d3cad2abef6d000063920c29c25b77905d5cb11d950fccbddc58c-2026-08-06-18-1786041146890102219.jsonl info ..."
gc 101 @1127.491s 6%: 1.0+159+0.057 ms clock, 2.1+0/112/54+0.11 ms cpu, 1021->1021->100 MB, 1194 MB goal, 0 MB stacks, 0 MB globals, 2 P
gc 102 @1128.951s 6%: 0.22+338+0.033 ms clock, 0.44+5.7/304/30+0.066 ms cpu, 268->268->127 MB, 268 MB goal, 0 MB stacks, 0 MB globals, 2 P
gc 103 @1129.454s 6%: 0.21+92+0.042 ms clock, 0.42+2.2/52/38+0.085 ms cpu, 268->268->268 MB, 268 MB goal, 0 MB stacks, 0 MB globals, 2 P
gc 104 @1133.845s 6%: 0.17+841+0.10 ms clock, 0.35+0.14/427/493+0.20 ms cpu, 508->514->225 MB, 537 MB goal, 0 MB stacks, 0 MB globals, 2 P
gc 105 @1141.546s 6%: 0.16+2297+0.17 ms clock, 0.33+0.10/1134/1382+0.35 ms cpu, 425->443->394 MB, 450 MB goal, 0 MB stacks, 0 MB globals, 2 P
gc 106 @1155.394s 6%: 0.15+4096+0.10 ms clock, 0.31+0.11/2096/2749+0.21 ms cpu, 730->752->537 MB, 789 MB goal, 0 MB stacks, 0 MB globals, 2 P
gc 107 @1180.055s 6%: 0.22+5929+0.091 ms clock, 0.45+0.12/2991/3433+0.18 ms cpu, 996->1030->627 MB, 1076 MB goal, 0 MB stacks, 0 MB globals, 2 P
time="2026-08-06T18:53:40Z" level=error msg="Failed to load session test-ns-25kkd/raycluster-historyserver/session_2026-08-06_11-32-01_850718_1: context canceled"
time="2026-08-06T18:53:44Z" level=info msg="Prepare to get object log/cluster-history/raycluster/test-ns-25kkd/raycluster-historyserver/session_2026-08-06_11-32-01_850718_1/a17d3cad2abef6d000063920c29c25b77905d5cb11d950fccbddc58c/job_events/03000000/a17d3cad2abef6d000063920c29c25b77905d5cb11d950fccbddc58c-2026-08-06-18-1786041187322374126.jsonl info ..."
time="2026-08-06T18:53:49Z" level=info msg="Received request: GET /enter_cluster/test-ns-25kkd/raycluster/raycluster-historyserver/session_2026-08-06_11-32-01_850718_1"
time="2026-08-06T18:53:49Z" level=info msg="[List]Returned objects in log/cluster-metadata/. length of page.Contents: 2, length of page.CommonPrefixes: 0"
time="2026-08-06T18:53:49Z" level=error msg="Failed to parse meta file path: log/cluster-metadata/raycluster/test-ns-25kkd_raycluster-historyserver/, error: invalid path segment count for cluster metadata structure: log/cluster-metadata/raycluster/test-ns-25kkd_raycluster-historyserver/"
time="2026-08-06T18:53:49Z" level=info msg="Parsed cluster raycluster-historyserver for session session_2026-08-06_11-32-01_850718_1 to list"
gc 108 @1197.852s 6%: 0.20+3298+0.087 ms clock, 0.41+0.29/1683/1747+0.17 ms cpu, 1164->1193->323 MB, 1254 MB goal, 0 MB stacks, 0 MB globals, 2 P
gc 109 @1212.305s 6%: 0.17+4442+0.080 ms clock, 0.35+0.23/2293/2705+0.16 ms cpu, 588->612->389 MB, 648 MB goal, 0 MB stacks, 0 MB globals, 2 P
time="2026-08-06T18:54:13Z" level=info msg="Prepare to get object log/cluster-history/raycluster/test-ns-25kkd/raycluster-historyserver/session_2026-08-06_11-32-01_850718_1/a17d3cad2abef6d000063920c29c25b77905d5cb11d950fccbddc58c/job_events/04000000/a17d3cad2abef6d000063920c29c25b77905d5cb11d950fccbddc58c-2026-08-06-18-1786041162358624795.jsonl info ..."
time="2026-08-06T18:54:13Z" level=info msg="Prepare to get object log/cluster-history/raycluster/test-ns-25kkd/raycluster-historyserver/session_2026-08-06_11-32-01_850718_1/b01c3707fef5fbe9153a59f41d195c622230e9fece719d810b226f9d/job_events/03000000/b01c3707fef5fbe9153a59f41d195c622230e9fece719d810b226f9d-2026-08-06-18-1786041148426965386.jsonl info ..."
gc 110 @1221.806s 6%: 0.46+1746+0.059 ms clock, 0.92+1435/882/862+0.11 ms cpu, 739->781->307 MB, 780 MB goal, 0 MB stacks, 0 MB globals, 2 P
gc 111 @1224.570s 6%: 0.20+2874+0.090 ms clock, 0.40+0.10/1419/1666+0.18 ms cpu, 523->542->292 MB, 615 MB goal, 0 MB stacks, 0 MB globals, 2 P
gc 112 @1236.353s 6%: 0.17+4432+0.091 ms clock, 0.35+0.094/2244/2548+0.18 ms cpu, 498->528->468 MB, 585 MB goal, 0 MB stacks, 0 MB globals, 2 P
time="2026-08-06T18:54:45Z" level=error msg="Failed to store events for file session_2026-08-06_11-32-01_850718_1/b01c3707fef5fbe9153a59f41d195c622230e9fece719d810b226f9d/job_events/03000000/b01c3707fef5fbe9153a59f41d195c622230e9fece719d810b226f9d-2026-08-06-18-1786041148426965386.jsonl: TASK_LIFECYCLE_EVENT must have at least one state transition"
time="2026-08-06T18:54:45Z" level=error msg="Failed to store events for file session_2026-08-06_11-32-01_850718_1/b01c3707fef5fbe9153a59f41d195c622230e9fece719d810b226f9d/job_events/03000000/b01c3707fef5fbe9153a59f41d195c622230e9fece719d810b226f9d-2026-08-06-18-1786041148426965386.jsonl: TASK_LIFECYCLE_EVENT must have at least one state transition"
time="2026-08-06T18:54:46Z" level=error msg="Failed to store events for file session_2026-08-06_11-32-01_850718_1/b01c3707fef5fbe9153a59f41d195c622230e9fece719d810b226f9d/job_events/03000000/b01c3707fef5fbe9153a59f41d195c622230e9fece719d810b226f9d-2026-08-06-18-1786041148426965386.jsonl: TASK_LIFECYCLE_EVENT must have at least one state transition"
time="2026-08-06T18:54:46Z" level=error msg="Failed to store events for file session_2026-08-06_11-32-01_850718_1/b01c3707fef5fbe9153a59f41d195c622230e9fece719d810b226f9d/job_events/03000000/b01c3707fef5fbe9153a59f41d195c622230e9fece719d810b226f9d-2026-08-06-18-1786041148426965386.jsonl: TASK_LIFECYCLE_EVENT must have at least one state transition"
time="2026-08-06T18:54:47Z" level=error msg="Failed to store events for file session_2026-08-06_11-32-01_850718_1/b01c3707fef5fbe9153a59f41d195c622230e9fece719d810b226f9d/job_events/03000000/b01c3707fef5fbe9153a59f41d195c622230e9fece719d810b226f9d-2026-08-06-18-1786041148426965386.jsonl: TASK_LIFECYCLE_EVENT must have at least one state transition"
time="2026-08-06T18:54:47Z" level=error msg="Failed to store events for file session_2026-08-06_11-32-01_850718_1/b01c3707fef5fbe9153a59f41d195c622230e9fece719d810b226f9d/job_events/03000000/b01c3707fef5fbe9153a59f41d195c622230e9fece719d810b226f9d-2026-08-06-18-1786041148426965386.jsonl: TASK_LIFECYCLE_EVENT must have at least one state transition"
time="2026-08-06T18:54:47Z" level=error msg="Failed to store events for file session_2026-08-06_11-32-01_850718_1/b01c3707fef5fbe9153a59f41d195c622230e9fece719d810b226f9d/job_events/03000000/b01c3707fef5fbe9153a59f41d195c622230e9fece719d810b226f9d-2026-08-06-18-1786041148426965386.jsonl: TASK_LIFECYCLE_EVENT must have at least one state transition"
time="2026-08-06T18:54:48Z" level=error msg="Failed to store events for file session_2026-08-06_11-32-01_850718_1/b01c3707fef5fbe9153a59f41d195c622230e9fece719d810b226f9d/job_events/03000000/b01c3707fef5fbe9153a59f41d195c622230e9fece719d810b226f9d-2026-08-06-18-1786041148426965386.jsonl: TASK_LIFECYCLE_EVENT must have at least one state transition"
time="2026-08-06T18:54:50Z" level=error msg="Failed to store events for file session_2026-08-06_11-32-01_850718_1/b01c3707fef5fbe9153a59f41d195c622230e9fece719d810b226f9d/job_events/03000000/b01c3707fef5fbe9153a59f41d195c622230e9fece719d810b226f9d-2026-08-06-18-1786041148426965386.jsonl: TASK_LIFECYCLE_EVENT must have at least one state transition"
time="2026-08-06T18:54:50Z" level=error msg="Failed to load session test-ns-25kkd/raycluster-historyserver/session_2026-08-06_11-32-01_850718_1: context canceled"
time="2026-08-06T18:54:52Z" level=error msg="Failed to store events for file session_2026-08-06_11-32-01_850718_1/b01c3707fef5fbe9153a59f41d195c622230e9fece719d810b226f9d/job_events/03000000/b01c3707fef5fbe9153a59f41d195c622230e9fece719d810b226f9d-2026-08-06-18-1786041148426965386.jsonl: TASK_LIFECYCLE_EVENT must have at least one state transition"
gc 113 @1255.002s 6%: 0.15+6138+1.0 ms clock, 0.31+0.090/3046/3725+2.0 ms cpu, 799->834->589 MB, 938 MB goal, 0 MB stacks, 0 MB globals, 2 P
time="2026-08-06T18:54:53Z" level=error msg="Failed to store events for file session_2026-08-06_11-32-01_850718_1/b01c3707fef5fbe9153a59f41d195c622230e9fece719d810b226f9d/job_events/03000000/b01c3707fef5fbe9153a59f41d195c622230e9fece719d810b226f9d-2026-08-06-18-1786041148426965386.jsonl: TASK_LIFECYCLE_EVENT must have at least one state transition"
time="2026-08-06T18:54:54Z" level=error msg="Failed to store events for file session_2026-08-06_11-32-01_850718_1/b01c3707fef5fbe9153a59f41d195c622230e9fece719d810b226f9d/job_events/03000000/b01c3707fef5fbe9153a59f41d195c622230e9fece719d810b226f9d-2026-08-06-18-1786041148426965386.jsonl: TASK_LIFECYCLE_EVENT must have at least one state transition"
time="2026-08-06T18:54:55Z" level=error msg="Failed to store events for file session_2026-08-06_11-32-01_850718_1/b01c3707fef5fbe9153a59f41d195c622230e9fece719d810b226f9d/job_events/03000000/b01c3707fef5fbe9153a59f41d195c622230e9fece719d810b226f9d-2026-08-06-18-1786041148426965386.jsonl: TASK_LIFECYCLE_EVENT must have at least one state transition"
time="2026-08-06T18:54:55Z" level=error msg="Failed to store events for file session_2026-08-06_11-32-01_850718_1/b01c3707fef5fbe9153a59f41d195c622230e9fece719d810b226f9d/job_events/03000000/b01c3707fef5fbe9153a59f41d195c622230e9fece719d810b226f9d-2026-08-06-18-1786041148426965386.jsonl: TASK_LIFECYCLE_EVENT must have at least one state transition"
time="2026-08-06T18:54:56Z" level=error msg="Failed to store events for file session_2026-08-06_11-32-01_850718_1/b01c3707fef5fbe9153a59f41d195c622230e9fece719d810b226f9d/job_events/03000000/b01c3707fef5fbe9153a59f41d195c622230e9fece719d810b226f9d-2026-08-06-18-1786041148426965386.jsonl: TASK_LIFECYCLE_EVENT must have at least one state transition"
time="2026-08-06T18:54:56Z" level=error msg="Failed to store events for file session_2026-08-06_11-32-01_850718_1/b01c3707fef5fbe9153a59f41d195c622230e9fece719d810b226f9d/job_events/03000000/b01c3707fef5fbe9153a59f41d195c622230e9fece719d810b226f9d-2026-08-06-18-1786041148426965386.jsonl: TASK_LIFECYCLE_EVENT must have at least one state transition"
time="2026-08-06T18:54:56Z" level=error msg="Failed to store events for file session_2026-08-06_11-32-01_850718_1/b01c3707fef5fbe9153a59f41d195c622230e9fece719d810b226f9d/job_events/03000000/b01c3707fef5fbe9153a59f41d195c622230e9fece719d810b226f9d-2026-08-06-18-1786041148426965386.jsonl: TASK_LIFECYCLE_EVENT must have at least one state transition"
time="2026-08-06T18:54:57Z" level=error msg="Failed to store events for file session_2026-08-06_11-32-01_850718_1/b01c3707fef5fbe9153a59f41d195c622230e9fece719d810b226f9d/job_events/03000000/b01c3707fef5fbe9153a59f41d195c622230e9fece719d810b226f9d-2026-08-06-18-1786041148426965386.jsonl: TASK_LIFECYCLE_EVENT must have at least one state transition"
time="2026-08-06T18:54:57Z" level=error msg="Failed to store events for file session_2026-08-06_11-32-01_850718_1/b01c3707fef5fbe9153a59f41d195c622230e9fece719d810b226f9d/job_events/03000000/b01c3707fef5fbe9153a59f41d195c622230e9fece719d810b226f9d-2026-08-06-18-1786041148426965386.jsonl: TASK_LIFECYCLE_EVENT must have at least one state transition"
time="2026-08-06T18:54:57Z" level=error msg="Failed to store events for file session_2026-08-06_11-32-01_850718_1/b01c3707fef5fbe9153a59f41d195c622230e9fece719d810b226f9d/job_events/03000000/b01c3707fef5fbe9153a59f41d195c622230e9fece719d810b226f9d-2026-08-06-18-1786041148426965386.jsonl: TASK_LIFECYCLE_EVENT must have at least one state transition"
time="2026-08-06T18:54:57Z" level=error msg="Failed to store events for file session_2026-08-06_11-32-01_850718_1/b01c3707fef5fbe9153a59f41d195c622230e9fece719d810b226f9d/job_events/03000000/b01c3707fef5fbe9153a59f41d195c622230e9fece719d810b226f9d-2026-08-06-18-1786041148426965386.jsonl: TASK_LIFECYCLE_EVENT must have at least one state transition"
time="2026-08-06T18:54:58Z" level=error msg="Failed to store events for file session_2026-08-06_11-32-01_850718_1/b01c3707fef5fbe9153a59f41d195c622230e9fece719d810b226f9d/job_events/03000000/b01c3707fef5fbe9153a59f41d195c622230e9fece719d810b226f9d-2026-08-06-18-1786041148426965386.jsonl: TASK_LIFECYCLE_EVENT must have at least one state transition"
time="2026-08-06T18:54:58Z" level=error msg="Failed to store events for file session_2026-08-06_11-32-01_850718_1/b01c3707fef5fbe9153a59f41d195c622230e9fece719d810b226f9d/job_events/03000000/b01c3707fef5fbe9153a59f41d195c622230e9fece719d810b226f9d-2026-08-06-18-1786041148426965386.jsonl: TASK_LIFECYCLE_EVENT must have at least one state transition"
time="2026-08-06T18:54:59Z" level=error msg="Failed to store events for file session_2026-08-06_11-32-01_850718_1/b01c3707fef5fbe9153a59f41d195c622230e9fece719d810b226f9d/job_events/03000000/b01c3707fef5fbe9153a59f41d195c622230e9fece719d810b226f9d-2026-08-06-18-1786041148426965386.jsonl: TASK_LIFECYCLE_EVENT must have at least one state transition"
time="2026-08-06T18:54:59Z" level=error msg="Failed to store events for file session_2026-08-06_11-32-01_850718_1/b01c3707fef5fbe9153a59f41d195c622230e9fece719d810b226f9d/job_events/03000000/b01c3707fef5fbe9153a59f41d195c622230e9fece719d810b226f9d-2026-08-06-18-1786041148426965386.jsonl: TASK_LIFECYCLE_EVENT must have at least one state transition"
time="2026-08-06T18:54:59Z" level=info msg="Received request: GET /enter_cluster/test-ns-25kkd/raycluster/raycluster-historyserver/session_2026-08-06_11-32-01_850718_1"
time="2026-08-06T18:54:59Z" level=info msg="[List]Returned objects in log/cluster-metadata/. length of page.Contents: 2, length of page.CommonPrefixes: 0"
time="2026-08-06T18:54:59Z" level=error msg="Failed to parse meta file path: log/cluster-metadata/raycluster/test-ns-25kkd_raycluster-historyserver/, error: invalid path segment count for cluster metadata structure: log/cluster-metadata/raycluster/test-ns-25kkd_raycluster-historyserver/"
time="2026-08-06T18:54:59Z" level=info msg="Parsed cluster raycluster-historyserver for session session_2026-08-06_11-32-01_850718_1 to list"
time="2026-08-06T18:54:59Z" level=error msg="Failed to store events for file session_2026-08-06_11-32-01_850718_1/b01c3707fef5fbe9153a59f41d195c622230e9fece719d810b226f9d/job_events/03000000/b01c3707fef5fbe9153a59f41d195c622230e9fece719d810b226f9d-2026-08-06-18-1786041148426965386.jsonl: TASK_LIFECYCLE_EVENT must have at least one state transition"
time="2026-08-06T18:55:00Z" level=error msg="Failed to store events for file session_2026-08-06_11-32-01_850718_1/b01c3707fef5fbe9153a59f41d195c622230e9fece719d810b226f9d/job_events/03000000/b01c3707fef5fbe9153a59f41d195c622230e9fece719d810b226f9d-2026-08-06-18-1786041148426965386.jsonl: TASK_LIFECYCLE_EVENT must have at least one state transition"
time="2026-08-06T18:55:00Z" level=error msg="Failed to store events for file session_2026-08-06_11-32-01_850718_1/b01c3707fef5fbe9153a59f41d195c622230e9fece719d810b226f9d/job_events/03000000/b01c3707fef5fbe9153a59f41d195c622230e9fece719d810b226f9d-2026-08-06-18-1786041148426965386.jsonl: TASK_LIFECYCLE_EVENT must have at least one state transition"
time="2026-08-06T18:55:00Z" level=error msg="Failed to store events for file session_2026-08-06_11-32-01_850718_1/b01c3707fef5fbe9153a59f41d195c622230e9fece719d810b226f9d/job_events/03000000/b01c3707fef5fbe9153a59f41d195c622230e9fece719d810b226f9d-2026-08-06-18-1786041148426965386.jsonl: TASK_LIFECYCLE_EVENT must have at least one state transition"
time="2026-08-06T18:55:01Z" level=error msg="Failed to store events for file session_2026-08-06_11-32-01_850718_1/b01c3707fef5fbe9153a59f41d195c622230e9fece719d810b226f9d/job_events/03000000/b01c3707fef5fbe9153a59f41d195c622230e9fece719d810b226f9d-2026-08-06-18-1786041148426965386.jsonl: TASK_LIFECYCLE_EVENT must have at least one state transition"
time="2026-08-06T18:55:01Z" level=error msg="Failed to store events for file session_2026-08-06_11-32-01_850718_1/b01c3707fef5fbe9153a59f41d195c622230e9fece719d810b226f9d/job_events/03000000/b01c3707fef5fbe9153a59f41d195c622230e9fece719d810b226f9d-2026-08-06-18-1786041148426965386.jsonl: TASK_LIFECYCLE_EVENT must have at least one state transition"
time="2026-08-06T18:55:01Z" level=error msg="Failed to store events for file session_2026-08-06_11-32-01_850718_1/b01c3707fef5fbe9153a59f41d195c622230e9fece719d810b226f9d/job_events/03000000/b01c3707fef5fbe9153a59f41d195c622230e9fece719d810b226f9d-2026-08-06-18-1786041148426965386.jsonl: TASK_LIFECYCLE_EVENT must have at least one state transition"
time="2026-08-06T18:55:01Z" level=error msg="Failed to store events for file session_2026-08-06_11-32-01_850718_1/b01c3707fef5fbe9153a59f41d195c622230e9fece719d810b226f9d/job_events/03000000/b01c3707fef5fbe9153a59f41d195c622230e9fece719d810b226f9d-2026-08-06-18-1786041148426965386.jsonl: TASK_LIFECYCLE_EVENT must have at least one state transition"
time="2026-08-06T18:55:02Z" level=error msg="Failed to store events for file session_2026-08-06_11-32-01_850718_1/b01c3707fef5fbe9153a59f41d195c622230e9fece719d810b226f9d/job_events/03000000/b01c3707fef5fbe9153a59f41d195c622230e9fece719d810b226f9d-2026-08-06-18-1786041148426965386.jsonl: TASK_LIFECYCLE_EVENT must have at least one state transition"
time="2026-08-06T18:55:03Z" level=error msg="Failed to store events for file session_2026-08-06_11-32-01_850718_1/b01c3707fef5fbe9153a59f41d195c622230e9fece719d810b226f9d/job_events/03000000/b01c3707fef5fbe9153a59f41d195c622230e9fece719d810b226f9d-2026-08-06-18-1786041148426965386.jsonl: TASK_LIFECYCLE_EVENT must have at least one state transition"
time="2026-08-06T18:55:03Z" level=error msg="Failed to store events for file session_2026-08-06_11-32-01_850718_1/b01c3707fef5fbe9153a59f41d195c622230e9fece719d810b226f9d/job_events/03000000/b01c3707fef5fbe9153a59f41d195c622230e9fece719d810b226f9d-2026-08-06-18-1786041148426965386.jsonl: TASK_LIFECYCLE_EVENT must have at least one state transition"
time="2026-08-06T18:55:03Z" level=error msg="Failed to store events for file session_2026-08-06_11-32-01_850718_1/b01c3707fef5fbe9153a59f41d195c622230e9fece719d810b226f9d/job_events/03000000/b01c3707fef5fbe9153a59f41d195c622230e9fece719d810b226f9d-2026-08-06-18-1786041148426965386.jsonl: TASK_LIFECYCLE_EVENT must have at least one state transition"
time="2026-08-06T18:55:04Z" level=error msg="Failed to store events for file session_2026-08-06_11-32-01_850718_1/b01c3707fef5fbe9153a59f41d195c622230e9fece719d810b226f9d/job_events/03000000/b01c3707fef5fbe9153a59f41d195c622230e9fece719d810b226f9d-2026-08-06-18-1786041148426965386.jsonl: TASK_LIFECYCLE_EVENT must have at least one state transition"
time="2026-08-06T18:55:04Z" level=error msg="Failed to store events for file session_2026-08-06_11-32-01_850718_1/b01c3707fef5fbe9153a59f41d195c622230e9fece719d810b226f9d/job_events/03000000/b01c3707fef5fbe9153a59f41d195c622230e9fece719d810b226f9d-2026-08-06-18-1786041148426965386.jsonl: TASK_LIFECYCLE_EVENT must have at least one state transition"
time="2026-08-06T18:55:05Z" level=error msg="Failed to store events for file session_2026-08-06_11-32-01_850718_1/b01c3707fef5fbe9153a59f41d195c622230e9fece719d810b226f9d/job_events/03000000/b01c3707fef5fbe9153a59f41d195c622230e9fece719d810b226f9d-2026-08-06-18-1786041148426965386.jsonl: TASK_LIFECYCLE_EVENT must have at least one state transition"
time="2026-08-06T18:55:05Z" level=error msg="Failed to store events for file session_2026-08-06_11-32-01_850718_1/b01c3707fef5fbe9153a59f41d195c622230e9fece719d810b226f9d/job_events/03000000/b01c3707fef5fbe9153a59f41d195c622230e9fece719d810b226f9d-2026-08-06-18-1786041148426965386.jsonl: TASK_LIFECYCLE_EVENT must have at least one state transition"
time="2026-08-06T18:55:05Z" level=error msg="Failed to store events for file session_2026-08-06_11-32-01_850718_1/b01c3707fef5fbe9153a59f41d195c622230e9fece719d810b226f9d/job_events/03000000/b01c3707fef5fbe9153a59f41d195c622230e9fece719d810b226f9d-2026-08-06-18-1786041148426965386.jsonl: TASK_LIFECYCLE_EVENT must have at least one state transition"
time="2026-08-06T18:55:06Z" level=error msg="Failed to store events for file session_2026-08-06_11-32-01_850718_1/b01c3707fef5fbe9153a59f41d195c622230e9fece719d810b226f9d/job_events/03000000/b01c3707fef5fbe9153a59f41d195c622230e9fece719d810b226f9d-2026-08-06-18-1786041148426965386.jsonl: TASK_LIFECYCLE_EVENT must have at least one state transition"
time="2026-08-06T18:55:06Z" level=error msg="Failed to store events for file session_2026-08-06_11-32-01_850718_1/b01c3707fef5fbe9153a59f41d195c622230e9fece719d810b226f9d/job_events/03000000/b01c3707fef5fbe9153a59f41d195c622230e9fece719d810b226f9d-2026-08-06-18-1786041148426965386.jsonl: TASK_LIFECYCLE_EVENT must have at least one state transition"
time="2026-08-06T18:55:06Z" level=error msg="Failed to store events for file session_2026-08-06_11-32-01_850718_1/b01c3707fef5fbe9153a59f41d195c622230e9fece719d810b226f9d/job_events/03000000/b01c3707fef5fbe9153a59f41d195c622230e9fece719d810b226f9d-2026-08-06-18-1786041148426965386.jsonl: TASK_LIFECYCLE_EVENT must have at least one state transition"
time="2026-08-06T18:55:07Z" level=error msg="Failed to store events for file session_2026-08-06_11-32-01_850718_1/b01c3707fef5fbe9153a59f41d195c622230e9fece719d810b226f9d/job_events/03000000/b01c3707fef5fbe9153a59f41d195c622230e9fece719d810b226f9d-2026-08-06-18-1786041148426965386.jsonl: TASK_LIFECYCLE_EVENT must have at least one state transition"
time="2026-08-06T18:55:08Z" level=error msg="Failed to store events for file session_2026-08-06_11-32-01_850718_1/b01c3707fef5fbe9153a59f41d195c622230e9fece719d810b226f9d/job_events/03000000/b01c3707fef5fbe9153a59f41d195c622230e9fece719d810b226f9d-2026-08-06-18-1786041148426965386.jsonl: TASK_LIFECYCLE_EVENT must have at least one state transition"
time="2026-08-06T18:55:08Z" level=error msg="Failed to store events for file session_2026-08-06_11-32-01_850718_1/b01c3707fef5fbe9153a59f41d195c622230e9fece719d810b226f9d/job_events/03000000/b01c3707fef5fbe9153a59f41d195c622230e9fece719d810b226f9d-2026-08-06-18-1786041148426965386.jsonl: TASK_LIFECYCLE_EVENT must have at least one state transition"
time="2026-08-06T18:55:08Z" level=error msg="Failed to store events for file session_2026-08-06_11-32-01_850718_1/b01c3707fef5fbe9153a59f41d195c622230e9fece719d810b226f9d/job_events/03000000/b01c3707fef5fbe9153a59f41d195c622230e9fece719d810b226f9d-2026-08-06-18-1786041148426965386.jsonl: TASK_LIFECYCLE_EVENT must have at least one state transition"
time="2026-08-06T18:55:08Z" level=error msg="Failed to store events for file session_2026-08-06_11-32-01_850718_1/b01c3707fef5fbe9153a59f41d195c622230e9fece719d810b226f9d/job_events/03000000/b01c3707fef5fbe9153a59f41d195c622230e9fece719d810b226f9d-2026-08-06-18-1786041148426965386.jsonl: TASK_LIFECYCLE_EVENT must have at least one state transition"
time="2026-08-06T18:55:09Z" level=error msg="Failed to store events for file session_2026-08-06_11-32-01_850718_1/b01c3707fef5fbe9153a59f41d195c622230e9fece719d810b226f9d/job_events/03000000/b01c3707fef5fbe9153a59f41d195c622230e9fece719d810b226f9d-2026-08-06-18-1786041148426965386.jsonl: TASK_LIFECYCLE_EVENT must have at least one state transition"
time="2026-08-06T18:55:09Z" level=error msg="Failed to store events for file session_2026-08-06_11-32-01_850718_1/b01c3707fef5fbe9153a59f41d195c622230e9fece719d810b226f9d/job_events/03000000/b01c3707fef5fbe9153a59f41d195c622230e9fece719d810b226f9d-2026-08-06-18-1786041148426965386.jsonl: TASK_LIFECYCLE_EVENT must have at least one state transition"
time="2026-08-06T18:55:10Z" level=error msg="Failed to store events for file session_2026-08-06_11-32-01_850718_1/b01c3707fef5fbe9153a59f41d195c622230e9fece719d810b226f9d/job_events/03000000/b01c3707fef5fbe9153a59f41d195c622230e9fece719d810b226f9d-2026-08-06-18-1786041148426965386.jsonl: TASK_LIFECYCLE_EVENT must have at least one state transition"
time="2026-08-06T18:55:10Z" level=error msg="Failed to store events for file session_2026-08-06_11-32-01_850718_1/b01c3707fef5fbe9153a59f41d195c622230e9fece719d810b226f9d/job_events/03000000/b01c3707fef5fbe9153a59f41d195c622230e9fece719d810b226f9d-2026-08-06-18-1786041148426965386.jsonl: TASK_LIFECYCLE_EVENT must have at least one state transition"
time="2026-08-06T18:55:10Z" level=error msg="Failed to store events for file session_2026-08-06_11-32-01_850718_1/b01c3707fef5fbe9153a59f41d195c622230e9fece719d810b226f9d/job_events/03000000/b01c3707fef5fbe9153a59f41d195c622230e9fece719d810b226f9d-2026-08-06-18-1786041148426965386.jsonl: TASK_LIFECYCLE_EVENT must have at least one state transition"
time="2026-08-06T18:55:10Z" level=error msg="Failed to store events for file session_2026-08-06_11-32-01_850718_1/b01c3707fef5fbe9153a59f41d195c622230e9fece719d810b226f9d/job_events/03000000/b01c3707fef5fbe9153a59f41d195c622230e9fece719d810b226f9d-2026-08-06-18-1786041148426965386.jsonl: TASK_LIFECYCLE_EVENT must have at least one state transition"
time="2026-08-06T18:55:11Z" level=error msg="Failed to store events for file session_2026-08-06_11-32-01_850718_1/b01c3707fef5fbe9153a59f41d195c622230e9fece719d810b226f9d/job_events/03000000/b01c3707fef5fbe9153a59f41d195c622230e9fece719d810b226f9d-2026-08-06-18-1786041148426965386.jsonl: TASK_LIFECYCLE_EVENT must have at least one state transition"
time="2026-08-06T18:55:12Z" level=error msg="Failed to store events for file session_2026-08-06_11-32-01_850718_1/b01c3707fef5fbe9153a59f41d195c622230e9fece719d810b226f9d/job_events/03000000/b01c3707fef5fbe9153a59f41d195c622230e9fece719d810b226f9d-2026-08-06-18-1786041148426965386.jsonl: TASK_LIFECYCLE_EVENT must have at least one state transition"
time="2026-08-06T18:55:12Z" level=error msg="Failed to store events for file session_2026-08-06_11-32-01_850718_1/b01c3707fef5fbe9153a59f41d195c622230e9fece719d810b226f9d/job_events/03000000/b01c3707fef5fbe9153a59f41d195c622230e9fece719d810b226f9d-2026-08-06-18-1786041148426965386.jsonl: TASK_LIFECYCLE_EVENT must have at least one state transition"
time="2026-08-06T18:55:12Z" level=error msg="Failed to store events for file session_2026-08-06_11-32-01_850718_1/b01c3707fef5fbe9153a59f41d195c622230e9fece719d810b226f9d/job_events/03000000/b01c3707fef5fbe9153a59f41d195c622230e9fece719d810b226f9d-2026-08-06-18-1786041148426965386.jsonl: TASK_LIFECYCLE_EVENT must have at least one state transition"
time="2026-08-06T18:55:13Z" level=error msg="Failed to load session test-ns-25kkd/raycluster-historyserver/session_2026-08-06_11-32-01_850718_1: context deadline exceeded"
gc 114 @1280.399s 6%: 0.20+4447+0.053 ms clock, 0.41+0.11/2245/5524+0.10 ms cpu, 1004->1010->597 MB, 1179 MB goal, 0 MB stacks, 0 MB globals, 2 P
time="2026-08-06T18:55:23Z" level=info msg="Received request: GET /enter_cluster/test-ns-25kkd/raycluster/raycluster-historyserver/session_2026-08-06_11-32-01_850718_1"
time="2026-08-06T18:55:23Z" level=info msg="[List]Returned objects in log/cluster-metadata/. length of page.Contents: 2, length of page.CommonPrefixes: 0"
time="2026-08-06T18:55:23Z" level=error msg="Failed to parse meta file path: log/cluster-metadata/raycluster/test-ns-25kkd_raycluster-historyserver/, error: invalid path segment count for cluster metadata structure: log/cluster-metadata/raycluster/test-ns-25kkd_raycluster-historyserver/"
time="2026-08-06T18:55:23Z" level=info msg="Parsed cluster raycluster-historyserver for session session_2026-08-06_11-32-01_850718_1 to list"
time="2026-08-06T18:55:23Z" level=info msg="[ListFiles]Returned objects in log/cluster-history/raycluster/test-ns-25kkd/raycluster-historyserver/session_2026-08-06_11-32-01_850718_1/. length of page.Contents: 0, length of page.CommonPrefixes: 3"
time="2026-08-06T18:55:23Z" level=info msg="[ListFiles]Returned objects in log/cluster-history/raycluster/test-ns-25kkd/raycluster-historyserver/session_2026-08-06_11-32-01_850718_1/a17d3cad2abef6d000063920c29c25b77905d5cb11d950fccbddc58c/logs/events/. length of page.Contents: 11, length of page.CommonPrefixes: 0"
time="2026-08-06T18:55:23Z" level=info msg="Prepare to get object log/cluster-history/raycluster/test-ns-25kkd/raycluster-historyserver/session_2026-08-06_11-32-01_850718_1/a17d3cad2abef6d000063920c29c25b77905d5cb11d950fccbddc58c/logs/events/event_AUTOSCALER.log info ..."
time="2026-08-06T18:55:23Z" level=info msg="Prepare to get object log/cluster-history/raycluster/test-ns-25kkd/raycluster-historyserver/session_2026-08-06_11-32-01_850718_1/a17d3cad2abef6d000063920c29c25b77905d5cb11d950fccbddc58c/logs/events/event_CORE_WORKER_1018.log info ..."
time="2026-08-06T18:55:23Z" level=info msg="Prepare to get object log/cluster-history/raycluster/test-ns-25kkd/raycluster-historyserver/session_2026-08-06_11-32-01_850718_1/a17d3cad2abef6d000063920c29c25b77905d5cb11d950fccbddc58c/logs/events/event_CORE_WORKER_1182.log info ..."
time="2026-08-06T18:55:23Z" level=info msg="Prepare to get object log/cluster-history/raycluster/test-ns-25kkd/raycluster-historyserver/session_2026-08-06_11-32-01_850718_1/a17d3cad2abef6d000063920c29c25b77905d5cb11d950fccbddc58c/logs/events/event_CORE_WORKER_199.log info ..."
time="2026-08-06T18:55:23Z" level=info msg="Prepare to get object log/cluster-history/raycluster/test-ns-25kkd/raycluster-historyserver/session_2026-08-06_11-32-01_850718_1/a17d3cad2abef6d000063920c29c25b77905d5cb11d950fccbddc58c/logs/events/event_CORE_WORKER_204.log info ..."
time="2026-08-06T18:55:23Z" level=info msg="Prepare to get object log/cluster-history/raycluster/test-ns-25kkd/raycluster-historyserver/session_2026-08-06_11-32-01_850718_1/a17d3cad2abef6d000063920c29c25b77905d5cb11d950fccbddc58c/logs/events/event_CORE_WORKER_677.log info ..."
time="2026-08-06T18:55:23Z" level=info msg="Prepare to get object log/cluster-history/raycluster/test-ns-25kkd/raycluster-historyserver/session_2026-08-06_11-32-01_850718_1/a17d3cad2abef6d000063920c29c25b77905d5cb11d950fccbddc58c/logs/events/event_CORE_WORKER_962.log info ..."
time="2026-08-06T18:55:23Z" level=info msg="Prepare to get object log/cluster-history/raycluster/test-ns-25kkd/raycluster-historyserver/session_2026-08-06_11-32-01_850718_1/a17d3cad2abef6d000063920c29c25b77905d5cb11d950fccbddc58c/logs/events/event_GCS.log info ..."
time="2026-08-06T18:55:23Z" level=info msg="Prepare to get object log/cluster-history/raycluster/test-ns-25kkd/raycluster-historyserver/session_2026-08-06_11-32-01_850718_1/a17d3cad2abef6d000063920c29c25b77905d5cb11d950fccbddc58c/logs/events/event_JOBS.log info ..."
time="2026-08-06T18:55:23Z" level=info msg="Prepare to get object log/cluster-history/raycluster/test-ns-25kkd/raycluster-historyserver/session_2026-08-06_11-32-01_850718_1/a17d3cad2abef6d000063920c29c25b77905d5cb11d950fccbddc58c/logs/events/event_RAYLET.log info ..."
time="2026-08-06T18:55:23Z" level=info msg="[ListFiles]Returned objects in log/cluster-history/raycluster/test-ns-25kkd/raycluster-historyserver/session_2026-08-06_11-32-01_850718_1/b01c3707fef5fbe9153a59f41d195c622230e9fece719d810b226f9d/logs/events/. length of page.Contents: 13, length of page.CommonPrefixes: 0"
time="2026-08-06T18:55:23Z" level=info msg="Prepare to get object log/cluster-history/raycluster/test-ns-25kkd/raycluster-historyserver/session_2026-08-06_11-32-01_850718_1/b01c3707fef5fbe9153a59f41d195c622230e9fece719d810b226f9d/logs/events/event_CORE_WORKER_228.log info ..."
time="2026-08-06T18:55:23Z" level=info msg="Prepare to get object log/cluster-history/raycluster/test-ns-25kkd/raycluster-historyserver/session_2026-08-06_11-32-01_850718_1/b01c3707fef5fbe9153a59f41d195c622230e9fece719d810b226f9d/logs/events/event_CORE_WORKER_229.log info ..."
time="2026-08-06T18:55:23Z" level=info msg="Prepare to get object log/cluster-history/raycluster/test-ns-25kkd/raycluster-historyserver/session_2026-08-06_11-32-01_850718_1/b01c3707fef5fbe9153a59f41d195c622230e9fece719d810b226f9d/logs/events/event_CORE_WORKER_313.log info ..."
time="2026-08-06T18:55:23Z" level=info msg="Prepare to get object log/cluster-history/raycluster/test-ns-25kkd/raycluster-historyserver/session_2026-08-06_11-32-01_850718_1/b01c3707fef5fbe9153a59f41d195c622230e9fece719d810b226f9d/logs/events/event_CORE_WORKER_319.log info ..."
time="2026-08-06T18:55:23Z" level=info msg="Prepare to get object log/cluster-history/raycluster/test-ns-25kkd/raycluster-historyserver/session_2026-08-06_11-32-01_850718_1/b01c3707fef5fbe9153a59f41d195c622230e9fece719d810b226f9d/logs/events/event_CORE_WORKER_410.log info ..."
time="2026-08-06T18:55:23Z" level=info msg="Prepare to get object log/cluster-history/raycluster/test-ns-25kkd/raycluster-historyserver/session_2026-08-06_11-32-01_850718_1/b01c3707fef5fbe9153a59f41d195c622230e9fece719d810b226f9d/logs/events/event_CORE_WORKER_419.log info ..."
time="2026-08-06T18:55:23Z" level=info msg="Prepare to get object log/cluster-history/raycluster/test-ns-25kkd/raycluster-historyserver/session_2026-08-06_11-32-01_850718_1/b01c3707fef5fbe9153a59f41d195c622230e9fece719d810b226f9d/logs/events/event_CORE_WORKER_509.log info ..."
time="2026-08-06T18:55:23Z" level=info msg="Prepare to get object log/cluster-history/raycluster/test-ns-25kkd/raycluster-historyserver/session_2026-08-06_11-32-01_850718_1/b01c3707fef5fbe9153a59f41d195c622230e9fece719d810b226f9d/logs/events/event_CORE_WORKER_513.log info ..."
time="2026-08-06T18:55:23Z" level=info msg="Prepare to get object log/cluster-history/raycluster/test-ns-25kkd/raycluster-historyserver/session_2026-08-06_11-32-01_850718_1/b01c3707fef5fbe9153a59f41d195c622230e9fece719d810b226f9d/logs/events/event_CORE_WORKER_605.log info ..."
time="2026-08-06T18:55:23Z" level=info msg="Prepare to get object log/cluster-history/raycluster/test-ns-25kkd/raycluster-historyserver/session_2026-08-06_11-32-01_850718_1/b01c3707fef5fbe9153a59f41d195c622230e9fece719d810b226f9d/logs/events/event_CORE_WORKER_608.log info ..."
time="2026-08-06T18:55:23Z" level=info msg="Prepare to get object log/cluster-history/raycluster/test-ns-25kkd/raycluster-historyserver/session_2026-08-06_11-32-01_850718_1/b01c3707fef5fbe9153a59f41d195c622230e9fece719d810b226f9d/logs/events/event_CORE_WORKER_683.log info ..."
time="2026-08-06T18:55:23Z" level=info msg="Prepare to get object log/cluster-history/raycluster/test-ns-25kkd/raycluster-historyserver/session_2026-08-06_11-32-01_850718_1/b01c3707fef5fbe9153a59f41d195c622230e9fece719d810b226f9d/logs/events/event_RAYLET.log info ..."
time="2026-08-06T18:55:23Z" level=info msg="[ListFiles]Returned objects in log/cluster-history/raycluster/test-ns-25kkd/raycluster-historyserver/session_2026-08-06_11-32-01_850718_1/fetched_endpoints/logs/events/. length of page.Contents: 0, length of page.CommonPrefixes: 0"
time="2026-08-06T18:55:23Z" level=info msg="[ListFiles]Returned objects in log/cluster-history/raycluster/test-ns-25kkd/raycluster-historyserver/session_2026-08-06_11-32-01_850718_1/. length of page.Contents: 0, length of page.CommonPrefixes: 3"
time="2026-08-06T18:55:23Z" level=info msg="[ListFiles]Returned objects in log/cluster-history/raycluster/test-ns-25kkd/raycluster-historyserver/session_2026-08-06_11-32-01_850718_1/a17d3cad2abef6d000063920c29c25b77905d5cb11d950fccbddc58c/job_events/. length of page.Contents: 0, length of page.CommonPrefixes: 4"
time="2026-08-06T18:55:23Z" level=info msg="[ListFiles]Returned objects in log/cluster-history/raycluster/test-ns-25kkd/raycluster-historyserver/session_2026-08-06_11-32-01_850718_1/a17d3cad2abef6d000063920c29c25b77905d5cb11d950fccbddc58c/job_events/01000000/. length of page.Contents: 2, length of page.CommonPrefixes: 0"
time="2026-08-06T18:55:23Z" level=info msg="[ListFiles]Returned objects in log/cluster-history/raycluster/test-ns-25kkd/raycluster-historyserver/session_2026-08-06_11-32-01_850718_1/a17d3cad2abef6d000063920c29c25b77905d5cb11d950fccbddc58c/job_events/02000000/. length of page.Contents: 2, length of page.CommonPrefixes: 0"
time="2026-08-06T18:55:23Z" level=info msg="[ListFiles]Returned objects in log/cluster-history/raycluster/test-ns-25kkd/raycluster-historyserver/session_2026-08-06_11-32-01_850718_1/a17d3cad2abef6d000063920c29c25b77905d5cb11d950fccbddc58c/job_events/03000000/. length of page.Contents: 3, length of page.CommonPrefixes: 0"
time="2026-08-06T18:55:23Z" level=info msg="[ListFiles]Returned objects in log/cluster-history/raycluster/test-ns-25kkd/raycluster-historyserver/session_2026-08-06_11-32-01_850718_1/a17d3cad2abef6d000063920c29c25b77905d5cb11d950fccbddc58c/job_events/04000000/. length of page.Contents: 2, length of page.CommonPrefixes: 0"
time="2026-08-06T18:55:23Z" level=info msg="[ListFiles]Returned objects in log/cluster-history/raycluster/test-ns-25kkd/raycluster-historyserver/session_2026-08-06_11-32-01_850718_1/b01c3707fef5fbe9153a59f41d195c622230e9fece719d810b226f9d/job_events/. length of page.Contents: 0, length of page.CommonPrefixes: 1"
time="2026-08-06T18:55:23Z" level=info msg="[ListFiles]Returned objects in log/cluster-history/raycluster/test-ns-25kkd/raycluster-historyserver/session_2026-08-06_11-32-01_850718_1/b01c3707fef5fbe9153a59f41d195c622230e9fece719d810b226f9d/job_events/03000000/. length of page.Contents: 3, length of page.CommonPrefixes: 0"
time="2026-08-06T18:55:23Z" level=info msg="[ListFiles]Returned objects in log/cluster-history/raycluster/test-ns-25kkd/raycluster-historyserver/session_2026-08-06_11-32-01_850718_1/fetched_endpoints/job_events/. length of page.Contents: 0, length of page.CommonPrefixes: 0"
time="2026-08-06T18:55:23Z" level=info msg="[ListFiles]Returned objects in log/cluster-history/raycluster/test-ns-25kkd/raycluster-historyserver/session_2026-08-06_11-32-01_850718_1/. length of page.Contents: 0, length of page.CommonPrefixes: 3"
time="2026-08-06T18:55:23Z" level=info msg="[ListFiles]Returned objects in log/cluster-history/raycluster/test-ns-25kkd/raycluster-historyserver/session_2026-08-06_11-32-01_850718_1/a17d3cad2abef6d000063920c29c25b77905d5cb11d950fccbddc58c/node_events/. length of page.Contents: 2, length of page.CommonPrefixes: 0"
time="2026-08-06T18:55:23Z" level=info msg="[ListFiles]Returned objects in log/cluster-history/raycluster/test-ns-25kkd/raycluster-historyserver/session_2026-08-06_11-32-01_850718_1/b01c3707fef5fbe9153a59f41d195c622230e9fece719d810b226f9d/node_events/. length of page.Contents: 0, length of page.CommonPrefixes: 0"
time="2026-08-06T18:55:23Z" level=info msg="[ListFiles]Returned objects in log/cluster-history/raycluster/test-ns-25kkd/raycluster-historyserver/session_2026-08-06_11-32-01_850718_1/fetched_endpoints/node_events/. length of page.Contents: 0, length of page.CommonPrefixes: 0"
time="2026-08-06T18:55:23Z" level=info msg="Prepare to get object log/cluster-history/raycluster/test-ns-25kkd/raycluster-historyserver/session_2026-08-06_11-32-01_850718_1/a17d3cad2abef6d000063920c29c25b77905d5cb11d950fccbddc58c/job_events/01000000/a17d3cad2abef6d000063920c29c25b77905d5cb11d950fccbddc58c-2026-08-06-18-1786041127443908751.jsonl info ..."
time="2026-08-06T18:55:23Z" level=info msg="Prepare to get object log/cluster-history/raycluster/test-ns-25kkd/raycluster-historyserver/session_2026-08-06_11-32-01_850718_1/a17d3cad2abef6d000063920c29c25b77905d5cb11d950fccbddc58c/job_events/02000000/a17d3cad2abef6d000063920c29c25b77905d5cb11d950fccbddc58c-2026-08-06-18-1786041145889122385.jsonl info ..."
time="2026-08-06T18:55:23Z" level=info msg="Prepare to get object log/cluster-history/raycluster/test-ns-25kkd/raycluster-historyserver/session_2026-08-06_11-32-01_850718_1/a17d3cad2abef6d000063920c29c25b77905d5cb11d950fccbddc58c/job_events/03000000/a17d3cad2abef6d000063920c29c25b77905d5cb11d950fccbddc58c-2026-08-06-18-1786041146890102219.jsonl info ..."
gc 115 @1292.191s 6%: 0.20+416+0.087 ms clock, 0.41+0/10/407+0.17 ms cpu, 1126->1126->249 MB, 1196 MB goal, 0 MB stacks, 0 MB globals, 2 P
gc 116 @1301.487s 6%: 0.18+1605+0.083 ms clock, 0.36+0.088/850/752+0.16 ms cpu, 495->508->330 MB, 499 MB goal, 0 MB stacks, 0 MB globals, 2 P
gc 117 @1312.823s 6%: 0.16+3760+0.079 ms clock, 0.32+0.41/1918/1928+0.15 ms cpu, 620->651->579 MB, 661 MB goal, 0 MB stacks, 0 MB globals, 2 P
gc 118 @1338.331s 6%: 0.16+5508+0.095 ms clock, 0.33+0.10/2781/3104+0.19 ms cpu, 1095->1130->618 MB, 1158 MB goal, 0 MB stacks, 0 MB globals, 2 P
time="2026-08-06T18:56:24Z" level=info msg="Prepare to get object log/cluster-history/raycluster/test-ns-25kkd/raycluster-historyserver/session_2026-08-06_11-32-01_850718_1/a17d3cad2abef6d000063920c29c25b77905d5cb11d950fccbddc58c/job_events/03000000/a17d3cad2abef6d000063920c29c25b77905d5cb11d950fccbddc58c-2026-08-06-18-1786041187322374126.jsonl info ..."
time="2026-08-06T18:56:24Z" level=error msg="Failed to load session test-ns-25kkd/raycluster-historyserver/session_2026-08-06_11-32-01_850718_1: context canceled"
gc 119 @1356.224s 6%: 0.18+2462+0.085 ms clock, 0.36+0.47/1247/1434+0.17 ms cpu, 1152->1172->267 MB, 1237 MB goal, 0 MB stacks, 0 MB globals, 2 P
time="2026-08-06T18:56:33Z" level=info msg="Received request: GET /enter_cluster/test-ns-25kkd/raycluster/raycluster-historyserver/session_2026-08-06_11-32-01_850718_1"
time="2026-08-06T18:56:33Z" level=info msg="[List]Returned objects in log/cluster-metadata/. length of page.Contents: 2, length of page.CommonPrefixes: 0"
time="2026-08-06T18:56:33Z" level=error msg="Failed to parse meta file path: log/cluster-metadata/raycluster/test-ns-25kkd_raycluster-historyserver/, error: invalid path segment count for cluster metadata structure: log/cluster-metadata/raycluster/test-ns-25kkd_raycluster-historyserver/"
time="2026-08-06T18:56:33Z" level=info msg="Parsed cluster raycluster-historyserver for session session_2026-08-06_11-32-01_850718_1 to list"
gc 120 @1368.845s 6%: 1.2+4943+0.11 ms clock, 2.5+0.49/2495/2725+0.23 ms cpu, 491->516->373 MB, 534 MB goal, 0 MB stacks, 0 MB globals, 2 P
time="2026-08-06T18:56:56Z" level=info msg="Prepare to get object log/cluster-history/raycluster/test-ns-25kkd/raycluster-historyserver/session_2026-08-06_11-32-01_850718_1/a17d3cad2abef6d000063920c29c25b77905d5cb11d950fccbddc58c/job_events/04000000/a17d3cad2abef6d000063920c29c25b77905d5cb11d950fccbddc58c-2026-08-06-18-1786041162358624795.jsonl info ..."
time="2026-08-06T18:56:56Z" level=info msg="Prepare to get object log/cluster-history/raycluster/test-ns-25kkd/raycluster-historyserver/session_2026-08-06_11-32-01_850718_1/b01c3707fef5fbe9153a59f41d195c622230e9fece719d810b226f9d/job_events/03000000/b01c3707fef5fbe9153a59f41d195c622230e9fece719d810b226f9d-2026-08-06-18-1786041148426965386.jsonl info ..."
gc 121 @1384.391s 6%: 0.34+1552+0.088 ms clock, 0.68+1139/774/1033+0.17 ms cpu, 682->682->253 MB, 748 MB goal, 0 MB stacks, 0 MB globals, 2 P
gc 122 @1386.610s 6%: 0.19+1730+0.035 ms clock, 0.38+1125/884/848+0.070 ms cpu, 499->653->512 MB, 507 MB goal, 0 MB stacks, 0 MB globals, 2 P
gc 123 @1401.517s 6%: 0.18+4179+0.087 ms clock, 0.36+0.11/2083/3050+0.17 ms cpu, 873->901->558 MB, 1026 MB goal, 0 MB stacks, 0 MB globals, 2 P
time="2026-08-06T18:57:24Z" level=error msg="Failed to store events for file session_2026-08-06_11-32-01_850718_1/b01c3707fef5fbe9153a59f41d195c622230e9fece719d810b226f9d/job_events/03000000/b01c3707fef5fbe9153a59f41d195c622230e9fece719d810b226f9d-2026-08-06-18-1786041148426965386.jsonl: TASK_LIFECYCLE_EVENT must have at least one state transition"
time="2026-08-06T18:57:24Z" level=error msg="Failed to store events for file session_2026-08-06_11-32-01_850718_1/b01c3707fef5fbe9153a59f41d195c622230e9fece719d810b226f9d/job_events/03000000/b01c3707fef5fbe9153a59f41d195c622230e9fece719d810b226f9d-2026-08-06-18-1786041148426965386.jsonl: TASK_LIFECYCLE_EVENT must have at least one state transition"
time="2026-08-06T18:57:25Z" level=error msg="Failed to store events for file session_2026-08-06_11-32-01_850718_1/b01c3707fef5fbe9153a59f41d195c622230e9fece719d810b226f9d/job_events/03000000/b01c3707fef5fbe9153a59f41d195c622230e9fece719d810b226f9d-2026-08-06-18-1786041148426965386.jsonl: TASK_LIFECYCLE_EVENT must have at least one state transition"
time="2026-08-06T18:57:25Z" level=error msg="Failed to store events for file session_2026-08-06_11-32-01_850718_1/b01c3707fef5fbe9153a59f41d195c622230e9fece719d810b226f9d/job_events/03000000/b01c3707fef5fbe9153a59f41d195c622230e9fece719d810b226f9d-2026-08-06-18-1786041148426965386.jsonl: TASK_LIFECYCLE_EVENT must have at least one state transition"
time="2026-08-06T18:57:25Z" level=error msg="Failed to store events for file session_2026-08-06_11-32-01_850718_1/b01c3707fef5fbe9153a59f41d195c622230e9fece719d810b226f9d/job_events/03000000/b01c3707fef5fbe9153a59f41d195c622230e9fece719d810b226f9d-2026-08-06-18-1786041148426965386.jsonl: TASK_LIFECYCLE_EVENT must have at least one state transition"
time="2026-08-06T18:57:25Z" level=error msg="Failed to store events for file session_2026-08-06_11-32-01_850718_1/b01c3707fef5fbe9153a59f41d195c622230e9fece719d810b226f9d/job_events/03000000/b01c3707fef5fbe9153a59f41d195c622230e9fece719d810b226f9d-2026-08-06-18-1786041148426965386.jsonl: TASK_LIFECYCLE_EVENT must have at least one state transition"
time="2026-08-06T18:57:25Z" level=error msg="Failed to store events for file session_2026-08-06_11-32-01_850718_1/b01c3707fef5fbe9153a59f41d195c622230e9fece719d810b226f9d/job_events/03000000/b01c3707fef5fbe9153a59f41d195c622230e9fece719d810b226f9d-2026-08-06-18-1786041148426965386.jsonl: TASK_LIFECYCLE_EVENT must have at least one state transition"
time="2026-08-06T18:57:26Z" level=error msg="Failed to store events for file session_2026-08-06_11-32-01_850718_1/b01c3707fef5fbe9153a59f41d195c622230e9fece719d810b226f9d/job_events/03000000/b01c3707fef5fbe9153a59f41d195c622230e9fece719d810b226f9d-2026-08-06-18-1786041148426965386.jsonl: TASK_LIFECYCLE_EVENT must have at least one state transition"
time="2026-08-06T18:57:26Z" level=error msg="Failed to store events for file session_2026-08-06_11-32-01_850718_1/b01c3707fef5fbe9153a59f41d195c622230e9fece719d810b226f9d/job_events/03000000/b01c3707fef5fbe9153a59f41d195c622230e9fece719d810b226f9d-2026-08-06-18-1786041148426965386.jsonl: TASK_LIFECYCLE_EVENT must have at least one state transition"
time="2026-08-06T18:57:27Z" level=error msg="Failed to store events for file session_2026-08-06_11-32-01_850718_1/b01c3707fef5fbe9153a59f41d195c622230e9fece719d810b226f9d/job_events/03000000/b01c3707fef5fbe9153a59f41d195c622230e9fece719d810b226f9d-2026-08-06-18-1786041148426965386.jsonl: TASK_LIFECYCLE_EVENT must have at least one state transition"
time="2026-08-06T18:57:27Z" level=error msg="Failed to store events for file session_2026-08-06_11-32-01_850718_1/b01c3707fef5fbe9153a59f41d195c622230e9fece719d810b226f9d/job_events/03000000/b01c3707fef5fbe9153a59f41d195c622230e9fece719d810b226f9d-2026-08-06-18-1786041148426965386.jsonl: TASK_LIFECYCLE_EVENT must have at least one state transition"
time="2026-08-06T18:57:28Z" level=error msg="Failed to store events for file session_2026-08-06_11-32-01_850718_1/b01c3707fef5fbe9153a59f41d195c622230e9fece719d810b226f9d/job_events/03000000/b01c3707fef5fbe9153a59f41d195c622230e9fece719d810b226f9d-2026-08-06-18-1786041148426965386.jsonl: TASK_LIFECYCLE_EVENT must have at least one state transition"
time="2026-08-06T18:57:29Z" level=error msg="Failed to store events for file session_2026-08-06_11-32-01_850718_1/b01c3707fef5fbe9153a59f41d195c622230e9fece719d810b226f9d/job_events/03000000/b01c3707fef5fbe9153a59f41d195c622230e9fece719d810b226f9d-2026-08-06-18-1786041148426965386.jsonl: TASK_LIFECYCLE_EVENT must have at least one state transition"
time="2026-08-06T18:57:29Z" level=error msg="Failed to store events for file session_2026-08-06_11-32-01_850718_1/b01c3707fef5fbe9153a59f41d195c622230e9fece719d810b226f9d/job_events/03000000/b01c3707fef5fbe9153a59f41d195c622230e9fece719d810b226f9d-2026-08-06-18-1786041148426965386.jsonl: TASK_LIFECYCLE_EVENT must have at least one state transition"
time="2026-08-06T18:57:29Z" level=error msg="Failed to store events for file session_2026-08-06_11-32-01_850718_1/b01c3707fef5fbe9153a59f41d195c622230e9fece719d810b226f9d/job_events/03000000/b01c3707fef5fbe9153a59f41d195c622230e9fece719d810b226f9d-2026-08-06-18-1786041148426965386.jsonl: TASK_LIFECYCLE_EVENT must have at least one state transition"
time="2026-08-06T18:57:29Z" level=error msg="Failed to store events for file session_2026-08-06_11-32-01_850718_1/b01c3707fef5fbe9153a59f41d195c622230e9fece719d810b226f9d/job_events/03000000/b01c3707fef5fbe9153a59f41d195c622230e9fece719d810b226f9d-2026-08-06-18-1786041148426965386.jsonl: TASK_LIFECYCLE_EVENT must have at least one state transition"
time="2026-08-06T18:57:29Z" level=error msg="Failed to store events for file session_2026-08-06_11-32-01_850718_1/b01c3707fef5fbe9153a59f41d195c622230e9fece719d810b226f9d/job_events/03000000/b01c3707fef5fbe9153a59f41d195c622230e9fece719d810b226f9d-2026-08-06-18-1786041148426965386.jsonl: TASK_LIFECYCLE_EVENT must have at least one state transition"
time="2026-08-06T18:57:30Z" level=error msg="Failed to store events for file session_2026-08-06_11-32-01_850718_1/b01c3707fef5fbe9153a59f41d195c622230e9fece719d810b226f9d/job_events/03000000/b01c3707fef5fbe9153a59f41d195c622230e9fece719d810b226f9d-2026-08-06-18-1786041148426965386.jsonl: TASK_LIFECYCLE_EVENT must have at least one state transition"
time="2026-08-06T18:57:31Z" level=error msg="Failed to store events for file session_2026-08-06_11-32-01_850718_1/b01c3707fef5fbe9153a59f41d195c622230e9fece719d810b226f9d/job_events/03000000/b01c3707fef5fbe9153a59f41d195c622230e9fece719d810b226f9d-2026-08-06-18-1786041148426965386.jsonl: TASK_LIFECYCLE_EVENT must have at least one state transition"
time="2026-08-06T18:57:31Z" level=error msg="Failed to store events for file session_2026-08-06_11-32-01_850718_1/b01c3707fef5fbe9153a59f41d195c622230e9fece719d810b226f9d/job_events/03000000/b01c3707fef5fbe9153a59f41d195c622230e9fece719d810b226f9d-2026-08-06-18-1786041148426965386.jsonl: TASK_LIFECYCLE_EVENT must have at least one state transition"
time="2026-08-06T18:57:31Z" level=error msg="Failed to store events for file session_2026-08-06_11-32-01_850718_1/b01c3707fef5fbe9153a59f41d195c622230e9fece719d810b226f9d/job_events/03000000/b01c3707fef5fbe9153a59f41d195c622230e9fece719d810b226f9d-2026-08-06-18-1786041148426965386.jsonl: TASK_LIFECYCLE_EVENT must have at least one state transition"
time="2026-08-06T18:57:31Z" level=error msg="Failed to store events for file session_2026-08-06_11-32-01_850718_1/b01c3707fef5fbe9153a59f41d195c622230e9fece719d810b226f9d/job_events/03000000/b01c3707fef5fbe9153a59f41d195c622230e9fece719d810b226f9d-2026-08-06-18-1786041148426965386.jsonl: TASK_LIFECYCLE_EVENT must have at least one state transition"
time="2026-08-06T18:57:32Z" level=error msg="Failed to store events for file session_2026-08-06_11-32-01_850718_1/b01c3707fef5fbe9153a59f41d195c622230e9fece719d810b226f9d/job_events/03000000/b01c3707fef5fbe9153a59f41d195c622230e9fece719d810b226f9d-2026-08-06-18-1786041148426965386.jsonl: TASK_LIFECYCLE_EVENT must have at least one state transition"
time="2026-08-06T18:57:32Z" level=error msg="Failed to store events for file session_2026-08-06_11-32-01_850718_1/b01c3707fef5fbe9153a59f41d195c622230e9fece719d810b226f9d/job_events/03000000/b01c3707fef5fbe9153a59f41d195c622230e9fece719d810b226f9d-2026-08-06-18-1786041148426965386.jsonl: TASK_LIFECYCLE_EVENT must have at least one state transition"
time="2026-08-06T18:57:32Z" level=error msg="Failed to store events for file session_2026-08-06_11-32-01_850718_1/b01c3707fef5fbe9153a59f41d195c622230e9fece719d810b226f9d/job_events/03000000/b01c3707fef5fbe9153a59f41d195c622230e9fece719d810b226f9d-2026-08-06-18-1786041148426965386.jsonl: TASK_LIFECYCLE_EVENT must have at least one state transition"
time="2026-08-06T18:57:33Z" level=error msg="Failed to store events for file session_2026-08-06_11-32-01_850718_1/b01c3707fef5fbe9153a59f41d195c622230e9fece719d810b226f9d/job_events/03000000/b01c3707fef5fbe9153a59f41d195c622230e9fece719d810b226f9d-2026-08-06-18-1786041148426965386.jsonl: TASK_LIFECYCLE_EVENT must have at least one state transition"
time="2026-08-06T18:57:33Z" level=error msg="Failed to store events for file session_2026-08-06_11-32-01_850718_1/b01c3707fef5fbe9153a59f41d195c622230e9fece719d810b226f9d/job_events/03000000/b01c3707fef5fbe9153a59f41d195c622230e9fece719d810b226f9d-2026-08-06-18-1786041148426965386.jsonl: TASK_LIFECYCLE_EVENT must have at least one state transition"
time="2026-08-06T18:57:33Z" level=error msg="Failed to store events for file session_2026-08-06_11-32-01_850718_1/b01c3707fef5fbe9153a59f41d195c622230e9fece719d810b226f9d/job_events/03000000/b01c3707fef5fbe9153a59f41d195c622230e9fece719d810b226f9d-2026-08-06-18-1786041148426965386.jsonl: TASK_LIFECYCLE_EVENT must have at least one state transition"
time="2026-08-06T18:57:34Z" level=error msg="Failed to load session test-ns-25kkd/raycluster-historyserver/session_2026-08-06_11-32-01_850718_1: context canceled"
time="2026-08-06T18:57:35Z" level=error msg="Failed to store events for file session_2026-08-06_11-32-01_850718_1/b01c3707fef5fbe9153a59f41d195c622230e9fece719d810b226f9d/job_events/03000000/b01c3707fef5fbe9153a59f41d195c622230e9fece719d810b226f9d-2026-08-06-18-1786041148426965386.jsonl: TASK_LIFECYCLE_EVENT must have at least one state transition"
time="2026-08-06T18:57:36Z" level=error msg="Failed to store events for file session_2026-08-06_11-32-01_850718_1/b01c3707fef5fbe9153a59f41d195c622230e9fece719d810b226f9d/job_events/03000000/b01c3707fef5fbe9153a59f41d195c622230e9fece719d810b226f9d-2026-08-06-18-1786041148426965386.jsonl: TASK_LIFECYCLE_EVENT must have at least one state transition"
time="2026-08-06T18:57:37Z" level=error msg="Failed to store events for file session_2026-08-06_11-32-01_850718_1/b01c3707fef5fbe9153a59f41d195c622230e9fece719d810b226f9d/job_events/03000000/b01c3707fef5fbe9153a59f41d195c622230e9fece719d810b226f9d-2026-08-06-18-1786041148426965386.jsonl: TASK_LIFECYCLE_EVENT must have at least one state transition"
time="2026-08-06T18:57:38Z" level=error msg="Failed to store events for file session_2026-08-06_11-32-01_850718_1/b01c3707fef5fbe9153a59f41d195c622230e9fece719d810b226f9d/job_events/03000000/b01c3707fef5fbe9153a59f41d195c622230e9fece719d810b226f9d-2026-08-06-18-1786041148426965386.jsonl: TASK_LIFECYCLE_EVENT must have at least one state transition"
time="2026-08-06T18:57:38Z" level=error msg="Failed to store events for file session_2026-08-06_11-32-01_850718_1/b01c3707fef5fbe9153a59f41d195c622230e9fece719d810b226f9d/job_events/03000000/b01c3707fef5fbe9153a59f41d195c622230e9fece719d810b226f9d-2026-08-06-18-1786041148426965386.jsonl: TASK_LIFECYCLE_EVENT must have at least one state transition"
gc 124 @1421.990s 6%: 0.16+6349+0.085 ms clock, 0.33+0.097/3162/3803+0.17 ms cpu, 952->990->607 MB, 1118 MB goal, 0 MB stacks, 0 MB globals, 2 P
time="2026-08-06T18:57:41Z" level=error msg="Failed to store events for file session_2026-08-06_11-32-01_850718_1/b01c3707fef5fbe9153a59f41d195c622230e9fece719d810b226f9d/job_events/03000000/b01c3707fef5fbe9153a59f41d195c622230e9fece719d810b226f9d-2026-08-06-18-1786041148426965386.jsonl: TASK_LIFECYCLE_EVENT must have at least one state transition"
time="2026-08-06T18:57:41Z" level=error msg="Failed to store events for file session_2026-08-06_11-32-01_850718_1/b01c3707fef5fbe9153a59f41d195c622230e9fece719d810b226f9d/job_events/03000000/b01c3707fef5fbe9153a59f41d195c622230e9fece719d810b226f9d-2026-08-06-18-1786041148426965386.jsonl: TASK_LIFECYCLE_EVENT must have at least one state transition"
time="2026-08-06T18:57:42Z" level=error msg="Failed to store events for file session_2026-08-06_11-32-01_850718_1/b01c3707fef5fbe9153a59f41d195c622230e9fece719d810b226f9d/job_events/03000000/b01c3707fef5fbe9153a59f41d195c622230e9fece719d810b226f9d-2026-08-06-18-1786041148426965386.jsonl: TASK_LIFECYCLE_EVENT must have at least one state transition"
time="2026-08-06T18:57:42Z" level=error msg="Failed to store events for file session_2026-08-06_11-32-01_850718_1/b01c3707fef5fbe9153a59f41d195c622230e9fece719d810b226f9d/job_events/03000000/b01c3707fef5fbe9153a59f41d195c622230e9fece719d810b226f9d-2026-08-06-18-1786041148426965386.jsonl: TASK_LIFECYCLE_EVENT must have at least one state transition"
time="2026-08-06T18:57:42Z" level=error msg="Failed to store events for file session_2026-08-06_11-32-01_850718_1/b01c3707fef5fbe9153a59f41d195c622230e9fece719d810b226f9d/job_events/03000000/b01c3707fef5fbe9153a59f41d195c622230e9fece719d810b226f9d-2026-08-06-18-1786041148426965386.jsonl: TASK_LIFECYCLE_EVENT must have at least one state transition"
time="2026-08-06T18:57:43Z" level=error msg="Failed to store events for file session_2026-08-06_11-32-01_850718_1/b01c3707fef5fbe9153a59f41d195c622230e9fece719d810b226f9d/job_events/03000000/b01c3707fef5fbe9153a59f41d195c622230e9fece719d810b226f9d-2026-08-06-18-1786041148426965386.jsonl: TASK_LIFECYCLE_EVENT must have at least one state transition"
time="2026-08-06T18:57:43Z" level=error msg="Failed to store events for file session_2026-08-06_11-32-01_850718_1/b01c3707fef5fbe9153a59f41d195c622230e9fece719d810b226f9d/job_events/03000000/b01c3707fef5fbe9153a59f41d195c622230e9fece719d810b226f9d-2026-08-06-18-1786041148426965386.jsonl: TASK_LIFECYCLE_EVENT must have at least one state transition"
time="2026-08-06T18:57:43Z" level=error msg="Failed to store events for file session_2026-08-06_11-32-01_850718_1/b01c3707fef5fbe9153a59f41d195c622230e9fece719d810b226f9d/job_events/03000000/b01c3707fef5fbe9153a59f41d195c622230e9fece719d810b226f9d-2026-08-06-18-1786041148426965386.jsonl: TASK_LIFECYCLE_EVENT must have at least one state transition"
time="2026-08-06T18:57:43Z" level=error msg="Failed to store events for file session_2026-08-06_11-32-01_850718_1/b01c3707fef5fbe9153a59f41d195c622230e9fece719d810b226f9d/job_events/03000000/b01c3707fef5fbe9153a59f41d195c622230e9fece719d810b226f9d-2026-08-06-18-1786041148426965386.jsonl: TASK_LIFECYCLE_EVENT must have at least one state transition"
time="2026-08-06T18:57:43Z" level=info msg="Received request: GET /enter_cluster/test-ns-25kkd/raycluster/raycluster-historyserver/session_2026-08-06_11-32-01_850718_1"
time="2026-08-06T18:57:43Z" level=info msg="[List]Returned objects in log/cluster-metadata/. length of page.Contents: 2, length of page.CommonPrefixes: 0"
time="2026-08-06T18:57:43Z" level=error msg="Failed to parse meta file path: log/cluster-metadata/raycluster/test-ns-25kkd_raycluster-historyserver/, error: invalid path segment count for cluster metadata structure: log/cluster-metadata/raycluster/test-ns-25kkd_raycluster-historyserver/"
time="2026-08-06T18:57:43Z" level=info msg="Parsed cluster raycluster-historyserver for session session_2026-08-06_11-32-01_850718_1 to list"
time="2026-08-06T18:57:44Z" level=error msg="Failed to store events for file session_2026-08-06_11-32-01_850718_1/b01c3707fef5fbe9153a59f41d195c622230e9fece719d810b226f9d/job_events/03000000/b01c3707fef5fbe9153a59f41d195c622230e9fece719d810b226f9d-2026-08-06-18-1786041148426965386.jsonl: TASK_LIFECYCLE_EVENT must have at least one state transition"
time="2026-08-06T18:57:45Z" level=error msg="Failed to store events for file session_2026-08-06_11-32-01_850718_1/b01c3707fef5fbe9153a59f41d195c622230e9fece719d810b226f9d/job_events/03000000/b01c3707fef5fbe9153a59f41d195c622230e9fece719d810b226f9d-2026-08-06-18-1786041148426965386.jsonl: TASK_LIFECYCLE_EVENT must have at least one state transition"
time="2026-08-06T18:57:45Z" level=error msg="Failed to store events for file session_2026-08-06_11-32-01_850718_1/b01c3707fef5fbe9153a59f41d195c622230e9fece719d810b226f9d/job_events/03000000/b01c3707fef5fbe9153a59f41d195c622230e9fece719d810b226f9d-2026-08-06-18-1786041148426965386.jsonl: TASK_LIFECYCLE_EVENT must have at least one state transition"
time="2026-08-06T18:57:45Z" level=error msg="Failed to store events for file session_2026-08-06_11-32-01_850718_1/b01c3707fef5fbe9153a59f41d195c622230e9fece719d810b226f9d/job_events/03000000/b01c3707fef5fbe9153a59f41d195c622230e9fece719d810b226f9d-2026-08-06-18-1786041148426965386.jsonl: TASK_LIFECYCLE_EVENT must have at least one state transition"
time="2026-08-06T18:57:46Z" level=error msg="Failed to store events for file session_2026-08-06_11-32-01_850718_1/b01c3707fef5fbe9153a59f41d195c622230e9fece719d810b226f9d/job_events/03000000/b01c3707fef5fbe9153a59f41d195c622230e9fece719d810b226f9d-2026-08-06-18-1786041148426965386.jsonl: TASK_LIFECYCLE_EVENT must have at least one state transition"
time="2026-08-06T18:57:46Z" level=error msg="Failed to store events for file session_2026-08-06_11-32-01_850718_1/b01c3707fef5fbe9153a59f41d195c622230e9fece719d810b226f9d/job_events/03000000/b01c3707fef5fbe9153a59f41d195c622230e9fece719d810b226f9d-2026-08-06-18-1786041148426965386.jsonl: TASK_LIFECYCLE_EVENT must have at least one state transition"
time="2026-08-06T18:57:46Z" level=error msg="Failed to store events for file session_2026-08-06_11-32-01_850718_1/b01c3707fef5fbe9153a59f41d195c622230e9fece719d810b226f9d/job_events/03000000/b01c3707fef5fbe9153a59f41d195c622230e9fece719d810b226f9d-2026-08-06-18-1786041148426965386.jsonl: TASK_LIFECYCLE_EVENT must have at least one state transition"
time="2026-08-06T18:57:47Z" level=error msg="Failed to store events for file session_2026-08-06_11-32-01_850718_1/b01c3707fef5fbe9153a59f41d195c622230e9fece719d810b226f9d/job_events/03000000/b01c3707fef5fbe9153a59f41d195c622230e9fece719d810b226f9d-2026-08-06-18-1786041148426965386.jsonl: TASK_LIFECYCLE_EVENT must have at least one state transition"
time="2026-08-06T18:57:47Z" level=error msg="Failed to store events for file session_2026-08-06_11-32-01_850718_1/b01c3707fef5fbe9153a59f41d195c622230e9fece719d810b226f9d/job_events/03000000/b01c3707fef5fbe9153a59f41d195c622230e9fece719d810b226f9d-2026-08-06-18-1786041148426965386.jsonl: TASK_LIFECYCLE_EVENT must have at least one state transition"
time="2026-08-06T18:57:48Z" level=error msg="Failed to store events for file session_2026-08-06_11-32-01_850718_1/b01c3707fef5fbe9153a59f41d195c622230e9fece719d810b226f9d/job_events/03000000/b01c3707fef5fbe9153a59f41d195c622230e9fece719d810b226f9d-2026-08-06-18-1786041148426965386.jsonl: TASK_LIFECYCLE_EVENT must have at least one state transition"
time="2026-08-06T18:57:48Z" level=error msg="Failed to store events for file session_2026-08-06_11-32-01_850718_1/b01c3707fef5fbe9153a59f41d195c622230e9fece719d810b226f9d/job_events/03000000/b01c3707fef5fbe9153a59f41d195c622230e9fece719d810b226f9d-2026-08-06-18-1786041148426965386.jsonl: TASK_LIFECYCLE_EVENT must have at least one state transition"
time="2026-08-06T18:57:48Z" level=error msg="Failed to store events for file session_2026-08-06_11-32-01_850718_1/b01c3707fef5fbe9153a59f41d195c622230e9fece719d810b226f9d/job_events/03000000/b01c3707fef5fbe9153a59f41d195c622230e9fece719d810b226f9d-2026-08-06-18-1786041148426965386.jsonl: TASK_LIFECYCLE_EVENT must have at least one state transition"
time="2026-08-06T18:57:48Z" level=error msg="Failed to store events for file session_2026-08-06_11-32-01_850718_1/b01c3707fef5fbe9153a59f41d195c622230e9fece719d810b226f9d/job_events/03000000/b01c3707fef5fbe9153a59f41d195c622230e9fece719d810b226f9d-2026-08-06-18-1786041148426965386.jsonl: TASK_LIFECYCLE_EVENT must have at least one state transition"
time="2026-08-06T18:57:48Z" level=error msg="Failed to store events for file session_2026-08-06_11-32-01_850718_1/b01c3707fef5fbe9153a59f41d195c622230e9fece719d810b226f9d/job_events/03000000/b01c3707fef5fbe9153a59f41d195c622230e9fece719d810b226f9d-2026-08-06-18-1786041148426965386.jsonl: TASK_LIFECYCLE_EVENT must have at least one state transition"
time="2026-08-06T18:57:49Z" level=error msg="Failed to store events for file session_2026-08-06_11-32-01_850718_1/b01c3707fef5fbe9153a59f41d195c622230e9fece719d810b226f9d/job_events/03000000/b01c3707fef5fbe9153a59f41d195c622230e9fece719d810b226f9d-2026-08-06-18-1786041148426965386.jsonl: TASK_LIFECYCLE_EVENT must have at least one state transition"
time="2026-08-06T18:57:50Z" level=error msg="Failed to store events for file session_2026-08-06_11-32-01_850718_1/b01c3707fef5fbe9153a59f41d195c622230e9fece719d810b226f9d/job_events/03000000/b01c3707fef5fbe9153a59f41d195c622230e9fece719d810b226f9d-2026-08-06-18-1786041148426965386.jsonl: TASK_LIFECYCLE_EVENT must have at least one state transition"
time="2026-08-06T18:57:50Z" level=error msg="Failed to store events for file session_2026-08-06_11-32-01_850718_1/b01c3707fef5fbe9153a59f41d195c622230e9fece719d810b226f9d/job_events/03000000/b01c3707fef5fbe9153a59f41d195c622230e9fece719d810b226f9d-2026-08-06-18-1786041148426965386.jsonl: TASK_LIFECYCLE_EVENT must have at least one state transition"
time="2026-08-06T18:57:50Z" level=error msg="Failed to store events for file session_2026-08-06_11-32-01_850718_1/b01c3707fef5fbe9153a59f41d195c622230e9fece719d810b226f9d/job_events/03000000/b01c3707fef5fbe9153a59f41d195c622230e9fece719d810b226f9d-2026-08-06-18-1786041148426965386.jsonl: TASK_LIFECYCLE_EVENT must have at least one state transition"
time="2026-08-06T18:57:50Z" level=error msg="Failed to load session test-ns-25kkd/raycluster-historyserver/session_2026-08-06_11-32-01_850718_1: context deadline exceeded"
time="2026-08-06T18:58:00Z" level=info msg="Received request: GET /enter_cluster/test-ns-25kkd/raycluster/raycluster-historyserver/session_2026-08-06_11-32-01_850718_1"
time="2026-08-06T18:58:00Z" level=info msg="[List]Returned objects in log/cluster-metadata/. length of page.Contents: 2, length of page.CommonPrefixes: 0"
time="2026-08-06T18:58:00Z" level=error msg="Failed to parse meta file path: log/cluster-metadata/raycluster/test-ns-25kkd_raycluster-historyserver/, error: invalid path segment count for cluster metadata structure: log/cluster-metadata/raycluster/test-ns-25kkd_raycluster-historyserver/"
time="2026-08-06T18:58:00Z" level=info msg="Parsed cluster raycluster-historyserver for session session_2026-08-06_11-32-01_850718_1 to list"
time="2026-08-06T18:58:00Z" level=info msg="[ListFiles]Returned objects in log/cluster-history/raycluster/test-ns-25kkd/raycluster-historyserver/session_2026-08-06_11-32-01_850718_1/. length of page.Contents: 0, length of page.CommonPrefixes: 3"
time="2026-08-06T18:58:00Z" level=info msg="[ListFiles]Returned objects in log/cluster-history/raycluster/test-ns-25kkd/raycluster-historyserver/session_2026-08-06_11-32-01_850718_1/a17d3cad2abef6d000063920c29c25b77905d5cb11d950fccbddc58c/logs/events/. length of page.Contents: 11, length of page.CommonPrefixes: 0"
time="2026-08-06T18:58:00Z" level=info msg="Prepare to get object log/cluster-history/raycluster/test-ns-25kkd/raycluster-historyserver/session_2026-08-06_11-32-01_850718_1/a17d3cad2abef6d000063920c29c25b77905d5cb11d950fccbddc58c/logs/events/event_AUTOSCALER.log info ..."
time="2026-08-06T18:58:00Z" level=info msg="Prepare to get object log/cluster-history/raycluster/test-ns-25kkd/raycluster-historyserver/session_2026-08-06_11-32-01_850718_1/a17d3cad2abef6d000063920c29c25b77905d5cb11d950fccbddc58c/logs/events/event_CORE_WORKER_1018.log info ..."
time="2026-08-06T18:58:00Z" level=info msg="Prepare to get object log/cluster-history/raycluster/test-ns-25kkd/raycluster-historyserver/session_2026-08-06_11-32-01_850718_1/a17d3cad2abef6d000063920c29c25b77905d5cb11d950fccbddc58c/logs/events/event_CORE_WORKER_1182.log info ..."
time="2026-08-06T18:58:00Z" level=info msg="Prepare to get object log/cluster-history/raycluster/test-ns-25kkd/raycluster-historyserver/session_2026-08-06_11-32-01_850718_1/a17d3cad2abef6d000063920c29c25b77905d5cb11d950fccbddc58c/logs/events/event_CORE_WORKER_199.log info ..."
time="2026-08-06T18:58:00Z" level=info msg="Prepare to get object log/cluster-history/raycluster/test-ns-25kkd/raycluster-historyserver/session_2026-08-06_11-32-01_850718_1/a17d3cad2abef6d000063920c29c25b77905d5cb11d950fccbddc58c/logs/events/event_CORE_WORKER_204.log info ..."
time="2026-08-06T18:58:00Z" level=info msg="Prepare to get object log/cluster-history/raycluster/test-ns-25kkd/raycluster-historyserver/session_2026-08-06_11-32-01_850718_1/a17d3cad2abef6d000063920c29c25b77905d5cb11d950fccbddc58c/logs/events/event_CORE_WORKER_677.log info ..."
time="2026-08-06T18:58:00Z" level=info msg="Prepare to get object log/cluster-history/raycluster/test-ns-25kkd/raycluster-historyserver/session_2026-08-06_11-32-01_850718_1/a17d3cad2abef6d000063920c29c25b77905d5cb11d950fccbddc58c/logs/events/event_CORE_WORKER_962.log info ..."
time="2026-08-06T18:58:00Z" level=info msg="Prepare to get object log/cluster-history/raycluster/test-ns-25kkd/raycluster-historyserver/session_2026-08-06_11-32-01_850718_1/a17d3cad2abef6d000063920c29c25b77905d5cb11d950fccbddc58c/logs/events/event_GCS.log info ..."
time="2026-08-06T18:58:00Z" level=info msg="Prepare to get object log/cluster-history/raycluster/test-ns-25kkd/raycluster-historyserver/session_2026-08-06_11-32-01_850718_1/a17d3cad2abef6d000063920c29c25b77905d5cb11d950fccbddc58c/logs/events/event_JOBS.log info ..."
time="2026-08-06T18:58:00Z" level=info msg="Prepare to get object log/cluster-history/raycluster/test-ns-25kkd/raycluster-historyserver/session_2026-08-06_11-32-01_850718_1/a17d3cad2abef6d000063920c29c25b77905d5cb11d950fccbddc58c/logs/events/event_RAYLET.log info ..."
time="2026-08-06T18:58:00Z" level=info msg="[ListFiles]Returned objects in log/cluster-history/raycluster/test-ns-25kkd/raycluster-historyserver/session_2026-08-06_11-32-01_850718_1/b01c3707fef5fbe9153a59f41d195c622230e9fece719d810b226f9d/logs/events/. length of page.Contents: 13, length of page.CommonPrefixes: 0"
time="2026-08-06T18:58:00Z" level=info msg="Prepare to get object log/cluster-history/raycluster/test-ns-25kkd/raycluster-historyserver/session_2026-08-06_11-32-01_850718_1/b01c3707fef5fbe9153a59f41d195c622230e9fece719d810b226f9d/logs/events/event_CORE_WORKER_228.log info ..."
time="2026-08-06T18:58:00Z" level=info msg="Prepare to get object log/cluster-history/raycluster/test-ns-25kkd/raycluster-historyserver/session_2026-08-06_11-32-01_850718_1/b01c3707fef5fbe9153a59f41d195c622230e9fece719d810b226f9d/logs/events/event_CORE_WORKER_229.log info ..."
time="2026-08-06T18:58:00Z" level=info msg="Prepare to get object log/cluster-history/raycluster/test-ns-25kkd/raycluster-historyserver/session_2026-08-06_11-32-01_850718_1/b01c3707fef5fbe9153a59f41d195c622230e9fece719d810b226f9d/logs/events/event_CORE_WORKER_313.log info ..."
time="2026-08-06T18:58:00Z" level=info msg="Prepare to get object log/cluster-history/raycluster/test-ns-25kkd/raycluster-historyserver/session_2026-08-06_11-32-01_850718_1/b01c3707fef5fbe9153a59f41d195c622230e9fece719d810b226f9d/logs/events/event_CORE_WORKER_319.log info ..."
time="2026-08-06T18:58:00Z" level=info msg="Prepare to get object log/cluster-history/raycluster/test-ns-25kkd/raycluster-historyserver/session_2026-08-06_11-32-01_850718_1/b01c3707fef5fbe9153a59f41d195c622230e9fece719d810b226f9d/logs/events/event_CORE_WORKER_410.log info ..."
time="2026-08-06T18:58:00Z" level=info msg="Prepare to get object log/cluster-history/raycluster/test-ns-25kkd/raycluster-historyserver/session_2026-08-06_11-32-01_850718_1/b01c3707fef5fbe9153a59f41d195c622230e9fece719d810b226f9d/logs/events/event_CORE_WORKER_419.log info ..."
time="2026-08-06T18:58:00Z" level=info msg="Prepare to get object log/cluster-history/raycluster/test-ns-25kkd/raycluster-historyserver/session_2026-08-06_11-32-01_850718_1/b01c3707fef5fbe9153a59f41d195c622230e9fece719d810b226f9d/logs/events/event_CORE_WORKER_509.log info ..."
time="2026-08-06T18:58:01Z" level=info msg="Prepare to get object log/cluster-history/raycluster/test-ns-25kkd/raycluster-historyserver/session_2026-08-06_11-32-01_850718_1/b01c3707fef5fbe9153a59f41d195c622230e9fece719d810b226f9d/logs/events/event_CORE_WORKER_513.log info ..."
time="2026-08-06T18:58:01Z" level=info msg="Prepare to get object log/cluster-history/raycluster/test-ns-25kkd/raycluster-historyserver/session_2026-08-06_11-32-01_850718_1/b01c3707fef5fbe9153a59f41d195c622230e9fece719d810b226f9d/logs/events/event_CORE_WORKER_605.log info ..."
time="2026-08-06T18:58:01Z" level=info msg="Prepare to get object log/cluster-history/raycluster/test-ns-25kkd/raycluster-historyserver/session_2026-08-06_11-32-01_850718_1/b01c3707fef5fbe9153a59f41d195c622230e9fece719d810b226f9d/logs/events/event_CORE_WORKER_608.log info ..."
time="2026-08-06T18:58:01Z" level=info msg="Prepare to get object log/cluster-history/raycluster/test-ns-25kkd/raycluster-historyserver/session_2026-08-06_11-32-01_850718_1/b01c3707fef5fbe9153a59f41d195c622230e9fece719d810b226f9d/logs/events/event_CORE_WORKER_683.log info ..."
time="2026-08-06T18:58:01Z" level=info msg="Prepare to get object log/cluster-history/raycluster/test-ns-25kkd/raycluster-historyserver/session_2026-08-06_11-32-01_850718_1/b01c3707fef5fbe9153a59f41d195c622230e9fece719d810b226f9d/logs/events/event_RAYLET.log info ..."
time="2026-08-06T18:58:01Z" level=info msg="[ListFiles]Returned objects in log/cluster-history/raycluster/test-ns-25kkd/raycluster-historyserver/session_2026-08-06_11-32-01_850718_1/fetched_endpoints/logs/events/. length of page.Contents: 0, length of page.CommonPrefixes: 0"
time="2026-08-06T18:58:01Z" level=info msg="[ListFiles]Returned objects in log/cluster-history/raycluster/test-ns-25kkd/raycluster-historyserver/session_2026-08-06_11-32-01_850718_1/. length of page.Contents: 0, length of page.CommonPrefixes: 3"
time="2026-08-06T18:58:01Z" level=info msg="[ListFiles]Returned objects in log/cluster-history/raycluster/test-ns-25kkd/raycluster-historyserver/session_2026-08-06_11-32-01_850718_1/a17d3cad2abef6d000063920c29c25b77905d5cb11d950fccbddc58c/job_events/. length of page.Contents: 0, length of page.CommonPrefixes: 4"
time="2026-08-06T18:58:01Z" level=info msg="[ListFiles]Returned objects in log/cluster-history/raycluster/test-ns-25kkd/raycluster-historyserver/session_2026-08-06_11-32-01_850718_1/a17d3cad2abef6d000063920c29c25b77905d5cb11d950fccbddc58c/job_events/01000000/. length of page.Contents: 2, length of page.CommonPrefixes: 0"
time="2026-08-06T18:58:01Z" level=info msg="[ListFiles]Returned objects in log/cluster-history/raycluster/test-ns-25kkd/raycluster-historyserver/session_2026-08-06_11-32-01_850718_1/a17d3cad2abef6d000063920c29c25b77905d5cb11d950fccbddc58c/job_events/02000000/. length of page.Contents: 2, length of page.CommonPrefixes: 0"
time="2026-08-06T18:58:01Z" level=info msg="[ListFiles]Returned objects in log/cluster-history/raycluster/test-ns-25kkd/raycluster-historyserver/session_2026-08-06_11-32-01_850718_1/a17d3cad2abef6d000063920c29c25b77905d5cb11d950fccbddc58c/job_events/03000000/. length of page.Contents: 3, length of page.CommonPrefixes: 0"
time="2026-08-06T18:58:01Z" level=info msg="[ListFiles]Returned objects in log/cluster-history/raycluster/test-ns-25kkd/raycluster-historyserver/session_2026-08-06_11-32-01_850718_1/a17d3cad2abef6d000063920c29c25b77905d5cb11d950fccbddc58c/job_events/04000000/. length of page.Contents: 2, length of page.CommonPrefixes: 0"
time="2026-08-06T18:58:01Z" level=info msg="[ListFiles]Returned objects in log/cluster-history/raycluster/test-ns-25kkd/raycluster-historyserver/session_2026-08-06_11-32-01_850718_1/b01c3707fef5fbe9153a59f41d195c622230e9fece719d810b226f9d/job_events/. length of page.Contents: 0, length of page.CommonPrefixes: 1"
time="2026-08-06T18:58:01Z" level=info msg="[ListFiles]Returned objects in log/cluster-history/raycluster/test-ns-25kkd/raycluster-historyserver/session_2026-08-06_11-32-01_850718_1/b01c3707fef5fbe9153a59f41d195c622230e9fece719d810b226f9d/job_events/03000000/. length of page.Contents: 3, length of page.CommonPrefixes: 0"
time="2026-08-06T18:58:01Z" level=info msg="[ListFiles]Returned objects in log/cluster-history/raycluster/test-ns-25kkd/raycluster-historyserver/session_2026-08-06_11-32-01_850718_1/fetched_endpoints/job_events/. length of page.Contents: 0, length of page.CommonPrefixes: 0"
time="2026-08-06T18:58:01Z" level=info msg="[ListFiles]Returned objects in log/cluster-history/raycluster/test-ns-25kkd/raycluster-historyserver/session_2026-08-06_11-32-01_850718_1/. length of page.Contents: 0, length of page.CommonPrefixes: 3"
time="2026-08-06T18:58:01Z" level=info msg="[ListFiles]Returned objects in log/cluster-history/raycluster/test-ns-25kkd/raycluster-historyserver/session_2026-08-06_11-32-01_850718_1/a17d3cad2abef6d000063920c29c25b77905d5cb11d950fccbddc58c/node_events/. length of page.Contents: 2, length of page.CommonPrefixes: 0"
time="2026-08-06T18:58:01Z" level=info msg="[ListFiles]Returned objects in log/cluster-history/raycluster/test-ns-25kkd/raycluster-historyserver/session_2026-08-06_11-32-01_850718_1/b01c3707fef5fbe9153a59f41d195c622230e9fece719d810b226f9d/node_events/. length of page.Contents: 0, length of page.CommonPrefixes: 0"
time="2026-08-06T18:58:01Z" level=info msg="[ListFiles]Returned objects in log/cluster-history/raycluster/test-ns-25kkd/raycluster-historyserver/session_2026-08-06_11-32-01_850718_1/fetched_endpoints/node_events/. length of page.Contents: 0, length of page.CommonPrefixes: 0"
time="2026-08-06T18:58:01Z" level=info msg="Prepare to get object log/cluster-history/raycluster/test-ns-25kkd/raycluster-historyserver/session_2026-08-06_11-32-01_850718_1/a17d3cad2abef6d000063920c29c25b77905d5cb11d950fccbddc58c/job_events/01000000/a17d3cad2abef6d000063920c29c25b77905d5cb11d950fccbddc58c-2026-08-06-18-1786041127443908751.jsonl info ..."
time="2026-08-06T18:58:01Z" level=info msg="Prepare to get object log/cluster-history/raycluster/test-ns-25kkd/raycluster-historyserver/session_2026-08-06_11-32-01_850718_1/a17d3cad2abef6d000063920c29c25b77905d5cb11d950fccbddc58c/job_events/02000000/a17d3cad2abef6d000063920c29c25b77905d5cb11d950fccbddc58c-2026-08-06-18-1786041145889122385.jsonl info ..."
time="2026-08-06T18:58:01Z" level=info msg="Prepare to get object log/cluster-history/raycluster/test-ns-25kkd/raycluster-historyserver/session_2026-08-06_11-32-01_850718_1/a17d3cad2abef6d000063920c29c25b77905d5cb11d950fccbddc58c/job_events/03000000/a17d3cad2abef6d000063920c29c25b77905d5cb11d950fccbddc58c-2026-08-06-18-1786041146890102219.jsonl info ..."
gc 125 @1449.141s 6%: 1.2+148+0.16 ms clock, 2.5+2.7/75/104+0.33 ms cpu, 1108->1109->129 MB, 1214 MB goal, 0 MB stacks, 0 MB globals, 2 P
gc 126 @1450.046s 6%: 0.15+50+0.049 ms clock, 0.30+0.24/17/37+0.098 ms cpu, 221->221->221 MB, 258 MB goal, 0 MB stacks, 0 MB globals, 2 P
gc 127 @1450.144s 6%: 0.19+251+0.087 ms clock, 0.38+0/10/241+0.17 ms cpu, 389->390->249 MB, 443 MB goal, 0 MB stacks, 0 MB globals, 2 P
gc 128 @1456.710s 6%: 0.16+1134+0.075 ms clock, 0.33+0.089/594/759+0.15 ms cpu, 445->453->286 MB, 499 MB goal, 0 MB stacks, 0 MB globals, 2 P
gc 129 @1465.607s 6%: 0.14+2433+0.10 ms clock, 0.28+0.086/1238/1769+0.20 ms cpu, 528->545->486 MB, 574 MB goal, 0 MB stacks, 0 MB globals, 2 P
gc 130 @1482.142s 6%: 0.18+4350+0.098 ms clock, 0.37+0.11/2178/2883+0.19 ms cpu, 872->896->567 MB, 973 MB goal, 0 MB stacks, 0 MB globals, 2 P
gc 131 @1503.445s 6%: 0.15+5742+0.17 ms clock, 0.31+0.097/2915/3921+0.34 ms cpu, 977->1007->643 MB, 1134 MB goal, 0 MB stacks, 0 MB globals, 2 P
time="2026-08-06T18:59:01Z" level=error msg="Failed to load session test-ns-25kkd/raycluster-historyserver/session_2026-08-06_11-32-01_850718_1: context canceled"
time="2026-08-06T18:59:02Z" level=info msg="Prepare to get object log/cluster-history/raycluster/test-ns-25kkd/raycluster-historyserver/session_2026-08-06_11-32-01_850718_1/a17d3cad2abef6d000063920c29c25b77905d5cb11d950fccbddc58c/job_events/03000000/a17d3cad2abef6d000063920c29c25b77905d5cb11d950fccbddc58c-2026-08-06-18-1786041187322374126.jsonl info ..."
