time,phase,pod,container,cpu_stat_time,cpu_usage_core_nanoseconds,working_set_bytes
2026-08-06T13:32:23.153565-05:00,job,raycluster-historyserver-cpu-worker-k9jtk,ray-worker,2026-08-06T18:32:22Z,2936201000,304562176
2026-08-06T13:32:23.153565-05:00,job,raycluster-historyserver-cpu-worker-k9jtk,collector,2026-08-06T18:32:22Z,583520000,56156160
2026-08-06T13:32:23.153565-05:00,job,raycluster-historyserver-head-tgpqn,ray-head,2026-08-06T18:32:12Z,13582767000,3106803712
2026-08-06T13:32:23.153565-05:00,job,raycluster-historyserver-head-tgpqn,collector,2026-08-06T18:32:16Z,645830000,62017536
2026-08-06T13:32:24.153517-05:00,job,raycluster-historyserver-head-tgpqn,collector,2026-08-06T18:32:16Z,645830000,62017536
2026-08-06T13:32:24.153517-05:00,job,raycluster-historyserver-head-tgpqn,ray-head,2026-08-06T18:32:12Z,13582767000,3106803712
2026-08-06T13:32:24.153517-05:00,job,raycluster-historyserver-cpu-worker-k9jtk,collector,2026-08-06T18:32:22Z,583520000,56156160
2026-08-06T13:32:24.153517-05:00,job,raycluster-historyserver-cpu-worker-k9jtk,ray-worker,2026-08-06T18:32:22Z,2936201000,304562176
2026-08-06T13:32:25.153589-05:00,job,raycluster-historyserver-head-tgpqn,ray-head,2026-08-06T18:32:12Z,13582767000,3106803712
2026-08-06T13:32:25.153589-05:00,job,raycluster-historyserver-head-tgpqn,collector,2026-08-06T18:32:16Z,645830000,62017536
2026-08-06T13:32:25.153589-05:00,job,raycluster-historyserver-cpu-worker-k9jtk,collector,2026-08-06T18:32:22Z,583520000,56156160
2026-08-06T13:32:25.153589-05:00,job,raycluster-historyserver-cpu-worker-k9jtk,ray-worker,2026-08-06T18:32:22Z,2936201000,304562176
2026-08-06T13:32:26.153558-05:00,job,raycluster-historyserver-head-tgpqn,ray-head,2026-08-06T18:32:12Z,13582767000,3106803712
2026-08-06T13:32:26.153558-05:00,job,raycluster-historyserver-head-tgpqn,collector,2026-08-06T18:32:16Z,645830000,62017536
2026-08-06T13:32:26.153558-05:00,job,raycluster-historyserver-cpu-worker-k9jtk,collector,2026-08-06T18:32:22Z,583520000,56156160
2026-08-06T13:32:26.153558-05:00,job,raycluster-historyserver-cpu-worker-k9jtk,ray-worker,2026-08-06T18:32:22Z,2936201000,304562176
2026-08-06T13:32:27.153071-05:00,job,raycluster-historyserver-head-tgpqn,ray-head,2026-08-06T18:32:12Z,13582767000,3106803712
2026-08-06T13:32:27.153071-05:00,job,raycluster-historyserver-head-tgpqn,collector,2026-08-06T18:32:16Z,645830000,62017536
2026-08-06T13:32:27.153071-05:00,job,raycluster-historyserver-cpu-worker-k9jtk,ray-worker,2026-08-06T18:32:22Z,2936201000,304562176
2026-08-06T13:32:27.153071-05:00,job,raycluster-historyserver-cpu-worker-k9jtk,collector,2026-08-06T18:32:22Z,583520000,56156160
2026-08-06T13:32:28.153566-05:00,job,raycluster-historyserver-head-tgpqn,collector,2026-08-06T18:32:16Z,645830000,62017536
2026-08-06T13:32:28.153566-05:00,job,raycluster-historyserver-head-tgpqn,ray-head,2026-08-06T18:32:27Z,17163048000,3332964352
2026-08-06T13:32:28.153566-05:00,job,raycluster-historyserver-cpu-worker-k9jtk,collector,2026-08-06T18:32:22Z,583520000,56156160
2026-08-06T13:32:28.153566-05:00,job,raycluster-historyserver-cpu-worker-k9jtk,ray-worker,2026-08-06T18:32:22Z,2936201000,304562176
2026-08-06T13:32:29.153573-05:00,job,raycluster-historyserver-head-tgpqn,collector,2026-08-06T18:32:28Z,1296041000,85049344
2026-08-06T13:32:29.153573-05:00,job,raycluster-historyserver-head-tgpqn,ray-head,2026-08-06T18:32:27Z,17163048000,3332964352
2026-08-06T13:32:29.153573-05:00,job,raycluster-historyserver-cpu-worker-k9jtk,collector,2026-08-06T18:32:22Z,583520000,56156160
2026-08-06T13:32:29.153573-05:00,job,raycluster-historyserver-cpu-worker-k9jtk,ray-worker,2026-08-06T18:32:22Z,2936201000,304562176
2026-08-06T13:32:30.15276-05:00,job,raycluster-historyserver-head-tgpqn,collector,2026-08-06T18:32:28Z,1296041000,85049344
2026-08-06T13:32:30.15276-05:00,job,raycluster-historyserver-head-tgpqn,ray-head,2026-08-06T18:32:27Z,17163048000,3332964352
2026-08-06T13:32:30.15276-05:00,job,raycluster-historyserver-cpu-worker-k9jtk,collector,2026-08-06T18:32:22Z,583520000,56156160
2026-08-06T13:32:30.15276-05:00,job,raycluster-historyserver-cpu-worker-k9jtk,ray-worker,2026-08-06T18:32:22Z,2936201000,304562176
2026-08-06T13:32:31.153584-05:00,job,raycluster-historyserver-head-tgpqn,collector,2026-08-06T18:32:28Z,1296041000,85049344
2026-08-06T13:32:31.153584-05:00,job,raycluster-historyserver-head-tgpqn,ray-head,2026-08-06T18:32:27Z,17163048000,3332964352
2026-08-06T13:32:31.153584-05:00,job,raycluster-historyserver-cpu-worker-k9jtk,collector,2026-08-06T18:32:22Z,583520000,56156160
2026-08-06T13:32:31.153584-05:00,job,raycluster-historyserver-cpu-worker-k9jtk,ray-worker,2026-08-06T18:32:22Z,2936201000,304562176
2026-08-06T13:32:32.153143-05:00,job,raycluster-historyserver-head-tgpqn,collector,2026-08-06T18:32:28Z,1296041000,85049344
2026-08-06T13:32:32.153143-05:00,job,raycluster-historyserver-head-tgpqn,ray-head,2026-08-06T18:32:27Z,17163048000,3332964352
2026-08-06T13:32:32.153143-05:00,job,raycluster-historyserver-cpu-worker-k9jtk,collector,2026-08-06T18:32:22Z,583520000,56156160
2026-08-06T13:32:32.153143-05:00,job,raycluster-historyserver-cpu-worker-k9jtk,ray-worker,2026-08-06T18:32:22Z,2936201000,304562176
2026-08-06T13:32:33.153103-05:00,job,raycluster-historyserver-cpu-worker-k9jtk,ray-worker,2026-08-06T18:32:22Z,2936201000,304562176
2026-08-06T13:32:33.153103-05:00,job,raycluster-historyserver-cpu-worker-k9jtk,collector,2026-08-06T18:32:22Z,583520000,56156160
2026-08-06T13:32:33.153103-05:00,job,raycluster-historyserver-head-tgpqn,ray-head,2026-08-06T18:32:27Z,17163048000,3332964352
2026-08-06T13:32:33.153103-05:00,job,raycluster-historyserver-head-tgpqn,collector,2026-08-06T18:32:28Z,1296041000,85049344
2026-08-06T13:32:34.153599-05:00,job,raycluster-historyserver-head-tgpqn,ray-head,2026-08-06T18:32:27Z,17163048000,3332964352
2026-08-06T13:32:34.153599-05:00,job,raycluster-historyserver-head-tgpqn,collector,2026-08-06T18:32:28Z,1296041000,85049344
2026-08-06T13:32:34.153599-05:00,job,raycluster-historyserver-cpu-worker-k9jtk,collector,2026-08-06T18:32:22Z,583520000,56156160
2026-08-06T13:32:34.153599-05:00,job,raycluster-historyserver-cpu-worker-k9jtk,ray-worker,2026-08-06T18:32:22Z,2936201000,304562176
2026-08-06T13:32:35.152911-05:00,job,raycluster-historyserver-cpu-worker-k9jtk,ray-worker,2026-08-06T18:32:22Z,2936201000,304562176
2026-08-06T13:32:35.152911-05:00,job,raycluster-historyserver-cpu-worker-k9jtk,collector,2026-08-06T18:32:34Z,2816326000,87576576
2026-08-06T13:32:35.152911-05:00,job,raycluster-historyserver-head-tgpqn,ray-head,2026-08-06T18:32:27Z,17163048000,3332964352
2026-08-06T13:32:35.152911-05:00,job,raycluster-historyserver-head-tgpqn,collector,2026-08-06T18:32:28Z,1296041000,85049344
2026-08-06T13:32:36.15366-05:00,job,raycluster-historyserver-cpu-worker-k9jtk,ray-worker,2026-08-06T18:32:22Z,2936201000,304562176
2026-08-06T13:32:36.15366-05:00,job,raycluster-historyserver-cpu-worker-k9jtk,collector,2026-08-06T18:32:34Z,2816326000,87576576
2026-08-06T13:32:36.15366-05:00,job,raycluster-historyserver-head-tgpqn,ray-head,2026-08-06T18:32:27Z,17163048000,3332964352
2026-08-06T13:32:36.15366-05:00,job,raycluster-historyserver-head-tgpqn,collector,2026-08-06T18:32:28Z,1296041000,85049344
2026-08-06T13:32:37.15272-05:00,job,raycluster-historyserver-head-tgpqn,ray-head,2026-08-06T18:32:27Z,17163048000,3332964352
2026-08-06T13:32:37.15272-05:00,job,raycluster-historyserver-head-tgpqn,collector,2026-08-06T18:32:28Z,1296041000,85049344
2026-08-06T13:32:37.15272-05:00,job,raycluster-historyserver-cpu-worker-k9jtk,collector,2026-08-06T18:32:34Z,2816326000,87576576
2026-08-06T13:32:37.15272-05:00,job,raycluster-historyserver-cpu-worker-k9jtk,ray-worker,2026-08-06T18:32:22Z,2936201000,304562176
2026-08-06T13:32:38.15327-05:00,job,raycluster-historyserver-cpu-worker-k9jtk,ray-worker,2026-08-06T18:32:22Z,2936201000,304562176
2026-08-06T13:32:38.15327-05:00,job,raycluster-historyserver-cpu-worker-k9jtk,collector,2026-08-06T18:32:34Z,2816326000,87576576
2026-08-06T13:32:38.15327-05:00,job,raycluster-historyserver-head-tgpqn,ray-head,2026-08-06T18:32:37Z,28865765000,3677569024
2026-08-06T13:32:38.15327-05:00,job,raycluster-historyserver-head-tgpqn,collector,2026-08-06T18:32:28Z,1296041000,85049344
2026-08-06T13:32:39.153123-05:00,job,raycluster-historyserver-cpu-worker-k9jtk,ray-worker,2026-08-06T18:32:22Z,2936201000,304562176
2026-08-06T13:32:39.153123-05:00,job,raycluster-historyserver-cpu-worker-k9jtk,collector,2026-08-06T18:32:34Z,2816326000,87576576
2026-08-06T13:32:39.153123-05:00,job,raycluster-historyserver-head-tgpqn,ray-head,2026-08-06T18:32:37Z,28865765000,3677569024
2026-08-06T13:32:39.153123-05:00,job,raycluster-historyserver-head-tgpqn,collector,2026-08-06T18:32:28Z,1296041000,85049344
2026-08-06T13:32:40.153716-05:00,job,raycluster-historyserver-head-tgpqn,collector,2026-08-06T18:32:28Z,1296041000,85049344
2026-08-06T13:32:40.153716-05:00,job,raycluster-historyserver-head-tgpqn,ray-head,2026-08-06T18:32:37Z,28865765000,3677569024
2026-08-06T13:32:40.153716-05:00,job,raycluster-historyserver-cpu-worker-k9jtk,collector,2026-08-06T18:32:34Z,2816326000,87576576
2026-08-06T13:32:40.153716-05:00,job,raycluster-historyserver-cpu-worker-k9jtk,ray-worker,2026-08-06T18:32:22Z,2936201000,304562176
2026-08-06T13:32:41.153693-05:00,job,raycluster-historyserver-cpu-worker-k9jtk,ray-worker,2026-08-06T18:32:22Z,2936201000,304562176
2026-08-06T13:32:41.153693-05:00,job,raycluster-historyserver-cpu-worker-k9jtk,collector,2026-08-06T18:32:34Z,2816326000,87576576
2026-08-06T13:32:41.153693-05:00,job,raycluster-historyserver-head-tgpqn,ray-head,2026-08-06T18:32:37Z,28865765000,3677569024
2026-08-06T13:32:41.153693-05:00,job,raycluster-historyserver-head-tgpqn,collector,2026-08-06T18:32:28Z,1296041000,85049344
2026-08-06T13:32:42.153188-05:00,job,raycluster-historyserver-head-tgpqn,collector,2026-08-06T18:32:28Z,1296041000,85049344
2026-08-06T13:32:42.153188-05:00,job,raycluster-historyserver-head-tgpqn,ray-head,2026-08-06T18:32:37Z,28865765000,3677569024
2026-08-06T13:32:42.153188-05:00,job,raycluster-historyserver-cpu-worker-k9jtk,collector,2026-08-06T18:32:34Z,2816326000,87576576
2026-08-06T13:32:42.153188-05:00,job,raycluster-historyserver-cpu-worker-k9jtk,ray-worker,2026-08-06T18:32:41Z,33746200000,1020403712
2026-08-06T13:32:43.153734-05:00,job,raycluster-historyserver-cpu-worker-k9jtk,ray-worker,2026-08-06T18:32:41Z,33746200000,1020403712
2026-08-06T13:32:43.153734-05:00,job,raycluster-historyserver-cpu-worker-k9jtk,collector,2026-08-06T18:32:34Z,2816326000,87576576
2026-08-06T13:32:43.153734-05:00,job,raycluster-historyserver-head-tgpqn,ray-head,2026-08-06T18:32:37Z,28865765000,3677569024
2026-08-06T13:32:43.153734-05:00,job,raycluster-historyserver-head-tgpqn,collector,2026-08-06T18:32:28Z,1296041000,85049344
2026-08-06T13:32:44.153708-05:00,job,raycluster-historyserver-cpu-worker-k9jtk,collector,2026-08-06T18:32:34Z,2816326000,87576576
2026-08-06T13:32:44.153708-05:00,job,raycluster-historyserver-cpu-worker-k9jtk,ray-worker,2026-08-06T18:32:41Z,33746200000,1020403712
2026-08-06T13:32:44.153708-05:00,job,raycluster-historyserver-head-tgpqn,collector,2026-08-06T18:32:28Z,1296041000,85049344
2026-08-06T13:32:44.153708-05:00,job,raycluster-historyserver-head-tgpqn,ray-head,2026-08-06T18:32:37Z,28865765000,3677569024
2026-08-06T13:32:45.153497-05:00,job,raycluster-historyserver-cpu-worker-k9jtk,collector,2026-08-06T18:32:34Z,2816326000,87576576
2026-08-06T13:32:45.153497-05:00,job,raycluster-historyserver-cpu-worker-k9jtk,ray-worker,2026-08-06T18:32:41Z,33746200000,1020403712
2026-08-06T13:32:45.153497-05:00,job,raycluster-historyserver-head-tgpqn,collector,2026-08-06T18:32:28Z,1296041000,85049344
2026-08-06T13:32:45.153497-05:00,job,raycluster-historyserver-head-tgpqn,ray-head,2026-08-06T18:32:37Z,28865765000,3677569024
2026-08-06T13:32:46.153766-05:00,job,raycluster-historyserver-head-tgpqn,ray-head,2026-08-06T18:32:37Z,28865765000,3677569024
2026-08-06T13:32:46.153766-05:00,job,raycluster-historyserver-head-tgpqn,collector,2026-08-06T18:32:28Z,1296041000,85049344
2026-08-06T13:32:46.153766-05:00,job,raycluster-historyserver-cpu-worker-k9jtk,collector,2026-08-06T18:32:34Z,2816326000,87576576
2026-08-06T13:32:46.153766-05:00,job,raycluster-historyserver-cpu-worker-k9jtk,ray-worker,2026-08-06T18:32:41Z,33746200000,1020403712
2026-08-06T13:32:47.153428-05:00,job,raycluster-historyserver-cpu-worker-k9jtk,ray-worker,2026-08-06T18:32:41Z,33746200000,1020403712
2026-08-06T13:32:47.153428-05:00,job,raycluster-historyserver-cpu-worker-k9jtk,collector,2026-08-06T18:32:34Z,2816326000,87576576
2026-08-06T13:32:47.153428-05:00,job,raycluster-historyserver-head-tgpqn,ray-head,2026-08-06T18:32:37Z,28865765000,3677569024
2026-08-06T13:32:47.153428-05:00,job,raycluster-historyserver-head-tgpqn,collector,2026-08-06T18:32:28Z,1296041000,85049344
2026-08-06T13:32:48.153343-05:00,job,raycluster-historyserver-head-tgpqn,collector,2026-08-06T18:32:48Z,13377606000,135041024
2026-08-06T13:32:48.153343-05:00,job,raycluster-historyserver-head-tgpqn,ray-head,2026-08-06T18:32:37Z,28865765000,3677569024
2026-08-06T13:32:48.153343-05:00,job,raycluster-historyserver-cpu-worker-k9jtk,collector,2026-08-06T18:32:34Z,2816326000,87576576
2026-08-06T13:32:48.153343-05:00,job,raycluster-historyserver-cpu-worker-k9jtk,ray-worker,2026-08-06T18:32:41Z,33746200000,1020403712
2026-08-06T13:32:49.153663-05:00,job,raycluster-historyserver-cpu-worker-k9jtk,ray-worker,2026-08-06T18:32:41Z,33746200000,1020403712
2026-08-06T13:32:49.153663-05:00,job,raycluster-historyserver-cpu-worker-k9jtk,collector,2026-08-06T18:32:34Z,2816326000,87576576
2026-08-06T13:32:49.153663-05:00,job,raycluster-historyserver-head-tgpqn,ray-head,2026-08-06T18:32:37Z,28865765000,3677569024
2026-08-06T13:32:49.153663-05:00,job,raycluster-historyserver-head-tgpqn,collector,2026-08-06T18:32:48Z,13377606000,135041024
2026-08-06T13:32:50.153387-05:00,job,raycluster-historyserver-head-tgpqn,collector,2026-08-06T18:32:48Z,13377606000,135041024
2026-08-06T13:32:50.153387-05:00,job,raycluster-historyserver-head-tgpqn,ray-head,2026-08-06T18:32:37Z,28865765000,3677569024
2026-08-06T13:32:50.153387-05:00,job,raycluster-historyserver-cpu-worker-k9jtk,collector,2026-08-06T18:32:34Z,2816326000,87576576
2026-08-06T13:32:50.153387-05:00,job,raycluster-historyserver-cpu-worker-k9jtk,ray-worker,2026-08-06T18:32:41Z,33746200000,1020403712
2026-08-06T13:32:51.153791-05:00,job,raycluster-historyserver-head-tgpqn,ray-head,2026-08-06T18:32:37Z,28865765000,3677569024
2026-08-06T13:32:51.153791-05:00,job,raycluster-historyserver-head-tgpqn,collector,2026-08-06T18:32:48Z,13377606000,135041024
2026-08-06T13:32:51.153791-05:00,job,raycluster-historyserver-cpu-worker-k9jtk,collector,2026-08-06T18:32:34Z,2816326000,87576576
2026-08-06T13:32:51.153791-05:00,job,raycluster-historyserver-cpu-worker-k9jtk,ray-worker,2026-08-06T18:32:41Z,33746200000,1020403712
2026-08-06T13:32:52.153554-05:00,job,raycluster-historyserver-head-tgpqn,collector,2026-08-06T18:32:48Z,13377606000,135041024
2026-08-06T13:32:52.153554-05:00,job,raycluster-historyserver-head-tgpqn,ray-head,2026-08-06T18:32:37Z,28865765000,3677569024
2026-08-06T13:32:52.153554-05:00,job,raycluster-historyserver-cpu-worker-k9jtk,collector,2026-08-06T18:32:34Z,2816326000,87576576
2026-08-06T13:32:52.153554-05:00,job,raycluster-historyserver-cpu-worker-k9jtk,ray-worker,2026-08-06T18:32:41Z,33746200000,1020403712
2026-08-06T13:32:53.15281-05:00,job,raycluster-historyserver-cpu-worker-k9jtk,ray-worker,2026-08-06T18:32:41Z,33746200000,1020403712
2026-08-06T13:32:53.15281-05:00,job,raycluster-historyserver-cpu-worker-k9jtk,collector,2026-08-06T18:32:52Z,10319248000,122290176
2026-08-06T13:32:53.15281-05:00,job,raycluster-historyserver-head-tgpqn,ray-head,2026-08-06T18:32:37Z,28865765000,3677569024
2026-08-06T13:32:53.15281-05:00,job,raycluster-historyserver-head-tgpqn,collector,2026-08-06T18:32:48Z,13377606000,135041024
2026-08-06T13:32:54.153635-05:00,job,raycluster-historyserver-head-tgpqn,collector,2026-08-06T18:32:48Z,13377606000,135041024
2026-08-06T13:32:54.153635-05:00,job,raycluster-historyserver-head-tgpqn,ray-head,2026-08-06T18:32:37Z,28865765000,3677569024
2026-08-06T13:32:54.153635-05:00,job,raycluster-historyserver-cpu-worker-k9jtk,collector,2026-08-06T18:32:52Z,10319248000,122290176
2026-08-06T13:32:54.153635-05:00,job,raycluster-historyserver-cpu-worker-k9jtk,ray-worker,2026-08-06T18:32:41Z,33746200000,1020403712
2026-08-06T13:32:55.154135-05:00,job,raycluster-historyserver-cpu-worker-k9jtk,ray-worker,2026-08-06T18:32:41Z,33746200000,1020403712
2026-08-06T13:32:55.154135-05:00,job,raycluster-historyserver-cpu-worker-k9jtk,collector,2026-08-06T18:32:52Z,10319248000,122290176
2026-08-06T13:32:55.154135-05:00,job,raycluster-historyserver-head-tgpqn,ray-head,2026-08-06T18:32:37Z,28865765000,3677569024
2026-08-06T13:32:55.154135-05:00,job,raycluster-historyserver-head-tgpqn,collector,2026-08-06T18:32:48Z,13377606000,135041024
2026-08-06T13:32:56.153865-05:00,job,raycluster-historyserver-cpu-worker-k9jtk,ray-worker,2026-08-06T18:32:55Z,62111949000,1068355584
2026-08-06T13:32:56.153865-05:00,job,raycluster-historyserver-cpu-worker-k9jtk,collector,2026-08-06T18:32:52Z,10319248000,122290176
2026-08-06T13:32:56.153865-05:00,job,raycluster-historyserver-head-tgpqn,ray-head,2026-08-06T18:32:55Z,49301555000,3906633728
2026-08-06T13:32:56.153865-05:00,job,raycluster-historyserver-head-tgpqn,collector,2026-08-06T18:32:48Z,13377606000,135041024
2026-08-06T13:32:57.153144-05:00,job,raycluster-historyserver-cpu-worker-k9jtk,ray-worker,2026-08-06T18:32:55Z,62111949000,1068355584
2026-08-06T13:32:57.153144-05:00,job,raycluster-historyserver-cpu-worker-k9jtk,collector,2026-08-06T18:32:52Z,10319248000,122290176
2026-08-06T13:32:57.153144-05:00,job,raycluster-historyserver-head-tgpqn,ray-head,2026-08-06T18:32:55Z,49301555000,3906633728
2026-08-06T13:32:57.153144-05:00,job,raycluster-historyserver-head-tgpqn,collector,2026-08-06T18:32:48Z,13377606000,135041024
2026-08-06T13:32:58.153874-05:00,job,raycluster-historyserver-cpu-worker-k9jtk,collector,2026-08-06T18:32:52Z,10319248000,122290176
2026-08-06T13:32:58.153874-05:00,job,raycluster-historyserver-cpu-worker-k9jtk,ray-worker,2026-08-06T18:32:55Z,62111949000,1068355584
2026-08-06T13:32:58.153874-05:00,job,raycluster-historyserver-head-tgpqn,ray-head,2026-08-06T18:32:55Z,49301555000,3906633728
2026-08-06T13:32:58.153874-05:00,job,raycluster-historyserver-head-tgpqn,collector,2026-08-06T18:32:48Z,13377606000,135041024
2026-08-06T13:32:59.153434-05:00,job,raycluster-historyserver-cpu-worker-k9jtk,collector,2026-08-06T18:32:52Z,10319248000,122290176
2026-08-06T13:32:59.153434-05:00,job,raycluster-historyserver-cpu-worker-k9jtk,ray-worker,2026-08-06T18:32:55Z,62111949000,1068355584
2026-08-06T13:32:59.153434-05:00,job,raycluster-historyserver-head-tgpqn,collector,2026-08-06T18:32:58Z,20391790000,124088320
2026-08-06T13:32:59.153434-05:00,job,raycluster-historyserver-head-tgpqn,ray-head,2026-08-06T18:32:55Z,49301555000,3906633728
2026-08-06T13:33:00.153883-05:00,job,raycluster-historyserver-head-tgpqn,collector,2026-08-06T18:32:58Z,20391790000,124088320
2026-08-06T13:33:00.153883-05:00,job,raycluster-historyserver-head-tgpqn,ray-head,2026-08-06T18:32:55Z,49301555000,3906633728
2026-08-06T13:33:00.153883-05:00,job,raycluster-historyserver-cpu-worker-k9jtk,collector,2026-08-06T18:32:52Z,10319248000,122290176
2026-08-06T13:33:00.153883-05:00,job,raycluster-historyserver-cpu-worker-k9jtk,ray-worker,2026-08-06T18:32:55Z,62111949000,1068355584
2026-08-06T13:33:01.153638-05:00,job,raycluster-historyserver-head-tgpqn,collector,2026-08-06T18:32:58Z,20391790000,124088320
2026-08-06T13:33:01.153638-05:00,job,raycluster-historyserver-head-tgpqn,ray-head,2026-08-06T18:32:55Z,49301555000,3906633728
2026-08-06T13:33:01.153638-05:00,job,raycluster-historyserver-cpu-worker-k9jtk,collector,2026-08-06T18:32:52Z,10319248000,122290176
2026-08-06T13:33:01.153638-05:00,job,raycluster-historyserver-cpu-worker-k9jtk,ray-worker,2026-08-06T18:32:55Z,62111949000,1068355584
2026-08-06T13:33:02.152916-05:00,job,raycluster-historyserver-cpu-worker-k9jtk,collector,2026-08-06T18:32:52Z,10319248000,122290176
2026-08-06T13:33:02.152916-05:00,job,raycluster-historyserver-cpu-worker-k9jtk,ray-worker,2026-08-06T18:32:55Z,62111949000,1068355584
2026-08-06T13:33:02.152916-05:00,job,raycluster-historyserver-head-tgpqn,ray-head,2026-08-06T18:32:55Z,49301555000,3906633728
2026-08-06T13:33:02.152916-05:00,job,raycluster-historyserver-head-tgpqn,collector,2026-08-06T18:32:58Z,20391790000,124088320
2026-08-06T13:33:03.153657-05:00,job,raycluster-historyserver-cpu-worker-k9jtk,ray-worker,2026-08-06T18:32:55Z,62111949000,1068355584
2026-08-06T13:33:03.153657-05:00,job,raycluster-historyserver-cpu-worker-k9jtk,collector,2026-08-06T18:32:52Z,10319248000,122290176
2026-08-06T13:33:03.153657-05:00,job,raycluster-historyserver-head-tgpqn,ray-head,2026-08-06T18:32:55Z,49301555000,3906633728
2026-08-06T13:33:03.153657-05:00,job,raycluster-historyserver-head-tgpqn,collector,2026-08-06T18:32:58Z,20391790000,124088320
2026-08-06T13:33:04.153505-05:00,job,raycluster-historyserver-head-tgpqn,collector,2026-08-06T18:32:58Z,20391790000,124088320
2026-08-06T13:33:04.153505-05:00,job,raycluster-historyserver-head-tgpqn,ray-head,2026-08-06T18:32:55Z,49301555000,3906633728
2026-08-06T13:33:04.153505-05:00,job,raycluster-historyserver-cpu-worker-k9jtk,collector,2026-08-06T18:32:52Z,10319248000,122290176
2026-08-06T13:33:04.153505-05:00,job,raycluster-historyserver-cpu-worker-k9jtk,ray-worker,2026-08-06T18:32:55Z,62111949000,1068355584
2026-08-06T13:33:05.153527-05:00,job,raycluster-historyserver-cpu-worker-k9jtk,collector,2026-08-06T18:32:52Z,10319248000,122290176
2026-08-06T13:33:05.153527-05:00,job,raycluster-historyserver-cpu-worker-k9jtk,ray-worker,2026-08-06T18:32:55Z,62111949000,1068355584
2026-08-06T13:33:05.153527-05:00,job,raycluster-historyserver-head-tgpqn,collector,2026-08-06T18:32:58Z,20391790000,124088320
2026-08-06T13:33:05.153527-05:00,job,raycluster-historyserver-head-tgpqn,ray-head,2026-08-06T18:32:55Z,49301555000,3906633728
2026-08-06T13:33:06.153776-05:00,job,raycluster-historyserver-cpu-worker-k9jtk,ray-worker,2026-08-06T18:32:55Z,62111949000,1068355584
2026-08-06T13:33:06.153776-05:00,job,raycluster-historyserver-cpu-worker-k9jtk,collector,2026-08-06T18:32:52Z,10319248000,122290176
2026-08-06T13:33:06.153776-05:00,job,raycluster-historyserver-head-tgpqn,ray-head,2026-08-06T18:32:55Z,49301555000,3906633728
2026-08-06T13:33:06.153776-05:00,job,raycluster-historyserver-head-tgpqn,collector,2026-08-06T18:32:58Z,20391790000,124088320
2026-08-06T13:33:07.153971-05:00,job,raycluster-historyserver-head-tgpqn,ray-head,2026-08-06T18:32:55Z,49301555000,3906633728
2026-08-06T13:33:07.153971-05:00,job,raycluster-historyserver-head-tgpqn,collector,2026-08-06T18:32:58Z,20391790000,124088320
2026-08-06T13:33:07.153971-05:00,job,raycluster-historyserver-cpu-worker-k9jtk,collector,2026-08-06T18:32:52Z,10319248000,122290176
2026-08-06T13:33:07.153971-05:00,job,raycluster-historyserver-cpu-worker-k9jtk,ray-worker,2026-08-06T18:32:55Z,62111949000,1068355584
2026-08-06T13:33:08.15354-05:00,job,raycluster-historyserver-cpu-worker-k9jtk,ray-worker,2026-08-06T18:32:55Z,62111949000,1068355584
2026-08-06T13:33:08.15354-05:00,job,raycluster-historyserver-cpu-worker-k9jtk,collector,2026-08-06T18:32:52Z,10319248000,122290176
2026-08-06T13:33:08.15354-05:00,job,raycluster-historyserver-head-tgpqn,ray-head,2026-08-06T18:32:55Z,49301555000,3906633728
2026-08-06T13:33:08.15354-05:00,job,raycluster-historyserver-head-tgpqn,collector,2026-08-06T18:32:58Z,20391790000,124088320
2026-08-06T13:33:09.153701-05:00,job,raycluster-historyserver-cpu-worker-k9jtk,ray-worker,2026-08-06T18:32:55Z,62111949000,1068355584
2026-08-06T13:33:09.153701-05:00,job,raycluster-historyserver-cpu-worker-k9jtk,collector,2026-08-06T18:32:52Z,10319248000,122290176
2026-08-06T13:33:09.153701-05:00,job,raycluster-historyserver-head-tgpqn,ray-head,2026-08-06T18:32:55Z,49301555000,3906633728
2026-08-06T13:33:09.153701-05:00,job,raycluster-historyserver-head-tgpqn,collector,2026-08-06T18:32:58Z,20391790000,124088320
2026-08-06T13:33:10.15396-05:00,job,raycluster-historyserver-head-tgpqn,collector,2026-08-06T18:32:58Z,20391790000,124088320
2026-08-06T13:33:10.15396-05:00,job,raycluster-historyserver-head-tgpqn,ray-head,2026-08-06T18:32:55Z,49301555000,3906633728
2026-08-06T13:33:10.15396-05:00,job,raycluster-historyserver-cpu-worker-k9jtk,collector,2026-08-06T18:33:09Z,16965475000,96940032
2026-08-06T13:33:10.15396-05:00,job,raycluster-historyserver-cpu-worker-k9jtk,ray-worker,2026-08-06T18:33:09Z,88559082000,1083019264
2026-08-06T13:33:11.153696-05:00,job,raycluster-historyserver-head-tgpqn,collector,2026-08-06T18:32:58Z,20391790000,124088320
2026-08-06T13:33:11.153696-05:00,job,raycluster-historyserver-head-tgpqn,ray-head,2026-08-06T18:32:55Z,49301555000,3906633728
2026-08-06T13:33:11.153696-05:00,job,raycluster-historyserver-cpu-worker-k9jtk,collector,2026-08-06T18:33:09Z,16965475000,96940032
2026-08-06T13:33:11.153696-05:00,job,raycluster-historyserver-cpu-worker-k9jtk,ray-worker,2026-08-06T18:33:09Z,88559082000,1083019264
2026-08-06T13:33:12.153736-05:00,job,raycluster-historyserver-cpu-worker-k9jtk,ray-worker,2026-08-06T18:33:09Z,88559082000,1083019264
2026-08-06T13:33:12.153736-05:00,job,raycluster-historyserver-cpu-worker-k9jtk,collector,2026-08-06T18:33:09Z,16965475000,96940032
2026-08-06T13:33:12.153736-05:00,job,raycluster-historyserver-head-tgpqn,ray-head,2026-08-06T18:32:55Z,49301555000,3906633728
2026-08-06T13:33:12.153736-05:00,job,raycluster-historyserver-head-tgpqn,collector,2026-08-06T18:32:58Z,20391790000,124088320
2026-08-06T13:33:13.154014-05:00,job,raycluster-historyserver-cpu-worker-k9jtk,collector,2026-08-06T18:33:09Z,16965475000,96940032
2026-08-06T13:33:13.154014-05:00,job,raycluster-historyserver-cpu-worker-k9jtk,ray-worker,2026-08-06T18:33:09Z,88559082000,1083019264
2026-08-06T13:33:13.154014-05:00,job,raycluster-historyserver-head-tgpqn,ray-head,2026-08-06T18:32:55Z,49301555000,3906633728
2026-08-06T13:33:13.154014-05:00,job,raycluster-historyserver-head-tgpqn,collector,2026-08-06T18:33:12Z,31729550000,135839744
2026-08-06T13:33:14.153525-05:00,job,raycluster-historyserver-cpu-worker-k9jtk,collector,2026-08-06T18:33:09Z,16965475000,96940032
2026-08-06T13:33:14.153525-05:00,job,raycluster-historyserver-cpu-worker-k9jtk,ray-worker,2026-08-06T18:33:09Z,88559082000,1083019264
2026-08-06T13:33:14.153525-05:00,job,raycluster-historyserver-head-tgpqn,ray-head,2026-08-06T18:33:14Z,66052460000,4050329600
2026-08-06T13:33:14.153525-05:00,job,raycluster-historyserver-head-tgpqn,collector,2026-08-06T18:33:12Z,31729550000,135839744
2026-08-06T13:33:15.154232-05:00,job,raycluster-historyserver-cpu-worker-k9jtk,collector,2026-08-06T18:33:09Z,16965475000,96940032
2026-08-06T13:33:15.154232-05:00,job,raycluster-historyserver-cpu-worker-k9jtk,ray-worker,2026-08-06T18:33:09Z,88559082000,1083019264
2026-08-06T13:33:15.154232-05:00,job,raycluster-historyserver-head-tgpqn,ray-head,2026-08-06T18:33:14Z,66052460000,4050329600
2026-08-06T13:33:15.154232-05:00,job,raycluster-historyserver-head-tgpqn,collector,2026-08-06T18:33:12Z,31729550000,135839744
2026-08-06T13:33:16.154035-05:00,job,raycluster-historyserver-head-tgpqn,ray-head,2026-08-06T18:33:14Z,66052460000,4050329600
2026-08-06T13:33:16.154035-05:00,job,raycluster-historyserver-head-tgpqn,collector,2026-08-06T18:33:12Z,31729550000,135839744
2026-08-06T13:33:16.154035-05:00,job,raycluster-historyserver-cpu-worker-k9jtk,ray-worker,2026-08-06T18:33:09Z,88559082000,1083019264
2026-08-06T13:33:16.154035-05:00,job,raycluster-historyserver-cpu-worker-k9jtk,collector,2026-08-06T18:33:09Z,16965475000,96940032
2026-08-06T13:33:17.154041-05:00,job,raycluster-historyserver-head-tgpqn,collector,2026-08-06T18:33:12Z,31729550000,135839744
2026-08-06T13:33:17.154041-05:00,job,raycluster-historyserver-head-tgpqn,ray-head,2026-08-06T18:33:14Z,66052460000,4050329600
2026-08-06T13:33:17.154041-05:00,job,raycluster-historyserver-cpu-worker-k9jtk,collector,2026-08-06T18:33:09Z,16965475000,96940032
2026-08-06T13:33:17.154041-05:00,job,raycluster-historyserver-cpu-worker-k9jtk,ray-worker,2026-08-06T18:33:09Z,88559082000,1083019264
2026-08-06T13:33:18.153273-05:00,job,raycluster-historyserver-cpu-worker-k9jtk,ray-worker,2026-08-06T18:33:09Z,88559082000,1083019264
2026-08-06T13:33:18.153273-05:00,job,raycluster-historyserver-cpu-worker-k9jtk,collector,2026-08-06T18:33:09Z,16965475000,96940032
2026-08-06T13:33:18.153273-05:00,job,raycluster-historyserver-head-tgpqn,ray-head,2026-08-06T18:33:14Z,66052460000,4050329600
2026-08-06T13:33:18.153273-05:00,job,raycluster-historyserver-head-tgpqn,collector,2026-08-06T18:33:12Z,31729550000,135839744
2026-08-06T13:33:19.154084-05:00,job,raycluster-historyserver-cpu-worker-k9jtk,ray-worker,2026-08-06T18:33:09Z,88559082000,1083019264
2026-08-06T13:33:19.154084-05:00,job,raycluster-historyserver-cpu-worker-k9jtk,collector,2026-08-06T18:33:09Z,16965475000,96940032
2026-08-06T13:33:19.154084-05:00,job,raycluster-historyserver-head-tgpqn,ray-head,2026-08-06T18:33:14Z,66052460000,4050329600
2026-08-06T13:33:19.154084-05:00,job,raycluster-historyserver-head-tgpqn,collector,2026-08-06T18:33:12Z,31729550000,135839744
2026-08-06T13:33:20.154077-05:00,job,raycluster-historyserver-cpu-worker-k9jtk,ray-worker,2026-08-06T18:33:09Z,88559082000,1083019264
2026-08-06T13:33:20.154077-05:00,job,raycluster-historyserver-cpu-worker-k9jtk,collector,2026-08-06T18:33:09Z,16965475000,96940032
2026-08-06T13:33:20.154077-05:00,job,raycluster-historyserver-head-tgpqn,ray-head,2026-08-06T18:33:14Z,66052460000,4050329600
2026-08-06T13:33:20.154077-05:00,job,raycluster-historyserver-head-tgpqn,collector,2026-08-06T18:33:12Z,31729550000,135839744
2026-08-06T13:33:21.154116-05:00,job,raycluster-historyserver-cpu-worker-k9jtk,ray-worker,2026-08-06T18:33:09Z,88559082000,1083019264
2026-08-06T13:33:21.154116-05:00,job,raycluster-historyserver-cpu-worker-k9jtk,collector,2026-08-06T18:33:09Z,16965475000,96940032
2026-08-06T13:33:21.154116-05:00,job,raycluster-historyserver-head-tgpqn,ray-head,2026-08-06T18:33:14Z,66052460000,4050329600
2026-08-06T13:33:21.154116-05:00,job,raycluster-historyserver-head-tgpqn,collector,2026-08-06T18:33:12Z,31729550000,135839744
2026-08-06T13:33:22.153189-05:00,job,raycluster-historyserver-head-tgpqn,collector,2026-08-06T18:33:12Z,31729550000,135839744
2026-08-06T13:33:22.153189-05:00,job,raycluster-historyserver-head-tgpqn,ray-head,2026-08-06T18:33:14Z,66052460000,4050329600
2026-08-06T13:33:22.153189-05:00,job,raycluster-historyserver-cpu-worker-k9jtk,collector,2026-08-06T18:33:09Z,16965475000,96940032
2026-08-06T13:33:22.153189-05:00,job,raycluster-historyserver-cpu-worker-k9jtk,ray-worker,2026-08-06T18:33:09Z,88559082000,1083019264
2026-08-06T13:33:23.153764-05:00,job,raycluster-historyserver-head-tgpqn,collector,2026-08-06T18:33:12Z,31729550000,135839744
2026-08-06T13:33:23.153764-05:00,job,raycluster-historyserver-head-tgpqn,ray-head,2026-08-06T18:33:14Z,66052460000,4050329600
2026-08-06T13:33:23.153764-05:00,job,raycluster-historyserver-cpu-worker-k9jtk,collector,2026-08-06T18:33:09Z,16965475000,96940032
2026-08-06T13:33:23.153764-05:00,job,raycluster-historyserver-cpu-worker-k9jtk,ray-worker,2026-08-06T18:33:09Z,88559082000,1083019264
2026-08-06T13:33:24.153832-05:00,job,raycluster-historyserver-cpu-worker-k9jtk,collector,2026-08-06T18:33:09Z,16965475000,96940032
2026-08-06T13:33:24.153832-05:00,job,raycluster-historyserver-cpu-worker-k9jtk,ray-worker,2026-08-06T18:33:09Z,88559082000,1083019264
2026-08-06T13:33:24.153832-05:00,job,raycluster-historyserver-head-tgpqn,collector,2026-08-06T18:33:12Z,31729550000,135839744
2026-08-06T13:33:24.153832-05:00,job,raycluster-historyserver-head-tgpqn,ray-head,2026-08-06T18:33:14Z,66052460000,4050329600
2026-08-06T13:33:25.1532-05:00,job,raycluster-historyserver-cpu-worker-k9jtk,ray-worker,2026-08-06T18:33:24Z,94145511000,590766080
2026-08-06T13:33:25.1532-05:00,job,raycluster-historyserver-cpu-worker-k9jtk,collector,2026-08-06T18:33:09Z,16965475000,96940032
2026-08-06T13:33:25.1532-05:00,job,raycluster-historyserver-head-tgpqn,ray-head,2026-08-06T18:33:14Z,66052460000,4050329600
2026-08-06T13:33:25.1532-05:00,job,raycluster-historyserver-head-tgpqn,collector,2026-08-06T18:33:12Z,31729550000,135839744
2026-08-06T13:33:26.1539-05:00,job,raycluster-historyserver-head-tgpqn,collector,2026-08-06T18:33:12Z,31729550000,135839744
2026-08-06T13:33:26.1539-05:00,job,raycluster-historyserver-head-tgpqn,ray-head,2026-08-06T18:33:14Z,66052460000,4050329600
2026-08-06T13:33:26.1539-05:00,job,raycluster-historyserver-cpu-worker-k9jtk,collector,2026-08-06T18:33:25Z,26676381000,117022720
2026-08-06T13:33:26.1539-05:00,job,raycluster-historyserver-cpu-worker-k9jtk,ray-worker,2026-08-06T18:33:24Z,94145511000,590766080
2026-08-06T13:33:27.154144-05:00,job,raycluster-historyserver-cpu-worker-k9jtk,ray-worker,2026-08-06T18:33:24Z,94145511000,590766080
2026-08-06T13:33:27.154144-05:00,job,raycluster-historyserver-cpu-worker-k9jtk,collector,2026-08-06T18:33:25Z,26676381000,117022720
2026-08-06T13:33:27.154144-05:00,job,raycluster-historyserver-head-tgpqn,ray-head,2026-08-06T18:33:14Z,66052460000,4050329600
2026-08-06T13:33:27.154144-05:00,job,raycluster-historyserver-head-tgpqn,collector,2026-08-06T18:33:12Z,31729550000,135839744
2026-08-06T13:33:28.153896-05:00,job,raycluster-historyserver-cpu-worker-k9jtk,collector,2026-08-06T18:33:25Z,26676381000,117022720
2026-08-06T13:33:28.153896-05:00,job,raycluster-historyserver-cpu-worker-k9jtk,ray-worker,2026-08-06T18:33:24Z,94145511000,590766080
2026-08-06T13:33:28.153896-05:00,job,raycluster-historyserver-head-tgpqn,collector,2026-08-06T18:33:12Z,31729550000,135839744
2026-08-06T13:33:28.153896-05:00,job,raycluster-historyserver-head-tgpqn,ray-head,2026-08-06T18:33:14Z,66052460000,4050329600
2026-08-06T13:33:29.154153-05:00,job,raycluster-historyserver-head-tgpqn,collector,2026-08-06T18:33:28Z,37804727000,149954560
2026-08-06T13:33:29.154153-05:00,job,raycluster-historyserver-head-tgpqn,ray-head,2026-08-06T18:33:14Z,66052460000,4050329600
2026-08-06T13:33:29.154153-05:00,job,raycluster-historyserver-cpu-worker-k9jtk,collector,2026-08-06T18:33:25Z,26676381000,117022720
2026-08-06T13:33:29.154153-05:00,job,raycluster-historyserver-cpu-worker-k9jtk,ray-worker,2026-08-06T18:33:24Z,94145511000,590766080
2026-08-06T13:33:30.154193-05:00,job,raycluster-historyserver-cpu-worker-k9jtk,ray-worker,2026-08-06T18:33:24Z,94145511000,590766080
2026-08-06T13:33:30.154193-05:00,job,raycluster-historyserver-cpu-worker-k9jtk,collector,2026-08-06T18:33:25Z,26676381000,117022720
2026-08-06T13:33:30.154193-05:00,job,raycluster-historyserver-head-tgpqn,ray-head,2026-08-06T18:33:29Z,70070309000,4029280256
2026-08-06T13:33:30.154193-05:00,job,raycluster-historyserver-head-tgpqn,collector,2026-08-06T18:33:28Z,37804727000,149954560
2026-08-06T13:33:31.153835-05:00,job,raycluster-historyserver-head-tgpqn,ray-head,2026-08-06T18:33:29Z,70070309000,4029280256
2026-08-06T13:33:31.153835-05:00,job,raycluster-historyserver-head-tgpqn,collector,2026-08-06T18:33:28Z,37804727000,149954560
2026-08-06T13:33:31.153835-05:00,job,raycluster-historyserver-cpu-worker-k9jtk,collector,2026-08-06T18:33:25Z,26676381000,117022720
2026-08-06T13:33:31.153835-05:00,job,raycluster-historyserver-cpu-worker-k9jtk,ray-worker,2026-08-06T18:33:24Z,94145511000,590766080
2026-08-06T13:33:32.154201-05:00,job,raycluster-historyserver-head-tgpqn,collector,2026-08-06T18:33:28Z,37804727000,149954560
2026-08-06T13:33:32.154201-05:00,job,raycluster-historyserver-head-tgpqn,ray-head,2026-08-06T18:33:29Z,70070309000,4029280256
2026-08-06T13:33:32.154201-05:00,job,raycluster-historyserver-cpu-worker-k9jtk,collector,2026-08-06T18:33:25Z,26676381000,117022720
2026-08-06T13:33:32.154201-05:00,job,raycluster-historyserver-cpu-worker-k9jtk,ray-worker,2026-08-06T18:33:24Z,94145511000,590766080
2026-08-06T13:33:33.154232-05:00,job,raycluster-historyserver-cpu-worker-k9jtk,ray-worker,2026-08-06T18:33:24Z,94145511000,590766080
2026-08-06T13:33:33.154232-05:00,job,raycluster-historyserver-cpu-worker-k9jtk,collector,2026-08-06T18:33:25Z,26676381000,117022720
2026-08-06T13:33:33.154232-05:00,job,raycluster-historyserver-head-tgpqn,ray-head,2026-08-06T18:33:29Z,70070309000,4029280256
2026-08-06T13:33:33.154232-05:00,job,raycluster-historyserver-head-tgpqn,collector,2026-08-06T18:33:28Z,37804727000,149954560
2026-08-06T13:33:34.154221-05:00,job,raycluster-historyserver-cpu-worker-k9jtk,ray-worker,2026-08-06T18:33:24Z,94145511000,590766080
2026-08-06T13:33:34.154221-05:00,job,raycluster-historyserver-cpu-worker-k9jtk,collector,2026-08-06T18:33:25Z,26676381000,117022720
2026-08-06T13:33:34.154221-05:00,job,raycluster-historyserver-head-tgpqn,ray-head,2026-08-06T18:33:29Z,70070309000,4029280256
2026-08-06T13:33:34.154221-05:00,job,raycluster-historyserver-head-tgpqn,collector,2026-08-06T18:33:28Z,37804727000,149954560
2026-08-06T13:33:35.154228-05:00,job,raycluster-historyserver-cpu-worker-k9jtk,ray-worker,2026-08-06T18:33:24Z,94145511000,590766080
2026-08-06T13:33:35.154228-05:00,job,raycluster-historyserver-cpu-worker-k9jtk,collector,2026-08-06T18:33:25Z,26676381000,117022720
2026-08-06T13:33:35.154228-05:00,job,raycluster-historyserver-head-tgpqn,ray-head,2026-08-06T18:33:29Z,70070309000,4029280256
2026-08-06T13:33:35.154228-05:00,job,raycluster-historyserver-head-tgpqn,collector,2026-08-06T18:33:28Z,37804727000,149954560
2026-08-06T13:33:36.154208-05:00,job,raycluster-historyserver-cpu-worker-k9jtk,collector,2026-08-06T18:33:25Z,26676381000,117022720
2026-08-06T13:33:36.154208-05:00,job,raycluster-historyserver-cpu-worker-k9jtk,ray-worker,2026-08-06T18:33:24Z,94145511000,590766080
2026-08-06T13:33:36.154208-05:00,job,raycluster-historyserver-head-tgpqn,collector,2026-08-06T18:33:28Z,37804727000,149954560
2026-08-06T13:33:36.154208-05:00,job,raycluster-historyserver-head-tgpqn,ray-head,2026-08-06T18:33:29Z,70070309000,4029280256
2026-08-06T13:33:37.153876-05:00,job,raycluster-historyserver-cpu-worker-k9jtk,collector,2026-08-06T18:33:25Z,26676381000,117022720
2026-08-06T13:33:37.153876-05:00,job,raycluster-historyserver-cpu-worker-k9jtk,ray-worker,2026-08-06T18:33:24Z,94145511000,590766080
2026-08-06T13:33:37.153876-05:00,job,raycluster-historyserver-head-tgpqn,ray-head,2026-08-06T18:33:29Z,70070309000,4029280256
2026-08-06T13:33:37.153876-05:00,job,raycluster-historyserver-head-tgpqn,collector,2026-08-06T18:33:28Z,37804727000,149954560
2026-08-06T13:33:38.154283-05:00,job,raycluster-historyserver-cpu-worker-k9jtk,collector,2026-08-06T18:33:25Z,26676381000,117022720
2026-08-06T13:33:38.154283-05:00,job,raycluster-historyserver-cpu-worker-k9jtk,ray-worker,2026-08-06T18:33:24Z,94145511000,590766080
2026-08-06T13:33:38.154283-05:00,job,raycluster-historyserver-head-tgpqn,collector,2026-08-06T18:33:28Z,37804727000,149954560
2026-08-06T13:33:38.154283-05:00,job,raycluster-historyserver-head-tgpqn,ray-head,2026-08-06T18:33:29Z,70070309000,4029280256
2026-08-06T13:33:39.154032-05:00,job,raycluster-historyserver-cpu-worker-k9jtk,ray-worker,2026-08-06T18:33:24Z,94145511000,590766080
2026-08-06T13:33:39.154032-05:00,job,raycluster-historyserver-cpu-worker-k9jtk,collector,2026-08-06T18:33:25Z,26676381000,117022720
2026-08-06T13:33:39.154032-05:00,job,raycluster-historyserver-head-tgpqn,ray-head,2026-08-06T18:33:29Z,70070309000,4029280256
2026-08-06T13:33:39.154032-05:00,job,raycluster-historyserver-head-tgpqn,collector,2026-08-06T18:33:39Z,37830293000,149946368
2026-08-06T13:33:40.154304-05:00,job,raycluster-historyserver-head-tgpqn,collector,2026-08-06T18:33:39Z,37830293000,149946368
2026-08-06T13:33:40.154304-05:00,job,raycluster-historyserver-head-tgpqn,ray-head,2026-08-06T18:33:29Z,70070309000,4029280256
2026-08-06T13:33:40.154304-05:00,job,raycluster-historyserver-cpu-worker-k9jtk,collector,2026-08-06T18:33:25Z,26676381000,117022720
2026-08-06T13:33:40.154304-05:00,job,raycluster-historyserver-cpu-worker-k9jtk,ray-worker,2026-08-06T18:33:24Z,94145511000,590766080
2026-08-06T13:33:41.154328-05:00,job,raycluster-historyserver-cpu-worker-k9jtk,ray-worker,2026-08-06T18:33:40Z,94730104000,465240064
2026-08-06T13:33:41.154328-05:00,job,raycluster-historyserver-cpu-worker-k9jtk,collector,2026-08-06T18:33:40Z,26704632000,69152768
2026-08-06T13:33:41.154328-05:00,job,raycluster-historyserver-head-tgpqn,ray-head,2026-08-06T18:33:29Z,70070309000,4029280256
2026-08-06T13:33:41.154328-05:00,job,raycluster-historyserver-head-tgpqn,collector,2026-08-06T18:33:39Z,37830293000,149946368
2026-08-06T13:33:42.154278-05:00,job,raycluster-historyserver-head-tgpqn,ray-head,2026-08-06T18:33:29Z,70070309000,4029280256
2026-08-06T13:33:42.154278-05:00,job,raycluster-historyserver-head-tgpqn,collector,2026-08-06T18:33:39Z,37830293000,149946368
2026-08-06T13:33:42.154278-05:00,job,raycluster-historyserver-cpu-worker-k9jtk,ray-worker,2026-08-06T18:33:40Z,94730104000,465240064
2026-08-06T13:33:42.154278-05:00,job,raycluster-historyserver-cpu-worker-k9jtk,collector,2026-08-06T18:33:40Z,26704632000,69152768
2026-08-06T13:33:43.154337-05:00,job,raycluster-historyserver-cpu-worker-k9jtk,collector,2026-08-06T18:33:40Z,26704632000,69152768
2026-08-06T13:33:43.154337-05:00,job,raycluster-historyserver-cpu-worker-k9jtk,ray-worker,2026-08-06T18:33:40Z,94730104000,465240064
2026-08-06T13:33:43.154337-05:00,job,raycluster-historyserver-head-tgpqn,collector,2026-08-06T18:33:39Z,37830293000,149946368
2026-08-06T13:33:43.154337-05:00,job,raycluster-historyserver-head-tgpqn,ray-head,2026-08-06T18:33:29Z,70070309000,4029280256
2026-08-06T13:33:44.154331-05:00,job,raycluster-historyserver-cpu-worker-k9jtk,collector,2026-08-06T18:33:40Z,26704632000,69152768
2026-08-06T13:33:44.154331-05:00,job,raycluster-historyserver-cpu-worker-k9jtk,ray-worker,2026-08-06T18:33:40Z,94730104000,465240064
2026-08-06T13:33:44.154331-05:00,job,raycluster-historyserver-head-tgpqn,collector,2026-08-06T18:33:39Z,37830293000,149946368
2026-08-06T13:33:44.154331-05:00,job,raycluster-historyserver-head-tgpqn,ray-head,2026-08-06T18:33:29Z,70070309000,4029280256
2026-08-06T13:33:45.15348-05:00,job,raycluster-historyserver-cpu-worker-k9jtk,ray-worker,2026-08-06T18:33:40Z,94730104000,465240064
2026-08-06T13:33:45.15348-05:00,job,raycluster-historyserver-cpu-worker-k9jtk,collector,2026-08-06T18:33:40Z,26704632000,69152768
2026-08-06T13:33:45.15348-05:00,job,raycluster-historyserver-head-tgpqn,ray-head,2026-08-06T18:33:29Z,70070309000,4029280256
2026-08-06T13:33:45.15348-05:00,job,raycluster-historyserver-head-tgpqn,collector,2026-08-06T18:33:39Z,37830293000,149946368
2026-08-06T13:33:46.154375-05:00,job,raycluster-historyserver-head-tgpqn,collector,2026-08-06T18:33:39Z,37830293000,149946368
2026-08-06T13:33:46.154375-05:00,job,raycluster-historyserver-head-tgpqn,ray-head,2026-08-06T18:33:29Z,70070309000,4029280256
2026-08-06T13:33:46.154375-05:00,job,raycluster-historyserver-cpu-worker-k9jtk,collector,2026-08-06T18:33:40Z,26704632000,69152768
2026-08-06T13:33:46.154375-05:00,job,raycluster-historyserver-cpu-worker-k9jtk,ray-worker,2026-08-06T18:33:40Z,94730104000,465240064
2026-08-06T13:33:47.154349-05:00,job,raycluster-historyserver-head-tgpqn,ray-head,2026-08-06T18:33:29Z,70070309000,4029280256
2026-08-06T13:33:47.154349-05:00,job,raycluster-historyserver-head-tgpqn,collector,2026-08-06T18:33:39Z,37830293000,149946368
2026-08-06T13:33:47.154349-05:00,job,raycluster-historyserver-cpu-worker-k9jtk,collector,2026-08-06T18:33:40Z,26704632000,69152768
2026-08-06T13:33:47.154349-05:00,job,raycluster-historyserver-cpu-worker-k9jtk,ray-worker,2026-08-06T18:33:40Z,94730104000,465240064
2026-08-06T13:33:48.153749-05:00,flush,raycluster-historyserver-head-tgpqn,collector,2026-08-06T18:33:39Z,37830293000,149946368
2026-08-06T13:33:48.153749-05:00,flush,raycluster-historyserver-head-tgpqn,ray-head,2026-08-06T18:33:47Z,72806097000,3408793600
2026-08-06T13:33:52.154005-05:00,historyserver,historyserver-demo-6785ff6464-zlj2n,historyserver,2026-08-06T18:33:52Z,85882000,17756160
2026-08-06T13:33:53.154437-05:00,historyserver,historyserver-demo-6785ff6464-zlj2n,historyserver,2026-08-06T18:33:53Z,589099000,67362816
2026-08-06T13:33:54.154083-05:00,historyserver,historyserver-demo-6785ff6464-zlj2n,historyserver,2026-08-06T18:33:54Z,611413000,67432448
2026-08-06T13:33:55.154444-05:00,historyserver,historyserver-demo-6785ff6464-zlj2n,historyserver,2026-08-06T18:33:55Z,909143000,114638848
2026-08-06T13:33:56.154447-05:00,historyserver,historyserver-demo-6785ff6464-zlj2n,historyserver,2026-08-06T18:33:56Z,1397836000,516259840
2026-08-06T13:33:57.154453-05:00,historyserver,historyserver-demo-6785ff6464-zlj2n,historyserver,2026-08-06T18:33:57Z,1895160000,516861952
2026-08-06T13:33:58.153731-05:00,historyserver,historyserver-demo-6785ff6464-zlj2n,historyserver,2026-08-06T18:33:58Z,2396427000,517541888
2026-08-06T13:33:59.154088-05:00,historyserver,historyserver-demo-6785ff6464-zlj2n,historyserver,2026-08-06T18:33:59Z,2899644000,518025216
2026-08-06T13:34:00.154521-05:00,historyserver,historyserver-demo-6785ff6464-zlj2n,historyserver,2026-08-06T18:34:00Z,3397694000,518864896
2026-08-06T13:34:01.153815-05:00,historyserver,historyserver-demo-6785ff6464-zlj2n,historyserver,2026-08-06T18:34:01Z,3896965000,519483392
2026-08-06T13:34:02.154505-05:00,historyserver,historyserver-demo-6785ff6464-zlj2n,historyserver,2026-08-06T18:34:02Z,4399185000,526446592
2026-08-06T13:34:03.154544-05:00,historyserver,historyserver-demo-6785ff6464-zlj2n,historyserver,2026-08-06T18:34:03Z,4897282000,557117440
2026-08-06T13:34:04.154542-05:00,historyserver,historyserver-demo-6785ff6464-zlj2n,historyserver,2026-08-06T18:34:04Z,5400668000,586944512
2026-08-06T13:34:05.154162-05:00,historyserver,historyserver-demo-6785ff6464-zlj2n,historyserver,2026-08-06T18:34:05Z,5906704000,605249536
2026-08-06T13:34:06.154554-05:00,historyserver,historyserver-demo-6785ff6464-zlj2n,historyserver,2026-08-06T18:34:06Z,6407241000,614158336
2026-08-06T13:34:07.154315-05:00,historyserver,historyserver-demo-6785ff6464-zlj2n,historyserver,2026-08-06T18:34:06Z,6506498000,615116800
2026-08-06T13:34:08.154546-05:00,historyserver,historyserver-demo-6785ff6464-zlj2n,historyserver,2026-08-06T18:34:06Z,6506498000,615116800
2026-08-06T13:34:09.153584-05:00,historyserver,historyserver-demo-6785ff6464-zlj2n,historyserver,2026-08-06T18:34:06Z,6506498000,615116800
2026-08-06T13:34:10.154558-05:00,historyserver,historyserver-demo-6785ff6464-zlj2n,historyserver,2026-08-06T18:34:06Z,6506498000,615116800
2026-08-06T13:34:11.154574-05:00,historyserver,historyserver-demo-6785ff6464-zlj2n,historyserver,2026-08-06T18:34:06Z,6506498000,615116800
2026-08-06T13:34:12.154591-05:00,historyserver,historyserver-demo-6785ff6464-zlj2n,historyserver,2026-08-06T18:34:06Z,6506498000,615116800
2026-08-06T13:34:13.154286-05:00,historyserver,historyserver-demo-6785ff6464-zlj2n,historyserver,2026-08-06T18:34:06Z,6506498000,615116800
2026-08-06T13:34:14.154633-05:00,historyserver,historyserver-demo-6785ff6464-zlj2n,historyserver,2026-08-06T18:34:06Z,6506498000,615116800
2026-08-06T13:34:15.154649-05:00,historyserver,historyserver-demo-6785ff6464-zlj2n,historyserver,2026-08-06T18:34:06Z,6506498000,615116800
2026-08-06T13:34:16.154641-05:00,historyserver,historyserver-demo-6785ff6464-zlj2n,historyserver,2026-08-06T18:34:06Z,6506498000,615116800
2026-08-06T13:34:17.154655-05:00,historyserver,historyserver-demo-6785ff6464-zlj2n,historyserver,2026-08-06T18:34:06Z,6506498000,615116800
2026-08-06T13:34:18.154296-05:00,historyserver,historyserver-demo-6785ff6464-zlj2n,historyserver,2026-08-06T18:34:06Z,6506498000,615116800
2026-08-06T13:34:19.154678-05:00,historyserver,historyserver-demo-6785ff6464-zlj2n,historyserver,2026-08-06T18:34:06Z,6506498000,615116800
2026-08-06T13:34:20.154675-05:00,historyserver,historyserver-demo-6785ff6464-zlj2n,historyserver,2026-08-06T18:34:06Z,6506498000,615116800
2026-08-06T13:34:21.154326-05:00,historyserver,historyserver-demo-6785ff6464-zlj2n,historyserver,2026-08-06T18:34:06Z,6506498000,615116800
2026-08-06T13:34:22.154698-05:00,historyserver,historyserver-demo-6785ff6464-zlj2n,historyserver,2026-08-06T18:34:21Z,13908456000,787148800
2026-08-06T13:34:23.154701-05:00,historyserver,historyserver-demo-6785ff6464-zlj2n,historyserver,2026-08-06T18:34:21Z,13908456000,787148800
2026-08-06T13:34:24.154155-05:00,historyserver,historyserver-demo-6785ff6464-zlj2n,historyserver,2026-08-06T18:34:21Z,13908456000,787148800
2026-08-06T13:34:25.154719-05:00,historyserver,historyserver-demo-6785ff6464-zlj2n,historyserver,2026-08-06T18:34:21Z,13908456000,787148800
2026-08-06T13:34:26.154726-05:00,historyserver,historyserver-demo-6785ff6464-zlj2n,historyserver,2026-08-06T18:34:21Z,13908456000,787148800
2026-08-06T13:34:27.154433-05:00,historyserver,historyserver-demo-6785ff6464-zlj2n,historyserver,2026-08-06T18:34:21Z,13908456000,787148800
2026-08-06T13:34:28.154527-05:00,historyserver,historyserver-demo-6785ff6464-zlj2n,historyserver,2026-08-06T18:34:21Z,13908456000,787148800
2026-08-06T13:34:29.154596-05:00,historyserver,historyserver-demo-6785ff6464-zlj2n,historyserver,2026-08-06T18:34:21Z,13908456000,787148800
2026-08-06T13:34:30.154539-05:00,historyserver,historyserver-demo-6785ff6464-zlj2n,historyserver,2026-08-06T18:34:21Z,13908456000,787148800
2026-08-06T13:34:31.15424-05:00,historyserver,historyserver-demo-6785ff6464-zlj2n,historyserver,2026-08-06T18:34:21Z,13908456000,787148800
2026-08-06T13:34:32.154804-05:00,historyserver,historyserver-demo-6785ff6464-zlj2n,historyserver,2026-08-06T18:34:21Z,13908456000,787148800
2026-08-06T13:34:33.153851-05:00,historyserver,historyserver-demo-6785ff6464-zlj2n,historyserver,2026-08-06T18:34:32Z,19607223000,1023959040
2026-08-06T13:34:34.154827-05:00,historyserver,historyserver-demo-6785ff6464-zlj2n,historyserver,2026-08-06T18:34:32Z,19607223000,1023959040
2026-08-06T13:34:35.153968-05:00,historyserver,historyserver-demo-6785ff6464-zlj2n,historyserver,2026-08-06T18:34:32Z,19607223000,1023959040
2026-08-06T13:34:36.154853-05:00,historyserver,historyserver-demo-6785ff6464-zlj2n,historyserver,2026-08-06T18:34:32Z,19607223000,1023959040
2026-08-06T13:34:37.154867-05:00,historyserver,historyserver-demo-6785ff6464-zlj2n,historyserver,2026-08-06T18:34:32Z,19607223000,1023959040
2026-08-06T13:34:38.154185-05:00,historyserver,historyserver-demo-6785ff6464-zlj2n,historyserver,2026-08-06T18:34:32Z,19607223000,1023959040
2026-08-06T13:34:39.154047-05:00,historyserver,historyserver-demo-6785ff6464-zlj2n,historyserver,2026-08-06T18:34:32Z,19607223000,1023959040
2026-08-06T13:34:40.154818-05:00,historyserver,historyserver-demo-6785ff6464-zlj2n,historyserver,2026-08-06T18:34:32Z,19607223000,1023959040
2026-08-06T13:34:41.154954-05:00,historyserver,historyserver-demo-6785ff6464-zlj2n,historyserver,2026-08-06T18:34:32Z,19607223000,1023959040
2026-08-06T13:34:42.154946-05:00,historyserver,historyserver-demo-6785ff6464-zlj2n,historyserver,2026-08-06T18:34:32Z,19607223000,1023959040
2026-08-06T13:34:43.15469-05:00,historyserver,historyserver-demo-6785ff6464-zlj2n,historyserver,2026-08-06T18:34:32Z,19607223000,1023959040
2026-08-06T13:34:44.154993-05:00,historyserver,historyserver-demo-6785ff6464-zlj2n,historyserver,2026-08-06T18:34:32Z,19607223000,1023959040
2026-08-06T13:34:45.154935-05:00,historyserver,historyserver-demo-6785ff6464-zlj2n,historyserver,2026-08-06T18:34:32Z,19607223000,1023959040
2026-08-06T13:34:46.154938-05:00,historyserver,historyserver-demo-6785ff6464-zlj2n,historyserver,2026-08-06T18:34:32Z,19607223000,1023959040
2026-08-06T13:34:47.154741-05:00,historyserver,historyserver-demo-6785ff6464-zlj2n,historyserver,2026-08-06T18:34:32Z,19607223000,1023959040
2026-08-06T13:34:48.155078-05:00,historyserver,historyserver-demo-6785ff6464-zlj2n,historyserver,2026-08-06T18:34:32Z,19607223000,1023959040
2026-08-06T13:34:49.154742-05:00,historyserver,historyserver-demo-6785ff6464-zlj2n,historyserver,2026-08-06T18:34:32Z,19607223000,1023959040
2026-08-06T13:34:50.15449-05:00,historyserver,historyserver-demo-6785ff6464-zlj2n,historyserver,2026-08-06T18:34:49Z,27943338000,1306894336
2026-08-06T13:34:51.154289-05:00,historyserver,historyserver-demo-6785ff6464-zlj2n,historyserver,2026-08-06T18:34:49Z,27943338000,1306894336
2026-08-06T13:34:52.154745-05:00,historyserver,historyserver-demo-6785ff6464-zlj2n,historyserver,2026-08-06T18:34:49Z,27943338000,1306894336
2026-08-06T13:34:53.155079-05:00,historyserver,historyserver-demo-6785ff6464-zlj2n,historyserver,2026-08-06T18:34:49Z,27943338000,1306894336
2026-08-06T13:34:54.154994-05:00,historyserver,historyserver-demo-6785ff6464-zlj2n,historyserver,2026-08-06T18:34:49Z,27943338000,1306894336
2026-08-06T13:34:55.155039-05:00,historyserver,historyserver-demo-6785ff6464-zlj2n,historyserver,2026-08-06T18:34:49Z,27943338000,1306894336
2026-08-06T13:34:56.155029-05:00,historyserver,historyserver-demo-6785ff6464-zlj2n,historyserver,2026-08-06T18:34:49Z,27943338000,1306894336
2026-08-06T13:34:57.154635-05:00,historyserver,historyserver-demo-6785ff6464-zlj2n,historyserver,2026-08-06T18:34:49Z,27943338000,1306894336
2026-08-06T13:34:58.154791-05:00,historyserver,historyserver-demo-6785ff6464-zlj2n,historyserver,2026-08-06T18:34:49Z,27943338000,1306894336
2026-08-06T13:34:59.155073-05:00,historyserver,historyserver-demo-6785ff6464-zlj2n,historyserver,2026-08-06T18:34:49Z,27943338000,1306894336
2026-08-06T13:35:00.154202-05:00,historyserver,historyserver-demo-6785ff6464-zlj2n,historyserver,2026-08-06T18:34:49Z,27943338000,1306894336
2026-08-06T13:35:01.155154-05:00,historyserver,historyserver-demo-6785ff6464-zlj2n,historyserver,2026-08-06T18:34:49Z,27943338000,1306894336
2026-08-06T13:35:02.154155-05:00,historyserver,historyserver-demo-6785ff6464-zlj2n,historyserver,2026-08-06T18:34:49Z,27943338000,1306894336
2026-08-06T13:35:03.155138-05:00,historyserver,historyserver-demo-6785ff6464-zlj2n,historyserver,2026-08-06T18:34:49Z,27943338000,1306894336
2026-08-06T13:35:04.154248-05:00,historyserver,historyserver-demo-6785ff6464-zlj2n,historyserver,2026-08-06T18:34:49Z,27943338000,1306894336
2026-08-06T13:35:05.154858-05:00,historyserver,historyserver-demo-6785ff6464-zlj2n,historyserver,2026-08-06T18:34:49Z,27943338000,1306894336
2026-08-06T13:35:06.15429-05:00,historyserver,historyserver-demo-6785ff6464-zlj2n,historyserver,2026-08-06T18:34:49Z,27943338000,1306894336
2026-08-06T13:35:07.155156-05:00,historyserver,historyserver-demo-6785ff6464-zlj2n,historyserver,2026-08-06T18:34:49Z,27943338000,1306894336
2026-08-06T13:35:08.155157-05:00,historyserver,historyserver-demo-6785ff6464-zlj2n,historyserver,2026-08-06T18:35:07Z,37063888000,1501974528
2026-08-06T13:35:09.15519-05:00,historyserver,historyserver-demo-6785ff6464-zlj2n,historyserver,2026-08-06T18:35:07Z,37063888000,1501974528
2026-08-06T13:35:10.155246-05:00,historyserver,historyserver-demo-6785ff6464-zlj2n,historyserver,2026-08-06T18:35:07Z,37063888000,1501974528
2026-08-06T13:35:11.154322-05:00,historyserver,historyserver-demo-6785ff6464-zlj2n,historyserver,2026-08-06T18:35:07Z,37063888000,1501974528
2026-08-06T13:35:12.1548-05:00,historyserver,historyserver-demo-6785ff6464-zlj2n,historyserver,2026-08-06T18:35:07Z,37063888000,1501974528
2026-08-06T13:35:13.155516-05:00,historyserver,historyserver-demo-6785ff6464-zlj2n,historyserver,2026-08-06T18:35:07Z,37063888000,1501974528
2026-08-06T13:35:14.155402-05:00,historyserver,historyserver-demo-6785ff6464-zlj2n,historyserver,2026-08-06T18:35:07Z,37063888000,1501974528
2026-08-06T13:35:15.155226-05:00,historyserver,historyserver-demo-6785ff6464-zlj2n,historyserver,2026-08-06T18:35:07Z,37063888000,1501974528
2026-08-06T13:35:16.155234-05:00,historyserver,historyserver-demo-6785ff6464-zlj2n,historyserver,2026-08-06T18:35:07Z,37063888000,1501974528
2026-08-06T13:35:17.15482-05:00,historyserver,historyserver-demo-6785ff6464-zlj2n,historyserver,2026-08-06T18:35:07Z,37063888000,1501974528
2026-08-06T13:35:18.155421-05:00,historyserver,historyserver-demo-6785ff6464-zlj2n,historyserver,2026-08-06T18:35:07Z,37063888000,1501974528
2026-08-06T13:35:19.154966-05:00,historyserver,historyserver-demo-6785ff6464-zlj2n,historyserver,2026-08-06T18:35:19Z,42884973000,1231073280
2026-08-06T13:35:20.155288-05:00,historyserver,historyserver-demo-6785ff6464-zlj2n,historyserver,2026-08-06T18:35:19Z,42884973000,1231073280
2026-08-06T13:35:21.155408-05:00,historyserver,historyserver-demo-6785ff6464-zlj2n,historyserver,2026-08-06T18:35:19Z,42884973000,1231073280
2026-08-06T13:35:22.155344-05:00,historyserver,historyserver-demo-6785ff6464-zlj2n,historyserver,2026-08-06T18:35:19Z,42884973000,1231073280
2026-08-06T13:35:23.154552-05:00,historyserver,historyserver-demo-6785ff6464-zlj2n,historyserver,2026-08-06T18:35:19Z,42884973000,1231073280
2026-08-06T13:35:24.155371-05:00,historyserver,historyserver-demo-6785ff6464-zlj2n,historyserver,2026-08-06T18:35:19Z,42884973000,1231073280
2026-08-06T13:35:25.15541-05:00,historyserver,historyserver-demo-6785ff6464-zlj2n,historyserver,2026-08-06T18:35:19Z,42884973000,1231073280
2026-08-06T13:35:26.154613-05:00,historyserver,historyserver-demo-6785ff6464-zlj2n,historyserver,2026-08-06T18:35:19Z,42884973000,1231073280
2026-08-06T13:35:27.155448-05:00,historyserver,historyserver-demo-6785ff6464-zlj2n,historyserver,2026-08-06T18:35:19Z,42884973000,1231073280
2026-08-06T13:35:28.155546-05:00,historyserver,historyserver-demo-6785ff6464-zlj2n,historyserver,2026-08-06T18:35:19Z,42884973000,1231073280
2026-08-06T13:35:29.155405-05:00,historyserver,historyserver-demo-6785ff6464-zlj2n,historyserver,2026-08-06T18:35:19Z,42884973000,1231073280
2026-08-06T13:35:30.155381-05:00,historyserver,historyserver-demo-6785ff6464-zlj2n,historyserver,2026-08-06T18:35:19Z,42884973000,1231073280
2026-08-06T13:35:31.154576-05:00,historyserver,historyserver-demo-6785ff6464-zlj2n,historyserver,2026-08-06T18:35:19Z,42884973000,1231073280
2026-08-06T13:35:32.154621-05:00,historyserver,historyserver-demo-6785ff6464-zlj2n,historyserver,2026-08-06T18:35:32Z,49365925000,1611554816
2026-08-06T13:35:33.154466-05:00,historyserver,historyserver-demo-6785ff6464-zlj2n,historyserver,2026-08-06T18:35:32Z,49365925000,1611554816
2026-08-06T13:35:34.155414-05:00,historyserver,historyserver-demo-6785ff6464-zlj2n,historyserver,2026-08-06T18:35:32Z,49365925000,1611554816
2026-08-06T13:35:35.155358-05:00,historyserver,historyserver-demo-6785ff6464-zlj2n,historyserver,2026-08-06T18:35:32Z,49365925000,1611554816
2026-08-06T13:35:36.15453-05:00,historyserver,historyserver-demo-6785ff6464-zlj2n,historyserver,2026-08-06T18:35:32Z,49365925000,1611554816
2026-08-06T13:35:37.155195-05:00,historyserver,historyserver-demo-6785ff6464-zlj2n,historyserver,2026-08-06T18:35:32Z,49365925000,1611554816
2026-08-06T13:35:38.155165-05:00,historyserver,historyserver-demo-6785ff6464-zlj2n,historyserver,2026-08-06T18:35:32Z,49365925000,1611554816
2026-08-06T13:35:39.154507-05:00,historyserver,historyserver-demo-6785ff6464-zlj2n,historyserver,2026-08-06T18:35:32Z,49365925000,1611554816
2026-08-06T13:35:40.155328-05:00,historyserver,historyserver-demo-6785ff6464-zlj2n,historyserver,2026-08-06T18:35:32Z,49365925000,1611554816
2026-08-06T13:35:41.155113-05:00,historyserver,historyserver-demo-6785ff6464-zlj2n,historyserver,2026-08-06T18:35:32Z,49365925000,1611554816
2026-08-06T13:35:42.154658-05:00,historyserver,historyserver-demo-6785ff6464-zlj2n,historyserver,2026-08-06T18:35:32Z,49365925000,1611554816
2026-08-06T13:35:43.155597-05:00,historyserver,historyserver-demo-6785ff6464-zlj2n,historyserver,2026-08-06T18:35:32Z,49365925000,1611554816
2026-08-06T13:35:44.155321-05:00,historyserver,historyserver-demo-6785ff6464-zlj2n,historyserver,2026-08-06T18:35:32Z,49365925000,1611554816
2026-08-06T13:35:45.155551-05:00,historyserver,historyserver-demo-6785ff6464-zlj2n,historyserver,2026-08-06T18:35:32Z,49365925000,1611554816
2026-08-06T13:35:46.154864-05:00,historyserver,historyserver-demo-6785ff6464-zlj2n,historyserver,2026-08-06T18:35:32Z,49365925000,1611554816
2026-08-06T13:35:47.155799-05:00,historyserver,historyserver-demo-6785ff6464-zlj2n,historyserver,2026-08-06T18:35:32Z,49365925000,1611554816
2026-08-06T13:35:48.155558-05:00,historyserver,historyserver-demo-6785ff6464-zlj2n,historyserver,2026-08-06T18:35:47Z,57164862000,1767493632
2026-08-06T13:35:49.155436-05:00,historyserver,historyserver-demo-6785ff6464-zlj2n,historyserver,2026-08-06T18:35:47Z,57164862000,1767493632
2026-08-06T13:35:50.155165-05:00,historyserver,historyserver-demo-6785ff6464-zlj2n,historyserver,2026-08-06T18:35:47Z,57164862000,1767493632
2026-08-06T13:35:51.154659-05:00,historyserver,historyserver-demo-6785ff6464-zlj2n,historyserver,2026-08-06T18:35:47Z,57164862000,1767493632
2026-08-06T13:35:52.155823-05:00,historyserver,historyserver-demo-6785ff6464-zlj2n,historyserver,2026-08-06T18:35:47Z,57164862000,1767493632
2026-08-06T13:35:53.155403-05:00,historyserver,historyserver-demo-6785ff6464-zlj2n,historyserver,2026-08-06T18:35:47Z,57164862000,1767493632
2026-08-06T13:35:54.155567-05:00,historyserver,historyserver-demo-6785ff6464-zlj2n,historyserver,2026-08-06T18:35:47Z,57164862000,1767493632
2026-08-06T13:35:55.154983-05:00,historyserver,historyserver-demo-6785ff6464-zlj2n,historyserver,2026-08-06T18:35:47Z,57164862000,1767493632
2026-08-06T13:35:56.155686-05:00,historyserver,historyserver-demo-6785ff6464-zlj2n,historyserver,2026-08-06T18:35:47Z,57164862000,1767493632
2026-08-06T13:35:57.155668-05:00,historyserver,historyserver-demo-6785ff6464-zlj2n,historyserver,2026-08-06T18:35:47Z,57164862000,1767493632
2026-08-06T13:35:58.155343-05:00,historyserver,historyserver-demo-6785ff6464-zlj2n,historyserver,2026-08-06T18:35:47Z,57164862000,1767493632
2026-08-06T13:35:59.15567-05:00,historyserver,historyserver-demo-6785ff6464-zlj2n,historyserver,2026-08-06T18:35:47Z,57164862000,1767493632
2026-08-06T13:36:00.155451-05:00,historyserver,historyserver-demo-6785ff6464-zlj2n,historyserver,2026-08-06T18:35:47Z,57164862000,1767493632
2026-08-06T13:36:01.155407-05:00,historyserver,historyserver-demo-6785ff6464-zlj2n,historyserver,2026-08-06T18:36:00Z,63706885000,1861107712
2026-08-06T13:36:02.155521-05:00,historyserver,historyserver-demo-6785ff6464-zlj2n,historyserver,2026-08-06T18:36:00Z,63706885000,1861107712
2026-08-06T13:36:03.155502-05:00,historyserver,historyserver-demo-6785ff6464-zlj2n,historyserver,2026-08-06T18:36:00Z,63706885000,1861107712
2026-08-06T13:36:04.1557-05:00,historyserver,historyserver-demo-6785ff6464-zlj2n,historyserver,2026-08-06T18:36:00Z,63706885000,1861107712
2026-08-06T13:36:05.155497-05:00,historyserver,historyserver-demo-6785ff6464-zlj2n,historyserver,2026-08-06T18:36:00Z,63706885000,1861107712
2026-08-06T13:36:06.155476-05:00,historyserver,historyserver-demo-6785ff6464-zlj2n,historyserver,2026-08-06T18:36:00Z,63706885000,1861107712
2026-08-06T13:36:07.1554-05:00,historyserver,historyserver-demo-6785ff6464-zlj2n,historyserver,2026-08-06T18:36:00Z,63706885000,1861107712
2026-08-06T13:36:08.15549-05:00,historyserver,historyserver-demo-6785ff6464-zlj2n,historyserver,2026-08-06T18:36:00Z,63706885000,1861107712
2026-08-06T13:36:09.155594-05:00,historyserver,historyserver-demo-6785ff6464-zlj2n,historyserver,2026-08-06T18:36:00Z,63706885000,1861107712
2026-08-06T13:36:10.15548-05:00,historyserver,historyserver-demo-6785ff6464-zlj2n,historyserver,2026-08-06T18:36:00Z,63706885000,1861107712
2026-08-06T13:36:11.155331-05:00,historyserver,historyserver-demo-6785ff6464-zlj2n,historyserver,2026-08-06T18:36:00Z,63706885000,1861107712
2026-08-06T13:36:12.154803-05:00,historyserver,historyserver-demo-6785ff6464-zlj2n,historyserver,2026-08-06T18:36:00Z,63706885000,1861107712
2026-08-06T13:36:13.155468-05:00,historyserver,historyserver-demo-6785ff6464-zlj2n,historyserver,2026-08-06T18:36:00Z,63706885000,1861107712
2026-08-06T13:36:14.155811-05:00,historyserver,historyserver-demo-6785ff6464-zlj2n,historyserver,2026-08-06T18:36:00Z,63706885000,1861107712
2026-08-06T13:36:15.155177-05:00,historyserver,historyserver-demo-6785ff6464-zlj2n,historyserver,2026-08-06T18:36:00Z,63706885000,1861107712
2026-08-06T13:36:16.155383-05:00,historyserver,historyserver-demo-6785ff6464-zlj2n,historyserver,2026-08-06T18:36:15Z,71125311000,1778749440
2026-08-06T13:36:17.154867-05:00,historyserver,historyserver-demo-6785ff6464-zlj2n,historyserver,2026-08-06T18:36:15Z,71125311000,1778749440
2026-08-06T13:36:18.155581-05:00,historyserver,historyserver-demo-6785ff6464-zlj2n,historyserver,2026-08-06T18:36:15Z,71125311000,1778749440
2026-08-06T13:36:19.155868-05:00,historyserver,historyserver-demo-6785ff6464-zlj2n,historyserver,2026-08-06T18:36:15Z,71125311000,1778749440
2026-08-06T13:36:20.155651-05:00,historyserver,historyserver-demo-6785ff6464-zlj2n,historyserver,2026-08-06T18:36:15Z,71125311000,1778749440
2026-08-06T13:36:21.155921-05:00,historyserver,historyserver-demo-6785ff6464-zlj2n,historyserver,2026-08-06T18:36:15Z,71125311000,1778749440
2026-08-06T13:36:22.155736-05:00,historyserver,historyserver-demo-6785ff6464-zlj2n,historyserver,2026-08-06T18:36:15Z,71125311000,1778749440
2026-08-06T13:36:23.156456-05:00,historyserver,historyserver-demo-6785ff6464-zlj2n,historyserver,2026-08-06T18:36:15Z,71125311000,1778749440
2026-08-06T13:36:24.155568-05:00,historyserver,historyserver-demo-6785ff6464-zlj2n,historyserver,2026-08-06T18:36:15Z,71125311000,1778749440
2026-08-06T13:36:25.15614-05:00,historyserver,historyserver-demo-6785ff6464-zlj2n,historyserver,2026-08-06T18:36:15Z,71125311000,1778749440
2026-08-06T13:36:26.156399-05:00,historyserver,historyserver-demo-6785ff6464-zlj2n,historyserver,2026-08-06T18:36:15Z,71125311000,1778749440
2026-08-06T13:36:27.155956-05:00,historyserver,historyserver-demo-6785ff6464-zlj2n,historyserver,2026-08-06T18:36:15Z,71125311000,1778749440
2026-08-06T13:36:28.15583-05:00,historyserver,historyserver-demo-6785ff6464-zlj2n,historyserver,2026-08-06T18:36:15Z,71125311000,1778749440
2026-08-06T13:36:29.155083-05:00,historyserver,historyserver-demo-6785ff6464-zlj2n,historyserver,2026-08-06T18:36:15Z,71125311000,1778749440
2026-08-06T13:36:30.155666-05:00,historyserver,historyserver-demo-6785ff6464-zlj2n,historyserver,2026-08-06T18:36:15Z,71125311000,1778749440
2026-08-06T13:36:31.155733-05:00,historyserver,historyserver-demo-6785ff6464-zlj2n,historyserver,2026-08-06T18:36:15Z,71125311000,1778749440
2026-08-06T13:36:32.155997-05:00,historyserver,historyserver-demo-6785ff6464-zlj2n,historyserver,2026-08-06T18:36:15Z,71125311000,1778749440
2026-08-06T13:36:33.155541-05:00,historyserver,historyserver-demo-6785ff6464-zlj2n,historyserver,2026-08-06T18:36:15Z,71125311000,1778749440
2026-08-06T13:36:34.155663-05:00,historyserver,historyserver-demo-6785ff6464-zlj2n,historyserver,2026-08-06T18:36:15Z,71125311000,1778749440
2026-08-06T13:36:35.156638-05:00,historyserver,historyserver-demo-6785ff6464-zlj2n,historyserver,2026-08-06T18:36:34Z,80098104000,692559872
2026-08-06T13:36:36.155687-05:00,historyserver,historyserver-demo-6785ff6464-zlj2n,historyserver,2026-08-06T18:36:34Z,80098104000,692559872
2026-08-06T13:36:37.155604-05:00,historyserver,historyserver-demo-6785ff6464-zlj2n,historyserver,2026-08-06T18:36:34Z,80098104000,692559872
2026-08-06T13:36:38.15617-05:00,historyserver,historyserver-demo-6785ff6464-zlj2n,historyserver,2026-08-06T18:36:34Z,80098104000,692559872
2026-08-06T13:36:39.156068-05:00,historyserver,historyserver-demo-6785ff6464-zlj2n,historyserver,2026-08-06T18:36:34Z,80098104000,692559872
2026-08-06T13:36:40.156078-05:00,historyserver,historyserver-demo-6785ff6464-zlj2n,historyserver,2026-08-06T18:36:34Z,80098104000,692559872
2026-08-06T13:36:41.155315-05:00,historyserver,historyserver-demo-6785ff6464-zlj2n,historyserver,2026-08-06T18:36:34Z,80098104000,692559872
2026-08-06T13:36:42.15602-05:00,historyserver,historyserver-demo-6785ff6464-zlj2n,historyserver,2026-08-06T18:36:34Z,80098104000,692559872
2026-08-06T13:36:43.155618-05:00,historyserver,historyserver-demo-6785ff6464-zlj2n,historyserver,2026-08-06T18:36:34Z,80098104000,692559872
2026-08-06T13:36:44.156203-05:00,historyserver,historyserver-demo-6785ff6464-zlj2n,historyserver,2026-08-06T18:36:34Z,80098104000,692559872
2026-08-06T13:36:45.156179-05:00,historyserver,historyserver-demo-6785ff6464-zlj2n,historyserver,2026-08-06T18:36:34Z,80098104000,692559872
2026-08-06T13:36:46.15616-05:00,historyserver,historyserver-demo-6785ff6464-zlj2n,historyserver,2026-08-06T18:36:34Z,80098104000,692559872
2026-08-06T13:36:47.157052-05:00,historyserver,historyserver-demo-6785ff6464-zlj2n,historyserver,2026-08-06T18:36:34Z,80098104000,692559872
2026-08-06T13:36:48.156281-05:00,historyserver,historyserver-demo-6785ff6464-zlj2n,historyserver,2026-08-06T18:36:34Z,80098104000,692559872
2026-08-06T13:36:49.156192-05:00,historyserver,historyserver-demo-6785ff6464-zlj2n,historyserver,2026-08-06T18:36:34Z,80098104000,692559872
2026-08-06T13:36:50.15619-05:00,historyserver,historyserver-demo-6785ff6464-zlj2n,historyserver,2026-08-06T18:36:34Z,80098104000,692559872
2026-08-06T13:36:51.156967-05:00,historyserver,historyserver-demo-6785ff6464-zlj2n,historyserver,2026-08-06T18:36:34Z,80098104000,692559872
2026-08-06T13:36:52.155548-05:00,historyserver,historyserver-demo-6785ff6464-zlj2n,historyserver,2026-08-06T18:36:34Z,80098104000,692559872
2026-08-06T13:36:53.156515-05:00,historyserver,historyserver-demo-6785ff6464-zlj2n,historyserver,2026-08-06T18:36:53Z,89365117000,1025216512
2026-08-06T13:36:54.155964-05:00,historyserver,historyserver-demo-6785ff6464-zlj2n,historyserver,2026-08-06T18:36:53Z,89365117000,1025216512
2026-08-06T13:36:55.15628-05:00,historyserver,historyserver-demo-6785ff6464-zlj2n,historyserver,2026-08-06T18:36:53Z,89365117000,1025216512
2026-08-06T13:36:56.156244-05:00,historyserver,historyserver-demo-6785ff6464-zlj2n,historyserver,2026-08-06T18:36:53Z,89365117000,1025216512
2026-08-06T13:36:57.156251-05:00,historyserver,historyserver-demo-6785ff6464-zlj2n,historyserver,2026-08-06T18:36:53Z,89365117000,1025216512
2026-08-06T13:36:58.156053-05:00,historyserver,historyserver-demo-6785ff6464-zlj2n,historyserver,2026-08-06T18:36:53Z,89365117000,1025216512
2026-08-06T13:36:59.155963-05:00,historyserver,historyserver-demo-6785ff6464-zlj2n,historyserver,2026-08-06T18:36:53Z,89365117000,1025216512
2026-08-06T13:37:00.155851-05:00,historyserver,historyserver-demo-6785ff6464-zlj2n,historyserver,2026-08-06T18:36:53Z,89365117000,1025216512
2026-08-06T13:37:01.156284-05:00,historyserver,historyserver-demo-6785ff6464-zlj2n,historyserver,2026-08-06T18:36:53Z,89365117000,1025216512
2026-08-06T13:37:02.156324-05:00,historyserver,historyserver-demo-6785ff6464-zlj2n,historyserver,2026-08-06T18:36:53Z,89365117000,1025216512
2026-08-06T13:37:03.155386-05:00,historyserver,historyserver-demo-6785ff6464-zlj2n,historyserver,2026-08-06T18:36:53Z,89365117000,1025216512
2026-08-06T13:37:04.156339-05:00,historyserver,historyserver-demo-6785ff6464-zlj2n,historyserver,2026-08-06T18:36:53Z,89365117000,1025216512
2026-08-06T13:37:05.156328-05:00,historyserver,historyserver-demo-6785ff6464-zlj2n,historyserver,2026-08-06T18:36:53Z,89365117000,1025216512
2026-08-06T13:37:06.156355-05:00,historyserver,historyserver-demo-6785ff6464-zlj2n,historyserver,2026-08-06T18:36:53Z,89365117000,1025216512
2026-08-06T13:37:07.156346-05:00,historyserver,historyserver-demo-6785ff6464-zlj2n,historyserver,2026-08-06T18:36:53Z,89365117000,1025216512
2026-08-06T13:37:08.156104-05:00,historyserver,historyserver-demo-6785ff6464-zlj2n,historyserver,2026-08-06T18:36:53Z,89365117000,1025216512
2026-08-06T13:37:09.155359-05:00,historyserver,historyserver-demo-6785ff6464-zlj2n,historyserver,2026-08-06T18:36:53Z,89365117000,1025216512
2026-08-06T13:37:10.156356-05:00,historyserver,historyserver-demo-6785ff6464-zlj2n,historyserver,2026-08-06T18:36:53Z,89365117000,1025216512
2026-08-06T13:37:11.156381-05:00,historyserver,historyserver-demo-6785ff6464-zlj2n,historyserver,2026-08-06T18:37:10Z,97966916000,1298026496
2026-08-06T13:37:12.1561-05:00,historyserver,historyserver-demo-6785ff6464-zlj2n,historyserver,2026-08-06T18:37:10Z,97966916000,1298026496
2026-08-06T13:37:13.156374-05:00,historyserver,historyserver-demo-6785ff6464-zlj2n,historyserver,2026-08-06T18:37:10Z,97966916000,1298026496
2026-08-06T13:37:14.156062-05:00,historyserver,historyserver-demo-6785ff6464-zlj2n,historyserver,2026-08-06T18:37:10Z,97966916000,1298026496
2026-08-06T13:37:15.155824-05:00,historyserver,historyserver-demo-6785ff6464-zlj2n,historyserver,2026-08-06T18:37:10Z,97966916000,1298026496
2026-08-06T13:37:16.156016-05:00,historyserver,historyserver-demo-6785ff6464-zlj2n,historyserver,2026-08-06T18:37:10Z,97966916000,1298026496
2026-08-06T13:37:17.156471-05:00,historyserver,historyserver-demo-6785ff6464-zlj2n,historyserver,2026-08-06T18:37:10Z,97966916000,1298026496
2026-08-06T13:37:18.156463-05:00,historyserver,historyserver-demo-6785ff6464-zlj2n,historyserver,2026-08-06T18:37:10Z,97966916000,1298026496
2026-08-06T13:37:19.156475-05:00,historyserver,historyserver-demo-6785ff6464-zlj2n,historyserver,2026-08-06T18:37:10Z,97966916000,1298026496
2026-08-06T13:37:20.156495-05:00,historyserver,historyserver-demo-6785ff6464-zlj2n,historyserver,2026-08-06T18:37:10Z,97966916000,1298026496
2026-08-06T13:37:21.156244-05:00,historyserver,historyserver-demo-6785ff6464-zlj2n,historyserver,2026-08-06T18:37:10Z,97966916000,1298026496
2026-08-06T13:37:22.156433-05:00,historyserver,historyserver-demo-6785ff6464-zlj2n,historyserver,2026-08-06T18:37:21Z,103642968000,1299509248
2026-08-06T13:37:23.155719-05:00,historyserver,historyserver-demo-6785ff6464-zlj2n,historyserver,2026-08-06T18:37:21Z,103642968000,1299509248
2026-08-06T13:37:24.156552-05:00,historyserver,historyserver-demo-6785ff6464-zlj2n,historyserver,2026-08-06T18:37:21Z,103642968000,1299509248
2026-08-06T13:37:25.15652-05:00,historyserver,historyserver-demo-6785ff6464-zlj2n,historyserver,2026-08-06T18:37:21Z,103642968000,1299509248
2026-08-06T13:37:26.156581-05:00,historyserver,historyserver-demo-6785ff6464-zlj2n,historyserver,2026-08-06T18:37:21Z,103642968000,1299509248
2026-08-06T13:37:27.15655-05:00,historyserver,historyserver-demo-6785ff6464-zlj2n,historyserver,2026-08-06T18:37:21Z,103642968000,1299509248
2026-08-06T13:37:28.156547-05:00,historyserver,historyserver-demo-6785ff6464-zlj2n,historyserver,2026-08-06T18:37:21Z,103642968000,1299509248
2026-08-06T13:37:29.15657-05:00,historyserver,historyserver-demo-6785ff6464-zlj2n,historyserver,2026-08-06T18:37:21Z,103642968000,1299509248
2026-08-06T13:37:30.156166-05:00,historyserver,historyserver-demo-6785ff6464-zlj2n,historyserver,2026-08-06T18:37:21Z,103642968000,1299509248
2026-08-06T13:37:31.156791-05:00,historyserver,historyserver-demo-6785ff6464-zlj2n,historyserver,2026-08-06T18:37:21Z,103642968000,1299509248
2026-08-06T13:37:32.15635-05:00,historyserver,historyserver-demo-6785ff6464-zlj2n,historyserver,2026-08-06T18:37:21Z,103642968000,1299509248
2026-08-06T13:37:33.157504-05:00,historyserver,historyserver-demo-6785ff6464-zlj2n,historyserver,2026-08-06T18:37:21Z,103642968000,1299509248
2026-08-06T13:37:34.156714-05:00,historyserver,historyserver-demo-6785ff6464-zlj2n,historyserver,2026-08-06T18:37:21Z,103642968000,1299509248
2026-08-06T13:37:35.155749-05:00,historyserver,historyserver-demo-6785ff6464-zlj2n,historyserver,2026-08-06T18:37:34Z,109960739000,1416216576
2026-08-06T13:37:36.156167-05:00,historyserver,historyserver-demo-6785ff6464-zlj2n,historyserver,2026-08-06T18:37:34Z,109960739000,1416216576
2026-08-06T13:37:37.15666-05:00,historyserver,historyserver-demo-6785ff6464-zlj2n,historyserver,2026-08-06T18:37:34Z,109960739000,1416216576
2026-08-06T13:37:38.156688-05:00,historyserver,historyserver-demo-6785ff6464-zlj2n,historyserver,2026-08-06T18:37:34Z,109960739000,1416216576
2026-08-06T13:37:39.156728-05:00,historyserver,historyserver-demo-6785ff6464-zlj2n,historyserver,2026-08-06T18:37:34Z,109960739000,1416216576
2026-08-06T13:37:40.156527-05:00,historyserver,historyserver-demo-6785ff6464-zlj2n,historyserver,2026-08-06T18:37:34Z,109960739000,1416216576
2026-08-06T13:37:41.15673-05:00,historyserver,historyserver-demo-6785ff6464-zlj2n,historyserver,2026-08-06T18:37:34Z,109960739000,1416216576
2026-08-06T13:37:42.15672-05:00,historyserver,historyserver-demo-6785ff6464-zlj2n,historyserver,2026-08-06T18:37:34Z,109960739000,1416216576
2026-08-06T13:37:43.156728-05:00,historyserver,historyserver-demo-6785ff6464-zlj2n,historyserver,2026-08-06T18:37:34Z,109960739000,1416216576
2026-08-06T13:37:44.156109-05:00,historyserver,historyserver-demo-6785ff6464-zlj2n,historyserver,2026-08-06T18:37:34Z,109960739000,1416216576
2026-08-06T13:37:45.156758-05:00,historyserver,historyserver-demo-6785ff6464-zlj2n,historyserver,2026-08-06T18:37:34Z,109960739000,1416216576
2026-08-06T13:37:46.156784-05:00,historyserver,historyserver-demo-6785ff6464-zlj2n,historyserver,2026-08-06T18:37:34Z,109960739000,1416216576
2026-08-06T13:37:47.156798-05:00,historyserver,historyserver-demo-6785ff6464-zlj2n,historyserver,2026-08-06T18:37:46Z,115943441000,1138450432
2026-08-06T13:37:48.15577-05:00,historyserver,historyserver-demo-6785ff6464-zlj2n,historyserver,2026-08-06T18:37:46Z,115943441000,1138450432
2026-08-06T13:37:49.156521-05:00,historyserver,historyserver-demo-6785ff6464-zlj2n,historyserver,2026-08-06T18:37:46Z,115943441000,1138450432
2026-08-06T13:37:50.156631-05:00,historyserver,historyserver-demo-6785ff6464-zlj2n,historyserver,2026-08-06T18:37:46Z,115943441000,1138450432
2026-08-06T13:37:51.156823-05:00,historyserver,historyserver-demo-6785ff6464-zlj2n,historyserver,2026-08-06T18:37:46Z,115943441000,1138450432
2026-08-06T13:37:52.156521-05:00,historyserver,historyserver-demo-6785ff6464-zlj2n,historyserver,2026-08-06T18:37:46Z,115943441000,1138450432
2026-08-06T13:37:53.156835-05:00,historyserver,historyserver-demo-6785ff6464-zlj2n,historyserver,2026-08-06T18:37:46Z,115943441000,1138450432
2026-08-06T13:37:54.156737-05:00,historyserver,historyserver-demo-6785ff6464-zlj2n,historyserver,2026-08-06T18:37:46Z,115943441000,1138450432
2026-08-06T13:37:55.156832-05:00,historyserver,historyserver-demo-6785ff6464-zlj2n,historyserver,2026-08-06T18:37:46Z,115943441000,1138450432
2026-08-06T13:37:56.156813-05:00,historyserver,historyserver-demo-6785ff6464-zlj2n,historyserver,2026-08-06T18:37:46Z,115943441000,1138450432
2026-08-06T13:37:57.156874-05:00,historyserver,historyserver-demo-6785ff6464-zlj2n,historyserver,2026-08-06T18:37:57Z,121344927000,1138757632
2026-08-06T13:37:58.156879-05:00,historyserver,historyserver-demo-6785ff6464-zlj2n,historyserver,2026-08-06T18:37:57Z,121344927000,1138757632
2026-08-06T13:37:59.155923-05:00,historyserver,historyserver-demo-6785ff6464-zlj2n,historyserver,2026-08-06T18:37:57Z,121344927000,1138757632
2026-08-06T13:38:00.156937-05:00,historyserver,historyserver-demo-6785ff6464-zlj2n,historyserver,2026-08-06T18:37:57Z,121344927000,1138757632
2026-08-06T13:38:01.157151-05:00,historyserver,historyserver-demo-6785ff6464-zlj2n,historyserver,2026-08-06T18:37:57Z,121344927000,1138757632
2026-08-06T13:38:02.156003-05:00,historyserver,historyserver-demo-6785ff6464-zlj2n,historyserver,2026-08-06T18:37:57Z,121344927000,1138757632
2026-08-06T13:38:03.156949-05:00,historyserver,historyserver-demo-6785ff6464-zlj2n,historyserver,2026-08-06T18:37:57Z,121344927000,1138757632
2026-08-06T13:38:04.157007-05:00,historyserver,historyserver-demo-6785ff6464-zlj2n,historyserver,2026-08-06T18:37:57Z,121344927000,1138757632
2026-08-06T13:38:05.156691-05:00,historyserver,historyserver-demo-6785ff6464-zlj2n,historyserver,2026-08-06T18:37:57Z,121344927000,1138757632
2026-08-06T13:38:06.156801-05:00,historyserver,historyserver-demo-6785ff6464-zlj2n,historyserver,2026-08-06T18:37:57Z,121344927000,1138757632
2026-08-06T13:38:07.156738-05:00,historyserver,historyserver-demo-6785ff6464-zlj2n,historyserver,2026-08-06T18:37:57Z,121344927000,1138757632
2026-08-06T13:38:08.156975-05:00,historyserver,historyserver-demo-6785ff6464-zlj2n,historyserver,2026-08-06T18:38:08Z,126915031000,1388052480
2026-08-06T13:38:09.156979-05:00,historyserver,historyserver-demo-6785ff6464-zlj2n,historyserver,2026-08-06T18:38:08Z,126915031000,1388052480
2026-08-06T13:38:10.156992-05:00,historyserver,historyserver-demo-6785ff6464-zlj2n,historyserver,2026-08-06T18:38:08Z,126915031000,1388052480
2026-08-06T13:38:11.156998-05:00,historyserver,historyserver-demo-6785ff6464-zlj2n,historyserver,2026-08-06T18:38:08Z,126915031000,1388052480
2026-08-06T13:38:12.156792-05:00,historyserver,historyserver-demo-6785ff6464-zlj2n,historyserver,2026-08-06T18:38:08Z,126915031000,1388052480
2026-08-06T13:38:13.157023-05:00,historyserver,historyserver-demo-6785ff6464-zlj2n,historyserver,2026-08-06T18:38:08Z,126915031000,1388052480
2026-08-06T13:38:14.156256-05:00,historyserver,historyserver-demo-6785ff6464-zlj2n,historyserver,2026-08-06T18:38:08Z,126915031000,1388052480
2026-08-06T13:38:15.157077-05:00,historyserver,historyserver-demo-6785ff6464-zlj2n,historyserver,2026-08-06T18:38:08Z,126915031000,1388052480
2026-08-06T13:38:16.156761-05:00,historyserver,historyserver-demo-6785ff6464-zlj2n,historyserver,2026-08-06T18:38:08Z,126915031000,1388052480
2026-08-06T13:38:17.157089-05:00,historyserver,historyserver-demo-6785ff6464-zlj2n,historyserver,2026-08-06T18:38:08Z,126915031000,1388052480
2026-08-06T13:38:18.156833-05:00,historyserver,historyserver-demo-6785ff6464-zlj2n,historyserver,2026-08-06T18:38:08Z,126915031000,1388052480
2026-08-06T13:38:19.157083-05:00,historyserver,historyserver-demo-6785ff6464-zlj2n,historyserver,2026-08-06T18:38:08Z,126915031000,1388052480
2026-08-06T13:38:20.15683-05:00,historyserver,historyserver-demo-6785ff6464-zlj2n,historyserver,2026-08-06T18:38:08Z,126915031000,1388052480
2026-08-06T13:38:21.157528-05:00,historyserver,historyserver-demo-6785ff6464-zlj2n,historyserver,2026-08-06T18:38:08Z,126915031000,1388052480
2026-08-06T13:38:22.157082-05:00,historyserver,historyserver-demo-6785ff6464-zlj2n,historyserver,2026-08-06T18:38:08Z,126915031000,1388052480
2026-08-06T13:38:23.157152-05:00,historyserver,historyserver-demo-6785ff6464-zlj2n,historyserver,2026-08-06T18:38:08Z,126915031000,1388052480
2026-08-06T13:38:24.157144-05:00,historyserver,historyserver-demo-6785ff6464-zlj2n,historyserver,2026-08-06T18:38:08Z,126915031000,1388052480
2026-08-06T13:38:25.156193-05:00,historyserver,historyserver-demo-6785ff6464-zlj2n,historyserver,2026-08-06T18:38:08Z,126915031000,1388052480
2026-08-06T13:38:26.157191-05:00,historyserver,historyserver-demo-6785ff6464-zlj2n,historyserver,2026-08-06T18:38:25Z,135513223000,1522331648
2026-08-06T13:38:27.157054-05:00,historyserver,historyserver-demo-6785ff6464-zlj2n,historyserver,2026-08-06T18:38:25Z,135513223000,1522331648
2026-08-06T13:38:28.15647-05:00,historyserver,historyserver-demo-6785ff6464-zlj2n,historyserver,2026-08-06T18:38:25Z,135513223000,1522331648
2026-08-06T13:38:29.156263-05:00,historyserver,historyserver-demo-6785ff6464-zlj2n,historyserver,2026-08-06T18:38:25Z,135513223000,1522331648
2026-08-06T13:38:30.157216-05:00,historyserver,historyserver-demo-6785ff6464-zlj2n,historyserver,2026-08-06T18:38:25Z,135513223000,1522331648
2026-08-06T13:38:31.156721-05:00,historyserver,historyserver-demo-6785ff6464-zlj2n,historyserver,2026-08-06T18:38:25Z,135513223000,1522331648
2026-08-06T13:38:32.157363-05:00,historyserver,historyserver-demo-6785ff6464-zlj2n,historyserver,2026-08-06T18:38:25Z,135513223000,1522331648
2026-08-06T13:38:33.15721-05:00,historyserver,historyserver-demo-6785ff6464-zlj2n,historyserver,2026-08-06T18:38:25Z,135513223000,1522331648
2026-08-06T13:38:34.156304-05:00,historyserver,historyserver-demo-6785ff6464-zlj2n,historyserver,2026-08-06T18:38:25Z,135513223000,1522331648
2026-08-06T13:38:35.157114-05:00,historyserver,historyserver-demo-6785ff6464-zlj2n,historyserver,2026-08-06T18:38:25Z,135513223000,1522331648
2026-08-06T13:38:36.156599-05:00,historyserver,historyserver-demo-6785ff6464-zlj2n,historyserver,2026-08-06T18:38:25Z,135513223000,1522331648
2026-08-06T13:38:37.157336-05:00,historyserver,historyserver-demo-6785ff6464-zlj2n,historyserver,2026-08-06T18:38:25Z,135513223000,1522331648
2026-08-06T13:38:38.157308-05:00,historyserver,historyserver-demo-6785ff6464-zlj2n,historyserver,2026-08-06T18:38:25Z,135513223000,1522331648
2026-08-06T13:38:39.156958-05:00,historyserver,historyserver-demo-6785ff6464-zlj2n,historyserver,2026-08-06T18:38:25Z,135513223000,1522331648
2026-08-06T13:38:40.156739-05:00,historyserver,historyserver-demo-6785ff6464-zlj2n,historyserver,2026-08-06T18:38:25Z,135513223000,1522331648
2026-08-06T13:38:41.157827-05:00,historyserver,historyserver-demo-6785ff6464-zlj2n,historyserver,2026-08-06T18:38:25Z,135513223000,1522331648
2026-08-06T13:38:42.157452-05:00,historyserver,historyserver-demo-6785ff6464-zlj2n,historyserver,2026-08-06T18:38:25Z,135513223000,1522331648
2026-08-06T13:38:43.157385-05:00,historyserver,historyserver-demo-6785ff6464-zlj2n,historyserver,2026-08-06T18:38:25Z,135513223000,1522331648
2026-08-06T13:38:44.157067-05:00,historyserver,historyserver-demo-6785ff6464-zlj2n,historyserver,2026-08-06T18:38:25Z,135513223000,1522331648
2026-08-06T13:38:45.156914-05:00,historyserver,historyserver-demo-6785ff6464-zlj2n,historyserver,2026-08-06T18:38:45Z,145363852000,1794813952
2026-08-06T13:38:46.157334-05:00,historyserver,historyserver-demo-6785ff6464-zlj2n,historyserver,2026-08-06T18:38:45Z,145363852000,1794813952
2026-08-06T13:38:47.157337-05:00,historyserver,historyserver-demo-6785ff6464-zlj2n,historyserver,2026-08-06T18:38:45Z,145363852000,1794813952
2026-08-06T13:38:48.157482-05:00,historyserver,historyserver-demo-6785ff6464-zlj2n,historyserver,2026-08-06T18:38:45Z,145363852000,1794813952
2026-08-06T13:38:49.156457-05:00,historyserver,historyserver-demo-6785ff6464-zlj2n,historyserver,2026-08-06T18:38:45Z,145363852000,1794813952
2026-08-06T13:38:50.157373-05:00,historyserver,historyserver-demo-6785ff6464-zlj2n,historyserver,2026-08-06T18:38:45Z,145363852000,1794813952
2026-08-06T13:38:51.157405-05:00,historyserver,historyserver-demo-6785ff6464-zlj2n,historyserver,2026-08-06T18:38:45Z,145363852000,1794813952
2026-08-06T13:38:52.156721-05:00,historyserver,historyserver-demo-6785ff6464-zlj2n,historyserver,2026-08-06T18:38:45Z,145363852000,1794813952
2026-08-06T13:38:53.157438-05:00,historyserver,historyserver-demo-6785ff6464-zlj2n,historyserver,2026-08-06T18:38:45Z,145363852000,1794813952
2026-08-06T13:38:54.156732-05:00,historyserver,historyserver-demo-6785ff6464-zlj2n,historyserver,2026-08-06T18:38:45Z,145363852000,1794813952
2026-08-06T13:38:55.15743-05:00,historyserver,historyserver-demo-6785ff6464-zlj2n,historyserver,2026-08-06T18:38:45Z,145363852000,1794813952
2026-08-06T13:38:56.157444-05:00,historyserver,historyserver-demo-6785ff6464-zlj2n,historyserver,2026-08-06T18:38:45Z,145363852000,1794813952
2026-08-06T13:38:57.157282-05:00,historyserver,historyserver-demo-6785ff6464-zlj2n,historyserver,2026-08-06T18:38:45Z,145363852000,1794813952
2026-08-06T13:38:58.156798-05:00,historyserver,historyserver-demo-6785ff6464-zlj2n,historyserver,2026-08-06T18:38:45Z,145363852000,1794813952
2026-08-06T13:38:59.157259-05:00,historyserver,historyserver-demo-6785ff6464-zlj2n,historyserver,2026-08-06T18:38:45Z,145363852000,1794813952
2026-08-06T13:39:00.157473-05:00,historyserver,historyserver-demo-6785ff6464-zlj2n,historyserver,2026-08-06T18:39:00Z,152354397000,910934016
2026-08-06T13:39:01.157482-05:00,historyserver,historyserver-demo-6785ff6464-zlj2n,historyserver,2026-08-06T18:39:00Z,152354397000,910934016
2026-08-06T13:39:02.157516-05:00,historyserver,historyserver-demo-6785ff6464-zlj2n,historyserver,2026-08-06T18:39:00Z,152354397000,910934016
2026-08-06T13:39:03.157548-05:00,historyserver,historyserver-demo-6785ff6464-zlj2n,historyserver,2026-08-06T18:39:00Z,152354397000,910934016
2026-08-06T13:39:04.157096-05:00,historyserver,historyserver-demo-6785ff6464-zlj2n,historyserver,2026-08-06T18:39:00Z,152354397000,910934016
2026-08-06T13:39:05.157549-05:00,historyserver,historyserver-demo-6785ff6464-zlj2n,historyserver,2026-08-06T18:39:00Z,152354397000,910934016
2026-08-06T13:39:06.157552-05:00,historyserver,historyserver-demo-6785ff6464-zlj2n,historyserver,2026-08-06T18:39:00Z,152354397000,910934016
2026-08-06T13:39:07.157307-05:00,historyserver,historyserver-demo-6785ff6464-zlj2n,historyserver,2026-08-06T18:39:00Z,152354397000,910934016
2026-08-06T13:39:08.157576-05:00,historyserver,historyserver-demo-6785ff6464-zlj2n,historyserver,2026-08-06T18:39:00Z,152354397000,910934016
2026-08-06T13:39:09.157637-05:00,historyserver,historyserver-demo-6785ff6464-zlj2n,historyserver,2026-08-06T18:39:00Z,152354397000,910934016
2026-08-06T13:39:10.157584-05:00,historyserver,historyserver-demo-6785ff6464-zlj2n,historyserver,2026-08-06T18:39:00Z,152354397000,910934016
2026-08-06T13:39:11.157611-05:00,historyserver,historyserver-demo-6785ff6464-zlj2n,historyserver,2026-08-06T18:39:00Z,152354397000,910934016
2026-08-06T13:39:12.157665-05:00,historyserver,historyserver-demo-6785ff6464-zlj2n,historyserver,2026-08-06T18:39:00Z,152354397000,910934016
2026-08-06T13:39:13.157539-05:00,historyserver,historyserver-demo-6785ff6464-zlj2n,historyserver,2026-08-06T18:39:00Z,152354397000,910934016
2026-08-06T13:39:14.157518-05:00,historyserver,historyserver-demo-6785ff6464-zlj2n,historyserver,2026-08-06T18:39:00Z,152354397000,910934016
2026-08-06T13:39:15.15737-05:00,historyserver,historyserver-demo-6785ff6464-zlj2n,historyserver,2026-08-06T18:39:15Z,159825672000,956170240
2026-08-06T13:39:16.157662-05:00,historyserver,historyserver-demo-6785ff6464-zlj2n,historyserver,2026-08-06T18:39:15Z,159825672000,956170240
2026-08-06T13:39:17.157674-05:00,historyserver,historyserver-demo-6785ff6464-zlj2n,historyserver,2026-08-06T18:39:15Z,159825672000,956170240
2026-08-06T13:39:18.157698-05:00,historyserver,historyserver-demo-6785ff6464-zlj2n,historyserver,2026-08-06T18:39:15Z,159825672000,956170240
2026-08-06T13:39:19.156827-05:00,historyserver,historyserver-demo-6785ff6464-zlj2n,historyserver,2026-08-06T18:39:15Z,159825672000,956170240
2026-08-06T13:39:20.157701-05:00,historyserver,historyserver-demo-6785ff6464-zlj2n,historyserver,2026-08-06T18:39:15Z,159825672000,956170240
2026-08-06T13:39:21.156708-05:00,historyserver,historyserver-demo-6785ff6464-zlj2n,historyserver,2026-08-06T18:39:15Z,159825672000,956170240
2026-08-06T13:39:22.157387-05:00,historyserver,historyserver-demo-6785ff6464-zlj2n,historyserver,2026-08-06T18:39:15Z,159825672000,956170240
2026-08-06T13:39:23.157754-05:00,historyserver,historyserver-demo-6785ff6464-zlj2n,historyserver,2026-08-06T18:39:15Z,159825672000,956170240
2026-08-06T13:39:24.157514-05:00,historyserver,historyserver-demo-6785ff6464-zlj2n,historyserver,2026-08-06T18:39:15Z,159825672000,956170240
2026-08-06T13:39:25.157805-05:00,historyserver,historyserver-demo-6785ff6464-zlj2n,historyserver,2026-08-06T18:39:15Z,159825672000,956170240
2026-08-06T13:39:26.15754-05:00,historyserver,historyserver-demo-6785ff6464-zlj2n,historyserver,2026-08-06T18:39:15Z,159825672000,956170240
2026-08-06T13:39:27.157367-05:00,historyserver,historyserver-demo-6785ff6464-zlj2n,historyserver,2026-08-06T18:39:15Z,159825672000,956170240
2026-08-06T13:39:28.157324-05:00,historyserver,historyserver-demo-6785ff6464-zlj2n,historyserver,2026-08-06T18:39:15Z,159825672000,956170240
2026-08-06T13:39:29.15743-05:00,historyserver,historyserver-demo-6785ff6464-zlj2n,historyserver,2026-08-06T18:39:15Z,159825672000,956170240
2026-08-06T13:39:30.157649-05:00,historyserver,historyserver-demo-6785ff6464-zlj2n,historyserver,2026-08-06T18:39:15Z,159825672000,956170240
2026-08-06T13:39:31.157785-05:00,historyserver,historyserver-demo-6785ff6464-zlj2n,historyserver,2026-08-06T18:39:15Z,159825672000,956170240
2026-08-06T13:39:32.157915-05:00,historyserver,historyserver-demo-6785ff6464-zlj2n,historyserver,2026-08-06T18:39:15Z,159825672000,956170240
2026-08-06T13:39:33.157861-05:00,historyserver,historyserver-demo-6785ff6464-zlj2n,historyserver,2026-08-06T18:39:32Z,168574428000,1289961472
2026-08-06T13:39:34.157111-05:00,historyserver,historyserver-demo-6785ff6464-zlj2n,historyserver,2026-08-06T18:39:32Z,168574428000,1289961472
2026-08-06T13:39:35.157886-05:00,historyserver,historyserver-demo-6785ff6464-zlj2n,historyserver,2026-08-06T18:39:32Z,168574428000,1289961472
2026-08-06T13:39:36.157833-05:00,historyserver,historyserver-demo-6785ff6464-zlj2n,historyserver,2026-08-06T18:39:32Z,168574428000,1289961472
2026-08-06T13:39:37.157867-05:00,historyserver,historyserver-demo-6785ff6464-zlj2n,historyserver,2026-08-06T18:39:32Z,168574428000,1289961472
2026-08-06T13:39:38.157737-05:00,historyserver,historyserver-demo-6785ff6464-zlj2n,historyserver,2026-08-06T18:39:32Z,168574428000,1289961472
2026-08-06T13:39:39.15789-05:00,historyserver,historyserver-demo-6785ff6464-zlj2n,historyserver,2026-08-06T18:39:32Z,168574428000,1289961472
2026-08-06T13:39:40.157885-05:00,historyserver,historyserver-demo-6785ff6464-zlj2n,historyserver,2026-08-06T18:39:32Z,168574428000,1289961472
2026-08-06T13:39:41.157942-05:00,historyserver,historyserver-demo-6785ff6464-zlj2n,historyserver,2026-08-06T18:39:32Z,168574428000,1289961472
2026-08-06T13:39:42.157901-05:00,historyserver,historyserver-demo-6785ff6464-zlj2n,historyserver,2026-08-06T18:39:32Z,168574428000,1289961472
2026-08-06T13:39:43.157949-05:00,historyserver,historyserver-demo-6785ff6464-zlj2n,historyserver,2026-08-06T18:39:42Z,173717497000,1427636224
2026-08-06T13:39:44.157899-05:00,historyserver,historyserver-demo-6785ff6464-zlj2n,historyserver,2026-08-06T18:39:42Z,173717497000,1427636224
2026-08-06T13:39:45.157024-05:00,historyserver,historyserver-demo-6785ff6464-zlj2n,historyserver,2026-08-06T18:39:42Z,173717497000,1427636224
2026-08-06T13:39:46.156936-05:00,historyserver,historyserver-demo-6785ff6464-zlj2n,historyserver,2026-08-06T18:39:42Z,173717497000,1427636224
2026-08-06T13:39:47.158342-05:00,historyserver,historyserver-demo-6785ff6464-zlj2n,historyserver,2026-08-06T18:39:42Z,173717497000,1427636224
2026-08-06T13:39:48.157565-05:00,historyserver,historyserver-demo-6785ff6464-zlj2n,historyserver,2026-08-06T18:39:42Z,173717497000,1427636224
2026-08-06T13:39:49.157745-05:00,historyserver,historyserver-demo-6785ff6464-zlj2n,historyserver,2026-08-06T18:39:42Z,173717497000,1427636224
2026-08-06T13:39:50.157672-05:00,historyserver,historyserver-demo-6785ff6464-zlj2n,historyserver,2026-08-06T18:39:42Z,173717497000,1427636224
2026-08-06T13:39:51.15803-05:00,historyserver,historyserver-demo-6785ff6464-zlj2n,historyserver,2026-08-06T18:39:42Z,173717497000,1427636224
2026-08-06T13:39:52.157817-05:00,historyserver,historyserver-demo-6785ff6464-zlj2n,historyserver,2026-08-06T18:39:42Z,173717497000,1427636224
2026-08-06T13:39:53.157803-05:00,historyserver,historyserver-demo-6785ff6464-zlj2n,historyserver,2026-08-06T18:39:52Z,178754219000,1427906560
2026-08-06T13:39:54.158051-05:00,historyserver,historyserver-demo-6785ff6464-zlj2n,historyserver,2026-08-06T18:39:52Z,178754219000,1427906560
2026-08-06T13:39:55.158087-05:00,historyserver,historyserver-demo-6785ff6464-zlj2n,historyserver,2026-08-06T18:39:52Z,178754219000,1427906560
2026-08-06T13:39:56.158063-05:00,historyserver,historyserver-demo-6785ff6464-zlj2n,historyserver,2026-08-06T18:39:52Z,178754219000,1427906560
2026-08-06T13:39:57.158062-05:00,historyserver,historyserver-demo-6785ff6464-zlj2n,historyserver,2026-08-06T18:39:52Z,178754219000,1427906560
2026-08-06T13:39:58.158075-05:00,historyserver,historyserver-demo-6785ff6464-zlj2n,historyserver,2026-08-06T18:39:52Z,178754219000,1427906560
2026-08-06T13:39:59.158077-05:00,historyserver,historyserver-demo-6785ff6464-zlj2n,historyserver,2026-08-06T18:39:52Z,178754219000,1427906560
2026-08-06T13:40:00.157093-05:00,historyserver,historyserver-demo-6785ff6464-zlj2n,historyserver,2026-08-06T18:39:52Z,178754219000,1427906560
2026-08-06T13:40:01.158119-05:00,historyserver,historyserver-demo-6785ff6464-zlj2n,historyserver,2026-08-06T18:39:52Z,178754219000,1427906560
2026-08-06T13:40:02.158131-05:00,historyserver,historyserver-demo-6785ff6464-zlj2n,historyserver,2026-08-06T18:39:52Z,178754219000,1427906560
2026-08-06T13:40:03.158198-05:00,historyserver,historyserver-demo-6785ff6464-zlj2n,historyserver,2026-08-06T18:39:52Z,178754219000,1427906560
2026-08-06T13:40:04.158166-05:00,historyserver,historyserver-demo-6785ff6464-zlj2n,historyserver,2026-08-06T18:39:52Z,178754219000,1427906560
2026-08-06T13:40:05.157472-05:00,historyserver,historyserver-demo-6785ff6464-zlj2n,historyserver,2026-08-06T18:39:52Z,178754219000,1427906560
2026-08-06T13:40:06.158201-05:00,historyserver,historyserver-demo-6785ff6464-zlj2n,historyserver,2026-08-06T18:39:52Z,178754219000,1427906560
2026-08-06T13:40:07.157332-05:00,historyserver,historyserver-demo-6785ff6464-zlj2n,historyserver,2026-08-06T18:39:52Z,178754219000,1427906560
2026-08-06T13:40:08.157634-05:00,historyserver,historyserver-demo-6785ff6464-zlj2n,historyserver,2026-08-06T18:39:52Z,178754219000,1427906560
2026-08-06T13:40:09.158197-05:00,historyserver,historyserver-demo-6785ff6464-zlj2n,historyserver,2026-08-06T18:39:52Z,178754219000,1427906560
2026-08-06T13:40:10.157901-05:00,historyserver,historyserver-demo-6785ff6464-zlj2n,historyserver,2026-08-06T18:40:09Z,187294142000,1167761408
2026-08-06T13:40:11.158219-05:00,historyserver,historyserver-demo-6785ff6464-zlj2n,historyserver,2026-08-06T18:40:09Z,187294142000,1167761408
2026-08-06T13:40:12.158091-05:00,historyserver,historyserver-demo-6785ff6464-zlj2n,historyserver,2026-08-06T18:40:09Z,187294142000,1167761408
2026-08-06T13:40:13.158224-05:00,historyserver,historyserver-demo-6785ff6464-zlj2n,historyserver,2026-08-06T18:40:09Z,187294142000,1167761408
2026-08-06T13:40:14.157991-05:00,historyserver,historyserver-demo-6785ff6464-zlj2n,historyserver,2026-08-06T18:40:09Z,187294142000,1167761408
2026-08-06T13:40:15.158001-05:00,historyserver,historyserver-demo-6785ff6464-zlj2n,historyserver,2026-08-06T18:40:09Z,187294142000,1167761408
2026-08-06T13:40:16.158247-05:00,historyserver,historyserver-demo-6785ff6464-zlj2n,historyserver,2026-08-06T18:40:09Z,187294142000,1167761408
2026-08-06T13:40:17.158291-05:00,historyserver,historyserver-demo-6785ff6464-zlj2n,historyserver,2026-08-06T18:40:09Z,187294142000,1167761408
2026-08-06T13:40:18.157932-05:00,historyserver,historyserver-demo-6785ff6464-zlj2n,historyserver,2026-08-06T18:40:09Z,187294142000,1167761408
2026-08-06T13:40:19.157779-05:00,historyserver,historyserver-demo-6785ff6464-zlj2n,historyserver,2026-08-06T18:40:09Z,187294142000,1167761408
2026-08-06T13:40:20.158501-05:00,historyserver,historyserver-demo-6785ff6464-zlj2n,historyserver,2026-08-06T18:40:09Z,187294142000,1167761408
2026-08-06T13:40:21.15839-05:00,historyserver,historyserver-demo-6785ff6464-zlj2n,historyserver,2026-08-06T18:40:09Z,187294142000,1167761408
2026-08-06T13:40:22.158318-05:00,historyserver,historyserver-demo-6785ff6464-zlj2n,historyserver,2026-08-06T18:40:09Z,187294142000,1167761408
2026-08-06T13:40:23.157874-05:00,historyserver,historyserver-demo-6785ff6464-zlj2n,historyserver,2026-08-06T18:40:09Z,187294142000,1167761408
2026-08-06T13:40:24.15803-05:00,historyserver,historyserver-demo-6785ff6464-zlj2n,historyserver,2026-08-06T18:40:09Z,187294142000,1167761408
2026-08-06T13:40:25.158337-05:00,historyserver,historyserver-demo-6785ff6464-zlj2n,historyserver,2026-08-06T18:40:24Z,194673456000,978305024
2026-08-06T13:40:26.158219-05:00,historyserver,historyserver-demo-6785ff6464-zlj2n,historyserver,2026-08-06T18:40:24Z,194673456000,978305024
2026-08-06T13:40:27.15749-05:00,historyserver,historyserver-demo-6785ff6464-zlj2n,historyserver,2026-08-06T18:40:24Z,194673456000,978305024
2026-08-06T13:40:28.158375-05:00,historyserver,historyserver-demo-6785ff6464-zlj2n,historyserver,2026-08-06T18:40:24Z,194673456000,978305024
2026-08-06T13:40:29.157369-05:00,historyserver,historyserver-demo-6785ff6464-zlj2n,historyserver,2026-08-06T18:40:24Z,194673456000,978305024
2026-08-06T13:40:30.158197-05:00,historyserver,historyserver-demo-6785ff6464-zlj2n,historyserver,2026-08-06T18:40:24Z,194673456000,978305024
2026-08-06T13:40:31.157903-05:00,historyserver,historyserver-demo-6785ff6464-zlj2n,historyserver,2026-08-06T18:40:24Z,194673456000,978305024
2026-08-06T13:40:32.158398-05:00,historyserver,historyserver-demo-6785ff6464-zlj2n,historyserver,2026-08-06T18:40:24Z,194673456000,978305024
2026-08-06T13:40:33.158409-05:00,historyserver,historyserver-demo-6785ff6464-zlj2n,historyserver,2026-08-06T18:40:24Z,194673456000,978305024
2026-08-06T13:40:34.158149-05:00,historyserver,historyserver-demo-6785ff6464-zlj2n,historyserver,2026-08-06T18:40:24Z,194673456000,978305024
2026-08-06T13:40:35.158428-05:00,historyserver,historyserver-demo-6785ff6464-zlj2n,historyserver,2026-08-06T18:40:24Z,194673456000,978305024
2026-08-06T13:40:36.157824-05:00,historyserver,historyserver-demo-6785ff6464-zlj2n,historyserver,2026-08-06T18:40:24Z,194673456000,978305024
2026-08-06T13:40:37.158421-05:00,historyserver,historyserver-demo-6785ff6464-zlj2n,historyserver,2026-08-06T18:40:24Z,194673456000,978305024
2026-08-06T13:40:38.158028-05:00,historyserver,historyserver-demo-6785ff6464-zlj2n,historyserver,2026-08-06T18:40:24Z,194673456000,978305024
2026-08-06T13:40:39.158124-05:00,historyserver,historyserver-demo-6785ff6464-zlj2n,historyserver,2026-08-06T18:40:24Z,194673456000,978305024
2026-08-06T13:40:40.158485-05:00,historyserver,historyserver-demo-6785ff6464-zlj2n,historyserver,2026-08-06T18:40:24Z,194673456000,978305024
2026-08-06T13:40:41.158505-05:00,historyserver,historyserver-demo-6785ff6464-zlj2n,historyserver,2026-08-06T18:40:40Z,202804964000,1402699776
2026-08-06T13:40:42.158514-05:00,historyserver,historyserver-demo-6785ff6464-zlj2n,historyserver,2026-08-06T18:40:40Z,202804964000,1402699776
2026-08-06T13:40:43.158532-05:00,historyserver,historyserver-demo-6785ff6464-zlj2n,historyserver,2026-08-06T18:40:40Z,202804964000,1402699776
2026-08-06T13:40:44.158524-05:00,historyserver,historyserver-demo-6785ff6464-zlj2n,historyserver,2026-08-06T18:40:40Z,202804964000,1402699776
2026-08-06T13:40:45.158536-05:00,historyserver,historyserver-demo-6785ff6464-zlj2n,historyserver,2026-08-06T18:40:40Z,202804964000,1402699776
2026-08-06T13:40:46.158569-05:00,historyserver,historyserver-demo-6785ff6464-zlj2n,historyserver,2026-08-06T18:40:40Z,202804964000,1402699776
2026-08-06T13:40:47.158671-05:00,historyserver,historyserver-demo-6785ff6464-zlj2n,historyserver,2026-08-06T18:40:40Z,202804964000,1402699776
2026-08-06T13:40:48.158563-05:00,historyserver,historyserver-demo-6785ff6464-zlj2n,historyserver,2026-08-06T18:40:40Z,202804964000,1402699776
2026-08-06T13:40:49.158194-05:00,historyserver,historyserver-demo-6785ff6464-zlj2n,historyserver,2026-08-06T18:40:40Z,202804964000,1402699776
2026-08-06T13:40:50.158271-05:00,historyserver,historyserver-demo-6785ff6464-zlj2n,historyserver,2026-08-06T18:40:40Z,202804964000,1402699776
2026-08-06T13:40:51.158604-05:00,historyserver,historyserver-demo-6785ff6464-zlj2n,historyserver,2026-08-06T18:40:40Z,202804964000,1402699776
2026-08-06T13:40:52.158615-05:00,historyserver,historyserver-demo-6785ff6464-zlj2n,historyserver,2026-08-06T18:40:40Z,202804964000,1402699776
2026-08-06T13:40:53.157723-05:00,historyserver,historyserver-demo-6785ff6464-zlj2n,historyserver,2026-08-06T18:40:40Z,202804964000,1402699776
2026-08-06T13:40:54.15781-05:00,historyserver,historyserver-demo-6785ff6464-zlj2n,historyserver,2026-08-06T18:40:40Z,202804964000,1402699776
2026-08-06T13:40:55.158618-05:00,historyserver,historyserver-demo-6785ff6464-zlj2n,historyserver,2026-08-06T18:40:40Z,202804964000,1402699776
2026-08-06T13:40:56.157902-05:00,historyserver,historyserver-demo-6785ff6464-zlj2n,historyserver,2026-08-06T18:40:40Z,202804964000,1402699776
2026-08-06T13:40:57.158682-05:00,historyserver,historyserver-demo-6785ff6464-zlj2n,historyserver,2026-08-06T18:40:56Z,210555254000,1463635968
2026-08-06T13:40:58.158663-05:00,historyserver,historyserver-demo-6785ff6464-zlj2n,historyserver,2026-08-06T18:40:56Z,210555254000,1463635968
2026-08-06T13:40:59.158688-05:00,historyserver,historyserver-demo-6785ff6464-zlj2n,historyserver,2026-08-06T18:40:56Z,210555254000,1463635968
2026-08-06T13:41:00.158708-05:00,historyserver,historyserver-demo-6785ff6464-zlj2n,historyserver,2026-08-06T18:40:56Z,210555254000,1463635968
2026-08-06T13:41:01.158285-05:00,historyserver,historyserver-demo-6785ff6464-zlj2n,historyserver,2026-08-06T18:40:56Z,210555254000,1463635968
2026-08-06T13:41:02.15829-05:00,historyserver,historyserver-demo-6785ff6464-zlj2n,historyserver,2026-08-06T18:40:56Z,210555254000,1463635968
2026-08-06T13:41:03.158722-05:00,historyserver,historyserver-demo-6785ff6464-zlj2n,historyserver,2026-08-06T18:40:56Z,210555254000,1463635968
2026-08-06T13:41:04.157981-05:00,historyserver,historyserver-demo-6785ff6464-zlj2n,historyserver,2026-08-06T18:40:56Z,210555254000,1463635968
2026-08-06T13:41:05.158765-05:00,historyserver,historyserver-demo-6785ff6464-zlj2n,historyserver,2026-08-06T18:40:56Z,210555254000,1463635968
2026-08-06T13:41:06.158074-05:00,historyserver,historyserver-demo-6785ff6464-zlj2n,historyserver,2026-08-06T18:40:56Z,210555254000,1463635968
2026-08-06T13:41:07.157884-05:00,historyserver,historyserver-demo-6785ff6464-zlj2n,historyserver,2026-08-06T18:40:56Z,210555254000,1463635968
2026-08-06T13:41:08.157826-05:00,historyserver,historyserver-demo-6785ff6464-zlj2n,historyserver,2026-08-06T18:40:56Z,210555254000,1463635968
2026-08-06T13:41:09.158787-05:00,historyserver,historyserver-demo-6785ff6464-zlj2n,historyserver,2026-08-06T18:40:56Z,210555254000,1463635968
2026-08-06T13:41:10.158809-05:00,historyserver,historyserver-demo-6785ff6464-zlj2n,historyserver,2026-08-06T18:40:56Z,210555254000,1463635968
2026-08-06T13:41:11.158634-05:00,historyserver,historyserver-demo-6785ff6464-zlj2n,historyserver,2026-08-06T18:41:10Z,217773615000,1509793792
2026-08-06T13:41:12.158818-05:00,historyserver,historyserver-demo-6785ff6464-zlj2n,historyserver,2026-08-06T18:41:10Z,217773615000,1509793792
2026-08-06T13:41:13.15882-05:00,historyserver,historyserver-demo-6785ff6464-zlj2n,historyserver,2026-08-06T18:41:10Z,217773615000,1509793792
2026-08-06T13:41:14.158825-05:00,historyserver,historyserver-demo-6785ff6464-zlj2n,historyserver,2026-08-06T18:41:10Z,217773615000,1509793792
2026-08-06T13:41:15.158875-05:00,historyserver,historyserver-demo-6785ff6464-zlj2n,historyserver,2026-08-06T18:41:10Z,217773615000,1509793792
2026-08-06T13:41:16.15886-05:00,historyserver,historyserver-demo-6785ff6464-zlj2n,historyserver,2026-08-06T18:41:10Z,217773615000,1509793792
2026-08-06T13:41:17.158895-05:00,historyserver,historyserver-demo-6785ff6464-zlj2n,historyserver,2026-08-06T18:41:10Z,217773615000,1509793792
2026-08-06T13:41:18.158248-05:00,historyserver,historyserver-demo-6785ff6464-zlj2n,historyserver,2026-08-06T18:41:10Z,217773615000,1509793792
2026-08-06T13:41:19.158889-05:00,historyserver,historyserver-demo-6785ff6464-zlj2n,historyserver,2026-08-06T18:41:10Z,217773615000,1509793792
2026-08-06T13:41:20.158885-05:00,historyserver,historyserver-demo-6785ff6464-zlj2n,historyserver,2026-08-06T18:41:10Z,217773615000,1509793792
2026-08-06T13:41:21.158078-05:00,historyserver,historyserver-demo-6785ff6464-zlj2n,historyserver,2026-08-06T18:41:10Z,217773615000,1509793792
2026-08-06T13:41:22.158903-05:00,historyserver,historyserver-demo-6785ff6464-zlj2n,historyserver,2026-08-06T18:41:21Z,223153245000,1630011392
2026-08-06T13:41:23.158925-05:00,historyserver,historyserver-demo-6785ff6464-zlj2n,historyserver,2026-08-06T18:41:21Z,223153245000,1630011392
2026-08-06T13:41:24.158937-05:00,historyserver,historyserver-demo-6785ff6464-zlj2n,historyserver,2026-08-06T18:41:21Z,223153245000,1630011392
2026-08-06T13:41:25.15899-05:00,historyserver,historyserver-demo-6785ff6464-zlj2n,historyserver,2026-08-06T18:41:21Z,223153245000,1630011392
2026-08-06T13:41:26.158946-05:00,historyserver,historyserver-demo-6785ff6464-zlj2n,historyserver,2026-08-06T18:41:21Z,223153245000,1630011392
2026-08-06T13:41:27.158956-05:00,historyserver,historyserver-demo-6785ff6464-zlj2n,historyserver,2026-08-06T18:41:21Z,223153245000,1630011392
2026-08-06T13:41:28.158979-05:00,historyserver,historyserver-demo-6785ff6464-zlj2n,historyserver,2026-08-06T18:41:21Z,223153245000,1630011392
2026-08-06T13:41:29.159004-05:00,historyserver,historyserver-demo-6785ff6464-zlj2n,historyserver,2026-08-06T18:41:21Z,223153245000,1630011392
2026-08-06T13:41:30.158131-05:00,historyserver,historyserver-demo-6785ff6464-zlj2n,historyserver,2026-08-06T18:41:21Z,223153245000,1630011392
2026-08-06T13:41:31.158998-05:00,historyserver,historyserver-demo-6785ff6464-zlj2n,historyserver,2026-08-06T18:41:21Z,223153245000,1630011392
2026-08-06T13:41:32.158513-05:00,historyserver,historyserver-demo-6785ff6464-zlj2n,historyserver,2026-08-06T18:41:21Z,223153245000,1630011392
2026-08-06T13:41:33.159046-05:00,historyserver,historyserver-demo-6785ff6464-zlj2n,historyserver,2026-08-06T18:41:21Z,223153245000,1630011392
2026-08-06T13:41:34.158374-05:00,historyserver,historyserver-demo-6785ff6464-zlj2n,historyserver,2026-08-06T18:41:21Z,223153245000,1630011392
2026-08-06T13:41:35.159053-05:00,historyserver,historyserver-demo-6785ff6464-zlj2n,historyserver,2026-08-06T18:41:21Z,223153245000,1630011392
2026-08-06T13:41:36.159062-05:00,historyserver,historyserver-demo-6785ff6464-zlj2n,historyserver,2026-08-06T18:41:21Z,223153245000,1630011392
2026-08-06T13:41:37.158963-05:00,historyserver,historyserver-demo-6785ff6464-zlj2n,historyserver,2026-08-06T18:41:21Z,223153245000,1630011392
2026-08-06T13:41:38.158382-05:00,historyserver,historyserver-demo-6785ff6464-zlj2n,historyserver,2026-08-06T18:41:37Z,231019244000,1754443776
2026-08-06T13:41:39.158884-05:00,historyserver,historyserver-demo-6785ff6464-zlj2n,historyserver,2026-08-06T18:41:37Z,231019244000,1754443776
2026-08-06T13:41:40.158149-05:00,historyserver,historyserver-demo-6785ff6464-zlj2n,historyserver,2026-08-06T18:41:37Z,231019244000,1754443776
2026-08-06T13:41:41.158655-05:00,historyserver,historyserver-demo-6785ff6464-zlj2n,historyserver,2026-08-06T18:41:37Z,231019244000,1754443776
2026-08-06T13:41:42.159212-05:00,historyserver,historyserver-demo-6785ff6464-zlj2n,historyserver,2026-08-06T18:41:37Z,231019244000,1754443776
2026-08-06T13:41:43.158461-05:00,historyserver,historyserver-demo-6785ff6464-zlj2n,historyserver,2026-08-06T18:41:37Z,231019244000,1754443776
2026-08-06T13:41:44.15876-05:00,historyserver,historyserver-demo-6785ff6464-zlj2n,historyserver,2026-08-06T18:41:37Z,231019244000,1754443776
2026-08-06T13:41:45.159078-05:00,historyserver,historyserver-demo-6785ff6464-zlj2n,historyserver,2026-08-06T18:41:37Z,231019244000,1754443776
2026-08-06T13:41:46.158538-05:00,historyserver,historyserver-demo-6785ff6464-zlj2n,historyserver,2026-08-06T18:41:37Z,231019244000,1754443776
2026-08-06T13:41:47.15863-05:00,historyserver,historyserver-demo-6785ff6464-zlj2n,historyserver,2026-08-06T18:41:37Z,231019244000,1754443776
2026-08-06T13:41:48.159198-05:00,historyserver,historyserver-demo-6785ff6464-zlj2n,historyserver,2026-08-06T18:41:37Z,231019244000,1754443776
2026-08-06T13:41:49.158754-05:00,historyserver,historyserver-demo-6785ff6464-zlj2n,historyserver,2026-08-06T18:41:37Z,231019244000,1754443776
2026-08-06T13:41:50.159263-05:00,historyserver,historyserver-demo-6785ff6464-zlj2n,historyserver,2026-08-06T18:41:37Z,231019244000,1754443776
2026-08-06T13:41:51.15921-05:00,historyserver,historyserver-demo-6785ff6464-zlj2n,historyserver,2026-08-06T18:41:37Z,231019244000,1754443776
2026-08-06T13:41:52.159224-05:00,historyserver,historyserver-demo-6785ff6464-zlj2n,historyserver,2026-08-06T18:41:37Z,231019244000,1754443776
2026-08-06T13:41:53.159256-05:00,historyserver,historyserver-demo-6785ff6464-zlj2n,historyserver,2026-08-06T18:41:37Z,231019244000,1754443776
2026-08-06T13:41:54.158665-05:00,historyserver,historyserver-demo-6785ff6464-zlj2n,historyserver,2026-08-06T18:41:37Z,231019244000,1754443776
2026-08-06T13:41:55.159249-05:00,historyserver,historyserver-demo-6785ff6464-zlj2n,historyserver,2026-08-06T18:41:37Z,231019244000,1754443776
2026-08-06T13:41:56.159335-05:00,historyserver,historyserver-demo-6785ff6464-zlj2n,historyserver,2026-08-06T18:41:37Z,231019244000,1754443776
2026-08-06T13:41:57.158892-05:00,historyserver,historyserver-demo-6785ff6464-zlj2n,historyserver,2026-08-06T18:41:57Z,237198883000,1562959872
2026-08-06T13:41:58.159274-05:00,historyserver,historyserver-demo-6785ff6464-zlj2n,historyserver,2026-08-06T18:41:57Z,237198883000,1562959872
2026-08-06T13:41:59.159304-05:00,historyserver,historyserver-demo-6785ff6464-zlj2n,historyserver,2026-08-06T18:41:57Z,237198883000,1562959872
2026-08-06T13:42:00.159324-05:00,historyserver,historyserver-demo-6785ff6464-zlj2n,historyserver,2026-08-06T18:41:57Z,237198883000,1562959872
2026-08-06T13:42:01.158926-05:00,historyserver,historyserver-demo-6785ff6464-zlj2n,historyserver,2026-08-06T18:41:57Z,237198883000,1562959872
2026-08-06T13:42:02.159106-05:00,historyserver,historyserver-demo-6785ff6464-zlj2n,historyserver,2026-08-06T18:41:57Z,237198883000,1562959872
2026-08-06T13:42:03.159715-05:00,historyserver,historyserver-demo-6785ff6464-zlj2n,historyserver,2026-08-06T18:41:57Z,237198883000,1562959872
2026-08-06T13:42:04.158703-05:00,historyserver,historyserver-demo-6785ff6464-zlj2n,historyserver,2026-08-06T18:41:57Z,237198883000,1562959872
2026-08-06T13:42:05.159368-05:00,historyserver,historyserver-demo-6785ff6464-zlj2n,historyserver,2026-08-06T18:41:57Z,237198883000,1562959872
2026-08-06T13:42:06.159376-05:00,historyserver,historyserver-demo-6785ff6464-zlj2n,historyserver,2026-08-06T18:41:57Z,237198883000,1562959872
2026-08-06T13:42:07.158531-05:00,historyserver,historyserver-demo-6785ff6464-zlj2n,historyserver,2026-08-06T18:41:57Z,237198883000,1562959872
2026-08-06T13:42:08.159391-05:00,historyserver,historyserver-demo-6785ff6464-zlj2n,historyserver,2026-08-06T18:41:57Z,237198883000,1562959872
2026-08-06T13:42:09.159062-05:00,historyserver,historyserver-demo-6785ff6464-zlj2n,historyserver,2026-08-06T18:41:57Z,237198883000,1562959872
2026-08-06T13:42:10.158502-05:00,historyserver,historyserver-demo-6785ff6464-zlj2n,historyserver,2026-08-06T18:41:57Z,237198883000,1562959872
2026-08-06T13:42:11.159422-05:00,historyserver,historyserver-demo-6785ff6464-zlj2n,historyserver,2026-08-06T18:41:57Z,237198883000,1562959872
2026-08-06T13:42:12.158976-05:00,historyserver,historyserver-demo-6785ff6464-zlj2n,historyserver,2026-08-06T18:41:57Z,237198883000,1562959872
2026-08-06T13:42:13.158581-05:00,historyserver,historyserver-demo-6785ff6464-zlj2n,historyserver,2026-08-06T18:41:57Z,237198883000,1562959872
2026-08-06T13:42:14.159452-05:00,historyserver,historyserver-demo-6785ff6464-zlj2n,historyserver,2026-08-06T18:41:57Z,237198883000,1562959872
2026-08-06T13:42:15.158733-05:00,historyserver,historyserver-demo-6785ff6464-zlj2n,historyserver,2026-08-06T18:41:57Z,237198883000,1562959872
2026-08-06T13:42:16.159485-05:00,historyserver,historyserver-demo-6785ff6464-zlj2n,historyserver,2026-08-06T18:41:57Z,237198883000,1562959872
2026-08-06T13:42:17.159452-05:00,historyserver,historyserver-demo-6785ff6464-zlj2n,historyserver,2026-08-06T18:42:16Z,246812072000,1074966528
2026-08-06T13:42:18.159468-05:00,historyserver,historyserver-demo-6785ff6464-zlj2n,historyserver,2026-08-06T18:42:16Z,246812072000,1074966528
2026-08-06T13:42:19.159491-05:00,historyserver,historyserver-demo-6785ff6464-zlj2n,historyserver,2026-08-06T18:42:16Z,246812072000,1074966528
2026-08-06T13:42:20.159525-05:00,historyserver,historyserver-demo-6785ff6464-zlj2n,historyserver,2026-08-06T18:42:16Z,246812072000,1074966528
2026-08-06T13:42:21.159509-05:00,historyserver,historyserver-demo-6785ff6464-zlj2n,historyserver,2026-08-06T18:42:16Z,246812072000,1074966528
2026-08-06T13:42:22.159218-05:00,historyserver,historyserver-demo-6785ff6464-zlj2n,historyserver,2026-08-06T18:42:16Z,246812072000,1074966528
2026-08-06T13:42:23.15951-05:00,historyserver,historyserver-demo-6785ff6464-zlj2n,historyserver,2026-08-06T18:42:16Z,246812072000,1074966528
2026-08-06T13:42:24.159531-05:00,historyserver,historyserver-demo-6785ff6464-zlj2n,historyserver,2026-08-06T18:42:16Z,246812072000,1074966528
2026-08-06T13:42:25.15859-05:00,historyserver,historyserver-demo-6785ff6464-zlj2n,historyserver,2026-08-06T18:42:16Z,246812072000,1074966528
2026-08-06T13:42:26.159548-05:00,historyserver,historyserver-demo-6785ff6464-zlj2n,historyserver,2026-08-06T18:42:16Z,246812072000,1074966528
2026-08-06T13:42:27.159595-05:00,historyserver,historyserver-demo-6785ff6464-zlj2n,historyserver,2026-08-06T18:42:16Z,246812072000,1074966528
2026-08-06T13:42:28.159576-05:00,historyserver,historyserver-demo-6785ff6464-zlj2n,historyserver,2026-08-06T18:42:16Z,246812072000,1074966528
2026-08-06T13:42:29.159594-05:00,historyserver,historyserver-demo-6785ff6464-zlj2n,historyserver,2026-08-06T18:42:16Z,246812072000,1074966528
2026-08-06T13:42:30.159618-05:00,historyserver,historyserver-demo-6785ff6464-zlj2n,historyserver,2026-08-06T18:42:29Z,253635033000,1357238272
2026-08-06T13:42:31.15894-05:00,historyserver,historyserver-demo-6785ff6464-zlj2n,historyserver,2026-08-06T18:42:29Z,253635033000,1357238272
2026-08-06T13:42:32.15968-05:00,historyserver,historyserver-demo-6785ff6464-zlj2n,historyserver,2026-08-06T18:42:29Z,253635033000,1357238272
2026-08-06T13:42:33.159311-05:00,historyserver,historyserver-demo-6785ff6464-zlj2n,historyserver,2026-08-06T18:42:29Z,253635033000,1357238272
2026-08-06T13:42:34.15963-05:00,historyserver,historyserver-demo-6785ff6464-zlj2n,historyserver,2026-08-06T18:42:29Z,253635033000,1357238272
2026-08-06T13:42:35.159635-05:00,historyserver,historyserver-demo-6785ff6464-zlj2n,historyserver,2026-08-06T18:42:29Z,253635033000,1357238272
2026-08-06T13:42:36.158813-05:00,historyserver,historyserver-demo-6785ff6464-zlj2n,historyserver,2026-08-06T18:42:29Z,253635033000,1357238272
2026-08-06T13:42:37.159696-05:00,historyserver,historyserver-demo-6785ff6464-zlj2n,historyserver,2026-08-06T18:42:29Z,253635033000,1357238272
2026-08-06T13:42:38.159673-05:00,historyserver,historyserver-demo-6785ff6464-zlj2n,historyserver,2026-08-06T18:42:29Z,253635033000,1357238272
2026-08-06T13:42:39.158688-05:00,historyserver,historyserver-demo-6785ff6464-zlj2n,historyserver,2026-08-06T18:42:29Z,253635033000,1357238272
2026-08-06T13:42:40.159719-05:00,historyserver,historyserver-demo-6785ff6464-zlj2n,historyserver,2026-08-06T18:42:29Z,253635033000,1357238272
2026-08-06T13:42:41.159717-05:00,historyserver,historyserver-demo-6785ff6464-zlj2n,historyserver,2026-08-06T18:42:29Z,253635033000,1357238272
2026-08-06T13:42:42.159424-05:00,historyserver,historyserver-demo-6785ff6464-zlj2n,historyserver,2026-08-06T18:42:29Z,253635033000,1357238272
2026-08-06T13:42:43.159711-05:00,historyserver,historyserver-demo-6785ff6464-zlj2n,historyserver,2026-08-06T18:42:29Z,253635033000,1357238272
2026-08-06T13:42:44.159248-05:00,historyserver,historyserver-demo-6785ff6464-zlj2n,historyserver,2026-08-06T18:42:29Z,253635033000,1357238272
2026-08-06T13:42:45.159765-05:00,historyserver,historyserver-demo-6785ff6464-zlj2n,historyserver,2026-08-06T18:42:44Z,261129442000,1433288704
2026-08-06T13:42:46.159753-05:00,historyserver,historyserver-demo-6785ff6464-zlj2n,historyserver,2026-08-06T18:42:44Z,261129442000,1433288704
2026-08-06T13:42:47.159766-05:00,historyserver,historyserver-demo-6785ff6464-zlj2n,historyserver,2026-08-06T18:42:44Z,261129442000,1433288704
2026-08-06T13:42:48.159776-05:00,historyserver,historyserver-demo-6785ff6464-zlj2n,historyserver,2026-08-06T18:42:44Z,261129442000,1433288704
2026-08-06T13:42:49.159785-05:00,historyserver,historyserver-demo-6785ff6464-zlj2n,historyserver,2026-08-06T18:42:44Z,261129442000,1433288704
2026-08-06T13:42:50.159788-05:00,historyserver,historyserver-demo-6785ff6464-zlj2n,historyserver,2026-08-06T18:42:44Z,261129442000,1433288704
2026-08-06T13:42:51.159799-05:00,historyserver,historyserver-demo-6785ff6464-zlj2n,historyserver,2026-08-06T18:42:44Z,261129442000,1433288704
2026-08-06T13:42:52.15966-05:00,historyserver,historyserver-demo-6785ff6464-zlj2n,historyserver,2026-08-06T18:42:44Z,261129442000,1433288704
2026-08-06T13:42:53.159849-05:00,historyserver,historyserver-demo-6785ff6464-zlj2n,historyserver,2026-08-06T18:42:44Z,261129442000,1433288704
2026-08-06T13:42:54.159699-05:00,historyserver,historyserver-demo-6785ff6464-zlj2n,historyserver,2026-08-06T18:42:44Z,261129442000,1433288704
2026-08-06T13:42:55.159864-05:00,historyserver,historyserver-demo-6785ff6464-zlj2n,historyserver,2026-08-06T18:42:44Z,261129442000,1433288704
2026-08-06T13:42:56.158889-05:00,historyserver,historyserver-demo-6785ff6464-zlj2n,historyserver,2026-08-06T18:42:55Z,266648514000,1601859584
2026-08-06T13:42:57.159869-05:00,historyserver,historyserver-demo-6785ff6464-zlj2n,historyserver,2026-08-06T18:42:55Z,266648514000,1601859584
2026-08-06T13:42:58.159862-05:00,historyserver,historyserver-demo-6785ff6464-zlj2n,historyserver,2026-08-06T18:42:55Z,266648514000,1601859584
2026-08-06T13:42:59.159132-05:00,historyserver,historyserver-demo-6785ff6464-zlj2n,historyserver,2026-08-06T18:42:55Z,266648514000,1601859584
2026-08-06T13:43:00.15917-05:00,historyserver,historyserver-demo-6785ff6464-zlj2n,historyserver,2026-08-06T18:42:55Z,266648514000,1601859584
2026-08-06T13:43:01.159908-05:00,historyserver,historyserver-demo-6785ff6464-zlj2n,historyserver,2026-08-06T18:42:55Z,266648514000,1601859584
2026-08-06T13:43:02.159923-05:00,historyserver,historyserver-demo-6785ff6464-zlj2n,historyserver,2026-08-06T18:42:55Z,266648514000,1601859584
2026-08-06T13:43:03.159476-05:00,historyserver,historyserver-demo-6785ff6464-zlj2n,historyserver,2026-08-06T18:42:55Z,266648514000,1601859584
2026-08-06T13:43:04.159115-05:00,historyserver,historyserver-demo-6785ff6464-zlj2n,historyserver,2026-08-06T18:42:55Z,266648514000,1601859584
2026-08-06T13:43:05.15995-05:00,historyserver,historyserver-demo-6785ff6464-zlj2n,historyserver,2026-08-06T18:42:55Z,266648514000,1601859584
2026-08-06T13:43:06.159948-05:00,historyserver,historyserver-demo-6785ff6464-zlj2n,historyserver,2026-08-06T18:42:55Z,266648514000,1601859584
2026-08-06T13:43:07.159098-05:00,historyserver,historyserver-demo-6785ff6464-zlj2n,historyserver,2026-08-06T18:42:55Z,266648514000,1601859584
2026-08-06T13:43:08.159968-05:00,historyserver,historyserver-demo-6785ff6464-zlj2n,historyserver,2026-08-06T18:42:55Z,266648514000,1601859584
2026-08-06T13:43:09.159583-05:00,historyserver,historyserver-demo-6785ff6464-zlj2n,historyserver,2026-08-06T18:43:09Z,273258690000,1177210880
2026-08-06T13:43:10.159979-05:00,historyserver,historyserver-demo-6785ff6464-zlj2n,historyserver,2026-08-06T18:43:09Z,273258690000,1177210880
2026-08-06T13:43:11.160005-05:00,historyserver,historyserver-demo-6785ff6464-zlj2n,historyserver,2026-08-06T18:43:09Z,273258690000,1177210880
2026-08-06T13:43:12.160024-05:00,historyserver,historyserver-demo-6785ff6464-zlj2n,historyserver,2026-08-06T18:43:09Z,273258690000,1177210880
2026-08-06T13:43:13.160103-05:00,historyserver,historyserver-demo-6785ff6464-zlj2n,historyserver,2026-08-06T18:43:09Z,273258690000,1177210880
2026-08-06T13:43:14.159556-05:00,historyserver,historyserver-demo-6785ff6464-zlj2n,historyserver,2026-08-06T18:43:09Z,273258690000,1177210880
2026-08-06T13:43:15.160063-05:00,historyserver,historyserver-demo-6785ff6464-zlj2n,historyserver,2026-08-06T18:43:09Z,273258690000,1177210880
2026-08-06T13:43:16.15979-05:00,historyserver,historyserver-demo-6785ff6464-zlj2n,historyserver,2026-08-06T18:43:09Z,273258690000,1177210880
2026-08-06T13:43:17.160094-05:00,historyserver,historyserver-demo-6785ff6464-zlj2n,historyserver,2026-08-06T18:43:09Z,273258690000,1177210880
2026-08-06T13:43:18.160075-05:00,historyserver,historyserver-demo-6785ff6464-zlj2n,historyserver,2026-08-06T18:43:09Z,273258690000,1177210880
2026-08-06T13:43:19.160078-05:00,historyserver,historyserver-demo-6785ff6464-zlj2n,historyserver,2026-08-06T18:43:09Z,273258690000,1177210880
2026-08-06T13:43:20.160135-05:00,historyserver,historyserver-demo-6785ff6464-zlj2n,historyserver,2026-08-06T18:43:09Z,273258690000,1177210880
2026-08-06T13:43:21.160111-05:00,historyserver,historyserver-demo-6785ff6464-zlj2n,historyserver,2026-08-06T18:43:09Z,273258690000,1177210880
2026-08-06T13:43:22.160134-05:00,historyserver,historyserver-demo-6785ff6464-zlj2n,historyserver,2026-08-06T18:43:09Z,273258690000,1177210880
2026-08-06T13:43:23.159789-05:00,historyserver,historyserver-demo-6785ff6464-zlj2n,historyserver,2026-08-06T18:43:22Z,280098212000,1149947904
2026-08-06T13:43:24.160144-05:00,historyserver,historyserver-demo-6785ff6464-zlj2n,historyserver,2026-08-06T18:43:22Z,280098212000,1149947904
2026-08-06T13:43:25.160156-05:00,historyserver,historyserver-demo-6785ff6464-zlj2n,historyserver,2026-08-06T18:43:22Z,280098212000,1149947904
2026-08-06T13:43:26.160159-05:00,historyserver,historyserver-demo-6785ff6464-zlj2n,historyserver,2026-08-06T18:43:22Z,280098212000,1149947904
2026-08-06T13:43:27.160178-05:00,historyserver,historyserver-demo-6785ff6464-zlj2n,historyserver,2026-08-06T18:43:22Z,280098212000,1149947904
2026-08-06T13:43:28.160174-05:00,historyserver,historyserver-demo-6785ff6464-zlj2n,historyserver,2026-08-06T18:43:22Z,280098212000,1149947904
2026-08-06T13:43:29.159208-05:00,historyserver,historyserver-demo-6785ff6464-zlj2n,historyserver,2026-08-06T18:43:22Z,280098212000,1149947904
2026-08-06T13:43:30.160212-05:00,historyserver,historyserver-demo-6785ff6464-zlj2n,historyserver,2026-08-06T18:43:22Z,280098212000,1149947904
2026-08-06T13:43:31.159458-05:00,historyserver,historyserver-demo-6785ff6464-zlj2n,historyserver,2026-08-06T18:43:22Z,280098212000,1149947904
2026-08-06T13:43:32.159763-05:00,historyserver,historyserver-demo-6785ff6464-zlj2n,historyserver,2026-08-06T18:43:22Z,280098212000,1149947904
2026-08-06T13:43:33.159905-05:00,historyserver,historyserver-demo-6785ff6464-zlj2n,historyserver,2026-08-06T18:43:22Z,280098212000,1149947904
2026-08-06T13:43:34.160234-05:00,historyserver,historyserver-demo-6785ff6464-zlj2n,historyserver,2026-08-06T18:43:22Z,280098212000,1149947904
2026-08-06T13:43:35.160245-05:00,historyserver,historyserver-demo-6785ff6464-zlj2n,historyserver,2026-08-06T18:43:22Z,280098212000,1149947904
2026-08-06T13:43:36.160266-05:00,historyserver,historyserver-demo-6785ff6464-zlj2n,historyserver,2026-08-06T18:43:35Z,286497937000,1013432320
2026-08-06T13:43:37.16029-05:00,historyserver,historyserver-demo-6785ff6464-zlj2n,historyserver,2026-08-06T18:43:35Z,286497937000,1013432320
2026-08-06T13:43:38.160267-05:00,historyserver,historyserver-demo-6785ff6464-zlj2n,historyserver,2026-08-06T18:43:35Z,286497937000,1013432320
2026-08-06T13:43:39.16026-05:00,historyserver,historyserver-demo-6785ff6464-zlj2n,historyserver,2026-08-06T18:43:35Z,286497937000,1013432320
2026-08-06T13:43:40.160304-05:00,historyserver,historyserver-demo-6785ff6464-zlj2n,historyserver,2026-08-06T18:43:35Z,286497937000,1013432320
2026-08-06T13:43:41.160304-05:00,historyserver,historyserver-demo-6785ff6464-zlj2n,historyserver,2026-08-06T18:43:35Z,286497937000,1013432320
2026-08-06T13:43:42.159982-05:00,historyserver,historyserver-demo-6785ff6464-zlj2n,historyserver,2026-08-06T18:43:35Z,286497937000,1013432320
2026-08-06T13:43:43.160377-05:00,historyserver,historyserver-demo-6785ff6464-zlj2n,historyserver,2026-08-06T18:43:35Z,286497937000,1013432320
2026-08-06T13:43:44.160323-05:00,historyserver,historyserver-demo-6785ff6464-zlj2n,historyserver,2026-08-06T18:43:35Z,286497937000,1013432320
2026-08-06T13:43:45.159452-05:00,historyserver,historyserver-demo-6785ff6464-zlj2n,historyserver,2026-08-06T18:43:35Z,286497937000,1013432320
2026-08-06T13:43:46.160339-05:00,historyserver,historyserver-demo-6785ff6464-zlj2n,historyserver,2026-08-06T18:43:35Z,286497937000,1013432320
2026-08-06T13:43:47.160349-05:00,historyserver,historyserver-demo-6785ff6464-zlj2n,historyserver,2026-08-06T18:43:35Z,286497937000,1013432320
2026-08-06T13:43:48.160354-05:00,historyserver,historyserver-demo-6785ff6464-zlj2n,historyserver,2026-08-06T18:43:35Z,286497937000,1013432320
2026-08-06T13:43:49.160251-05:00,historyserver,historyserver-demo-6785ff6464-zlj2n,historyserver,2026-08-06T18:43:35Z,286497937000,1013432320
2026-08-06T13:43:50.158806-05:00,historyserver,historyserver-demo-6785ff6464-zlj2n,historyserver,2026-08-06T18:43:35Z,286497937000,1013432320
2026-08-06T13:43:51.157754-05:00,historyserver,historyserver-demo-6785ff6464-zlj2n,historyserver,2026-08-06T18:43:35Z,286497937000,1013432320
2026-08-06T13:43:52.157753-05:00,historyserver,historyserver-demo-6785ff6464-zlj2n,historyserver,2026-08-06T18:43:35Z,286497937000,1013432320
2026-08-06T13:43:53.156635-05:00,historyserver,historyserver-demo-6785ff6464-zlj2n,historyserver,2026-08-06T18:43:35Z,286497937000,1013432320
2026-08-06T13:43:54.155746-05:00,historyserver,historyserver-demo-6785ff6464-zlj2n,historyserver,2026-08-06T18:43:35Z,286497937000,1013432320
2026-08-06T13:43:55.154237-05:00,historyserver,historyserver-demo-6785ff6464-zlj2n,historyserver,2026-08-06T18:43:35Z,286497937000,1013432320
2026-08-06T13:43:56.154003-05:00,historyserver,historyserver-demo-6785ff6464-zlj2n,historyserver,2026-08-06T18:43:55Z,296395210000,1327128576
2026-08-06T13:43:57.153586-05:00,historyserver,historyserver-demo-6785ff6464-zlj2n,historyserver,2026-08-06T18:43:55Z,296395210000,1327128576
2026-08-06T13:43:58.152731-05:00,historyserver,historyserver-demo-6785ff6464-zlj2n,historyserver,2026-08-06T18:43:55Z,296395210000,1327128576
2026-08-06T13:43:59.152108-05:00,historyserver,historyserver-demo-6785ff6464-zlj2n,historyserver,2026-08-06T18:43:55Z,296395210000,1327128576
2026-08-06T13:44:00.150822-05:00,historyserver,historyserver-demo-6785ff6464-zlj2n,historyserver,2026-08-06T18:43:55Z,296395210000,1327128576
2026-08-06T13:44:01.150892-05:00,historyserver,historyserver-demo-6785ff6464-zlj2n,historyserver,2026-08-06T18:43:55Z,296395210000,1327128576
2026-08-06T13:44:02.149608-05:00,historyserver,historyserver-demo-6785ff6464-zlj2n,historyserver,2026-08-06T18:43:55Z,296395210000,1327128576
2026-08-06T13:44:03.148992-05:00,historyserver,historyserver-demo-6785ff6464-zlj2n,historyserver,2026-08-06T18:43:55Z,296395210000,1327128576
2026-08-06T13:44:04.148546-05:00,historyserver,historyserver-demo-6785ff6464-zlj2n,historyserver,2026-08-06T18:43:55Z,296395210000,1327128576
2026-08-06T13:44:05.149004-05:00,historyserver,historyserver-demo-6785ff6464-zlj2n,historyserver,2026-08-06T18:43:55Z,296395210000,1327128576
2026-08-06T13:44:06.148462-05:00,historyserver,historyserver-demo-6785ff6464-zlj2n,historyserver,2026-08-06T18:43:55Z,296395210000,1327128576
2026-08-06T13:44:07.148006-05:00,historyserver,historyserver-demo-6785ff6464-zlj2n,historyserver,2026-08-06T18:43:55Z,296395210000,1327128576
2026-08-06T13:44:08.147834-05:00,historyserver,historyserver-demo-6785ff6464-zlj2n,historyserver,2026-08-06T18:43:55Z,296395210000,1327128576
2026-08-06T13:44:09.147522-05:00,historyserver,historyserver-demo-6785ff6464-zlj2n,historyserver,2026-08-06T18:43:55Z,296395210000,1327128576
2026-08-06T13:44:10.147174-05:00,historyserver,historyserver-demo-6785ff6464-zlj2n,historyserver,2026-08-06T18:43:55Z,296395210000,1327128576
2026-08-06T13:44:11.146579-05:00,historyserver,historyserver-demo-6785ff6464-zlj2n,historyserver,2026-08-06T18:44:10Z,304047830000,1443467264
2026-08-06T13:44:12.146597-05:00,historyserver,historyserver-demo-6785ff6464-zlj2n,historyserver,2026-08-06T18:44:10Z,304047830000,1443467264
2026-08-06T13:44:13.14626-05:00,historyserver,historyserver-demo-6785ff6464-zlj2n,historyserver,2026-08-06T18:44:10Z,304047830000,1443467264
2026-08-06T13:44:14.146137-05:00,historyserver,historyserver-demo-6785ff6464-zlj2n,historyserver,2026-08-06T18:44:10Z,304047830000,1443467264
2026-08-06T13:44:15.145894-05:00,historyserver,historyserver-demo-6785ff6464-zlj2n,historyserver,2026-08-06T18:44:10Z,304047830000,1443467264
2026-08-06T13:44:16.14565-05:00,historyserver,historyserver-demo-6785ff6464-zlj2n,historyserver,2026-08-06T18:44:10Z,304047830000,1443467264
2026-08-06T13:44:17.144536-05:00,historyserver,historyserver-demo-6785ff6464-zlj2n,historyserver,2026-08-06T18:44:10Z,304047830000,1443467264
2026-08-06T13:44:18.145277-05:00,historyserver,historyserver-demo-6785ff6464-zlj2n,historyserver,2026-08-06T18:44:10Z,304047830000,1443467264
2026-08-06T13:44:19.145132-05:00,historyserver,historyserver-demo-6785ff6464-zlj2n,historyserver,2026-08-06T18:44:10Z,304047830000,1443467264
2026-08-06T13:44:20.144933-05:00,historyserver,historyserver-demo-6785ff6464-zlj2n,historyserver,2026-08-06T18:44:10Z,304047830000,1443467264
2026-08-06T13:44:21.144623-05:00,historyserver,historyserver-demo-6785ff6464-zlj2n,historyserver,2026-08-06T18:44:10Z,304047830000,1443467264
2026-08-06T13:44:22.144654-05:00,historyserver,historyserver-demo-6785ff6464-zlj2n,historyserver,2026-08-06T18:44:10Z,304047830000,1443467264
2026-08-06T13:44:23.144166-05:00,historyserver,historyserver-demo-6785ff6464-zlj2n,historyserver,2026-08-06T18:44:10Z,304047830000,1443467264
2026-08-06T13:44:24.144382-05:00,historyserver,historyserver-demo-6785ff6464-zlj2n,historyserver,2026-08-06T18:44:10Z,304047830000,1443467264
2026-08-06T13:44:25.144283-05:00,historyserver,historyserver-demo-6785ff6464-zlj2n,historyserver,2026-08-06T18:44:10Z,304047830000,1443467264
2026-08-06T13:44:26.143766-05:00,historyserver,historyserver-demo-6785ff6464-zlj2n,historyserver,2026-08-06T18:44:10Z,304047830000,1443467264
2026-08-06T13:44:27.143269-05:00,historyserver,historyserver-demo-6785ff6464-zlj2n,historyserver,2026-08-06T18:44:27Z,311798951000,1592606720
2026-08-06T13:44:28.143963-05:00,historyserver,historyserver-demo-6785ff6464-zlj2n,historyserver,2026-08-06T18:44:27Z,311798951000,1592606720
2026-08-06T13:44:29.143868-05:00,historyserver,historyserver-demo-6785ff6464-zlj2n,historyserver,2026-08-06T18:44:27Z,311798951000,1592606720
2026-08-06T13:44:30.143786-05:00,historyserver,historyserver-demo-6785ff6464-zlj2n,historyserver,2026-08-06T18:44:27Z,311798951000,1592606720
2026-08-06T13:44:31.143734-05:00,historyserver,historyserver-demo-6785ff6464-zlj2n,historyserver,2026-08-06T18:44:27Z,311798951000,1592606720
2026-08-06T13:44:32.143403-05:00,historyserver,historyserver-demo-6785ff6464-zlj2n,historyserver,2026-08-06T18:44:27Z,311798951000,1592606720
2026-08-06T13:44:33.143543-05:00,historyserver,historyserver-demo-6785ff6464-zlj2n,historyserver,2026-08-06T18:44:27Z,311798951000,1592606720
2026-08-06T13:44:34.143179-05:00,historyserver,historyserver-demo-6785ff6464-zlj2n,historyserver,2026-08-06T18:44:27Z,311798951000,1592606720
2026-08-06T13:44:35.143476-05:00,historyserver,historyserver-demo-6785ff6464-zlj2n,historyserver,2026-08-06T18:44:27Z,311798951000,1592606720
2026-08-06T13:44:36.143567-05:00,historyserver,historyserver-demo-6785ff6464-zlj2n,historyserver,2026-08-06T18:44:27Z,311798951000,1592606720
2026-08-06T13:44:37.143374-05:00,historyserver,historyserver-demo-6785ff6464-zlj2n,historyserver,2026-08-06T18:44:27Z,311798951000,1592606720
2026-08-06T13:44:38.143331-05:00,historyserver,historyserver-demo-6785ff6464-zlj2n,historyserver,2026-08-06T18:44:27Z,311798951000,1592606720
2026-08-06T13:44:39.143255-05:00,historyserver,historyserver-demo-6785ff6464-zlj2n,historyserver,2026-08-06T18:44:27Z,311798951000,1592606720
2026-08-06T13:44:40.143233-05:00,historyserver,historyserver-demo-6785ff6464-zlj2n,historyserver,2026-08-06T18:44:27Z,311798951000,1592606720
2026-08-06T13:44:41.143194-05:00,historyserver,historyserver-demo-6785ff6464-zlj2n,historyserver,2026-08-06T18:44:27Z,311798951000,1592606720
2026-08-06T13:44:42.142226-05:00,historyserver,historyserver-demo-6785ff6464-zlj2n,historyserver,2026-08-06T18:44:42Z,314747226000,965554176
2026-08-06T13:44:43.143154-05:00,historyserver,historyserver-demo-6785ff6464-zlj2n,historyserver,2026-08-06T18:44:42Z,314747226000,965554176
2026-08-06T13:44:44.143125-05:00,historyserver,historyserver-demo-6785ff6464-zlj2n,historyserver,2026-08-06T18:44:42Z,314747226000,965554176
2026-08-06T13:44:45.142957-05:00,historyserver,historyserver-demo-6785ff6464-zlj2n,historyserver,2026-08-06T18:44:42Z,314747226000,965554176
2026-08-06T13:44:46.142529-05:00,historyserver,historyserver-demo-6785ff6464-zlj2n,historyserver,2026-08-06T18:44:42Z,314747226000,965554176
2026-08-06T13:44:47.143007-05:00,historyserver,historyserver-demo-6785ff6464-zlj2n,historyserver,2026-08-06T18:44:42Z,314747226000,965554176
2026-08-06T13:44:48.14298-05:00,historyserver,historyserver-demo-6785ff6464-zlj2n,historyserver,2026-08-06T18:44:42Z,314747226000,965554176
2026-08-06T13:44:49.143061-05:00,historyserver,historyserver-demo-6785ff6464-zlj2n,historyserver,2026-08-06T18:44:42Z,314747226000,965554176
2026-08-06T13:44:50.142995-05:00,historyserver,historyserver-demo-6785ff6464-zlj2n,historyserver,2026-08-06T18:44:42Z,314747226000,965554176
2026-08-06T13:44:51.142972-05:00,historyserver,historyserver-demo-6785ff6464-zlj2n,historyserver,2026-08-06T18:44:42Z,314747226000,965554176
2026-08-06T13:44:52.142495-05:00,historyserver,historyserver-demo-6785ff6464-zlj2n,historyserver,2026-08-06T18:44:42Z,314747226000,965554176
2026-08-06T13:44:53.142903-05:00,historyserver,historyserver-demo-6785ff6464-zlj2n,historyserver,2026-08-06T18:44:42Z,314747226000,965554176
2026-08-06T13:44:54.142586-05:00,historyserver,historyserver-demo-6785ff6464-zlj2n,historyserver,2026-08-06T18:44:42Z,314747226000,965554176
2026-08-06T13:44:55.142492-05:00,historyserver,historyserver-demo-6785ff6464-zlj2n,historyserver,2026-08-06T18:44:55Z,321239759000,744960000
2026-08-06T13:44:56.142879-05:00,historyserver,historyserver-demo-6785ff6464-zlj2n,historyserver,2026-08-06T18:44:55Z,321239759000,744960000
2026-08-06T13:44:57.14352-05:00,historyserver,historyserver-demo-6785ff6464-zlj2n,historyserver,2026-08-06T18:44:55Z,321239759000,744960000
2026-08-06T13:44:58.142855-05:00,historyserver,historyserver-demo-6785ff6464-zlj2n,historyserver,2026-08-06T18:44:55Z,321239759000,744960000
2026-08-06T13:44:59.142872-05:00,historyserver,historyserver-demo-6785ff6464-zlj2n,historyserver,2026-08-06T18:44:55Z,321239759000,744960000
2026-08-06T13:45:00.141983-05:00,historyserver,historyserver-demo-6785ff6464-zlj2n,historyserver,2026-08-06T18:44:55Z,321239759000,744960000
2026-08-06T13:45:01.142146-05:00,historyserver,historyserver-demo-6785ff6464-zlj2n,historyserver,2026-08-06T18:44:55Z,321239759000,744960000
2026-08-06T13:45:02.1427-05:00,historyserver,historyserver-demo-6785ff6464-zlj2n,historyserver,2026-08-06T18:44:55Z,321239759000,744960000
2026-08-06T13:45:03.142846-05:00,historyserver,historyserver-demo-6785ff6464-zlj2n,historyserver,2026-08-06T18:44:55Z,321239759000,744960000
2026-08-06T13:45:04.142814-05:00,historyserver,historyserver-demo-6785ff6464-zlj2n,historyserver,2026-08-06T18:44:55Z,321239759000,744960000
2026-08-06T13:45:05.141831-05:00,historyserver,historyserver-demo-6785ff6464-zlj2n,historyserver,2026-08-06T18:44:55Z,321239759000,744960000
2026-08-06T13:45:06.142823-05:00,historyserver,historyserver-demo-6785ff6464-zlj2n,historyserver,2026-08-06T18:44:55Z,321239759000,744960000
2026-08-06T13:45:07.1426-05:00,historyserver,historyserver-demo-6785ff6464-zlj2n,historyserver,2026-08-06T18:45:06Z,327109125000,961732608
2026-08-06T13:45:08.141993-05:00,historyserver,historyserver-demo-6785ff6464-zlj2n,historyserver,2026-08-06T18:45:06Z,327109125000,961732608
2026-08-06T13:45:09.142822-05:00,historyserver,historyserver-demo-6785ff6464-zlj2n,historyserver,2026-08-06T18:45:06Z,327109125000,961732608
2026-08-06T13:45:10.142224-05:00,historyserver,historyserver-demo-6785ff6464-zlj2n,historyserver,2026-08-06T18:45:06Z,327109125000,961732608
2026-08-06T13:45:11.142343-05:00,historyserver,historyserver-demo-6785ff6464-zlj2n,historyserver,2026-08-06T18:45:06Z,327109125000,961732608
2026-08-06T13:45:12.142396-05:00,historyserver,historyserver-demo-6785ff6464-zlj2n,historyserver,2026-08-06T18:45:06Z,327109125000,961732608
2026-08-06T13:45:13.14282-05:00,historyserver,historyserver-demo-6785ff6464-zlj2n,historyserver,2026-08-06T18:45:06Z,327109125000,961732608
2026-08-06T13:45:14.142991-05:00,historyserver,historyserver-demo-6785ff6464-zlj2n,historyserver,2026-08-06T18:45:06Z,327109125000,961732608
2026-08-06T13:45:15.14233-05:00,historyserver,historyserver-demo-6785ff6464-zlj2n,historyserver,2026-08-06T18:45:06Z,327109125000,961732608
2026-08-06T13:45:16.142782-05:00,historyserver,historyserver-demo-6785ff6464-zlj2n,historyserver,2026-08-06T18:45:06Z,327109125000,961732608
2026-08-06T13:45:17.142859-05:00,historyserver,historyserver-demo-6785ff6464-zlj2n,historyserver,2026-08-06T18:45:06Z,327109125000,961732608
2026-08-06T13:45:18.142792-05:00,historyserver,historyserver-demo-6785ff6464-zlj2n,historyserver,2026-08-06T18:45:06Z,327109125000,961732608
2026-08-06T13:45:19.142803-05:00,historyserver,historyserver-demo-6785ff6464-zlj2n,historyserver,2026-08-06T18:45:06Z,327109125000,961732608
2026-08-06T13:45:20.142332-05:00,historyserver,historyserver-demo-6785ff6464-zlj2n,historyserver,2026-08-06T18:45:06Z,327109125000,961732608
2026-08-06T13:45:21.142855-05:00,historyserver,historyserver-demo-6785ff6464-zlj2n,historyserver,2026-08-06T18:45:06Z,327109125000,961732608
2026-08-06T13:45:22.142876-05:00,historyserver,historyserver-demo-6785ff6464-zlj2n,historyserver,2026-08-06T18:45:06Z,327109125000,961732608
2026-08-06T13:45:23.142862-05:00,historyserver,historyserver-demo-6785ff6464-zlj2n,historyserver,2026-08-06T18:45:06Z,327109125000,961732608
2026-08-06T13:45:24.14284-05:00,historyserver,historyserver-demo-6785ff6464-zlj2n,historyserver,2026-08-06T18:45:06Z,327109125000,961732608
2026-08-06T13:45:25.143092-05:00,historyserver,historyserver-demo-6785ff6464-zlj2n,historyserver,2026-08-06T18:45:06Z,327109125000,961732608
2026-08-06T13:45:26.142808-05:00,historyserver,historyserver-demo-6785ff6464-zlj2n,historyserver,2026-08-06T18:45:25Z,336309484000,1224871936
2026-08-06T13:45:27.142156-05:00,historyserver,historyserver-demo-6785ff6464-zlj2n,historyserver,2026-08-06T18:45:25Z,336309484000,1224871936
2026-08-06T13:45:28.142599-05:00,historyserver,historyserver-demo-6785ff6464-zlj2n,historyserver,2026-08-06T18:45:25Z,336309484000,1224871936
2026-08-06T13:45:29.142899-05:00,historyserver,historyserver-demo-6785ff6464-zlj2n,historyserver,2026-08-06T18:45:25Z,336309484000,1224871936
2026-08-06T13:45:30.142889-05:00,historyserver,historyserver-demo-6785ff6464-zlj2n,historyserver,2026-08-06T18:45:25Z,336309484000,1224871936
2026-08-06T13:45:31.142837-05:00,historyserver,historyserver-demo-6785ff6464-zlj2n,historyserver,2026-08-06T18:45:25Z,336309484000,1224871936
2026-08-06T13:45:32.142872-05:00,historyserver,historyserver-demo-6785ff6464-zlj2n,historyserver,2026-08-06T18:45:25Z,336309484000,1224871936
2026-08-06T13:45:33.14247-05:00,historyserver,historyserver-demo-6785ff6464-zlj2n,historyserver,2026-08-06T18:45:25Z,336309484000,1224871936
2026-08-06T13:45:34.141879-05:00,historyserver,historyserver-demo-6785ff6464-zlj2n,historyserver,2026-08-06T18:45:25Z,336309484000,1224871936
2026-08-06T13:45:35.142841-05:00,historyserver,historyserver-demo-6785ff6464-zlj2n,historyserver,2026-08-06T18:45:25Z,336309484000,1224871936
2026-08-06T13:45:36.142866-05:00,historyserver,historyserver-demo-6785ff6464-zlj2n,historyserver,2026-08-06T18:45:35Z,341466020000,1273413632
2026-08-06T13:45:37.142853-05:00,historyserver,historyserver-demo-6785ff6464-zlj2n,historyserver,2026-08-06T18:45:35Z,341466020000,1273413632
2026-08-06T13:45:38.142669-05:00,historyserver,historyserver-demo-6785ff6464-zlj2n,historyserver,2026-08-06T18:45:35Z,341466020000,1273413632
2026-08-06T13:45:39.142883-05:00,historyserver,historyserver-demo-6785ff6464-zlj2n,historyserver,2026-08-06T18:45:35Z,341466020000,1273413632
2026-08-06T13:45:40.1424-05:00,historyserver,historyserver-demo-6785ff6464-zlj2n,historyserver,2026-08-06T18:45:35Z,341466020000,1273413632
2026-08-06T13:45:41.142885-05:00,historyserver,historyserver-demo-6785ff6464-zlj2n,historyserver,2026-08-06T18:45:35Z,341466020000,1273413632
2026-08-06T13:45:42.142267-05:00,historyserver,historyserver-demo-6785ff6464-zlj2n,historyserver,2026-08-06T18:45:35Z,341466020000,1273413632
2026-08-06T13:45:43.1429-05:00,historyserver,historyserver-demo-6785ff6464-zlj2n,historyserver,2026-08-06T18:45:35Z,341466020000,1273413632
2026-08-06T13:45:44.142893-05:00,historyserver,historyserver-demo-6785ff6464-zlj2n,historyserver,2026-08-06T18:45:35Z,341466020000,1273413632
2026-08-06T13:45:45.142885-05:00,historyserver,historyserver-demo-6785ff6464-zlj2n,historyserver,2026-08-06T18:45:35Z,341466020000,1273413632
2026-08-06T13:45:46.14295-05:00,historyserver,historyserver-demo-6785ff6464-zlj2n,historyserver,2026-08-06T18:45:35Z,341466020000,1273413632
2026-08-06T13:45:47.142922-05:00,historyserver,historyserver-demo-6785ff6464-zlj2n,historyserver,2026-08-06T18:45:35Z,341466020000,1273413632
2026-08-06T13:45:48.142661-05:00,historyserver,historyserver-demo-6785ff6464-zlj2n,historyserver,2026-08-06T18:45:47Z,347297941000,1425133568
2026-08-06T13:45:49.142552-05:00,historyserver,historyserver-demo-6785ff6464-zlj2n,historyserver,2026-08-06T18:45:47Z,347297941000,1425133568
2026-08-06T13:45:50.142929-05:00,historyserver,historyserver-demo-6785ff6464-zlj2n,historyserver,2026-08-06T18:45:47Z,347297941000,1425133568
2026-08-06T13:45:51.14293-05:00,historyserver,historyserver-demo-6785ff6464-zlj2n,historyserver,2026-08-06T18:45:47Z,347297941000,1425133568
2026-08-06T13:45:52.14294-05:00,historyserver,historyserver-demo-6785ff6464-zlj2n,historyserver,2026-08-06T18:45:47Z,347297941000,1425133568
2026-08-06T13:45:53.142927-05:00,historyserver,historyserver-demo-6785ff6464-zlj2n,historyserver,2026-08-06T18:45:47Z,347297941000,1425133568
2026-08-06T13:45:54.14296-05:00,historyserver,historyserver-demo-6785ff6464-zlj2n,historyserver,2026-08-06T18:45:47Z,347297941000,1425133568
2026-08-06T13:45:55.142964-05:00,historyserver,historyserver-demo-6785ff6464-zlj2n,historyserver,2026-08-06T18:45:47Z,347297941000,1425133568
2026-08-06T13:45:56.142633-05:00,historyserver,historyserver-demo-6785ff6464-zlj2n,historyserver,2026-08-06T18:45:47Z,347297941000,1425133568
2026-08-06T13:45:57.142977-05:00,historyserver,historyserver-demo-6785ff6464-zlj2n,historyserver,2026-08-06T18:45:47Z,347297941000,1425133568
2026-08-06T13:45:58.142964-05:00,historyserver,historyserver-demo-6785ff6464-zlj2n,historyserver,2026-08-06T18:45:47Z,347297941000,1425133568
2026-08-06T13:45:59.141989-05:00,historyserver,historyserver-demo-6785ff6464-zlj2n,historyserver,2026-08-06T18:45:47Z,347297941000,1425133568
2026-08-06T13:46:00.14256-05:00,historyserver,historyserver-demo-6785ff6464-zlj2n,historyserver,2026-08-06T18:45:47Z,347297941000,1425133568
2026-08-06T13:46:01.142936-05:00,historyserver,historyserver-demo-6785ff6464-zlj2n,historyserver,2026-08-06T18:45:47Z,347297941000,1425133568
2026-08-06T13:46:02.142966-05:00,historyserver,historyserver-demo-6785ff6464-zlj2n,historyserver,2026-08-06T18:45:47Z,347297941000,1425133568
2026-08-06T13:46:03.14299-05:00,historyserver,historyserver-demo-6785ff6464-zlj2n,historyserver,2026-08-06T18:45:47Z,347297941000,1425133568
2026-08-06T13:46:04.142988-05:00,historyserver,historyserver-demo-6785ff6464-zlj2n,historyserver,2026-08-06T18:46:03Z,355324998000,1111367680
2026-08-06T13:46:05.142689-05:00,historyserver,historyserver-demo-6785ff6464-zlj2n,historyserver,2026-08-06T18:46:03Z,355324998000,1111367680
2026-08-06T13:46:06.142086-05:00,historyserver,historyserver-demo-6785ff6464-zlj2n,historyserver,2026-08-06T18:46:03Z,355324998000,1111367680
2026-08-06T13:46:07.142147-05:00,historyserver,historyserver-demo-6785ff6464-zlj2n,historyserver,2026-08-06T18:46:03Z,355324998000,1111367680
2026-08-06T13:46:08.142454-05:00,historyserver,historyserver-demo-6785ff6464-zlj2n,historyserver,2026-08-06T18:46:03Z,355324998000,1111367680
2026-08-06T13:46:09.143084-05:00,historyserver,historyserver-demo-6785ff6464-zlj2n,historyserver,2026-08-06T18:46:03Z,355324998000,1111367680
2026-08-06T13:46:10.143034-05:00,historyserver,historyserver-demo-6785ff6464-zlj2n,historyserver,2026-08-06T18:46:03Z,355324998000,1111367680
2026-08-06T13:46:11.142982-05:00,historyserver,historyserver-demo-6785ff6464-zlj2n,historyserver,2026-08-06T18:46:03Z,355324998000,1111367680
2026-08-06T13:46:12.14263-05:00,historyserver,historyserver-demo-6785ff6464-zlj2n,historyserver,2026-08-06T18:46:03Z,355324998000,1111367680
2026-08-06T13:46:13.143049-05:00,historyserver,historyserver-demo-6785ff6464-zlj2n,historyserver,2026-08-06T18:46:03Z,355324998000,1111367680
2026-08-06T13:46:14.14258-05:00,historyserver,historyserver-demo-6785ff6464-zlj2n,historyserver,2026-08-06T18:46:03Z,355324998000,1111367680
2026-08-06T13:46:15.143092-05:00,historyserver,historyserver-demo-6785ff6464-zlj2n,historyserver,2026-08-06T18:46:03Z,355324998000,1111367680
2026-08-06T13:46:16.143076-05:00,historyserver,historyserver-demo-6785ff6464-zlj2n,historyserver,2026-08-06T18:46:03Z,355324998000,1111367680
2026-08-06T13:46:17.14253-05:00,historyserver,historyserver-demo-6785ff6464-zlj2n,historyserver,2026-08-06T18:46:03Z,355324998000,1111367680
2026-08-06T13:46:18.143092-05:00,historyserver,historyserver-demo-6785ff6464-zlj2n,historyserver,2026-08-06T18:46:03Z,355324998000,1111367680
2026-08-06T13:46:19.142703-05:00,historyserver,historyserver-demo-6785ff6464-zlj2n,historyserver,2026-08-06T18:46:03Z,355324998000,1111367680
2026-08-06T13:46:20.142516-05:00,historyserver,historyserver-demo-6785ff6464-zlj2n,historyserver,2026-08-06T18:46:03Z,355324998000,1111367680
2026-08-06T13:46:21.14264-05:00,historyserver,historyserver-demo-6785ff6464-zlj2n,historyserver,2026-08-06T18:46:03Z,355324998000,1111367680
2026-08-06T13:46:22.14311-05:00,historyserver,historyserver-demo-6785ff6464-zlj2n,historyserver,2026-08-06T18:46:03Z,355324998000,1111367680
2026-08-06T13:46:23.143104-05:00,historyserver,historyserver-demo-6785ff6464-zlj2n,historyserver,2026-08-06T18:46:22Z,365158058000,1067241472
2026-08-06T13:46:24.143099-05:00,historyserver,historyserver-demo-6785ff6464-zlj2n,historyserver,2026-08-06T18:46:22Z,365158058000,1067241472
2026-08-06T13:46:25.142237-05:00,historyserver,historyserver-demo-6785ff6464-zlj2n,historyserver,2026-08-06T18:46:22Z,365158058000,1067241472
2026-08-06T13:46:26.143124-05:00,historyserver,historyserver-demo-6785ff6464-zlj2n,historyserver,2026-08-06T18:46:22Z,365158058000,1067241472
2026-08-06T13:46:27.143113-05:00,historyserver,historyserver-demo-6785ff6464-zlj2n,historyserver,2026-08-06T18:46:22Z,365158058000,1067241472
2026-08-06T13:46:28.142958-05:00,historyserver,historyserver-demo-6785ff6464-zlj2n,historyserver,2026-08-06T18:46:22Z,365158058000,1067241472
2026-08-06T13:46:29.143131-05:00,historyserver,historyserver-demo-6785ff6464-zlj2n,historyserver,2026-08-06T18:46:22Z,365158058000,1067241472
2026-08-06T13:46:30.142281-05:00,historyserver,historyserver-demo-6785ff6464-zlj2n,historyserver,2026-08-06T18:46:22Z,365158058000,1067241472
2026-08-06T13:46:31.14312-05:00,historyserver,historyserver-demo-6785ff6464-zlj2n,historyserver,2026-08-06T18:46:22Z,365158058000,1067241472
2026-08-06T13:46:32.143188-05:00,historyserver,historyserver-demo-6785ff6464-zlj2n,historyserver,2026-08-06T18:46:22Z,365158058000,1067241472
2026-08-06T13:46:33.143295-05:00,historyserver,historyserver-demo-6785ff6464-zlj2n,historyserver,2026-08-06T18:46:22Z,365158058000,1067241472
2026-08-06T13:46:34.143218-05:00,historyserver,historyserver-demo-6785ff6464-zlj2n,historyserver,2026-08-06T18:46:22Z,365158058000,1067241472
2026-08-06T13:46:35.143175-05:00,historyserver,historyserver-demo-6785ff6464-zlj2n,historyserver,2026-08-06T18:46:34Z,370922864000,1197805568
2026-08-06T13:46:36.143185-05:00,historyserver,historyserver-demo-6785ff6464-zlj2n,historyserver,2026-08-06T18:46:34Z,370922864000,1197805568
2026-08-06T13:46:37.143124-05:00,historyserver,historyserver-demo-6785ff6464-zlj2n,historyserver,2026-08-06T18:46:34Z,370922864000,1197805568
2026-08-06T13:46:38.143175-05:00,historyserver,historyserver-demo-6785ff6464-zlj2n,historyserver,2026-08-06T18:46:34Z,370922864000,1197805568
2026-08-06T13:46:39.143198-05:00,historyserver,historyserver-demo-6785ff6464-zlj2n,historyserver,2026-08-06T18:46:34Z,370922864000,1197805568
2026-08-06T13:46:40.143054-05:00,historyserver,historyserver-demo-6785ff6464-zlj2n,historyserver,2026-08-06T18:46:34Z,370922864000,1197805568
2026-08-06T13:46:41.143217-05:00,historyserver,historyserver-demo-6785ff6464-zlj2n,historyserver,2026-08-06T18:46:34Z,370922864000,1197805568
2026-08-06T13:46:42.14331-05:00,historyserver,historyserver-demo-6785ff6464-zlj2n,historyserver,2026-08-06T18:46:34Z,370922864000,1197805568
2026-08-06T13:46:43.14323-05:00,historyserver,historyserver-demo-6785ff6464-zlj2n,historyserver,2026-08-06T18:46:34Z,370922864000,1197805568
2026-08-06T13:46:44.142889-05:00,historyserver,historyserver-demo-6785ff6464-zlj2n,historyserver,2026-08-06T18:46:34Z,370922864000,1197805568
2026-08-06T13:46:45.143239-05:00,historyserver,historyserver-demo-6785ff6464-zlj2n,historyserver,2026-08-06T18:46:45Z,376223686000,1364709376
2026-08-06T13:46:46.143094-05:00,historyserver,historyserver-demo-6785ff6464-zlj2n,historyserver,2026-08-06T18:46:45Z,376223686000,1364709376
2026-08-06T13:46:47.143236-05:00,historyserver,historyserver-demo-6785ff6464-zlj2n,historyserver,2026-08-06T18:46:45Z,376223686000,1364709376
2026-08-06T13:46:48.143213-05:00,historyserver,historyserver-demo-6785ff6464-zlj2n,historyserver,2026-08-06T18:46:45Z,376223686000,1364709376
2026-08-06T13:46:49.143317-05:00,historyserver,historyserver-demo-6785ff6464-zlj2n,historyserver,2026-08-06T18:46:45Z,376223686000,1364709376
2026-08-06T13:46:50.142252-05:00,historyserver,historyserver-demo-6785ff6464-zlj2n,historyserver,2026-08-06T18:46:45Z,376223686000,1364709376
2026-08-06T13:46:51.143235-05:00,historyserver,historyserver-demo-6785ff6464-zlj2n,historyserver,2026-08-06T18:46:45Z,376223686000,1364709376
2026-08-06T13:46:52.142969-05:00,historyserver,historyserver-demo-6785ff6464-zlj2n,historyserver,2026-08-06T18:46:45Z,376223686000,1364709376
2026-08-06T13:46:53.142412-05:00,historyserver,historyserver-demo-6785ff6464-zlj2n,historyserver,2026-08-06T18:46:45Z,376223686000,1364709376
2026-08-06T13:46:54.142856-05:00,historyserver,historyserver-demo-6785ff6464-zlj2n,historyserver,2026-08-06T18:46:45Z,376223686000,1364709376
2026-08-06T13:46:55.14329-05:00,historyserver,historyserver-demo-6785ff6464-zlj2n,historyserver,2026-08-06T18:46:45Z,376223686000,1364709376
2026-08-06T13:46:56.142525-05:00,historyserver,historyserver-demo-6785ff6464-zlj2n,historyserver,2026-08-06T18:46:56Z,381727622000,1504894976
2026-08-06T13:46:57.143259-05:00,historyserver,historyserver-demo-6785ff6464-zlj2n,historyserver,2026-08-06T18:46:56Z,381727622000,1504894976
2026-08-06T13:46:58.143279-05:00,historyserver,historyserver-demo-6785ff6464-zlj2n,historyserver,2026-08-06T18:46:56Z,381727622000,1504894976
2026-08-06T13:46:59.143294-05:00,historyserver,historyserver-demo-6785ff6464-zlj2n,historyserver,2026-08-06T18:46:56Z,381727622000,1504894976
2026-08-06T13:47:00.14318-05:00,historyserver,historyserver-demo-6785ff6464-zlj2n,historyserver,2026-08-06T18:46:56Z,381727622000,1504894976
2026-08-06T13:47:01.143299-05:00,historyserver,historyserver-demo-6785ff6464-zlj2n,historyserver,2026-08-06T18:46:56Z,381727622000,1504894976
2026-08-06T13:47:02.14336-05:00,historyserver,historyserver-demo-6785ff6464-zlj2n,historyserver,2026-08-06T18:46:56Z,381727622000,1504894976
2026-08-06T13:47:03.143327-05:00,historyserver,historyserver-demo-6785ff6464-zlj2n,historyserver,2026-08-06T18:46:56Z,381727622000,1504894976
2026-08-06T13:47:04.143319-05:00,historyserver,historyserver-demo-6785ff6464-zlj2n,historyserver,2026-08-06T18:46:56Z,381727622000,1504894976
2026-08-06T13:47:05.143359-05:00,historyserver,historyserver-demo-6785ff6464-zlj2n,historyserver,2026-08-06T18:46:56Z,381727622000,1504894976
2026-08-06T13:47:06.143332-05:00,historyserver,historyserver-demo-6785ff6464-zlj2n,historyserver,2026-08-06T18:46:56Z,381727622000,1504894976
2026-08-06T13:47:07.14333-05:00,historyserver,historyserver-demo-6785ff6464-zlj2n,historyserver,2026-08-06T18:46:56Z,381727622000,1504894976
2026-08-06T13:47:08.142403-05:00,historyserver,historyserver-demo-6785ff6464-zlj2n,historyserver,2026-08-06T18:46:56Z,381727622000,1504894976
2026-08-06T13:47:09.143332-05:00,historyserver,historyserver-demo-6785ff6464-zlj2n,historyserver,2026-08-06T18:46:56Z,381727622000,1504894976
2026-08-06T13:47:10.143409-05:00,historyserver,historyserver-demo-6785ff6464-zlj2n,historyserver,2026-08-06T18:46:56Z,381727622000,1504894976
2026-08-06T13:47:11.142569-05:00,historyserver,historyserver-demo-6785ff6464-zlj2n,historyserver,2026-08-06T18:46:56Z,381727622000,1504894976
2026-08-06T13:47:12.142926-05:00,historyserver,historyserver-demo-6785ff6464-zlj2n,historyserver,2026-08-06T18:46:56Z,381727622000,1504894976
2026-08-06T13:47:13.143231-05:00,historyserver,historyserver-demo-6785ff6464-zlj2n,historyserver,2026-08-06T18:46:56Z,381727622000,1504894976
2026-08-06T13:47:14.143389-05:00,historyserver,historyserver-demo-6785ff6464-zlj2n,historyserver,2026-08-06T18:46:56Z,381727622000,1504894976
2026-08-06T13:47:15.143401-05:00,historyserver,historyserver-demo-6785ff6464-zlj2n,historyserver,2026-08-06T18:47:14Z,388531411000,1430630400
2026-08-06T13:47:16.142521-05:00,historyserver,historyserver-demo-6785ff6464-zlj2n,historyserver,2026-08-06T18:47:14Z,388531411000,1430630400
2026-08-06T13:47:17.142634-05:00,historyserver,historyserver-demo-6785ff6464-zlj2n,historyserver,2026-08-06T18:47:14Z,388531411000,1430630400
2026-08-06T13:47:18.143381-05:00,historyserver,historyserver-demo-6785ff6464-zlj2n,historyserver,2026-08-06T18:47:14Z,388531411000,1430630400
2026-08-06T13:47:19.143178-05:00,historyserver,historyserver-demo-6785ff6464-zlj2n,historyserver,2026-08-06T18:47:14Z,388531411000,1430630400
2026-08-06T13:47:20.143348-05:00,historyserver,historyserver-demo-6785ff6464-zlj2n,historyserver,2026-08-06T18:47:14Z,388531411000,1430630400
2026-08-06T13:47:21.143027-05:00,historyserver,historyserver-demo-6785ff6464-zlj2n,historyserver,2026-08-06T18:47:14Z,388531411000,1430630400
2026-08-06T13:47:22.143403-05:00,historyserver,historyserver-demo-6785ff6464-zlj2n,historyserver,2026-08-06T18:47:14Z,388531411000,1430630400
2026-08-06T13:47:23.143414-05:00,historyserver,historyserver-demo-6785ff6464-zlj2n,historyserver,2026-08-06T18:47:14Z,388531411000,1430630400
2026-08-06T13:47:24.142975-05:00,historyserver,historyserver-demo-6785ff6464-zlj2n,historyserver,2026-08-06T18:47:14Z,388531411000,1430630400
2026-08-06T13:47:25.14344-05:00,historyserver,historyserver-demo-6785ff6464-zlj2n,historyserver,2026-08-06T18:47:14Z,388531411000,1430630400
2026-08-06T13:47:26.143432-05:00,historyserver,historyserver-demo-6785ff6464-zlj2n,historyserver,2026-08-06T18:47:14Z,388531411000,1430630400
2026-08-06T13:47:27.143339-05:00,historyserver,historyserver-demo-6785ff6464-zlj2n,historyserver,2026-08-06T18:47:26Z,392067895000,990306304
2026-08-06T13:47:28.143476-05:00,historyserver,historyserver-demo-6785ff6464-zlj2n,historyserver,2026-08-06T18:47:26Z,392067895000,990306304
2026-08-06T13:47:29.142768-05:00,historyserver,historyserver-demo-6785ff6464-zlj2n,historyserver,2026-08-06T18:47:26Z,392067895000,990306304
2026-08-06T13:47:30.143461-05:00,historyserver,historyserver-demo-6785ff6464-zlj2n,historyserver,2026-08-06T18:47:26Z,392067895000,990306304
2026-08-06T13:47:31.143449-05:00,historyserver,historyserver-demo-6785ff6464-zlj2n,historyserver,2026-08-06T18:47:26Z,392067895000,990306304
2026-08-06T13:47:32.143373-05:00,historyserver,historyserver-demo-6785ff6464-zlj2n,historyserver,2026-08-06T18:47:26Z,392067895000,990306304
2026-08-06T13:47:33.14347-05:00,historyserver,historyserver-demo-6785ff6464-zlj2n,historyserver,2026-08-06T18:47:26Z,392067895000,990306304
2026-08-06T13:47:34.14348-05:00,historyserver,historyserver-demo-6785ff6464-zlj2n,historyserver,2026-08-06T18:47:26Z,392067895000,990306304
2026-08-06T13:47:35.143503-05:00,historyserver,historyserver-demo-6785ff6464-zlj2n,historyserver,2026-08-06T18:47:26Z,392067895000,990306304
2026-08-06T13:47:36.143501-05:00,historyserver,historyserver-demo-6785ff6464-zlj2n,historyserver,2026-08-06T18:47:26Z,392067895000,990306304
2026-08-06T13:47:37.14348-05:00,historyserver,historyserver-demo-6785ff6464-zlj2n,historyserver,2026-08-06T18:47:26Z,392067895000,990306304
2026-08-06T13:47:38.143485-05:00,historyserver,historyserver-demo-6785ff6464-zlj2n,historyserver,2026-08-06T18:47:26Z,392067895000,990306304
2026-08-06T13:47:39.142864-05:00,historyserver,historyserver-demo-6785ff6464-zlj2n,historyserver,2026-08-06T18:47:26Z,392067895000,990306304
2026-08-06T13:47:40.142572-05:00,historyserver,historyserver-demo-6785ff6464-zlj2n,historyserver,2026-08-06T18:47:40Z,398783867000,820731904
2026-08-06T13:47:41.142861-05:00,historyserver,historyserver-demo-6785ff6464-zlj2n,historyserver,2026-08-06T18:47:40Z,398783867000,820731904
2026-08-06T13:47:42.143539-05:00,historyserver,historyserver-demo-6785ff6464-zlj2n,historyserver,2026-08-06T18:47:40Z,398783867000,820731904
2026-08-06T13:47:43.143131-05:00,historyserver,historyserver-demo-6785ff6464-zlj2n,historyserver,2026-08-06T18:47:40Z,398783867000,820731904
2026-08-06T13:47:44.143519-05:00,historyserver,historyserver-demo-6785ff6464-zlj2n,historyserver,2026-08-06T18:47:40Z,398783867000,820731904
2026-08-06T13:47:45.143563-05:00,historyserver,historyserver-demo-6785ff6464-zlj2n,historyserver,2026-08-06T18:47:40Z,398783867000,820731904
2026-08-06T13:47:46.143247-05:00,historyserver,historyserver-demo-6785ff6464-zlj2n,historyserver,2026-08-06T18:47:40Z,398783867000,820731904
2026-08-06T13:47:47.143545-05:00,historyserver,historyserver-demo-6785ff6464-zlj2n,historyserver,2026-08-06T18:47:40Z,398783867000,820731904
2026-08-06T13:47:48.143539-05:00,historyserver,historyserver-demo-6785ff6464-zlj2n,historyserver,2026-08-06T18:47:40Z,398783867000,820731904
2026-08-06T13:47:49.143482-05:00,historyserver,historyserver-demo-6785ff6464-zlj2n,historyserver,2026-08-06T18:47:40Z,398783867000,820731904
2026-08-06T13:47:50.143585-05:00,historyserver,historyserver-demo-6785ff6464-zlj2n,historyserver,2026-08-06T18:47:40Z,398783867000,820731904
2026-08-06T13:47:51.143095-05:00,historyserver,historyserver-demo-6785ff6464-zlj2n,historyserver,2026-08-06T18:47:40Z,398783867000,820731904
2026-08-06T13:47:52.143444-05:00,historyserver,historyserver-demo-6785ff6464-zlj2n,historyserver,2026-08-06T18:47:40Z,398783867000,820731904
2026-08-06T13:47:53.143565-05:00,historyserver,historyserver-demo-6785ff6464-zlj2n,historyserver,2026-08-06T18:47:40Z,398783867000,820731904
2026-08-06T13:47:54.143295-05:00,historyserver,historyserver-demo-6785ff6464-zlj2n,historyserver,2026-08-06T18:47:40Z,398783867000,820731904
2026-08-06T13:47:55.143626-05:00,historyserver,historyserver-demo-6785ff6464-zlj2n,historyserver,2026-08-06T18:47:40Z,398783867000,820731904
2026-08-06T13:47:56.143252-05:00,historyserver,historyserver-demo-6785ff6464-zlj2n,historyserver,2026-08-06T18:47:40Z,398783867000,820731904
2026-08-06T13:47:57.143372-05:00,historyserver,historyserver-demo-6785ff6464-zlj2n,historyserver,2026-08-06T18:47:40Z,398783867000,820731904
2026-08-06T13:47:58.143138-05:00,historyserver,historyserver-demo-6785ff6464-zlj2n,historyserver,2026-08-06T18:47:40Z,398783867000,820731904
2026-08-06T13:47:59.143624-05:00,historyserver,historyserver-demo-6785ff6464-zlj2n,historyserver,2026-08-06T18:47:40Z,398783867000,820731904
2026-08-06T13:48:00.143601-05:00,historyserver,historyserver-demo-6785ff6464-zlj2n,historyserver,2026-08-06T18:47:59Z,408569569000,1153241088
2026-08-06T13:48:01.14364-05:00,historyserver,historyserver-demo-6785ff6464-zlj2n,historyserver,2026-08-06T18:47:59Z,408569569000,1153241088
2026-08-06T13:48:02.143658-05:00,historyserver,historyserver-demo-6785ff6464-zlj2n,historyserver,2026-08-06T18:47:59Z,408569569000,1153241088
2026-08-06T13:48:03.143631-05:00,historyserver,historyserver-demo-6785ff6464-zlj2n,historyserver,2026-08-06T18:47:59Z,408569569000,1153241088
2026-08-06T13:48:04.143642-05:00,historyserver,historyserver-demo-6785ff6464-zlj2n,historyserver,2026-08-06T18:47:59Z,408569569000,1153241088
2026-08-06T13:48:05.143508-05:00,historyserver,historyserver-demo-6785ff6464-zlj2n,historyserver,2026-08-06T18:47:59Z,408569569000,1153241088
2026-08-06T13:48:06.143627-05:00,historyserver,historyserver-demo-6785ff6464-zlj2n,historyserver,2026-08-06T18:47:59Z,408569569000,1153241088
2026-08-06T13:48:07.142718-05:00,historyserver,historyserver-demo-6785ff6464-zlj2n,historyserver,2026-08-06T18:47:59Z,408569569000,1153241088
2026-08-06T13:48:08.143654-05:00,historyserver,historyserver-demo-6785ff6464-zlj2n,historyserver,2026-08-06T18:47:59Z,408569569000,1153241088
2026-08-06T13:48:09.143459-05:00,historyserver,historyserver-demo-6785ff6464-zlj2n,historyserver,2026-08-06T18:47:59Z,408569569000,1153241088
2026-08-06T13:48:10.143694-05:00,historyserver,historyserver-demo-6785ff6464-zlj2n,historyserver,2026-08-06T18:47:59Z,408569569000,1153241088
2026-08-06T13:48:11.143665-05:00,historyserver,historyserver-demo-6785ff6464-zlj2n,historyserver,2026-08-06T18:47:59Z,408569569000,1153241088
2026-08-06T13:48:12.143473-05:00,historyserver,historyserver-demo-6785ff6464-zlj2n,historyserver,2026-08-06T18:47:59Z,408569569000,1153241088
2026-08-06T13:48:13.143711-05:00,historyserver,historyserver-demo-6785ff6464-zlj2n,historyserver,2026-08-06T18:47:59Z,408569569000,1153241088
2026-08-06T13:48:14.143687-05:00,historyserver,historyserver-demo-6785ff6464-zlj2n,historyserver,2026-08-06T18:47:59Z,408569569000,1153241088
2026-08-06T13:48:15.143733-05:00,historyserver,historyserver-demo-6785ff6464-zlj2n,historyserver,2026-08-06T18:47:59Z,408569569000,1153241088
2026-08-06T13:48:16.143706-05:00,historyserver,historyserver-demo-6785ff6464-zlj2n,historyserver,2026-08-06T18:47:59Z,408569569000,1153241088
2026-08-06T13:48:17.143696-05:00,historyserver,historyserver-demo-6785ff6464-zlj2n,historyserver,2026-08-06T18:48:16Z,417085264000,1448808448
2026-08-06T13:48:18.143338-05:00,historyserver,historyserver-demo-6785ff6464-zlj2n,historyserver,2026-08-06T18:48:16Z,417085264000,1448808448
2026-08-06T13:48:19.142903-05:00,historyserver,historyserver-demo-6785ff6464-zlj2n,historyserver,2026-08-06T18:48:16Z,417085264000,1448808448
2026-08-06T13:48:20.143179-05:00,historyserver,historyserver-demo-6785ff6464-zlj2n,historyserver,2026-08-06T18:48:16Z,417085264000,1448808448
2026-08-06T13:48:21.14342-05:00,historyserver,historyserver-demo-6785ff6464-zlj2n,historyserver,2026-08-06T18:48:16Z,417085264000,1448808448
2026-08-06T13:48:22.143755-05:00,historyserver,historyserver-demo-6785ff6464-zlj2n,historyserver,2026-08-06T18:48:16Z,417085264000,1448808448
2026-08-06T13:48:23.143632-05:00,historyserver,historyserver-demo-6785ff6464-zlj2n,historyserver,2026-08-06T18:48:16Z,417085264000,1448808448
2026-08-06T13:48:24.143451-05:00,historyserver,historyserver-demo-6785ff6464-zlj2n,historyserver,2026-08-06T18:48:16Z,417085264000,1448808448
2026-08-06T13:48:25.143797-05:00,historyserver,historyserver-demo-6785ff6464-zlj2n,historyserver,2026-08-06T18:48:16Z,417085264000,1448808448
2026-08-06T13:48:26.143768-05:00,historyserver,historyserver-demo-6785ff6464-zlj2n,historyserver,2026-08-06T18:48:16Z,417085264000,1448808448
2026-08-06T13:48:27.143752-05:00,historyserver,historyserver-demo-6785ff6464-zlj2n,historyserver,2026-08-06T18:48:16Z,417085264000,1448808448
2026-08-06T13:48:28.143425-05:00,historyserver,historyserver-demo-6785ff6464-zlj2n,historyserver,2026-08-06T18:48:16Z,417085264000,1448808448
2026-08-06T13:48:29.143013-05:00,historyserver,historyserver-demo-6785ff6464-zlj2n,historyserver,2026-08-06T18:48:28Z,422884530000,1634291712
2026-08-06T13:48:30.143798-05:00,historyserver,historyserver-demo-6785ff6464-zlj2n,historyserver,2026-08-06T18:48:28Z,422884530000,1634291712
2026-08-06T13:48:31.143806-05:00,historyserver,historyserver-demo-6785ff6464-zlj2n,historyserver,2026-08-06T18:48:28Z,422884530000,1634291712
2026-08-06T13:48:32.143146-05:00,historyserver,historyserver-demo-6785ff6464-zlj2n,historyserver,2026-08-06T18:48:28Z,422884530000,1634291712
2026-08-06T13:48:33.143545-05:00,historyserver,historyserver-demo-6785ff6464-zlj2n,historyserver,2026-08-06T18:48:28Z,422884530000,1634291712
2026-08-06T13:48:34.144-05:00,historyserver,historyserver-demo-6785ff6464-zlj2n,historyserver,2026-08-06T18:48:28Z,422884530000,1634291712
2026-08-06T13:48:35.142897-05:00,historyserver,historyserver-demo-6785ff6464-zlj2n,historyserver,2026-08-06T18:48:28Z,422884530000,1634291712
2026-08-06T13:48:36.143818-05:00,historyserver,historyserver-demo-6785ff6464-zlj2n,historyserver,2026-08-06T18:48:28Z,422884530000,1634291712
2026-08-06T13:48:37.143295-05:00,historyserver,historyserver-demo-6785ff6464-zlj2n,historyserver,2026-08-06T18:48:28Z,422884530000,1634291712
2026-08-06T13:48:38.143809-05:00,historyserver,historyserver-demo-6785ff6464-zlj2n,historyserver,2026-08-06T18:48:28Z,422884530000,1634291712
2026-08-06T13:48:39.143829-05:00,historyserver,historyserver-demo-6785ff6464-zlj2n,historyserver,2026-08-06T18:48:28Z,422884530000,1634291712
2026-08-06T13:48:40.143476-05:00,historyserver,historyserver-demo-6785ff6464-zlj2n,historyserver,2026-08-06T18:48:28Z,422884530000,1634291712
2026-08-06T13:48:41.143843-05:00,historyserver,historyserver-demo-6785ff6464-zlj2n,historyserver,2026-08-06T18:48:28Z,422884530000,1634291712
2026-08-06T13:48:42.14385-05:00,historyserver,historyserver-demo-6785ff6464-zlj2n,historyserver,2026-08-06T18:48:28Z,422884530000,1634291712
2026-08-06T13:48:43.143852-05:00,historyserver,historyserver-demo-6785ff6464-zlj2n,historyserver,2026-08-06T18:48:42Z,430148360000,1579683840
2026-08-06T13:48:44.14297-05:00,historyserver,historyserver-demo-6785ff6464-zlj2n,historyserver,2026-08-06T18:48:42Z,430148360000,1579683840
2026-08-06T13:48:45.143867-05:00,historyserver,historyserver-demo-6785ff6464-zlj2n,historyserver,2026-08-06T18:48:42Z,430148360000,1579683840
2026-08-06T13:48:46.143874-05:00,historyserver,historyserver-demo-6785ff6464-zlj2n,historyserver,2026-08-06T18:48:42Z,430148360000,1579683840
2026-08-06T13:48:47.143889-05:00,historyserver,historyserver-demo-6785ff6464-zlj2n,historyserver,2026-08-06T18:48:42Z,430148360000,1579683840
2026-08-06T13:48:48.143865-05:00,historyserver,historyserver-demo-6785ff6464-zlj2n,historyserver,2026-08-06T18:48:42Z,430148360000,1579683840
2026-08-06T13:48:49.143661-05:00,historyserver,historyserver-demo-6785ff6464-zlj2n,historyserver,2026-08-06T18:48:42Z,430148360000,1579683840
2026-08-06T13:48:50.143333-05:00,historyserver,historyserver-demo-6785ff6464-zlj2n,historyserver,2026-08-06T18:48:42Z,430148360000,1579683840
2026-08-06T13:48:51.143877-05:00,historyserver,historyserver-demo-6785ff6464-zlj2n,historyserver,2026-08-06T18:48:42Z,430148360000,1579683840
2026-08-06T13:48:52.143909-05:00,historyserver,historyserver-demo-6785ff6464-zlj2n,historyserver,2026-08-06T18:48:42Z,430148360000,1579683840
2026-08-06T13:48:53.143942-05:00,historyserver,historyserver-demo-6785ff6464-zlj2n,historyserver,2026-08-06T18:48:42Z,430148360000,1579683840
2026-08-06T13:48:54.143244-05:00,historyserver,historyserver-demo-6785ff6464-zlj2n,historyserver,2026-08-06T18:48:42Z,430148360000,1579683840
2026-08-06T13:48:55.142942-05:00,historyserver,historyserver-demo-6785ff6464-zlj2n,historyserver,2026-08-06T18:48:42Z,430148360000,1579683840
2026-08-06T13:48:56.143921-05:00,historyserver,historyserver-demo-6785ff6464-zlj2n,historyserver,2026-08-06T18:48:42Z,430148360000,1579683840
2026-08-06T13:48:57.143933-05:00,historyserver,historyserver-demo-6785ff6464-zlj2n,historyserver,2026-08-06T18:48:42Z,430148360000,1579683840
2026-08-06T13:48:58.143534-05:00,historyserver,historyserver-demo-6785ff6464-zlj2n,historyserver,2026-08-06T18:48:42Z,430148360000,1579683840
2026-08-06T13:48:59.143932-05:00,historyserver,historyserver-demo-6785ff6464-zlj2n,historyserver,2026-08-06T18:48:42Z,430148360000,1579683840
2026-08-06T13:49:00.143941-05:00,historyserver,historyserver-demo-6785ff6464-zlj2n,historyserver,2026-08-06T18:48:42Z,430148360000,1579683840
2026-08-06T13:49:01.143437-05:00,historyserver,historyserver-demo-6785ff6464-zlj2n,historyserver,2026-08-06T18:48:42Z,430148360000,1579683840
2026-08-06T13:49:02.143971-05:00,historyserver,historyserver-demo-6785ff6464-zlj2n,historyserver,2026-08-06T18:49:02Z,439734057000,1699749888
2026-08-06T13:49:03.142927-05:00,historyserver,historyserver-demo-6785ff6464-zlj2n,historyserver,2026-08-06T18:49:02Z,439734057000,1699749888
2026-08-06T13:49:04.143661-05:00,historyserver,historyserver-demo-6785ff6464-zlj2n,historyserver,2026-08-06T18:49:02Z,439734057000,1699749888
2026-08-06T13:49:05.143919-05:00,historyserver,historyserver-demo-6785ff6464-zlj2n,historyserver,2026-08-06T18:49:02Z,439734057000,1699749888
2026-08-06T13:49:06.143352-05:00,historyserver,historyserver-demo-6785ff6464-zlj2n,historyserver,2026-08-06T18:49:02Z,439734057000,1699749888
2026-08-06T13:49:07.143819-05:00,historyserver,historyserver-demo-6785ff6464-zlj2n,historyserver,2026-08-06T18:49:02Z,439734057000,1699749888
2026-08-06T13:49:08.144044-05:00,historyserver,historyserver-demo-6785ff6464-zlj2n,historyserver,2026-08-06T18:49:02Z,439734057000,1699749888
2026-08-06T13:49:09.143991-05:00,historyserver,historyserver-demo-6785ff6464-zlj2n,historyserver,2026-08-06T18:49:02Z,439734057000,1699749888
2026-08-06T13:49:10.144022-05:00,historyserver,historyserver-demo-6785ff6464-zlj2n,historyserver,2026-08-06T18:49:02Z,439734057000,1699749888
2026-08-06T13:49:11.143995-05:00,historyserver,historyserver-demo-6785ff6464-zlj2n,historyserver,2026-08-06T18:49:02Z,439734057000,1699749888
2026-08-06T13:49:12.143698-05:00,historyserver,historyserver-demo-6785ff6464-zlj2n,historyserver,2026-08-06T18:49:02Z,439734057000,1699749888
2026-08-06T13:49:13.144014-05:00,historyserver,historyserver-demo-6785ff6464-zlj2n,historyserver,2026-08-06T18:49:02Z,439734057000,1699749888
2026-08-06T13:49:14.144036-05:00,historyserver,historyserver-demo-6785ff6464-zlj2n,historyserver,2026-08-06T18:49:02Z,439734057000,1699749888
2026-08-06T13:49:15.143131-05:00,historyserver,historyserver-demo-6785ff6464-zlj2n,historyserver,2026-08-06T18:49:02Z,439734057000,1699749888
2026-08-06T13:49:16.144028-05:00,historyserver,historyserver-demo-6785ff6464-zlj2n,historyserver,2026-08-06T18:49:02Z,439734057000,1699749888
2026-08-06T13:49:17.144029-05:00,historyserver,historyserver-demo-6785ff6464-zlj2n,historyserver,2026-08-06T18:49:02Z,439734057000,1699749888
2026-08-06T13:49:18.143731-05:00,historyserver,historyserver-demo-6785ff6464-zlj2n,historyserver,2026-08-06T18:49:02Z,439734057000,1699749888
2026-08-06T13:49:19.143854-05:00,historyserver,historyserver-demo-6785ff6464-zlj2n,historyserver,2026-08-06T18:49:02Z,439734057000,1699749888
2026-08-06T13:49:20.144068-05:00,historyserver,historyserver-demo-6785ff6464-zlj2n,historyserver,2026-08-06T18:49:19Z,448328909000,1552986112
2026-08-06T13:49:21.144053-05:00,historyserver,historyserver-demo-6785ff6464-zlj2n,historyserver,2026-08-06T18:49:19Z,448328909000,1552986112
2026-08-06T13:49:22.144146-05:00,historyserver,historyserver-demo-6785ff6464-zlj2n,historyserver,2026-08-06T18:49:19Z,448328909000,1552986112
2026-08-06T13:49:23.143229-05:00,historyserver,historyserver-demo-6785ff6464-zlj2n,historyserver,2026-08-06T18:49:19Z,448328909000,1552986112
2026-08-06T13:49:24.144054-05:00,historyserver,historyserver-demo-6785ff6464-zlj2n,historyserver,2026-08-06T18:49:19Z,448328909000,1552986112
2026-08-06T13:49:25.144072-05:00,historyserver,historyserver-demo-6785ff6464-zlj2n,historyserver,2026-08-06T18:49:19Z,448328909000,1552986112
2026-08-06T13:49:26.144148-05:00,historyserver,historyserver-demo-6785ff6464-zlj2n,historyserver,2026-08-06T18:49:19Z,448328909000,1552986112
2026-08-06T13:49:27.143582-05:00,historyserver,historyserver-demo-6785ff6464-zlj2n,historyserver,2026-08-06T18:49:19Z,448328909000,1552986112
2026-08-06T13:49:28.143074-05:00,historyserver,historyserver-demo-6785ff6464-zlj2n,historyserver,2026-08-06T18:49:19Z,448328909000,1552986112
2026-08-06T13:49:29.144166-05:00,historyserver,historyserver-demo-6785ff6464-zlj2n,historyserver,2026-08-06T18:49:19Z,448328909000,1552986112
2026-08-06T13:49:30.143281-05:00,historyserver,historyserver-demo-6785ff6464-zlj2n,historyserver,2026-08-06T18:49:19Z,448328909000,1552986112
2026-08-06T13:49:31.144127-05:00,historyserver,historyserver-demo-6785ff6464-zlj2n,historyserver,2026-08-06T18:49:30Z,453886024000,1652740096
2026-08-06T13:49:32.1441-05:00,historyserver,historyserver-demo-6785ff6464-zlj2n,historyserver,2026-08-06T18:49:30Z,453886024000,1652740096
2026-08-06T13:49:33.144125-05:00,historyserver,historyserver-demo-6785ff6464-zlj2n,historyserver,2026-08-06T18:49:30Z,453886024000,1652740096
2026-08-06T13:49:34.144123-05:00,historyserver,historyserver-demo-6785ff6464-zlj2n,historyserver,2026-08-06T18:49:30Z,453886024000,1652740096
2026-08-06T13:49:35.144126-05:00,historyserver,historyserver-demo-6785ff6464-zlj2n,historyserver,2026-08-06T18:49:30Z,453886024000,1652740096
2026-08-06T13:49:36.144164-05:00,historyserver,historyserver-demo-6785ff6464-zlj2n,historyserver,2026-08-06T18:49:30Z,453886024000,1652740096
2026-08-06T13:49:37.144237-05:00,historyserver,historyserver-demo-6785ff6464-zlj2n,historyserver,2026-08-06T18:49:30Z,453886024000,1652740096
2026-08-06T13:49:38.143411-05:00,historyserver,historyserver-demo-6785ff6464-zlj2n,historyserver,2026-08-06T18:49:30Z,453886024000,1652740096
2026-08-06T13:49:39.144158-05:00,historyserver,historyserver-demo-6785ff6464-zlj2n,historyserver,2026-08-06T18:49:30Z,453886024000,1652740096
2026-08-06T13:49:40.144181-05:00,historyserver,historyserver-demo-6785ff6464-zlj2n,historyserver,2026-08-06T18:49:30Z,453886024000,1652740096
2026-08-06T13:49:41.143927-05:00,historyserver,historyserver-demo-6785ff6464-zlj2n,historyserver,2026-08-06T18:49:30Z,453886024000,1652740096
2026-08-06T13:49:42.143241-05:00,historyserver,historyserver-demo-6785ff6464-zlj2n,historyserver,2026-08-06T18:49:41Z,459483067000,1497628672
2026-08-06T13:49:43.144193-05:00,historyserver,historyserver-demo-6785ff6464-zlj2n,historyserver,2026-08-06T18:49:41Z,459483067000,1497628672
2026-08-06T13:49:44.144189-05:00,historyserver,historyserver-demo-6785ff6464-zlj2n,historyserver,2026-08-06T18:49:41Z,459483067000,1497628672
2026-08-06T13:49:45.144237-05:00,historyserver,historyserver-demo-6785ff6464-zlj2n,historyserver,2026-08-06T18:49:41Z,459483067000,1497628672
2026-08-06T13:49:46.144232-05:00,historyserver,historyserver-demo-6785ff6464-zlj2n,historyserver,2026-08-06T18:49:41Z,459483067000,1497628672
2026-08-06T13:49:47.144211-05:00,historyserver,historyserver-demo-6785ff6464-zlj2n,historyserver,2026-08-06T18:49:41Z,459483067000,1497628672
2026-08-06T13:49:48.144221-05:00,historyserver,historyserver-demo-6785ff6464-zlj2n,historyserver,2026-08-06T18:49:41Z,459483067000,1497628672
2026-08-06T13:49:49.14432-05:00,historyserver,historyserver-demo-6785ff6464-zlj2n,historyserver,2026-08-06T18:49:41Z,459483067000,1497628672
2026-08-06T13:49:50.144231-05:00,historyserver,historyserver-demo-6785ff6464-zlj2n,historyserver,2026-08-06T18:49:41Z,459483067000,1497628672
2026-08-06T13:49:51.41533-05:00,historyserver,historyserver-demo-6785ff6464-zlj2n,historyserver,2026-08-06T18:49:41Z,459483067000,1497628672
2026-08-06T13:49:52.144235-05:00,historyserver,historyserver-demo-6785ff6464-zlj2n,historyserver,2026-08-06T18:49:51Z,461661492000,1497366528
2026-08-06T13:49:53.144242-05:00,historyserver,historyserver-demo-6785ff6464-zlj2n,historyserver,2026-08-06T18:49:51Z,461661492000,1497366528
2026-08-06T13:49:54.14436-05:00,historyserver,historyserver-demo-6785ff6464-zlj2n,historyserver,2026-08-06T18:49:51Z,461661492000,1497366528
2026-08-06T13:49:55.143637-05:00,historyserver,historyserver-demo-6785ff6464-zlj2n,historyserver,2026-08-06T18:49:51Z,461661492000,1497366528
2026-08-06T13:49:56.144255-05:00,historyserver,historyserver-demo-6785ff6464-zlj2n,historyserver,2026-08-06T18:49:51Z,461661492000,1497366528
2026-08-06T13:49:57.144258-05:00,historyserver,historyserver-demo-6785ff6464-zlj2n,historyserver,2026-08-06T18:49:51Z,461661492000,1497366528
2026-08-06T13:49:58.144243-05:00,historyserver,historyserver-demo-6785ff6464-zlj2n,historyserver,2026-08-06T18:49:51Z,461661492000,1497366528
2026-08-06T13:49:59.144251-05:00,historyserver,historyserver-demo-6785ff6464-zlj2n,historyserver,2026-08-06T18:49:51Z,461661492000,1497366528
2026-08-06T13:50:00.144242-05:00,historyserver,historyserver-demo-6785ff6464-zlj2n,historyserver,2026-08-06T18:49:51Z,461661492000,1497366528
2026-08-06T13:50:01.144322-05:00,historyserver,historyserver-demo-6785ff6464-zlj2n,historyserver,2026-08-06T18:49:51Z,461661492000,1497366528
2026-08-06T13:50:02.143428-05:00,historyserver,historyserver-demo-6785ff6464-zlj2n,historyserver,2026-08-06T18:49:51Z,461661492000,1497366528
2026-08-06T13:50:03.144268-05:00,historyserver,historyserver-demo-6785ff6464-zlj2n,historyserver,2026-08-06T18:49:51Z,461661492000,1497366528
2026-08-06T13:50:04.144165-05:00,historyserver,historyserver-demo-6785ff6464-zlj2n,historyserver,2026-08-06T18:49:51Z,461661492000,1497366528
2026-08-06T13:50:05.144205-05:00,historyserver,historyserver-demo-6785ff6464-zlj2n,historyserver,2026-08-06T18:49:51Z,461661492000,1497366528
2026-08-06T13:50:06.144318-05:00,historyserver,historyserver-demo-6785ff6464-zlj2n,historyserver,2026-08-06T18:49:51Z,461661492000,1497366528
2026-08-06T13:50:07.144296-05:00,historyserver,historyserver-demo-6785ff6464-zlj2n,historyserver,2026-08-06T18:50:07Z,467302992000,1506512896
2026-08-06T13:50:08.143337-05:00,historyserver,historyserver-demo-6785ff6464-zlj2n,historyserver,2026-08-06T18:50:07Z,467302992000,1506512896
2026-08-06T13:50:09.144225-05:00,historyserver,historyserver-demo-6785ff6464-zlj2n,historyserver,2026-08-06T18:50:07Z,467302992000,1506512896
2026-08-06T13:50:10.144227-05:00,historyserver,historyserver-demo-6785ff6464-zlj2n,historyserver,2026-08-06T18:50:07Z,467302992000,1506512896
2026-08-06T13:50:11.144335-05:00,historyserver,historyserver-demo-6785ff6464-zlj2n,historyserver,2026-08-06T18:50:07Z,467302992000,1506512896
2026-08-06T13:50:12.143787-05:00,historyserver,historyserver-demo-6785ff6464-zlj2n,historyserver,2026-08-06T18:50:07Z,467302992000,1506512896
2026-08-06T13:50:13.144339-05:00,historyserver,historyserver-demo-6785ff6464-zlj2n,historyserver,2026-08-06T18:50:07Z,467302992000,1506512896
2026-08-06T13:50:14.144372-05:00,historyserver,historyserver-demo-6785ff6464-zlj2n,historyserver,2026-08-06T18:50:07Z,467302992000,1506512896
2026-08-06T13:50:15.144288-05:00,historyserver,historyserver-demo-6785ff6464-zlj2n,historyserver,2026-08-06T18:50:07Z,467302992000,1506512896
2026-08-06T13:50:16.144016-05:00,historyserver,historyserver-demo-6785ff6464-zlj2n,historyserver,2026-08-06T18:50:07Z,467302992000,1506512896
2026-08-06T13:50:17.144365-05:00,historyserver,historyserver-demo-6785ff6464-zlj2n,historyserver,2026-08-06T18:50:07Z,467302992000,1506512896
2026-08-06T13:50:18.144335-05:00,historyserver,historyserver-demo-6785ff6464-zlj2n,historyserver,2026-08-06T18:50:07Z,467302992000,1506512896
2026-08-06T13:50:19.144348-05:00,historyserver,historyserver-demo-6785ff6464-zlj2n,historyserver,2026-08-06T18:50:07Z,467302992000,1506512896
2026-08-06T13:50:20.144397-05:00,historyserver,historyserver-demo-6785ff6464-zlj2n,historyserver,2026-08-06T18:50:07Z,467302992000,1506512896
2026-08-06T13:50:21.144422-05:00,historyserver,historyserver-demo-6785ff6464-zlj2n,historyserver,2026-08-06T18:50:07Z,467302992000,1506512896
2026-08-06T13:50:22.144485-05:00,historyserver,historyserver-demo-6785ff6464-zlj2n,historyserver,2026-08-06T18:50:07Z,467302992000,1506512896
2026-08-06T13:50:23.144376-05:00,historyserver,historyserver-demo-6785ff6464-zlj2n,historyserver,2026-08-06T18:50:07Z,467302992000,1506512896
2026-08-06T13:50:24.144403-05:00,historyserver,historyserver-demo-6785ff6464-zlj2n,historyserver,2026-08-06T18:50:23Z,475534258000,981700608
2026-08-06T13:50:25.144437-05:00,historyserver,historyserver-demo-6785ff6464-zlj2n,historyserver,2026-08-06T18:50:23Z,475534258000,981700608
2026-08-06T13:50:26.144391-05:00,historyserver,historyserver-demo-6785ff6464-zlj2n,historyserver,2026-08-06T18:50:23Z,475534258000,981700608
2026-08-06T13:50:27.144418-05:00,historyserver,historyserver-demo-6785ff6464-zlj2n,historyserver,2026-08-06T18:50:23Z,475534258000,981700608
2026-08-06T13:50:28.14351-05:00,historyserver,historyserver-demo-6785ff6464-zlj2n,historyserver,2026-08-06T18:50:23Z,475534258000,981700608
2026-08-06T13:50:29.14386-05:00,historyserver,historyserver-demo-6785ff6464-zlj2n,historyserver,2026-08-06T18:50:23Z,475534258000,981700608
2026-08-06T13:50:30.144426-05:00,historyserver,historyserver-demo-6785ff6464-zlj2n,historyserver,2026-08-06T18:50:23Z,475534258000,981700608
2026-08-06T13:50:31.144415-05:00,historyserver,historyserver-demo-6785ff6464-zlj2n,historyserver,2026-08-06T18:50:23Z,475534258000,981700608
2026-08-06T13:50:32.144087-05:00,historyserver,historyserver-demo-6785ff6464-zlj2n,historyserver,2026-08-06T18:50:23Z,475534258000,981700608
2026-08-06T13:50:33.143629-05:00,historyserver,historyserver-demo-6785ff6464-zlj2n,historyserver,2026-08-06T18:50:23Z,475534258000,981700608
2026-08-06T13:50:34.144439-05:00,historyserver,historyserver-demo-6785ff6464-zlj2n,historyserver,2026-08-06T18:50:23Z,475534258000,981700608
2026-08-06T13:50:35.143857-05:00,historyserver,historyserver-demo-6785ff6464-zlj2n,historyserver,2026-08-06T18:50:23Z,475534258000,981700608
2026-08-06T13:50:36.14446-05:00,historyserver,historyserver-demo-6785ff6464-zlj2n,historyserver,2026-08-06T18:50:35Z,481533529000,1274253312
2026-08-06T13:50:37.143599-05:00,historyserver,historyserver-demo-6785ff6464-zlj2n,historyserver,2026-08-06T18:50:35Z,481533529000,1274253312
2026-08-06T13:50:38.144454-05:00,historyserver,historyserver-demo-6785ff6464-zlj2n,historyserver,2026-08-06T18:50:35Z,481533529000,1274253312
2026-08-06T13:50:39.144478-05:00,historyserver,historyserver-demo-6785ff6464-zlj2n,historyserver,2026-08-06T18:50:35Z,481533529000,1274253312
2026-08-06T13:50:40.144477-05:00,historyserver,historyserver-demo-6785ff6464-zlj2n,historyserver,2026-08-06T18:50:35Z,481533529000,1274253312
2026-08-06T13:50:41.143637-05:00,historyserver,historyserver-demo-6785ff6464-zlj2n,historyserver,2026-08-06T18:50:35Z,481533529000,1274253312
2026-08-06T13:50:42.144486-05:00,historyserver,historyserver-demo-6785ff6464-zlj2n,historyserver,2026-08-06T18:50:35Z,481533529000,1274253312
2026-08-06T13:50:43.144503-05:00,historyserver,historyserver-demo-6785ff6464-zlj2n,historyserver,2026-08-06T18:50:35Z,481533529000,1274253312
2026-08-06T13:50:44.144492-05:00,historyserver,historyserver-demo-6785ff6464-zlj2n,historyserver,2026-08-06T18:50:35Z,481533529000,1274253312
2026-08-06T13:50:45.144525-05:00,historyserver,historyserver-demo-6785ff6464-zlj2n,historyserver,2026-08-06T18:50:35Z,481533529000,1274253312
2026-08-06T13:50:46.144063-05:00,historyserver,historyserver-demo-6785ff6464-zlj2n,historyserver,2026-08-06T18:50:35Z,481533529000,1274253312
2026-08-06T13:50:47.143677-05:00,historyserver,historyserver-demo-6785ff6464-zlj2n,historyserver,2026-08-06T18:50:35Z,481533529000,1274253312
2026-08-06T13:50:48.144175-05:00,historyserver,historyserver-demo-6785ff6464-zlj2n,historyserver,2026-08-06T18:50:35Z,481533529000,1274253312
2026-08-06T13:50:49.144528-05:00,historyserver,historyserver-demo-6785ff6464-zlj2n,historyserver,2026-08-06T18:50:35Z,481533529000,1274253312
2026-08-06T13:50:50.144496-05:00,historyserver,historyserver-demo-6785ff6464-zlj2n,historyserver,2026-08-06T18:50:35Z,481533529000,1274253312
2026-08-06T13:50:51.144215-05:00,historyserver,historyserver-demo-6785ff6464-zlj2n,historyserver,2026-08-06T18:50:35Z,481533529000,1274253312
2026-08-06T13:50:52.144542-05:00,historyserver,historyserver-demo-6785ff6464-zlj2n,historyserver,2026-08-06T18:50:35Z,481533529000,1274253312
2026-08-06T13:50:53.144542-05:00,historyserver,historyserver-demo-6785ff6464-zlj2n,historyserver,2026-08-06T18:50:35Z,481533529000,1274253312
2026-08-06T13:50:54.144567-05:00,historyserver,historyserver-demo-6785ff6464-zlj2n,historyserver,2026-08-06T18:50:35Z,481533529000,1274253312
2026-08-06T13:50:55.144082-05:00,historyserver,historyserver-demo-6785ff6464-zlj2n,historyserver,2026-08-06T18:50:54Z,491005599000,1403645952
2026-08-06T13:50:56.144582-05:00,historyserver,historyserver-demo-6785ff6464-zlj2n,historyserver,2026-08-06T18:50:54Z,491005599000,1403645952
2026-08-06T13:50:57.144289-05:00,historyserver,historyserver-demo-6785ff6464-zlj2n,historyserver,2026-08-06T18:50:54Z,491005599000,1403645952
2026-08-06T13:50:58.144312-05:00,historyserver,historyserver-demo-6785ff6464-zlj2n,historyserver,2026-08-06T18:50:54Z,491005599000,1403645952
2026-08-06T13:50:59.14456-05:00,historyserver,historyserver-demo-6785ff6464-zlj2n,historyserver,2026-08-06T18:50:54Z,491005599000,1403645952
2026-08-06T13:51:00.144572-05:00,historyserver,historyserver-demo-6785ff6464-zlj2n,historyserver,2026-08-06T18:50:54Z,491005599000,1403645952
2026-08-06T13:51:01.14454-05:00,historyserver,historyserver-demo-6785ff6464-zlj2n,historyserver,2026-08-06T18:50:54Z,491005599000,1403645952
2026-08-06T13:51:02.14372-05:00,historyserver,historyserver-demo-6785ff6464-zlj2n,historyserver,2026-08-06T18:50:54Z,491005599000,1403645952
2026-08-06T13:51:03.144591-05:00,historyserver,historyserver-demo-6785ff6464-zlj2n,historyserver,2026-08-06T18:50:54Z,491005599000,1403645952
2026-08-06T13:51:04.144606-05:00,historyserver,historyserver-demo-6785ff6464-zlj2n,historyserver,2026-08-06T18:50:54Z,491005599000,1403645952
2026-08-06T13:51:05.144951-05:00,historyserver,historyserver-demo-6785ff6464-zlj2n,historyserver,2026-08-06T18:50:54Z,491005599000,1403645952
2026-08-06T13:51:06.144641-05:00,historyserver,historyserver-demo-6785ff6464-zlj2n,historyserver,2026-08-06T18:50:54Z,491005599000,1403645952
2026-08-06T13:51:07.144323-05:00,historyserver,historyserver-demo-6785ff6464-zlj2n,historyserver,2026-08-06T18:50:54Z,491005599000,1403645952
2026-08-06T13:51:08.144641-05:00,historyserver,historyserver-demo-6785ff6464-zlj2n,historyserver,2026-08-06T18:50:54Z,491005599000,1403645952
2026-08-06T13:51:09.144642-05:00,historyserver,historyserver-demo-6785ff6464-zlj2n,historyserver,2026-08-06T18:50:54Z,491005599000,1403645952
2026-08-06T13:51:10.144612-05:00,historyserver,historyserver-demo-6785ff6464-zlj2n,historyserver,2026-08-06T18:51:09Z,498684952000,1351548928
2026-08-06T13:51:11.14467-05:00,historyserver,historyserver-demo-6785ff6464-zlj2n,historyserver,2026-08-06T18:51:09Z,498684952000,1351548928
2026-08-06T13:51:12.144663-05:00,historyserver,historyserver-demo-6785ff6464-zlj2n,historyserver,2026-08-06T18:51:09Z,498684952000,1351548928
2026-08-06T13:51:13.144665-05:00,historyserver,historyserver-demo-6785ff6464-zlj2n,historyserver,2026-08-06T18:51:09Z,498684952000,1351548928
2026-08-06T13:51:14.1439-05:00,historyserver,historyserver-demo-6785ff6464-zlj2n,historyserver,2026-08-06T18:51:09Z,498684952000,1351548928
2026-08-06T13:51:15.144689-05:00,historyserver,historyserver-demo-6785ff6464-zlj2n,historyserver,2026-08-06T18:51:09Z,498684952000,1351548928
2026-08-06T13:51:16.144658-05:00,historyserver,historyserver-demo-6785ff6464-zlj2n,historyserver,2026-08-06T18:51:09Z,498684952000,1351548928
2026-08-06T13:51:17.144662-05:00,historyserver,historyserver-demo-6785ff6464-zlj2n,historyserver,2026-08-06T18:51:09Z,498684952000,1351548928
2026-08-06T13:51:18.144704-05:00,historyserver,historyserver-demo-6785ff6464-zlj2n,historyserver,2026-08-06T18:51:09Z,498684952000,1351548928
2026-08-06T13:51:19.144783-05:00,historyserver,historyserver-demo-6785ff6464-zlj2n,historyserver,2026-08-06T18:51:09Z,498684952000,1351548928
2026-08-06T13:51:20.144336-05:00,historyserver,historyserver-demo-6785ff6464-zlj2n,historyserver,2026-08-06T18:51:09Z,498684952000,1351548928
2026-08-06T13:51:21.143729-05:00,historyserver,historyserver-demo-6785ff6464-zlj2n,historyserver,2026-08-06T18:51:09Z,498684952000,1351548928
2026-08-06T13:51:22.144744-05:00,historyserver,historyserver-demo-6785ff6464-zlj2n,historyserver,2026-08-06T18:51:09Z,498684952000,1351548928
2026-08-06T13:51:23.144717-05:00,historyserver,historyserver-demo-6785ff6464-zlj2n,historyserver,2026-08-06T18:51:09Z,498684952000,1351548928
2026-08-06T13:51:24.144487-05:00,historyserver,historyserver-demo-6785ff6464-zlj2n,historyserver,2026-08-06T18:51:09Z,498684952000,1351548928
2026-08-06T13:51:25.143788-05:00,historyserver,historyserver-demo-6785ff6464-zlj2n,historyserver,2026-08-06T18:51:09Z,498684952000,1351548928
2026-08-06T13:51:26.144308-05:00,historyserver,historyserver-demo-6785ff6464-zlj2n,historyserver,2026-08-06T18:51:09Z,498684952000,1351548928
2026-08-06T13:51:27.144756-05:00,historyserver,historyserver-demo-6785ff6464-zlj2n,historyserver,2026-08-06T18:51:09Z,498684952000,1351548928
2026-08-06T13:51:28.143922-05:00,historyserver,historyserver-demo-6785ff6464-zlj2n,historyserver,2026-08-06T18:51:27Z,507605729000,1206710272
2026-08-06T13:51:29.144082-05:00,historyserver,historyserver-demo-6785ff6464-zlj2n,historyserver,2026-08-06T18:51:27Z,507605729000,1206710272
2026-08-06T13:51:30.144608-05:00,historyserver,historyserver-demo-6785ff6464-zlj2n,historyserver,2026-08-06T18:51:27Z,507605729000,1206710272
2026-08-06T13:51:31.144736-05:00,historyserver,historyserver-demo-6785ff6464-zlj2n,historyserver,2026-08-06T18:51:27Z,507605729000,1206710272
2026-08-06T13:51:32.144761-05:00,historyserver,historyserver-demo-6785ff6464-zlj2n,historyserver,2026-08-06T18:51:27Z,507605729000,1206710272
2026-08-06T13:51:33.144788-05:00,historyserver,historyserver-demo-6785ff6464-zlj2n,historyserver,2026-08-06T18:51:27Z,507605729000,1206710272
2026-08-06T13:51:34.144777-05:00,historyserver,historyserver-demo-6785ff6464-zlj2n,historyserver,2026-08-06T18:51:27Z,507605729000,1206710272
2026-08-06T13:51:35.144757-05:00,historyserver,historyserver-demo-6785ff6464-zlj2n,historyserver,2026-08-06T18:51:27Z,507605729000,1206710272
2026-08-06T13:51:36.144791-05:00,historyserver,historyserver-demo-6785ff6464-zlj2n,historyserver,2026-08-06T18:51:27Z,507605729000,1206710272
2026-08-06T13:51:37.144794-05:00,historyserver,historyserver-demo-6785ff6464-zlj2n,historyserver,2026-08-06T18:51:27Z,507605729000,1206710272
2026-08-06T13:51:38.144803-05:00,historyserver,historyserver-demo-6785ff6464-zlj2n,historyserver,2026-08-06T18:51:27Z,507605729000,1206710272
2026-08-06T13:51:39.144706-05:00,historyserver,historyserver-demo-6785ff6464-zlj2n,historyserver,2026-08-06T18:51:27Z,507605729000,1206710272
2026-08-06T13:51:40.144793-05:00,historyserver,historyserver-demo-6785ff6464-zlj2n,historyserver,2026-08-06T18:51:39Z,513750811000,1148035072
2026-08-06T13:51:41.144433-05:00,historyserver,historyserver-demo-6785ff6464-zlj2n,historyserver,2026-08-06T18:51:39Z,513750811000,1148035072
2026-08-06T13:51:42.144452-05:00,historyserver,historyserver-demo-6785ff6464-zlj2n,historyserver,2026-08-06T18:51:39Z,513750811000,1148035072
2026-08-06T13:51:43.144824-05:00,historyserver,historyserver-demo-6785ff6464-zlj2n,historyserver,2026-08-06T18:51:39Z,513750811000,1148035072
2026-08-06T13:51:44.144565-05:00,historyserver,historyserver-demo-6785ff6464-zlj2n,historyserver,2026-08-06T18:51:39Z,513750811000,1148035072
2026-08-06T13:51:45.144685-05:00,historyserver,historyserver-demo-6785ff6464-zlj2n,historyserver,2026-08-06T18:51:39Z,513750811000,1148035072
2026-08-06T13:51:46.144844-05:00,historyserver,historyserver-demo-6785ff6464-zlj2n,historyserver,2026-08-06T18:51:39Z,513750811000,1148035072
2026-08-06T13:51:47.144367-05:00,historyserver,historyserver-demo-6785ff6464-zlj2n,historyserver,2026-08-06T18:51:39Z,513750811000,1148035072
2026-08-06T13:51:48.144825-05:00,historyserver,historyserver-demo-6785ff6464-zlj2n,historyserver,2026-08-06T18:51:39Z,513750811000,1148035072
2026-08-06T13:51:49.14486-05:00,historyserver,historyserver-demo-6785ff6464-zlj2n,historyserver,2026-08-06T18:51:39Z,513750811000,1148035072
2026-08-06T13:51:50.144138-05:00,historyserver,historyserver-demo-6785ff6464-zlj2n,historyserver,2026-08-06T18:51:39Z,513750811000,1148035072
2026-08-06T13:51:51.144681-05:00,historyserver,historyserver-demo-6785ff6464-zlj2n,historyserver,2026-08-06T18:51:39Z,513750811000,1148035072
2026-08-06T13:51:52.144854-05:00,historyserver,historyserver-demo-6785ff6464-zlj2n,historyserver,2026-08-06T18:51:39Z,513750811000,1148035072
2026-08-06T13:51:53.144331-05:00,historyserver,historyserver-demo-6785ff6464-zlj2n,historyserver,2026-08-06T18:51:39Z,513750811000,1148035072
2026-08-06T13:51:54.143953-05:00,historyserver,historyserver-demo-6785ff6464-zlj2n,historyserver,2026-08-06T18:51:39Z,513750811000,1148035072
2026-08-06T13:51:55.144374-05:00,historyserver,historyserver-demo-6785ff6464-zlj2n,historyserver,2026-08-06T18:51:39Z,513750811000,1148035072
2026-08-06T13:51:56.144894-05:00,historyserver,historyserver-demo-6785ff6464-zlj2n,historyserver,2026-08-06T18:51:39Z,513750811000,1148035072
2026-08-06T13:51:57.144069-05:00,historyserver,historyserver-demo-6785ff6464-zlj2n,historyserver,2026-08-06T18:51:39Z,513750811000,1148035072
2026-08-06T13:51:58.144769-05:00,historyserver,historyserver-demo-6785ff6464-zlj2n,historyserver,2026-08-06T18:51:57Z,522482056000,1265049600
2026-08-06T13:51:59.144962-05:00,historyserver,historyserver-demo-6785ff6464-zlj2n,historyserver,2026-08-06T18:51:57Z,522482056000,1265049600
2026-08-06T13:52:00.144947-05:00,historyserver,historyserver-demo-6785ff6464-zlj2n,historyserver,2026-08-06T18:51:57Z,522482056000,1265049600
2026-08-06T13:52:01.14481-05:00,historyserver,historyserver-demo-6785ff6464-zlj2n,historyserver,2026-08-06T18:51:57Z,522482056000,1265049600
2026-08-06T13:52:02.144962-05:00,historyserver,historyserver-demo-6785ff6464-zlj2n,historyserver,2026-08-06T18:51:57Z,522482056000,1265049600
2026-08-06T13:52:03.144968-05:00,historyserver,historyserver-demo-6785ff6464-zlj2n,historyserver,2026-08-06T18:51:57Z,522482056000,1265049600
2026-08-06T13:52:04.144001-05:00,historyserver,historyserver-demo-6785ff6464-zlj2n,historyserver,2026-08-06T18:51:57Z,522482056000,1265049600
2026-08-06T13:52:05.144674-05:00,historyserver,historyserver-demo-6785ff6464-zlj2n,historyserver,2026-08-06T18:51:57Z,522482056000,1265049600
2026-08-06T13:52:06.144962-05:00,historyserver,historyserver-demo-6785ff6464-zlj2n,historyserver,2026-08-06T18:51:57Z,522482056000,1265049600
2026-08-06T13:52:07.144949-05:00,historyserver,historyserver-demo-6785ff6464-zlj2n,historyserver,2026-08-06T18:51:57Z,522482056000,1265049600
2026-08-06T13:52:08.144999-05:00,historyserver,historyserver-demo-6785ff6464-zlj2n,historyserver,2026-08-06T18:51:57Z,522482056000,1265049600
2026-08-06T13:52:09.145102-05:00,historyserver,historyserver-demo-6785ff6464-zlj2n,historyserver,2026-08-06T18:51:57Z,522482056000,1265049600
2026-08-06T13:52:10.144732-05:00,historyserver,historyserver-demo-6785ff6464-zlj2n,historyserver,2026-08-06T18:52:09Z,528344731000,1437990912
2026-08-06T13:52:11.144976-05:00,historyserver,historyserver-demo-6785ff6464-zlj2n,historyserver,2026-08-06T18:52:09Z,528344731000,1437990912
2026-08-06T13:52:12.145009-05:00,historyserver,historyserver-demo-6785ff6464-zlj2n,historyserver,2026-08-06T18:52:09Z,528344731000,1437990912
2026-08-06T13:52:13.144994-05:00,historyserver,historyserver-demo-6785ff6464-zlj2n,historyserver,2026-08-06T18:52:09Z,528344731000,1437990912
2026-08-06T13:52:14.145004-05:00,historyserver,historyserver-demo-6785ff6464-zlj2n,historyserver,2026-08-06T18:52:09Z,528344731000,1437990912
2026-08-06T13:52:15.144996-05:00,historyserver,historyserver-demo-6785ff6464-zlj2n,historyserver,2026-08-06T18:52:09Z,528344731000,1437990912
2026-08-06T13:52:16.145022-05:00,historyserver,historyserver-demo-6785ff6464-zlj2n,historyserver,2026-08-06T18:52:09Z,528344731000,1437990912
2026-08-06T13:52:17.145032-05:00,historyserver,historyserver-demo-6785ff6464-zlj2n,historyserver,2026-08-06T18:52:09Z,528344731000,1437990912
2026-08-06T13:52:18.145035-05:00,historyserver,historyserver-demo-6785ff6464-zlj2n,historyserver,2026-08-06T18:52:09Z,528344731000,1437990912
2026-08-06T13:52:19.144101-05:00,historyserver,historyserver-demo-6785ff6464-zlj2n,historyserver,2026-08-06T18:52:09Z,528344731000,1437990912
2026-08-06T13:52:20.144559-05:00,historyserver,historyserver-demo-6785ff6464-zlj2n,historyserver,2026-08-06T18:52:09Z,528344731000,1437990912
2026-08-06T13:52:21.144731-05:00,historyserver,historyserver-demo-6785ff6464-zlj2n,historyserver,2026-08-06T18:52:09Z,528344731000,1437990912
2026-08-06T13:52:22.145024-05:00,historyserver,historyserver-demo-6785ff6464-zlj2n,historyserver,2026-08-06T18:52:09Z,528344731000,1437990912
2026-08-06T13:52:23.145052-05:00,historyserver,historyserver-demo-6785ff6464-zlj2n,historyserver,2026-08-06T18:52:09Z,528344731000,1437990912
2026-08-06T13:52:24.144679-05:00,historyserver,historyserver-demo-6785ff6464-zlj2n,historyserver,2026-08-06T18:52:09Z,528344731000,1437990912
2026-08-06T13:52:25.145083-05:00,historyserver,historyserver-demo-6785ff6464-zlj2n,historyserver,2026-08-06T18:52:09Z,528344731000,1437990912
2026-08-06T13:52:26.145058-05:00,historyserver,historyserver-demo-6785ff6464-zlj2n,historyserver,2026-08-06T18:52:09Z,528344731000,1437990912
2026-08-06T13:52:27.150172-05:00,historyserver,historyserver-demo-6785ff6464-zlj2n,historyserver,2026-08-06T18:52:09Z,528344731000,1437990912
2026-08-06T13:52:28.145051-05:00,historyserver,historyserver-demo-6785ff6464-zlj2n,historyserver,2026-08-06T18:52:09Z,528344731000,1437990912
2026-08-06T13:52:29.145077-05:00,historyserver,historyserver-demo-6785ff6464-zlj2n,historyserver,2026-08-06T18:52:28Z,538015887000,1547190272
2026-08-06T13:52:30.144406-05:00,historyserver,historyserver-demo-6785ff6464-zlj2n,historyserver,2026-08-06T18:52:28Z,538015887000,1547190272
2026-08-06T13:52:31.145069-05:00,historyserver,historyserver-demo-6785ff6464-zlj2n,historyserver,2026-08-06T18:52:28Z,538015887000,1547190272
2026-08-06T13:52:32.14437-05:00,historyserver,historyserver-demo-6785ff6464-zlj2n,historyserver,2026-08-06T18:52:28Z,538015887000,1547190272
2026-08-06T13:52:33.145096-05:00,historyserver,historyserver-demo-6785ff6464-zlj2n,historyserver,2026-08-06T18:52:28Z,538015887000,1547190272
2026-08-06T13:52:34.144268-05:00,historyserver,historyserver-demo-6785ff6464-zlj2n,historyserver,2026-08-06T18:52:28Z,538015887000,1547190272
2026-08-06T13:52:35.145196-05:00,historyserver,historyserver-demo-6785ff6464-zlj2n,historyserver,2026-08-06T18:52:28Z,538015887000,1547190272
2026-08-06T13:52:36.144794-05:00,historyserver,historyserver-demo-6785ff6464-zlj2n,historyserver,2026-08-06T18:52:28Z,538015887000,1547190272
2026-08-06T13:52:37.145104-05:00,historyserver,historyserver-demo-6785ff6464-zlj2n,historyserver,2026-08-06T18:52:28Z,538015887000,1547190272
2026-08-06T13:52:38.144948-05:00,historyserver,historyserver-demo-6785ff6464-zlj2n,historyserver,2026-08-06T18:52:28Z,538015887000,1547190272
2026-08-06T13:52:39.144834-05:00,historyserver,historyserver-demo-6785ff6464-zlj2n,historyserver,2026-08-06T18:52:28Z,538015887000,1547190272
2026-08-06T13:52:40.145157-05:00,historyserver,historyserver-demo-6785ff6464-zlj2n,historyserver,2026-08-06T18:52:39Z,538465992000,1560702976
2026-08-06T13:52:41.145166-05:00,historyserver,historyserver-demo-6785ff6464-zlj2n,historyserver,2026-08-06T18:52:39Z,538465992000,1560702976
2026-08-06T13:52:42.14497-05:00,historyserver,historyserver-demo-6785ff6464-zlj2n,historyserver,2026-08-06T18:52:39Z,538465992000,1560702976
2026-08-06T13:52:43.145183-05:00,historyserver,historyserver-demo-6785ff6464-zlj2n,historyserver,2026-08-06T18:52:39Z,538465992000,1560702976
2026-08-06T13:52:44.14516-05:00,historyserver,historyserver-demo-6785ff6464-zlj2n,historyserver,2026-08-06T18:52:39Z,538465992000,1560702976
2026-08-06T13:52:45.144896-05:00,historyserver,historyserver-demo-6785ff6464-zlj2n,historyserver,2026-08-06T18:52:39Z,538465992000,1560702976
2026-08-06T13:52:46.145202-05:00,historyserver,historyserver-demo-6785ff6464-zlj2n,historyserver,2026-08-06T18:52:39Z,538465992000,1560702976
2026-08-06T13:52:47.145175-05:00,historyserver,historyserver-demo-6785ff6464-zlj2n,historyserver,2026-08-06T18:52:39Z,538465992000,1560702976
2026-08-06T13:52:48.144805-05:00,historyserver,historyserver-demo-6785ff6464-zlj2n,historyserver,2026-08-06T18:52:39Z,538465992000,1560702976
2026-08-06T13:52:49.14454-05:00,historyserver,historyserver-demo-6785ff6464-zlj2n,historyserver,2026-08-06T18:52:39Z,538465992000,1560702976
2026-08-06T13:52:50.144381-05:00,historyserver,historyserver-demo-6785ff6464-zlj2n,historyserver,2026-08-06T18:52:39Z,538465992000,1560702976
2026-08-06T13:52:51.144272-05:00,historyserver,historyserver-demo-6785ff6464-zlj2n,historyserver,2026-08-06T18:52:39Z,538465992000,1560702976
2026-08-06T13:52:52.145181-05:00,historyserver,historyserver-demo-6785ff6464-zlj2n,historyserver,2026-08-06T18:52:39Z,538465992000,1560702976
2026-08-06T13:52:53.145248-05:00,historyserver,historyserver-demo-6785ff6464-zlj2n,historyserver,2026-08-06T18:52:39Z,538465992000,1560702976
2026-08-06T13:52:54.145101-05:00,historyserver,historyserver-demo-6785ff6464-zlj2n,historyserver,2026-08-06T18:52:39Z,538465992000,1560702976
2026-08-06T13:52:55.145217-05:00,historyserver,historyserver-demo-6785ff6464-zlj2n,historyserver,2026-08-06T18:52:39Z,538465992000,1560702976
2026-08-06T13:52:56.144467-05:00,historyserver,historyserver-demo-6785ff6464-zlj2n,historyserver,2026-08-06T18:52:39Z,538465992000,1560702976
2026-08-06T13:52:57.145234-05:00,historyserver,historyserver-demo-6785ff6464-zlj2n,historyserver,2026-08-06T18:52:56Z,547098160000,927207424
2026-08-06T13:52:58.145053-05:00,historyserver,historyserver-demo-6785ff6464-zlj2n,historyserver,2026-08-06T18:52:56Z,547098160000,927207424
2026-08-06T13:52:59.145226-05:00,historyserver,historyserver-demo-6785ff6464-zlj2n,historyserver,2026-08-06T18:52:56Z,547098160000,927207424
2026-08-06T13:53:00.144516-05:00,historyserver,historyserver-demo-6785ff6464-zlj2n,historyserver,2026-08-06T18:52:56Z,547098160000,927207424
2026-08-06T13:53:01.145256-05:00,historyserver,historyserver-demo-6785ff6464-zlj2n,historyserver,2026-08-06T18:52:56Z,547098160000,927207424
2026-08-06T13:53:02.145275-05:00,historyserver,historyserver-demo-6785ff6464-zlj2n,historyserver,2026-08-06T18:52:56Z,547098160000,927207424
2026-08-06T13:53:03.145297-05:00,historyserver,historyserver-demo-6785ff6464-zlj2n,historyserver,2026-08-06T18:52:56Z,547098160000,927207424
2026-08-06T13:53:04.145279-05:00,historyserver,historyserver-demo-6785ff6464-zlj2n,historyserver,2026-08-06T18:52:56Z,547098160000,927207424
2026-08-06T13:53:05.145274-05:00,historyserver,historyserver-demo-6785ff6464-zlj2n,historyserver,2026-08-06T18:52:56Z,547098160000,927207424
2026-08-06T13:53:06.145275-05:00,historyserver,historyserver-demo-6785ff6464-zlj2n,historyserver,2026-08-06T18:52:56Z,547098160000,927207424
2026-08-06T13:53:07.144634-05:00,historyserver,historyserver-demo-6785ff6464-zlj2n,historyserver,2026-08-06T18:52:56Z,547098160000,927207424
2026-08-06T13:53:08.145322-05:00,historyserver,historyserver-demo-6785ff6464-zlj2n,historyserver,2026-08-06T18:52:56Z,547098160000,927207424
2026-08-06T13:53:09.14524-05:00,historyserver,historyserver-demo-6785ff6464-zlj2n,historyserver,2026-08-06T18:52:56Z,547098160000,927207424
2026-08-06T13:53:10.144399-05:00,historyserver,historyserver-demo-6785ff6464-zlj2n,historyserver,2026-08-06T18:53:09Z,553671297000,1102442496
2026-08-06T13:53:11.145298-05:00,historyserver,historyserver-demo-6785ff6464-zlj2n,historyserver,2026-08-06T18:53:09Z,553671297000,1102442496
2026-08-06T13:53:12.145304-05:00,historyserver,historyserver-demo-6785ff6464-zlj2n,historyserver,2026-08-06T18:53:09Z,553671297000,1102442496
2026-08-06T13:53:13.145036-05:00,historyserver,historyserver-demo-6785ff6464-zlj2n,historyserver,2026-08-06T18:53:09Z,553671297000,1102442496
2026-08-06T13:53:14.144991-05:00,historyserver,historyserver-demo-6785ff6464-zlj2n,historyserver,2026-08-06T18:53:09Z,553671297000,1102442496
2026-08-06T13:53:15.14532-05:00,historyserver,historyserver-demo-6785ff6464-zlj2n,historyserver,2026-08-06T18:53:09Z,553671297000,1102442496
2026-08-06T13:53:16.145322-05:00,historyserver,historyserver-demo-6785ff6464-zlj2n,historyserver,2026-08-06T18:53:09Z,553671297000,1102442496
2026-08-06T13:53:17.145052-05:00,historyserver,historyserver-demo-6785ff6464-zlj2n,historyserver,2026-08-06T18:53:09Z,553671297000,1102442496
2026-08-06T13:53:18.145325-05:00,historyserver,historyserver-demo-6785ff6464-zlj2n,historyserver,2026-08-06T18:53:09Z,553671297000,1102442496
2026-08-06T13:53:19.145429-05:00,historyserver,historyserver-demo-6785ff6464-zlj2n,historyserver,2026-08-06T18:53:09Z,553671297000,1102442496
2026-08-06T13:53:20.14577-05:00,historyserver,historyserver-demo-6785ff6464-zlj2n,historyserver,2026-08-06T18:53:20Z,558791265000,1248690176
2026-08-06T13:53:21.144418-05:00,historyserver,historyserver-demo-6785ff6464-zlj2n,historyserver,2026-08-06T18:53:20Z,558791265000,1248690176
2026-08-06T13:53:22.145286-05:00,historyserver,historyserver-demo-6785ff6464-zlj2n,historyserver,2026-08-06T18:53:20Z,558791265000,1248690176
2026-08-06T13:53:23.145541-05:00,historyserver,historyserver-demo-6785ff6464-zlj2n,historyserver,2026-08-06T18:53:20Z,558791265000,1248690176
2026-08-06T13:53:24.144469-05:00,historyserver,historyserver-demo-6785ff6464-zlj2n,historyserver,2026-08-06T18:53:20Z,558791265000,1248690176
2026-08-06T13:53:25.145398-05:00,historyserver,historyserver-demo-6785ff6464-zlj2n,historyserver,2026-08-06T18:53:20Z,558791265000,1248690176
2026-08-06T13:53:26.145393-05:00,historyserver,historyserver-demo-6785ff6464-zlj2n,historyserver,2026-08-06T18:53:20Z,558791265000,1248690176
2026-08-06T13:53:27.144414-05:00,historyserver,historyserver-demo-6785ff6464-zlj2n,historyserver,2026-08-06T18:53:20Z,558791265000,1248690176
2026-08-06T13:53:28.145393-05:00,historyserver,historyserver-demo-6785ff6464-zlj2n,historyserver,2026-08-06T18:53:20Z,558791265000,1248690176
2026-08-06T13:53:29.145397-05:00,historyserver,historyserver-demo-6785ff6464-zlj2n,historyserver,2026-08-06T18:53:20Z,558791265000,1248690176
2026-08-06T13:53:30.144991-05:00,historyserver,historyserver-demo-6785ff6464-zlj2n,historyserver,2026-08-06T18:53:20Z,558791265000,1248690176
2026-08-06T13:53:31.144884-05:00,historyserver,historyserver-demo-6785ff6464-zlj2n,historyserver,2026-08-06T18:53:20Z,558791265000,1248690176
2026-08-06T13:53:32.14559-05:00,historyserver,historyserver-demo-6785ff6464-zlj2n,historyserver,2026-08-06T18:53:20Z,558791265000,1248690176
2026-08-06T13:53:33.145565-05:00,historyserver,historyserver-demo-6785ff6464-zlj2n,historyserver,2026-08-06T18:53:20Z,558791265000,1248690176
2026-08-06T13:53:34.145449-05:00,historyserver,historyserver-demo-6785ff6464-zlj2n,historyserver,2026-08-06T18:53:20Z,558791265000,1248690176
2026-08-06T13:53:35.145465-05:00,historyserver,historyserver-demo-6785ff6464-zlj2n,historyserver,2026-08-06T18:53:20Z,558791265000,1248690176
2026-08-06T13:53:36.145304-05:00,historyserver,historyserver-demo-6785ff6464-zlj2n,historyserver,2026-08-06T18:53:20Z,558791265000,1248690176
2026-08-06T13:53:37.145208-05:00,historyserver,historyserver-demo-6785ff6464-zlj2n,historyserver,2026-08-06T18:53:20Z,558791265000,1248690176
2026-08-06T13:53:38.145444-05:00,historyserver,historyserver-demo-6785ff6464-zlj2n,historyserver,2026-08-06T18:53:37Z,567620987000,1550696448
2026-08-06T13:53:39.145485-05:00,historyserver,historyserver-demo-6785ff6464-zlj2n,historyserver,2026-08-06T18:53:37Z,567620987000,1550696448
2026-08-06T13:53:40.145458-05:00,historyserver,historyserver-demo-6785ff6464-zlj2n,historyserver,2026-08-06T18:53:37Z,567620987000,1550696448
2026-08-06T13:53:41.145423-05:00,historyserver,historyserver-demo-6785ff6464-zlj2n,historyserver,2026-08-06T18:53:37Z,567620987000,1550696448
2026-08-06T13:53:42.145504-05:00,historyserver,historyserver-demo-6785ff6464-zlj2n,historyserver,2026-08-06T18:53:37Z,567620987000,1550696448
2026-08-06T13:53:43.145506-05:00,historyserver,historyserver-demo-6785ff6464-zlj2n,historyserver,2026-08-06T18:53:37Z,567620987000,1550696448
2026-08-06T13:53:44.145539-05:00,historyserver,historyserver-demo-6785ff6464-zlj2n,historyserver,2026-08-06T18:53:37Z,567620987000,1550696448
2026-08-06T13:53:45.145499-05:00,historyserver,historyserver-demo-6785ff6464-zlj2n,historyserver,2026-08-06T18:53:37Z,567620987000,1550696448
2026-08-06T13:53:46.145257-05:00,historyserver,historyserver-demo-6785ff6464-zlj2n,historyserver,2026-08-06T18:53:37Z,567620987000,1550696448
2026-08-06T13:53:47.144528-05:00,historyserver,historyserver-demo-6785ff6464-zlj2n,historyserver,2026-08-06T18:53:37Z,567620987000,1550696448
2026-08-06T13:53:48.145512-05:00,historyserver,historyserver-demo-6785ff6464-zlj2n,historyserver,2026-08-06T18:53:37Z,567620987000,1550696448
2026-08-06T13:53:49.145506-05:00,historyserver,historyserver-demo-6785ff6464-zlj2n,historyserver,2026-08-06T18:53:37Z,567620987000,1550696448
2026-08-06T13:53:50.145523-05:00,historyserver,historyserver-demo-6785ff6464-zlj2n,historyserver,2026-08-06T18:53:37Z,567620987000,1550696448
2026-08-06T13:53:51.145518-05:00,historyserver,historyserver-demo-6785ff6464-zlj2n,historyserver,2026-08-06T18:53:37Z,567620987000,1550696448
2026-08-06T13:53:52.1455-05:00,historyserver,historyserver-demo-6785ff6464-zlj2n,historyserver,2026-08-06T18:53:37Z,567620987000,1550696448
2026-08-06T13:53:53.14553-05:00,historyserver,historyserver-demo-6785ff6464-zlj2n,historyserver,2026-08-06T18:53:37Z,567620987000,1550696448
2026-08-06T13:53:54.145516-05:00,historyserver,historyserver-demo-6785ff6464-zlj2n,historyserver,2026-08-06T18:53:37Z,567620987000,1550696448
2026-08-06T13:53:55.145544-05:00,historyserver,historyserver-demo-6785ff6464-zlj2n,historyserver,2026-08-06T18:53:54Z,575976123000,1576570880
2026-08-06T13:53:56.145564-05:00,historyserver,historyserver-demo-6785ff6464-zlj2n,historyserver,2026-08-06T18:53:54Z,575976123000,1576570880
2026-08-06T13:53:57.14557-05:00,historyserver,historyserver-demo-6785ff6464-zlj2n,historyserver,2026-08-06T18:53:54Z,575976123000,1576570880
2026-08-06T13:53:58.145546-05:00,historyserver,historyserver-demo-6785ff6464-zlj2n,historyserver,2026-08-06T18:53:54Z,575976123000,1576570880
2026-08-06T13:53:59.14513-05:00,historyserver,historyserver-demo-6785ff6464-zlj2n,historyserver,2026-08-06T18:53:54Z,575976123000,1576570880
2026-08-06T13:54:00.145598-05:00,historyserver,historyserver-demo-6785ff6464-zlj2n,historyserver,2026-08-06T18:53:54Z,575976123000,1576570880
2026-08-06T13:54:01.145597-05:00,historyserver,historyserver-demo-6785ff6464-zlj2n,historyserver,2026-08-06T18:53:54Z,575976123000,1576570880
2026-08-06T13:54:02.145589-05:00,historyserver,historyserver-demo-6785ff6464-zlj2n,historyserver,2026-08-06T18:53:54Z,575976123000,1576570880
2026-08-06T13:54:03.145349-05:00,historyserver,historyserver-demo-6785ff6464-zlj2n,historyserver,2026-08-06T18:53:54Z,575976123000,1576570880
2026-08-06T13:54:04.145269-05:00,historyserver,historyserver-demo-6785ff6464-zlj2n,historyserver,2026-08-06T18:53:54Z,575976123000,1576570880
2026-08-06T13:54:05.145601-05:00,historyserver,historyserver-demo-6785ff6464-zlj2n,historyserver,2026-08-06T18:53:54Z,575976123000,1576570880
2026-08-06T13:54:06.145619-05:00,historyserver,historyserver-demo-6785ff6464-zlj2n,historyserver,2026-08-06T18:53:54Z,575976123000,1576570880
2026-08-06T13:54:07.14563-05:00,historyserver,historyserver-demo-6785ff6464-zlj2n,historyserver,2026-08-06T18:53:54Z,575976123000,1576570880
2026-08-06T13:54:08.144621-05:00,historyserver,historyserver-demo-6785ff6464-zlj2n,historyserver,2026-08-06T18:53:54Z,575976123000,1576570880
2026-08-06T13:54:09.145432-05:00,historyserver,historyserver-demo-6785ff6464-zlj2n,historyserver,2026-08-06T18:53:54Z,575976123000,1576570880
2026-08-06T13:54:10.145618-05:00,historyserver,historyserver-demo-6785ff6464-zlj2n,historyserver,2026-08-06T18:53:54Z,575976123000,1576570880
2026-08-06T13:54:11.145631-05:00,historyserver,historyserver-demo-6785ff6464-zlj2n,historyserver,2026-08-06T18:53:54Z,575976123000,1576570880
2026-08-06T13:54:12.145622-05:00,historyserver,historyserver-demo-6785ff6464-zlj2n,historyserver,2026-08-06T18:53:54Z,575976123000,1576570880
2026-08-06T13:54:13.144789-05:00,historyserver,historyserver-demo-6785ff6464-zlj2n,historyserver,2026-08-06T18:53:54Z,575976123000,1576570880
2026-08-06T13:54:14.145637-05:00,historyserver,historyserver-demo-6785ff6464-zlj2n,historyserver,2026-08-06T18:54:13Z,585365422000,1300152320
2026-08-06T13:54:15.145377-05:00,historyserver,historyserver-demo-6785ff6464-zlj2n,historyserver,2026-08-06T18:54:13Z,585365422000,1300152320
2026-08-06T13:54:16.145653-05:00,historyserver,historyserver-demo-6785ff6464-zlj2n,historyserver,2026-08-06T18:54:13Z,585365422000,1300152320
2026-08-06T13:54:17.14566-05:00,historyserver,historyserver-demo-6785ff6464-zlj2n,historyserver,2026-08-06T18:54:13Z,585365422000,1300152320
2026-08-06T13:54:18.145383-05:00,historyserver,historyserver-demo-6785ff6464-zlj2n,historyserver,2026-08-06T18:54:13Z,585365422000,1300152320
2026-08-06T13:54:19.14581-05:00,historyserver,historyserver-demo-6785ff6464-zlj2n,historyserver,2026-08-06T18:54:13Z,585365422000,1300152320
2026-08-06T13:54:20.145676-05:00,historyserver,historyserver-demo-6785ff6464-zlj2n,historyserver,2026-08-06T18:54:13Z,585365422000,1300152320
2026-08-06T13:54:21.145706-05:00,historyserver,historyserver-demo-6785ff6464-zlj2n,historyserver,2026-08-06T18:54:13Z,585365422000,1300152320
2026-08-06T13:54:22.145679-05:00,historyserver,historyserver-demo-6785ff6464-zlj2n,historyserver,2026-08-06T18:54:13Z,585365422000,1300152320
2026-08-06T13:54:23.145321-05:00,historyserver,historyserver-demo-6785ff6464-zlj2n,historyserver,2026-08-06T18:54:13Z,585365422000,1300152320
2026-08-06T13:54:24.145703-05:00,historyserver,historyserver-demo-6785ff6464-zlj2n,historyserver,2026-08-06T18:54:13Z,585365422000,1300152320
2026-08-06T13:54:25.145711-05:00,historyserver,historyserver-demo-6785ff6464-zlj2n,historyserver,2026-08-06T18:54:13Z,585365422000,1300152320
2026-08-06T13:54:26.145091-05:00,historyserver,historyserver-demo-6785ff6464-zlj2n,historyserver,2026-08-06T18:54:13Z,585365422000,1300152320
2026-08-06T13:54:27.145714-05:00,historyserver,historyserver-demo-6785ff6464-zlj2n,historyserver,2026-08-06T18:54:13Z,585365422000,1300152320
2026-08-06T13:54:28.145728-05:00,historyserver,historyserver-demo-6785ff6464-zlj2n,historyserver,2026-08-06T18:54:13Z,585365422000,1300152320
2026-08-06T13:54:29.145746-05:00,historyserver,historyserver-demo-6785ff6464-zlj2n,historyserver,2026-08-06T18:54:13Z,585365422000,1300152320
2026-08-06T13:54:30.145423-05:00,historyserver,historyserver-demo-6785ff6464-zlj2n,historyserver,2026-08-06T18:54:29Z,593320597000,1318678528
2026-08-06T13:54:31.145492-05:00,historyserver,historyserver-demo-6785ff6464-zlj2n,historyserver,2026-08-06T18:54:29Z,593320597000,1318678528
2026-08-06T13:54:32.145723-05:00,historyserver,historyserver-demo-6785ff6464-zlj2n,historyserver,2026-08-06T18:54:29Z,593320597000,1318678528
2026-08-06T13:54:33.145556-05:00,historyserver,historyserver-demo-6785ff6464-zlj2n,historyserver,2026-08-06T18:54:29Z,593320597000,1318678528
2026-08-06T13:54:34.145728-05:00,historyserver,historyserver-demo-6785ff6464-zlj2n,historyserver,2026-08-06T18:54:29Z,593320597000,1318678528
2026-08-06T13:54:35.145734-05:00,historyserver,historyserver-demo-6785ff6464-zlj2n,historyserver,2026-08-06T18:54:29Z,593320597000,1318678528
2026-08-06T13:54:36.145749-05:00,historyserver,historyserver-demo-6785ff6464-zlj2n,historyserver,2026-08-06T18:54:29Z,593320597000,1318678528
2026-08-06T13:54:37.145751-05:00,historyserver,historyserver-demo-6785ff6464-zlj2n,historyserver,2026-08-06T18:54:29Z,593320597000,1318678528
2026-08-06T13:54:38.145762-05:00,historyserver,historyserver-demo-6785ff6464-zlj2n,historyserver,2026-08-06T18:54:29Z,593320597000,1318678528
2026-08-06T13:54:39.145753-05:00,historyserver,historyserver-demo-6785ff6464-zlj2n,historyserver,2026-08-06T18:54:29Z,593320597000,1318678528
2026-08-06T13:54:40.144761-05:00,historyserver,historyserver-demo-6785ff6464-zlj2n,historyserver,2026-08-06T18:54:29Z,593320597000,1318678528
2026-08-06T13:54:41.145803-05:00,historyserver,historyserver-demo-6785ff6464-zlj2n,historyserver,2026-08-06T18:54:29Z,593320597000,1318678528
2026-08-06T13:54:42.145777-05:00,historyserver,historyserver-demo-6785ff6464-zlj2n,historyserver,2026-08-06T18:54:29Z,593320597000,1318678528
2026-08-06T13:54:43.145778-05:00,historyserver,historyserver-demo-6785ff6464-zlj2n,historyserver,2026-08-06T18:54:29Z,593320597000,1318678528
2026-08-06T13:54:44.145386-05:00,historyserver,historyserver-demo-6785ff6464-zlj2n,historyserver,2026-08-06T18:54:29Z,593320597000,1318678528
2026-08-06T13:54:45.145825-05:00,historyserver,historyserver-demo-6785ff6464-zlj2n,historyserver,2026-08-06T18:54:29Z,593320597000,1318678528
2026-08-06T13:54:46.145795-05:00,historyserver,historyserver-demo-6785ff6464-zlj2n,historyserver,2026-08-06T18:54:29Z,593320597000,1318678528
2026-08-06T13:54:47.145803-05:00,historyserver,historyserver-demo-6785ff6464-zlj2n,historyserver,2026-08-06T18:54:29Z,593320597000,1318678528
2026-08-06T13:54:48.14582-05:00,historyserver,historyserver-demo-6785ff6464-zlj2n,historyserver,2026-08-06T18:54:47Z,602497560000,1371656192
2026-08-06T13:54:49.145811-05:00,historyserver,historyserver-demo-6785ff6464-zlj2n,historyserver,2026-08-06T18:54:47Z,602497560000,1371656192
2026-08-06T13:54:50.145562-05:00,historyserver,historyserver-demo-6785ff6464-zlj2n,historyserver,2026-08-06T18:54:47Z,602497560000,1371656192
2026-08-06T13:54:51.144926-05:00,historyserver,historyserver-demo-6785ff6464-zlj2n,historyserver,2026-08-06T18:54:47Z,602497560000,1371656192
2026-08-06T13:54:52.145855-05:00,historyserver,historyserver-demo-6785ff6464-zlj2n,historyserver,2026-08-06T18:54:47Z,602497560000,1371656192
2026-08-06T13:54:53.145215-05:00,historyserver,historyserver-demo-6785ff6464-zlj2n,historyserver,2026-08-06T18:54:47Z,602497560000,1371656192
2026-08-06T13:54:54.145841-05:00,historyserver,historyserver-demo-6785ff6464-zlj2n,historyserver,2026-08-06T18:54:47Z,602497560000,1371656192
2026-08-06T13:54:55.145859-05:00,historyserver,historyserver-demo-6785ff6464-zlj2n,historyserver,2026-08-06T18:54:47Z,602497560000,1371656192
2026-08-06T13:54:56.144961-05:00,historyserver,historyserver-demo-6785ff6464-zlj2n,historyserver,2026-08-06T18:54:47Z,602497560000,1371656192
2026-08-06T13:54:57.145412-05:00,historyserver,historyserver-demo-6785ff6464-zlj2n,historyserver,2026-08-06T18:54:47Z,602497560000,1371656192
2026-08-06T13:54:58.145859-05:00,historyserver,historyserver-demo-6785ff6464-zlj2n,historyserver,2026-08-06T18:54:47Z,602497560000,1371656192
2026-08-06T13:54:59.14613-05:00,historyserver,historyserver-demo-6785ff6464-zlj2n,historyserver,2026-08-06T18:54:58Z,607828656000,1398710272
2026-08-06T13:55:00.14586-05:00,historyserver,historyserver-demo-6785ff6464-zlj2n,historyserver,2026-08-06T18:54:58Z,607828656000,1398710272
2026-08-06T13:55:01.145875-05:00,historyserver,historyserver-demo-6785ff6464-zlj2n,historyserver,2026-08-06T18:54:58Z,607828656000,1398710272
2026-08-06T13:55:02.14572-05:00,historyserver,historyserver-demo-6785ff6464-zlj2n,historyserver,2026-08-06T18:54:58Z,607828656000,1398710272
2026-08-06T13:55:03.145904-05:00,historyserver,historyserver-demo-6785ff6464-zlj2n,historyserver,2026-08-06T18:54:58Z,607828656000,1398710272
2026-08-06T13:55:04.145596-05:00,historyserver,historyserver-demo-6785ff6464-zlj2n,historyserver,2026-08-06T18:54:58Z,607828656000,1398710272
2026-08-06T13:55:05.145761-05:00,historyserver,historyserver-demo-6785ff6464-zlj2n,historyserver,2026-08-06T18:54:58Z,607828656000,1398710272
2026-08-06T13:55:06.145175-05:00,historyserver,historyserver-demo-6785ff6464-zlj2n,historyserver,2026-08-06T18:54:58Z,607828656000,1398710272
2026-08-06T13:55:07.1453-05:00,historyserver,historyserver-demo-6785ff6464-zlj2n,historyserver,2026-08-06T18:54:58Z,607828656000,1398710272
2026-08-06T13:55:08.145921-05:00,historyserver,historyserver-demo-6785ff6464-zlj2n,historyserver,2026-08-06T18:54:58Z,607828656000,1398710272
2026-08-06T13:55:09.145744-05:00,historyserver,historyserver-demo-6785ff6464-zlj2n,historyserver,2026-08-06T18:54:58Z,607828656000,1398710272
2026-08-06T13:55:10.145239-05:00,historyserver,historyserver-demo-6785ff6464-zlj2n,historyserver,2026-08-06T18:54:58Z,607828656000,1398710272
2026-08-06T13:55:11.145299-05:00,historyserver,historyserver-demo-6785ff6464-zlj2n,historyserver,2026-08-06T18:54:58Z,607828656000,1398710272
2026-08-06T13:55:12.145786-05:00,historyserver,historyserver-demo-6785ff6464-zlj2n,historyserver,2026-08-06T18:54:58Z,607828656000,1398710272
2026-08-06T13:55:13.145938-05:00,historyserver,historyserver-demo-6785ff6464-zlj2n,historyserver,2026-08-06T18:54:58Z,607828656000,1398710272
2026-08-06T13:55:14.145242-05:00,historyserver,historyserver-demo-6785ff6464-zlj2n,historyserver,2026-08-06T18:55:13Z,615494940000,1650180096
2026-08-06T13:55:15.145734-05:00,historyserver,historyserver-demo-6785ff6464-zlj2n,historyserver,2026-08-06T18:55:13Z,615494940000,1650180096
2026-08-06T13:55:16.144987-05:00,historyserver,historyserver-demo-6785ff6464-zlj2n,historyserver,2026-08-06T18:55:13Z,615494940000,1650180096
2026-08-06T13:55:17.145968-05:00,historyserver,historyserver-demo-6785ff6464-zlj2n,historyserver,2026-08-06T18:55:13Z,615494940000,1650180096
2026-08-06T13:55:18.14536-05:00,historyserver,historyserver-demo-6785ff6464-zlj2n,historyserver,2026-08-06T18:55:13Z,615494940000,1650180096
2026-08-06T13:55:19.145622-05:00,historyserver,historyserver-demo-6785ff6464-zlj2n,historyserver,2026-08-06T18:55:13Z,615494940000,1650180096
2026-08-06T13:55:20.145982-05:00,historyserver,historyserver-demo-6785ff6464-zlj2n,historyserver,2026-08-06T18:55:13Z,615494940000,1650180096
2026-08-06T13:55:21.145982-05:00,historyserver,historyserver-demo-6785ff6464-zlj2n,historyserver,2026-08-06T18:55:13Z,615494940000,1650180096
2026-08-06T13:55:22.145185-05:00,historyserver,historyserver-demo-6785ff6464-zlj2n,historyserver,2026-08-06T18:55:13Z,615494940000,1650180096
2026-08-06T13:55:23.14562-05:00,historyserver,historyserver-demo-6785ff6464-zlj2n,historyserver,2026-08-06T18:55:13Z,615494940000,1650180096
2026-08-06T13:55:24.146023-05:00,historyserver,historyserver-demo-6785ff6464-zlj2n,historyserver,2026-08-06T18:55:13Z,615494940000,1650180096
2026-08-06T13:55:25.146027-05:00,historyserver,historyserver-demo-6785ff6464-zlj2n,historyserver,2026-08-06T18:55:13Z,615494940000,1650180096
2026-08-06T13:55:26.145779-05:00,historyserver,historyserver-demo-6785ff6464-zlj2n,historyserver,2026-08-06T18:55:25Z,618469759000,1304342528
2026-08-06T13:55:27.14592-05:00,historyserver,historyserver-demo-6785ff6464-zlj2n,historyserver,2026-08-06T18:55:25Z,618469759000,1304342528
2026-08-06T13:55:28.146029-05:00,historyserver,historyserver-demo-6785ff6464-zlj2n,historyserver,2026-08-06T18:55:25Z,618469759000,1304342528
2026-08-06T13:55:29.145688-05:00,historyserver,historyserver-demo-6785ff6464-zlj2n,historyserver,2026-08-06T18:55:25Z,618469759000,1304342528
2026-08-06T13:55:30.145327-05:00,historyserver,historyserver-demo-6785ff6464-zlj2n,historyserver,2026-08-06T18:55:25Z,618469759000,1304342528
2026-08-06T13:55:31.145102-05:00,historyserver,historyserver-demo-6785ff6464-zlj2n,historyserver,2026-08-06T18:55:25Z,618469759000,1304342528
2026-08-06T13:55:32.145897-05:00,historyserver,historyserver-demo-6785ff6464-zlj2n,historyserver,2026-08-06T18:55:25Z,618469759000,1304342528
2026-08-06T13:55:33.146081-05:00,historyserver,historyserver-demo-6785ff6464-zlj2n,historyserver,2026-08-06T18:55:25Z,618469759000,1304342528
2026-08-06T13:55:34.146066-05:00,historyserver,historyserver-demo-6785ff6464-zlj2n,historyserver,2026-08-06T18:55:25Z,618469759000,1304342528
2026-08-06T13:55:35.145688-05:00,historyserver,historyserver-demo-6785ff6464-zlj2n,historyserver,2026-08-06T18:55:25Z,618469759000,1304342528
2026-08-06T13:55:36.146083-05:00,historyserver,historyserver-demo-6785ff6464-zlj2n,historyserver,2026-08-06T18:55:25Z,618469759000,1304342528
2026-08-06T13:55:37.146091-05:00,historyserver,historyserver-demo-6785ff6464-zlj2n,historyserver,2026-08-06T18:55:25Z,618469759000,1304342528
2026-08-06T13:55:38.145082-05:00,historyserver,historyserver-demo-6785ff6464-zlj2n,historyserver,2026-08-06T18:55:25Z,618469759000,1304342528
2026-08-06T13:55:39.145358-05:00,historyserver,historyserver-demo-6785ff6464-zlj2n,historyserver,2026-08-06T18:55:25Z,618469759000,1304342528
2026-08-06T13:55:40.146088-05:00,historyserver,historyserver-demo-6785ff6464-zlj2n,historyserver,2026-08-06T18:55:39Z,625144084000,1031405568
2026-08-06T13:55:41.146092-05:00,historyserver,historyserver-demo-6785ff6464-zlj2n,historyserver,2026-08-06T18:55:39Z,625144084000,1031405568
2026-08-06T13:55:42.145507-05:00,historyserver,historyserver-demo-6785ff6464-zlj2n,historyserver,2026-08-06T18:55:39Z,625144084000,1031405568
2026-08-06T13:55:43.14611-05:00,historyserver,historyserver-demo-6785ff6464-zlj2n,historyserver,2026-08-06T18:55:39Z,625144084000,1031405568
2026-08-06T13:55:44.1454-05:00,historyserver,historyserver-demo-6785ff6464-zlj2n,historyserver,2026-08-06T18:55:39Z,625144084000,1031405568
2026-08-06T13:55:45.146141-05:00,historyserver,historyserver-demo-6785ff6464-zlj2n,historyserver,2026-08-06T18:55:39Z,625144084000,1031405568
2026-08-06T13:55:46.146114-05:00,historyserver,historyserver-demo-6785ff6464-zlj2n,historyserver,2026-08-06T18:55:39Z,625144084000,1031405568
2026-08-06T13:55:47.145571-05:00,historyserver,historyserver-demo-6785ff6464-zlj2n,historyserver,2026-08-06T18:55:39Z,625144084000,1031405568
2026-08-06T13:55:48.145687-05:00,historyserver,historyserver-demo-6785ff6464-zlj2n,historyserver,2026-08-06T18:55:39Z,625144084000,1031405568
2026-08-06T13:55:49.145451-05:00,historyserver,historyserver-demo-6785ff6464-zlj2n,historyserver,2026-08-06T18:55:39Z,625144084000,1031405568
2026-08-06T13:55:50.14614-05:00,historyserver,historyserver-demo-6785ff6464-zlj2n,historyserver,2026-08-06T18:55:39Z,625144084000,1031405568
2026-08-06T13:55:51.145716-05:00,historyserver,historyserver-demo-6785ff6464-zlj2n,historyserver,2026-08-06T18:55:50Z,631048882000,1017450496
2026-08-06T13:55:52.146151-05:00,historyserver,historyserver-demo-6785ff6464-zlj2n,historyserver,2026-08-06T18:55:50Z,631048882000,1017450496
2026-08-06T13:55:53.146162-05:00,historyserver,historyserver-demo-6785ff6464-zlj2n,historyserver,2026-08-06T18:55:50Z,631048882000,1017450496
2026-08-06T13:55:54.146166-05:00,historyserver,historyserver-demo-6785ff6464-zlj2n,historyserver,2026-08-06T18:55:50Z,631048882000,1017450496
2026-08-06T13:55:55.145298-05:00,historyserver,historyserver-demo-6785ff6464-zlj2n,historyserver,2026-08-06T18:55:50Z,631048882000,1017450496
2026-08-06T13:55:56.146175-05:00,historyserver,historyserver-demo-6785ff6464-zlj2n,historyserver,2026-08-06T18:55:50Z,631048882000,1017450496
2026-08-06T13:55:57.146184-05:00,historyserver,historyserver-demo-6785ff6464-zlj2n,historyserver,2026-08-06T18:55:50Z,631048882000,1017450496
2026-08-06T13:55:58.14563-05:00,historyserver,historyserver-demo-6785ff6464-zlj2n,historyserver,2026-08-06T18:55:50Z,631048882000,1017450496
2026-08-06T13:55:59.14619-05:00,historyserver,historyserver-demo-6785ff6464-zlj2n,historyserver,2026-08-06T18:55:50Z,631048882000,1017450496
2026-08-06T13:56:00.146213-05:00,historyserver,historyserver-demo-6785ff6464-zlj2n,historyserver,2026-08-06T18:55:50Z,631048882000,1017450496
2026-08-06T13:56:01.146199-05:00,historyserver,historyserver-demo-6785ff6464-zlj2n,historyserver,2026-08-06T18:55:50Z,631048882000,1017450496
2026-08-06T13:56:02.146207-05:00,historyserver,historyserver-demo-6785ff6464-zlj2n,historyserver,2026-08-06T18:55:50Z,631048882000,1017450496
2026-08-06T13:56:03.146214-05:00,historyserver,historyserver-demo-6785ff6464-zlj2n,historyserver,2026-08-06T18:55:50Z,631048882000,1017450496
2026-08-06T13:56:04.146219-05:00,historyserver,historyserver-demo-6785ff6464-zlj2n,historyserver,2026-08-06T18:55:50Z,631048882000,1017450496
2026-08-06T13:56:05.145993-05:00,historyserver,historyserver-demo-6785ff6464-zlj2n,historyserver,2026-08-06T18:55:50Z,631048882000,1017450496
2026-08-06T13:56:06.146232-05:00,historyserver,historyserver-demo-6785ff6464-zlj2n,historyserver,2026-08-06T18:56:05Z,638148967000,1344364544
2026-08-06T13:56:07.145827-05:00,historyserver,historyserver-demo-6785ff6464-zlj2n,historyserver,2026-08-06T18:56:05Z,638148967000,1344364544
2026-08-06T13:56:08.146236-05:00,historyserver,historyserver-demo-6785ff6464-zlj2n,historyserver,2026-08-06T18:56:05Z,638148967000,1344364544
2026-08-06T13:56:09.146251-05:00,historyserver,historyserver-demo-6785ff6464-zlj2n,historyserver,2026-08-06T18:56:05Z,638148967000,1344364544
2026-08-06T13:56:10.145901-05:00,historyserver,historyserver-demo-6785ff6464-zlj2n,historyserver,2026-08-06T18:56:05Z,638148967000,1344364544
2026-08-06T13:56:11.145591-05:00,historyserver,historyserver-demo-6785ff6464-zlj2n,historyserver,2026-08-06T18:56:05Z,638148967000,1344364544
2026-08-06T13:56:12.146258-05:00,historyserver,historyserver-demo-6785ff6464-zlj2n,historyserver,2026-08-06T18:56:05Z,638148967000,1344364544
2026-08-06T13:56:13.145376-05:00,historyserver,historyserver-demo-6785ff6464-zlj2n,historyserver,2026-08-06T18:56:05Z,638148967000,1344364544
2026-08-06T13:56:14.146073-05:00,historyserver,historyserver-demo-6785ff6464-zlj2n,historyserver,2026-08-06T18:56:05Z,638148967000,1344364544
2026-08-06T13:56:15.146308-05:00,historyserver,historyserver-demo-6785ff6464-zlj2n,historyserver,2026-08-06T18:56:05Z,638148967000,1344364544
2026-08-06T13:56:16.146291-05:00,historyserver,historyserver-demo-6785ff6464-zlj2n,historyserver,2026-08-06T18:56:05Z,638148967000,1344364544
2026-08-06T13:56:17.146034-05:00,historyserver,historyserver-demo-6785ff6464-zlj2n,historyserver,2026-08-06T18:56:05Z,638148967000,1344364544
2026-08-06T13:56:18.145723-05:00,historyserver,historyserver-demo-6785ff6464-zlj2n,historyserver,2026-08-06T18:56:05Z,638148967000,1344364544
2026-08-06T13:56:19.145855-05:00,historyserver,historyserver-demo-6785ff6464-zlj2n,historyserver,2026-08-06T18:56:05Z,638148967000,1344364544
2026-08-06T13:56:20.146041-05:00,historyserver,historyserver-demo-6785ff6464-zlj2n,historyserver,2026-08-06T18:56:05Z,638148967000,1344364544
2026-08-06T13:56:21.145275-05:00,historyserver,historyserver-demo-6785ff6464-zlj2n,historyserver,2026-08-06T18:56:05Z,638148967000,1344364544
2026-08-06T13:56:22.145648-05:00,historyserver,historyserver-demo-6785ff6464-zlj2n,historyserver,2026-08-06T18:56:05Z,638148967000,1344364544
2026-08-06T13:56:23.145396-05:00,historyserver,historyserver-demo-6785ff6464-zlj2n,historyserver,2026-08-06T18:56:22Z,647049040000,1506512896
2026-08-06T13:56:24.145651-05:00,historyserver,historyserver-demo-6785ff6464-zlj2n,historyserver,2026-08-06T18:56:22Z,647049040000,1506512896
2026-08-06T13:56:25.146353-05:00,historyserver,historyserver-demo-6785ff6464-zlj2n,historyserver,2026-08-06T18:56:22Z,647049040000,1506512896
2026-08-06T13:56:26.145669-05:00,historyserver,historyserver-demo-6785ff6464-zlj2n,historyserver,2026-08-06T18:56:22Z,647049040000,1506512896
2026-08-06T13:56:27.146346-05:00,historyserver,historyserver-demo-6785ff6464-zlj2n,historyserver,2026-08-06T18:56:22Z,647049040000,1506512896
2026-08-06T13:56:28.146356-05:00,historyserver,historyserver-demo-6785ff6464-zlj2n,historyserver,2026-08-06T18:56:22Z,647049040000,1506512896
2026-08-06T13:56:29.146402-05:00,historyserver,historyserver-demo-6785ff6464-zlj2n,historyserver,2026-08-06T18:56:22Z,647049040000,1506512896
2026-08-06T13:56:30.146021-05:00,historyserver,historyserver-demo-6785ff6464-zlj2n,historyserver,2026-08-06T18:56:22Z,647049040000,1506512896
2026-08-06T13:56:31.146366-05:00,historyserver,historyserver-demo-6785ff6464-zlj2n,historyserver,2026-08-06T18:56:22Z,647049040000,1506512896
2026-08-06T13:56:32.146365-05:00,historyserver,historyserver-demo-6785ff6464-zlj2n,historyserver,2026-08-06T18:56:22Z,647049040000,1506512896
2026-08-06T13:56:33.146378-05:00,historyserver,historyserver-demo-6785ff6464-zlj2n,historyserver,2026-08-06T18:56:22Z,647049040000,1506512896
2026-08-06T13:56:34.146383-05:00,historyserver,historyserver-demo-6785ff6464-zlj2n,historyserver,2026-08-06T18:56:22Z,647049040000,1506512896
2026-08-06T13:56:35.145415-05:00,historyserver,historyserver-demo-6785ff6464-zlj2n,historyserver,2026-08-06T18:56:22Z,647049040000,1506512896
2026-08-06T13:56:36.146456-05:00,historyserver,historyserver-demo-6785ff6464-zlj2n,historyserver,2026-08-06T18:56:22Z,647049040000,1506512896
2026-08-06T13:56:37.14571-05:00,historyserver,historyserver-demo-6785ff6464-zlj2n,historyserver,2026-08-06T18:56:22Z,647049040000,1506512896
2026-08-06T13:56:38.146401-05:00,historyserver,historyserver-demo-6785ff6464-zlj2n,historyserver,2026-08-06T18:56:22Z,647049040000,1506512896
2026-08-06T13:56:39.146106-05:00,historyserver,historyserver-demo-6785ff6464-zlj2n,historyserver,2026-08-06T18:56:38Z,654934540000,1483804672
2026-08-06T13:56:40.14553-05:00,historyserver,historyserver-demo-6785ff6464-zlj2n,historyserver,2026-08-06T18:56:38Z,654934540000,1483804672
2026-08-06T13:56:41.146421-05:00,historyserver,historyserver-demo-6785ff6464-zlj2n,historyserver,2026-08-06T18:56:38Z,654934540000,1483804672
2026-08-06T13:56:42.146436-05:00,historyserver,historyserver-demo-6785ff6464-zlj2n,historyserver,2026-08-06T18:56:38Z,654934540000,1483804672
2026-08-06T13:56:43.146481-05:00,historyserver,historyserver-demo-6785ff6464-zlj2n,historyserver,2026-08-06T18:56:38Z,654934540000,1483804672
2026-08-06T13:56:44.14643-05:00,historyserver,historyserver-demo-6785ff6464-zlj2n,historyserver,2026-08-06T18:56:38Z,654934540000,1483804672
2026-08-06T13:56:45.146456-05:00,historyserver,historyserver-demo-6785ff6464-zlj2n,historyserver,2026-08-06T18:56:38Z,654934540000,1483804672
2026-08-06T13:56:46.1461-05:00,historyserver,historyserver-demo-6785ff6464-zlj2n,historyserver,2026-08-06T18:56:38Z,654934540000,1483804672
2026-08-06T13:56:47.146469-05:00,historyserver,historyserver-demo-6785ff6464-zlj2n,historyserver,2026-08-06T18:56:38Z,654934540000,1483804672
2026-08-06T13:56:48.146491-05:00,historyserver,historyserver-demo-6785ff6464-zlj2n,historyserver,2026-08-06T18:56:38Z,654934540000,1483804672
2026-08-06T13:56:49.145875-05:00,historyserver,historyserver-demo-6785ff6464-zlj2n,historyserver,2026-08-06T18:56:38Z,654934540000,1483804672
2026-08-06T13:56:50.14648-05:00,historyserver,historyserver-demo-6785ff6464-zlj2n,historyserver,2026-08-06T18:56:38Z,654934540000,1483804672
2026-08-06T13:56:51.146496-05:00,historyserver,historyserver-demo-6785ff6464-zlj2n,historyserver,2026-08-06T18:56:38Z,654934540000,1483804672
2026-08-06T13:56:52.146483-05:00,historyserver,historyserver-demo-6785ff6464-zlj2n,historyserver,2026-08-06T18:56:38Z,654934540000,1483804672
2026-08-06T13:56:53.146477-05:00,historyserver,historyserver-demo-6785ff6464-zlj2n,historyserver,2026-08-06T18:56:38Z,654934540000,1483804672
2026-08-06T13:56:54.146496-05:00,historyserver,historyserver-demo-6785ff6464-zlj2n,historyserver,2026-08-06T18:56:53Z,662438460000,1172381696
2026-08-06T13:56:55.146504-05:00,historyserver,historyserver-demo-6785ff6464-zlj2n,historyserver,2026-08-06T18:56:53Z,662438460000,1172381696
2026-08-06T13:56:56.145656-05:00,historyserver,historyserver-demo-6785ff6464-zlj2n,historyserver,2026-08-06T18:56:53Z,662438460000,1172381696
2026-08-06T13:56:57.14623-05:00,historyserver,historyserver-demo-6785ff6464-zlj2n,historyserver,2026-08-06T18:56:53Z,662438460000,1172381696
2026-08-06T13:56:58.145967-05:00,historyserver,historyserver-demo-6785ff6464-zlj2n,historyserver,2026-08-06T18:56:53Z,662438460000,1172381696
2026-08-06T13:56:59.14646-05:00,historyserver,historyserver-demo-6785ff6464-zlj2n,historyserver,2026-08-06T18:56:53Z,662438460000,1172381696
2026-08-06T13:57:00.146601-05:00,historyserver,historyserver-demo-6785ff6464-zlj2n,historyserver,2026-08-06T18:56:53Z,662438460000,1172381696
2026-08-06T13:57:01.146599-05:00,historyserver,historyserver-demo-6785ff6464-zlj2n,historyserver,2026-08-06T18:56:53Z,662438460000,1172381696
2026-08-06T13:57:02.146019-05:00,historyserver,historyserver-demo-6785ff6464-zlj2n,historyserver,2026-08-06T18:56:53Z,662438460000,1172381696
2026-08-06T13:57:03.146178-05:00,historyserver,historyserver-demo-6785ff6464-zlj2n,historyserver,2026-08-06T18:56:53Z,662438460000,1172381696
2026-08-06T13:57:04.146466-05:00,historyserver,historyserver-demo-6785ff6464-zlj2n,historyserver,2026-08-06T18:56:53Z,662438460000,1172381696
2026-08-06T13:57:05.146622-05:00,historyserver,historyserver-demo-6785ff6464-zlj2n,historyserver,2026-08-06T18:56:53Z,662438460000,1172381696
2026-08-06T13:57:06.145847-05:00,historyserver,historyserver-demo-6785ff6464-zlj2n,historyserver,2026-08-06T18:56:53Z,662438460000,1172381696
2026-08-06T13:57:07.146236-05:00,historyserver,historyserver-demo-6785ff6464-zlj2n,historyserver,2026-08-06T18:56:53Z,662438460000,1172381696
2026-08-06T13:57:08.146215-05:00,historyserver,historyserver-demo-6785ff6464-zlj2n,historyserver,2026-08-06T18:56:53Z,662438460000,1172381696
2026-08-06T13:57:09.146231-05:00,historyserver,historyserver-demo-6785ff6464-zlj2n,historyserver,2026-08-06T18:57:08Z,669785527000,1474539520
2026-08-06T13:57:10.14659-05:00,historyserver,historyserver-demo-6785ff6464-zlj2n,historyserver,2026-08-06T18:57:08Z,669785527000,1474539520
2026-08-06T13:57:11.146582-05:00,historyserver,historyserver-demo-6785ff6464-zlj2n,historyserver,2026-08-06T18:57:08Z,669785527000,1474539520
2026-08-06T13:57:12.146874-05:00,historyserver,historyserver-demo-6785ff6464-zlj2n,historyserver,2026-08-06T18:57:08Z,669785527000,1474539520
2026-08-06T13:57:13.146608-05:00,historyserver,historyserver-demo-6785ff6464-zlj2n,historyserver,2026-08-06T18:57:08Z,669785527000,1474539520
2026-08-06T13:57:14.146631-05:00,historyserver,historyserver-demo-6785ff6464-zlj2n,historyserver,2026-08-06T18:57:08Z,669785527000,1474539520
2026-08-06T13:57:15.146652-05:00,historyserver,historyserver-demo-6785ff6464-zlj2n,historyserver,2026-08-06T18:57:08Z,669785527000,1474539520
2026-08-06T13:57:16.146559-05:00,historyserver,historyserver-demo-6785ff6464-zlj2n,historyserver,2026-08-06T18:57:08Z,669785527000,1474539520
2026-08-06T13:57:17.146595-05:00,historyserver,historyserver-demo-6785ff6464-zlj2n,historyserver,2026-08-06T18:57:08Z,669785527000,1474539520
2026-08-06T13:57:18.146536-05:00,historyserver,historyserver-demo-6785ff6464-zlj2n,historyserver,2026-08-06T18:57:08Z,669785527000,1474539520
2026-08-06T13:57:19.145927-05:00,historyserver,historyserver-demo-6785ff6464-zlj2n,historyserver,2026-08-06T18:57:08Z,669785527000,1474539520
2026-08-06T13:57:20.146003-05:00,historyserver,historyserver-demo-6785ff6464-zlj2n,historyserver,2026-08-06T18:57:08Z,669785527000,1474539520
2026-08-06T13:57:21.146625-05:00,historyserver,historyserver-demo-6785ff6464-zlj2n,historyserver,2026-08-06T18:57:08Z,669785527000,1474539520
2026-08-06T13:57:22.146642-05:00,historyserver,historyserver-demo-6785ff6464-zlj2n,historyserver,2026-08-06T18:57:08Z,669785527000,1474539520
2026-08-06T13:57:23.14672-05:00,historyserver,historyserver-demo-6785ff6464-zlj2n,historyserver,2026-08-06T18:57:22Z,676845849000,1478692864
2026-08-06T13:57:24.14674-05:00,historyserver,historyserver-demo-6785ff6464-zlj2n,historyserver,2026-08-06T18:57:22Z,676845849000,1478692864
2026-08-06T13:57:25.146696-05:00,historyserver,historyserver-demo-6785ff6464-zlj2n,historyserver,2026-08-06T18:57:22Z,676845849000,1478692864
2026-08-06T13:57:26.146659-05:00,historyserver,historyserver-demo-6785ff6464-zlj2n,historyserver,2026-08-06T18:57:22Z,676845849000,1478692864
2026-08-06T13:57:27.146226-05:00,historyserver,historyserver-demo-6785ff6464-zlj2n,historyserver,2026-08-06T18:57:22Z,676845849000,1478692864
2026-08-06T13:57:28.146688-05:00,historyserver,historyserver-demo-6785ff6464-zlj2n,historyserver,2026-08-06T18:57:22Z,676845849000,1478692864
2026-08-06T13:57:29.146404-05:00,historyserver,historyserver-demo-6785ff6464-zlj2n,historyserver,2026-08-06T18:57:22Z,676845849000,1478692864
2026-08-06T13:57:30.146681-05:00,historyserver,historyserver-demo-6785ff6464-zlj2n,historyserver,2026-08-06T18:57:22Z,676845849000,1478692864
2026-08-06T13:57:31.146739-05:00,historyserver,historyserver-demo-6785ff6464-zlj2n,historyserver,2026-08-06T18:57:22Z,676845849000,1478692864
2026-08-06T13:57:32.146818-05:00,historyserver,historyserver-demo-6785ff6464-zlj2n,historyserver,2026-08-06T18:57:22Z,676845849000,1478692864
2026-08-06T13:57:33.146103-05:00,historyserver,historyserver-demo-6785ff6464-zlj2n,historyserver,2026-08-06T18:57:22Z,676845849000,1478692864
2026-08-06T13:57:34.146568-05:00,historyserver,historyserver-demo-6785ff6464-zlj2n,historyserver,2026-08-06T18:57:22Z,676845849000,1478692864
2026-08-06T13:57:35.146759-05:00,historyserver,historyserver-demo-6785ff6464-zlj2n,historyserver,2026-08-06T18:57:22Z,676845849000,1478692864
2026-08-06T13:57:36.146455-05:00,historyserver,historyserver-demo-6785ff6464-zlj2n,historyserver,2026-08-06T18:57:22Z,676845849000,1478692864
2026-08-06T13:57:37.146765-05:00,historyserver,historyserver-demo-6785ff6464-zlj2n,historyserver,2026-08-06T18:57:22Z,676845849000,1478692864
2026-08-06T13:57:38.146733-05:00,historyserver,historyserver-demo-6785ff6464-zlj2n,historyserver,2026-08-06T18:57:22Z,676845849000,1478692864
2026-08-06T13:57:39.146691-05:00,historyserver,historyserver-demo-6785ff6464-zlj2n,historyserver,2026-08-06T18:57:38Z,684642070000,1550819328
2026-08-06T13:57:40.148648-05:00,historyserver,historyserver-demo-6785ff6464-zlj2n,historyserver,2026-08-06T18:57:38Z,684642070000,1550819328
2026-08-06T13:57:41.145877-05:00,historyserver,historyserver-demo-6785ff6464-zlj2n,historyserver,2026-08-06T18:57:38Z,684642070000,1550819328
2026-08-06T13:57:42.146742-05:00,historyserver,historyserver-demo-6785ff6464-zlj2n,historyserver,2026-08-06T18:57:38Z,684642070000,1550819328
2026-08-06T13:57:43.146487-05:00,historyserver,historyserver-demo-6785ff6464-zlj2n,historyserver,2026-08-06T18:57:38Z,684642070000,1550819328
2026-08-06T13:57:44.146819-05:00,historyserver,historyserver-demo-6785ff6464-zlj2n,historyserver,2026-08-06T18:57:38Z,684642070000,1550819328
2026-08-06T13:57:45.146792-05:00,historyserver,historyserver-demo-6785ff6464-zlj2n,historyserver,2026-08-06T18:57:38Z,684642070000,1550819328
2026-08-06T13:57:46.14585-05:00,historyserver,historyserver-demo-6785ff6464-zlj2n,historyserver,2026-08-06T18:57:38Z,684642070000,1550819328
2026-08-06T13:57:47.146793-05:00,historyserver,historyserver-demo-6785ff6464-zlj2n,historyserver,2026-08-06T18:57:38Z,684642070000,1550819328
2026-08-06T13:57:48.146835-05:00,historyserver,historyserver-demo-6785ff6464-zlj2n,historyserver,2026-08-06T18:57:38Z,684642070000,1550819328
2026-08-06T13:57:49.146791-05:00,historyserver,historyserver-demo-6785ff6464-zlj2n,historyserver,2026-08-06T18:57:38Z,684642070000,1550819328
2026-08-06T13:57:50.146491-05:00,historyserver,historyserver-demo-6785ff6464-zlj2n,historyserver,2026-08-06T18:57:38Z,684642070000,1550819328
2026-08-06T13:57:51.146807-05:00,historyserver,historyserver-demo-6785ff6464-zlj2n,historyserver,2026-08-06T18:57:38Z,684642070000,1550819328
2026-08-06T13:57:52.147262-05:00,historyserver,historyserver-demo-6785ff6464-zlj2n,historyserver,2026-08-06T18:57:38Z,684642070000,1550819328
2026-08-06T13:57:53.14689-05:00,historyserver,historyserver-demo-6785ff6464-zlj2n,historyserver,2026-08-06T18:57:38Z,684642070000,1550819328
2026-08-06T13:57:54.146817-05:00,historyserver,historyserver-demo-6785ff6464-zlj2n,historyserver,2026-08-06T18:57:38Z,684642070000,1550819328
2026-08-06T13:57:55.146859-05:00,historyserver,historyserver-demo-6785ff6464-zlj2n,historyserver,2026-08-06T18:57:38Z,684642070000,1550819328
2026-08-06T13:57:56.146177-05:00,historyserver,historyserver-demo-6785ff6464-zlj2n,historyserver,2026-08-06T18:57:38Z,684642070000,1550819328
2026-08-06T13:57:57.146888-05:00,historyserver,historyserver-demo-6785ff6464-zlj2n,historyserver,2026-08-06T18:57:38Z,684642070000,1550819328
2026-08-06T13:57:58.146847-05:00,historyserver,historyserver-demo-6785ff6464-zlj2n,historyserver,2026-08-06T18:57:57Z,691014222000,1476292608
2026-08-06T13:57:59.146623-05:00,historyserver,historyserver-demo-6785ff6464-zlj2n,historyserver,2026-08-06T18:57:57Z,691014222000,1476292608
2026-08-06T13:58:00.146749-05:00,historyserver,historyserver-demo-6785ff6464-zlj2n,historyserver,2026-08-06T18:57:57Z,691014222000,1476292608
2026-08-06T13:58:01.146487-05:00,historyserver,historyserver-demo-6785ff6464-zlj2n,historyserver,2026-08-06T18:57:57Z,691014222000,1476292608
2026-08-06T13:58:02.146786-05:00,historyserver,historyserver-demo-6785ff6464-zlj2n,historyserver,2026-08-06T18:57:57Z,691014222000,1476292608
2026-08-06T13:58:03.146243-05:00,historyserver,historyserver-demo-6785ff6464-zlj2n,historyserver,2026-08-06T18:57:57Z,691014222000,1476292608
2026-08-06T13:58:04.146878-05:00,historyserver,historyserver-demo-6785ff6464-zlj2n,historyserver,2026-08-06T18:57:57Z,691014222000,1476292608
2026-08-06T13:58:05.146875-05:00,historyserver,historyserver-demo-6785ff6464-zlj2n,historyserver,2026-08-06T18:57:57Z,691014222000,1476292608
2026-08-06T13:58:06.146898-05:00,historyserver,historyserver-demo-6785ff6464-zlj2n,historyserver,2026-08-06T18:57:57Z,691014222000,1476292608
2026-08-06T13:58:07.146907-05:00,historyserver,historyserver-demo-6785ff6464-zlj2n,historyserver,2026-08-06T18:57:57Z,691014222000,1476292608
2026-08-06T13:58:08.146628-05:00,historyserver,historyserver-demo-6785ff6464-zlj2n,historyserver,2026-08-06T18:57:57Z,691014222000,1476292608
2026-08-06T13:58:09.147047-05:00,historyserver,historyserver-demo-6785ff6464-zlj2n,historyserver,2026-08-06T18:57:57Z,691014222000,1476292608
2026-08-06T13:58:10.14694-05:00,historyserver,historyserver-demo-6785ff6464-zlj2n,historyserver,2026-08-06T18:57:57Z,691014222000,1476292608
2026-08-06T13:58:11.14628-05:00,historyserver,historyserver-demo-6785ff6464-zlj2n,historyserver,2026-08-06T18:57:57Z,691014222000,1476292608
2026-08-06T13:58:12.146264-05:00,historyserver,historyserver-demo-6785ff6464-zlj2n,historyserver,2026-08-06T18:57:57Z,691014222000,1476292608
2026-08-06T13:58:13.146919-05:00,historyserver,historyserver-demo-6785ff6464-zlj2n,historyserver,2026-08-06T18:57:57Z,691014222000,1476292608
2026-08-06T13:58:14.145968-05:00,historyserver,historyserver-demo-6785ff6464-zlj2n,historyserver,2026-08-06T18:57:57Z,691014222000,1476292608
2026-08-06T13:58:15.146931-05:00,historyserver,historyserver-demo-6785ff6464-zlj2n,historyserver,2026-08-06T18:57:57Z,691014222000,1476292608
2026-08-06T13:58:16.146952-05:00,historyserver,historyserver-demo-6785ff6464-zlj2n,historyserver,2026-08-06T18:58:15Z,698494192000,1114898432
2026-08-06T13:58:17.146947-05:00,historyserver,historyserver-demo-6785ff6464-zlj2n,historyserver,2026-08-06T18:58:15Z,698494192000,1114898432
2026-08-06T13:58:18.146842-05:00,historyserver,historyserver-demo-6785ff6464-zlj2n,historyserver,2026-08-06T18:58:15Z,698494192000,1114898432
2026-08-06T13:58:19.147017-05:00,historyserver,historyserver-demo-6785ff6464-zlj2n,historyserver,2026-08-06T18:58:15Z,698494192000,1114898432
2026-08-06T13:58:20.147794-05:00,historyserver,historyserver-demo-6785ff6464-zlj2n,historyserver,2026-08-06T18:58:15Z,698494192000,1114898432
2026-08-06T13:58:21.146977-05:00,historyserver,historyserver-demo-6785ff6464-zlj2n,historyserver,2026-08-06T18:58:15Z,698494192000,1114898432
2026-08-06T13:58:22.147039-05:00,historyserver,historyserver-demo-6785ff6464-zlj2n,historyserver,2026-08-06T18:58:15Z,698494192000,1114898432
2026-08-06T13:58:23.146972-05:00,historyserver,historyserver-demo-6785ff6464-zlj2n,historyserver,2026-08-06T18:58:15Z,698494192000,1114898432
2026-08-06T13:58:24.147344-05:00,historyserver,historyserver-demo-6785ff6464-zlj2n,historyserver,2026-08-06T18:58:15Z,698494192000,1114898432
2026-08-06T13:58:25.146401-05:00,historyserver,historyserver-demo-6785ff6464-zlj2n,historyserver,2026-08-06T18:58:15Z,698494192000,1114898432
2026-08-06T13:58:26.146533-05:00,historyserver,historyserver-demo-6785ff6464-zlj2n,historyserver,2026-08-06T18:58:15Z,698494192000,1114898432
2026-08-06T13:58:27.146996-05:00,historyserver,historyserver-demo-6785ff6464-zlj2n,historyserver,2026-08-06T18:58:15Z,698494192000,1114898432
2026-08-06T13:58:28.14619-05:00,historyserver,historyserver-demo-6785ff6464-zlj2n,historyserver,2026-08-06T18:58:15Z,698494192000,1114898432
2026-08-06T13:58:29.147008-05:00,historyserver,historyserver-demo-6785ff6464-zlj2n,historyserver,2026-08-06T18:58:15Z,698494192000,1114898432
2026-08-06T13:58:30.147022-05:00,historyserver,historyserver-demo-6785ff6464-zlj2n,historyserver,2026-08-06T18:58:15Z,698494192000,1114898432
2026-08-06T13:58:31.14695-05:00,historyserver,historyserver-demo-6785ff6464-zlj2n,historyserver,2026-08-06T18:58:15Z,698494192000,1114898432
2026-08-06T13:58:32.146954-05:00,historyserver,historyserver-demo-6785ff6464-zlj2n,historyserver,2026-08-06T18:58:15Z,698494192000,1114898432
2026-08-06T13:58:33.147037-05:00,historyserver,historyserver-demo-6785ff6464-zlj2n,historyserver,2026-08-06T18:58:15Z,698494192000,1114898432
2026-08-06T13:58:34.147038-05:00,historyserver,historyserver-demo-6785ff6464-zlj2n,historyserver,2026-08-06T18:58:15Z,698494192000,1114898432
2026-08-06T13:58:35.146568-05:00,historyserver,historyserver-demo-6785ff6464-zlj2n,historyserver,2026-08-06T18:58:34Z,707743792000,1235423232
2026-08-06T13:58:36.147116-05:00,historyserver,historyserver-demo-6785ff6464-zlj2n,historyserver,2026-08-06T18:58:34Z,707743792000,1235423232
2026-08-06T13:58:37.147645-05:00,historyserver,historyserver-demo-6785ff6464-zlj2n,historyserver,2026-08-06T18:58:34Z,707743792000,1235423232
2026-08-06T13:58:38.146287-05:00,historyserver,historyserver-demo-6785ff6464-zlj2n,historyserver,2026-08-06T18:58:34Z,707743792000,1235423232
2026-08-06T13:58:39.147103-05:00,historyserver,historyserver-demo-6785ff6464-zlj2n,historyserver,2026-08-06T18:58:34Z,707743792000,1235423232
2026-08-06T13:58:40.147156-05:00,historyserver,historyserver-demo-6785ff6464-zlj2n,historyserver,2026-08-06T18:58:34Z,707743792000,1235423232
2026-08-06T13:58:41.146487-05:00,historyserver,historyserver-demo-6785ff6464-zlj2n,historyserver,2026-08-06T18:58:34Z,707743792000,1235423232
2026-08-06T13:58:42.147069-05:00,historyserver,historyserver-demo-6785ff6464-zlj2n,historyserver,2026-08-06T18:58:34Z,707743792000,1235423232
2026-08-06T13:58:43.146173-05:00,historyserver,historyserver-demo-6785ff6464-zlj2n,historyserver,2026-08-06T18:58:34Z,707743792000,1235423232
2026-08-06T13:58:44.14664-05:00,historyserver,historyserver-demo-6785ff6464-zlj2n,historyserver,2026-08-06T18:58:34Z,707743792000,1235423232
2026-08-06T13:58:45.146662-05:00,historyserver,historyserver-demo-6785ff6464-zlj2n,historyserver,2026-08-06T18:58:34Z,707743792000,1235423232
2026-08-06T13:58:46.14712-05:00,historyserver,historyserver-demo-6785ff6464-zlj2n,historyserver,2026-08-06T18:58:34Z,707743792000,1235423232
2026-08-06T13:58:47.14711-05:00,historyserver,historyserver-demo-6785ff6464-zlj2n,historyserver,2026-08-06T18:58:34Z,707743792000,1235423232
2026-08-06T13:58:48.146906-05:00,historyserver,historyserver-demo-6785ff6464-zlj2n,historyserver,2026-08-06T18:58:47Z,714243376000,1282281472
2026-08-06T13:58:49.147119-05:00,historyserver,historyserver-demo-6785ff6464-zlj2n,historyserver,2026-08-06T18:58:47Z,714243376000,1282281472
2026-08-06T13:58:50.147138-05:00,historyserver,historyserver-demo-6785ff6464-zlj2n,historyserver,2026-08-06T18:58:47Z,714243376000,1282281472
2026-08-06T13:58:51.146497-05:00,historyserver,historyserver-demo-6785ff6464-zlj2n,historyserver,2026-08-06T18:58:47Z,714243376000,1282281472
2026-08-06T13:58:52.147106-05:00,historyserver,historyserver-demo-6785ff6464-zlj2n,historyserver,2026-08-06T18:58:47Z,714243376000,1282281472
2026-08-06T13:58:53.147114-05:00,historyserver,historyserver-demo-6785ff6464-zlj2n,historyserver,2026-08-06T18:58:47Z,714243376000,1282281472
2026-08-06T13:58:54.147139-05:00,historyserver,historyserver-demo-6785ff6464-zlj2n,historyserver,2026-08-06T18:58:47Z,714243376000,1282281472
2026-08-06T13:58:55.146662-05:00,historyserver,historyserver-demo-6785ff6464-zlj2n,historyserver,2026-08-06T18:58:47Z,714243376000,1282281472
2026-08-06T13:58:56.147143-05:00,historyserver,historyserver-demo-6785ff6464-zlj2n,historyserver,2026-08-06T18:58:47Z,714243376000,1282281472
2026-08-06T13:58:57.146674-05:00,historyserver,historyserver-demo-6785ff6464-zlj2n,historyserver,2026-08-06T18:58:47Z,714243376000,1282281472
2026-08-06T13:58:58.147186-05:00,historyserver,historyserver-demo-6785ff6464-zlj2n,historyserver,2026-08-06T18:58:47Z,714243376000,1282281472
2026-08-06T13:58:59.147202-05:00,historyserver,historyserver-demo-6785ff6464-zlj2n,historyserver,2026-08-06T18:58:47Z,714243376000,1282281472
2026-08-06T13:59:00.147172-05:00,historyserver,historyserver-demo-6785ff6464-zlj2n,historyserver,2026-08-06T18:58:47Z,714243376000,1282281472
2026-08-06T13:59:01.147242-05:00,historyserver,historyserver-demo-6785ff6464-zlj2n,historyserver,2026-08-06T18:58:47Z,714243376000,1282281472
2026-08-06T13:59:02.147243-05:00,historyserver,historyserver-demo-6785ff6464-zlj2n,historyserver,2026-08-06T18:58:47Z,714243376000,1282281472
2026-08-06T13:59:03.14682-05:00,historyserver,historyserver-demo-6785ff6464-zlj2n,historyserver,2026-08-06T18:58:47Z,714243376000,1282281472
2026-08-06T13:59:04.147403-05:00,historyserver,historyserver-demo-6785ff6464-zlj2n,historyserver,2026-08-06T18:59:04Z,722623732000,1687138304
2026-08-06T13:59:05.146434-05:00,historyserver,historyserver-demo-6785ff6464-zlj2n,historyserver,2026-08-06T18:59:04Z,722623732000,1687138304
2026-08-06T13:59:06.146318-05:00,historyserver,historyserver-demo-6785ff6464-zlj2n,historyserver,2026-08-06T18:59:04Z,722623732000,1687138304
2026-08-06T13:59:07.147209-05:00,historyserver,historyserver-demo-6785ff6464-zlj2n,historyserver,2026-08-06T18:59:04Z,722623732000,1687138304
2026-08-06T13:59:08.147224-05:00,historyserver,historyserver-demo-6785ff6464-zlj2n,historyserver,2026-08-06T18:59:04Z,722623732000,1687138304
2026-08-06T13:59:09.146543-05:00,historyserver,historyserver-demo-6785ff6464-zlj2n,historyserver,2026-08-06T18:59:04Z,722623732000,1687138304
2026-08-06T13:59:10.146452-05:00,historyserver,historyserver-demo-6785ff6464-zlj2n,historyserver,2026-08-06T18:59:04Z,722623732000,1687138304
