time_nano,container,anon_bytes,current_bytes,peak_bytes,cpu_usage_usec
1785977427465753959,raycluster-historyserver-cpu-worker-6qj2h/collector,55160832,56020992,57810944,513243
1785977427465753959,raycluster-historyserver-cpu-worker-6qj2h/ray-worker,282025984,301817856,304508928,2658223
1785977427465753959,raycluster-historyserver-head-jxtd5/collector,60653568,61648896,62394368,588328
1785977427465753959,raycluster-historyserver-head-jxtd5/ray-head,3026169856,3079708672,3083870208,10060957
1785977428499514959,raycluster-historyserver-cpu-worker-6qj2h/collector,55160832,56020992,57810944,513243
1785977428499514959,raycluster-historyserver-cpu-worker-6qj2h/ray-worker,282202112,302002176,304508928,2667248
1785977428499514959,raycluster-historyserver-head-jxtd5/collector,60653568,61648896,62394368,588508
1785977428499514959,raycluster-historyserver-head-jxtd5/ray-head,3025571840,3079806976,3083870208,10101157
1785977428499514959,rayjob-bench-8wpmx/ray-job-submitter,62201856,68624384,71585792,702614
1785977429537521793,raycluster-historyserver-cpu-worker-6qj2h/collector,55160832,56020992,57810944,513243
1785977429537521793,raycluster-historyserver-cpu-worker-6qj2h/ray-worker,282386432,302198784,304508928,2675321
1785977429537521793,raycluster-historyserver-head-jxtd5/collector,60653568,61652992,62394368,589441
1785977429537521793,raycluster-historyserver-head-jxtd5/ray-head,3025747968,3080118272,3083870208,10154466
1785977429537521793,rayjob-bench-8wpmx/ray-job-submitter,60985344,71700480,116035584,1702646
1785977430574552919,raycluster-historyserver-cpu-worker-6qj2h/collector,55193600,56053760,57810944,515176
1785977430574552919,raycluster-historyserver-cpu-worker-6qj2h/ray-worker,282750976,302579712,304508928,2684767
1785977430574552919,raycluster-historyserver-head-jxtd5/collector,60653568,61648896,62394368,590649
1785977430574552919,raycluster-historyserver-head-jxtd5/ray-head,3117559808,3175862272,3175927808,11683397
1785977430574552919,rayjob-bench-8wpmx/ray-job-submitter,60649472,71237632,116035584,2655786
1785977431618589252,raycluster-historyserver-cpu-worker-6qj2h/collector,55193600,56053760,57810944,515413
1785977431618589252,raycluster-historyserver-cpu-worker-6qj2h/ray-worker,508538880,535724032,536379392,4235411
1785977431618589252,raycluster-historyserver-head-jxtd5/collector,60747776,61755392,62394368,594128
1785977431618589252,raycluster-historyserver-head-jxtd5/ray-head,3187892224,3248082944,3249631232,12268032
1785977431618589252,rayjob-bench-8wpmx/ray-job-submitter,102367232,113287168,116035584,3033094
1785977432656445670,raycluster-historyserver-cpu-worker-6qj2h/collector,55193600,56053760,57810944,515413
1785977432656445670,raycluster-historyserver-cpu-worker-6qj2h/ray-worker,709058560,741847040,741851136,6350385
1785977432656445670,raycluster-historyserver-head-jxtd5/collector,82370560,85098496,85221376,1087562
1785977432656445670,raycluster-historyserver-head-jxtd5/ray-head,3243458560,3304316928,3305381888,13098569
1785977432656445670,rayjob-bench-8wpmx/ray-job-submitter,102371328,113291264,116035584,3033237
1785977433702463878,raycluster-historyserver-cpu-worker-6qj2h/collector,70688768,74182656,74444800,949861
1785977433702463878,raycluster-historyserver-cpu-worker-6qj2h/ray-worker,851640320,891273216,891277312,8377912
1785977433702463878,raycluster-historyserver-head-jxtd5/collector,91893760,96223232,98951168,1660416
1785977433702463878,raycluster-historyserver-head-jxtd5/ray-head,3272228864,3333558272,3335344128,13980264
1785977433702463878,rayjob-bench-8wpmx/ray-job-submitter,102375424,113295360,116035584,3033367
1785977434762700129,raycluster-historyserver-cpu-worker-6qj2h/collector,70795264,76156928,76382208,1294251
1785977434762700129,raycluster-historyserver-cpu-worker-6qj2h/ray-worker,904462336,943693824,944746496,10558156
1785977434762700129,raycluster-historyserver-head-jxtd5/collector,97878016,106520576,107053056,2326804
1785977434762700129,raycluster-historyserver-head-jxtd5/ray-head,3286855680,3348951040,3349737472,15070196
1785977434762700129,rayjob-bench-8wpmx/ray-job-submitter,102379520,113299456,116035584,3033496
1785977435814516088,raycluster-historyserver-cpu-worker-6qj2h/collector,70795264,76156928,76419072,1296780
1785977435814516088,raycluster-historyserver-cpu-worker-6qj2h/ray-worker,926744576,965664768,967991296,12634663
1785977435814516088,raycluster-historyserver-head-jxtd5/collector,79503360,92041216,117473280,2897536
1785977435814516088,raycluster-historyserver-head-jxtd5/ray-head,3312566272,3374014464,3374538752,16231452
1785977435814516088,rayjob-bench-8wpmx/ray-job-submitter,102379520,113299456,116035584,3033628
1785977436866008422,raycluster-historyserver-cpu-worker-6qj2h/collector,81805312,90718208,90939392,1897328
1785977436866008422,raycluster-historyserver-cpu-worker-6qj2h/ray-worker,933396480,973234176,975081472,14831320
1785977436866008422,raycluster-historyserver-head-jxtd5/collector,101478400,119095296,119496704,3582076
1785977436866008422,raycluster-historyserver-head-jxtd5/ray-head,3339984896,3401510912,3402113024,17422190
1785977436866008422,rayjob-bench-8wpmx/ray-job-submitter,102379520,113299456,116035584,3033785
1785977437940746130,raycluster-historyserver-cpu-worker-6qj2h/collector,81805312,90718208,90939392,1897328
1785977437940746130,raycluster-historyserver-cpu-worker-6qj2h/ray-worker,945909760,986128384,986705920,16864782
1785977437940746130,raycluster-historyserver-head-jxtd5/collector,102019072,123301888,123908096,4206528
1785977437940746130,raycluster-historyserver-head-jxtd5/ray-head,3367714816,3427917824,3430371328,18503297
1785977437940746130,rayjob-bench-8wpmx/ray-job-submitter,102379520,113299456,116035584,3033902
1785977438999459631,raycluster-historyserver-cpu-worker-6qj2h/collector,88285184,97214464,102817792,2304105
1785977438999459631,raycluster-historyserver-cpu-worker-6qj2h/ray-worker,980357120,1020444672,1024036864,19031662
1785977438999459631,raycluster-historyserver-head-jxtd5/collector,105590784,131846144,132059136,5041795
1785977438999459631,raycluster-historyserver-head-jxtd5/ray-head,3386458112,3448143872,3448991744,19576757
1785977438999459631,rayjob-bench-8wpmx/ray-job-submitter,102379520,113299456,116035584,3034053
1785977440062736048,raycluster-historyserver-cpu-worker-6qj2h/collector,103120896,118890496,119013376,3007097
1785977440062736048,raycluster-historyserver-cpu-worker-6qj2h/ray-worker,976158720,1016500224,1024290816,21191747
1785977440062736048,raycluster-historyserver-head-jxtd5/collector,99479552,129122304,143687680,5892930
1785977440062736048,raycluster-historyserver-head-jxtd5/ray-head,3422388224,3484450816,3485184000,20756143
1785977440062736048,rayjob-bench-8wpmx/ray-job-submitter,102379520,113299456,116035584,3034180
1785977441133701424,raycluster-historyserver-cpu-worker-6qj2h/collector,103243776,119013376,119468032,3009527
1785977441133701424,raycluster-historyserver-cpu-worker-6qj2h/ray-worker,977268736,1018343424,1024290816,23241900
1785977441133701424,raycluster-historyserver-head-jxtd5/collector,112484352,143912960,148013056,6146611
1785977441133701424,raycluster-historyserver-head-jxtd5/ray-head,3465961472,3528310784,3529375744,22352974
1785977441133701424,rayjob-bench-8wpmx/ray-job-submitter,102379520,113299456,116035584,3034425
1785977442200027383,raycluster-historyserver-cpu-worker-6qj2h/collector,100052992,116477952,135991296,3746702
1785977442200027383,raycluster-historyserver-cpu-worker-6qj2h/ray-worker,994263040,1034993664,1038204928,25428075
1785977442200027383,raycluster-historyserver-head-jxtd5/collector,131153920,170364928,170364928,7327645
1785977442200027383,raycluster-historyserver-head-jxtd5/ray-head,3489591296,3551764480,3553005568,23079323
1785977442200027383,rayjob-bench-8wpmx/ray-job-submitter,102379520,113299456,116035584,3034541
1785977443259476841,raycluster-historyserver-cpu-worker-6qj2h/collector,119631872,142245888,142540800,4114189
1785977443259476841,raycluster-historyserver-cpu-worker-6qj2h/ray-worker,995794944,1037266944,1038737408,27561632
1785977443259476841,raycluster-historyserver-head-jxtd5/collector,150097920,189657088,191168512,7540323
1785977443259476841,raycluster-historyserver-head-jxtd5/ray-head,3607429120,3673501696,3673866240,25843985
1785977443259476841,rayjob-bench-8wpmx/ray-job-submitter,102379520,113299456,116035584,3034798
1785977444331536884,raycluster-historyserver-cpu-worker-6qj2h/collector,86687744,109297664,149688320,4232273
1785977444331536884,raycluster-historyserver-cpu-worker-6qj2h/ray-worker,1008128000,1049202688,1054572544,29635642
1785977444331536884,raycluster-historyserver-head-jxtd5/collector,132710400,180604928,192253952,8714090
1785977444331536884,raycluster-historyserver-head-jxtd5/ray-head,3667603456,3733889024,3735339008,26946690
1785977444331536884,rayjob-bench-8wpmx/ray-job-submitter,102379520,113299456,116035584,3034938
1785977445396499884,raycluster-historyserver-cpu-worker-6qj2h/collector,114876416,144310272,149688320,5312794
1785977445396499884,raycluster-historyserver-cpu-worker-6qj2h/ray-worker,1008521216,1049808896,1054572544,31830418
1785977445396499884,raycluster-historyserver-head-jxtd5/collector,146063360,193978368,198926336,9093623
1785977445396499884,raycluster-historyserver-head-jxtd5/ray-head,3695783936,3762298880,3764023296,28505924
1785977445396499884,rayjob-bench-8wpmx/ray-job-submitter,102379520,113029120,116035584,3035073
1785977446458434468,raycluster-historyserver-cpu-worker-6qj2h/collector,114876416,144310272,149688320,5312856
1785977446458434468,raycluster-historyserver-cpu-worker-6qj2h/ray-worker,1009111040,1051566080,1054572544,33958326
1785977446458434468,raycluster-historyserver-head-jxtd5/collector,131854336,187445248,198926336,10056005
1785977446458434468,raycluster-historyserver-head-jxtd5/ray-head,3708731392,3775279104,3778838528,29457472
1785977446458434468,rayjob-bench-8wpmx/ray-job-submitter,102379520,113029120,116035584,3035195
1785977447525551427,raycluster-historyserver-cpu-worker-6qj2h/collector,115757056,145182720,149856256,5600162
1785977447525551427,raycluster-historyserver-cpu-worker-6qj2h/ray-worker,1014734848,1056342016,1058631680,36025213
1785977447525551427,raycluster-historyserver-head-jxtd5/collector,111517696,167104512,206864384,10645770
1785977447525551427,raycluster-historyserver-head-jxtd5/ray-head,3724541952,3791740928,3792781312,30809605
1785977447525551427,rayjob-bench-8wpmx/ray-job-submitter,102379520,113029120,116035584,3035325
1785977448583577636,raycluster-historyserver-cpu-worker-6qj2h/collector,111538176,147783680,149856256,6407326
1785977448583577636,raycluster-historyserver-cpu-worker-6qj2h/ray-worker,1016147968,1057935360,1060024320,38223679
1785977448583577636,raycluster-historyserver-head-jxtd5/collector,136241152,200056832,206864384,11540258
1785977448583577636,raycluster-historyserver-head-jxtd5/ray-head,3743186944,3810045952,3812007936,31917573
1785977448583577636,rayjob-bench-8wpmx/ray-job-submitter,102379520,113029120,116035584,3035449
1785977449641427428,raycluster-historyserver-cpu-worker-6qj2h/collector,111538176,147783680,149856256,6407326
1785977449641427428,raycluster-historyserver-cpu-worker-6qj2h/ray-worker,1016221696,1058181120,1060794368,40250293
1785977449641427428,raycluster-historyserver-head-jxtd5/collector,111865856,175702016,217526272,12190883
1785977449641427428,raycluster-historyserver-head-jxtd5/ray-head,3773267968,3840471040,3842437120,33059015
1785977449641427428,rayjob-bench-8wpmx/ray-job-submitter,102379520,113029120,116035584,3035564
1785977450701661928,raycluster-historyserver-cpu-worker-6qj2h/collector,99418112,136511488,159145984,7155158
1785977450701661928,raycluster-historyserver-cpu-worker-6qj2h/ray-worker,1033601024,1075748864,1081212928,42424034
1785977450701661928,raycluster-historyserver-head-jxtd5/collector,132014080,203730944,217526272,12876032
1785977450701661928,raycluster-historyserver-head-jxtd5/ray-head,3789889536,3857190912,3863072768,34413596
1785977450701661928,rayjob-bench-8wpmx/ray-job-submitter,102379520,113029120,116035584,3035697
1785977451752831304,raycluster-historyserver-cpu-worker-6qj2h/collector,117706752,160788480,164372480,7602082
1785977451752831304,raycluster-historyserver-cpu-worker-6qj2h/ray-worker,1020825600,1063628800,1081212928,44492122
1785977451752831304,raycluster-historyserver-head-jxtd5/collector,113524736,185241600,222048256,13576943
1785977451752831304,raycluster-historyserver-head-jxtd5/ray-head,3810754560,3878117376,3880189952,35655031
1785977451752831304,rayjob-bench-8wpmx/ray-job-submitter,102379520,113029120,116035584,3035814
1785977452807042846,raycluster-historyserver-cpu-worker-6qj2h/collector,117706752,160772096,164372480,7602082
1785977452807042846,raycluster-historyserver-cpu-worker-6qj2h/ray-worker,1020395520,1063084032,1081212928,46622339
1785977452807042846,raycluster-historyserver-head-jxtd5/collector,135630848,215519232,222048256,14364705
1785977452807042846,raycluster-historyserver-head-jxtd5/ray-head,3824562176,3891949568,3894915072,36701006
1785977452807042846,rayjob-bench-8wpmx/ray-job-submitter,102379520,113029120,116035584,3035931
1785977453856966555,raycluster-historyserver-cpu-worker-6qj2h/collector,116793344,165404672,167464960,8624177
1785977453856966555,raycluster-historyserver-cpu-worker-6qj2h/ray-worker,1038356480,1081249792,1084153856,48716467
1785977453856966555,raycluster-historyserver-head-jxtd5/collector,112250880,192135168,234106880,15068153
1785977453856966555,raycluster-historyserver-head-jxtd5/ray-head,3856547840,3924279296,3925929984,37964594
1785977453856966555,rayjob-bench-8wpmx/ray-job-submitter,102379520,113029120,116035584,3036080
1785977454907802805,raycluster-historyserver-cpu-worker-6qj2h/collector,116793344,166678528,167464960,8710558
1785977454907802805,raycluster-historyserver-cpu-worker-6qj2h/ray-worker,1038962688,1081753600,1084153856,50824042
1785977454907802805,raycluster-historyserver-head-jxtd5/collector,132542464,220385280,234106880,15826813
1785977454907802805,raycluster-historyserver-head-jxtd5/ray-head,3849244672,3916832768,3934183424,39148166
1785977454907802805,rayjob-bench-8wpmx/ray-job-submitter,102379520,113029120,116035584,3036210
1785977455948064708,raycluster-historyserver-cpu-worker-6qj2h/collector,114925568,164896768,174088192,8814178
1785977455948064708,raycluster-historyserver-cpu-worker-6qj2h/ray-worker,1050816512,1094025216,1098891264,52844119
1785977455948064708,raycluster-historyserver-head-jxtd5/collector,112820224,200654848,240357376,16576719
1785977455948064708,raycluster-historyserver-head-jxtd5/ray-head,3887206400,3955642368,3956133888,40344961
1785977455948064708,rayjob-bench-8wpmx/ray-job-submitter,102379520,113029120,116035584,3036378
1785977456996111667,raycluster-historyserver-cpu-worker-6qj2h/collector,118583296,175288320,176218112,9877124
1785977456996111667,raycluster-historyserver-cpu-worker-6qj2h/ray-worker,1036664832,1080287232,1098891264,55019945
1785977456996111667,raycluster-historyserver-head-jxtd5/collector,133480448,229388288,240357376,17304667
1785977456996111667,raycluster-historyserver-head-jxtd5/ray-head,3883565056,3951505408,3969601536,41527022
1785977456996111667,rayjob-bench-8wpmx/ray-job-submitter,102379520,113029120,116035584,3036504
1785977458043491876,raycluster-historyserver-cpu-worker-6qj2h/collector,118583296,175288320,176218112,9877124
1785977458043491876,raycluster-historyserver-cpu-worker-6qj2h/ray-worker,1036759040,1079996416,1098891264,57014793
1785977458043491876,raycluster-historyserver-head-jxtd5/collector,112144384,208052224,247349248,18059950
1785977458043491876,raycluster-historyserver-head-jxtd5/ray-head,3927015424,3998404608,3999981568,42566671
1785977458043491876,rayjob-bench-8wpmx/ray-job-submitter,102379520,113029120,116035584,3036623
1785977459084121918,raycluster-historyserver-cpu-worker-6qj2h/collector,114413568,171372544,179585024,10428696
1785977459084121918,raycluster-historyserver-cpu-worker-6qj2h/ray-worker,1054588928,1098276864,1100230656,59218018
1785977459084121918,raycluster-historyserver-head-jxtd5/collector,134000640,237969408,247349248,18785056
1785977459084121918,raycluster-historyserver-head-jxtd5/ray-head,3920224256,3991429120,4006682624,43864974
1785977459084121918,rayjob-bench-8wpmx/ray-job-submitter,102379520,113029120,116035584,3036730
1785977460127900335,raycluster-historyserver-cpu-worker-6qj2h/collector,115638272,179154944,179585024,10982762
1785977460127900335,raycluster-historyserver-cpu-worker-6qj2h/ray-worker,1054715904,1098317824,1100443648,61220899
1785977460127900335,raycluster-historyserver-head-jxtd5/collector,112103424,216100864,256282624,19601755
1785977460127900335,raycluster-historyserver-head-jxtd5/ray-head,3956318208,4028284928,4029104128,45108614
1785977460127900335,rayjob-bench-8wpmx/ray-job-submitter,102379520,113029120,116035584,3036855
1785977461164548544,raycluster-historyserver-cpu-worker-6qj2h/collector,115642368,179159040,179585024,10985143
1785977461164548544,raycluster-historyserver-cpu-worker-6qj2h/ray-worker,1055174656,1099214848,1101058048,63413786
1785977461164548544,raycluster-historyserver-head-jxtd5/collector,131969024,243838976,256282624,20120652
1785977461164548544,raycluster-historyserver-head-jxtd5/ray-head,3950153728,4021698560,4033056768,46342696
1785977461164548544,rayjob-bench-8wpmx/ray-job-submitter,102379520,113029120,116035584,3036977
1785977462213158669,raycluster-historyserver-cpu-worker-6qj2h/collector,105713664,171454464,187019264,11809429
1785977462213158669,raycluster-historyserver-cpu-worker-6qj2h/ray-worker,1068683264,1112621056,1117179904,65417578
1785977462213158669,raycluster-historyserver-head-jxtd5/collector,112779264,224907264,261619712,20907922
1785977462213158669,raycluster-historyserver-head-jxtd5/ray-head,3981234176,4052525056,4054093824,47519701
1785977462213158669,rayjob-bench-8wpmx/ray-job-submitter,102379520,113029120,116035584,3037103
1785977463255039128,raycluster-historyserver-cpu-worker-6qj2h/collector,121135104,191463424,191655936,12075862
1785977463255039128,raycluster-historyserver-cpu-worker-6qj2h/ray-worker,1054818304,1099075584,1117179904,67288483
1785977463255039128,raycluster-historyserver-head-jxtd5/collector,135192576,255287296,261619712,21601430
1785977463255039128,raycluster-historyserver-head-jxtd5/ray-head,3979149312,4050464768,4057128960,48584233
1785977463255039128,rayjob-bench-8wpmx/ray-job-submitter,102379520,113029120,116035584,3037243
1785977464293105212,raycluster-historyserver-cpu-worker-6qj2h/collector,110002176,183517184,199426048,12989221
1785977464293105212,raycluster-historyserver-cpu-worker-6qj2h/ray-worker,1079291904,1120555008,1123676160,67999952
1785977464293105212,raycluster-historyserver-head-jxtd5/collector,112693248,232787968,272924672,22497146
1785977464293105212,raycluster-historyserver-head-jxtd5/ray-head,4000612352,4072173568,4073377792,49060578
1785977464293105212,rayjob-bench-8wpmx/ray-job-submitter,102379520,112762880,116035584,3037362
1785977465340155254,raycluster-historyserver-cpu-worker-6qj2h/collector,80072704,156938240,200327168,13466215
1785977465340155254,raycluster-historyserver-cpu-worker-6qj2h/ray-worker,584462336,613421056,1123676160,68954404
1785977465340155254,raycluster-historyserver-head-jxtd5/collector,131989504,259956736,272924672,23041360
1785977465340155254,raycluster-historyserver-head-jxtd5/ray-head,3984207872,4055461888,4073377792,49666294
1785977465340155254,rayjob-bench-8wpmx/ray-job-submitter,102379520,112762880,116035584,3037549
1785977466377258713,raycluster-historyserver-cpu-worker-6qj2h/collector,104820736,188243968,200327168,14303836
1785977466377258713,raycluster-historyserver-cpu-worker-6qj2h/ray-worker,566386688,595296256,1123676160,69286494
1785977466377258713,raycluster-historyserver-head-jxtd5/collector,114053120,242282496,278736896,24026049
1785977466377258713,raycluster-historyserver-head-jxtd5/ray-head,4013182976,4084768768,4086583296,50020049
1785977466377258713,rayjob-bench-8wpmx/ray-job-submitter,102379520,112762880,116035584,3037670
1785977467415703547,raycluster-historyserver-cpu-worker-6qj2h/collector,101507072,188280832,201805824,15209923
1785977467415703547,raycluster-historyserver-cpu-worker-6qj2h/ray-worker,587620352,616566784,1123676160,69617768
1785977467415703547,raycluster-historyserver-head-jxtd5/collector,136077312,272142336,278736896,24516147
1785977467415703547,raycluster-historyserver-head-jxtd5/ray-head,3993341952,4064632832,4087873536,50693749
1785977467415703547,rayjob-bench-8wpmx/ray-job-submitter,102379520,112762880,116035584,3037670
1785977468456695589,raycluster-historyserver-cpu-worker-6qj2h/collector,104153088,205283328,212627456,15699187
1785977468456695589,raycluster-historyserver-cpu-worker-6qj2h/ray-worker,587620352,616566784,1123676160,70231213
1785977468456695589,raycluster-historyserver-head-jxtd5/collector,112472064,250114048,290099200,25572191
1785977468456695589,raycluster-historyserver-head-jxtd5/ray-head,4020731904,4092096512,4093648896,50941640
1785977468456695589,rayjob-bench-8wpmx/ray-job-submitter,102379520,112762880,116035584,3037670
1785977469496024465,raycluster-historyserver-cpu-worker-6qj2h/collector,119099392,216154112,216412160,16493245
1785977469496024465,raycluster-historyserver-cpu-worker-6qj2h/ray-worker,566837248,595742720,1123676160,70556013
1785977469496024465,raycluster-historyserver-head-jxtd5/collector,132898816,276914176,290099200,25960553
1785977469496024465,raycluster-historyserver-head-jxtd5/ray-head,3999641600,4070969344,4095590400,51719431
1785977469496024465,rayjob-bench-8wpmx/ray-job-submitter,102379520,112762880,116035584,3037670
1785977470531002298,raycluster-historyserver-cpu-worker-6qj2h/collector,101191680,201818112,224280576,17418252
1785977470531002298,raycluster-historyserver-cpu-worker-6qj2h/ray-worker,587661312,616878080,1123676160,70837745
1785977470531002298,raycluster-historyserver-head-jxtd5/collector,116883456,263938048,295268352,27090960
1785977470531002298,raycluster-historyserver-head-jxtd5/ray-head,4026908672,4098723840,4100505600,51904566
1785977470531002298,rayjob-bench-8wpmx/ray-job-submitter,102379520,112762880,116035584,3037670
1785977471568343757,raycluster-historyserver-cpu-worker-6qj2h/collector,89796608,193662976,224759808,17916508
1785977471568343757,raycluster-historyserver-cpu-worker-6qj2h/ray-worker,587821056,616984576,1123676160,71447319
1785977471568343757,raycluster-historyserver-head-jxtd5/collector,150274048,302542848,303206400,27427878
1785977471568343757,raycluster-historyserver-head-jxtd5/ray-head,4039028736,4111998976,4115578880,52813049
1785977471568343757,rayjob-bench-8wpmx/ray-job-submitter,102379520,112762880,116035584,3037670
1785977472607777341,raycluster-historyserver-cpu-worker-6qj2h/collector,117002240,227684352,227991552,18697282
1785977472607777341,raycluster-historyserver-cpu-worker-6qj2h/ray-worker,567013376,595918848,1123676160,71799735
1785977472607777341,raycluster-historyserver-head-jxtd5/collector,120823808,277422080,303206400,28971277
1785977472607777341,raycluster-historyserver-head-jxtd5/ray-head,4042477568,4114722816,4116660224,52925459
1785977472607777341,rayjob-bench-8wpmx/ray-job-submitter,102379520,112762880,116035584,3037670
1785977473642115925,raycluster-historyserver-cpu-worker-6qj2h/collector,105811968,219516928,236675072,19559044
1785977473642115925,raycluster-historyserver-cpu-worker-6qj2h/ray-worker,587935744,616882176,1123676160,72102471
1785977473642115925,raycluster-historyserver-head-jxtd5/collector,151482368,311881728,313876480,30372937
1785977473642115925,raycluster-historyserver-head-jxtd5/ray-head,4046356480,4118614016,4123340800,53705084
1785977473642115925,rayjob-bench-8wpmx/ray-job-submitter,102379520,112762880,116035584,3037670
1785977474679064425,raycluster-historyserver-cpu-worker-6qj2h/collector,121987072,239480832,240013312,20059790
1785977474679064425,raycluster-historyserver-cpu-worker-6qj2h/ray-worker,581226496,610156544,1123676160,72716663
1785977474679064425,raycluster-historyserver-head-jxtd5/collector,130818048,147595264,313876480,32072344
1785977474679064425,raycluster-historyserver-head-jxtd5/ray-head,4046409728,4118728704,4123340800,53776627
1785977474679064425,rayjob-bench-8wpmx/ray-job-submitter,102379520,112762880,116035584,3037670
1785977475713706718,raycluster-historyserver-cpu-worker-6qj2h/collector,113184768,237498368,240529408,20949816
1785977475713706718,raycluster-historyserver-cpu-worker-6qj2h/ray-worker,567386112,596291584,1123676160,73001007
1785977475713706718,raycluster-historyserver-head-jxtd5/collector,148058112,165478400,313876480,32395514
1785977475713706718,raycluster-historyserver-head-jxtd5/ray-head,4029329408,4101627904,4123340800,54598965
1785977475713706718,rayjob-bench-8wpmx/ray-job-submitter,102379520,112762880,116035584,3037670
1785977476751745176,raycluster-historyserver-cpu-worker-6qj2h/collector,101703680,228405248,248168448,21818974
1785977476751745176,raycluster-historyserver-cpu-worker-6qj2h/ray-worker,574500864,603508736,1123676160,73373282
1785977476751745176,raycluster-historyserver-head-jxtd5/collector,136658944,162308096,313876480,33450467
1785977476751745176,raycluster-historyserver-head-jxtd5/ray-head,4021051392,4093333504,4123340800,54789562
1785977476751745176,rayjob-bench-8wpmx/ray-job-submitter,102379520,112762880,116035584,3037670
1785977477790681927,raycluster-historyserver-cpu-worker-6qj2h/collector,111034368,242266112,254345216,22280491
1785977477790681927,raycluster-historyserver-cpu-worker-6qj2h/ray-worker,574513152,603455488,1123676160,73887788
1785977477790681927,raycluster-historyserver-head-jxtd5/collector,113254400,139165696,313876480,33971428
1785977477790681927,raycluster-historyserver-head-jxtd5/ray-head,4029005824,4101292032,4123340800,55423016
1785977477790681927,rayjob-bench-8wpmx/ray-job-submitter,102379520,112762880,116035584,3037670
1785977478828721469,raycluster-historyserver-cpu-worker-6qj2h/collector,101769216,238682112,254345216,23037114
1785977478828721469,raycluster-historyserver-cpu-worker-6qj2h/ray-worker,574521344,603463680,1123676160,73912705
1785977478828721469,raycluster-historyserver-head-jxtd5/collector,138895360,172474368,313876480,34774191
1785977478828721469,raycluster-historyserver-head-jxtd5/ray-head,4029132800,4101423104,4123340800,55722062
1785977478828721469,rayjob-bench-8wpmx/ray-job-submitter,102379520,112762880,116035584,3037670
1785977479869935303,raycluster-historyserver-cpu-worker-6qj2h/collector,101769216,238682112,254345216,23037114
1785977479869935303,raycluster-historyserver-cpu-worker-6qj2h/ray-worker,574550016,603492352,1123676160,73931887
1785977479869935303,raycluster-historyserver-head-jxtd5/collector,93409280,129585152,313876480,35223422
1785977479869935303,raycluster-historyserver-head-jxtd5/ray-head,4029206528,4101505024,4123340800,55789625
1785977479869935303,rayjob-bench-8wpmx/ray-job-submitter,102379520,112762880,116035584,3037670
1785977480914720553,raycluster-historyserver-cpu-worker-6qj2h/collector,104198144,241643520,254345216,23709059
1785977480914720553,raycluster-historyserver-cpu-worker-6qj2h/ray-worker,574550016,603492352,1123676160,73950771
1785977480914720553,raycluster-historyserver-head-jxtd5/collector,93409280,129585152,313876480,35224748
1785977480914720553,raycluster-historyserver-head-jxtd5/ray-head,4007104512,4079378432,4123340800,55887672
1785977480914720553,rayjob-bench-8wpmx/ray-job-submitter,102379520,112762880,116035584,3037670
1785977481959764554,raycluster-historyserver-cpu-worker-6qj2h/collector,104263680,245018624,254345216,24752089
1785977481959764554,raycluster-historyserver-cpu-worker-6qj2h/ray-worker,573550592,602497024,1123676160,73999410
1785977481959764554,raycluster-historyserver-head-jxtd5/collector,93409280,129585152,313876480,35224748
1785977481959764554,raycluster-historyserver-head-jxtd5/ray-head,4007260160,4079513600,4123340800,55954379
1785977481959764554,rayjob-bench-8wpmx/ray-job-submitter,102379520,112762880,116035584,3037670
1785977483005205846,raycluster-historyserver-cpu-worker-6qj2h/collector,104267776,105361408,254345216,24797752
1785977483005205846,raycluster-historyserver-cpu-worker-6qj2h/ray-worker,573554688,602501120,1123676160,74029344
1785977483005205846,raycluster-historyserver-head-jxtd5/collector,93413376,129589248,313876480,35228387
1785977483005205846,raycluster-historyserver-head-jxtd5/ray-head,4007256064,4079505408,4123340800,56029309
1785977483005205846,rayjob-bench-8wpmx/ray-job-submitter,102379520,112762880,116035584,3037670
1785977484060280138,raycluster-historyserver-cpu-worker-6qj2h/collector,104267776,105361408,254345216,24797752
1785977484060280138,raycluster-historyserver-cpu-worker-6qj2h/ray-worker,573554688,602497024,1123676160,74052101
1785977484060280138,raycluster-historyserver-head-jxtd5/collector,93417472,129593344,313876480,35229831
1785977484060280138,raycluster-historyserver-head-jxtd5/ray-head,4007276544,4079529984,4123340800,56114796
1785977484060280138,rayjob-bench-8wpmx/ray-job-submitter,102379520,112762880,116035584,3037670
1785977485118009889,raycluster-historyserver-cpu-worker-6qj2h/collector,104267776,105361408,254345216,24797752
1785977485118009889,raycluster-historyserver-cpu-worker-6qj2h/ray-worker,573579264,602521600,1123676160,74080048
1785977485118009889,raycluster-historyserver-head-jxtd5/collector,93417472,129593344,313876480,35230950
1785977485118009889,raycluster-historyserver-head-jxtd5/ray-head,4007436288,4079693824,4123340800,56200243
1785977485118009889,rayjob-bench-8wpmx/ray-job-submitter,102379520,112762880,116035584,3037670
1785977486177963292,raycluster-historyserver-cpu-worker-6qj2h/collector,104271872,105365504,254345216,24800134
1785977486177963292,raycluster-historyserver-cpu-worker-6qj2h/ray-worker,573595648,602542080,1123676160,74104167
1785977486177963292,raycluster-historyserver-head-jxtd5/collector,93417472,129593344,313876480,35232907
1785977486177963292,raycluster-historyserver-head-jxtd5/ray-head,4007538688,4079816704,4123340800,56297705
1785977486177963292,rayjob-bench-8wpmx/ray-job-submitter,102379520,112762880,116035584,3037670
1785977487239779792,raycluster-historyserver-cpu-worker-6qj2h/collector,104271872,105365504,254345216,24800419
1785977487239779792,raycluster-historyserver-cpu-worker-6qj2h/ray-worker,573575168,602521600,1123676160,74164012
1785977487239779792,raycluster-historyserver-head-jxtd5/collector,93417472,129593344,313876480,35236708
1785977487239779792,raycluster-historyserver-head-jxtd5/ray-head,4007735296,4079996928,4123340800,56384960
1785977487239779792,rayjob-bench-8wpmx/ray-job-submitter,102379520,112762880,116035584,3037670
1785977488301519459,raycluster-historyserver-cpu-worker-6qj2h/collector,104271872,105365504,254345216,24800419
1785977488301519459,raycluster-historyserver-cpu-worker-6qj2h/ray-worker,573587456,602533888,1123676160,74189541
1785977488301519459,raycluster-historyserver-head-jxtd5/collector,93417472,129593344,313876480,35238581
1785977488301519459,raycluster-historyserver-head-jxtd5/ray-head,4007788544,4080054272,4123340800,56459080
1785977488301519459,rayjob-bench-8wpmx/ray-job-submitter,102379520,112762880,116035584,3037670
1785977489362744376,raycluster-historyserver-cpu-worker-6qj2h/collector,104271872,105365504,254345216,24800419
1785977489362744376,raycluster-historyserver-cpu-worker-6qj2h/ray-worker,573591552,602533888,1123676160,74215872
1785977489362744376,raycluster-historyserver-head-jxtd5/collector,93417472,129593344,313876480,35238581
1785977489362744376,raycluster-historyserver-head-jxtd5/ray-head,4007833600,4080091136,4123340800,56544085
1785977489362744376,rayjob-bench-8wpmx/ray-job-submitter,102379520,112762880,116035584,3037670
1785977490420557002,raycluster-historyserver-cpu-worker-6qj2h/collector,104271872,105365504,254345216,24804767
1785977490420557002,raycluster-historyserver-cpu-worker-6qj2h/ray-worker,573612032,602554368,1123676160,74241288
1785977490420557002,raycluster-historyserver-head-jxtd5/collector,93417472,129597440,313876480,35241226
1785977490420557002,raycluster-historyserver-head-jxtd5/ray-head,4008009728,4080287744,4123340800,56649520
1785977490420557002,rayjob-bench-8wpmx/ray-job-submitter,102379520,112762880,116035584,3037670
1785977491481461086,raycluster-historyserver-cpu-worker-6qj2h/collector,104271872,105365504,254345216,24805045
1785977491481461086,raycluster-historyserver-cpu-worker-6qj2h/ray-worker,573644800,602591232,1123676160,74271418
1785977491481461086,raycluster-historyserver-head-jxtd5/collector,93417472,129597440,313876480,35242748
1785977491481461086,raycluster-historyserver-head-jxtd5/ray-head,4008169472,4080447488,4123340800,56761994
1785977491481461086,rayjob-bench-8wpmx/ray-job-submitter,102379520,112758784,116035584,3037670
1785977492535428545,raycluster-historyserver-cpu-worker-6qj2h/collector,104271872,105365504,254345216,24805045
1785977492535428545,raycluster-historyserver-cpu-worker-6qj2h/ray-worker,573677568,602628096,1123676160,74327650
1785977492535428545,raycluster-historyserver-head-jxtd5/collector,93437952,129613824,313876480,35247596
1785977492535428545,raycluster-historyserver-head-jxtd5/ray-head,4008280064,4081074176,4123340800,56860176
1785977492535428545,rayjob-bench-8wpmx/ray-job-submitter,102379520,112758784,116035584,3037670
1785977493590123420,raycluster-historyserver-cpu-worker-6qj2h/collector,104271872,105365504,254345216,24805045
1785977493590123420,raycluster-historyserver-cpu-worker-6qj2h/ray-worker,573698048,602652672,1123676160,74352262
1785977493590123420,raycluster-historyserver-head-jxtd5/collector,93437952,129613824,313876480,35247885
1785977493590123420,raycluster-historyserver-head-jxtd5/ray-head,3997941760,4070268928,4123340800,57038227
1785977493590123420,rayjob-bench-8wpmx/ray-job-submitter,102379520,112758784,116035584,3037670
1785977494638242629,raycluster-historyserver-cpu-worker-6qj2h/collector,104271872,105365504,254345216,24805045
1785977494638242629,raycluster-historyserver-cpu-worker-6qj2h/ray-worker,449982464,475168768,1123676160,74383718
1785977494638242629,raycluster-historyserver-head-jxtd5/collector,93442048,129622016,313876480,35251534
1785977494638242629,raycluster-historyserver-head-jxtd5/ray-head,3678728192,3746844672,4123340800,57293948
1785977494638242629,rayjob-bench-8wpmx/ray-job-submitter,102379520,112758784,116035584,3037670
1785977495708864504,raycluster-historyserver-cpu-worker-6qj2h/collector,104284160,105377792,254345216,24809433
1785977495708864504,raycluster-historyserver-cpu-worker-6qj2h/ray-worker,449982464,475164672,1123676160,74399652
1785977495708864504,raycluster-historyserver-head-jxtd5/collector,93442048,129622016,313876480,35253204
1785977495708864504,raycluster-historyserver-head-jxtd5/ray-head,3678892032,3746492416,4123340800,57397480
1785977495708864504,rayjob-bench-8wpmx/ray-job-submitter,102379520,112758784,116035584,3037670
1785977496780054380,raycluster-historyserver-cpu-worker-6qj2h/collector,104284160,105377792,254345216,24809433
1785977496780054380,raycluster-historyserver-cpu-worker-6qj2h/ray-worker,450035712,475492352,1123676160,74445157
1785977496780054380,raycluster-historyserver-head-jxtd5/collector,93442048,129622016,313876480,35253204
1785977496780054380,raycluster-historyserver-head-jxtd5/ray-head,3679027200,3746660352,4123340800,57488452
1785977497832193547,raycluster-historyserver-cpu-worker-6qj2h/collector,104284160,105377792,254345216,24809433
1785977497832193547,raycluster-historyserver-cpu-worker-6qj2h/ray-worker,450052096,475234304,1123676160,74464486
1785977497832193547,raycluster-historyserver-head-jxtd5/collector,93442048,129622016,313876480,35255590
1785977497832193547,raycluster-historyserver-head-jxtd5/ray-head,3679174656,3746758656,4123340800,57557645
1785977498900006964,raycluster-historyserver-cpu-worker-6qj2h/collector,104284160,105377792,254345216,24809433
1785977498900006964,raycluster-historyserver-cpu-worker-6qj2h/ray-worker,450052096,475234304,1123676160,74479456
1785977498900006964,raycluster-historyserver-head-jxtd5/collector,93442048,129622016,313876480,35255719
1785977498900006964,raycluster-historyserver-head-jxtd5/ray-head,3678867456,3746652160,4123340800,57642410
1785977499952805215,raycluster-historyserver-cpu-worker-6qj2h/collector,104284160,105377792,254345216,24809433
1785977499952805215,raycluster-historyserver-cpu-worker-6qj2h/ray-worker,450072576,475254784,1123676160,74498271
1785977499952805215,raycluster-historyserver-head-jxtd5/collector,93442048,129626112,313876480,35257172
1785977499952805215,raycluster-historyserver-head-jxtd5/ray-head,3679125504,3746910208,4123340800,57757026
1785977501010941632,raycluster-historyserver-cpu-worker-6qj2h/collector,104296448,105390080,254345216,24811649
1785977501010941632,raycluster-historyserver-cpu-worker-6qj2h/ray-worker,450080768,475262976,1123676160,74515848
1785977501010941632,raycluster-historyserver-head-jxtd5/collector,93442048,129626112,313876480,35257172
1785977501010941632,raycluster-historyserver-head-jxtd5/ray-head,3681419264,3749220352,4123340800,57866106
1785977502067405591,raycluster-historyserver-cpu-worker-6qj2h/collector,104296448,105390080,254345216,24811738
1785977502067405591,raycluster-historyserver-cpu-worker-6qj2h/ray-worker,450080768,475262976,1123676160,74564937
1785977502067405591,raycluster-historyserver-head-jxtd5/collector,93442048,129626112,313876480,35257172
1785977502067405591,raycluster-historyserver-head-jxtd5/ray-head,3681333248,3749322752,4123340800,57936490
1785977507310025260,historyserver-demo-7f67bfd478-7vfqh/historyserver,22073344,22839296,23101440,110926
1785977508354035344,historyserver-demo-7f67bfd478-7vfqh/historyserver,67035136,67772416,68395008,538412
1785977509398069969,historyserver-demo-7f67bfd478-7vfqh/historyserver,67035136,67772416,68395008,538412
1785977510445034303,historyserver-demo-7f67bfd478-7vfqh/historyserver,450174976,451686400,452325376,938835
1785977511489960137,historyserver-demo-7f67bfd478-7vfqh/historyserver,617467904,619311104,619913216,1442964
1785977512533826054,historyserver-demo-7f67bfd478-7vfqh/historyserver,632586240,634458112,634970112,1991779
1785977513612000388,historyserver-demo-7f67bfd478-7vfqh/historyserver,633245696,635371520,635682816,2497600
1785977514655955597,historyserver-demo-7f67bfd478-7vfqh/historyserver,633978880,636080128,636342272,3036790
1785977515696131375,historyserver-demo-7f67bfd478-7vfqh/historyserver,634748928,636624896,637067264,3540190
1785977516738215042,historyserver-demo-7f67bfd478-7vfqh/historyserver,635850752,637743104,638459904,4087441
1785977517779340501,historyserver-demo-7f67bfd478-7vfqh/historyserver,636112896,637992960,638705664,4588988
1785977518820321334,historyserver-demo-7f67bfd478-7vfqh/historyserver,636555264,638681088,639217664,5099032
1785977519859114960,historyserver-demo-7f67bfd478-7vfqh/historyserver,637243392,639180800,639692800,5631024
1785977520897750335,historyserver-demo-7f67bfd478-7vfqh/historyserver,637988864,639909888,640528384,6139333
1785977521934693044,historyserver-demo-7f67bfd478-7vfqh/historyserver,638771200,640929792,641286144,6661926
1785977522971109878,historyserver-demo-7f67bfd478-7vfqh/historyserver,639483904,641695744,642306048,7186484
1785977524007245879,historyserver-demo-7f67bfd478-7vfqh/historyserver,640217088,642109440,643092480,7691122
1785977525038170837,historyserver-demo-7f67bfd478-7vfqh/historyserver,641290240,643706880,644177920,8226063
1785977526067604505,historyserver-demo-7f67bfd478-7vfqh/historyserver,641540096,644009984,644472832,8733025
1785977527100083130,historyserver-demo-7f67bfd478-7vfqh/historyserver,642355200,644255744,644882432,9240360
1785977528131563089,historyserver-demo-7f67bfd478-7vfqh/historyserver,642732032,644890624,645206016,9751293
1785977529163147673,historyserver-demo-7f67bfd478-7vfqh/historyserver,658378752,660303872,660750336,10281256
1785977530195266340,historyserver-demo-7f67bfd478-7vfqh/historyserver,692584448,694583296,694886400,10788347
1785977531229176382,historyserver-demo-7f67bfd478-7vfqh/historyserver,726900736,729485312,729485312,11305642
1785977532266233591,historyserver-demo-7f67bfd478-7vfqh/historyserver,765259776,767639552,767639552,11835468
1785977533303206800,historyserver-demo-7f67bfd478-7vfqh/historyserver,797573120,799772672,800034816,12340734
1785977534342103967,historyserver-demo-7f67bfd478-7vfqh/historyserver,834437120,836849664,836849664,12871395
1785977535380220551,historyserver-demo-7f67bfd478-7vfqh/historyserver,869253120,871596032,872103936,13391577
1785977536418363301,historyserver-demo-7f67bfd478-7vfqh/historyserver,890519552,893157376,893550592,13913509
1785977537461457260,historyserver-demo-7f67bfd478-7vfqh/historyserver,900534272,902938624,903020544,14440751
1785977538513171636,historyserver-demo-7f67bfd478-7vfqh/historyserver,910176256,912932864,912932864,14949813
1785977539554392678,historyserver-demo-7f67bfd478-7vfqh/historyserver,918896640,921333760,921620480,15481597
1785977540600340303,historyserver-demo-7f67bfd478-7vfqh/historyserver,924946432,927399936,927903744,15991032
1785977541646169595,historyserver-demo-7f67bfd478-7vfqh/historyserver,925110272,927805440,928296960,16528495
1785977542688198138,historyserver-demo-7f67bfd478-7vfqh/historyserver,945606656,948092928,948355072,17041339
1785977543730310263,historyserver-demo-7f67bfd478-7vfqh/historyserver,970063872,972853248,973111296,17564942
1785977544772234597,historyserver-demo-7f67bfd478-7vfqh/historyserver,991510528,994091008,994471936,18090899
1785977545812634916,historyserver-demo-7f67bfd478-7vfqh/historyserver,1017655296,1020243968,1020506112,18598257
1785977546856621792,historyserver-demo-7f67bfd478-7vfqh/historyserver,1044779008,1047461888,1047592960,19131090
1785977547895608584,historyserver-demo-7f67bfd478-7vfqh/historyserver,1073016832,1075752960,1076068352,19642438
1785977548935740960,historyserver-demo-7f67bfd478-7vfqh/historyserver,1098756096,1101651968,1101914112,20163512
1785977549973658252,historyserver-demo-7f67bfd478-7vfqh/historyserver,1124098048,1127190528,1127452672,20689140
1785977551009875794,historyserver-demo-7f67bfd478-7vfqh/historyserver,1149849600,1152737280,1153224704,21188517
1785977552041070003,historyserver-demo-7f67bfd478-7vfqh/historyserver,1175629824,1178816512,1179267072,21710120
1785977553069554711,historyserver-demo-7f67bfd478-7vfqh/historyserver,1203027968,1206022144,1206288384,22229110
1785977554099640837,historyserver-demo-7f67bfd478-7vfqh/historyserver,1231396864,1234444288,1234706432,22740262
1785977555128702379,historyserver-demo-7f67bfd478-7vfqh/historyserver,1257365504,1260716032,1260716032,23248373
1785977556158589046,historyserver-demo-7f67bfd478-7vfqh/historyserver,1283211264,1286361088,1286361088,23780767
1785977557188597213,historyserver-demo-7f67bfd478-7vfqh/historyserver,1308979200,1312178176,1312440320,24291409
1785977558219696464,historyserver-demo-7f67bfd478-7vfqh/historyserver,1332232192,1335672832,1335681024,24791149
1785977559251679673,historyserver-demo-7f67bfd478-7vfqh/historyserver,1360273408,1363656704,1363656704,25324609
1785977560283867007,historyserver-demo-7f67bfd478-7vfqh/historyserver,1382010880,1385353216,1386536960,25842613
1785977561318419965,historyserver-demo-7f67bfd478-7vfqh/historyserver,1386115072,1390559232,1390559232,26365501
1785977562362236633,historyserver-demo-7f67bfd478-7vfqh/historyserver,1394860032,1398226944,1398530048,26880425
1785977563398689508,historyserver-demo-7f67bfd478-7vfqh/historyserver,1399685120,1403060224,1403826176,27391133
1785977564442867217,historyserver-demo-7f67bfd478-7vfqh/historyserver,1407848448,1411248128,1411301376,27932351
1785977565483361009,historyserver-demo-7f67bfd478-7vfqh/historyserver,1412599808,1416011776,1416536064,28441877
1785977566521033301,historyserver-demo-7f67bfd478-7vfqh/historyserver,1419943936,1423761408,1423872000,28957182
1785977567558224927,historyserver-demo-7f67bfd478-7vfqh/historyserver,1420226560,1423650816,1424453632,29479238
1785977568592689636,historyserver-demo-7f67bfd478-7vfqh/historyserver,1420226560,1423650816,1424453632,29989303
1785977569630345553,historyserver-demo-7f67bfd478-7vfqh/historyserver,1420230656,1423659008,1424453632,30502474
1785977570664107095,historyserver-demo-7f67bfd478-7vfqh/historyserver,1420238848,1423663104,1424453632,31026994
1785977571696730345,historyserver-demo-7f67bfd478-7vfqh/historyserver,1420242944,1423675392,1424453632,31540199
1785977572728179554,historyserver-demo-7f67bfd478-7vfqh/historyserver,1420255232,1423687680,1424453632,32048821
1785977573760192138,historyserver-demo-7f67bfd478-7vfqh/historyserver,1420259328,1423687680,1424453632,32578831
1785977574792666180,historyserver-demo-7f67bfd478-7vfqh/historyserver,1420263424,1423691776,1424453632,33089010
1785977575826582166,historyserver-demo-7f67bfd478-7vfqh/historyserver,1420267520,1423708160,1424453632,33594733
1785977576857914000,historyserver-demo-7f67bfd478-7vfqh/historyserver,1420275712,1423708160,1424453632,34127593
1785977577887002626,historyserver-demo-7f67bfd478-7vfqh/historyserver,1541742592,1545424896,1545936896,34641827
1785977578916501668,historyserver-demo-7f67bfd478-7vfqh/historyserver,1541787648,1545465856,1546506240,35140827
1785977579945467627,historyserver-demo-7f67bfd478-7vfqh/historyserver,1541869568,1545551872,1546584064,35663354
1785977580975543752,historyserver-demo-7f67bfd478-7vfqh/historyserver,1541967872,1545658368,1546584064,36180801
1785977582005759003,historyserver-demo-7f67bfd478-7vfqh/historyserver,1542197248,1546289152,1546743808,36689948
1785977583035478628,historyserver-demo-7f67bfd478-7vfqh/historyserver,1542897664,1547190272,1547640832,37201063
1785977584066440754,historyserver-demo-7f67bfd478-7vfqh/historyserver,1543581696,1547677696,1548570624,37728151
1785977585100634254,historyserver-demo-7f67bfd478-7vfqh/historyserver,1544413184,1548206080,1548988416,38237024
1785977586133491171,historyserver-demo-7f67bfd478-7vfqh/historyserver,1544577024,1549385728,1549385728,38771126
1785977587166500047,historyserver-demo-7f67bfd478-7vfqh/historyserver,1544683520,1549336576,1551351808,39278849
1785977588195926964,historyserver-demo-7f67bfd478-7vfqh/historyserver,1540947968,1547460608,1551351808,39789343
1785977589225212673,historyserver-demo-7f67bfd478-7vfqh/historyserver,1540947968,1547464704,1551351808,40293034
1785977590255285590,historyserver-demo-7f67bfd478-7vfqh/historyserver,1540956160,1547472896,1551351808,40821645
1785977591286624340,historyserver-demo-7f67bfd478-7vfqh/historyserver,1540960256,1547481088,1551351808,41338059
1785977592320547216,historyserver-demo-7f67bfd478-7vfqh/historyserver,1540964352,1547485184,1551351808,41838152
1785977593350193883,historyserver-demo-7f67bfd478-7vfqh/historyserver,1515671552,1541210112,1551351808,42376535
1785977594386317342,historyserver-demo-7f67bfd478-7vfqh/historyserver,1443323904,1529020416,1551351808,42890890
1785977595418371217,historyserver-demo-7f67bfd478-7vfqh/historyserver,1204559872,1538465792,1596653568,43398174
1785977596455434760,historyserver-demo-7f67bfd478-7vfqh/historyserver,1217196032,1725554688,1741115392,43921346
1785977597484574510,historyserver-demo-7f67bfd478-7vfqh/historyserver,1217200128,1725554688,1741115392,44436823
1785977598516733886,historyserver-demo-7f67bfd478-7vfqh/historyserver,1217208320,1725566976,1741115392,44939435
1785977599546179761,historyserver-demo-7f67bfd478-7vfqh/historyserver,1228255232,1736732672,1741115392,45463079
1785977600576404428,historyserver-demo-7f67bfd478-7vfqh/historyserver,1253556224,1762029568,1762099200,45973686
1785977601604309720,historyserver-demo-7f67bfd478-7vfqh/historyserver,1279242240,1787592704,1788022784,46490289
1785977602636601179,historyserver-demo-7f67bfd478-7vfqh/historyserver,1304838144,1813262336,1813262336,47002979
1785977603667784930,historyserver-demo-7f67bfd478-7vfqh/historyserver,1330388992,1838735360,1839005696,47522373
1785977604696527972,historyserver-demo-7f67bfd478-7vfqh/historyserver,1358786560,1867354112,1867358208,48040611
1785977605729637166,historyserver-demo-7f67bfd478-7vfqh/historyserver,1386344448,1894821888,1894821888,48545943
1785977606759976833,historyserver-demo-7f67bfd478-7vfqh/historyserver,1415704576,1924276224,1924276224,49073296
1785977607788872084,historyserver-demo-7f67bfd478-7vfqh/historyserver,1443704832,1952247808,1952247808,49587120
1785977608818219168,historyserver-demo-7f67bfd478-7vfqh/historyserver,1472462848,1980813312,1981325312,50089537
1785977609846579752,historyserver-demo-7f67bfd478-7vfqh/historyserver,1486917632,1995689984,1995952128,50621248
1785977610878674377,historyserver-demo-7f67bfd478-7vfqh/historyserver,1495056384,2003439616,2003681280,51134615
1785977611907887878,historyserver-demo-7f67bfd478-7vfqh/historyserver,1500925952,2009276416,2009542656,51639905
1785977612946561711,historyserver-demo-7f67bfd478-7vfqh/historyserver,1502785536,2011377664,2011901952,52292502
1785977614237981045,historyserver-demo-7f67bfd478-7vfqh/historyserver,1507127296,2015485952,2015817728,52824718
1785977615281888879,historyserver-demo-7f67bfd478-7vfqh/historyserver,1513717760,2022068224,2022268928,53340692
1785977616319584755,historyserver-demo-7f67bfd478-7vfqh/historyserver,1518759936,2028097536,2028384256,53857662
1785977617361391339,historyserver-demo-7f67bfd478-7vfqh/historyserver,1477742592,1988194304,2028621824,54372030
1785977618395853172,historyserver-demo-7f67bfd478-7vfqh/historyserver,1477742592,1988190208,2028621824,54890204
1785977619429278173,historyserver-demo-7f67bfd478-7vfqh/historyserver,1477742592,1988194304,2028621824,55400156
1785977620463702840,historyserver-demo-7f67bfd478-7vfqh/historyserver,1477742592,1988186112,2028621824,55922742
1785977621501455007,historyserver-demo-7f67bfd478-7vfqh/historyserver,1477742592,1989115904,2028621824,56438904
1785977622537417383,historyserver-demo-7f67bfd478-7vfqh/historyserver,1502740480,2013167616,2028621824,56957833
1785977623567420675,historyserver-demo-7f67bfd478-7vfqh/historyserver,1529335808,2039779328,2040045568,57474284
1785977624598598592,historyserver-demo-7f67bfd478-7vfqh/historyserver,1544675328,2055114752,2055905280,57990745
1785977625627702384,historyserver-demo-7f67bfd478-7vfqh/historyserver,1556647936,2067169280,2067337216,58497247
1785977626656889343,historyserver-demo-7f67bfd478-7vfqh/historyserver,1573810176,2084261888,2084384768,59024487
1785977627688527260,historyserver-demo-7f67bfd478-7vfqh/historyserver,1589870592,2100752384,2100752384,59541989
1785977628721292094,historyserver-demo-7f67bfd478-7vfqh/historyserver,1606172672,2116730880,2117136384,60041524
1785977629750551636,historyserver-demo-7f67bfd478-7vfqh/historyserver,1624846336,2135502848,2135502848,60572419
1785977630784736512,historyserver-demo-7f67bfd478-7vfqh/historyserver,1643663360,2154303488,2154303488,61090193
1785977631819609929,historyserver-demo-7f67bfd478-7vfqh/historyserver,1662619648,2173054976,2173591552,61592896
1785977632851668013,historyserver-demo-7f67bfd478-7vfqh/historyserver,1682366464,2192818176,2193022976,62123510
1785977633886591013,historyserver-demo-7f67bfd478-7vfqh/historyserver,1700487168,2211098624,2211098624,62640415
1785977634921707305,historyserver-demo-7f67bfd478-7vfqh/historyserver,1657090048,2167631872,2228453376,63144713
1785977635952553166,historyserver-demo-7f67bfd478-7vfqh/historyserver,1643474944,2154614784,2228453376,63673433
1785977636991415250,historyserver-demo-7f67bfd478-7vfqh/historyserver,1646252032,2158592000,2228453376,64191731
1785977638034443001,historyserver-demo-7f67bfd478-7vfqh/historyserver,1601638400,2138959872,2228453376,64724664
1785977639076780543,historyserver-demo-7f67bfd478-7vfqh/historyserver,1551724544,2116669440,2228453376,65241062
1785977640115581002,historyserver-demo-7f67bfd478-7vfqh/historyserver,1530621952,2108801024,2228453376,65747733
1785977641155112877,historyserver-demo-7f67bfd478-7vfqh/historyserver,1536114688,2114064384,2228453376,66274152
1785977642196263794,historyserver-demo-7f67bfd478-7vfqh/historyserver,1541799936,2119753728,2228453376,66790936
1785977643236024337,historyserver-demo-7f67bfd478-7vfqh/historyserver,1546149888,2124099584,2228453376,67322193
1785977644273299337,historyserver-demo-7f67bfd478-7vfqh/historyserver,1546092544,2124046336,2228453376,67825553
1785977645303361921,historyserver-demo-7f67bfd478-7vfqh/historyserver,1546092544,2124050432,2228453376,68341286
1785977646336403088,historyserver-demo-7f67bfd478-7vfqh/historyserver,1546096640,2124050432,2228453376,68855963
1785977647367359172,historyserver-demo-7f67bfd478-7vfqh/historyserver,1546096640,2124046336,2228453376,69373870
1785977648400891172,historyserver-demo-7f67bfd478-7vfqh/historyserver,1546100736,2124054528,2228453376,69890823
1785977649432371506,historyserver-demo-7f67bfd478-7vfqh/historyserver,1546100736,2124054528,2228453376,70406472
1785977650466402798,historyserver-demo-7f67bfd478-7vfqh/historyserver,1546100736,2124050432,2228453376,70923181
1785977651500838591,historyserver-demo-7f67bfd478-7vfqh/historyserver,1546100736,2124050432,2228453376,71439085
1785977652531451174,historyserver-demo-7f67bfd478-7vfqh/historyserver,1546108928,2124062720,2228453376,71950753
1785977653563244550,historyserver-demo-7f67bfd478-7vfqh/historyserver,1546108928,2124320768,2228453376,72471922
1785977654592498217,historyserver-demo-7f67bfd478-7vfqh/historyserver,1546108928,2124066816,2228453376,72987277
1785977655623144717,historyserver-demo-7f67bfd478-7vfqh/historyserver,1557921792,2135908352,2228453376,73495930
1785977656658147551,historyserver-demo-7f67bfd478-7vfqh/historyserver,1579712512,2157854720,2228453376,74020209
1785977657690445427,historyserver-demo-7f67bfd478-7vfqh/historyserver,1601282048,2179235840,2228453376,74539507
1785977658724463427,historyserver-demo-7f67bfd478-7vfqh/historyserver,1622704128,2200850432,2228453376,75047356
1785977659759701553,historyserver-demo-7f67bfd478-7vfqh/historyserver,1636630528,2214998016,2228453376,75399609
1785977660811448178,historyserver-demo-7f67bfd478-7vfqh/historyserver,1748107264,2329686016,2330566656,75599465
1785977661849580679,historyserver-demo-7f67bfd478-7vfqh/historyserver,1685729280,2264760320,2342567936,76128221
1785977662885346554,historyserver-demo-7f67bfd478-7vfqh/historyserver,1463492608,2030895104,2342567936,76644374
1785977663918355971,historyserver-demo-7f67bfd478-7vfqh/historyserver,1444618240,2012008448,2342567936,77149383
1785977664951995847,historyserver-demo-7f67bfd478-7vfqh/historyserver,1251708928,1776775168,2342567936,77678913
1785977665987967625,historyserver-demo-7f67bfd478-7vfqh/historyserver,1247055872,1770283008,2342567936,78196878
1785977667020137542,historyserver-demo-7f67bfd478-7vfqh/historyserver,1247059968,1770278912,2342567936,78705181
1785977668057106792,historyserver-demo-7f67bfd478-7vfqh/historyserver,1247059968,1770283008,2342567936,79228491
1785977669090848585,historyserver-demo-7f67bfd478-7vfqh/historyserver,1247059968,1770283008,2342567936,79747093
1785977670121468918,historyserver-demo-7f67bfd478-7vfqh/historyserver,1211932672,1721348096,2342567936,80261577
1785977671157901086,historyserver-demo-7f67bfd478-7vfqh/historyserver,1057443840,1524985856,2342567936,80778292
1785977672190149753,historyserver-demo-7f67bfd478-7vfqh/historyserver,1057443840,1525243904,2342567936,81298721
1785977673225167462,historyserver-demo-7f67bfd478-7vfqh/historyserver,1050234880,1516040192,2342567936,81804701
1785977674258250004,historyserver-demo-7f67bfd478-7vfqh/historyserver,744566784,1006637056,2342567936,82328376
1785977675291440338,historyserver-demo-7f67bfd478-7vfqh/historyserver,744566784,1006641152,2342567936,82848924
1785977676327720130,historyserver-demo-7f67bfd478-7vfqh/historyserver,760745984,1022849024,2342567936,83361109
1785977677363171797,historyserver-demo-7f67bfd478-7vfqh/historyserver,793776128,1055952896,2342567936,83879088
1785977678395323506,historyserver-demo-7f67bfd478-7vfqh/historyserver,825348096,1087418368,2342567936,84399485
1785977679429980423,historyserver-demo-7f67bfd478-7vfqh/historyserver,856309760,1119162368,2342567936,84909055
1785977680461040965,historyserver-demo-7f67bfd478-7vfqh/historyserver,885157888,1147715584,2342567936,85431159
1785977681497785174,historyserver-demo-7f67bfd478-7vfqh/historyserver,893644800,1155710976,2342567936,85951012
1785977682533798841,historyserver-demo-7f67bfd478-7vfqh/historyserver,903012352,1165123584,2342567936,86473479
1785977683563378508,historyserver-demo-7f67bfd478-7vfqh/historyserver,910143488,1172643840,2342567936,86980721
1785977684594904925,historyserver-demo-7f67bfd478-7vfqh/historyserver,910626816,1172959232,2342567936,87499137
1785977685625090926,historyserver-demo-7f67bfd478-7vfqh/historyserver,926228480,1188442112,2342567936,88001971
1785977686655346926,historyserver-demo-7f67bfd478-7vfqh/historyserver,948428800,1210646528,2342567936,88527225
1785977687687074843,historyserver-demo-7f67bfd478-7vfqh/historyserver,980881408,1242959872,2342567936,89046510
1785977688719886844,historyserver-demo-7f67bfd478-7vfqh/historyserver,1012830208,1275113472,2342567936,89550180
1785977689752063928,historyserver-demo-7f67bfd478-7vfqh/historyserver,1046532096,1308712960,2342567936,90079240
1785977690782829512,historyserver-demo-7f67bfd478-7vfqh/historyserver,1078755328,1341050880,2342567936,90588240
1785977691811681179,historyserver-demo-7f67bfd478-7vfqh/historyserver,1109995520,1372057600,2342567936,91098298
1785977692840904846,historyserver-demo-7f67bfd478-7vfqh/historyserver,1135980544,1398181888,2342567936,91618726
1785977693870962513,historyserver-demo-7f67bfd478-7vfqh/historyserver,1160822784,1423147008,2342567936,92129025
1785977694902713722,historyserver-demo-7f67bfd478-7vfqh/historyserver,1184841728,1447821312,2342567936,92650766
1785977695931872916,historyserver-demo-7f67bfd478-7vfqh/historyserver,1210478592,1473064960,2342567936,93159740
1785977696960878542,historyserver-demo-7f67bfd478-7vfqh/historyserver,1237004288,1499156480,2342567936,93680095
1785977697995994417,historyserver-demo-7f67bfd478-7vfqh/historyserver,1263702016,1526124544,2342567936,94200323
1785977699032037126,historyserver-demo-7f67bfd478-7vfqh/historyserver,1289814016,1552613376,2342567936,94716265
1785977700068883543,historyserver-demo-7f67bfd478-7vfqh/historyserver,1316622336,1578946560,2342567936,95232516
1785977701105935086,historyserver-demo-7f67bfd478-7vfqh/historyserver,1342238720,1604300800,2342567936,95748406
1785977702145075211,historyserver-demo-7f67bfd478-7vfqh/historyserver,1354170368,1616232448,2342567936,96279716
1785977703190946420,historyserver-demo-7f67bfd478-7vfqh/historyserver,1360465920,1622528000,2342567936,96799144
1785977704230976337,historyserver-demo-7f67bfd478-7vfqh/historyserver,1366917120,1628979200,2342567936,97329028
1785977705271840379,historyserver-demo-7f67bfd478-7vfqh/historyserver,1373589504,1635860480,2342567936,97848759
1785977706312935713,historyserver-demo-7f67bfd478-7vfqh/historyserver,1380061184,1642328064,2342567936,98355252
1785977707355892797,historyserver-demo-7f67bfd478-7vfqh/historyserver,1387155456,1649217536,2342567936,98879145
1785977708396893589,historyserver-demo-7f67bfd478-7vfqh/historyserver,1388675072,1650741248,2342567936,99399694
1785977709437909881,historyserver-demo-7f67bfd478-7vfqh/historyserver,1388675072,1650741248,2342567936,99926552
1785977710477928882,historyserver-demo-7f67bfd478-7vfqh/historyserver,1388675072,1650741248,2342567936,100443989
1785977711518800382,historyserver-demo-7f67bfd478-7vfqh/historyserver,1388675072,1650737152,2342567936,100958918
1785977712561869841,historyserver-demo-7f67bfd478-7vfqh/historyserver,1388675072,1650737152,2342567936,101478173
1785977713604009717,historyserver-demo-7f67bfd478-7vfqh/historyserver,1388675072,1650741248,2342567936,101999684
1785977714645930259,historyserver-demo-7f67bfd478-7vfqh/historyserver,1388675072,1650737152,2342567936,102524984
1785977715689180426,historyserver-demo-7f67bfd478-7vfqh/historyserver,1388675072,1650741248,2342567936,103048332
1785977716732857676,historyserver-demo-7f67bfd478-7vfqh/historyserver,1388675072,1650737152,2342567936,103576409
1785977717788090510,historyserver-demo-7f67bfd478-7vfqh/historyserver,1388675072,1650741248,2342567936,104097893
1785977718834933427,historyserver-demo-7f67bfd478-7vfqh/historyserver,1388675072,1650741248,2342567936,104625500
1785977719875942303,historyserver-demo-7f67bfd478-7vfqh/historyserver,1388785664,1651109888,2342567936,105142480
1785977720918080220,historyserver-demo-7f67bfd478-7vfqh/historyserver,1390473216,1652535296,2342567936,105657254
1785977721959930679,historyserver-demo-7f67bfd478-7vfqh/historyserver,1390473216,1652535296,2342567936,106176490
1785977723002673721,historyserver-demo-7f67bfd478-7vfqh/historyserver,1390473216,1652539392,2342567936,106700793
1785977724044060930,historyserver-demo-7f67bfd478-7vfqh/historyserver,1391591424,1653657600,2342567936,107227167
1785977725094875889,historyserver-demo-7f67bfd478-7vfqh/historyserver,1415524352,1677590528,2342567936,107747992
1785977726143005750,historyserver-demo-7f67bfd478-7vfqh/historyserver,1439567872,1701634048,2342567936,108276573
1785977727184005792,historyserver-demo-7f67bfd478-7vfqh/historyserver,1462784000,1724850176,2342567936,108799048
1785977728226060459,historyserver-demo-7f67bfd478-7vfqh/historyserver,1485959168,1748156416,2342567936,109316422
1785977729268122876,historyserver-demo-7f67bfd478-7vfqh/historyserver,1593061376,1855131648,2342567936,109847525
1785977730312078460,historyserver-demo-7f67bfd478-7vfqh/historyserver,1626882048,1888948224,2342567936,110358488
1785977731356077544,historyserver-demo-7f67bfd478-7vfqh/historyserver,1479065600,1738534912,2342567936,110876045
1785977732400283086,historyserver-demo-7f67bfd478-7vfqh/historyserver,1479065600,1738534912,2342567936,111396031
1785977733446124670,historyserver-demo-7f67bfd478-7vfqh/historyserver,1479065600,1738534912,2342567936,111926078
1785977734489040212,historyserver-demo-7f67bfd478-7vfqh/historyserver,1479065600,1738534912,2342567936,112447066
1785977735535045629,historyserver-demo-7f67bfd478-7vfqh/historyserver,1479065600,1738539008,2342567936,112979432
1785977736579246046,historyserver-demo-7f67bfd478-7vfqh/historyserver,1479065600,1738534912,2342567936,113497029
1785977737622082672,historyserver-demo-7f67bfd478-7vfqh/historyserver,1364705280,1624174592,2342567936,114009716
1785977738664096922,historyserver-demo-7f67bfd478-7vfqh/historyserver,1360928768,1620398080,2342567936,114536140
1785977739713118631,historyserver-demo-7f67bfd478-7vfqh/historyserver,1354964992,1614696448,2342567936,115050300
1785977740756075132,historyserver-demo-7f67bfd478-7vfqh/historyserver,1344544768,1604014080,2342567936,115579260
1785977741798225091,historyserver-demo-7f67bfd478-7vfqh/historyserver,1324359680,1583841280,2342567936,116098850
1785977742840102174,historyserver-demo-7f67bfd478-7vfqh/historyserver,1276190720,1535664128,2342567936,116625546
1785977743882078467,historyserver-demo-7f67bfd478-7vfqh/historyserver,1125785600,1385304064,2342567936,117143170
1785977744921955634,historyserver-demo-7f67bfd478-7vfqh/historyserver,1035214848,1317318656,2342567936,117664162
1785977745960966551,historyserver-demo-7f67bfd478-7vfqh/historyserver,995172352,1277276160,2342567936,118175509
1785977747002056010,historyserver-demo-7f67bfd478-7vfqh/historyserver,995172352,1277276160,2342567936,118697312
1785977748042169135,historyserver-demo-7f67bfd478-7vfqh/historyserver,995172352,1277276160,2342567936,119227278
1785977749083012677,historyserver-demo-7f67bfd478-7vfqh/historyserver,926887936,1208995840,2342567936,119743943
1785977750125108595,historyserver-demo-7f67bfd478-7vfqh/historyserver,984854528,1266958336,2342567936,120252352
1785977751169203553,historyserver-demo-7f67bfd478-7vfqh/historyserver,1111085056,1393184768,2342567936,120792855
1785977752211416887,historyserver-demo-7f67bfd478-7vfqh/historyserver,1092186112,1359777792,2342567936,121294137
1785977753253316263,historyserver-demo-7f67bfd478-7vfqh/historyserver,1222070272,1489694720,2342567936,121826798
1785977754294426888,historyserver-demo-7f67bfd478-7vfqh/historyserver,1153323008,1369296896,2342567936,122345359
1785977755336420430,historyserver-demo-7f67bfd478-7vfqh/historyserver,1074614272,1245118464,2342567936,122876997
1785977756380910125,historyserver-demo-7f67bfd478-7vfqh/historyserver,1057943552,1223905280,2342567936,123393654
1785977757422332584,historyserver-demo-7f67bfd478-7vfqh/historyserver,1057943552,1223905280,2342567936,123904226
1785977758464350918,historyserver-demo-7f67bfd478-7vfqh/historyserver,1057943552,1223905280,2342567936,124429860
1785977759505190876,historyserver-demo-7f67bfd478-7vfqh/historyserver,1057943552,1223905280,2342567936,124943844
1785977760547391377,historyserver-demo-7f67bfd478-7vfqh/historyserver,1057943552,1223909376,2342567936,125474840
1785977761589296544,historyserver-demo-7f67bfd478-7vfqh/historyserver,1076035584,1241997312,2342567936,125993474
1785977762629923086,historyserver-demo-7f67bfd478-7vfqh/historyserver,1100140544,1266094080,2342567936,126511573
1785977763670450628,historyserver-demo-7f67bfd478-7vfqh/historyserver,1114222592,1280184320,2342567936,127032914
1785977764711420587,historyserver-demo-7f67bfd478-7vfqh/historyserver,1137168384,1303121920,2342567936,127542247
1785977765752418463,historyserver-demo-7f67bfd478-7vfqh/historyserver,1162379264,1328340992,2342567936,128073177
1785977766794585130,historyserver-demo-7f67bfd478-7vfqh/historyserver,1186824192,1352785920,2342567936,128593189
1785977767836431547,historyserver-demo-7f67bfd478-7vfqh/historyserver,1211904000,1378041856,2342567936,129119350
1785977768877667548,historyserver-demo-7f67bfd478-7vfqh/historyserver,1220399104,1386360832,2342567936,129643118
1785977769919370506,historyserver-demo-7f67bfd478-7vfqh/historyserver,1226764288,1392717824,2342567936,130158674
1785977770960397132,historyserver-demo-7f67bfd478-7vfqh/historyserver,1232977920,1399590912,2342567936,130674622
1785977772001666674,historyserver-demo-7f67bfd478-7vfqh/historyserver,1240469504,1406431232,2342567936,131194138
1785977773042348050,historyserver-demo-7f67bfd478-7vfqh/historyserver,1247117312,1413083136,2342567936,131725086
1785977774083377258,historyserver-demo-7f67bfd478-7vfqh/historyserver,1251479552,1417445376,2342567936,132242176
1785977775125381467,historyserver-demo-7f67bfd478-7vfqh/historyserver,1251479552,1417445376,2342567936,132757710
1785977776166360801,historyserver-demo-7f67bfd478-7vfqh/historyserver,1251479552,1417441280,2342567936,133279184
1785977777207300135,historyserver-demo-7f67bfd478-7vfqh/historyserver,1265311744,1431273472,2342567936,133790784
1785977778249191135,historyserver-demo-7f67bfd478-7vfqh/historyserver,1287929856,1453895680,2342567936,134324669
1785977779291312636,historyserver-demo-7f67bfd478-7vfqh/historyserver,1315098624,1481060352,2342567936,134839435
1785977780333230761,historyserver-demo-7f67bfd478-7vfqh/historyserver,1345118208,1511231488,2342567936,135363672
1785977781374294845,historyserver-demo-7f67bfd478-7vfqh/historyserver,1374941184,1541083136,2342567936,135885939
1785977782414330846,historyserver-demo-7f67bfd478-7vfqh/historyserver,1399279616,1565376512,2342567936,136395578
1785977783456221013,historyserver-demo-7f67bfd478-7vfqh/historyserver,1417498624,1583456256,2342567936,136924006
1785977784497230763,historyserver-demo-7f67bfd478-7vfqh/historyserver,1435553792,1601515520,2342567936,137441980
1785977785538571125,historyserver-demo-7f67bfd478-7vfqh/historyserver,1453060096,1619243008,2342567936,137968371
1785977786579763125,historyserver-demo-7f67bfd478-7vfqh/historyserver,1470083072,1636040704,2342567936,138492190
1785977787623485834,historyserver-demo-7f67bfd478-7vfqh/historyserver,1488146432,1654173696,2342567936,139004996
1785977788665779793,historyserver-demo-7f67bfd478-7vfqh/historyserver,1506611200,1672708096,2342567936,139527113
1785977789707620168,historyserver-demo-7f67bfd478-7vfqh/historyserver,1526304768,1692266496,2342567936,140040844
1785977790748577377,historyserver-demo-7f67bfd478-7vfqh/historyserver,1546891264,1712852992,2342567936,140572455
1785977791791629628,historyserver-demo-7f67bfd478-7vfqh/historyserver,1553756160,1719713792,2342567936,141091835
1785977792832606711,historyserver-demo-7f67bfd478-7vfqh/historyserver,1559277568,1725235200,2342567936,141624084
1785977793874513920,historyserver-demo-7f67bfd478-7vfqh/historyserver,1565106176,1731289088,2342567936,142142899
1785977794915771254,historyserver-demo-7f67bfd478-7vfqh/historyserver,1570025472,1736122368,2342567936,142654585
1785977795958460546,historyserver-demo-7f67bfd478-7vfqh/historyserver,1574694912,1740652544,2342567936,143172719
1785977796997653505,historyserver-demo-7f67bfd478-7vfqh/historyserver,1579069440,1745027072,2342567936,143694818
1785977798043631797,historyserver-demo-7f67bfd478-7vfqh/historyserver,1582395392,1748353024,2342567936,144222711
1785977799089553714,historyserver-demo-7f67bfd478-7vfqh/historyserver,1582432256,1748393984,2342567936,144739912
1785977800131868090,historyserver-demo-7f67bfd478-7vfqh/historyserver,1582432256,1748393984,2342567936,145261893
1785977801174248424,historyserver-demo-7f67bfd478-7vfqh/historyserver,1582432256,1748389888,2342567936,145784747
1785977802216064174,historyserver-demo-7f67bfd478-7vfqh/historyserver,1582432256,1748389888,2342567936,146298373
1785977803260267841,historyserver-demo-7f67bfd478-7vfqh/historyserver,1582432256,1748389888,2342567936,146823776
1785977804300610383,historyserver-demo-7f67bfd478-7vfqh/historyserver,1582432256,1748389888,2342567936,147340918
1785977805342723926,historyserver-demo-7f67bfd478-7vfqh/historyserver,1582432256,1748393984,2342567936,147869743
1785977806383675759,historyserver-demo-7f67bfd478-7vfqh/historyserver,1582432256,1748393984,2342567936,148391951
1785977807426808468,historyserver-demo-7f67bfd478-7vfqh/historyserver,1582432256,1748393984,2342567936,148909439
1785977808470724094,historyserver-demo-7f67bfd478-7vfqh/historyserver,1582432256,1748389888,2342567936,149430037
1785977809511611636,historyserver-demo-7f67bfd478-7vfqh/historyserver,1585594368,1751797760,2342567936,149943004
1785977810554532761,historyserver-demo-7f67bfd478-7vfqh/historyserver,1604984832,1770954752,2342567936,150470859
1785977811595530554,historyserver-demo-7f67bfd478-7vfqh/historyserver,1626120192,1792086016,2342567936,150992192
1785977812637584512,historyserver-demo-7f67bfd478-7vfqh/historyserver,1647370240,1813377024,2342567936,151518847
1785977813680682596,historyserver-demo-7f67bfd478-7vfqh/historyserver,1668771840,1834737664,2342567936,152040334
1785977814723538972,historyserver-demo-7f67bfd478-7vfqh/historyserver,1689178112,1855295488,2342567936,152550541
1785977815764851666,historyserver-demo-7f67bfd478-7vfqh/historyserver,1695121408,1861087232,2342567936,152692829
1785977816830818292,historyserver-demo-7f67bfd478-7vfqh/historyserver,1695121408,1861087232,2342567936,152692829
1785977817875115667,historyserver-demo-7f67bfd478-7vfqh/historyserver,1695121408,1861087232,2342567936,152692829
1785977818920002126,historyserver-demo-7f67bfd478-7vfqh/historyserver,1695121408,1861087232,2342567936,152692829
1785977819963842543,historyserver-demo-7f67bfd478-7vfqh/historyserver,1695121408,1861087232,2342567936,152692829
1785977821017907127,historyserver-demo-7f67bfd478-7vfqh/historyserver,1695121408,1861087232,2342567936,152692829
1785977822076224086,historyserver-demo-7f67bfd478-7vfqh/historyserver,1695121408,1861087232,2342567936,152692829
1785977823137931337,historyserver-demo-7f67bfd478-7vfqh/historyserver,1695121408,1861087232,2342567936,152692829
1785977824204877962,historyserver-demo-7f67bfd478-7vfqh/historyserver,1695121408,1861087232,2342567936,152692829
1785977825278068671,historyserver-demo-7f67bfd478-7vfqh/historyserver,1698193408,1868234752,2342567936,152845927
1785977826334206380,historyserver-demo-7f67bfd478-7vfqh/historyserver,1668943872,1835171840,2342567936,153379307
1785977827384961714,historyserver-demo-7f67bfd478-7vfqh/historyserver,1612460032,1778425856,2342567936,153895251
1785977828435838464,historyserver-demo-7f67bfd478-7vfqh/historyserver,1595695104,1761660928,2342567936,154426427
1785977829482693423,historyserver-demo-7f67bfd478-7vfqh/historyserver,1595695104,1761665024,2342567936,154945616
1785977830524171173,historyserver-demo-7f67bfd478-7vfqh/historyserver,1595695104,1761660928,2342567936,155460068
1785977831566760216,historyserver-demo-7f67bfd478-7vfqh/historyserver,1595695104,1761660928,2342567936,155984679
1785977832607715216,historyserver-demo-7f67bfd478-7vfqh/historyserver,1595695104,1761660928,2342567936,156495654
1785977833650667258,historyserver-demo-7f67bfd478-7vfqh/historyserver,1595695104,1761660928,2342567936,157032880
1785977834693001842,historyserver-demo-7f67bfd478-7vfqh/historyserver,1595695104,1761660928,2342567936,157546880
1785977835734669051,historyserver-demo-7f67bfd478-7vfqh/historyserver,1595695104,1761665024,2342567936,158072426
1785977836777270551,historyserver-demo-7f67bfd478-7vfqh/historyserver,1595695104,1761665024,2342567936,158596715
1785977837823769760,historyserver-demo-7f67bfd478-7vfqh/historyserver,1595695104,1761665024,2342567936,159117973
1785977838871651969,historyserver-demo-7f67bfd478-7vfqh/historyserver,1595695104,1761660928,2342567936,159641893
1785977839914847178,historyserver-demo-7f67bfd478-7vfqh/historyserver,1595695104,1761660928,2342567936,160148977
1785977840955710387,historyserver-demo-7f67bfd478-7vfqh/historyserver,1595695104,1761660928,2342567936,160679844
1785977841998789721,historyserver-demo-7f67bfd478-7vfqh/historyserver,1595695104,1761660928,2342567936,161195801
1785977843040721929,historyserver-demo-7f67bfd478-7vfqh/historyserver,1595695104,1761665024,2342567936,161727567
1785977844082757388,historyserver-demo-7f67bfd478-7vfqh/historyserver,1595695104,1761660928,2342567936,162245814
1785977845125805180,historyserver-demo-7f67bfd478-7vfqh/historyserver,1564237824,1730469888,2342567936,162770681
1785977846168291417,historyserver-demo-7f67bfd478-7vfqh/historyserver,1417895936,1583861760,2342567936,163294346
1785977847210148417,historyserver-demo-7f67bfd478-7vfqh/historyserver,1358929920,1524895744,2342567936,163797168
1785977848252158709,historyserver-demo-7f67bfd478-7vfqh/historyserver,1266634752,1432600576,2342567936,164332384
1785977849294172126,historyserver-demo-7f67bfd478-7vfqh/historyserver,1266634752,1432604672,2342567936,164844406
1785977850334171960,historyserver-demo-7f67bfd478-7vfqh/historyserver,1266634752,1432604672,2342567936,165367687
1785977851375141669,historyserver-demo-7f67bfd478-7vfqh/historyserver,1266634752,1432600576,2342567936,165893446
1785977852416215669,historyserver-demo-7f67bfd478-7vfqh/historyserver,1266634752,1432600576,2342567936,166401754
1785977853459190337,historyserver-demo-7f67bfd478-7vfqh/historyserver,1266634752,1432600576,2342567936,166928736
1785977854500161420,historyserver-demo-7f67bfd478-7vfqh/historyserver,1266634752,1432604672,2342567936,167445739
1785977855540189004,historyserver-demo-7f67bfd478-7vfqh/historyserver,1266634752,1432604672,2342567936,167973978
1785977856581138296,historyserver-demo-7f67bfd478-7vfqh/historyserver,1266634752,1432596480,2342567936,168497135
1785977857620336964,historyserver-demo-7f67bfd478-7vfqh/historyserver,1266634752,1432600576,2342567936,169003796
1785977858660165339,historyserver-demo-7f67bfd478-7vfqh/historyserver,1266642944,1432608768,2342567936,169528905
1785977859701229923,historyserver-demo-7f67bfd478-7vfqh/historyserver,1266642944,1432604672,2342567936,170045443
1785977860743076882,historyserver-demo-7f67bfd478-7vfqh/historyserver,1266642944,1432608768,2342567936,170575381
1785977861781161591,historyserver-demo-7f67bfd478-7vfqh/historyserver,1266671616,1432637440,2342567936,171093752
1785977862819292549,historyserver-demo-7f67bfd478-7vfqh/historyserver,1266671616,1432637440,2342567936,171598966
1785977863858309717,historyserver-demo-7f67bfd478-7vfqh/historyserver,1266671616,1432633344,2342567936,172131104
1785977864902401259,historyserver-demo-7f67bfd478-7vfqh/historyserver,1270874112,1437478912,2342567936,172646128
1785977865941570218,historyserver-demo-7f67bfd478-7vfqh/historyserver,1296257024,1462284288,2342567936,173173835
1785977866981487301,historyserver-demo-7f67bfd478-7vfqh/historyserver,1321611264,1487667200,2342567936,173694230
1785977868019695135,historyserver-demo-7f67bfd478-7vfqh/historyserver,1332142080,1498542080,2342567936,174207254
1785977869057415969,historyserver-demo-7f67bfd478-7vfqh/historyserver,1337229312,1503191040,2342567936,174732481
1785977870095505011,historyserver-demo-7f67bfd478-7vfqh/historyserver,1337270272,1503232000,2342567936,175246722
1785977871133563012,historyserver-demo-7f67bfd478-7vfqh/historyserver,1337270272,1503232000,2342567936,175781317
1785977872173448096,historyserver-demo-7f67bfd478-7vfqh/historyserver,1337270272,1503236096,2342567936,176296296
1785977873212156513,historyserver-demo-7f67bfd478-7vfqh/historyserver,1337270272,1503232000,2342567936,176797542
1785977874249217972,historyserver-demo-7f67bfd478-7vfqh/historyserver,1337270272,1503236096,2342567936,177329531
1785977875288666722,historyserver-demo-7f67bfd478-7vfqh/historyserver,1337270272,1503232000,2342567936,177844982
1785977876326877208,historyserver-demo-7f67bfd478-7vfqh/historyserver,1337270272,1503232000,2342567936,178356316
1785977877365115167,historyserver-demo-7f67bfd478-7vfqh/historyserver,1337270272,1503232000,2342567936,178879508
1785977878404743959,historyserver-demo-7f67bfd478-7vfqh/historyserver,1337270272,1503232000,2342567936,179395176
1785977879444427335,historyserver-demo-7f67bfd478-7vfqh/historyserver,1337270272,1503240192,2342567936,179924869
1785977880482933210,historyserver-demo-7f67bfd478-7vfqh/historyserver,1337270272,1503236096,2342567936,180443872
1785977881520577836,historyserver-demo-7f67bfd478-7vfqh/historyserver,1337270272,1503232000,2342567936,180950576
1785977882558467503,historyserver-demo-7f67bfd478-7vfqh/historyserver,1337270272,1503232000,2342567936,181479381
1785977883597454087,historyserver-demo-7f67bfd478-7vfqh/historyserver,1337270272,1503236096,2342567936,181995542
1785977884634643379,historyserver-demo-7f67bfd478-7vfqh/historyserver,1337270272,1503232000,2342567936,182515005
1785977885672540046,historyserver-demo-7f67bfd478-7vfqh/historyserver,1337270272,1503232000,2342567936,183036225
1785977886712440130,historyserver-demo-7f67bfd478-7vfqh/historyserver,1337270272,1503232000,2342567936,183546153
1785977887750556714,historyserver-demo-7f67bfd478-7vfqh/historyserver,1342885888,1508851712,2342567936,184078496
1785977888791491131,historyserver-demo-7f67bfd478-7vfqh/historyserver,1366208512,1532170240,2342567936,184597021
1785977889831463673,historyserver-demo-7f67bfd478-7vfqh/historyserver,1389428736,1555521536,2342567936,185112925
1785977890869538299,historyserver-demo-7f67bfd478-7vfqh/historyserver,1413595136,1579655168,2342567936,185632899
1785977891908548257,historyserver-demo-7f67bfd478-7vfqh/historyserver,1436606464,1602568192,2342567936,186146132
1785977892948534175,historyserver-demo-7f67bfd478-7vfqh/historyserver,1461612544,1627742208,2342567936,186678751
1785977893988490258,historyserver-demo-7f67bfd478-7vfqh/historyserver,1485348864,1651314688,2342567936,187194842
1785977895024461717,historyserver-demo-7f67bfd478-7vfqh/historyserver,1519132672,1685098496,2342567936,187714626
1785977896063506301,historyserver-demo-7f67bfd478-7vfqh/historyserver,1520467968,1686433792,2342567936,188229216
1785977897102721426,historyserver-demo-7f67bfd478-7vfqh/historyserver,1481555968,1647521792,2342567936,188744295
1785977898142517677,historyserver-demo-7f67bfd478-7vfqh/historyserver,1481555968,1647529984,2342567936,189274923
1785977899181688719,historyserver-demo-7f67bfd478-7vfqh/historyserver,1481555968,1647521792,2342567936,189797179
1785977900220485053,historyserver-demo-7f67bfd478-7vfqh/historyserver,1481555968,1647525888,2342567936,190311768
1785977901259488553,historyserver-demo-7f67bfd478-7vfqh/historyserver,1481555968,1647521792,2342567936,190831633
1785977902302910971,historyserver-demo-7f67bfd478-7vfqh/historyserver,949510144,1092481024,2342567936,191344879
1785977903341569763,historyserver-demo-7f67bfd478-7vfqh/historyserver,949510144,1092489216,2342567936,191871417
1785977904380888472,historyserver-demo-7f67bfd478-7vfqh/historyserver,949510144,1092481024,2342567936,192394658
1785977905425716972,historyserver-demo-7f67bfd478-7vfqh/historyserver,949510144,1092481024,2342567936,192908043
1785977906465716125,historyserver-demo-7f67bfd478-7vfqh/historyserver,949510144,1092481024,2342567936,193429410
1785977907504712625,historyserver-demo-7f67bfd478-7vfqh/historyserver,949510144,1092485120,2342567936,193944693
1785977908544570376,historyserver-demo-7f67bfd478-7vfqh/historyserver,949510144,1092485120,2342567936,194482173
1785977909584472251,historyserver-demo-7f67bfd478-7vfqh/historyserver,949510144,1092481024,2342567936,194998432
1785977910622529669,historyserver-demo-7f67bfd478-7vfqh/historyserver,949510144,1092485120,2342567936,195513765
1785977911660858752,historyserver-demo-7f67bfd478-7vfqh/historyserver,949510144,1092481024,2342567936,196031086
1785977912699348628,historyserver-demo-7f67bfd478-7vfqh/historyserver,949510144,1092485120,2342567936,196545411
1785977913736737795,historyserver-demo-7f67bfd478-7vfqh/historyserver,949510144,1092485120,2342567936,197067704
1785977914774505004,historyserver-demo-7f67bfd478-7vfqh/historyserver,949510144,1092481024,2342567936,197588595
1785977915810635921,historyserver-demo-7f67bfd478-7vfqh/historyserver,992518144,1135484928,2342567936,198096032
1785977916847585297,historyserver-demo-7f67bfd478-7vfqh/historyserver,992518144,1135484928,2342567936,198629388
1785977917886678464,historyserver-demo-7f67bfd478-7vfqh/historyserver,1401896960,1544867840,2342567936,199146542
1785977918925740214,historyserver-demo-7f67bfd478-7vfqh/historyserver,1401896960,1544863744,2342567936,199663716
1785977919971056715,historyserver-demo-7f67bfd478-7vfqh/historyserver,1401896960,1544863744,2342567936,200193764
1785977921009768549,historyserver-demo-7f67bfd478-7vfqh/historyserver,1401896960,1544863744,2342567936,200696818
1785977922050721549,historyserver-demo-7f67bfd478-7vfqh/historyserver,1401896960,1544863744,2342567936,201231564
1785977923090477133,historyserver-demo-7f67bfd478-7vfqh/historyserver,1300516864,1430978560,2342567936,201746402
1785977924131499092,historyserver-demo-7f67bfd478-7vfqh/historyserver,1292390400,1422856192,2342567936,202262481
1785977925169598842,historyserver-demo-7f67bfd478-7vfqh/historyserver,1180295168,1284726784,2342567936,202783966
1785977926207637843,historyserver-demo-7f67bfd478-7vfqh/historyserver,1202626560,1306918912,2342567936,203295450
1785977927247697802,historyserver-demo-7f67bfd478-7vfqh/historyserver,1226448896,1330954240,2342567936,203831090
1785977928285623302,historyserver-demo-7f67bfd478-7vfqh/historyserver,1250979840,1355272192,2342567936,204347739
1785977929324514011,historyserver-demo-7f67bfd478-7vfqh/historyserver,1275203584,1379594240,2342567936,204855788
1785977930362558053,historyserver-demo-7f67bfd478-7vfqh/historyserver,1298726912,1403019264,2342567936,205377277
1785977931401500262,historyserver-demo-7f67bfd478-7vfqh/historyserver,1309130752,1413423104,2342567936,205897601
1785977932441859846,historyserver-demo-7f67bfd478-7vfqh/historyserver,1316667392,1420959744,2342567936,206430520
1785977933481197096,historyserver-demo-7f67bfd478-7vfqh/historyserver,1324650496,1429204992,2342567936,206946971
1785977934520620388,historyserver-demo-7f67bfd478-7vfqh/historyserver,1331486720,1435877376,2342567936,207459656
1785977935559116291,historyserver-demo-7f67bfd478-7vfqh/historyserver,1338388480,1442680832,2342567936,207982667
1785977936598092000,historyserver-demo-7f67bfd478-7vfqh/historyserver,1341460480,1446014976,2342567936,208494909
1785977937635100292,historyserver-demo-7f67bfd478-7vfqh/historyserver,1341460480,1445752832,2342567936,209014576
1785977938674103293,historyserver-demo-7f67bfd478-7vfqh/historyserver,1343520768,1448169472,2342567936,209538679
1785977939711898127,historyserver-demo-7f67bfd478-7vfqh/historyserver,1361346560,1465638912,2342567936,210045543
1785977940750052294,historyserver-demo-7f67bfd478-7vfqh/historyserver,1386438656,1490731008,2342567936,210580333
1785977941789065586,historyserver-demo-7f67bfd478-7vfqh/historyserver,1411276800,1516294144,2342567936,211095313
1785977942829144711,historyserver-demo-7f67bfd478-7vfqh/historyserver,1439457280,1543733248,2342567936,211610771
1785977943869143212,historyserver-demo-7f67bfd478-7vfqh/historyserver,1469247488,1573666816,2342567936,212134162
1785977944906957337,historyserver-demo-7f67bfd478-7vfqh/historyserver,1499082752,1603379200,2342567936,212647354
1785977945946034463,historyserver-demo-7f67bfd478-7vfqh/historyserver,1529188352,1634693120,2342567936,213180288
1785977946988103213,historyserver-demo-7f67bfd478-7vfqh/historyserver,1558593536,1662881792,2342567936,213696161
1785977948030261256,historyserver-demo-7f67bfd478-7vfqh/historyserver,1576099840,1680654336,2342567936,214212699
1785977949070137131,historyserver-demo-7f67bfd478-7vfqh/historyserver,1594294272,1698590720,2342567936,214738790
1785977950113082298,historyserver-demo-7f67bfd478-7vfqh/historyserver,1608818688,1713106944,2342567936,215248262
1785977951154100090,historyserver-demo-7f67bfd478-7vfqh/historyserver,1613774848,1718063104,2342567936,215780505
1785977952195158091,historyserver-demo-7f67bfd478-7vfqh/historyserver,1618067456,1722355712,2342567936,216296592
1785977953244065258,historyserver-demo-7f67bfd478-7vfqh/historyserver,1622695936,1726984192,2342567936,216829817
1785977954286960717,historyserver-demo-7f67bfd478-7vfqh/historyserver,1626824704,1731112960,2342567936,217344685
1785977955330000717,historyserver-demo-7f67bfd478-7vfqh/historyserver,1630912512,1735200768,2342567936,217879171
1785977956375098843,historyserver-demo-7f67bfd478-7vfqh/historyserver,1634746368,1739034624,2342567936,218395637
1785977957416960343,historyserver-demo-7f67bfd478-7vfqh/historyserver,1639751680,1744187392,2342567936,218909170
1785977958460025677,historyserver-demo-7f67bfd478-7vfqh/historyserver,1638031360,1742319616,2342567936,219429113
1785977959501060678,historyserver-demo-7f67bfd478-7vfqh/historyserver,1638031360,1742319616,2342567936,219945564
1785977960543164345,historyserver-demo-7f67bfd478-7vfqh/historyserver,1638031360,1742323712,2342567936,220474837
1785977961582946262,historyserver-demo-7f67bfd478-7vfqh/historyserver,1638031360,1742323712,2342567936,220998589
1785977962622020554,historyserver-demo-7f67bfd478-7vfqh/historyserver,1638031360,1742319616,2342567936,221505092
1785977963661031305,historyserver-demo-7f67bfd478-7vfqh/historyserver,1638031360,1742319616,2342567936,222030635
1785977964700359763,historyserver-demo-7f67bfd478-7vfqh/historyserver,1649549312,1753837568,2342567936,222546782
1785977965744257583,historyserver-demo-7f67bfd478-7vfqh/historyserver,1666043904,1770557440,2342567936,223078060
1785977966786257625,historyserver-demo-7f67bfd478-7vfqh/historyserver,1682092032,1786384384,2342567936,223593795
1785977967832297584,historyserver-demo-7f67bfd478-7vfqh/historyserver,1697714176,1802215424,2342567936,224125045
1785977968884197876,historyserver-demo-7f67bfd478-7vfqh/historyserver,1714171904,1818464256,2342567936,224644800
1785977969924291668,historyserver-demo-7f67bfd478-7vfqh/historyserver,1730441216,1834774528,2342567936,225155523
1785977970963210835,historyserver-demo-7f67bfd478-7vfqh/historyserver,1747144704,1851437056,2342567936,225680706
1785977972002265628,historyserver-demo-7f67bfd478-7vfqh/historyserver,1763717120,1868013568,2342567936,226194840
1785977973041300920,historyserver-demo-7f67bfd478-7vfqh/historyserver,1780715520,1885167616,2342567936,226721816
1785977974079216295,historyserver-demo-7f67bfd478-7vfqh/historyserver,1798467584,1902800896,2342567936,227246707
1785977975119205671,historyserver-demo-7f67bfd478-7vfqh/historyserver,1817358336,1921855488,2342567936,227750398
1785977976157165296,historyserver-demo-7f67bfd478-7vfqh/historyserver,1837625344,1941917696,2342567936,228281650
1785977977197441880,historyserver-demo-7f67bfd478-7vfqh/historyserver,1857716224,1962012672,2342567936,228796376
1785977978235308172,historyserver-demo-7f67bfd478-7vfqh/historyserver,1878728704,1983037440,2342567936,229317330
1785977979274344673,historyserver-demo-7f67bfd478-7vfqh/historyserver,1899569152,2004017152,2342567936,229840399
1785977980313421007,historyserver-demo-7f67bfd478-7vfqh/historyserver,1848217600,1952509952,2342567936,230349324
1785977981353060882,historyserver-demo-7f67bfd478-7vfqh/historyserver,1823150080,1927446528,2342567936,230882608
1785977982393259633,historyserver-demo-7f67bfd478-7vfqh/historyserver,1813995520,1918287872,2342567936,231398610
1785977983432264466,historyserver-demo-7f67bfd478-7vfqh/historyserver,1697513472,1810194432,2342567936,231928728
1785977984471741092,historyserver-demo-7f67bfd478-7vfqh/historyserver,1638879232,1743187968,2342567936,232448656
1785977985527484426,historyserver-demo-7f67bfd478-7vfqh/historyserver,1639014400,1743568896,2342567936,232973427
1785977986567282385,historyserver-demo-7f67bfd478-7vfqh/historyserver,1639129088,1743421440,2342567936,233483714
1785977987605649135,historyserver-demo-7f67bfd478-7vfqh/historyserver,1639165952,1743458304,2342567936,233995399
1785977988647135427,historyserver-demo-7f67bfd478-7vfqh/historyserver,1639165952,1743462400,2342567936,234530869
1785977989691295803,historyserver-demo-7f67bfd478-7vfqh/historyserver,1639165952,1743458304,2342567936,234536442
1785977990754726428,historyserver-demo-7f67bfd478-7vfqh/historyserver,1639165952,1743458304,2342567936,234536442
1785977991827670012,historyserver-demo-7f67bfd478-7vfqh/historyserver,1639165952,1743458304,2342567936,234536442
1785977992897563929,historyserver-demo-7f67bfd478-7vfqh/historyserver,1639165952,1743458304,2342567936,234536442
1785977993981047513,historyserver-demo-7f67bfd478-7vfqh/historyserver,1639165952,1743458304,2342567936,234536442
1785977995073288722,historyserver-demo-7f67bfd478-7vfqh/historyserver,1639165952,1743458304,2342567936,234536442
1785977996164874458,historyserver-demo-7f67bfd478-7vfqh/historyserver,1601122304,1705414656,2342567936,234542714
1785977997237573292,historyserver-demo-7f67bfd478-7vfqh/historyserver,1714888704,1820917760,2342567936,234743214
1785977998300390834,historyserver-demo-7f67bfd478-7vfqh/historyserver,1986060288,2090463232,2342567936,235294211
1785977999376757043,historyserver-demo-7f67bfd478-7vfqh/historyserver,1934516224,2038923264,2342567936,235822567
1785978000437369002,historyserver-demo-7f67bfd478-7vfqh/historyserver,1927577600,2031980544,2342567936,236343465
1785978001490985336,historyserver-demo-7f67bfd478-7vfqh/historyserver,1927577600,2031980544,2342567936,236878641
1785978002546146211,historyserver-demo-7f67bfd478-7vfqh/historyserver,1927577600,2031980544,2342567936,237395818
1785978003594124503,historyserver-demo-7f67bfd478-7vfqh/historyserver,1927577600,2031988736,2342567936,237927729
1785978004643146212,historyserver-demo-7f67bfd478-7vfqh/historyserver,1806024704,1910427648,2342567936,238445550
1785978005687124629,historyserver-demo-7f67bfd478-7vfqh/historyserver,1261490176,1357553664,2342567936,238965680
1785978006730094005,historyserver-demo-7f67bfd478-7vfqh/historyserver,1242099712,1331912704,2342567936,239494790
1785978007795151630,historyserver-demo-7f67bfd478-7vfqh/historyserver,1064800256,1115119616,2342567936,240022244
1785978008838132381,historyserver-demo-7f67bfd478-7vfqh/historyserver,1028616192,1078935552,2342567936,240543037
1785978009882159631,historyserver-demo-7f67bfd478-7vfqh/historyserver,1023651840,1073975296,2342567936,241057830
1785978010924095465,historyserver-demo-7f67bfd478-7vfqh/historyserver,1023651840,1073971200,2342567936,241588740
1785978011966100341,historyserver-demo-7f67bfd478-7vfqh/historyserver,1023651840,1073975296,2342567936,242092753
1785978013007077175,historyserver-demo-7f67bfd478-7vfqh/historyserver,1023651840,1073975296,2342567936,242630177
1785978014051191383,historyserver-demo-7f67bfd478-7vfqh/historyserver,1036124160,1086443520,2342567936,243144785
1785978015094111509,historyserver-demo-7f67bfd478-7vfqh/historyserver,1045139456,1095458816,2342567936,243680270
1785978016136217301,historyserver-demo-7f67bfd478-7vfqh/historyserver,1052405760,1102725120,2342567936,244191934
1785978017179108510,historyserver-demo-7f67bfd478-7vfqh/historyserver,1055129600,1105678336,2342567936,244703382
1785978018221174177,historyserver-demo-7f67bfd478-7vfqh/historyserver,1073143808,1123557376,2342567936,245233837
1785978019263139594,historyserver-demo-7f67bfd478-7vfqh/historyserver,1100128256,1150447616,2342567936,245744816
1785978020308091678,historyserver-demo-7f67bfd478-7vfqh/historyserver,1133527040,1183850496,2342567936,246276823
1785978021348105720,historyserver-demo-7f67bfd478-7vfqh/historyserver,1166749696,1217069056,2342567936,246794063
1785978022390118262,historyserver-demo-7f67bfd478-7vfqh/historyserver,1200742400,1251278848,2342567936,247318195
1785978023434143596,historyserver-demo-7f67bfd478-7vfqh/historyserver,1234145280,1284554752,2342567936,247845168
1785978024478550055,historyserver-demo-7f67bfd478-7vfqh/historyserver,1266442240,1317404672,2342567936,248358832
1785978025529141666,historyserver-demo-7f67bfd478-7vfqh/historyserver,1299427328,1350078464,2342567936,248891765
1785978026571211375,historyserver-demo-7f67bfd478-7vfqh/historyserver,1330647040,1380966400,2342567936,249391643
1785978027613176042,historyserver-demo-7f67bfd478-7vfqh/historyserver,1360596992,1410912256,2342567936,249927666
1785978028655079334,historyserver-demo-7f67bfd478-7vfqh/historyserver,1386426368,1436741632,2342567936,250443193
1785978029695140668,historyserver-demo-7f67bfd478-7vfqh/historyserver,1411268608,1461821440,2342567936,250981395
1785978030735157585,historyserver-demo-7f67bfd478-7vfqh/historyserver,1418477568,1468874752,2342567936,251496168
1785978031776215836,historyserver-demo-7f67bfd478-7vfqh/historyserver,1424826368,1475604480,2342567936,252018685
1785978032824228711,historyserver-demo-7f67bfd478-7vfqh/historyserver,1431633920,1482211328,2342567936,252544736
1785978033868172045,historyserver-demo-7f67bfd478-7vfqh/historyserver,1438191616,1488506880,2342567936,253047113
1785978034911324212,historyserver-demo-7f67bfd478-7vfqh/historyserver,1444814848,1495130112,2342567936,253579878
1785978035957138588,historyserver-demo-7f67bfd478-7vfqh/historyserver,1448177664,1498492928,2342567936,254094820
1785978036999231505,historyserver-demo-7f67bfd478-7vfqh/historyserver,1448185856,1498509312,2342567936,254620535
1785978038039140339,historyserver-demo-7f67bfd478-7vfqh/historyserver,1449238528,1499557888,2342567936,255143867
1785978039080212089,historyserver-demo-7f67bfd478-7vfqh/historyserver,1449250816,1499566080,2342567936,255650944
1785978040121151131,historyserver-demo-7f67bfd478-7vfqh/historyserver,1459613696,1509928960,2342567936,256177829
1785978041159185299,historyserver-demo-7f67bfd478-7vfqh/historyserver,1481703424,1532018688,2342567936,256692498
1785978042198235591,historyserver-demo-7f67bfd478-7vfqh/historyserver,1506242560,1556652032,2342567936,257217168
1785978043236129675,historyserver-demo-7f67bfd478-7vfqh/historyserver,1531961344,1583063040,2342567936,257742036
1785978044275170883,historyserver-demo-7f67bfd478-7vfqh/historyserver,1556594688,1606909952,2342567936,258242941
1785978045312228342,historyserver-demo-7f67bfd478-7vfqh/historyserver,1582129152,1632448512,2342567936,258779462
1785978046350386509,historyserver-demo-7f67bfd478-7vfqh/historyserver,1605632000,1656496128,2342567936,259292235
1785978047389488385,historyserver-demo-7f67bfd478-7vfqh/historyserver,1630162944,1681268736,2342567936,259808674
1785978048427584510,historyserver-demo-7f67bfd478-7vfqh/historyserver,1655115776,1706229760,2342567936,260334939
1785978049465664261,historyserver-demo-7f67bfd478-7vfqh/historyserver,1679462400,1730396160,2342567936,260845043
1785978050502690136,historyserver-demo-7f67bfd478-7vfqh/historyserver,1704390656,1754787840,2342567936,261372234
1785978051541411554,historyserver-demo-7f67bfd478-7vfqh/historyserver,1729048576,1779363840,2342567936,261895281
1785978052580791054,historyserver-demo-7f67bfd478-7vfqh/historyserver,1753247744,1803591680,2342567936,262399927
1785978053618681221,historyserver-demo-7f67bfd478-7vfqh/historyserver,1779535872,1829855232,2342567936,262930141
1785978054657240097,historyserver-demo-7f67bfd478-7vfqh/historyserver,1805119488,1855434752,2342567936,263443798
1785978055695984250,historyserver-demo-7f67bfd478-7vfqh/historyserver,1831256064,1881743360,2342567936,263966165
1785978056734034083,historyserver-demo-7f67bfd478-7vfqh/historyserver,1856442368,1907240960,2342567936,264492349
1785978057775057251,historyserver-demo-7f67bfd478-7vfqh/historyserver,1879982080,1930297344,2342567936,264993070
1785978058813115459,historyserver-demo-7f67bfd478-7vfqh/historyserver,1893601280,1943916544,2342567936,265529591
1785978059851952793,historyserver-demo-7f67bfd478-7vfqh/historyserver,1899048960,1949364224,2342567936,266045281
1785978060889850419,historyserver-demo-7f67bfd478-7vfqh/historyserver,1904873472,1955311616,2342567936,266574887
1785978061928072544,historyserver-demo-7f67bfd478-7vfqh/historyserver,1910636544,1960951808,2342567936,267089555
1785978062967083378,historyserver-demo-7f67bfd478-7vfqh/historyserver,1910763520,1961078784,2342567936,267597226
1785978064007472837,historyserver-demo-7f67bfd478-7vfqh/historyserver,1910894592,1961209856,2342567936,268130877
1785978065053571546,historyserver-demo-7f67bfd478-7vfqh/historyserver,1911025664,1961340928,2342567936,268645922
1785978066104105463,historyserver-demo-7f67bfd478-7vfqh/historyserver,1911074816,1961394176,2342567936,269180288
1785978067158087880,historyserver-demo-7f67bfd478-7vfqh/historyserver,1774272512,1826127872,2342567936,269691976
1785978068208138131,historyserver-demo-7f67bfd478-7vfqh/historyserver,1774272512,1826123776,2342567936,270228827
1785978069259954964,historyserver-demo-7f67bfd478-7vfqh/historyserver,1774292992,1826144256,2342567936,270742769
1785978070309954715,historyserver-demo-7f67bfd478-7vfqh/historyserver,1802469376,1854324736,2342567936,271278259
1785978071355045757,historyserver-demo-7f67bfd478-7vfqh/historyserver,1802629120,1854480384,2342567936,271791452
1785978072401027341,historyserver-demo-7f67bfd478-7vfqh/historyserver,1802838016,1854689280,2342567936,272328079
1785978073453952091,historyserver-demo-7f67bfd478-7vfqh/historyserver,1803505664,1855356928,2342567936,272841379
1785978074498982050,historyserver-demo-7f67bfd478-7vfqh/historyserver,1803948032,1856020480,2342567936,273370313
1785978075539942842,historyserver-demo-7f67bfd478-7vfqh/historyserver,1803988992,1855840256,2342567936,273894112
1785978076581997801,historyserver-demo-7f67bfd478-7vfqh/historyserver,1803988992,1855840256,2342567936,274408053
1785978077626934718,historyserver-demo-7f67bfd478-7vfqh/historyserver,1803988992,1855840256,2342567936,274935430
1785978078668916219,historyserver-demo-7f67bfd478-7vfqh/historyserver,1803988992,1855840256,2342567936,275443787
1785978079712932386,historyserver-demo-7f67bfd478-7vfqh/historyserver,1803988992,1855840256,2342567936,275978339
1785978080757898553,historyserver-demo-7f67bfd478-7vfqh/historyserver,1804009472,1855860736,2342567936,276493863
1785978081801874804,historyserver-demo-7f67bfd478-7vfqh/historyserver,1804025856,1855885312,2342567936,277028135
1785978082847863263,historyserver-demo-7f67bfd478-7vfqh/historyserver,1773608960,1829535744,2342567936,277544106
1785978083896024721,historyserver-demo-7f67bfd478-7vfqh/historyserver,1773608960,1831743488,2342567936,278081676
1785978084939950930,historyserver-demo-7f67bfd478-7vfqh/historyserver,1773649920,1825501184,2342567936,278595702
1785978085982279000,historyserver-demo-7f67bfd478-7vfqh/historyserver,1759002624,1810853888,2342567936,279115370
1785978087023474917,historyserver-demo-7f67bfd478-7vfqh/historyserver,1973207040,2025013248,2342567936,279636005
1785978088066252001,historyserver-demo-7f67bfd478-7vfqh/historyserver,1973207040,2025054208,2342567936,280143231
1785978089108289460,historyserver-demo-7f67bfd478-7vfqh/historyserver,1973207040,2025054208,2342567936,280677857
1785978090148397377,historyserver-demo-7f67bfd478-7vfqh/historyserver,1973207040,2025058304,2342567936,281195134
1785978091190242836,historyserver-demo-7f67bfd478-7vfqh/historyserver,1973207040,2025058304,2342567936,281711609
1785978092231307419,historyserver-demo-7f67bfd478-7vfqh/historyserver,1973207040,2025054208,2342567936,282239053
1785978093275677920,historyserver-demo-7f67bfd478-7vfqh/historyserver,1973207040,2025054208,2342567936,282752973
1785978094323352129,historyserver-demo-7f67bfd478-7vfqh/historyserver,1973207040,2025054208,2342567936,283277482
1785978095364255879,historyserver-demo-7f67bfd478-7vfqh/historyserver,1973207040,2025054208,2342567936,283794322
1785978096404288130,historyserver-demo-7f67bfd478-7vfqh/historyserver,1973207040,2025054208,2342567936,284326534
1785978097456345672,historyserver-demo-7f67bfd478-7vfqh/historyserver,1973207040,2025058304,2342567936,284845272
1785978098496247714,historyserver-demo-7f67bfd478-7vfqh/historyserver,1973207040,2025058304,2342567936,285365649
1785978099535314256,historyserver-demo-7f67bfd478-7vfqh/historyserver,1973207040,2025054208,2342567936,285892255
1785978100575182673,historyserver-demo-7f67bfd478-7vfqh/historyserver,1973207040,2025054208,2342567936,286397874
1785978101616306549,historyserver-demo-7f67bfd478-7vfqh/historyserver,1973223424,2025070592,2342567936,286930783
1785978102656321466,historyserver-demo-7f67bfd478-7vfqh/historyserver,1973223424,2025070592,2342567936,287446069
1785978103696295050,historyserver-demo-7f67bfd478-7vfqh/historyserver,1973223424,2025070592,2342567936,287977473
1785978104738302592,historyserver-demo-7f67bfd478-7vfqh/historyserver,1973223424,2025070592,2342567936,288495258
1785978105777710051,historyserver-demo-7f67bfd478-7vfqh/historyserver,1973223424,2025070592,2342567936,289004836
1785978106817598301,historyserver-demo-7f67bfd478-7vfqh/historyserver,1796231168,1848078336,2342567936,289527042
1785978107859901177,historyserver-demo-7f67bfd478-7vfqh/historyserver,1776111616,1827958784,2342567936,290043675
1785978108901278594,historyserver-demo-7f67bfd478-7vfqh/historyserver,1731153920,1783005184,2342567936,290574470
1785978109943402803,historyserver-demo-7f67bfd478-7vfqh/historyserver,1656770560,1708617728,2342567936,291091968
1785978110983535012,historyserver-demo-7f67bfd478-7vfqh/historyserver,1651855360,1703706624,2342567936,291603146
1785978112024497012,historyserver-demo-7f67bfd478-7vfqh/historyserver,1605783552,1657630720,2342567936,292127431
1785978113066808304,historyserver-demo-7f67bfd478-7vfqh/historyserver,1602768896,1654616064,2342567936,292643764
1785978114106764388,historyserver-demo-7f67bfd478-7vfqh/historyserver,1604349952,1656201216,2342567936,293174060
1785978115147346264,historyserver-demo-7f67bfd478-7vfqh/historyserver,1604370432,1656217600,2342567936,293692059
1785978116188013750,historyserver-demo-7f67bfd478-7vfqh/historyserver,1604370432,1656213504,2342567936,294209583
1785978117229611875,historyserver-demo-7f67bfd478-7vfqh/historyserver,1604370432,1656213504,2342567936,294731362
1785978118268857043,historyserver-demo-7f67bfd478-7vfqh/historyserver,1604370432,1656213504,2342567936,295246306
1785978119308777793,historyserver-demo-7f67bfd478-7vfqh/historyserver,1604370432,1656213504,2342567936,295775363
1785978120359744627,historyserver-demo-7f67bfd478-7vfqh/historyserver,1604370432,1656217600,2342567936,296295049
1785978121399754086,historyserver-demo-7f67bfd478-7vfqh/historyserver,1604370432,1656221696,2342567936,296822615
1785978122440709086,historyserver-demo-7f67bfd478-7vfqh/historyserver,1604370432,1656217600,2342567936,297342272
1785978123481692670,historyserver-demo-7f67bfd478-7vfqh/historyserver,1564516352,1616359424,2342567936,297859864
1785978124521774254,historyserver-demo-7f67bfd478-7vfqh/historyserver,1568579584,1620422656,2342567936,298378357
1785978125565901046,historyserver-demo-7f67bfd478-7vfqh/historyserver,1573765120,1625608192,2342567936,298896610
1785978126606765296,historyserver-demo-7f67bfd478-7vfqh/historyserver,1578147840,1629990912,2342567936,299424586
1785978127648831047,historyserver-demo-7f67bfd478-7vfqh/historyserver,1582407680,1634250752,2342567936,299944153
1785978128693353964,historyserver-demo-7f67bfd478-7vfqh/historyserver,1586634752,1638481920,2342567936,300474153
1785978129738993131,historyserver-demo-7f67bfd478-7vfqh/historyserver,1591750656,1643593728,2342567936,300993425
1785978130780557507,historyserver-demo-7f67bfd478-7vfqh/historyserver,1594314752,1646157824,2342567936,301522362
1785978131851719632,historyserver-demo-7f67bfd478-7vfqh/historyserver,1594314752,1646157824,2342567936,302043452
1785978132890904133,historyserver-demo-7f67bfd478-7vfqh/historyserver,1594314752,1646157824,2342567936,302562051
1785978133931064925,historyserver-demo-7f67bfd478-7vfqh/historyserver,1594314752,1646157824,2342567936,303082334
1785978134971759675,historyserver-demo-7f67bfd478-7vfqh/historyserver,1594314752,1646157824,2342567936,303595431
1785978136011790009,historyserver-demo-7f67bfd478-7vfqh/historyserver,1594314752,1646157824,2342567936,304125520
1785978137054949176,historyserver-demo-7f67bfd478-7vfqh/historyserver,1594314752,1646161920,2342567936,304643990
1785978138096902219,historyserver-demo-7f67bfd478-7vfqh/historyserver,1594314752,1646170112,2342567936,305168002
1785978139138611427,historyserver-demo-7f67bfd478-7vfqh/historyserver,1594314752,1646161920,2342567936,305689133
1785978140179516803,historyserver-demo-7f67bfd478-7vfqh/historyserver,1594314752,1646161920,2342567936,306202181
1785978141222661887,historyserver-demo-7f67bfd478-7vfqh/historyserver,1594314752,1646161920,2342567936,306722252
1785978142262735387,historyserver-demo-7f67bfd478-7vfqh/historyserver,1611706368,1663561728,2342567936,307244545
1785978143301236471,historyserver-demo-7f67bfd478-7vfqh/historyserver,1633169408,1685041152,2342567936,307773169
1785978144342761638,historyserver-demo-7f67bfd478-7vfqh/historyserver,1654198272,1706049536,2342567936,308294003
1785978145385804305,historyserver-demo-7f67bfd478-7vfqh/historyserver,1674547200,1726488576,2342567936,308806224
1785978146427032458,historyserver-demo-7f67bfd478-7vfqh/historyserver,1694945280,1747324928,2342567936,309328498
1785978147468175667,historyserver-demo-7f67bfd478-7vfqh/historyserver,1709002752,1760854016,2342567936,309655239
1785978148523152793,historyserver-demo-7f67bfd478-7vfqh/historyserver,1709002752,1760854016,2342567936,309655239
1785978149578547751,historyserver-demo-7f67bfd478-7vfqh/historyserver,1709002752,1760854016,2342567936,309655239
1785978150618583877,historyserver-demo-7f67bfd478-7vfqh/historyserver,1709002752,1760854016,2342567936,309655239
1785978151659049502,historyserver-demo-7f67bfd478-7vfqh/historyserver,1709002752,1760854016,2342567936,309655239
1785978152719970295,historyserver-demo-7f67bfd478-7vfqh/historyserver,1709002752,1760854016,2342567936,309655239
1785978153783058837,historyserver-demo-7f67bfd478-7vfqh/historyserver,1709002752,1760854016,2342567936,309655239
1785978154838643879,historyserver-demo-7f67bfd478-7vfqh/historyserver,1709002752,1760854016,2342567936,309655239
1785978155902605879,historyserver-demo-7f67bfd478-7vfqh/historyserver,1709002752,1760854016,2342567936,309655239
1785978156959706797,historyserver-demo-7f67bfd478-7vfqh/historyserver,1709002752,1760854016,2342567936,309655239
1785978158014730005,historyserver-demo-7f67bfd478-7vfqh/historyserver,1799790592,1851645952,2342567936,310144454
1785978159067605381,historyserver-demo-7f67bfd478-7vfqh/historyserver,1285656576,1337556992,2342567936,310653921
1785978160111020340,historyserver-demo-7f67bfd478-7vfqh/historyserver,1252192256,1304096768,2342567936,311188127
1785978161151029757,historyserver-demo-7f67bfd478-7vfqh/historyserver,1239642112,1291546624,2342567936,311705130
1785978162192014841,historyserver-demo-7f67bfd478-7vfqh/historyserver,824635392,876539904,2342567936,312222255
1785978163232985675,historyserver-demo-7f67bfd478-7vfqh/historyserver,824635392,876544000,2342567936,312757590
1785978164274161842,historyserver-demo-7f67bfd478-7vfqh/historyserver,778514432,830414848,2342567936,313263160
1785978165319073926,historyserver-demo-7f67bfd478-7vfqh/historyserver,778514432,830414848,2342567936,313789058
1785978166359996301,historyserver-demo-7f67bfd478-7vfqh/historyserver,778514432,830414848,2342567936,314306955
1785978167399242468,historyserver-demo-7f67bfd478-7vfqh/historyserver,778514432,830414848,2342567936,314829285
1785978168440158260,historyserver-demo-7f67bfd478-7vfqh/historyserver,778514432,830418944,2342567936,315354822
1785978169482110261,historyserver-demo-7f67bfd478-7vfqh/historyserver,778514432,830414848,2342567936,315864461
1785978170523831595,historyserver-demo-7f67bfd478-7vfqh/historyserver,784670720,836571136,2342567936,316408399
1785978171576353595,historyserver-demo-7f67bfd478-7vfqh/historyserver,784687104,836587520,2342567936,316920793
1785978172621633054,historyserver-demo-7f67bfd478-7vfqh/historyserver,784711680,836624384,2342567936,317440306
1785978173664124388,historyserver-demo-7f67bfd478-7vfqh/historyserver,784769024,836685824,2342567936,317954111
1785978174704534180,historyserver-demo-7f67bfd478-7vfqh/historyserver,784797696,836702208,2342567936,318486037
1785978175746600041,historyserver-demo-7f67bfd478-7vfqh/historyserver,812072960,863977472,2342567936,319007632
1785978176790006542,historyserver-demo-7f67bfd478-7vfqh/historyserver,845672448,897712128,2342567936,319521960
1785978177830140001,historyserver-demo-7f67bfd478-7vfqh/historyserver,881270784,933240832,2342567936,320048421
1785978178872166584,historyserver-demo-7f67bfd478-7vfqh/historyserver,915136512,967036928,2342567936,320555940
1785978179913227793,historyserver-demo-7f67bfd478-7vfqh/historyserver,949858304,1001758720,2342567936,321088393
1785978180957279585,historyserver-demo-7f67bfd478-7vfqh/historyserver,983887872,1035788288,2342567936,321604825
1785978182003478544,historyserver-demo-7f67bfd478-7vfqh/historyserver,997515264,1049415680,2342567936,322135417
1785978183055626211,historyserver-demo-7f67bfd478-7vfqh/historyserver,1004687360,1056587776,2342567936,322654690
1785978184112326837,historyserver-demo-7f67bfd478-7vfqh/historyserver,1011032064,1063784448,2342567936,323196602
1785978185168739754,historyserver-demo-7f67bfd478-7vfqh/historyserver,1017667584,1069826048,2342567936,323725760
1785978186224191005,historyserver-demo-7f67bfd478-7vfqh/historyserver,1017819136,1069727744,2342567936,324239932
1785978187266176588,historyserver-demo-7f67bfd478-7vfqh/historyserver,1034018816,1086058496,2342567936,324761334
1785978188319444631,historyserver-demo-7f67bfd478-7vfqh/historyserver,1055825920,1107922944,2342567936,325291032
1785978189365224089,historyserver-demo-7f67bfd478-7vfqh/historyserver,1085521920,1137418240,2342567936,325805973
1785978190408208507,historyserver-demo-7f67bfd478-7vfqh/historyserver,1112649728,1164546048,2342567936,326338087
1785978191453273632,historyserver-demo-7f67bfd478-7vfqh/historyserver,1138282496,1190182912,2342567936,326856323
1785978192498242799,historyserver-demo-7f67bfd478-7vfqh/historyserver,1165135872,1217191936,2342567936,327380584
1785978193540247925,historyserver-demo-7f67bfd478-7vfqh/historyserver,1191448576,1243348992,2342567936,327905368
1785978194585349467,historyserver-demo-7f67bfd478-7vfqh/historyserver,1218027520,1270136832,2342567936,328419653
1785978195628301551,historyserver-demo-7f67bfd478-7vfqh/historyserver,1244921856,1296875520,2342567936,328945797
1785978196672806718,historyserver-demo-7f67bfd478-7vfqh/historyserver,1269796864,1321734144,2342567936,329459593
1785978197719305093,historyserver-demo-7f67bfd478-7vfqh/historyserver,1296412672,1348308992,2342567936,329992098
1785978198764243511,historyserver-demo-7f67bfd478-7vfqh/historyserver,1322479616,1374375936,2342567936,330505835
1785978199808336011,historyserver-demo-7f67bfd478-7vfqh/historyserver,1349242880,1401143296,2342567936,331038686
1785978200854297012,historyserver-demo-7f67bfd478-7vfqh/historyserver,1375739904,1427636224,2342567936,331556182
1785978201898268512,historyserver-demo-7f67bfd478-7vfqh/historyserver,1401663488,1453592576,2342567936,332087530
1785978202943289388,historyserver-demo-7f67bfd478-7vfqh/historyserver,1418817536,1470713856,2342567936,332605599
1785978203990425221,historyserver-demo-7f67bfd478-7vfqh/historyserver,1425399808,1477296128,2342567936,333139784
1785978205041235514,historyserver-demo-7f67bfd478-7vfqh/historyserver,1431662592,1483558912,2342567936,333655343
1785978206100468833,historyserver-demo-7f67bfd478-7vfqh/historyserver,1438138368,1490034688,2342567936,334188182
1785978207156428834,historyserver-demo-7f67bfd478-7vfqh/historyserver,1444950016,1496846336,2342567936,334708138
1785978208206788876,historyserver-demo-7f67bfd478-7vfqh/historyserver,1451204608,1503100928,2342567936,335239058
1785978209258801293,historyserver-demo-7f67bfd478-7vfqh/historyserver,1456812032,1508708352,2342567936,335758241
1785978210309435752,historyserver-demo-7f67bfd478-7vfqh/historyserver,1457885184,1509781504,2342567936,336290444
1785978211356451961,historyserver-demo-7f67bfd478-7vfqh/historyserver,1457889280,1509785600,2342567936,336805687
1785978212403398586,historyserver-demo-7f67bfd478-7vfqh/historyserver,1457913856,1509810176,2342567936,337338221
1785978213448496045,historyserver-demo-7f67bfd478-7vfqh/historyserver,1457954816,1509851136,2342567936,337855516
1785978214492816420,historyserver-demo-7f67bfd478-7vfqh/historyserver,1458003968,1509904384,2342567936,338387893
1785978215551585838,historyserver-demo-7f67bfd478-7vfqh/historyserver,1458028544,1509924864,2342567936,338904188
1785978216595458713,historyserver-demo-7f67bfd478-7vfqh/historyserver,1458098176,1510256640,2342567936,339431176
1785978217640478380,historyserver-demo-7f67bfd478-7vfqh/historyserver,1460076544,1512235008,2342567936,339954054
1785978218685479631,historyserver-demo-7f67bfd478-7vfqh/historyserver,1461882880,1514041344,2342567936,340471388
1785978219730401423,historyserver-demo-7f67bfd478-7vfqh/historyserver,1462333440,1514229760,2342567936,340996583
1785978220772474173,historyserver-demo-7f67bfd478-7vfqh/historyserver,1462333440,1514229760,2342567936,341506541
1785978221815411132,historyserver-demo-7f67bfd478-7vfqh/historyserver,1462333440,1514229760,2342567936,342037475
1785978222857357758,historyserver-demo-7f67bfd478-7vfqh/historyserver,1470595072,1522491392,2342567936,342554923
1785978223900389425,historyserver-demo-7f67bfd478-7vfqh/historyserver,1494687744,1546768384,2342567936,343083194
1785978224942477175,historyserver-demo-7f67bfd478-7vfqh/historyserver,1519476736,1571377152,2342567936,343606097
1785978225983808134,historyserver-demo-7f67bfd478-7vfqh/historyserver,1543806976,1595899904,2342567936,344115396
1785978227024879843,historyserver-demo-7f67bfd478-7vfqh/historyserver,1654775808,1706680320,2342567936,344643516
1785978228067483927,historyserver-demo-7f67bfd478-7vfqh/historyserver,1654861824,1706766336,2342567936,345154248
1785978229108391886,historyserver-demo-7f67bfd478-7vfqh/historyserver,1641279488,1693184000,2342567936,345688990
1785978230150360928,historyserver-demo-7f67bfd478-7vfqh/historyserver,1376874496,1428774912,2342567936,346204411
1785978231190399095,historyserver-demo-7f67bfd478-7vfqh/historyserver,1376874496,1428779008,2342567936,346721552
1785978232231436679,historyserver-demo-7f67bfd478-7vfqh/historyserver,1376874496,1428779008,2342567936,347258243
1785978233271416471,historyserver-demo-7f67bfd478-7vfqh/historyserver,1376874496,1428774912,2342567936,347755080
1785978234311547180,historyserver-demo-7f67bfd478-7vfqh/historyserver,1332310016,1384210432,2342567936,348285092
1785978235352713139,historyserver-demo-7f67bfd478-7vfqh/historyserver,1323069440,1374969856,2342567936,348806073
1785978236393901625,historyserver-demo-7f67bfd478-7vfqh/historyserver,1314222080,1366130688,2342567936,349324301
1785978237433881500,historyserver-demo-7f67bfd478-7vfqh/historyserver,1211215872,1263116288,2342567936,349848654
1785978238475126793,historyserver-demo-7f67bfd478-7vfqh/historyserver,1207021568,1258921984,2342567936,350357248
1785978239517165293,historyserver-demo-7f67bfd478-7vfqh/historyserver,1134342144,1186242560,2342567936,350888351
1785978240558542669,historyserver-demo-7f67bfd478-7vfqh/historyserver,1126871040,1178775552,2342567936,351405530
1785978241601018169,historyserver-demo-7f67bfd478-7vfqh/historyserver,921612288,973512704,2342567936,351937636
1785978242642972461,historyserver-demo-7f67bfd478-7vfqh/historyserver,921612288,973512704,2342567936,352454670
1785978243685172003,historyserver-demo-7f67bfd478-7vfqh/historyserver,921612288,973516800,2342567936,352979942
1785978244728242087,historyserver-demo-7f67bfd478-7vfqh/historyserver,921612288,973516800,2342567936,353499139
1785978245770478004,historyserver-demo-7f67bfd478-7vfqh/historyserver,950124544,1005645824,2342567936,354004703
1785978246812932172,historyserver-demo-7f67bfd478-7vfqh/historyserver,967380992,1015103488,2342567936,354538831
1785978247856256297,historyserver-demo-7f67bfd478-7vfqh/historyserver,1090551808,1138270208,2342567936,355055256
1785978248898777881,historyserver-demo-7f67bfd478-7vfqh/historyserver,994115584,1036537856,2342567936,355590801
1785978249945727881,historyserver-demo-7f67bfd478-7vfqh/historyserver,994115584,1036533760,2342567936,356106604
1785978250989303507,historyserver-demo-7f67bfd478-7vfqh/historyserver,994115584,1036533760,2342567936,356622001
1785978252031075299,historyserver-demo-7f67bfd478-7vfqh/historyserver,994115584,1036533760,2342567936,357146756
1785978253072987841,historyserver-demo-7f67bfd478-7vfqh/historyserver,994115584,1036533760,2342567936,357654769
1785978254115157133,historyserver-demo-7f67bfd478-7vfqh/historyserver,1013915648,1056337920,2342567936,358188094
1785978255155216301,historyserver-demo-7f67bfd478-7vfqh/historyserver,1036787712,1079205888,2342567936,358706415
1785978256197062759,historyserver-demo-7f67bfd478-7vfqh/historyserver,1060302848,1102700544,2342567936,359230799
1785978257238953177,historyserver-demo-7f67bfd478-7vfqh/historyserver,1085526016,1128046592,2342567936,359753051
1785978258280011719,historyserver-demo-7f67bfd478-7vfqh/historyserver,1097854976,1140273152,2342567936,360262612
1785978259321008344,historyserver-demo-7f67bfd478-7vfqh/historyserver,1120747520,1163165696,2342567936,360786162
1785978260363361178,historyserver-demo-7f67bfd478-7vfqh/historyserver,1145958400,1188376576,2342567936,361307114
1785978261406422887,historyserver-demo-7f67bfd478-7vfqh/historyserver,1152004096,1194422272,2342567936,361841103
1785978262457144554,historyserver-demo-7f67bfd478-7vfqh/historyserver,1158430720,1200848896,2342567936,362357120
1785978263500511513,historyserver-demo-7f67bfd478-7vfqh/historyserver,1165352960,1207771136,2342567936,362888977
1785978264546000263,historyserver-demo-7f67bfd478-7vfqh/historyserver,1171996672,1214697472,2342567936,363408455
1785978265588357458,historyserver-demo-7f67bfd478-7vfqh/historyserver,1172328448,1214758912,2342567936,363918805
1785978266630550167,historyserver-demo-7f67bfd478-7vfqh/historyserver,1173360640,1215795200,2342567936,364446803
1785978267673356042,historyserver-demo-7f67bfd478-7vfqh/historyserver,1185513472,1227931648,2342567936,364955865
1785978268715844668,historyserver-demo-7f67bfd478-7vfqh/historyserver,1210748928,1253167104,2342567936,365487855
1785978269759363085,historyserver-demo-7f67bfd478-7vfqh/historyserver,1240141824,1283166208,2342567936,366005080
1785978270801485877,historyserver-demo-7f67bfd478-7vfqh/historyserver,1270976512,1313554432,2342567936,366531343
1785978271844297669,historyserver-demo-7f67bfd478-7vfqh/historyserver,1301274624,1343696896,2342567936,367054311
1785978272889391503,historyserver-demo-7f67bfd478-7vfqh/historyserver,1331392512,1374023680,2342567936,367573519
1785978273932336337,historyserver-demo-7f67bfd478-7vfqh/historyserver,1362255872,1404694528,2342567936,368099237
1785978274974280837,historyserver-demo-7f67bfd478-7vfqh/historyserver,1388523520,1431126016,2342567936,368607961
1785978276018291838,historyserver-demo-7f67bfd478-7vfqh/historyserver,1407119360,1449537536,2342567936,369137940
1785978277058243963,historyserver-demo-7f67bfd478-7vfqh/historyserver,1425559552,1467977728,2342567936,369656335
1785978278100442047,historyserver-demo-7f67bfd478-7vfqh/historyserver,1444212736,1486614528,2342567936,370182365
1785978279141245048,historyserver-demo-7f67bfd478-7vfqh/historyserver,1449562112,1491976192,2342567936,370707375
1785978280181312507,historyserver-demo-7f67bfd478-7vfqh/historyserver,1453666304,1496252416,2342567936,371217176
1785978281220727465,historyserver-demo-7f67bfd478-7vfqh/historyserver,1458204672,1500618752,2342567936,371740379
1785978282261293508,historyserver-demo-7f67bfd478-7vfqh/historyserver,1462333440,1504747520,2342567936,372257732
1785978283301219925,historyserver-demo-7f67bfd478-7vfqh/historyserver,1466593280,1509130240,2342567936,372789524
1785978284340334050,historyserver-demo-7f67bfd478-7vfqh/historyserver,1469779968,1512194048,2342567936,373306190
1785978285380304301,historyserver-demo-7f67bfd478-7vfqh/historyserver,1469779968,1512194048,2342567936,373807888
1785978286419385343,historyserver-demo-7f67bfd478-7vfqh/historyserver,1469779968,1512198144,2342567936,374339771
1785978287458720802,historyserver-demo-7f67bfd478-7vfqh/historyserver,1469886464,1512300544,2342567936,374855369
1785978288497068344,historyserver-demo-7f67bfd478-7vfqh/historyserver,1469890560,1512304640,2342567936,375373788
1785978289536117053,historyserver-demo-7f67bfd478-7vfqh/historyserver,1469890560,1512304640,2342567936,375898524
1785978290575596928,historyserver-demo-7f67bfd478-7vfqh/historyserver,1469890560,1512304640,2342567936,376404917
1785978291613662637,historyserver-demo-7f67bfd478-7vfqh/historyserver,1489223680,1531637760,2342567936,376936955
1785978292652844512,historyserver-demo-7f67bfd478-7vfqh/historyserver,1508282368,1550696448,2342567936,377453499
1785978293690978471,historyserver-demo-7f67bfd478-7vfqh/historyserver,1527853056,1570295808,2342567936,377968891
1785978294730413555,historyserver-demo-7f67bfd478-7vfqh/historyserver,1548226560,1590779904,2342567936,378493039
1785978295769729625,historyserver-demo-7f67bfd478-7vfqh/historyserver,1568804864,1611218944,2342567936,379007251
1785978296808847958,historyserver-demo-7f67bfd478-7vfqh/historyserver,1589784576,1632403456,2342567936,379537338
1785978297847742167,historyserver-demo-7f67bfd478-7vfqh/historyserver,1611055104,1653473280,2342567936,380055623
1785978298886971418,historyserver-demo-7f67bfd478-7vfqh/historyserver,1633640448,1676189696,2342567936,380563862
1785978299926620835,historyserver-demo-7f67bfd478-7vfqh/historyserver,1656889344,1699282944,2342567936,381085614
1785978300966430419,historyserver-demo-7f67bfd478-7vfqh/historyserver,1676304384,1718722560,2342567936,381604480
1785978302006228461,historyserver-demo-7f67bfd478-7vfqh/historyserver,1676304384,1718726656,2342567936,382133971
1785978303044002670,historyserver-demo-7f67bfd478-7vfqh/historyserver,1676304384,1718722560,2342567936,382654972
1785978304082875420,historyserver-demo-7f67bfd478-7vfqh/historyserver,1676304384,1718726656,2342567936,383167855
1785978305123367629,historyserver-demo-7f67bfd478-7vfqh/historyserver,1678614528,1721876480,2342567936,383689050
1785978306164202921,historyserver-demo-7f67bfd478-7vfqh/historyserver,1684799488,1727217664,2342567936,384208053
1785978307204140672,historyserver-demo-7f67bfd478-7vfqh/historyserver,1688748032,1732046848,2342567936,384739096
1785978308246683756,historyserver-demo-7f67bfd478-7vfqh/historyserver,1694351360,1736769536,2342567936,385256451
1785978309287119381,historyserver-demo-7f67bfd478-7vfqh/historyserver,1700487168,1743130624,2342567936,385780168
1785978310327660965,historyserver-demo-7f67bfd478-7vfqh/historyserver,1706172416,1748819968,2342567936,386292807
1785978311368059674,historyserver-demo-7f67bfd478-7vfqh/historyserver,1707388928,1749815296,2342567936,386668901
1785978312411792341,historyserver-demo-7f67bfd478-7vfqh/historyserver,1707388928,1749815296,2342567936,386668901
1785978313458840800,historyserver-demo-7f67bfd478-7vfqh/historyserver,1707388928,1749815296,2342567936,386668901
1785978314504344759,historyserver-demo-7f67bfd478-7vfqh/historyserver,1707388928,1749815296,2342567936,386668901
1785978315551458467,historyserver-demo-7f67bfd478-7vfqh/historyserver,1707388928,1749815296,2342567936,386668901
1785978316597986093,historyserver-demo-7f67bfd478-7vfqh/historyserver,1707388928,1749815296,2342567936,386668901
1785978317644689343,historyserver-demo-7f67bfd478-7vfqh/historyserver,1707388928,1749815296,2342567936,386668901
1785978318687646594,historyserver-demo-7f67bfd478-7vfqh/historyserver,1707388928,1749815296,2342567936,386668901
1785978319731265219,historyserver-demo-7f67bfd478-7vfqh/historyserver,1707388928,1749815296,2342567936,386668901
1785978320775017553,historyserver-demo-7f67bfd478-7vfqh/historyserver,1707388928,1749815296,2342567936,386668901
1785978321822869512,historyserver-demo-7f67bfd478-7vfqh/historyserver,1874702336,1917124608,2342567936,387103563
1785978322862596513,historyserver-demo-7f67bfd478-7vfqh/historyserver,1803038720,1845530624,2342567936,387620016
1785978323903090430,historyserver-demo-7f67bfd478-7vfqh/historyserver,1786859520,1829359616,2342567936,388146638
1785978324942225139,historyserver-demo-7f67bfd478-7vfqh/historyserver,1203167232,1245667328,2342567936,388672200
1785978325983455875,historyserver-demo-7f67bfd478-7vfqh/historyserver,929652736,972148736,2342567936,389190682
1785978327042851917,historyserver-demo-7f67bfd478-7vfqh/historyserver,929652736,972148736,2342567936,389714424
1785978328081956917,historyserver-demo-7f67bfd478-7vfqh/historyserver,929652736,972152832,2342567936,390218806
1785978329120910001,historyserver-demo-7f67bfd478-7vfqh/historyserver,929652736,972148736,2342567936,390752087
1785978330160924252,historyserver-demo-7f67bfd478-7vfqh/historyserver,929652736,972148736,2342567936,391264045
1785978331200294377,historyserver-demo-7f67bfd478-7vfqh/historyserver,929652736,972156928,2342567936,391785450
1785978332239419711,historyserver-demo-7f67bfd478-7vfqh/historyserver,919990272,962490368,2342567936,392315383
1785978333279677753,historyserver-demo-7f67bfd478-7vfqh/historyserver,907272192,949809152,2342567936,392816347
1785978334319168462,historyserver-demo-7f67bfd478-7vfqh/historyserver,916131840,958627840,2342567936,393348453
1785978335359292546,historyserver-demo-7f67bfd478-7vfqh/historyserver,938536960,981417984,2342567936,393864064
1785978336398641338,historyserver-demo-7f67bfd478-7vfqh/historyserver,972742656,1015435264,2342567936,394385545
1785978337437074005,historyserver-demo-7f67bfd478-7vfqh/historyserver,1008320512,1050927104,2342567936,394911316
1785978338476486047,historyserver-demo-7f67bfd478-7vfqh/historyserver,1041330176,1083826176,2342567936,395414424
1785978339515038006,historyserver-demo-7f67bfd478-7vfqh/historyserver,1075617792,1118117888,2342567936,395948721
1785978340553415340,historyserver-demo-7f67bfd478-7vfqh/historyserver,1109860352,1153245184,2342567936,396462441
1785978341592081716,historyserver-demo-7f67bfd478-7vfqh/historyserver,1144324096,1187008512,2342567936,396978330
1785978342632326049,historyserver-demo-7f67bfd478-7vfqh/historyserver,1178882048,1221550080,2342567936,397503692
1785978343671002550,historyserver-demo-7f67bfd478-7vfqh/historyserver,1203810304,1246306304,2342567936,398016061
1785978344710506175,historyserver-demo-7f67bfd478-7vfqh/historyserver,1213108224,1255604224,2342567936,398549441
1785978345751704301,historyserver-demo-7f67bfd478-7vfqh/historyserver,1221279744,1263775744,2342567936,399066716
1785978346790780510,historyserver-demo-7f67bfd478-7vfqh/historyserver,1227788288,1271119872,2342567936,399590811
1785978347830721635,historyserver-demo-7f67bfd478-7vfqh/historyserver,1230487552,1272987648,2342567936,400104362
1785978348870459677,historyserver-demo-7f67bfd478-7vfqh/historyserver,1239048192,1281544192,2342567936,400614128
1785978349910757969,historyserver-demo-7f67bfd478-7vfqh/historyserver,1257013248,1299525632,2342567936,401147193
1785978350950851970,historyserver-demo-7f67bfd478-7vfqh/historyserver,1282035712,1324531712,2342567936,401663348
1785978351992930512,historyserver-demo-7f67bfd478-7vfqh/historyserver,1311322112,1353879552,2342567936,402179233
1785978353031986971,historyserver-demo-7f67bfd478-7vfqh/historyserver,1338781696,1381306368,2342567936,402703717
1785978354070931638,historyserver-demo-7f67bfd478-7vfqh/historyserver,1365278720,1407770624,2342567936,403214525
1785978355108856305,historyserver-demo-7f67bfd478-7vfqh/historyserver,1392705536,1435385856,2342567936,403746198
1785978356148191083,historyserver-demo-7f67bfd478-7vfqh/historyserver,1418960896,1461452800,2342567936,404265041
1785978357187259792,historyserver-demo-7f67bfd478-7vfqh/historyserver,1446293504,1488875520,2342567936,404773518
1785978358227245751,historyserver-demo-7f67bfd478-7vfqh/historyserver,1473077248,1515765760,2342567936,405300141
1785978359267310168,historyserver-demo-7f67bfd478-7vfqh/historyserver,1499611136,1542103040,2342567936,405814018
1785978360306231627,historyserver-demo-7f67bfd478-7vfqh/historyserver,1526194176,1568796672,2342567936,406340520
1785978361345369669,historyserver-demo-7f67bfd478-7vfqh/historyserver,1553141760,1595637760,2342567936,406862877
1785978362384907253,historyserver-demo-7f67bfd478-7vfqh/historyserver,1579995136,1622679552,2342567936,407372903
1785978363425314795,historyserver-demo-7f67bfd478-7vfqh/historyserver,1607491584,1649983488,2342567936,407899884
1785978364466668254,historyserver-demo-7f67bfd478-7vfqh/historyserver,1633886208,1676378112,2342567936,408415952
1785978365506404129,historyserver-demo-7f67bfd478-7vfqh/historyserver,1660760064,1703333888,2342567936,408945111
1785978366545312213,historyserver-demo-7f67bfd478-7vfqh/historyserver,1686757376,1729253376,2342567936,409463436
1785978367585199464,historyserver-demo-7f67bfd478-7vfqh/historyserver,1712975872,1755639808,2342567936,409974129
1785978368625234089,historyserver-demo-7f67bfd478-7vfqh/historyserver,1740185600,1782677504,2342567936,410501709
1785978369663168256,historyserver-demo-7f67bfd478-7vfqh/historyserver,1747615744,1790107648,2342567936,411014579
1785978370701227465,historyserver-demo-7f67bfd478-7vfqh/historyserver,1754193920,1796685824,2342567936,411549025
1785978371740423507,historyserver-demo-7f67bfd478-7vfqh/historyserver,1759756288,1802248192,2342567936,412065050
1785978372778352508,historyserver-demo-7f67bfd478-7vfqh/historyserver,1765609472,1808093184,2342567936,412565009
1785978373817354050,historyserver-demo-7f67bfd478-7vfqh/historyserver,1772654592,1815146496,2342567936,413099629
1785978374856562217,historyserver-demo-7f67bfd478-7vfqh/historyserver,1778106368,1820598272,2342567936,413616985
1785978375897249259,historyserver-demo-7f67bfd478-7vfqh/historyserver,1680666624,1723158528,2342567936,414133395
1785978376936657260,historyserver-demo-7f67bfd478-7vfqh/historyserver,1680928768,1723420672,2342567936,414658184
1785978377975364427,historyserver-demo-7f67bfd478-7vfqh/historyserver,1681014784,1723506688,2342567936,415163653
1785978379013777844,historyserver-demo-7f67bfd478-7vfqh/historyserver,1682202624,1724698624,2342567936,415699682
1785978380053247053,historyserver-demo-7f67bfd478-7vfqh/historyserver,1683288064,1725784064,2342567936,416215447
1785978381092233553,historyserver-demo-7f67bfd478-7vfqh/historyserver,1683288064,1725779968,2342567936,416731545
1785978382131261596,historyserver-demo-7f67bfd478-7vfqh/historyserver,1683288064,1725779968,2342567936,417254053
1785978383170291513,historyserver-demo-7f67bfd478-7vfqh/historyserver,1683316736,1725808640,2342567936,417763399
1785978384209265722,historyserver-demo-7f67bfd478-7vfqh/historyserver,1683316736,1725812736,2342567936,418297167
1785978385248438972,historyserver-demo-7f67bfd478-7vfqh/historyserver,1683316736,1725808640,2342567936,418814879
1785978386287769167,historyserver-demo-7f67bfd478-7vfqh/historyserver,1683316736,1725808640,2342567936,419323105
1785978387325582042,historyserver-demo-7f67bfd478-7vfqh/historyserver,1766760448,1809256448,2342567936,419848591
1785978388363919876,historyserver-demo-7f67bfd478-7vfqh/historyserver,1766957056,1809453056,2342567936,420364320
1785978389402574835,historyserver-demo-7f67bfd478-7vfqh/historyserver,1767227392,1809727488,2342567936,420891405
1785978390442597544,historyserver-demo-7f67bfd478-7vfqh/historyserver,1785348096,1828044800,2342567936,421413666
1785978391480903711,historyserver-demo-7f67bfd478-7vfqh/historyserver,1817182208,1859772416,2342567936,421917053
1785978392522827461,historyserver-demo-7f67bfd478-7vfqh/historyserver,1680924672,1723420672,2342567936,422451242
1785978393561896878,historyserver-demo-7f67bfd478-7vfqh/historyserver,1689006080,1731502080,2342567936,422965570
1785978394601990046,historyserver-demo-7f67bfd478-7vfqh/historyserver,1697452032,1739948032,2342567936,423497732
1785978395640789088,historyserver-demo-7f67bfd478-7vfqh/historyserver,1698824192,1741320192,2342567936,424014315
1785978396680803588,historyserver-demo-7f67bfd478-7vfqh/historyserver,1524858880,1566937088,2342567936,424521507
1785978397721620464,historyserver-demo-7f67bfd478-7vfqh/historyserver,1524858880,1566941184,2342567936,425050601
1785978398760559631,historyserver-demo-7f67bfd478-7vfqh/historyserver,1524858880,1566937088,2342567936,425564575
1785978399803929506,historyserver-demo-7f67bfd478-7vfqh/historyserver,1524858880,1566949376,2342567936,426094180
1785978400846173465,historyserver-demo-7f67bfd478-7vfqh/historyserver,1524858880,1566937088,2342567936,426614382
1785978401885239424,historyserver-demo-7f67bfd478-7vfqh/historyserver,1524858880,1566937088,2342567936,427126018
1785978402927895799,historyserver-demo-7f67bfd478-7vfqh/historyserver,1557585920,1605120000,2342567936,427654490
1785978403970026008,historyserver-demo-7f67bfd478-7vfqh/historyserver,1557585920,1599664128,2342567936,428165237
1785978405016964300,historyserver-demo-7f67bfd478-7vfqh/historyserver,1640763392,1682841600,2342567936,428699907
1785978406058566718,historyserver-demo-7f67bfd478-7vfqh/historyserver,1682997248,1725075456,2342567936,429215400
1785978407102525676,historyserver-demo-7f67bfd478-7vfqh/historyserver,1678131200,1720213504,2342567936,429742659
1785978408144721469,historyserver-demo-7f67bfd478-7vfqh/historyserver,1493479424,1535561728,2342567936,430265964
1785978409190611177,historyserver-demo-7f67bfd478-7vfqh/historyserver,1480019968,1522098176,2342567936,430780087
1785978410232705970,historyserver-demo-7f67bfd478-7vfqh/historyserver,1390825472,1432903680,2342567936,431318792
1785978411286658803,historyserver-demo-7f67bfd478-7vfqh/historyserver,1353928704,1396002816,2342567936,431839813
1785978412329618262,historyserver-demo-7f67bfd478-7vfqh/historyserver,1292840960,1334915072,2342567936,432355001
1785978413372575388,historyserver-demo-7f67bfd478-7vfqh/historyserver,1249751040,1291825152,2342567936,432863932
1785978414414668513,historyserver-demo-7f67bfd478-7vfqh/historyserver,1241886720,1283964928,2342567936,433400023
1785978415456615180,historyserver-demo-7f67bfd478-7vfqh/historyserver,1241886720,1283960832,2342567936,433915479
1785978416499068542,historyserver-demo-7f67bfd478-7vfqh/historyserver,1241886720,1283964928,2342567936,434440987
1785978417542829375,historyserver-demo-7f67bfd478-7vfqh/historyserver,1241886720,1283960832,2342567936,434966579
1785978418583828626,historyserver-demo-7f67bfd478-7vfqh/historyserver,1241886720,1283964928,2342567936,435472604
1785978419624911335,historyserver-demo-7f67bfd478-7vfqh/historyserver,1241886720,1283960832,2342567936,435997858
1785978420665789210,historyserver-demo-7f67bfd478-7vfqh/historyserver,1241886720,1283960832,2342567936,436514171
1785978421707909586,historyserver-demo-7f67bfd478-7vfqh/historyserver,1241886720,1283973120,2342567936,437046358
1785978422747865878,historyserver-demo-7f67bfd478-7vfqh/historyserver,1205972992,1248047104,2342567936,437568116
1785978423791939462,historyserver-demo-7f67bfd478-7vfqh/historyserver,1139990528,1182167040,2342567936,438098151
1785978424834845837,historyserver-demo-7f67bfd478-7vfqh/historyserver,1147453440,1189527552,2342567936,438614838
1785978425877852379,historyserver-demo-7f67bfd478-7vfqh/historyserver,1155547136,1197801472,2342567936,439124823
1785978426920940630,historyserver-demo-7f67bfd478-7vfqh/historyserver,1163612160,1205690368,2342567936,439650371
1785978427966370589,historyserver-demo-7f67bfd478-7vfqh/historyserver,1165979648,1208053760,2342567936,440163989
1785978429009915548,historyserver-demo-7f67bfd478-7vfqh/historyserver,1166045184,1208123392,2342567936,440699010
1785978430052935298,historyserver-demo-7f67bfd478-7vfqh/historyserver,1174716416,1216790528,2342567936,441213309
1785978431095817882,historyserver-demo-7f67bfd478-7vfqh/historyserver,1193652224,1235685376,2342567936,441736818
1785978432138139674,historyserver-demo-7f67bfd478-7vfqh/historyserver,1216888832,1259122688,2342567936,442262192
1785978433180934550,historyserver-demo-7f67bfd478-7vfqh/historyserver,1242435584,1284726784,2342567936,442769253
1785978434223904842,historyserver-demo-7f67bfd478-7vfqh/historyserver,1268543488,1310855168,2342567936,443299422
1785978435267322801,historyserver-demo-7f67bfd478-7vfqh/historyserver,1294245888,1336320000,2342567936,443814638
1785978436309198843,historyserver-demo-7f67bfd478-7vfqh/historyserver,1322373120,1364447232,2342567936,444350017
1785978437356989052,historyserver-demo-7f67bfd478-7vfqh/historyserver,1345327104,1387397120,2342567936,444863159
1785978438400933594,historyserver-demo-7f67bfd478-7vfqh/historyserver,1363804160,1405886464,2342567936,445387640
1785978439442081053,historyserver-demo-7f67bfd478-7vfqh/historyserver,1382490112,1424560128,2342567936,445913766
1785978440485297720,historyserver-demo-7f67bfd478-7vfqh/historyserver,1401044992,1443258368,2342567936,446426075
1785978441528855970,historyserver-demo-7f67bfd478-7vfqh/historyserver,1422467072,1464651776,2342567936,446954178
1785978442570918971,historyserver-demo-7f67bfd478-7vfqh/historyserver,1443479552,1485549568,2342567936,447463435
1785978443612860680,historyserver-demo-7f67bfd478-7vfqh/historyserver,1465548800,1507622912,2342567936,448000496
1785978444657043930,historyserver-demo-7f67bfd478-7vfqh/historyserver,1478868992,1520939008,2342567936,448517159
1785978445703613208,historyserver-demo-7f67bfd478-7vfqh/historyserver,1484464128,1526538240,2342567936,449053393
1785978446749473333,historyserver-demo-7f67bfd478-7vfqh/historyserver,1489600512,1531670528,2342567936,449564637
1785978447793946126,historyserver-demo-7f67bfd478-7vfqh/historyserver,1495478272,1537548288,2342567936,450098118
1785978448848483418,historyserver-demo-7f67bfd478-7vfqh/historyserver,1500274688,1542344704,2342567936,450614516
1785978449895552627,historyserver-demo-7f67bfd478-7vfqh/historyserver,1506443264,1548517376,2342567936,451152049
1785978450944437169,historyserver-demo-7f67bfd478-7vfqh/historyserver,1510547456,1552617472,2342567936,451665698
1785978451992232211,historyserver-demo-7f67bfd478-7vfqh/historyserver,1510572032,1552642048,2342567936,452183731
1785978453035256211,historyserver-demo-7f67bfd478-7vfqh/historyserver,1510576128,1552646144,2342567936,452711580
1785978454077281295,historyserver-demo-7f67bfd478-7vfqh/historyserver,1510576128,1552646144,2342567936,453218300
1785978455121320296,historyserver-demo-7f67bfd478-7vfqh/historyserver,1510576128,1552646144,2342567936,453749076
1785978456166351088,historyserver-demo-7f67bfd478-7vfqh/historyserver,1510576128,1552646144,2342567936,454264676
1785978457208305547,historyserver-demo-7f67bfd478-7vfqh/historyserver,1510576128,1552654336,2342567936,454798148
1785978458250168589,historyserver-demo-7f67bfd478-7vfqh/historyserver,1510576128,1552646144,2342567936,455313433
1785978459313263256,historyserver-demo-7f67bfd478-7vfqh/historyserver,1510576128,1552658432,2342567936,455849115
1785978460354331923,historyserver-demo-7f67bfd478-7vfqh/historyserver,1510576128,1552646144,2342567936,456364727
1785978461396278590,historyserver-demo-7f67bfd478-7vfqh/historyserver,1528811520,1571012608,2342567936,456887342
1785978462438291341,historyserver-demo-7f67bfd478-7vfqh/historyserver,1548021760,1590464512,2342567936,457412444
1785978463480292675,historyserver-demo-7f67bfd478-7vfqh/historyserver,1568993280,1611124736,2342567936,457920433
1785978464524370342,historyserver-demo-7f67bfd478-7vfqh/historyserver,1591619584,1633710080,2342567936,458463104
1785978465585199676,historyserver-demo-7f67bfd478-7vfqh/historyserver,1613950976,1656221696,2342567936,458973684
1785978466627293926,historyserver-demo-7f67bfd478-7vfqh/historyserver,1637486592,1679757312,2342567936,459501939
1785978467669283093,historyserver-demo-7f67bfd478-7vfqh/historyserver,1660342272,1702416384,2342567936,460014597
1785978468710300719,historyserver-demo-7f67bfd478-7vfqh/historyserver,1680355328,1722437632,2342567936,460492433
1785978469762036969,historyserver-demo-7f67bfd478-7vfqh/historyserver,1680355328,1722437632,2342567936,460492433
1785978470818551262,historyserver-demo-7f67bfd478-7vfqh/historyserver,1680355328,1722437632,2342567936,460492433
1785978471873752304,historyserver-demo-7f67bfd478-7vfqh/historyserver,1680355328,1722437632,2342567936,460492433
1785978472945201513,historyserver-demo-7f67bfd478-7vfqh/historyserver,1680355328,1722437632,2342567936,460492433
1785978473993062305,historyserver-demo-7f67bfd478-7vfqh/historyserver,1680355328,1722437632,2342567936,460492433
1785978475060953055,historyserver-demo-7f67bfd478-7vfqh/historyserver,1680355328,1722437632,2342567936,460492433
1785978476112427708,historyserver-demo-7f67bfd478-7vfqh/historyserver,1680355328,1722437632,2342567936,460492433
1785978477155768459,historyserver-demo-7f67bfd478-7vfqh/historyserver,1680355328,1722437632,2342567936,460492433
1785978478205462542,historyserver-demo-7f67bfd478-7vfqh/historyserver,1680355328,1722437632,2342567936,460492433
1785978479257624876,historyserver-demo-7f67bfd478-7vfqh/historyserver,1722060800,1766834176,2342567936,460842989
1785978480308776585,historyserver-demo-7f67bfd478-7vfqh/historyserver,972800000,1014878208,2342567936,461365699
1785978481362552252,historyserver-demo-7f67bfd478-7vfqh/historyserver,931086336,973164544,2342567936,461890763
1785978482405828003,historyserver-demo-7f67bfd478-7vfqh/historyserver,918511616,960593920,2342567936,462414078
1785978483453597712,historyserver-demo-7f67bfd478-7vfqh/historyserver,714088448,756170752,2342567936,462943359
1785978484495555462,historyserver-demo-7f67bfd478-7vfqh/historyserver,714088448,756428800,2342567936,463461751
1785978485537477963,historyserver-demo-7f67bfd478-7vfqh/historyserver,714088448,756166656,2342567936,463978830
1785978486579438088,historyserver-demo-7f67bfd478-7vfqh/historyserver,714088448,756166656,2342567936,464497383
1785978487621514880,historyserver-demo-7f67bfd478-7vfqh/historyserver,714088448,756166656,2342567936,465015670
1785978488663481881,historyserver-demo-7f67bfd478-7vfqh/historyserver,714088448,756166656,2342567936,465544842
1785978489704479548,historyserver-demo-7f67bfd478-7vfqh/historyserver,714088448,756166656,2342567936,466065567
1785978490746447090,historyserver-demo-7f67bfd478-7vfqh/historyserver,714088448,756170752,2342567936,466585428
1785978491787525716,historyserver-demo-7f67bfd478-7vfqh/historyserver,714088448,756166656,2342567936,467102437
1785978492828505258,historyserver-demo-7f67bfd478-7vfqh/historyserver,721784832,764116992,2342567936,467616440
1785978493868387883,historyserver-demo-7f67bfd478-7vfqh/historyserver,756269056,798347264,2342567936,468142866
1785978494910557759,historyserver-demo-7f67bfd478-7vfqh/historyserver,791216128,833298432,2342567936,468663474
1785978495950444176,historyserver-demo-7f67bfd478-7vfqh/historyserver,825507840,867827712,2342567936,469187735
1785978496991662385,historyserver-demo-7f67bfd478-7vfqh/historyserver,859418624,901832704,2342567936,469707443
1785978498031491552,historyserver-demo-7f67bfd478-7vfqh/historyserver,881106944,923369472,2342567936,470227910
1785978499072539219,historyserver-demo-7f67bfd478-7vfqh/historyserver,891244544,933322752,2342567936,470743943
1785978500112454220,historyserver-demo-7f67bfd478-7vfqh/historyserver,901283840,943362048,2342567936,471266925
1785978501152470428,historyserver-demo-7f67bfd478-7vfqh/historyserver,908849152,950931456,2342567936,471791097
1785978502191419054,historyserver-demo-7f67bfd478-7vfqh/historyserver,912248832,954617856,2342567936,472306149
1785978503231120221,historyserver-demo-7f67bfd478-7vfqh/historyserver,929243136,971444224,2342567936,472819504
1785978504271485388,historyserver-demo-7f67bfd478-7vfqh/historyserver,959582208,1001660416,2342567936,473341857
1785978505311461014,historyserver-demo-7f67bfd478-7vfqh/historyserver,993210368,1035292672,2342567936,473865928
1785978506351876292,historyserver-demo-7f67bfd478-7vfqh/historyserver,1027567616,1069654016,2342567936,474390376
1785978507392964667,historyserver-demo-7f67bfd478-7vfqh/historyserver,1060655104,1102974976,2342567936,474904849
1785978508431832709,historyserver-demo-7f67bfd478-7vfqh/historyserver,1094103040,1136205824,2342567936,475419161
1785978509471882293,historyserver-demo-7f67bfd478-7vfqh/historyserver,1124511744,1166589952,2342567936,475942020
1785978510510869752,historyserver-demo-7f67bfd478-7vfqh/historyserver,1151520768,1193598976,2342567936,476463987
1785978511549866252,historyserver-demo-7f67bfd478-7vfqh/historyserver,1177559040,1220386816,2342567936,476987445
1785978512588928878,historyserver-demo-7f67bfd478-7vfqh/historyserver,1204150272,1246748672,2342567936,477501535
1785978513627874295,historyserver-demo-7f67bfd478-7vfqh/historyserver,1230974976,1273294848,2342567936,478016628
1785978514667981879,historyserver-demo-7f67bfd478-7vfqh/historyserver,1253867520,1295941632,2342567936,478545569
1785978515708877754,historyserver-demo-7f67bfd478-7vfqh/historyserver,1258721280,1300799488,2342567936,479066938
1785978516748969755,historyserver-demo-7f67bfd478-7vfqh/historyserver,1264234496,1306308608,2342567936,479592544
1785978517789907172,historyserver-demo-7f67bfd478-7vfqh/historyserver,1269907456,1312215040,2342567936,480113964
1785978518829182506,historyserver-demo-7f67bfd478-7vfqh/historyserver,1276911616,1319116800,2342567936,480623583
1785978519871982215,historyserver-demo-7f67bfd478-7vfqh/historyserver,1280778240,1322856448,2342567936,481144159
1785978520913952215,historyserver-demo-7f67bfd478-7vfqh/historyserver,1280778240,1322856448,2342567936,481663437
1785978521954028841,historyserver-demo-7f67bfd478-7vfqh/historyserver,1280794624,1323126784,2342567936,482189842
1785978522993516508,historyserver-demo-7f67bfd478-7vfqh/historyserver,1280815104,1322893312,2342567936,482710555
1785978524033930508,historyserver-demo-7f67bfd478-7vfqh/historyserver,1281363968,1323438080,2342567936,483224080
1785978525073905759,historyserver-demo-7f67bfd478-7vfqh/historyserver,1283178496,1325256704,2342567936,483742763
1785978526113845134,historyserver-demo-7f67bfd478-7vfqh/historyserver,1293295616,1335369728,2342567936,484263112
1785978527152868010,historyserver-demo-7f67bfd478-7vfqh/historyserver,1317310464,1359396864,2342567936,484790126
1785978528193013219,historyserver-demo-7f67bfd478-7vfqh/historyserver,1342201856,1384509440,2342567936,485308344
1785978529232916219,historyserver-demo-7f67bfd478-7vfqh/historyserver,1367371776,1409572864,2342567936,485819201
1785978530272065136,historyserver-demo-7f67bfd478-7vfqh/historyserver,1392820224,1434894336,2342567936,486342344
1785978531312076220,historyserver-demo-7f67bfd478-7vfqh/historyserver,1418121216,1460195328,2342567936,486865798
1785978532351905471,historyserver-demo-7f67bfd478-7vfqh/historyserver,1443545088,1485664256,2342567936,487389590
1785978533390863846,historyserver-demo-7f67bfd478-7vfqh/historyserver,1469161472,1511317504,2342567936,487903721
1785978534429750805,historyserver-demo-7f67bfd478-7vfqh/historyserver,1494630400,1536966656,2342567936,488418274
1785978535470823930,historyserver-demo-7f67bfd478-7vfqh/historyserver,1521582080,1563656192,2342567936,488944876
1785978536509176667,historyserver-demo-7f67bfd478-7vfqh/historyserver,1548275712,1590353920,2342567936,489464623
1785978537547575917,historyserver-demo-7f67bfd478-7vfqh/historyserver,1574232064,1616642048,2342567936,489984909
1785978538587214876,historyserver-demo-7f67bfd478-7vfqh/historyserver,1581350912,1623523328,2342567936,490515362
1785978539628179918,historyserver-demo-7f67bfd478-7vfqh/historyserver,1587126272,1629204480,2342567936,491018381
1785978540669370377,historyserver-demo-7f67bfd478-7vfqh/historyserver,1593847808,1635921920,2342567936,491543348
1785978541713402419,historyserver-demo-7f67bfd478-7vfqh/historyserver,1599184896,1641259008,2342567936,492065850
1785978542756187336,historyserver-demo-7f67bfd478-7vfqh/historyserver,1604210688,1646284800,2342567936,492594822
1785978543799237170,historyserver-demo-7f67bfd478-7vfqh/historyserver,1608921088,1650995200,2342567936,493115705
1785978544842216921,historyserver-demo-7f67bfd478-7vfqh/historyserver,1603035136,1645109248,2342567936,493628672
1785978545882129629,historyserver-demo-7f67bfd478-7vfqh/historyserver,1603035136,1645109248,2342567936,494143957
1785978546922139005,historyserver-demo-7f67bfd478-7vfqh/historyserver,1603035136,1645109248,2342567936,494664972
1785978547962178422,historyserver-demo-7f67bfd478-7vfqh/historyserver,1603043328,1645121536,2342567936,495193141
1785978549003222714,historyserver-demo-7f67bfd478-7vfqh/historyserver,1711390720,1753481216,2342567936,495712874
1785978550043219965,historyserver-demo-7f67bfd478-7vfqh/historyserver,1711456256,1753792512,2342567936,496230160
1785978551084245257,historyserver-demo-7f67bfd478-7vfqh/historyserver,1711636480,1753718784,2342567936,496748547
1785978552125662966,historyserver-demo-7f67bfd478-7vfqh/historyserver,1712021504,1754116096,2342567936,497263931
1785978553166708050,historyserver-demo-7f67bfd478-7vfqh/historyserver,1712340992,1754423296,2342567936,497792473
1785978554208279175,historyserver-demo-7f67bfd478-7vfqh/historyserver,1712709632,1754796032,2342567936,498315340
1785978555249188134,historyserver-demo-7f67bfd478-7vfqh/historyserver,1712713728,1754800128,2342567936,498837117
1785978556289309718,historyserver-demo-7f67bfd478-7vfqh/historyserver,1712726016,1754808320,2342567936,499352234
1785978557329270260,historyserver-demo-7f67bfd478-7vfqh/historyserver,1718820864,1760903168,2342567936,499865813
1785978558370416094,historyserver-demo-7f67bfd478-7vfqh/historyserver,1718820864,1760907264,2342567936,500390896
1785978559411145386,historyserver-demo-7f67bfd478-7vfqh/historyserver,1718820864,1760907264,2342567936,500913865
1785978560453255178,historyserver-demo-7f67bfd478-7vfqh/historyserver,1718820864,1760911360,2342567936,501440761
1785978561494526929,historyserver-demo-7f67bfd478-7vfqh/historyserver,1632854016,1678815232,2342567936,501964081
1785978562536337887,historyserver-demo-7f67bfd478-7vfqh/historyserver,1603493888,1646039040,2342567936,502490314
1785978563581311513,historyserver-demo-7f67bfd478-7vfqh/historyserver,1754025984,1796108288,2342567936,502996421
1785978564623227347,historyserver-demo-7f67bfd478-7vfqh/historyserver,1754025984,1796112384,2342567936,503526805
1785978565672574500,historyserver-demo-7f67bfd478-7vfqh/historyserver,1853698048,1895780352,2342567936,504041123
1785978566717224500,historyserver-demo-7f67bfd478-7vfqh/historyserver,1853698048,1895780352,2342567936,504566985
1785978567763717959,historyserver-demo-7f67bfd478-7vfqh/historyserver,1850028032,1892114432,2342567936,505090546
1785978568808571084,historyserver-demo-7f67bfd478-7vfqh/historyserver,1850028032,1892110336,2342567936,505615604
1785978569849542085,historyserver-demo-7f67bfd478-7vfqh/historyserver,1850028032,1892110336,2342567936,506139419
1785978570891469752,historyserver-demo-7f67bfd478-7vfqh/historyserver,1850028032,1892106240,2342567936,506654336
1785978571932449169,historyserver-demo-7f67bfd478-7vfqh/historyserver,1850028032,1892106240,2342567936,507172973
1785978572975473670,historyserver-demo-7f67bfd478-7vfqh/historyserver,1850028032,1892106240,2342567936,507690909
1785978574016155129,historyserver-demo-7f67bfd478-7vfqh/historyserver,1850028032,1892110336,2342567936,508214810
1785978575059723296,historyserver-demo-7f67bfd478-7vfqh/historyserver,1821388800,1863467008,2342567936,508740816
1785978576104709505,historyserver-demo-7f67bfd478-7vfqh/historyserver,1699471360,1741553664,2342567936,509267832
1785978577151906297,historyserver-demo-7f67bfd478-7vfqh/historyserver,1645010944,1687089152,2342567936,509791610
1785978578196117256,historyserver-demo-7f67bfd478-7vfqh/historyserver,1580154880,1622233088,2342567936,510317801
1785978579243707631,historyserver-demo-7f67bfd478-7vfqh/historyserver,1485537280,1527611392,2342567936,510841117
1785978580289424465,historyserver-demo-7f67bfd478-7vfqh/historyserver,1475051520,1517125632,2342567936,511353307
1785978581333567257,historyserver-demo-7f67bfd478-7vfqh/historyserver,1475051520,1517125632,2342567936,511872962
1785978582376616258,historyserver-demo-7f67bfd478-7vfqh/historyserver,1475051520,1517125632,2342567936,512390903
1785978583418563341,historyserver-demo-7f67bfd478-7vfqh/historyserver,1475051520,1517125632,2342567936,512915184
1785978584461813134,historyserver-demo-7f67bfd478-7vfqh/historyserver,1475051520,1517129728,2342567936,513440590
1785978585504793676,historyserver-demo-7f67bfd478-7vfqh/historyserver,1475051520,1517129728,2342567936,513964940
1785978586548464343,historyserver-demo-7f67bfd478-7vfqh/historyserver,1475571712,1517649920,2342567936,514486355
1785978587589551802,historyserver-demo-7f67bfd478-7vfqh/historyserver,1475571712,1517645824,2342567936,515001362
1785978588631917844,historyserver-demo-7f67bfd478-7vfqh/historyserver,1475571712,1517645824,2342567936,515519982
1785978589674590803,historyserver-demo-7f67bfd478-7vfqh/historyserver,1475571712,1517645824,2342567936,516039303
1785978590717539053,historyserver-demo-7f67bfd478-7vfqh/historyserver,1475571712,1517645824,2342567936,516565412
1785978591760778970,historyserver-demo-7f67bfd478-7vfqh/historyserver,1462419456,1504493568,2342567936,517092518
1785978592805002263,historyserver-demo-7f67bfd478-7vfqh/historyserver,1430978560,1473052672,2342567936,517614523
1785978593852753096,historyserver-demo-7f67bfd478-7vfqh/historyserver,1430999040,1473069056,2342567936,518141713
1785978594897780639,historyserver-demo-7f67bfd478-7vfqh/historyserver,1431011328,1473089536,2342567936,518664558
1785978595943319791,historyserver-demo-7f67bfd478-7vfqh/historyserver,1431035904,1473110016,2342567936,519190229
1785978596988150667,historyserver-demo-7f67bfd478-7vfqh/historyserver,1431040000,1473110016,2342567936,519715127
1785978598031853959,historyserver-demo-7f67bfd478-7vfqh/historyserver,1431040000,1473114112,2342567936,520220035
1785978599074725751,historyserver-demo-7f67bfd478-7vfqh/historyserver,1431040000,1473110016,2342567936,520738285
1785978600116968960,historyserver-demo-7f67bfd478-7vfqh/historyserver,1431040000,1473110016,2342567936,521265312
1785978601165579211,historyserver-demo-7f67bfd478-7vfqh/historyserver,1431040000,1473110016,2342567936,521790471
1785978602207812919,historyserver-demo-7f67bfd478-7vfqh/historyserver,1431040000,1473110016,2342567936,522313001
1785978603255632337,historyserver-demo-7f67bfd478-7vfqh/historyserver,1431040000,1473114112,2342567936,522841923
1785978604298609879,historyserver-demo-7f67bfd478-7vfqh/historyserver,1431040000,1473110016,2342567936,523360607
1785978605340702588,historyserver-demo-7f67bfd478-7vfqh/historyserver,1431040000,1473110016,2342567936,523879638
1785978606381905838,historyserver-demo-7f67bfd478-7vfqh/historyserver,1431040000,1473110016,2342567936,524402937
1785978607432237839,historyserver-demo-7f67bfd478-7vfqh/historyserver,1431040000,1473110016,2342567936,524923577
1785978608477747297,historyserver-demo-7f67bfd478-7vfqh/historyserver,1431040000,1473110016,2342567936,525441796
1785978609519724673,historyserver-demo-7f67bfd478-7vfqh/historyserver,1443057664,1485131776,2342567936,525965895
1785978610562087882,historyserver-demo-7f67bfd478-7vfqh/historyserver,1462898688,1504972800,2342567936,526489186
1785978611604735507,historyserver-demo-7f67bfd478-7vfqh/historyserver,1482731520,1524805632,2342567936,527015644
1785978612648007508,historyserver-demo-7f67bfd478-7vfqh/historyserver,1502900224,1544974336,2342567936,527540214
1785978613692517633,historyserver-demo-7f67bfd478-7vfqh/historyserver,1525207040,1567420416,2342567936,528057724
1785978614735673050,historyserver-demo-7f67bfd478-7vfqh/historyserver,1547644928,1589919744,2342567936,528572989
1785978615777644218,historyserver-demo-7f67bfd478-7vfqh/historyserver,1569615872,1611902976,2342567936,529091343
1785978616821934551,historyserver-demo-7f67bfd478-7vfqh/historyserver,1591332864,1633402880,2342567936,529614042
1785978617865564093,historyserver-demo-7f67bfd478-7vfqh/historyserver,1614000128,1656070144,2342567936,530139940
1785978618910710469,historyserver-demo-7f67bfd478-7vfqh/historyserver,1621045248,1663123456,2342567936,530666013
1785978619951551844,historyserver-demo-7f67bfd478-7vfqh/historyserver,1635512320,1677611008,2342567936,531190505
1785978620993738470,historyserver-demo-7f67bfd478-7vfqh/historyserver,1642409984,1684488192,2342567936,531716815
1785978622035705887,historyserver-demo-7f67bfd478-7vfqh/historyserver,1646514176,1688588288,2342567936,532239738
1785978623081330221,historyserver-demo-7f67bfd478-7vfqh/historyserver,1646579712,1688653824,2342567936,532758255
1785978624128900180,historyserver-demo-7f67bfd478-7vfqh/historyserver,1646579712,1688653824,2342567936,533287380
1785978625179763430,historyserver-demo-7f67bfd478-7vfqh/historyserver,1646579712,1688653824,2342567936,533809939
1785978626228327792,historyserver-demo-7f67bfd478-7vfqh/historyserver,1646686208,1688760320,2342567936,534324468
1785978627272461417,historyserver-demo-7f67bfd478-7vfqh/historyserver,1646809088,1688883200,2342567936,534842329
1785978628319649126,historyserver-demo-7f67bfd478-7vfqh/historyserver,1651425280,1693499392,2342567936,535365008
1785978629367320043,historyserver-demo-7f67bfd478-7vfqh/historyserver,1588723712,1630797824,2342567936,535888951
1785978630416669085,historyserver-demo-7f67bfd478-7vfqh/historyserver,1588736000,1630810112,2342567936,536036437
1785978631468441836,historyserver-demo-7f67bfd478-7vfqh/historyserver,1588736000,1630810112,2342567936,536036437
1785978632514454545,historyserver-demo-7f67bfd478-7vfqh/historyserver,1588736000,1630810112,2342567936,536036437
1785978633563308503,historyserver-demo-7f67bfd478-7vfqh/historyserver,1588736000,1630810112,2342567936,536036437
1785978634606512712,historyserver-demo-7f67bfd478-7vfqh/historyserver,1588736000,1630810112,2342567936,536036437
1785978635658878296,historyserver-demo-7f67bfd478-7vfqh/historyserver,1588736000,1630810112,2342567936,536036437
1785978636718333005,historyserver-demo-7f67bfd478-7vfqh/historyserver,1588736000,1630810112,2342567936,536036437
1785978637781651589,historyserver-demo-7f67bfd478-7vfqh/historyserver,1588736000,1619742720,2342567936,536036437
1785978638832085214,historyserver-demo-7f67bfd478-7vfqh/historyserver,1588736000,1619742720,2342567936,536036437
1785978639881356173,historyserver-demo-7f67bfd478-7vfqh/historyserver,1665609728,1697017856,2342567936,536165992
1785978640924391257,historyserver-demo-7f67bfd478-7vfqh/historyserver,2095542272,2126798848,2342567936,536691647
1785978641969202174,historyserver-demo-7f67bfd478-7vfqh/historyserver,1063272448,1094529024,2342567936,537210217
1785978643013138966,historyserver-demo-7f67bfd478-7vfqh/historyserver,1063272448,1094533120,2342567936,537739618
1785978644055389300,historyserver-demo-7f67bfd478-7vfqh/historyserver,703111168,724807680,2342567936,538257471
1785978645100197634,historyserver-demo-7f67bfd478-7vfqh/historyserver,736096256,757932032,2342567936,538783707
1785978646143272343,historyserver-demo-7f67bfd478-7vfqh/historyserver,771215360,793083904,2342567936,539308173
1785978647188167802,historyserver-demo-7f67bfd478-7vfqh/historyserver,805232640,827101184,2342567936,539818788
1785978648230096094,historyserver-demo-7f67bfd478-7vfqh/historyserver,840290304,862031872,2342567936,540343431
1785978649272208844,historyserver-demo-7f67bfd478-7vfqh/historyserver,874409984,896106496,2342567936,540859133
1785978650314309803,historyserver-demo-7f67bfd478-7vfqh/historyserver,884465664,906162176,2342567936,541390804
1785978651360436470,historyserver-demo-7f67bfd478-7vfqh/historyserver,891154432,912855040,2342567936,541909708
1785978652405907304,historyserver-demo-7f67bfd478-7vfqh/historyserver,900055040,922034176,2342567936,542440906
1785978653449282929,historyserver-demo-7f67bfd478-7vfqh/historyserver,925069312,946769920,2342567936,542960054
1785978654492282222,historyserver-demo-7f67bfd478-7vfqh/historyserver,958963712,980869120,2342567936,543474465
1785978655533892666,historyserver-demo-7f67bfd478-7vfqh/historyserver,994766848,1016586240,2342567936,543997979
1785978656576741792,historyserver-demo-7f67bfd478-7vfqh/historyserver,1028730880,1050427392,2342567936,544509188
1785978657617580209,historyserver-demo-7f67bfd478-7vfqh/historyserver,1063919616,1085620224,2342567936,545039202
1785978658660544168,historyserver-demo-7f67bfd478-7vfqh/historyserver,1099792384,1121492992,2342567936,545559186
1785978659703269293,historyserver-demo-7f67bfd478-7vfqh/historyserver,1134641152,1156390912,2342567936,546083732
1785978660745776210,historyserver-demo-7f67bfd478-7vfqh/historyserver,1169207296,1191391232,2342567936,546612664
1785978661788228252,historyserver-demo-7f67bfd478-7vfqh/historyserver,1177866240,1199620096,2342567936,547136227
1785978662831863961,historyserver-demo-7f67bfd478-7vfqh/historyserver,1186734080,1208414208,2342567936,547654753
1785978663876656878,historyserver-demo-7f67bfd478-7vfqh/historyserver,1195872256,1217740800,2342567936,548166209
1785978664922890629,historyserver-demo-7f67bfd478-7vfqh/historyserver,1204940800,1226616832,2342567936,548691877
1785978665969674629,historyserver-demo-7f67bfd478-7vfqh/historyserver,1207095296,1228791808,2342567936,549208121
1785978667013989547,historyserver-demo-7f67bfd478-7vfqh/historyserver,1218494464,1240195072,2342567936,549738985
1785978668057527422,historyserver-demo-7f67bfd478-7vfqh/historyserver,1236082688,1257783296,2342567936,550260253
1785978669099758881,historyserver-demo-7f67bfd478-7vfqh/historyserver,1265508352,1287245824,2342567936,550780727
1785978670142752881,historyserver-demo-7f67bfd478-7vfqh/historyserver,1300070400,1321865216,2342567936,551306124
1785978671185662049,historyserver-demo-7f67bfd478-7vfqh/historyserver,1328377856,1350258688,2342567936,551817843
1785978672229125674,historyserver-demo-7f67bfd478-7vfqh/historyserver,1355513856,1377292288,2342567936,552345849
1785978673273537050,historyserver-demo-7f67bfd478-7vfqh/historyserver,1381941248,1403637760,2342567936,552861214
1785978674315663883,historyserver-demo-7f67bfd478-7vfqh/historyserver,1408741376,1430433792,2342567936,553389512
1785978675359148926,historyserver-demo-7f67bfd478-7vfqh/historyserver,1435504640,1457197056,2342567936,553908529
1785978676401569343,historyserver-demo-7f67bfd478-7vfqh/historyserver,1463533568,1485455360,2342567936,554432301
1785978677444578302,historyserver-demo-7f67bfd478-7vfqh/historyserver,1490264064,1511985152,2342567936,554959130
1785978678488587552,historyserver-demo-7f67bfd478-7vfqh/historyserver,1516621824,1538392064,2342567936,555468433
1785978679529723594,historyserver-demo-7f67bfd478-7vfqh/historyserver,1543634944,1565470720,2342567936,555992141
1785978680572572428,historyserver-demo-7f67bfd478-7vfqh/historyserver,1569738752,1591435264,2342567936,556508786
1785978681613560054,historyserver-demo-7f67bfd478-7vfqh/historyserver,1597960192,1619656704,2342567936,557038374
1785978682654507637,historyserver-demo-7f67bfd478-7vfqh/historyserver,1625329664,1647026176,2342567936,557561293
1785978683697532096,historyserver-demo-7f67bfd478-7vfqh/historyserver,1652273152,1674141696,2342567936,558081261
1785978684740600097,historyserver-demo-7f67bfd478-7vfqh/historyserver,1679093760,1700827136,2342567936,558604724
1785978685784840583,historyserver-demo-7f67bfd478-7vfqh/historyserver,1690136576,1711947776,2342567936,559125691
1785978686826811417,historyserver-demo-7f67bfd478-7vfqh/historyserver,1695076352,1716772864,2342567936,559640537
1785978687868905417,historyserver-demo-7f67bfd478-7vfqh/historyserver,1699909632,1721602048,2342567936,560159539
1785978688912805543,historyserver-demo-7f67bfd478-7vfqh/historyserver,1703960576,1725652992,2342567936,560691674
1785978689956879627,historyserver-demo-7f67bfd478-7vfqh/historyserver,1708642304,1730334720,2342567936,561209125
1785978690998884460,historyserver-demo-7f67bfd478-7vfqh/historyserver,1713168384,1734860800,2342567936,561739533
1785978692048822919,historyserver-demo-7f67bfd478-7vfqh/historyserver,1616375808,1638068224,2342567936,562258763
1785978693091752378,historyserver-demo-7f67bfd478-7vfqh/historyserver,1616543744,1638244352,2342567936,562778218
1785978694139787462,historyserver-demo-7f67bfd478-7vfqh/historyserver,1616560128,1638252544,2342567936,563304639
1785978695182805879,historyserver-demo-7f67bfd478-7vfqh/historyserver,1616592896,1638285312,2342567936,563814530
1785978696223800546,historyserver-demo-7f67bfd478-7vfqh/historyserver,1616666624,1638359040,2342567936,564338277
1785978697264705547,historyserver-demo-7f67bfd478-7vfqh/historyserver,1617149952,1638846464,2342567936,564860570
1785978698305805756,historyserver-demo-7f67bfd478-7vfqh/historyserver,1619943424,1641721856,2342567936,565388957
1785978699349748964,historyserver-demo-7f67bfd478-7vfqh/historyserver,1620242432,1641934848,2342567936,565908532
1785978700392845423,historyserver-demo-7f67bfd478-7vfqh/historyserver,1620242432,1641934848,2342567936,566423483
1785978701433671924,historyserver-demo-7f67bfd478-7vfqh/historyserver,1620242432,1641934848,2342567936,566944557
1785978702473764133,historyserver-demo-7f67bfd478-7vfqh/historyserver,1620242432,1641934848,2342567936,567459464
1785978703517890091,historyserver-demo-7f67bfd478-7vfqh/historyserver,1620242432,1641938944,2342567936,567990582
1785978704558671425,historyserver-demo-7f67bfd478-7vfqh/historyserver,1620242432,1641934848,2342567936,568508131
1785978705602852676,historyserver-demo-7f67bfd478-7vfqh/historyserver,1634004992,1655767040,2342567936,569032408
1785978706644735176,historyserver-demo-7f67bfd478-7vfqh/historyserver,1792688128,1814466560,2342567936,569553687
1785978707685197760,historyserver-demo-7f67bfd478-7vfqh/historyserver,1826754560,1848631296,2342567936,570063258
1785978708726836844,historyserver-demo-7f67bfd478-7vfqh/historyserver,1618092032,1639788544,2342567936,570589060
1785978709767715428,historyserver-demo-7f67bfd478-7vfqh/historyserver,1626271744,1647968256,2342567936,571111485
1785978710808826678,historyserver-demo-7f67bfd478-7vfqh/historyserver,1455538176,1476849664,2342567936,571640309
1785978711851730470,historyserver-demo-7f67bfd478-7vfqh/historyserver,1455792128,1477099520,2342567936,572157360
1785978712891935263,historyserver-demo-7f67bfd478-7vfqh/historyserver,1455792128,1477099520,2342567936,572671022
1785978713933367721,historyserver-demo-7f67bfd478-7vfqh/historyserver,1455792128,1477095424,2342567936,573195644
1785978714974808847,historyserver-demo-7f67bfd478-7vfqh/historyserver,1455792128,1477095424,2342567936,573706994
1785978716014536000,historyserver-demo-7f67bfd478-7vfqh/historyserver,1455792128,1477099520,2342567936,574237900
1785978717056576417,historyserver-demo-7f67bfd478-7vfqh/historyserver,1455792128,1477095424,2342567936,574759677
1785978718098380376,historyserver-demo-7f67bfd478-7vfqh/historyserver,1455792128,1477099520,2342567936,575290770
1785978719140869918,historyserver-demo-7f67bfd478-7vfqh/historyserver,1455792128,1477095424,2342567936,575810106
1785978720184003293,historyserver-demo-7f67bfd478-7vfqh/historyserver,1455792128,1477095424,2342567936,576317203
1785978721225273461,historyserver-demo-7f67bfd478-7vfqh/historyserver,1366749184,1388056576,2342567936,576838648
1785978722266153461,historyserver-demo-7f67bfd478-7vfqh/historyserver,1352335360,1373642752,2342567936,577358935
1785978723307435503,historyserver-demo-7f67bfd478-7vfqh/historyserver,1352335360,1373646848,2342567936,577886647
1785978724350318212,historyserver-demo-7f67bfd478-7vfqh/historyserver,1570734080,1592037376,2342567936,578409125
1785978725393267088,historyserver-demo-7f67bfd478-7vfqh/historyserver,1509130240,1530433536,2342567936,578936434
1785978726433184338,historyserver-demo-7f67bfd478-7vfqh/historyserver,1614536704,1635844096,2342567936,579451956
1785978727474416630,historyserver-demo-7f67bfd478-7vfqh/historyserver,1605885952,1627189248,2342567936,579961312
1785978728515714881,historyserver-demo-7f67bfd478-7vfqh/historyserver,1543053312,1564356608,2342567936,580490550
1785978729558671256,historyserver-demo-7f67bfd478-7vfqh/historyserver,1539186688,1560494080,2342567936,581010785
1785978730601250507,historyserver-demo-7f67bfd478-7vfqh/historyserver,1539186688,1560489984,2342567936,581534202
1785978731641232007,historyserver-demo-7f67bfd478-7vfqh/historyserver,1539186688,1560485888,2342567936,582051215
1785978732682909299,historyserver-demo-7f67bfd478-7vfqh/historyserver,1539186688,1560485888,2342567936,582561381
1785978733723123175,historyserver-demo-7f67bfd478-7vfqh/historyserver,1539186688,1560489984,2342567936,583087552
1785978734763131009,historyserver-demo-7f67bfd478-7vfqh/historyserver,1539186688,1560489984,2342567936,583609211
1785978735804564051,historyserver-demo-7f67bfd478-7vfqh/historyserver,1539186688,1560489984,2342567936,584131234
1785978736844622635,historyserver-demo-7f67bfd478-7vfqh/historyserver,1539186688,1560485888,2342567936,584653625
1785978737885242094,historyserver-demo-7f67bfd478-7vfqh/historyserver,1539186688,1560485888,2342567936,585163916
1785978738926695219,historyserver-demo-7f67bfd478-7vfqh/historyserver,1539186688,1560485888,2342567936,585688038
1785978739968178886,historyserver-demo-7f67bfd478-7vfqh/historyserver,1539186688,1560485888,2342567936,586206826
1785978741009182303,historyserver-demo-7f67bfd478-7vfqh/historyserver,1539186688,1560494080,2342567936,586737972
1785978742049262387,historyserver-demo-7f67bfd478-7vfqh/historyserver,1535279104,1556578304,2342567936,587260895
1785978743090402096,historyserver-demo-7f67bfd478-7vfqh/historyserver,1531543552,1552842752,2342567936,587780368
1785978744131136846,historyserver-demo-7f67bfd478-7vfqh/historyserver,1475706880,1497006080,2342567936,588294138
1785978745172171722,historyserver-demo-7f67bfd478-7vfqh/historyserver,1388806144,1410105344,2342567936,588809250
1785978746212640708,historyserver-demo-7f67bfd478-7vfqh/historyserver,1388806144,1410105344,2342567936,589340721
1785978747252664000,historyserver-demo-7f67bfd478-7vfqh/historyserver,1388806144,1410105344,2342567936,589857383
1785978748293399709,historyserver-demo-7f67bfd478-7vfqh/historyserver,1388806144,1410105344,2342567936,590371281
1785978749333417585,historyserver-demo-7f67bfd478-7vfqh/historyserver,1389355008,1410654208,2342567936,590894028
1785978750375329460,historyserver-demo-7f67bfd478-7vfqh/historyserver,1389355008,1410658304,2342567936,591408149
1785978751416409336,historyserver-demo-7f67bfd478-7vfqh/historyserver,1389355008,1410658304,2342567936,591938574
1785978752458046253,historyserver-demo-7f67bfd478-7vfqh/historyserver,1389355008,1410654208,2342567936,592458643
1785978753499493003,historyserver-demo-7f67bfd478-7vfqh/historyserver,1389355008,1410658304,2342567936,592979111
1785978754539548920,historyserver-demo-7f67bfd478-7vfqh/historyserver,1389367296,1410662400,2342567936,593499870
1785978755580554921,historyserver-demo-7f67bfd478-7vfqh/historyserver,1389367296,1410662400,2342567936,594008682
1785978756620565171,historyserver-demo-7f67bfd478-7vfqh/historyserver,1389367296,1410662400,2342567936,594539388
1785978757661522422,historyserver-demo-7f67bfd478-7vfqh/historyserver,1404555264,1425854464,2342567936,595054988
1785978758702815422,historyserver-demo-7f67bfd478-7vfqh/historyserver,1424986112,1446481920,2342567936,595578429
1785978759742623090,historyserver-demo-7f67bfd478-7vfqh/historyserver,1446850560,1468358656,2342567936,596104041
1785978760786167882,historyserver-demo-7f67bfd478-7vfqh/historyserver,1468264448,1487724544,2342567936,596617080
1785978761828654549,historyserver-demo-7f67bfd478-7vfqh/historyserver,1490276352,1509482496,2342567936,597141022
1785978762870734508,historyserver-demo-7f67bfd478-7vfqh/historyserver,1512493056,1531699200,2342567936,597659952
1785978763911527467,historyserver-demo-7f67bfd478-7vfqh/historyserver,1535348736,1554612224,2342567936,598191700
1785978764953512175,historyserver-demo-7f67bfd478-7vfqh/historyserver,1557893120,1577103360,2342567936,598709249
1785978765993439926,historyserver-demo-7f67bfd478-7vfqh/historyserver,1580142592,1599578112,2342567936,599222808
1785978767034867343,historyserver-demo-7f67bfd478-7vfqh/historyserver,1603268608,1622474752,2342567936,599756071
1785978768076423927,historyserver-demo-7f67bfd478-7vfqh/historyserver,1609560064,1628770304,2342567936,600261140
1785978769119589427,historyserver-demo-7f67bfd478-7vfqh/historyserver,1615687680,1634893824,2342567936,600790542
1785978770168494136,historyserver-demo-7f67bfd478-7vfqh/historyserver,1621479424,1640685568,2342567936,601309294
1785978771211742178,historyserver-demo-7f67bfd478-7vfqh/historyserver,1626828800,1646034944,2342567936,601841778
1785978772262178679,historyserver-demo-7f67bfd478-7vfqh/historyserver,1631842304,1651851264,2342567936,602363308
1785978773304379054,historyserver-demo-7f67bfd478-7vfqh/historyserver,1634381824,1653587968,2342567936,602892729
1785978774354744722,historyserver-demo-7f67bfd478-7vfqh/historyserver,1634381824,1653587968,2342567936,603411116
1785978775396997055,historyserver-demo-7f67bfd478-7vfqh/historyserver,1634381824,1653592064,2342567936,603927010
1785978776437239417,historyserver-demo-7f67bfd478-7vfqh/historyserver,1634381824,1653587968,2342567936,604449974
1785978777481105375,historyserver-demo-7f67bfd478-7vfqh/historyserver,1634381824,1653587968,2342567936,604958443
1785978778520998709,historyserver-demo-7f67bfd478-7vfqh/historyserver,1634381824,1653587968,2342567936,605488089
1785978779562345335,historyserver-demo-7f67bfd478-7vfqh/historyserver,1634381824,1653592064,2342567936,606007583
