time,phase,pod,container,cpu_stat_time,cpu_usage_core_nanoseconds,working_set_bytes
2026-08-05T19:50:28.41943-05:00,job,raycluster-historyserver-cpu-worker-6qj2h,collector,2026-08-06T00:50:28Z,513243000,56016896
2026-08-05T19:50:28.41943-05:00,job,raycluster-historyserver-cpu-worker-6qj2h,ray-worker,2026-08-06T00:50:27Z,2658154000,296132608
2026-08-05T19:50:28.41943-05:00,job,raycluster-historyserver-head-jxtd5,ray-head,2026-08-06T00:50:23Z,9776041000,3073159168
2026-08-05T19:50:28.41943-05:00,job,raycluster-historyserver-head-jxtd5,collector,2026-08-06T00:50:20Z,577600000,61620224
2026-08-05T19:50:29.418914-05:00,job,raycluster-historyserver-cpu-worker-6qj2h,collector,2026-08-06T00:50:29Z,513243000,56016896
2026-08-05T19:50:29.418914-05:00,job,raycluster-historyserver-cpu-worker-6qj2h,ray-worker,2026-08-06T00:50:27Z,2658154000,296132608
2026-08-05T19:50:29.418914-05:00,job,raycluster-historyserver-head-jxtd5,collector,2026-08-06T00:50:20Z,577600000,61620224
2026-08-05T19:50:29.418914-05:00,job,raycluster-historyserver-head-jxtd5,ray-head,2026-08-06T00:50:23Z,9776041000,3073159168
2026-08-05T19:50:30.418947-05:00,job,raycluster-historyserver-cpu-worker-6qj2h,collector,2026-08-06T00:50:30Z,515176000,56049664
2026-08-05T19:50:30.418947-05:00,job,raycluster-historyserver-cpu-worker-6qj2h,ray-worker,2026-08-06T00:50:27Z,2658154000,296132608
2026-08-05T19:50:30.418947-05:00,job,raycluster-historyserver-head-jxtd5,ray-head,2026-08-06T00:50:23Z,9776041000,3073159168
2026-08-05T19:50:30.418947-05:00,job,raycluster-historyserver-head-jxtd5,collector,2026-08-06T00:50:20Z,577600000,61620224
2026-08-05T19:50:31.418364-05:00,job,raycluster-historyserver-cpu-worker-6qj2h,ray-worker,2026-08-06T00:50:27Z,2658154000,296132608
2026-08-05T19:50:31.418364-05:00,job,raycluster-historyserver-cpu-worker-6qj2h,collector,2026-08-06T00:50:30Z,515176000,56049664
2026-08-05T19:50:31.418364-05:00,job,raycluster-historyserver-head-jxtd5,ray-head,2026-08-06T00:50:23Z,9776041000,3073159168
2026-08-05T19:50:31.418364-05:00,job,raycluster-historyserver-head-jxtd5,collector,2026-08-06T00:50:20Z,577600000,61620224
2026-08-05T19:50:32.417905-05:00,job,raycluster-historyserver-head-jxtd5,ray-head,2026-08-06T00:50:23Z,9776041000,3073159168
2026-08-05T19:50:32.417905-05:00,job,raycluster-historyserver-head-jxtd5,collector,2026-08-06T00:50:20Z,577600000,61620224
2026-08-05T19:50:32.417905-05:00,job,raycluster-historyserver-cpu-worker-6qj2h,collector,2026-08-06T00:50:30Z,515176000,56049664
2026-08-05T19:50:32.417905-05:00,job,raycluster-historyserver-cpu-worker-6qj2h,ray-worker,2026-08-06T00:50:27Z,2658154000,296132608
2026-08-05T19:50:33.41826-05:00,job,raycluster-historyserver-cpu-worker-6qj2h,ray-worker,2026-08-06T00:50:27Z,2658154000,296132608
2026-08-05T19:50:33.41826-05:00,job,raycluster-historyserver-cpu-worker-6qj2h,collector,2026-08-06T00:50:30Z,515176000,56049664
2026-08-05T19:50:33.41826-05:00,job,raycluster-historyserver-head-jxtd5,ray-head,2026-08-06T00:50:23Z,9776041000,3073159168
2026-08-05T19:50:33.41826-05:00,job,raycluster-historyserver-head-jxtd5,collector,2026-08-06T00:50:20Z,577600000,61620224
2026-08-05T19:50:34.418407-05:00,job,raycluster-historyserver-cpu-worker-6qj2h,ray-worker,2026-08-06T00:50:27Z,2658154000,296132608
2026-08-05T19:50:34.418407-05:00,job,raycluster-historyserver-cpu-worker-6qj2h,collector,2026-08-06T00:50:30Z,515176000,56049664
2026-08-05T19:50:34.418407-05:00,job,raycluster-historyserver-head-jxtd5,ray-head,2026-08-06T00:50:23Z,9776041000,3073159168
2026-08-05T19:50:34.418407-05:00,job,raycluster-historyserver-head-jxtd5,collector,2026-08-06T00:50:20Z,577600000,61620224
2026-08-05T19:50:35.419214-05:00,job,raycluster-historyserver-cpu-worker-6qj2h,collector,2026-08-06T00:50:30Z,515176000,56049664
2026-08-05T19:50:35.419214-05:00,job,raycluster-historyserver-cpu-worker-6qj2h,ray-worker,2026-08-06T00:50:27Z,2658154000,296132608
2026-08-05T19:50:35.419214-05:00,job,raycluster-historyserver-head-jxtd5,collector,2026-08-06T00:50:20Z,577600000,61620224
2026-08-05T19:50:35.419214-05:00,job,raycluster-historyserver-head-jxtd5,ray-head,2026-08-06T00:50:23Z,9776041000,3073159168
2026-08-05T19:50:36.419736-05:00,job,raycluster-historyserver-head-jxtd5,ray-head,2026-08-06T00:50:23Z,9776041000,3073159168
2026-08-05T19:50:36.419736-05:00,job,raycluster-historyserver-head-jxtd5,collector,2026-08-06T00:50:20Z,577600000,61620224
2026-08-05T19:50:36.419736-05:00,job,raycluster-historyserver-cpu-worker-6qj2h,collector,2026-08-06T00:50:30Z,515176000,56049664
2026-08-05T19:50:36.419736-05:00,job,raycluster-historyserver-cpu-worker-6qj2h,ray-worker,2026-08-06T00:50:27Z,2658154000,296132608
2026-08-05T19:50:37.419688-05:00,job,raycluster-historyserver-head-jxtd5,ray-head,2026-08-06T00:50:36Z,17180791000,3378802688
2026-08-05T19:50:37.419688-05:00,job,raycluster-historyserver-head-jxtd5,collector,2026-08-06T00:50:20Z,577600000,61620224
2026-08-05T19:50:37.419688-05:00,job,raycluster-historyserver-cpu-worker-6qj2h,collector,2026-08-06T00:50:30Z,515176000,56049664
2026-08-05T19:50:37.419688-05:00,job,raycluster-historyserver-cpu-worker-6qj2h,ray-worker,2026-08-06T00:50:27Z,2658154000,296132608
2026-08-05T19:50:38.41847-05:00,job,raycluster-historyserver-cpu-worker-6qj2h,collector,2026-08-06T00:50:30Z,515176000,56049664
2026-08-05T19:50:38.41847-05:00,job,raycluster-historyserver-cpu-worker-6qj2h,ray-worker,2026-08-06T00:50:27Z,2658154000,296132608
2026-08-05T19:50:38.41847-05:00,job,raycluster-historyserver-head-jxtd5,collector,2026-08-06T00:50:20Z,577600000,61620224
2026-08-05T19:50:38.41847-05:00,job,raycluster-historyserver-head-jxtd5,ray-head,2026-08-06T00:50:36Z,17180791000,3378802688
2026-08-05T19:50:39.418674-05:00,job,raycluster-historyserver-cpu-worker-6qj2h,collector,2026-08-06T00:50:30Z,515176000,56049664
2026-08-05T19:50:39.418674-05:00,job,raycluster-historyserver-cpu-worker-6qj2h,ray-worker,2026-08-06T00:50:27Z,2658154000,296132608
2026-08-05T19:50:39.418674-05:00,job,raycluster-historyserver-head-jxtd5,ray-head,2026-08-06T00:50:36Z,17180791000,3378802688
2026-08-05T19:50:39.418674-05:00,job,raycluster-historyserver-head-jxtd5,collector,2026-08-06T00:50:20Z,577600000,61620224
2026-08-05T19:50:40.419695-05:00,job,raycluster-historyserver-cpu-worker-6qj2h,collector,2026-08-06T00:50:30Z,515176000,56049664
2026-08-05T19:50:40.419695-05:00,job,raycluster-historyserver-cpu-worker-6qj2h,ray-worker,2026-08-06T00:50:27Z,2658154000,296132608
2026-08-05T19:50:40.419695-05:00,job,raycluster-historyserver-head-jxtd5,collector,2026-08-06T00:50:20Z,577600000,61620224
2026-08-05T19:50:40.419695-05:00,job,raycluster-historyserver-head-jxtd5,ray-head,2026-08-06T00:50:36Z,17180791000,3378802688
2026-08-05T19:50:41.418216-05:00,job,raycluster-historyserver-cpu-worker-6qj2h,collector,2026-08-06T00:50:30Z,515176000,56049664
2026-08-05T19:50:41.418216-05:00,job,raycluster-historyserver-cpu-worker-6qj2h,ray-worker,2026-08-06T00:50:27Z,2658154000,296132608
2026-08-05T19:50:41.418216-05:00,job,raycluster-historyserver-head-jxtd5,ray-head,2026-08-06T00:50:36Z,17180791000,3378802688
2026-08-05T19:50:41.418216-05:00,job,raycluster-historyserver-head-jxtd5,collector,2026-08-06T00:50:40Z,6014528000,105820160
2026-08-05T19:50:42.418125-05:00,job,raycluster-historyserver-cpu-worker-6qj2h,ray-worker,2026-08-06T00:50:27Z,2658154000,296132608
2026-08-05T19:50:42.418125-05:00,job,raycluster-historyserver-cpu-worker-6qj2h,collector,2026-08-06T00:50:30Z,515176000,56049664
2026-08-05T19:50:42.418125-05:00,job,raycluster-historyserver-head-jxtd5,ray-head,2026-08-06T00:50:36Z,17180791000,3378802688
2026-08-05T19:50:42.418125-05:00,job,raycluster-historyserver-head-jxtd5,collector,2026-08-06T00:50:40Z,6014528000,105820160
2026-08-05T19:50:43.419739-05:00,job,raycluster-historyserver-cpu-worker-6qj2h,collector,2026-08-06T00:50:30Z,515176000,56049664
2026-08-05T19:50:43.419739-05:00,job,raycluster-historyserver-cpu-worker-6qj2h,ray-worker,2026-08-06T00:50:27Z,2658154000,296132608
2026-08-05T19:50:43.419739-05:00,job,raycluster-historyserver-head-jxtd5,ray-head,2026-08-06T00:50:36Z,17180791000,3378802688
2026-08-05T19:50:43.419739-05:00,job,raycluster-historyserver-head-jxtd5,collector,2026-08-06T00:50:40Z,6014528000,105820160
2026-08-05T19:50:44.419736-05:00,job,raycluster-historyserver-head-jxtd5,ray-head,2026-08-06T00:50:36Z,17180791000,3378802688
2026-08-05T19:50:44.419736-05:00,job,raycluster-historyserver-head-jxtd5,collector,2026-08-06T00:50:40Z,6014528000,105820160
2026-08-05T19:50:44.419736-05:00,job,raycluster-historyserver-cpu-worker-6qj2h,collector,2026-08-06T00:50:30Z,515176000,56049664
2026-08-05T19:50:44.419736-05:00,job,raycluster-historyserver-cpu-worker-6qj2h,ray-worker,2026-08-06T00:50:27Z,2658154000,296132608
2026-08-05T19:50:45.417997-05:00,job,raycluster-historyserver-cpu-worker-6qj2h,collector,2026-08-06T00:50:30Z,515176000,56049664
2026-08-05T19:50:45.417997-05:00,job,raycluster-historyserver-cpu-worker-6qj2h,ray-worker,2026-08-06T00:50:27Z,2658154000,296132608
2026-08-05T19:50:45.417997-05:00,job,raycluster-historyserver-head-jxtd5,ray-head,2026-08-06T00:50:36Z,17180791000,3378802688
2026-08-05T19:50:45.417997-05:00,job,raycluster-historyserver-head-jxtd5,collector,2026-08-06T00:50:40Z,6014528000,105820160
2026-08-05T19:50:46.419748-05:00,job,raycluster-historyserver-cpu-worker-6qj2h,ray-worker,2026-08-06T00:50:45Z,32026311000,1042165760
2026-08-05T19:50:46.419748-05:00,job,raycluster-historyserver-cpu-worker-6qj2h,collector,2026-08-06T00:50:30Z,515176000,56049664
2026-08-05T19:50:46.419748-05:00,job,raycluster-historyserver-head-jxtd5,ray-head,2026-08-06T00:50:36Z,17180791000,3378802688
2026-08-05T19:50:46.419748-05:00,job,raycluster-historyserver-head-jxtd5,collector,2026-08-06T00:50:40Z,6014528000,105820160
2026-08-05T19:50:47.419625-05:00,job,raycluster-historyserver-head-jxtd5,ray-head,2026-08-06T00:50:36Z,17180791000,3378802688
2026-08-05T19:50:47.419625-05:00,job,raycluster-historyserver-head-jxtd5,collector,2026-08-06T00:50:40Z,6014528000,105820160
2026-08-05T19:50:47.419625-05:00,job,raycluster-historyserver-cpu-worker-6qj2h,collector,2026-08-06T00:50:30Z,515176000,56049664
2026-08-05T19:50:47.419625-05:00,job,raycluster-historyserver-cpu-worker-6qj2h,ray-worker,2026-08-06T00:50:45Z,32026311000,1042165760
2026-08-05T19:50:48.419403-05:00,job,raycluster-historyserver-head-jxtd5,collector,2026-08-06T00:50:40Z,6014528000,105820160
2026-08-05T19:50:48.419403-05:00,job,raycluster-historyserver-head-jxtd5,ray-head,2026-08-06T00:50:36Z,17180791000,3378802688
2026-08-05T19:50:48.419403-05:00,job,raycluster-historyserver-cpu-worker-6qj2h,collector,2026-08-06T00:50:30Z,515176000,56049664
2026-08-05T19:50:48.419403-05:00,job,raycluster-historyserver-cpu-worker-6qj2h,ray-worker,2026-08-06T00:50:45Z,32026311000,1042165760
2026-08-05T19:50:49.417824-05:00,job,raycluster-historyserver-cpu-worker-6qj2h,collector,2026-08-06T00:50:48Z,6407326000,113635328
2026-08-05T19:50:49.417824-05:00,job,raycluster-historyserver-cpu-worker-6qj2h,ray-worker,2026-08-06T00:50:45Z,32026311000,1042165760
2026-08-05T19:50:49.417824-05:00,job,raycluster-historyserver-head-jxtd5,ray-head,2026-08-06T00:50:36Z,17180791000,3378802688
2026-08-05T19:50:49.417824-05:00,job,raycluster-historyserver-head-jxtd5,collector,2026-08-06T00:50:40Z,6014528000,105820160
2026-08-05T19:50:50.419799-05:00,job,raycluster-historyserver-cpu-worker-6qj2h,collector,2026-08-06T00:50:48Z,6407326000,113635328
2026-08-05T19:50:50.419799-05:00,job,raycluster-historyserver-cpu-worker-6qj2h,ray-worker,2026-08-06T00:50:45Z,32026311000,1042165760
2026-08-05T19:50:50.419799-05:00,job,raycluster-historyserver-head-jxtd5,ray-head,2026-08-06T00:50:36Z,17180791000,3378802688
2026-08-05T19:50:50.419799-05:00,job,raycluster-historyserver-head-jxtd5,collector,2026-08-06T00:50:40Z,6014528000,105820160
2026-08-05T19:50:51.419537-05:00,job,raycluster-historyserver-cpu-worker-6qj2h,collector,2026-08-06T00:50:48Z,6407326000,113635328
2026-08-05T19:50:51.419537-05:00,job,raycluster-historyserver-cpu-worker-6qj2h,ray-worker,2026-08-06T00:50:45Z,32026311000,1042165760
2026-08-05T19:50:51.419537-05:00,job,raycluster-historyserver-head-jxtd5,ray-head,2026-08-06T00:50:51Z,35202427000,3868987392
2026-08-05T19:50:51.419537-05:00,job,raycluster-historyserver-head-jxtd5,collector,2026-08-06T00:50:40Z,6014528000,105820160
2026-08-05T19:50:52.41975-05:00,job,raycluster-historyserver-cpu-worker-6qj2h,ray-worker,2026-08-06T00:50:45Z,32026311000,1042165760
2026-08-05T19:50:52.41975-05:00,job,raycluster-historyserver-cpu-worker-6qj2h,collector,2026-08-06T00:50:48Z,6407326000,113635328
2026-08-05T19:50:52.41975-05:00,job,raycluster-historyserver-head-jxtd5,ray-head,2026-08-06T00:50:51Z,35202427000,3868987392
2026-08-05T19:50:52.41975-05:00,job,raycluster-historyserver-head-jxtd5,collector,2026-08-06T00:50:51Z,13804920000,117170176
2026-08-05T19:50:53.418599-05:00,job,raycluster-historyserver-cpu-worker-6qj2h,collector,2026-08-06T00:50:48Z,6407326000,113635328
2026-08-05T19:50:53.418599-05:00,job,raycluster-historyserver-cpu-worker-6qj2h,ray-worker,2026-08-06T00:50:45Z,32026311000,1042165760
2026-08-05T19:50:53.418599-05:00,job,raycluster-historyserver-head-jxtd5,ray-head,2026-08-06T00:50:51Z,35202427000,3868987392
2026-08-05T19:50:53.418599-05:00,job,raycluster-historyserver-head-jxtd5,collector,2026-08-06T00:50:51Z,13804920000,117170176
2026-08-05T19:50:54.418526-05:00,job,raycluster-historyserver-cpu-worker-6qj2h,collector,2026-08-06T00:50:48Z,6407326000,113635328
2026-08-05T19:50:54.418526-05:00,job,raycluster-historyserver-cpu-worker-6qj2h,ray-worker,2026-08-06T00:50:45Z,32026311000,1042165760
2026-08-05T19:50:54.418526-05:00,job,raycluster-historyserver-head-jxtd5,ray-head,2026-08-06T00:50:51Z,35202427000,3868987392
2026-08-05T19:50:54.418526-05:00,job,raycluster-historyserver-head-jxtd5,collector,2026-08-06T00:50:51Z,13804920000,117170176
2026-08-05T19:50:55.41986-05:00,job,raycluster-historyserver-cpu-worker-6qj2h,collector,2026-08-06T00:50:48Z,6407326000,113635328
2026-08-05T19:50:55.41986-05:00,job,raycluster-historyserver-cpu-worker-6qj2h,ray-worker,2026-08-06T00:50:45Z,32026311000,1042165760
2026-08-05T19:50:55.41986-05:00,job,raycluster-historyserver-head-jxtd5,ray-head,2026-08-06T00:50:51Z,35202427000,3868987392
2026-08-05T19:50:55.41986-05:00,job,raycluster-historyserver-head-jxtd5,collector,2026-08-06T00:50:51Z,13804920000,117170176
2026-08-05T19:50:56.418505-05:00,job,raycluster-historyserver-cpu-worker-6qj2h,ray-worker,2026-08-06T00:50:45Z,32026311000,1042165760
2026-08-05T19:50:56.418505-05:00,job,raycluster-historyserver-cpu-worker-6qj2h,collector,2026-08-06T00:50:48Z,6407326000,113635328
2026-08-05T19:50:56.418505-05:00,job,raycluster-historyserver-head-jxtd5,ray-head,2026-08-06T00:50:51Z,35202427000,3868987392
2026-08-05T19:50:56.418505-05:00,job,raycluster-historyserver-head-jxtd5,collector,2026-08-06T00:50:51Z,13804920000,117170176
2026-08-05T19:50:57.419823-05:00,job,raycluster-historyserver-cpu-worker-6qj2h,collector,2026-08-06T00:50:48Z,6407326000,113635328
2026-08-05T19:50:57.419823-05:00,job,raycluster-historyserver-cpu-worker-6qj2h,ray-worker,2026-08-06T00:50:45Z,32026311000,1042165760
2026-08-05T19:50:57.419823-05:00,job,raycluster-historyserver-head-jxtd5,ray-head,2026-08-06T00:50:51Z,35202427000,3868987392
2026-08-05T19:50:57.419823-05:00,job,raycluster-historyserver-head-jxtd5,collector,2026-08-06T00:50:51Z,13804920000,117170176
2026-08-05T19:50:58.419887-05:00,job,raycluster-historyserver-head-jxtd5,ray-head,2026-08-06T00:50:51Z,35202427000,3868987392
2026-08-05T19:50:58.419887-05:00,job,raycluster-historyserver-head-jxtd5,collector,2026-08-06T00:50:51Z,13804920000,117170176
2026-08-05T19:50:58.419887-05:00,job,raycluster-historyserver-cpu-worker-6qj2h,collector,2026-08-06T00:50:48Z,6407326000,113635328
2026-08-05T19:50:58.419887-05:00,job,raycluster-historyserver-cpu-worker-6qj2h,ray-worker,2026-08-06T00:50:45Z,32026311000,1042165760
2026-08-05T19:50:59.418228-05:00,job,raycluster-historyserver-cpu-worker-6qj2h,ray-worker,2026-08-06T00:50:45Z,32026311000,1042165760
2026-08-05T19:50:59.418228-05:00,job,raycluster-historyserver-cpu-worker-6qj2h,collector,2026-08-06T00:50:48Z,6407326000,113635328
2026-08-05T19:50:59.418228-05:00,job,raycluster-historyserver-head-jxtd5,ray-head,2026-08-06T00:50:51Z,35202427000,3868987392
2026-08-05T19:50:59.418228-05:00,job,raycluster-historyserver-head-jxtd5,collector,2026-08-06T00:50:51Z,13804920000,117170176
2026-08-05T19:51:00.418288-05:00,job,raycluster-historyserver-cpu-worker-6qj2h,collector,2026-08-06T00:50:48Z,6407326000,113635328
2026-08-05T19:51:00.418288-05:00,job,raycluster-historyserver-cpu-worker-6qj2h,ray-worker,2026-08-06T00:50:45Z,32026311000,1042165760
2026-08-05T19:51:00.418288-05:00,job,raycluster-historyserver-head-jxtd5,ray-head,2026-08-06T00:50:51Z,35202427000,3868987392
2026-08-05T19:51:00.418288-05:00,job,raycluster-historyserver-head-jxtd5,collector,2026-08-06T00:50:51Z,13804920000,117170176
2026-08-05T19:51:01.419318-05:00,job,raycluster-historyserver-cpu-worker-6qj2h,collector,2026-08-06T00:50:48Z,6407326000,113635328
2026-08-05T19:51:01.419318-05:00,job,raycluster-historyserver-cpu-worker-6qj2h,ray-worker,2026-08-06T00:50:45Z,32026311000,1042165760
2026-08-05T19:51:01.419318-05:00,job,raycluster-historyserver-head-jxtd5,ray-head,2026-08-06T00:50:51Z,35202427000,3868987392
2026-08-05T19:51:01.419318-05:00,job,raycluster-historyserver-head-jxtd5,collector,2026-08-06T00:50:51Z,13804920000,117170176
2026-08-05T19:51:02.419905-05:00,job,raycluster-historyserver-cpu-worker-6qj2h,collector,2026-08-06T00:50:48Z,6407326000,113635328
2026-08-05T19:51:02.419905-05:00,job,raycluster-historyserver-cpu-worker-6qj2h,ray-worker,2026-08-06T00:50:45Z,32026311000,1042165760
2026-08-05T19:51:02.419905-05:00,job,raycluster-historyserver-head-jxtd5,ray-head,2026-08-06T00:50:51Z,35202427000,3868987392
2026-08-05T19:51:02.419905-05:00,job,raycluster-historyserver-head-jxtd5,collector,2026-08-06T00:50:51Z,13804920000,117170176
2026-08-05T19:51:03.419896-05:00,job,raycluster-historyserver-head-jxtd5,ray-head,2026-08-06T00:50:51Z,35202427000,3868987392
2026-08-05T19:51:03.419896-05:00,job,raycluster-historyserver-head-jxtd5,collector,2026-08-06T00:51:02Z,21601371000,139993088
2026-08-05T19:51:03.419896-05:00,job,raycluster-historyserver-cpu-worker-6qj2h,collector,2026-08-06T00:51:03Z,12075862000,124219392
2026-08-05T19:51:03.419896-05:00,job,raycluster-historyserver-cpu-worker-6qj2h,ray-worker,2026-08-06T00:51:03Z,67448280000,1088598016
2026-08-05T19:51:04.418563-05:00,job,raycluster-historyserver-cpu-worker-6qj2h,ray-worker,2026-08-06T00:51:03Z,67448280000,1088598016
2026-08-05T19:51:04.418563-05:00,job,raycluster-historyserver-cpu-worker-6qj2h,collector,2026-08-06T00:51:03Z,12075862000,124219392
2026-08-05T19:51:04.418563-05:00,job,raycluster-historyserver-head-jxtd5,ray-head,2026-08-06T00:51:03Z,48944767000,4061417472
2026-08-05T19:51:04.418563-05:00,job,raycluster-historyserver-head-jxtd5,collector,2026-08-06T00:51:02Z,21601371000,139993088
2026-08-05T19:51:05.419369-05:00,job,raycluster-historyserver-head-jxtd5,ray-head,2026-08-06T00:51:03Z,48944767000,4061417472
2026-08-05T19:51:05.419369-05:00,job,raycluster-historyserver-head-jxtd5,collector,2026-08-06T00:51:02Z,21601371000,139993088
2026-08-05T19:51:05.419369-05:00,job,raycluster-historyserver-cpu-worker-6qj2h,collector,2026-08-06T00:51:03Z,12075862000,124219392
2026-08-05T19:51:05.419369-05:00,job,raycluster-historyserver-cpu-worker-6qj2h,ray-worker,2026-08-06T00:51:03Z,67448280000,1088598016
2026-08-05T19:51:06.41869-05:00,job,raycluster-historyserver-cpu-worker-6qj2h,collector,2026-08-06T00:51:03Z,12075862000,124219392
2026-08-05T19:51:06.41869-05:00,job,raycluster-historyserver-cpu-worker-6qj2h,ray-worker,2026-08-06T00:51:03Z,67448280000,1088598016
2026-08-05T19:51:06.41869-05:00,job,raycluster-historyserver-head-jxtd5,ray-head,2026-08-06T00:51:03Z,48944767000,4061417472
2026-08-05T19:51:06.41869-05:00,job,raycluster-historyserver-head-jxtd5,collector,2026-08-06T00:51:02Z,21601371000,139993088
2026-08-05T19:51:07.418104-05:00,job,raycluster-historyserver-cpu-worker-6qj2h,collector,2026-08-06T00:51:03Z,12075862000,124219392
2026-08-05T19:51:07.418104-05:00,job,raycluster-historyserver-cpu-worker-6qj2h,ray-worker,2026-08-06T00:51:03Z,67448280000,1088598016
2026-08-05T19:51:07.418104-05:00,job,raycluster-historyserver-head-jxtd5,ray-head,2026-08-06T00:51:03Z,48944767000,4061417472
2026-08-05T19:51:07.418104-05:00,job,raycluster-historyserver-head-jxtd5,collector,2026-08-06T00:51:02Z,21601371000,139993088
2026-08-05T19:51:08.419643-05:00,job,raycluster-historyserver-cpu-worker-6qj2h,collector,2026-08-06T00:51:03Z,12075862000,124219392
2026-08-05T19:51:08.419643-05:00,job,raycluster-historyserver-cpu-worker-6qj2h,ray-worker,2026-08-06T00:51:03Z,67448280000,1088598016
2026-08-05T19:51:08.419643-05:00,job,raycluster-historyserver-head-jxtd5,ray-head,2026-08-06T00:51:03Z,48944767000,4061417472
2026-08-05T19:51:08.419643-05:00,job,raycluster-historyserver-head-jxtd5,collector,2026-08-06T00:51:02Z,21601371000,139993088
2026-08-05T19:51:09.419966-05:00,job,raycluster-historyserver-cpu-worker-6qj2h,ray-worker,2026-08-06T00:51:03Z,67448280000,1088598016
2026-08-05T19:51:09.419966-05:00,job,raycluster-historyserver-cpu-worker-6qj2h,collector,2026-08-06T00:51:03Z,12075862000,124219392
2026-08-05T19:51:09.419966-05:00,job,raycluster-historyserver-head-jxtd5,ray-head,2026-08-06T00:51:03Z,48944767000,4061417472
2026-08-05T19:51:09.419966-05:00,job,raycluster-historyserver-head-jxtd5,collector,2026-08-06T00:51:02Z,21601371000,139993088
2026-08-05T19:51:10.419044-05:00,job,raycluster-historyserver-cpu-worker-6qj2h,ray-worker,2026-08-06T00:51:03Z,67448280000,1088598016
2026-08-05T19:51:10.419044-05:00,job,raycluster-historyserver-cpu-worker-6qj2h,collector,2026-08-06T00:51:03Z,12075862000,124219392
2026-08-05T19:51:10.419044-05:00,job,raycluster-historyserver-head-jxtd5,ray-head,2026-08-06T00:51:03Z,48944767000,4061417472
2026-08-05T19:51:10.419044-05:00,job,raycluster-historyserver-head-jxtd5,collector,2026-08-06T00:51:02Z,21601371000,139993088
2026-08-05T19:51:11.418751-05:00,job,raycluster-historyserver-cpu-worker-6qj2h,collector,2026-08-06T00:51:03Z,12075862000,124219392
2026-08-05T19:51:11.418751-05:00,job,raycluster-historyserver-cpu-worker-6qj2h,ray-worker,2026-08-06T00:51:03Z,67448280000,1088598016
2026-08-05T19:51:11.418751-05:00,job,raycluster-historyserver-head-jxtd5,ray-head,2026-08-06T00:51:03Z,48944767000,4061417472
2026-08-05T19:51:11.418751-05:00,job,raycluster-historyserver-head-jxtd5,collector,2026-08-06T00:51:02Z,21601371000,139993088
2026-08-05T19:51:12.418777-05:00,job,raycluster-historyserver-cpu-worker-6qj2h,collector,2026-08-06T00:51:03Z,12075862000,124219392
2026-08-05T19:51:12.418777-05:00,job,raycluster-historyserver-cpu-worker-6qj2h,ray-worker,2026-08-06T00:51:03Z,67448280000,1088598016
2026-08-05T19:51:12.418777-05:00,job,raycluster-historyserver-head-jxtd5,collector,2026-08-06T00:51:02Z,21601371000,139993088
2026-08-05T19:51:12.418777-05:00,job,raycluster-historyserver-head-jxtd5,ray-head,2026-08-06T00:51:03Z,48944767000,4061417472
2026-08-05T19:51:13.419985-05:00,job,raycluster-historyserver-head-jxtd5,ray-head,2026-08-06T00:51:03Z,48944767000,4061417472
2026-08-05T19:51:13.419985-05:00,job,raycluster-historyserver-head-jxtd5,collector,2026-08-06T00:51:02Z,21601371000,139993088
2026-08-05T19:51:13.419985-05:00,job,raycluster-historyserver-cpu-worker-6qj2h,ray-worker,2026-08-06T00:51:03Z,67448280000,1088598016
2026-08-05T19:51:13.419985-05:00,job,raycluster-historyserver-cpu-worker-6qj2h,collector,2026-08-06T00:51:03Z,12075862000,124219392
2026-08-05T19:51:14.4198-05:00,job,raycluster-historyserver-head-jxtd5,ray-head,2026-08-06T00:51:03Z,48944767000,4061417472
2026-08-05T19:51:14.4198-05:00,job,raycluster-historyserver-head-jxtd5,collector,2026-08-06T00:51:13Z,30617493000,158195712
2026-08-05T19:51:14.4198-05:00,job,raycluster-historyserver-cpu-worker-6qj2h,collector,2026-08-06T00:51:03Z,12075862000,124219392
2026-08-05T19:51:14.4198-05:00,job,raycluster-historyserver-cpu-worker-6qj2h,ray-worker,2026-08-06T00:51:03Z,67448280000,1088598016
2026-08-05T19:51:15.419029-05:00,job,raycluster-historyserver-head-jxtd5,ray-head,2026-08-06T00:51:03Z,48944767000,4061417472
2026-08-05T19:51:15.419029-05:00,job,raycluster-historyserver-head-jxtd5,collector,2026-08-06T00:51:13Z,30617493000,158195712
2026-08-05T19:51:15.419029-05:00,job,raycluster-historyserver-cpu-worker-6qj2h,collector,2026-08-06T00:51:14Z,20288050000,115077120
2026-08-05T19:51:15.419029-05:00,job,raycluster-historyserver-cpu-worker-6qj2h,ray-worker,2026-08-06T00:51:03Z,67448280000,1088598016
2026-08-05T19:51:16.420145-05:00,job,raycluster-historyserver-cpu-worker-6qj2h,collector,2026-08-06T00:51:14Z,20288050000,115077120
2026-08-05T19:51:16.420145-05:00,job,raycluster-historyserver-cpu-worker-6qj2h,ray-worker,2026-08-06T00:51:03Z,67448280000,1088598016
2026-08-05T19:51:16.420145-05:00,job,raycluster-historyserver-head-jxtd5,ray-head,2026-08-06T00:51:03Z,48944767000,4061417472
2026-08-05T19:51:16.420145-05:00,job,raycluster-historyserver-head-jxtd5,collector,2026-08-06T00:51:13Z,30617493000,158195712
2026-08-05T19:51:17.418146-05:00,job,raycluster-historyserver-cpu-worker-6qj2h,ray-worker,2026-08-06T00:51:03Z,67448280000,1088598016
2026-08-05T19:51:17.418146-05:00,job,raycluster-historyserver-cpu-worker-6qj2h,collector,2026-08-06T00:51:14Z,20288050000,115077120
2026-08-05T19:51:17.418146-05:00,job,raycluster-historyserver-head-jxtd5,ray-head,2026-08-06T00:51:03Z,48944767000,4061417472
2026-08-05T19:51:17.418146-05:00,job,raycluster-historyserver-head-jxtd5,collector,2026-08-06T00:51:13Z,30617493000,158195712
2026-08-05T19:51:18.420055-05:00,job,raycluster-historyserver-head-jxtd5,collector,2026-08-06T00:51:13Z,30617493000,158195712
2026-08-05T19:51:18.420055-05:00,job,raycluster-historyserver-head-jxtd5,ray-head,2026-08-06T00:51:03Z,48944767000,4061417472
2026-08-05T19:51:18.420055-05:00,job,raycluster-historyserver-cpu-worker-6qj2h,collector,2026-08-06T00:51:14Z,20288050000,115077120
2026-08-05T19:51:18.420055-05:00,job,raycluster-historyserver-cpu-worker-6qj2h,ray-worker,2026-08-06T00:51:03Z,67448280000,1088598016
2026-08-05T19:51:19.420197-05:00,job,raycluster-historyserver-cpu-worker-6qj2h,collector,2026-08-06T00:51:14Z,20288050000,115077120
2026-08-05T19:51:19.420197-05:00,job,raycluster-historyserver-cpu-worker-6qj2h,ray-worker,2026-08-06T00:51:03Z,67448280000,1088598016
2026-08-05T19:51:19.420197-05:00,job,raycluster-historyserver-head-jxtd5,ray-head,2026-08-06T00:51:03Z,48944767000,4061417472
2026-08-05T19:51:19.420197-05:00,job,raycluster-historyserver-head-jxtd5,collector,2026-08-06T00:51:13Z,30617493000,158195712
2026-08-05T19:51:20.420053-05:00,job,raycluster-historyserver-cpu-worker-6qj2h,ray-worker,2026-08-06T00:51:03Z,67448280000,1088598016
2026-08-05T19:51:20.420053-05:00,job,raycluster-historyserver-cpu-worker-6qj2h,collector,2026-08-06T00:51:14Z,20288050000,115077120
2026-08-05T19:51:20.420053-05:00,job,raycluster-historyserver-head-jxtd5,ray-head,2026-08-06T00:51:19Z,55774771000,4094914560
2026-08-05T19:51:20.420053-05:00,job,raycluster-historyserver-head-jxtd5,collector,2026-08-06T00:51:13Z,30617493000,158195712
2026-08-05T19:51:21.419309-05:00,job,raycluster-historyserver-cpu-worker-6qj2h,collector,2026-08-06T00:51:14Z,20288050000,115077120
2026-08-05T19:51:21.419309-05:00,job,raycluster-historyserver-cpu-worker-6qj2h,ray-worker,2026-08-06T00:51:03Z,67448280000,1088598016
2026-08-05T19:51:21.419309-05:00,job,raycluster-historyserver-head-jxtd5,ray-head,2026-08-06T00:51:19Z,55774771000,4094914560
2026-08-05T19:51:21.419309-05:00,job,raycluster-historyserver-head-jxtd5,collector,2026-08-06T00:51:13Z,30617493000,158195712
2026-08-05T19:51:22.419049-05:00,job,raycluster-historyserver-cpu-worker-6qj2h,collector,2026-08-06T00:51:14Z,20288050000,115077120
2026-08-05T19:51:22.419049-05:00,job,raycluster-historyserver-cpu-worker-6qj2h,ray-worker,2026-08-06T00:51:03Z,67448280000,1088598016
2026-08-05T19:51:22.419049-05:00,job,raycluster-historyserver-head-jxtd5,ray-head,2026-08-06T00:51:19Z,55774771000,4094914560
2026-08-05T19:51:22.419049-05:00,job,raycluster-historyserver-head-jxtd5,collector,2026-08-06T00:51:13Z,30617493000,158195712
2026-08-05T19:51:23.420109-05:00,job,raycluster-historyserver-cpu-worker-6qj2h,collector,2026-08-06T00:51:14Z,20288050000,115077120
2026-08-05T19:51:23.420109-05:00,job,raycluster-historyserver-cpu-worker-6qj2h,ray-worker,2026-08-06T00:51:23Z,74032398000,592523264
2026-08-05T19:51:23.420109-05:00,job,raycluster-historyserver-head-jxtd5,ray-head,2026-08-06T00:51:19Z,55774771000,4094914560
2026-08-05T19:51:23.420109-05:00,job,raycluster-historyserver-head-jxtd5,collector,2026-08-06T00:51:13Z,30617493000,158195712
2026-08-05T19:51:24.420118-05:00,job,raycluster-historyserver-cpu-worker-6qj2h,collector,2026-08-06T00:51:14Z,20288050000,115077120
2026-08-05T19:51:24.420118-05:00,job,raycluster-historyserver-cpu-worker-6qj2h,ray-worker,2026-08-06T00:51:23Z,74032398000,592523264
2026-08-05T19:51:24.420118-05:00,job,raycluster-historyserver-head-jxtd5,ray-head,2026-08-06T00:51:19Z,55774771000,4094914560
2026-08-05T19:51:24.420118-05:00,job,raycluster-historyserver-head-jxtd5,collector,2026-08-06T00:51:13Z,30617493000,158195712
2026-08-05T19:51:25.420139-05:00,job,raycluster-historyserver-cpu-worker-6qj2h,collector,2026-08-06T00:51:14Z,20288050000,115077120
2026-08-05T19:51:25.420139-05:00,job,raycluster-historyserver-cpu-worker-6qj2h,ray-worker,2026-08-06T00:51:23Z,74032398000,592523264
2026-08-05T19:51:25.420139-05:00,job,raycluster-historyserver-head-jxtd5,ray-head,2026-08-06T00:51:19Z,55774771000,4094914560
2026-08-05T19:51:25.420139-05:00,job,raycluster-historyserver-head-jxtd5,collector,2026-08-06T00:51:13Z,30617493000,158195712
2026-08-05T19:51:26.419138-05:00,job,raycluster-historyserver-head-jxtd5,ray-head,2026-08-06T00:51:19Z,55774771000,4094914560
2026-08-05T19:51:26.419138-05:00,job,raycluster-historyserver-head-jxtd5,collector,2026-08-06T00:51:13Z,30617493000,158195712
2026-08-05T19:51:26.419138-05:00,job,raycluster-historyserver-cpu-worker-6qj2h,collector,2026-08-06T00:51:14Z,20288050000,115077120
2026-08-05T19:51:26.419138-05:00,job,raycluster-historyserver-cpu-worker-6qj2h,ray-worker,2026-08-06T00:51:23Z,74032398000,592523264
2026-08-05T19:51:27.419771-05:00,job,raycluster-historyserver-head-jxtd5,ray-head,2026-08-06T00:51:19Z,55774771000,4094914560
2026-08-05T19:51:27.419771-05:00,job,raycluster-historyserver-head-jxtd5,collector,2026-08-06T00:51:13Z,30617493000,158195712
2026-08-05T19:51:27.419771-05:00,job,raycluster-historyserver-cpu-worker-6qj2h,collector,2026-08-06T00:51:14Z,20288050000,115077120
2026-08-05T19:51:27.419771-05:00,job,raycluster-historyserver-cpu-worker-6qj2h,ray-worker,2026-08-06T00:51:23Z,74032398000,592523264
2026-08-05T19:51:28.420193-05:00,job,raycluster-historyserver-head-jxtd5,ray-head,2026-08-06T00:51:19Z,55774771000,4094914560
2026-08-05T19:51:28.420193-05:00,job,raycluster-historyserver-head-jxtd5,collector,2026-08-06T00:51:13Z,30617493000,158195712
2026-08-05T19:51:28.420193-05:00,job,raycluster-historyserver-cpu-worker-6qj2h,ray-worker,2026-08-06T00:51:23Z,74032398000,592523264
2026-08-05T19:51:28.420193-05:00,job,raycluster-historyserver-cpu-worker-6qj2h,collector,2026-08-06T00:51:14Z,20288050000,115077120
2026-08-05T19:51:29.418213-05:00,job,raycluster-historyserver-head-jxtd5,ray-head,2026-08-06T00:51:19Z,55774771000,4094914560
2026-08-05T19:51:29.418213-05:00,job,raycluster-historyserver-head-jxtd5,collector,2026-08-06T00:51:13Z,30617493000,158195712
2026-08-05T19:51:29.418213-05:00,job,raycluster-historyserver-cpu-worker-6qj2h,ray-worker,2026-08-06T00:51:23Z,74032398000,592523264
2026-08-05T19:51:29.418213-05:00,job,raycluster-historyserver-cpu-worker-6qj2h,collector,2026-08-06T00:51:14Z,20288050000,115077120
2026-08-05T19:51:30.419082-05:00,job,raycluster-historyserver-cpu-worker-6qj2h,ray-worker,2026-08-06T00:51:23Z,74032398000,592523264
2026-08-05T19:51:30.419082-05:00,job,raycluster-historyserver-cpu-worker-6qj2h,collector,2026-08-06T00:51:14Z,20288050000,115077120
2026-08-05T19:51:30.419082-05:00,job,raycluster-historyserver-head-jxtd5,ray-head,2026-08-06T00:51:19Z,55774771000,4094914560
2026-08-05T19:51:30.419082-05:00,job,raycluster-historyserver-head-jxtd5,collector,2026-08-06T00:51:13Z,30617493000,158195712
2026-08-05T19:51:31.420194-05:00,job,raycluster-historyserver-cpu-worker-6qj2h,ray-worker,2026-08-06T00:51:23Z,74032398000,592523264
2026-08-05T19:51:31.420194-05:00,job,raycluster-historyserver-cpu-worker-6qj2h,collector,2026-08-06T00:51:14Z,20288050000,115077120
2026-08-05T19:51:31.420194-05:00,job,raycluster-historyserver-head-jxtd5,ray-head,2026-08-06T00:51:19Z,55774771000,4094914560
2026-08-05T19:51:31.420194-05:00,job,raycluster-historyserver-head-jxtd5,collector,2026-08-06T00:51:13Z,30617493000,158195712
2026-08-05T19:51:32.42023-05:00,job,raycluster-historyserver-head-jxtd5,ray-head,2026-08-06T00:51:19Z,55774771000,4094914560
2026-08-05T19:51:32.42023-05:00,job,raycluster-historyserver-head-jxtd5,collector,2026-08-06T00:51:31Z,35242748000,95776768
2026-08-05T19:51:32.42023-05:00,job,raycluster-historyserver-cpu-worker-6qj2h,collector,2026-08-06T00:51:31Z,24805045000,105365504
2026-08-05T19:51:32.42023-05:00,job,raycluster-historyserver-cpu-worker-6qj2h,ray-worker,2026-08-06T00:51:23Z,74032398000,592523264
2026-08-05T19:51:33.420187-05:00,job,raycluster-historyserver-cpu-worker-6qj2h,collector,2026-08-06T00:51:31Z,24805045000,105365504
2026-08-05T19:51:33.420187-05:00,job,raycluster-historyserver-cpu-worker-6qj2h,ray-worker,2026-08-06T00:51:23Z,74032398000,592523264
2026-08-05T19:51:33.420187-05:00,job,raycluster-historyserver-head-jxtd5,ray-head,2026-08-06T00:51:19Z,55774771000,4094914560
2026-08-05T19:51:33.420187-05:00,job,raycluster-historyserver-head-jxtd5,collector,2026-08-06T00:51:31Z,35242748000,95776768
2026-08-05T19:51:34.418868-05:00,job,raycluster-historyserver-cpu-worker-6qj2h,collector,2026-08-06T00:51:31Z,24805045000,105365504
2026-08-05T19:51:34.418868-05:00,job,raycluster-historyserver-cpu-worker-6qj2h,ray-worker,2026-08-06T00:51:23Z,74032398000,592523264
2026-08-05T19:51:34.418868-05:00,job,raycluster-historyserver-head-jxtd5,ray-head,2026-08-06T00:51:19Z,55774771000,4094914560
2026-08-05T19:51:34.418868-05:00,job,raycluster-historyserver-head-jxtd5,collector,2026-08-06T00:51:31Z,35242748000,95776768
2026-08-05T19:51:35.418902-05:00,job,raycluster-historyserver-cpu-worker-6qj2h,ray-worker,2026-08-06T00:51:23Z,74032398000,592523264
2026-08-05T19:51:35.418902-05:00,job,raycluster-historyserver-cpu-worker-6qj2h,collector,2026-08-06T00:51:31Z,24805045000,105365504
2026-08-05T19:51:35.418902-05:00,job,raycluster-historyserver-head-jxtd5,ray-head,2026-08-06T00:51:19Z,55774771000,4094914560
2026-08-05T19:51:35.418902-05:00,job,raycluster-historyserver-head-jxtd5,collector,2026-08-06T00:51:31Z,35242748000,95776768
2026-08-05T19:51:36.4203-05:00,job,raycluster-historyserver-cpu-worker-6qj2h,collector,2026-08-06T00:51:31Z,24805045000,105365504
2026-08-05T19:51:36.4203-05:00,job,raycluster-historyserver-cpu-worker-6qj2h,ray-worker,2026-08-06T00:51:23Z,74032398000,592523264
2026-08-05T19:51:36.4203-05:00,job,raycluster-historyserver-head-jxtd5,ray-head,2026-08-06T00:51:19Z,55774771000,4094914560
2026-08-05T19:51:36.4203-05:00,job,raycluster-historyserver-head-jxtd5,collector,2026-08-06T00:51:31Z,35242748000,95776768
2026-08-05T19:51:37.420299-05:00,job,raycluster-historyserver-head-jxtd5,ray-head,2026-08-06T00:51:36Z,57479212000,3739738112
2026-08-05T19:51:37.420299-05:00,job,raycluster-historyserver-head-jxtd5,collector,2026-08-06T00:51:31Z,35242748000,95776768
2026-08-05T19:51:37.420299-05:00,job,raycluster-historyserver-cpu-worker-6qj2h,collector,2026-08-06T00:51:31Z,24805045000,105365504
2026-08-05T19:51:37.420299-05:00,job,raycluster-historyserver-cpu-worker-6qj2h,ray-worker,2026-08-06T00:51:23Z,74032398000,592523264
2026-08-05T19:51:38.420241-05:00,job,raycluster-historyserver-cpu-worker-6qj2h,collector,2026-08-06T00:51:31Z,24805045000,105365504
2026-08-05T19:51:38.420241-05:00,job,raycluster-historyserver-cpu-worker-6qj2h,ray-worker,2026-08-06T00:51:23Z,74032398000,592523264
2026-08-05T19:51:38.420241-05:00,job,raycluster-historyserver-head-jxtd5,ray-head,2026-08-06T00:51:36Z,57479212000,3739738112
2026-08-05T19:51:38.420241-05:00,job,raycluster-historyserver-head-jxtd5,collector,2026-08-06T00:51:31Z,35242748000,95776768
2026-08-05T19:51:39.419188-05:00,job,raycluster-historyserver-cpu-worker-6qj2h,ray-worker,2026-08-06T00:51:23Z,74032398000,592523264
2026-08-05T19:51:39.419188-05:00,job,raycluster-historyserver-cpu-worker-6qj2h,collector,2026-08-06T00:51:31Z,24805045000,105365504
2026-08-05T19:51:39.419188-05:00,job,raycluster-historyserver-head-jxtd5,ray-head,2026-08-06T00:51:36Z,57479212000,3739738112
2026-08-05T19:51:39.419188-05:00,job,raycluster-historyserver-head-jxtd5,collector,2026-08-06T00:51:31Z,35242748000,95776768
2026-08-05T19:51:40.420279-05:00,job,raycluster-historyserver-cpu-worker-6qj2h,collector,2026-08-06T00:51:31Z,24805045000,105365504
2026-08-05T19:51:40.420279-05:00,job,raycluster-historyserver-cpu-worker-6qj2h,ray-worker,2026-08-06T00:51:23Z,74032398000,592523264
2026-08-05T19:51:40.420279-05:00,job,raycluster-historyserver-head-jxtd5,ray-head,2026-08-06T00:51:36Z,57479212000,3739738112
2026-08-05T19:51:40.420279-05:00,job,raycluster-historyserver-head-jxtd5,collector,2026-08-06T00:51:31Z,35242748000,95776768
2026-08-05T19:51:41.419688-05:00,job,raycluster-historyserver-head-jxtd5,collector,2026-08-06T00:51:31Z,35242748000,95776768
2026-08-05T19:51:41.419688-05:00,job,raycluster-historyserver-head-jxtd5,ray-head,2026-08-06T00:51:36Z,57479212000,3739738112
2026-08-05T19:51:41.419688-05:00,job,raycluster-historyserver-cpu-worker-6qj2h,collector,2026-08-06T00:51:31Z,24805045000,105365504
2026-08-05T19:51:41.419688-05:00,job,raycluster-historyserver-cpu-worker-6qj2h,ray-worker,2026-08-06T00:51:23Z,74032398000,592523264
2026-08-05T19:51:42.41896-05:00,job,raycluster-historyserver-head-jxtd5,ray-head,2026-08-06T00:51:36Z,57479212000,3739738112
2026-08-05T19:51:42.41896-05:00,job,raycluster-historyserver-head-jxtd5,collector,2026-08-06T00:51:31Z,35242748000,95776768
2026-08-05T19:51:42.41896-05:00,job,raycluster-historyserver-cpu-worker-6qj2h,collector,2026-08-06T00:51:31Z,24805045000,105365504
2026-08-05T19:51:42.41896-05:00,job,raycluster-historyserver-cpu-worker-6qj2h,ray-worker,2026-08-06T00:51:23Z,74032398000,592523264
2026-08-05T19:51:47.420627-05:00,historyserver,historyserver-demo-7f67bfd478-7vfqh,historyserver,2026-08-06T00:51:47Z,152803000,26009600
2026-08-05T19:51:48.418566-05:00,historyserver,historyserver-demo-7f67bfd478-7vfqh,historyserver,2026-08-06T00:51:48Z,538412000,67768320
2026-08-05T19:51:49.418568-05:00,historyserver,historyserver-demo-7f67bfd478-7vfqh,historyserver,2026-08-06T00:51:49Z,538412000,67768320
2026-08-05T19:51:50.418787-05:00,historyserver,historyserver-demo-7f67bfd478-7vfqh,historyserver,2026-08-06T00:51:50Z,891657000,365547520
2026-08-05T19:51:51.419785-05:00,historyserver,historyserver-demo-7f67bfd478-7vfqh,historyserver,2026-08-06T00:51:51Z,1391854000,619249664
2026-08-05T19:51:52.418774-05:00,historyserver,historyserver-demo-7f67bfd478-7vfqh,historyserver,2026-08-06T00:51:52Z,1891884000,634400768
2026-08-05T19:51:53.420037-05:00,historyserver,historyserver-demo-7f67bfd478-7vfqh,historyserver,2026-08-06T00:51:53Z,2390992000,634974208
2026-08-05T19:51:54.420428-05:00,historyserver,historyserver-demo-7f67bfd478-7vfqh,historyserver,2026-08-06T00:51:54Z,2889132000,635682816
2026-08-05T19:51:55.420445-05:00,historyserver,historyserver-demo-7f67bfd478-7vfqh,historyserver,2026-08-06T00:51:55Z,3389866000,636395520
2026-08-05T19:51:56.41867-05:00,historyserver,historyserver-demo-7f67bfd478-7vfqh,historyserver,2026-08-06T00:51:56Z,3892500000,637263872
2026-08-05T19:51:57.420416-05:00,historyserver,historyserver-demo-7f67bfd478-7vfqh,historyserver,2026-08-06T00:51:57Z,4388133000,638226432
2026-08-05T19:51:58.420485-05:00,historyserver,historyserver-demo-7f67bfd478-7vfqh,historyserver,2026-08-06T00:51:58Z,4887341000,638472192
2026-08-05T19:51:59.420492-05:00,historyserver,historyserver-demo-7f67bfd478-7vfqh,historyserver,2026-08-06T00:51:59Z,5390470000,639070208
2026-08-05T19:52:00.420213-05:00,historyserver,historyserver-demo-7f67bfd478-7vfqh,historyserver,2026-08-06T00:52:00Z,5889362000,639545344
2026-08-05T19:52:01.420445-05:00,historyserver,historyserver-demo-7f67bfd478-7vfqh,historyserver,2026-08-06T00:52:01Z,6390695000,640520192
2026-08-05T19:52:02.420502-05:00,historyserver,historyserver-demo-7f67bfd478-7vfqh,historyserver,2026-08-06T00:52:02Z,6891709000,641257472
2026-08-05T19:52:03.418809-05:00,historyserver,historyserver-demo-7f67bfd478-7vfqh,historyserver,2026-08-06T00:52:03Z,7389215000,641740800
2026-08-05T19:52:04.420455-05:00,historyserver,historyserver-demo-7f67bfd478-7vfqh,historyserver,2026-08-06T00:52:03Z,7642058000,642592768
2026-08-05T19:52:05.420483-05:00,historyserver,historyserver-demo-7f67bfd478-7vfqh,historyserver,2026-08-06T00:52:03Z,7642058000,642592768
2026-08-05T19:52:06.42042-05:00,historyserver,historyserver-demo-7f67bfd478-7vfqh,historyserver,2026-08-06T00:52:03Z,7642058000,642592768
2026-08-05T19:52:07.418883-05:00,historyserver,historyserver-demo-7f67bfd478-7vfqh,historyserver,2026-08-06T00:52:03Z,7642058000,642592768
2026-08-05T19:52:08.419671-05:00,historyserver,historyserver-demo-7f67bfd478-7vfqh,historyserver,2026-08-06T00:52:03Z,7642058000,642592768
2026-08-05T19:52:09.419851-05:00,historyserver,historyserver-demo-7f67bfd478-7vfqh,historyserver,2026-08-06T00:52:03Z,7642058000,642592768
2026-08-05T19:52:10.418743-05:00,historyserver,historyserver-demo-7f67bfd478-7vfqh,historyserver,2026-08-06T00:52:03Z,7642058000,642592768
2026-08-05T19:52:11.41976-05:00,historyserver,historyserver-demo-7f67bfd478-7vfqh,historyserver,2026-08-06T00:52:03Z,7642058000,642592768
2026-08-05T19:52:12.419525-05:00,historyserver,historyserver-demo-7f67bfd478-7vfqh,historyserver,2026-08-06T00:52:03Z,7642058000,642592768
2026-08-05T19:52:13.419273-05:00,historyserver,historyserver-demo-7f67bfd478-7vfqh,historyserver,2026-08-06T00:52:03Z,7642058000,642592768
2026-08-05T19:52:14.420535-05:00,historyserver,historyserver-demo-7f67bfd478-7vfqh,historyserver,2026-08-06T00:52:03Z,7642058000,642592768
2026-08-05T19:52:15.418613-05:00,historyserver,historyserver-demo-7f67bfd478-7vfqh,historyserver,2026-08-06T00:52:03Z,7642058000,642592768
2026-08-05T19:52:16.420596-05:00,historyserver,historyserver-demo-7f67bfd478-7vfqh,historyserver,2026-08-06T00:52:03Z,7642058000,642592768
2026-08-05T19:52:17.419339-05:00,historyserver,historyserver-demo-7f67bfd478-7vfqh,historyserver,2026-08-06T00:52:03Z,7642058000,642592768
2026-08-05T19:52:18.420643-05:00,historyserver,historyserver-demo-7f67bfd478-7vfqh,historyserver,2026-08-06T00:52:03Z,7642058000,642592768
2026-08-05T19:52:19.420673-05:00,historyserver,historyserver-demo-7f67bfd478-7vfqh,historyserver,2026-08-06T00:52:03Z,7642058000,642592768
2026-08-05T19:52:20.420106-05:00,historyserver,historyserver-demo-7f67bfd478-7vfqh,historyserver,2026-08-06T00:52:03Z,7642058000,642592768
2026-08-05T19:52:21.420574-05:00,historyserver,historyserver-demo-7f67bfd478-7vfqh,historyserver,2026-08-06T00:52:03Z,7642058000,642592768
2026-08-05T19:52:22.419639-05:00,historyserver,historyserver-demo-7f67bfd478-7vfqh,historyserver,2026-08-06T00:52:03Z,7642058000,642592768
2026-08-05T19:52:23.420169-05:00,historyserver,historyserver-demo-7f67bfd478-7vfqh,historyserver,2026-08-06T00:52:22Z,17022568000,947478528
2026-08-05T19:52:24.419139-05:00,historyserver,historyserver-demo-7f67bfd478-7vfqh,historyserver,2026-08-06T00:52:22Z,17022568000,947478528
2026-08-05T19:52:25.419521-05:00,historyserver,historyserver-demo-7f67bfd478-7vfqh,historyserver,2026-08-06T00:52:22Z,17022568000,947478528
2026-08-05T19:52:26.419021-05:00,historyserver,historyserver-demo-7f67bfd478-7vfqh,historyserver,2026-08-06T00:52:22Z,17022568000,947478528
2026-08-05T19:52:27.41979-05:00,historyserver,historyserver-demo-7f67bfd478-7vfqh,historyserver,2026-08-06T00:52:22Z,17022568000,947478528
2026-08-05T19:52:28.420681-05:00,historyserver,historyserver-demo-7f67bfd478-7vfqh,historyserver,2026-08-06T00:52:22Z,17022568000,947478528
2026-08-05T19:52:29.420168-05:00,historyserver,historyserver-demo-7f67bfd478-7vfqh,historyserver,2026-08-06T00:52:22Z,17022568000,947478528
2026-08-05T19:52:30.419893-05:00,historyserver,historyserver-demo-7f67bfd478-7vfqh,historyserver,2026-08-06T00:52:22Z,17022568000,947478528
2026-08-05T19:52:31.420681-05:00,historyserver,historyserver-demo-7f67bfd478-7vfqh,historyserver,2026-08-06T00:52:22Z,17022568000,947478528
2026-08-05T19:52:32.420378-05:00,historyserver,historyserver-demo-7f67bfd478-7vfqh,historyserver,2026-08-06T00:52:22Z,17022568000,947478528
2026-08-05T19:52:33.420766-05:00,historyserver,historyserver-demo-7f67bfd478-7vfqh,historyserver,2026-08-06T00:52:22Z,17022568000,947478528
2026-08-05T19:52:34.420803-05:00,historyserver,historyserver-demo-7f67bfd478-7vfqh,historyserver,2026-08-06T00:52:22Z,17022568000,947478528
2026-08-05T19:52:35.420023-05:00,historyserver,historyserver-demo-7f67bfd478-7vfqh,historyserver,2026-08-06T00:52:22Z,17022568000,947478528
2026-08-05T19:52:36.420705-05:00,historyserver,historyserver-demo-7f67bfd478-7vfqh,historyserver,2026-08-06T00:52:22Z,17022568000,947478528
2026-08-05T19:52:37.419496-05:00,historyserver,historyserver-demo-7f67bfd478-7vfqh,historyserver,2026-08-06T00:52:22Z,17022568000,947478528
2026-08-05T19:52:38.420588-05:00,historyserver,historyserver-demo-7f67bfd478-7vfqh,historyserver,2026-08-06T00:52:22Z,17022568000,947478528
2026-08-05T19:52:39.42074-05:00,historyserver,historyserver-demo-7f67bfd478-7vfqh,historyserver,2026-08-06T00:52:22Z,17022568000,947478528
2026-08-05T19:52:40.420537-05:00,historyserver,historyserver-demo-7f67bfd478-7vfqh,historyserver,2026-08-06T00:52:22Z,17022568000,947478528
2026-08-05T19:52:41.420463-05:00,historyserver,historyserver-demo-7f67bfd478-7vfqh,historyserver,2026-08-06T00:52:41Z,26187618000,1389965312
2026-08-05T19:52:42.420258-05:00,historyserver,historyserver-demo-7f67bfd478-7vfqh,historyserver,2026-08-06T00:52:41Z,26187618000,1389965312
2026-08-05T19:52:43.41902-05:00,historyserver,historyserver-demo-7f67bfd478-7vfqh,historyserver,2026-08-06T00:52:41Z,26187618000,1389965312
2026-08-05T19:52:44.419696-05:00,historyserver,historyserver-demo-7f67bfd478-7vfqh,historyserver,2026-08-06T00:52:41Z,26187618000,1389965312
2026-08-05T19:52:45.419117-05:00,historyserver,historyserver-demo-7f67bfd478-7vfqh,historyserver,2026-08-06T00:52:41Z,26187618000,1389965312
2026-08-05T19:52:46.42088-05:00,historyserver,historyserver-demo-7f67bfd478-7vfqh,historyserver,2026-08-06T00:52:41Z,26187618000,1389965312
2026-08-05T19:52:47.420915-05:00,historyserver,historyserver-demo-7f67bfd478-7vfqh,historyserver,2026-08-06T00:52:41Z,26187618000,1389965312
2026-08-05T19:52:48.419773-05:00,historyserver,historyserver-demo-7f67bfd478-7vfqh,historyserver,2026-08-06T00:52:41Z,26187618000,1389965312
2026-08-05T19:52:49.420234-05:00,historyserver,historyserver-demo-7f67bfd478-7vfqh,historyserver,2026-08-06T00:52:41Z,26187618000,1389965312
2026-08-05T19:52:50.420866-05:00,historyserver,historyserver-demo-7f67bfd478-7vfqh,historyserver,2026-08-06T00:52:41Z,26187618000,1389965312
2026-08-05T19:52:51.420921-05:00,historyserver,historyserver-demo-7f67bfd478-7vfqh,historyserver,2026-08-06T00:52:41Z,26187618000,1389965312
2026-08-05T19:52:52.420334-05:00,historyserver,historyserver-demo-7f67bfd478-7vfqh,historyserver,2026-08-06T00:52:41Z,26187618000,1389965312
2026-08-05T19:52:53.42004-05:00,historyserver,historyserver-demo-7f67bfd478-7vfqh,historyserver,2026-08-06T00:52:41Z,26187618000,1389965312
2026-08-05T19:52:54.42008-05:00,historyserver,historyserver-demo-7f67bfd478-7vfqh,historyserver,2026-08-06T00:52:41Z,26187618000,1389965312
2026-08-05T19:52:55.420927-05:00,historyserver,historyserver-demo-7f67bfd478-7vfqh,historyserver,2026-08-06T00:52:41Z,26187618000,1389965312
2026-08-05T19:52:56.420968-05:00,historyserver,historyserver-demo-7f67bfd478-7vfqh,historyserver,2026-08-06T00:52:41Z,26187618000,1389965312
2026-08-05T19:52:57.419945-05:00,historyserver,historyserver-demo-7f67bfd478-7vfqh,historyserver,2026-08-06T00:52:41Z,26187618000,1389965312
2026-08-05T19:52:58.420978-05:00,historyserver,historyserver-demo-7f67bfd478-7vfqh,historyserver,2026-08-06T00:52:41Z,26187618000,1389965312
2026-08-05T19:52:59.420486-05:00,historyserver,historyserver-demo-7f67bfd478-7vfqh,historyserver,2026-08-06T00:52:58Z,34906129000,1545445376
2026-08-05T19:53:00.419698-05:00,historyserver,historyserver-demo-7f67bfd478-7vfqh,historyserver,2026-08-06T00:52:58Z,34906129000,1545445376
2026-08-05T19:53:01.421053-05:00,historyserver,historyserver-demo-7f67bfd478-7vfqh,historyserver,2026-08-06T00:52:58Z,34906129000,1545445376
2026-08-05T19:53:02.421006-05:00,historyserver,historyserver-demo-7f67bfd478-7vfqh,historyserver,2026-08-06T00:52:58Z,34906129000,1545445376
2026-08-05T19:53:03.421004-05:00,historyserver,historyserver-demo-7f67bfd478-7vfqh,historyserver,2026-08-06T00:52:58Z,34906129000,1545445376
2026-08-05T19:53:04.420494-05:00,historyserver,historyserver-demo-7f67bfd478-7vfqh,historyserver,2026-08-06T00:52:58Z,34906129000,1545445376
2026-08-05T19:53:05.419486-05:00,historyserver,historyserver-demo-7f67bfd478-7vfqh,historyserver,2026-08-06T00:52:58Z,34906129000,1545445376
2026-08-05T19:53:06.421053-05:00,historyserver,historyserver-demo-7f67bfd478-7vfqh,historyserver,2026-08-06T00:52:58Z,34906129000,1545445376
2026-08-05T19:53:07.420226-05:00,historyserver,historyserver-demo-7f67bfd478-7vfqh,historyserver,2026-08-06T00:52:58Z,34906129000,1545445376
2026-08-05T19:53:08.421009-05:00,historyserver,historyserver-demo-7f67bfd478-7vfqh,historyserver,2026-08-06T00:52:58Z,34906129000,1545445376
2026-08-05T19:53:09.421046-05:00,historyserver,historyserver-demo-7f67bfd478-7vfqh,historyserver,2026-08-06T00:52:58Z,34906129000,1545445376
2026-08-05T19:53:10.421009-05:00,historyserver,historyserver-demo-7f67bfd478-7vfqh,historyserver,2026-08-06T00:52:58Z,34906129000,1545445376
2026-08-05T19:53:11.419773-05:00,historyserver,historyserver-demo-7f67bfd478-7vfqh,historyserver,2026-08-06T00:52:58Z,34906129000,1545445376
2026-08-05T19:53:12.420057-05:00,historyserver,historyserver-demo-7f67bfd478-7vfqh,historyserver,2026-08-06T00:52:58Z,34906129000,1545445376
2026-08-05T19:53:13.420294-05:00,historyserver,historyserver-demo-7f67bfd478-7vfqh,historyserver,2026-08-06T00:53:12Z,42005266000,1547476992
2026-08-05T19:53:14.419509-05:00,historyserver,historyserver-demo-7f67bfd478-7vfqh,historyserver,2026-08-06T00:53:12Z,42005266000,1547476992
2026-08-05T19:53:15.420949-05:00,historyserver,historyserver-demo-7f67bfd478-7vfqh,historyserver,2026-08-06T00:53:12Z,42005266000,1547476992
2026-08-05T19:53:16.420393-05:00,historyserver,historyserver-demo-7f67bfd478-7vfqh,historyserver,2026-08-06T00:53:12Z,42005266000,1547476992
2026-08-05T19:53:17.42124-05:00,historyserver,historyserver-demo-7f67bfd478-7vfqh,historyserver,2026-08-06T00:53:12Z,42005266000,1547476992
2026-08-05T19:53:18.421128-05:00,historyserver,historyserver-demo-7f67bfd478-7vfqh,historyserver,2026-08-06T00:53:12Z,42005266000,1547476992
2026-08-05T19:53:19.421178-05:00,historyserver,historyserver-demo-7f67bfd478-7vfqh,historyserver,2026-08-06T00:53:12Z,42005266000,1547476992
2026-08-05T19:53:20.419794-05:00,historyserver,historyserver-demo-7f67bfd478-7vfqh,historyserver,2026-08-06T00:53:12Z,42005266000,1547476992
2026-08-05T19:53:21.421163-05:00,historyserver,historyserver-demo-7f67bfd478-7vfqh,historyserver,2026-08-06T00:53:12Z,42005266000,1547476992
2026-08-05T19:53:22.419922-05:00,historyserver,historyserver-demo-7f67bfd478-7vfqh,historyserver,2026-08-06T00:53:12Z,42005266000,1547476992
2026-08-05T19:53:23.421162-05:00,historyserver,historyserver-demo-7f67bfd478-7vfqh,historyserver,2026-08-06T00:53:12Z,42005266000,1547476992
2026-08-05T19:53:24.42118-05:00,historyserver,historyserver-demo-7f67bfd478-7vfqh,historyserver,2026-08-06T00:53:12Z,42005266000,1547476992
2026-08-05T19:53:25.421203-05:00,historyserver,historyserver-demo-7f67bfd478-7vfqh,historyserver,2026-08-06T00:53:12Z,42005266000,1547476992
2026-08-05T19:53:26.420046-05:00,historyserver,historyserver-demo-7f67bfd478-7vfqh,historyserver,2026-08-06T00:53:12Z,42005266000,1547476992
2026-08-05T19:53:27.420776-05:00,historyserver,historyserver-demo-7f67bfd478-7vfqh,historyserver,2026-08-06T00:53:27Z,49289387000,1935872000
2026-08-05T19:53:28.421278-05:00,historyserver,historyserver-demo-7f67bfd478-7vfqh,historyserver,2026-08-06T00:53:27Z,49289387000,1935872000
2026-08-05T19:53:29.421178-05:00,historyserver,historyserver-demo-7f67bfd478-7vfqh,historyserver,2026-08-06T00:53:27Z,49289387000,1935872000
2026-08-05T19:53:30.420117-05:00,historyserver,historyserver-demo-7f67bfd478-7vfqh,historyserver,2026-08-06T00:53:27Z,49289387000,1935872000
2026-08-05T19:53:31.419522-05:00,historyserver,historyserver-demo-7f67bfd478-7vfqh,historyserver,2026-08-06T00:53:27Z,49289387000,1935872000
2026-08-05T19:53:32.420192-05:00,historyserver,historyserver-demo-7f67bfd478-7vfqh,historyserver,2026-08-06T00:53:27Z,49289387000,1935872000
2026-08-05T19:53:33.419736-05:00,historyserver,historyserver-demo-7f67bfd478-7vfqh,historyserver,2026-08-06T00:53:27Z,49289387000,1935872000
2026-08-05T19:53:34.41959-05:00,historyserver,historyserver-demo-7f67bfd478-7vfqh,historyserver,2026-08-06T00:53:27Z,49289387000,1935872000
2026-08-05T19:53:35.420253-05:00,historyserver,historyserver-demo-7f67bfd478-7vfqh,historyserver,2026-08-06T00:53:27Z,49289387000,1935872000
2026-08-05T19:53:36.419792-05:00,historyserver,historyserver-demo-7f67bfd478-7vfqh,historyserver,2026-08-06T00:53:27Z,49289387000,1935872000
2026-08-05T19:53:37.420287-05:00,historyserver,historyserver-demo-7f67bfd478-7vfqh,historyserver,2026-08-06T00:53:27Z,49289387000,1935872000
2026-08-05T19:53:38.419325-05:00,historyserver,historyserver-demo-7f67bfd478-7vfqh,historyserver,2026-08-06T00:53:27Z,49289387000,1935872000
2026-08-05T19:53:39.420327-05:00,historyserver,historyserver-demo-7f67bfd478-7vfqh,historyserver,2026-08-06T00:53:27Z,49289387000,1935872000
2026-08-05T19:53:40.42029-05:00,historyserver,historyserver-demo-7f67bfd478-7vfqh,historyserver,2026-08-06T00:53:27Z,49289387000,1935872000
2026-08-05T19:53:41.420281-05:00,historyserver,historyserver-demo-7f67bfd478-7vfqh,historyserver,2026-08-06T00:53:27Z,49289387000,1935872000
2026-08-05T19:53:42.420232-05:00,historyserver,historyserver-demo-7f67bfd478-7vfqh,historyserver,2026-08-06T00:53:27Z,49289387000,1935872000
2026-08-05T19:53:43.420292-05:00,historyserver,historyserver-demo-7f67bfd478-7vfqh,historyserver,2026-08-06T00:53:43Z,57339916000,2033135616
2026-08-05T19:53:44.420087-05:00,historyserver,historyserver-demo-7f67bfd478-7vfqh,historyserver,2026-08-06T00:53:43Z,57339916000,2033135616
2026-08-05T19:53:45.420355-05:00,historyserver,historyserver-demo-7f67bfd478-7vfqh,historyserver,2026-08-06T00:53:43Z,57339916000,2033135616
2026-08-05T19:53:46.420705-05:00,historyserver,historyserver-demo-7f67bfd478-7vfqh,historyserver,2026-08-06T00:53:43Z,57339916000,2033135616
2026-08-05T19:53:47.420377-05:00,historyserver,historyserver-demo-7f67bfd478-7vfqh,historyserver,2026-08-06T00:53:43Z,57339916000,2033135616
2026-08-05T19:53:48.420357-05:00,historyserver,historyserver-demo-7f67bfd478-7vfqh,historyserver,2026-08-06T00:53:43Z,57339916000,2033135616
2026-08-05T19:53:49.420371-05:00,historyserver,historyserver-demo-7f67bfd478-7vfqh,historyserver,2026-08-06T00:53:43Z,57339916000,2033135616
2026-08-05T19:53:50.420384-05:00,historyserver,historyserver-demo-7f67bfd478-7vfqh,historyserver,2026-08-06T00:53:43Z,57339916000,2033135616
2026-08-05T19:53:51.419897-05:00,historyserver,historyserver-demo-7f67bfd478-7vfqh,historyserver,2026-08-06T00:53:43Z,57339916000,2033135616
2026-08-05T19:53:52.420443-05:00,historyserver,historyserver-demo-7f67bfd478-7vfqh,historyserver,2026-08-06T00:53:43Z,57339916000,2033135616
2026-08-05T19:53:53.420414-05:00,historyserver,historyserver-demo-7f67bfd478-7vfqh,historyserver,2026-08-06T00:53:43Z,57339916000,2033135616
2026-08-05T19:53:54.42041-05:00,historyserver,historyserver-demo-7f67bfd478-7vfqh,historyserver,2026-08-06T00:53:43Z,57339916000,2033135616
2026-08-05T19:53:55.420326-05:00,historyserver,historyserver-demo-7f67bfd478-7vfqh,historyserver,2026-08-06T00:53:43Z,57339916000,2033135616
2026-08-05T19:53:56.42044-05:00,historyserver,historyserver-demo-7f67bfd478-7vfqh,historyserver,2026-08-06T00:53:43Z,57339916000,2033135616
2026-08-05T19:53:57.419967-05:00,historyserver,historyserver-demo-7f67bfd478-7vfqh,historyserver,2026-08-06T00:53:57Z,64220825000,2159333376
2026-08-05T19:53:58.420475-05:00,historyserver,historyserver-demo-7f67bfd478-7vfqh,historyserver,2026-08-06T00:53:57Z,64220825000,2159333376
2026-08-05T19:53:59.420467-05:00,historyserver,historyserver-demo-7f67bfd478-7vfqh,historyserver,2026-08-06T00:53:57Z,64220825000,2159333376
2026-08-05T19:54:00.420159-05:00,historyserver,historyserver-demo-7f67bfd478-7vfqh,historyserver,2026-08-06T00:53:57Z,64220825000,2159333376
2026-08-05T19:54:01.420564-05:00,historyserver,historyserver-demo-7f67bfd478-7vfqh,historyserver,2026-08-06T00:53:57Z,64220825000,2159333376
2026-08-05T19:54:02.420504-05:00,historyserver,historyserver-demo-7f67bfd478-7vfqh,historyserver,2026-08-06T00:53:57Z,64220825000,2159333376
2026-08-05T19:54:03.420492-05:00,historyserver,historyserver-demo-7f67bfd478-7vfqh,historyserver,2026-08-06T00:53:57Z,64220825000,2159333376
2026-08-05T19:54:04.420408-05:00,historyserver,historyserver-demo-7f67bfd478-7vfqh,historyserver,2026-08-06T00:53:57Z,64220825000,2159333376
2026-08-05T19:54:05.420039-05:00,historyserver,historyserver-demo-7f67bfd478-7vfqh,historyserver,2026-08-06T00:53:57Z,64220825000,2159333376
2026-08-05T19:54:06.420564-05:00,historyserver,historyserver-demo-7f67bfd478-7vfqh,historyserver,2026-08-06T00:53:57Z,64220825000,2159333376
2026-08-05T19:54:07.420532-05:00,historyserver,historyserver-demo-7f67bfd478-7vfqh,historyserver,2026-08-06T00:53:57Z,64220825000,2159333376
2026-08-05T19:54:08.419627-05:00,historyserver,historyserver-demo-7f67bfd478-7vfqh,historyserver,2026-08-06T00:53:57Z,64220825000,2159333376
2026-08-05T19:54:09.420588-05:00,historyserver,historyserver-demo-7f67bfd478-7vfqh,historyserver,2026-08-06T00:53:57Z,64220825000,2159333376
2026-08-05T19:54:10.420599-05:00,historyserver,historyserver-demo-7f67bfd478-7vfqh,historyserver,2026-08-06T00:53:57Z,64220825000,2159333376
2026-08-05T19:54:11.420503-05:00,historyserver,historyserver-demo-7f67bfd478-7vfqh,historyserver,2026-08-06T00:53:57Z,64220825000,2159333376
2026-08-05T19:54:12.420623-05:00,historyserver,historyserver-demo-7f67bfd478-7vfqh,historyserver,2026-08-06T00:53:57Z,64220825000,2159333376
2026-08-05T19:54:13.420578-05:00,historyserver,historyserver-demo-7f67bfd478-7vfqh,historyserver,2026-08-06T00:53:57Z,64220825000,2159333376
2026-08-05T19:54:14.420666-05:00,historyserver,historyserver-demo-7f67bfd478-7vfqh,historyserver,2026-08-06T00:54:14Z,72845533000,2124058624
2026-08-05T19:54:15.420602-05:00,historyserver,historyserver-demo-7f67bfd478-7vfqh,historyserver,2026-08-06T00:54:14Z,72845533000,2124058624
2026-08-05T19:54:16.420607-05:00,historyserver,historyserver-demo-7f67bfd478-7vfqh,historyserver,2026-08-06T00:54:14Z,72845533000,2124058624
2026-08-05T19:54:17.420594-05:00,historyserver,historyserver-demo-7f67bfd478-7vfqh,historyserver,2026-08-06T00:54:14Z,72845533000,2124058624
2026-08-05T19:54:18.419791-05:00,historyserver,historyserver-demo-7f67bfd478-7vfqh,historyserver,2026-08-06T00:54:14Z,72845533000,2124058624
2026-08-05T19:54:19.420614-05:00,historyserver,historyserver-demo-7f67bfd478-7vfqh,historyserver,2026-08-06T00:54:14Z,72845533000,2124058624
2026-08-05T19:54:20.420649-05:00,historyserver,historyserver-demo-7f67bfd478-7vfqh,historyserver,2026-08-06T00:54:14Z,72845533000,2124058624
2026-08-05T19:54:21.420807-05:00,historyserver,historyserver-demo-7f67bfd478-7vfqh,historyserver,2026-08-06T00:54:14Z,72845533000,2124058624
2026-08-05T19:54:22.420629-05:00,historyserver,historyserver-demo-7f67bfd478-7vfqh,historyserver,2026-08-06T00:54:14Z,72845533000,2124058624
2026-08-05T19:54:23.420452-05:00,historyserver,historyserver-demo-7f67bfd478-7vfqh,historyserver,2026-08-06T00:54:14Z,72845533000,2124058624
2026-08-05T19:54:24.420846-05:00,historyserver,historyserver-demo-7f67bfd478-7vfqh,historyserver,2026-08-06T00:54:14Z,72845533000,2124058624
2026-08-05T19:54:25.420677-05:00,historyserver,historyserver-demo-7f67bfd478-7vfqh,historyserver,2026-08-06T00:54:14Z,72845533000,2124058624
2026-08-05T19:54:26.420621-05:00,historyserver,historyserver-demo-7f67bfd478-7vfqh,historyserver,2026-08-06T00:54:25Z,77930011000,1776766976
2026-08-05T19:54:27.420644-05:00,historyserver,historyserver-demo-7f67bfd478-7vfqh,historyserver,2026-08-06T00:54:25Z,77930011000,1776766976
2026-08-05T19:54:28.420699-05:00,historyserver,historyserver-demo-7f67bfd478-7vfqh,historyserver,2026-08-06T00:54:25Z,77930011000,1776766976
2026-08-05T19:54:29.421024-05:00,historyserver,historyserver-demo-7f67bfd478-7vfqh,historyserver,2026-08-06T00:54:25Z,77930011000,1776766976
2026-08-05T19:54:30.420763-05:00,historyserver,historyserver-demo-7f67bfd478-7vfqh,historyserver,2026-08-06T00:54:25Z,77930011000,1776766976
2026-08-05T19:54:31.420768-05:00,historyserver,historyserver-demo-7f67bfd478-7vfqh,historyserver,2026-08-06T00:54:25Z,77930011000,1776766976
2026-08-05T19:54:32.420744-05:00,historyserver,historyserver-demo-7f67bfd478-7vfqh,historyserver,2026-08-06T00:54:25Z,77930011000,1776766976
2026-08-05T19:54:33.42077-05:00,historyserver,historyserver-demo-7f67bfd478-7vfqh,historyserver,2026-08-06T00:54:25Z,77930011000,1776766976
2026-08-05T19:54:34.419805-05:00,historyserver,historyserver-demo-7f67bfd478-7vfqh,historyserver,2026-08-06T00:54:25Z,77930011000,1776766976
2026-08-05T19:54:35.420293-05:00,historyserver,historyserver-demo-7f67bfd478-7vfqh,historyserver,2026-08-06T00:54:25Z,77930011000,1776766976
2026-08-05T19:54:36.425054-05:00,historyserver,historyserver-demo-7f67bfd478-7vfqh,historyserver,2026-08-06T00:54:25Z,77930011000,1776766976
2026-08-05T19:54:37.420785-05:00,historyserver,historyserver-demo-7f67bfd478-7vfqh,historyserver,2026-08-06T00:54:25Z,77930011000,1776766976
2026-08-05T19:54:38.419859-05:00,historyserver,historyserver-demo-7f67bfd478-7vfqh,historyserver,2026-08-06T00:54:25Z,77930011000,1776766976
2026-08-05T19:54:39.420842-05:00,historyserver,historyserver-demo-7f67bfd478-7vfqh,historyserver,2026-08-06T00:54:25Z,77930011000,1776766976
2026-08-05T19:54:40.420846-05:00,historyserver,historyserver-demo-7f67bfd478-7vfqh,historyserver,2026-08-06T00:54:25Z,77930011000,1776766976
2026-08-05T19:54:41.42087-05:00,historyserver,historyserver-demo-7f67bfd478-7vfqh,historyserver,2026-08-06T00:54:25Z,77930011000,1776766976
2026-08-05T19:54:42.420882-05:00,historyserver,historyserver-demo-7f67bfd478-7vfqh,historyserver,2026-08-06T00:54:25Z,77930011000,1776766976
2026-08-05T19:54:43.420805-05:00,historyserver,historyserver-demo-7f67bfd478-7vfqh,historyserver,2026-08-06T00:54:25Z,77930011000,1776766976
2026-08-05T19:54:44.420882-05:00,historyserver,historyserver-demo-7f67bfd478-7vfqh,historyserver,2026-08-06T00:54:25Z,77930011000,1776766976
2026-08-05T19:54:45.42085-05:00,historyserver,historyserver-demo-7f67bfd478-7vfqh,historyserver,2026-08-06T00:54:45Z,87699819000,1179070464
2026-08-05T19:54:46.420879-05:00,historyserver,historyserver-demo-7f67bfd478-7vfqh,historyserver,2026-08-06T00:54:45Z,87699819000,1179070464
2026-08-05T19:54:47.420791-05:00,historyserver,historyserver-demo-7f67bfd478-7vfqh,historyserver,2026-08-06T00:54:45Z,87699819000,1179070464
2026-08-05T19:54:48.421016-05:00,historyserver,historyserver-demo-7f67bfd478-7vfqh,historyserver,2026-08-06T00:54:45Z,87699819000,1179070464
2026-08-05T19:54:49.420661-05:00,historyserver,historyserver-demo-7f67bfd478-7vfqh,historyserver,2026-08-06T00:54:45Z,87699819000,1179070464
2026-08-05T19:54:50.420875-05:00,historyserver,historyserver-demo-7f67bfd478-7vfqh,historyserver,2026-08-06T00:54:45Z,87699819000,1179070464
2026-08-05T19:54:51.420878-05:00,historyserver,historyserver-demo-7f67bfd478-7vfqh,historyserver,2026-08-06T00:54:45Z,87699819000,1179070464
2026-08-05T19:54:52.42107-05:00,historyserver,historyserver-demo-7f67bfd478-7vfqh,historyserver,2026-08-06T00:54:45Z,87699819000,1179070464
2026-08-05T19:54:53.420957-05:00,historyserver,historyserver-demo-7f67bfd478-7vfqh,historyserver,2026-08-06T00:54:45Z,87699819000,1179070464
2026-08-05T19:54:54.420929-05:00,historyserver,historyserver-demo-7f67bfd478-7vfqh,historyserver,2026-08-06T00:54:45Z,87699819000,1179070464
2026-08-05T19:54:55.42106-05:00,historyserver,historyserver-demo-7f67bfd478-7vfqh,historyserver,2026-08-06T00:54:45Z,87699819000,1179070464
2026-08-05T19:54:56.42094-05:00,historyserver,historyserver-demo-7f67bfd478-7vfqh,historyserver,2026-08-06T00:54:55Z,92900404000,1460256768
2026-08-05T19:54:57.420987-05:00,historyserver,historyserver-demo-7f67bfd478-7vfqh,historyserver,2026-08-06T00:54:55Z,92900404000,1460256768
2026-08-05T19:54:58.421022-05:00,historyserver,historyserver-demo-7f67bfd478-7vfqh,historyserver,2026-08-06T00:54:55Z,92900404000,1460256768
2026-08-05T19:54:59.420974-05:00,historyserver,historyserver-demo-7f67bfd478-7vfqh,historyserver,2026-08-06T00:54:55Z,92900404000,1460256768
2026-08-05T19:55:00.421237-05:00,historyserver,historyserver-demo-7f67bfd478-7vfqh,historyserver,2026-08-06T00:54:55Z,92900404000,1460256768
2026-08-05T19:55:01.421025-05:00,historyserver,historyserver-demo-7f67bfd478-7vfqh,historyserver,2026-08-06T00:54:55Z,92900404000,1460256768
2026-08-05T19:55:02.421038-05:00,historyserver,historyserver-demo-7f67bfd478-7vfqh,historyserver,2026-08-06T00:54:55Z,92900404000,1460256768
2026-08-05T19:55:03.421042-05:00,historyserver,historyserver-demo-7f67bfd478-7vfqh,historyserver,2026-08-06T00:54:55Z,92900404000,1460256768
2026-08-05T19:55:04.42115-05:00,historyserver,historyserver-demo-7f67bfd478-7vfqh,historyserver,2026-08-06T00:54:55Z,92900404000,1460256768
2026-08-05T19:55:05.421088-05:00,historyserver,historyserver-demo-7f67bfd478-7vfqh,historyserver,2026-08-06T00:54:55Z,92900404000,1460256768
2026-08-05T19:55:06.42104-05:00,historyserver,historyserver-demo-7f67bfd478-7vfqh,historyserver,2026-08-06T00:54:55Z,92900404000,1460256768
2026-08-05T19:55:07.421051-05:00,historyserver,historyserver-demo-7f67bfd478-7vfqh,historyserver,2026-08-06T00:54:55Z,92900404000,1460256768
2026-08-05T19:55:08.42016-05:00,historyserver,historyserver-demo-7f67bfd478-7vfqh,historyserver,2026-08-06T00:54:55Z,92900404000,1460256768
2026-08-05T19:55:09.421066-05:00,historyserver,historyserver-demo-7f67bfd478-7vfqh,historyserver,2026-08-06T00:54:55Z,92900404000,1460256768
2026-08-05T19:55:10.421065-05:00,historyserver,historyserver-demo-7f67bfd478-7vfqh,historyserver,2026-08-06T00:54:55Z,92900404000,1460256768
2026-08-05T19:55:11.421079-05:00,historyserver,historyserver-demo-7f67bfd478-7vfqh,historyserver,2026-08-06T00:54:55Z,92900404000,1460256768
2026-08-05T19:55:12.421083-05:00,historyserver,historyserver-demo-7f67bfd478-7vfqh,historyserver,2026-08-06T00:54:55Z,92900404000,1460256768
2026-08-05T19:55:13.420687-05:00,historyserver,historyserver-demo-7f67bfd478-7vfqh,historyserver,2026-08-06T00:54:55Z,92900404000,1460256768
2026-08-05T19:55:14.420953-05:00,historyserver,historyserver-demo-7f67bfd478-7vfqh,historyserver,2026-08-06T00:54:55Z,92900404000,1460256768
2026-08-05T19:55:15.421013-05:00,historyserver,historyserver-demo-7f67bfd478-7vfqh,historyserver,2026-08-06T00:55:15Z,102798519000,1651265536
2026-08-05T19:55:16.420415-05:00,historyserver,historyserver-demo-7f67bfd478-7vfqh,historyserver,2026-08-06T00:55:15Z,102798519000,1651265536
2026-08-05T19:55:17.420919-05:00,historyserver,historyserver-demo-7f67bfd478-7vfqh,historyserver,2026-08-06T00:55:15Z,102798519000,1651265536
2026-08-05T19:55:18.420727-05:00,historyserver,historyserver-demo-7f67bfd478-7vfqh,historyserver,2026-08-06T00:55:15Z,102798519000,1651265536
2026-08-05T19:55:19.421116-05:00,historyserver,historyserver-demo-7f67bfd478-7vfqh,historyserver,2026-08-06T00:55:15Z,102798519000,1651265536
2026-08-05T19:55:20.421218-05:00,historyserver,historyserver-demo-7f67bfd478-7vfqh,historyserver,2026-08-06T00:55:15Z,102798519000,1651265536
2026-08-05T19:55:21.421182-05:00,historyserver,historyserver-demo-7f67bfd478-7vfqh,historyserver,2026-08-06T00:55:15Z,102798519000,1651265536
2026-08-05T19:55:22.421193-05:00,historyserver,historyserver-demo-7f67bfd478-7vfqh,historyserver,2026-08-06T00:55:15Z,102798519000,1651265536
2026-08-05T19:55:23.420241-05:00,historyserver,historyserver-demo-7f67bfd478-7vfqh,historyserver,2026-08-06T00:55:15Z,102798519000,1651265536
2026-08-05T19:55:24.42126-05:00,historyserver,historyserver-demo-7f67bfd478-7vfqh,historyserver,2026-08-06T00:55:15Z,102798519000,1651265536
2026-08-05T19:55:25.421291-05:00,historyserver,historyserver-demo-7f67bfd478-7vfqh,historyserver,2026-08-06T00:55:15Z,102798519000,1651265536
2026-08-05T19:55:26.421264-05:00,historyserver,historyserver-demo-7f67bfd478-7vfqh,historyserver,2026-08-06T00:55:15Z,102798519000,1651265536
2026-08-05T19:55:27.420439-05:00,historyserver,historyserver-demo-7f67bfd478-7vfqh,historyserver,2026-08-06T00:55:15Z,102798519000,1651265536
2026-08-05T19:55:28.420851-05:00,historyserver,historyserver-demo-7f67bfd478-7vfqh,historyserver,2026-08-06T00:55:15Z,102798519000,1651265536
2026-08-05T19:55:29.42125-05:00,historyserver,historyserver-demo-7f67bfd478-7vfqh,historyserver,2026-08-06T00:55:15Z,102798519000,1651265536
2026-08-05T19:55:30.421255-05:00,historyserver,historyserver-demo-7f67bfd478-7vfqh,historyserver,2026-08-06T00:55:15Z,102798519000,1651265536
2026-08-05T19:55:31.420413-05:00,historyserver,historyserver-demo-7f67bfd478-7vfqh,historyserver,2026-08-06T00:55:15Z,102798519000,1651265536
2026-08-05T19:55:32.420386-05:00,historyserver,historyserver-demo-7f67bfd478-7vfqh,historyserver,2026-08-06T00:55:15Z,102798519000,1651265536
2026-08-05T19:55:33.421261-05:00,historyserver,historyserver-demo-7f67bfd478-7vfqh,historyserver,2026-08-06T00:55:15Z,102798519000,1651265536
2026-08-05T19:55:34.421317-05:00,historyserver,historyserver-demo-7f67bfd478-7vfqh,historyserver,2026-08-06T00:55:34Z,112328679000,1738543104
2026-08-05T19:55:35.421289-05:00,historyserver,historyserver-demo-7f67bfd478-7vfqh,historyserver,2026-08-06T00:55:34Z,112328679000,1738543104
2026-08-05T19:55:36.42134-05:00,historyserver,historyserver-demo-7f67bfd478-7vfqh,historyserver,2026-08-06T00:55:34Z,112328679000,1738543104
2026-08-05T19:55:37.420556-05:00,historyserver,historyserver-demo-7f67bfd478-7vfqh,historyserver,2026-08-06T00:55:34Z,112328679000,1738543104
2026-08-05T19:55:38.421339-05:00,historyserver,historyserver-demo-7f67bfd478-7vfqh,historyserver,2026-08-06T00:55:34Z,112328679000,1738543104
2026-08-05T19:55:39.421354-05:00,historyserver,historyserver-demo-7f67bfd478-7vfqh,historyserver,2026-08-06T00:55:34Z,112328679000,1738543104
2026-08-05T19:55:40.422963-05:00,historyserver,historyserver-demo-7f67bfd478-7vfqh,historyserver,2026-08-06T00:55:34Z,112328679000,1738543104
2026-08-05T19:55:41.421356-05:00,historyserver,historyserver-demo-7f67bfd478-7vfqh,historyserver,2026-08-06T00:55:34Z,112328679000,1738543104
2026-08-05T19:55:42.42165-05:00,historyserver,historyserver-demo-7f67bfd478-7vfqh,historyserver,2026-08-06T00:55:34Z,112328679000,1738543104
2026-08-05T19:55:43.421387-05:00,historyserver,historyserver-demo-7f67bfd478-7vfqh,historyserver,2026-08-06T00:55:34Z,112328679000,1738543104
2026-08-05T19:55:44.421435-05:00,historyserver,historyserver-demo-7f67bfd478-7vfqh,historyserver,2026-08-06T00:55:34Z,112328679000,1738543104
2026-08-05T19:55:45.421409-05:00,historyserver,historyserver-demo-7f67bfd478-7vfqh,historyserver,2026-08-06T00:55:34Z,112328679000,1738543104
2026-08-05T19:55:46.421397-05:00,historyserver,historyserver-demo-7f67bfd478-7vfqh,historyserver,2026-08-06T00:55:34Z,112328679000,1738543104
2026-08-05T19:55:47.421491-05:00,historyserver,historyserver-demo-7f67bfd478-7vfqh,historyserver,2026-08-06T00:55:34Z,112328679000,1738543104
2026-08-05T19:55:48.42142-05:00,historyserver,historyserver-demo-7f67bfd478-7vfqh,historyserver,2026-08-06T00:55:34Z,112328679000,1738543104
2026-08-05T19:55:49.420612-05:00,historyserver,historyserver-demo-7f67bfd478-7vfqh,historyserver,2026-08-06T00:55:34Z,112328679000,1738543104
2026-08-05T19:55:50.421648-05:00,historyserver,historyserver-demo-7f67bfd478-7vfqh,historyserver,2026-08-06T00:55:49Z,120017867000,1209249792
2026-08-05T19:55:51.421403-05:00,historyserver,historyserver-demo-7f67bfd478-7vfqh,historyserver,2026-08-06T00:55:49Z,120017867000,1209249792
2026-08-05T19:55:52.421478-05:00,historyserver,historyserver-demo-7f67bfd478-7vfqh,historyserver,2026-08-06T00:55:49Z,120017867000,1209249792
2026-08-05T19:55:53.421518-05:00,historyserver,historyserver-demo-7f67bfd478-7vfqh,historyserver,2026-08-06T00:55:49Z,120017867000,1209249792
2026-08-05T19:55:54.421493-05:00,historyserver,historyserver-demo-7f67bfd478-7vfqh,historyserver,2026-08-06T00:55:49Z,120017867000,1209249792
2026-08-05T19:55:55.421048-05:00,historyserver,historyserver-demo-7f67bfd478-7vfqh,historyserver,2026-08-06T00:55:49Z,120017867000,1209249792
2026-08-05T19:55:56.420576-05:00,historyserver,historyserver-demo-7f67bfd478-7vfqh,historyserver,2026-08-06T00:55:49Z,120017867000,1209249792
2026-08-05T19:55:57.420764-05:00,historyserver,historyserver-demo-7f67bfd478-7vfqh,historyserver,2026-08-06T00:55:49Z,120017867000,1209249792
2026-08-05T19:55:58.421505-05:00,historyserver,historyserver-demo-7f67bfd478-7vfqh,historyserver,2026-08-06T00:55:49Z,120017867000,1209249792
2026-08-05T19:55:59.42154-05:00,historyserver,historyserver-demo-7f67bfd478-7vfqh,historyserver,2026-08-06T00:55:49Z,120017867000,1209249792
2026-08-05T19:56:00.42059-05:00,historyserver,historyserver-demo-7f67bfd478-7vfqh,historyserver,2026-08-06T00:56:00Z,125268374000,1223909376
2026-08-05T19:56:01.42151-05:00,historyserver,historyserver-demo-7f67bfd478-7vfqh,historyserver,2026-08-06T00:56:00Z,125268374000,1223909376
2026-08-05T19:56:02.421528-05:00,historyserver,historyserver-demo-7f67bfd478-7vfqh,historyserver,2026-08-06T00:56:00Z,125268374000,1223909376
2026-08-05T19:56:03.421605-05:00,historyserver,historyserver-demo-7f67bfd478-7vfqh,historyserver,2026-08-06T00:56:00Z,125268374000,1223909376
2026-08-05T19:56:04.421471-05:00,historyserver,historyserver-demo-7f67bfd478-7vfqh,historyserver,2026-08-06T00:56:00Z,125268374000,1223909376
2026-08-05T19:56:05.421144-05:00,historyserver,historyserver-demo-7f67bfd478-7vfqh,historyserver,2026-08-06T00:56:00Z,125268374000,1223909376
2026-08-05T19:56:06.421497-05:00,historyserver,historyserver-demo-7f67bfd478-7vfqh,historyserver,2026-08-06T00:56:00Z,125268374000,1223909376
2026-08-05T19:56:07.42161-05:00,historyserver,historyserver-demo-7f67bfd478-7vfqh,historyserver,2026-08-06T00:56:00Z,125268374000,1223909376
2026-08-05T19:56:08.421631-05:00,historyserver,historyserver-demo-7f67bfd478-7vfqh,historyserver,2026-08-06T00:56:00Z,125268374000,1223909376
2026-08-05T19:56:09.42164-05:00,historyserver,historyserver-demo-7f67bfd478-7vfqh,historyserver,2026-08-06T00:56:00Z,125268374000,1223909376
2026-08-05T19:56:10.421591-05:00,historyserver,historyserver-demo-7f67bfd478-7vfqh,historyserver,2026-08-06T00:56:00Z,125268374000,1223909376
2026-08-05T19:56:11.421285-05:00,historyserver,historyserver-demo-7f67bfd478-7vfqh,historyserver,2026-08-06T00:56:00Z,125268374000,1223909376
2026-08-05T19:56:12.421645-05:00,historyserver,historyserver-demo-7f67bfd478-7vfqh,historyserver,2026-08-06T00:56:00Z,125268374000,1223909376
2026-08-05T19:56:13.421647-05:00,historyserver,historyserver-demo-7f67bfd478-7vfqh,historyserver,2026-08-06T00:56:00Z,125268374000,1223909376
2026-08-05T19:56:14.4217-05:00,historyserver,historyserver-demo-7f67bfd478-7vfqh,historyserver,2026-08-06T00:56:00Z,125268374000,1223909376
2026-08-05T19:56:15.42164-05:00,historyserver,historyserver-demo-7f67bfd478-7vfqh,historyserver,2026-08-06T00:56:00Z,125268374000,1223909376
2026-08-05T19:56:16.421679-05:00,historyserver,historyserver-demo-7f67bfd478-7vfqh,historyserver,2026-08-06T00:56:00Z,125268374000,1223909376
2026-08-05T19:56:17.421744-05:00,historyserver,historyserver-demo-7f67bfd478-7vfqh,historyserver,2026-08-06T00:56:00Z,125268374000,1223909376
2026-08-05T19:56:18.421374-05:00,historyserver,historyserver-demo-7f67bfd478-7vfqh,historyserver,2026-08-06T00:56:17Z,134041203000,1440997376
2026-08-05T19:56:19.421691-05:00,historyserver,historyserver-demo-7f67bfd478-7vfqh,historyserver,2026-08-06T00:56:17Z,134041203000,1440997376
2026-08-05T19:56:20.420731-05:00,historyserver,historyserver-demo-7f67bfd478-7vfqh,historyserver,2026-08-06T00:56:17Z,134041203000,1440997376
2026-08-05T19:56:21.421527-05:00,historyserver,historyserver-demo-7f67bfd478-7vfqh,historyserver,2026-08-06T00:56:17Z,134041203000,1440997376
2026-08-05T19:56:22.420716-05:00,historyserver,historyserver-demo-7f67bfd478-7vfqh,historyserver,2026-08-06T00:56:17Z,134041203000,1440997376
2026-08-05T19:56:23.421471-05:00,historyserver,historyserver-demo-7f67bfd478-7vfqh,historyserver,2026-08-06T00:56:17Z,134041203000,1440997376
2026-08-05T19:56:24.421753-05:00,historyserver,historyserver-demo-7f67bfd478-7vfqh,historyserver,2026-08-06T00:56:17Z,134041203000,1440997376
2026-08-05T19:56:25.421768-05:00,historyserver,historyserver-demo-7f67bfd478-7vfqh,historyserver,2026-08-06T00:56:17Z,134041203000,1440997376
2026-08-05T19:56:26.421616-05:00,historyserver,historyserver-demo-7f67bfd478-7vfqh,historyserver,2026-08-06T00:56:17Z,134041203000,1440997376
2026-08-05T19:56:27.420866-05:00,historyserver,historyserver-demo-7f67bfd478-7vfqh,historyserver,2026-08-06T00:56:17Z,134041203000,1440997376
2026-08-05T19:56:28.421764-05:00,historyserver,historyserver-demo-7f67bfd478-7vfqh,historyserver,2026-08-06T00:56:17Z,134041203000,1440997376
2026-08-05T19:56:29.421769-05:00,historyserver,historyserver-demo-7f67bfd478-7vfqh,historyserver,2026-08-06T00:56:17Z,134041203000,1440997376
2026-08-05T19:56:30.421836-05:00,historyserver,historyserver-demo-7f67bfd478-7vfqh,historyserver,2026-08-06T00:56:17Z,134041203000,1440997376
2026-08-05T19:56:31.421321-05:00,historyserver,historyserver-demo-7f67bfd478-7vfqh,historyserver,2026-08-06T00:56:17Z,134041203000,1440997376
2026-08-05T19:56:32.421801-05:00,historyserver,historyserver-demo-7f67bfd478-7vfqh,historyserver,2026-08-06T00:56:31Z,141142686000,1720524800
2026-08-05T19:56:33.422128-05:00,historyserver,historyserver-demo-7f67bfd478-7vfqh,historyserver,2026-08-06T00:56:31Z,141142686000,1720524800
2026-08-05T19:56:34.421838-05:00,historyserver,historyserver-demo-7f67bfd478-7vfqh,historyserver,2026-08-06T00:56:31Z,141142686000,1720524800
2026-08-05T19:56:35.420922-05:00,historyserver,historyserver-demo-7f67bfd478-7vfqh,historyserver,2026-08-06T00:56:31Z,141142686000,1720524800
2026-08-05T19:56:36.421833-05:00,historyserver,historyserver-demo-7f67bfd478-7vfqh,historyserver,2026-08-06T00:56:31Z,141142686000,1720524800
2026-08-05T19:56:37.421856-05:00,historyserver,historyserver-demo-7f67bfd478-7vfqh,historyserver,2026-08-06T00:56:31Z,141142686000,1720524800
2026-08-05T19:56:38.421856-05:00,historyserver,historyserver-demo-7f67bfd478-7vfqh,historyserver,2026-08-06T00:56:31Z,141142686000,1720524800
2026-08-05T19:56:39.421702-05:00,historyserver,historyserver-demo-7f67bfd478-7vfqh,historyserver,2026-08-06T00:56:31Z,141142686000,1720524800
2026-08-05T19:56:40.421738-05:00,historyserver,historyserver-demo-7f67bfd478-7vfqh,historyserver,2026-08-06T00:56:31Z,141142686000,1720524800
2026-08-05T19:56:41.421912-05:00,historyserver,historyserver-demo-7f67bfd478-7vfqh,historyserver,2026-08-06T00:56:31Z,141142686000,1720524800
2026-08-05T19:56:42.421881-05:00,historyserver,historyserver-demo-7f67bfd478-7vfqh,historyserver,2026-08-06T00:56:31Z,141142686000,1720524800
2026-08-05T19:56:43.421907-05:00,historyserver,historyserver-demo-7f67bfd478-7vfqh,historyserver,2026-08-06T00:56:31Z,141142686000,1720524800
2026-08-05T19:56:44.421924-05:00,historyserver,historyserver-demo-7f67bfd478-7vfqh,historyserver,2026-08-06T00:56:31Z,141142686000,1720524800
2026-08-05T19:56:45.421754-05:00,historyserver,historyserver-demo-7f67bfd478-7vfqh,historyserver,2026-08-06T00:56:31Z,141142686000,1720524800
2026-08-05T19:56:46.420935-05:00,historyserver,historyserver-demo-7f67bfd478-7vfqh,historyserver,2026-08-06T00:56:31Z,141142686000,1720524800
2026-08-05T19:56:47.42194-05:00,historyserver,historyserver-demo-7f67bfd478-7vfqh,historyserver,2026-08-06T00:56:31Z,141142686000,1720524800
2026-08-05T19:56:48.421933-05:00,historyserver,historyserver-demo-7f67bfd478-7vfqh,historyserver,2026-08-06T00:56:31Z,141142686000,1720524800
2026-08-05T19:56:49.421054-05:00,historyserver,historyserver-demo-7f67bfd478-7vfqh,historyserver,2026-08-06T00:56:31Z,141142686000,1720524800
2026-08-05T19:56:50.421989-05:00,historyserver,historyserver-demo-7f67bfd478-7vfqh,historyserver,2026-08-06T00:56:49Z,149944999000,1751793664
2026-08-05T19:56:51.421959-05:00,historyserver,historyserver-demo-7f67bfd478-7vfqh,historyserver,2026-08-06T00:56:49Z,149944999000,1751793664
2026-08-05T19:56:52.422016-05:00,historyserver,historyserver-demo-7f67bfd478-7vfqh,historyserver,2026-08-06T00:56:49Z,149944999000,1751793664
2026-08-05T19:56:53.421794-05:00,historyserver,historyserver-demo-7f67bfd478-7vfqh,historyserver,2026-08-06T00:56:49Z,149944999000,1751793664
2026-08-05T19:56:54.421233-05:00,historyserver,historyserver-demo-7f67bfd478-7vfqh,historyserver,2026-08-06T00:56:49Z,149944999000,1751793664
2026-08-05T19:56:55.42133-05:00,historyserver,historyserver-demo-7f67bfd478-7vfqh,historyserver,2026-08-06T00:56:49Z,149944999000,1751793664
2026-08-05T19:56:56.422005-05:00,historyserver,historyserver-demo-7f67bfd478-7vfqh,historyserver,2026-08-06T00:56:49Z,149944999000,1751793664
2026-08-05T19:56:57.42204-05:00,historyserver,historyserver-demo-7f67bfd478-7vfqh,historyserver,2026-08-06T00:56:49Z,149944999000,1751793664
2026-08-05T19:56:58.422024-05:00,historyserver,historyserver-demo-7f67bfd478-7vfqh,historyserver,2026-08-06T00:56:49Z,149944999000,1751793664
2026-08-05T19:56:59.42205-05:00,historyserver,historyserver-demo-7f67bfd478-7vfqh,historyserver,2026-08-06T00:56:49Z,149944999000,1751793664
2026-08-05T19:57:00.422056-05:00,historyserver,historyserver-demo-7f67bfd478-7vfqh,historyserver,2026-08-06T00:56:49Z,149944999000,1751793664
2026-08-05T19:57:01.422031-05:00,historyserver,historyserver-demo-7f67bfd478-7vfqh,historyserver,2026-08-06T00:56:49Z,149944999000,1751793664
2026-08-05T19:57:02.422106-05:00,historyserver,historyserver-demo-7f67bfd478-7vfqh,historyserver,2026-08-06T00:56:49Z,149944999000,1751793664
2026-08-05T19:57:03.422069-05:00,historyserver,historyserver-demo-7f67bfd478-7vfqh,historyserver,2026-08-06T00:56:49Z,149944999000,1751793664
2026-08-05T19:57:04.422069-05:00,historyserver,historyserver-demo-7f67bfd478-7vfqh,historyserver,2026-08-06T00:56:49Z,149944999000,1751793664
2026-08-05T19:57:05.422109-05:00,historyserver,historyserver-demo-7f67bfd478-7vfqh,historyserver,2026-08-06T00:56:49Z,149944999000,1751793664
2026-08-05T19:57:06.422108-05:00,historyserver,historyserver-demo-7f67bfd478-7vfqh,historyserver,2026-08-06T00:57:05Z,152980513000,1870667776
2026-08-05T19:57:07.421203-05:00,historyserver,historyserver-demo-7f67bfd478-7vfqh,historyserver,2026-08-06T00:57:05Z,152980513000,1870667776
2026-08-05T19:57:08.422111-05:00,historyserver,historyserver-demo-7f67bfd478-7vfqh,historyserver,2026-08-06T00:57:05Z,152980513000,1870667776
2026-08-05T19:57:09.421889-05:00,historyserver,historyserver-demo-7f67bfd478-7vfqh,historyserver,2026-08-06T00:57:05Z,152980513000,1870667776
2026-08-05T19:57:10.422213-05:00,historyserver,historyserver-demo-7f67bfd478-7vfqh,historyserver,2026-08-06T00:57:05Z,152980513000,1870667776
2026-08-05T19:57:11.42128-05:00,historyserver,historyserver-demo-7f67bfd478-7vfqh,historyserver,2026-08-06T00:57:05Z,152980513000,1870667776
2026-08-05T19:57:12.421519-05:00,historyserver,historyserver-demo-7f67bfd478-7vfqh,historyserver,2026-08-06T00:57:05Z,152980513000,1870667776
2026-08-05T19:57:13.421803-05:00,historyserver,historyserver-demo-7f67bfd478-7vfqh,historyserver,2026-08-06T00:57:05Z,152980513000,1870667776
2026-08-05T19:57:14.422159-05:00,historyserver,historyserver-demo-7f67bfd478-7vfqh,historyserver,2026-08-06T00:57:05Z,152980513000,1870667776
2026-08-05T19:57:15.422319-05:00,historyserver,historyserver-demo-7f67bfd478-7vfqh,historyserver,2026-08-06T00:57:05Z,152980513000,1870667776
2026-08-05T19:57:16.422217-05:00,historyserver,historyserver-demo-7f67bfd478-7vfqh,historyserver,2026-08-06T00:57:05Z,152980513000,1870667776
2026-08-05T19:57:17.422235-05:00,historyserver,historyserver-demo-7f67bfd478-7vfqh,historyserver,2026-08-06T00:57:05Z,152980513000,1870667776
2026-08-05T19:57:18.42374-05:00,historyserver,historyserver-demo-7f67bfd478-7vfqh,historyserver,2026-08-06T00:57:05Z,152980513000,1870667776
2026-08-05T19:57:19.422241-05:00,historyserver,historyserver-demo-7f67bfd478-7vfqh,historyserver,2026-08-06T00:57:19Z,159745776000,1761923072
2026-08-05T19:57:20.422285-05:00,historyserver,historyserver-demo-7f67bfd478-7vfqh,historyserver,2026-08-06T00:57:19Z,159745776000,1761923072
2026-08-05T19:57:21.422235-05:00,historyserver,historyserver-demo-7f67bfd478-7vfqh,historyserver,2026-08-06T00:57:19Z,159745776000,1761923072
2026-08-05T19:57:22.422323-05:00,historyserver,historyserver-demo-7f67bfd478-7vfqh,historyserver,2026-08-06T00:57:19Z,159745776000,1761923072
2026-08-05T19:57:23.422322-05:00,historyserver,historyserver-demo-7f67bfd478-7vfqh,historyserver,2026-08-06T00:57:19Z,159745776000,1761923072
2026-08-05T19:57:24.42147-05:00,historyserver,historyserver-demo-7f67bfd478-7vfqh,historyserver,2026-08-06T00:57:19Z,159745776000,1761923072
2026-08-05T19:57:25.42229-05:00,historyserver,historyserver-demo-7f67bfd478-7vfqh,historyserver,2026-08-06T00:57:19Z,159745776000,1761923072
2026-08-05T19:57:26.421735-05:00,historyserver,historyserver-demo-7f67bfd478-7vfqh,historyserver,2026-08-06T00:57:19Z,159745776000,1761923072
2026-08-05T19:57:27.4223-05:00,historyserver,historyserver-demo-7f67bfd478-7vfqh,historyserver,2026-08-06T00:57:19Z,159745776000,1761923072
2026-08-05T19:57:28.422785-05:00,historyserver,historyserver-demo-7f67bfd478-7vfqh,historyserver,2026-08-06T00:57:19Z,159745776000,1761923072
2026-08-05T19:57:29.422337-05:00,historyserver,historyserver-demo-7f67bfd478-7vfqh,historyserver,2026-08-06T00:57:19Z,159745776000,1761923072
2026-08-05T19:57:30.422884-05:00,historyserver,historyserver-demo-7f67bfd478-7vfqh,historyserver,2026-08-06T00:57:19Z,159745776000,1761923072
2026-08-05T19:57:31.422008-05:00,historyserver,historyserver-demo-7f67bfd478-7vfqh,historyserver,2026-08-06T00:57:19Z,159745776000,1761923072
2026-08-05T19:57:32.421287-05:00,historyserver,historyserver-demo-7f67bfd478-7vfqh,historyserver,2026-08-06T00:57:19Z,159745776000,1761923072
2026-08-05T19:57:33.422239-05:00,historyserver,historyserver-demo-7f67bfd478-7vfqh,historyserver,2026-08-06T00:57:19Z,159745776000,1761923072
2026-08-05T19:57:34.422378-05:00,historyserver,historyserver-demo-7f67bfd478-7vfqh,historyserver,2026-08-06T00:57:19Z,159745776000,1761923072
2026-08-05T19:57:35.422367-05:00,historyserver,historyserver-demo-7f67bfd478-7vfqh,historyserver,2026-08-06T00:57:19Z,159745776000,1761923072
2026-08-05T19:57:36.422113-05:00,historyserver,historyserver-demo-7f67bfd478-7vfqh,historyserver,2026-08-06T00:57:19Z,159745776000,1761923072
2026-08-05T19:57:37.422363-05:00,historyserver,historyserver-demo-7f67bfd478-7vfqh,historyserver,2026-08-06T00:57:19Z,159745776000,1761923072
2026-08-05T19:57:38.422267-05:00,historyserver,historyserver-demo-7f67bfd478-7vfqh,historyserver,2026-08-06T00:57:19Z,159745776000,1761923072
2026-08-05T19:57:39.422315-05:00,historyserver,historyserver-demo-7f67bfd478-7vfqh,historyserver,2026-08-06T00:57:38Z,169475622000,1432608768
2026-08-05T19:57:40.422239-05:00,historyserver,historyserver-demo-7f67bfd478-7vfqh,historyserver,2026-08-06T00:57:38Z,169475622000,1432608768
2026-08-05T19:57:41.422472-05:00,historyserver,historyserver-demo-7f67bfd478-7vfqh,historyserver,2026-08-06T00:57:38Z,169475622000,1432608768
2026-08-05T19:57:42.421976-05:00,historyserver,historyserver-demo-7f67bfd478-7vfqh,historyserver,2026-08-06T00:57:38Z,169475622000,1432608768
2026-08-05T19:57:43.422502-05:00,historyserver,historyserver-demo-7f67bfd478-7vfqh,historyserver,2026-08-06T00:57:38Z,169475622000,1432608768
2026-08-05T19:57:44.42236-05:00,historyserver,historyserver-demo-7f67bfd478-7vfqh,historyserver,2026-08-06T00:57:38Z,169475622000,1432608768
2026-08-05T19:57:45.421622-05:00,historyserver,historyserver-demo-7f67bfd478-7vfqh,historyserver,2026-08-06T00:57:38Z,169475622000,1432608768
2026-08-05T19:57:46.42243-05:00,historyserver,historyserver-demo-7f67bfd478-7vfqh,historyserver,2026-08-06T00:57:38Z,169475622000,1432608768
2026-08-05T19:57:47.422472-05:00,historyserver,historyserver-demo-7f67bfd478-7vfqh,historyserver,2026-08-06T00:57:38Z,169475622000,1432608768
2026-08-05T19:57:48.422514-05:00,historyserver,historyserver-demo-7f67bfd478-7vfqh,historyserver,2026-08-06T00:57:38Z,169475622000,1432608768
2026-08-05T19:57:49.422471-05:00,historyserver,historyserver-demo-7f67bfd478-7vfqh,historyserver,2026-08-06T00:57:38Z,169475622000,1432608768
2026-08-05T19:57:50.422492-05:00,historyserver,historyserver-demo-7f67bfd478-7vfqh,historyserver,2026-08-06T00:57:38Z,169475622000,1432608768
2026-08-05T19:57:51.421585-05:00,historyserver,historyserver-demo-7f67bfd478-7vfqh,historyserver,2026-08-06T00:57:38Z,169475622000,1432608768
2026-08-05T19:57:52.422533-05:00,historyserver,historyserver-demo-7f67bfd478-7vfqh,historyserver,2026-08-06T00:57:38Z,169475622000,1432608768
2026-08-05T19:57:53.422536-05:00,historyserver,historyserver-demo-7f67bfd478-7vfqh,historyserver,2026-08-06T00:57:38Z,169475622000,1432608768
2026-08-05T19:57:54.422546-05:00,historyserver,historyserver-demo-7f67bfd478-7vfqh,historyserver,2026-08-06T00:57:38Z,169475622000,1432608768
2026-08-05T19:57:55.422542-05:00,historyserver,historyserver-demo-7f67bfd478-7vfqh,historyserver,2026-08-06T00:57:38Z,169475622000,1432608768
2026-08-05T19:57:56.422548-05:00,historyserver,historyserver-demo-7f67bfd478-7vfqh,historyserver,2026-08-06T00:57:56Z,178379472000,1503494144
2026-08-05T19:57:57.422245-05:00,historyserver,historyserver-demo-7f67bfd478-7vfqh,historyserver,2026-08-06T00:57:56Z,178379472000,1503494144
2026-08-05T19:57:58.421619-05:00,historyserver,historyserver-demo-7f67bfd478-7vfqh,historyserver,2026-08-06T00:57:56Z,178379472000,1503494144
2026-08-05T19:57:59.422578-05:00,historyserver,historyserver-demo-7f67bfd478-7vfqh,historyserver,2026-08-06T00:57:56Z,178379472000,1503494144
2026-08-05T19:58:00.422605-05:00,historyserver,historyserver-demo-7f67bfd478-7vfqh,historyserver,2026-08-06T00:57:56Z,178379472000,1503494144
2026-08-05T19:58:01.422689-05:00,historyserver,historyserver-demo-7f67bfd478-7vfqh,historyserver,2026-08-06T00:57:56Z,178379472000,1503494144
2026-08-05T19:58:02.422106-05:00,historyserver,historyserver-demo-7f67bfd478-7vfqh,historyserver,2026-08-06T00:57:56Z,178379472000,1503494144
2026-08-05T19:58:03.422596-05:00,historyserver,historyserver-demo-7f67bfd478-7vfqh,historyserver,2026-08-06T00:57:56Z,178379472000,1503494144
2026-08-05T19:58:04.422181-05:00,historyserver,historyserver-demo-7f67bfd478-7vfqh,historyserver,2026-08-06T00:57:56Z,178379472000,1503494144
2026-08-05T19:58:05.422619-05:00,historyserver,historyserver-demo-7f67bfd478-7vfqh,historyserver,2026-08-06T00:57:56Z,178379472000,1503494144
2026-08-05T19:58:06.421652-05:00,historyserver,historyserver-demo-7f67bfd478-7vfqh,historyserver,2026-08-06T00:57:56Z,178379472000,1503494144
2026-08-05T19:58:07.422434-05:00,historyserver,historyserver-demo-7f67bfd478-7vfqh,historyserver,2026-08-06T00:57:56Z,178379472000,1503494144
2026-08-05T19:58:08.422696-05:00,historyserver,historyserver-demo-7f67bfd478-7vfqh,historyserver,2026-08-06T00:58:08Z,184204749000,1514913792
2026-08-05T19:58:09.422702-05:00,historyserver,historyserver-demo-7f67bfd478-7vfqh,historyserver,2026-08-06T00:58:08Z,184204749000,1514913792
2026-08-05T19:58:10.422338-05:00,historyserver,historyserver-demo-7f67bfd478-7vfqh,historyserver,2026-08-06T00:58:08Z,184204749000,1514913792
2026-08-05T19:58:11.422702-05:00,historyserver,historyserver-demo-7f67bfd478-7vfqh,historyserver,2026-08-06T00:58:08Z,184204749000,1514913792
2026-08-05T19:58:12.422719-05:00,historyserver,historyserver-demo-7f67bfd478-7vfqh,historyserver,2026-08-06T00:58:08Z,184204749000,1514913792
2026-08-05T19:58:13.422717-05:00,historyserver,historyserver-demo-7f67bfd478-7vfqh,historyserver,2026-08-06T00:58:08Z,184204749000,1514913792
2026-08-05T19:58:14.421776-05:00,historyserver,historyserver-demo-7f67bfd478-7vfqh,historyserver,2026-08-06T00:58:08Z,184204749000,1514913792
2026-08-05T19:58:15.42273-05:00,historyserver,historyserver-demo-7f67bfd478-7vfqh,historyserver,2026-08-06T00:58:08Z,184204749000,1514913792
2026-08-05T19:58:16.42206-05:00,historyserver,historyserver-demo-7f67bfd478-7vfqh,historyserver,2026-08-06T00:58:08Z,184204749000,1514913792
2026-08-05T19:58:17.422573-05:00,historyserver,historyserver-demo-7f67bfd478-7vfqh,historyserver,2026-08-06T00:58:08Z,184204749000,1514913792
2026-08-05T19:58:18.422719-05:00,historyserver,historyserver-demo-7f67bfd478-7vfqh,historyserver,2026-08-06T00:58:08Z,184204749000,1514913792
2026-08-05T19:58:19.422067-05:00,historyserver,historyserver-demo-7f67bfd478-7vfqh,historyserver,2026-08-06T00:58:08Z,184204749000,1514913792
2026-08-05T19:58:20.422756-05:00,historyserver,historyserver-demo-7f67bfd478-7vfqh,historyserver,2026-08-06T00:58:08Z,184204749000,1514913792
2026-08-05T19:58:21.422755-05:00,historyserver,historyserver-demo-7f67bfd478-7vfqh,historyserver,2026-08-06T00:58:08Z,184204749000,1514913792
2026-08-05T19:58:22.422765-05:00,historyserver,historyserver-demo-7f67bfd478-7vfqh,historyserver,2026-08-06T00:58:08Z,184204749000,1514913792
2026-08-05T19:58:23.422851-05:00,historyserver,historyserver-demo-7f67bfd478-7vfqh,historyserver,2026-08-06T00:58:08Z,184204749000,1514913792
2026-08-05T19:58:24.421952-05:00,historyserver,historyserver-demo-7f67bfd478-7vfqh,historyserver,2026-08-06T00:58:24Z,192332302000,1092476928
2026-08-05T19:58:25.422833-05:00,historyserver,historyserver-demo-7f67bfd478-7vfqh,historyserver,2026-08-06T00:58:24Z,192332302000,1092476928
2026-08-05T19:58:26.422836-05:00,historyserver,historyserver-demo-7f67bfd478-7vfqh,historyserver,2026-08-06T00:58:24Z,192332302000,1092476928
2026-08-05T19:58:27.422834-05:00,historyserver,historyserver-demo-7f67bfd478-7vfqh,historyserver,2026-08-06T00:58:24Z,192332302000,1092476928
2026-08-05T19:58:28.424436-05:00,historyserver,historyserver-demo-7f67bfd478-7vfqh,historyserver,2026-08-06T00:58:24Z,192332302000,1092476928
2026-08-05T19:58:29.422814-05:00,historyserver,historyserver-demo-7f67bfd478-7vfqh,historyserver,2026-08-06T00:58:24Z,192332302000,1092476928
2026-08-05T19:58:30.422848-05:00,historyserver,historyserver-demo-7f67bfd478-7vfqh,historyserver,2026-08-06T00:58:24Z,192332302000,1092476928
2026-08-05T19:58:31.422851-05:00,historyserver,historyserver-demo-7f67bfd478-7vfqh,historyserver,2026-08-06T00:58:24Z,192332302000,1092476928
2026-08-05T19:58:32.422957-05:00,historyserver,historyserver-demo-7f67bfd478-7vfqh,historyserver,2026-08-06T00:58:24Z,192332302000,1092476928
2026-08-05T19:58:33.423005-05:00,historyserver,historyserver-demo-7f67bfd478-7vfqh,historyserver,2026-08-06T00:58:24Z,192332302000,1092476928
2026-08-05T19:58:34.422855-05:00,historyserver,historyserver-demo-7f67bfd478-7vfqh,historyserver,2026-08-06T00:58:24Z,192332302000,1092476928
2026-08-05T19:58:35.422932-05:00,historyserver,historyserver-demo-7f67bfd478-7vfqh,historyserver,2026-08-06T00:58:24Z,192332302000,1092476928
2026-08-05T19:58:36.4232-05:00,historyserver,historyserver-demo-7f67bfd478-7vfqh,historyserver,2026-08-06T00:58:24Z,192332302000,1092476928
2026-08-05T19:58:37.422827-05:00,historyserver,historyserver-demo-7f67bfd478-7vfqh,historyserver,2026-08-06T00:58:24Z,192332302000,1092476928
2026-08-05T19:58:38.422964-05:00,historyserver,historyserver-demo-7f67bfd478-7vfqh,historyserver,2026-08-06T00:58:24Z,192332302000,1092476928
2026-08-05T19:58:39.422934-05:00,historyserver,historyserver-demo-7f67bfd478-7vfqh,historyserver,2026-08-06T00:58:24Z,192332302000,1092476928
2026-08-05T19:58:40.422927-05:00,historyserver,historyserver-demo-7f67bfd478-7vfqh,historyserver,2026-08-06T00:58:24Z,192332302000,1092476928
2026-08-05T19:58:41.422925-05:00,historyserver,historyserver-demo-7f67bfd478-7vfqh,historyserver,2026-08-06T00:58:41Z,200847308000,1545121792
2026-08-05T19:58:42.422999-05:00,historyserver,historyserver-demo-7f67bfd478-7vfqh,historyserver,2026-08-06T00:58:41Z,200847308000,1545121792
2026-08-05T19:58:43.422941-05:00,historyserver,historyserver-demo-7f67bfd478-7vfqh,historyserver,2026-08-06T00:58:41Z,200847308000,1545121792
2026-08-05T19:58:44.422996-05:00,historyserver,historyserver-demo-7f67bfd478-7vfqh,historyserver,2026-08-06T00:58:41Z,200847308000,1545121792
2026-08-05T19:58:45.422953-05:00,historyserver,historyserver-demo-7f67bfd478-7vfqh,historyserver,2026-08-06T00:58:41Z,200847308000,1545121792
2026-08-05T19:58:46.422967-05:00,historyserver,historyserver-demo-7f67bfd478-7vfqh,historyserver,2026-08-06T00:58:41Z,200847308000,1545121792
2026-08-05T19:58:47.423003-05:00,historyserver,historyserver-demo-7f67bfd478-7vfqh,historyserver,2026-08-06T00:58:41Z,200847308000,1545121792
2026-08-05T19:58:48.42216-05:00,historyserver,historyserver-demo-7f67bfd478-7vfqh,historyserver,2026-08-06T00:58:41Z,200847308000,1545121792
2026-08-05T19:58:49.423001-05:00,historyserver,historyserver-demo-7f67bfd478-7vfqh,historyserver,2026-08-06T00:58:41Z,200847308000,1545121792
2026-08-05T19:58:50.423051-05:00,historyserver,historyserver-demo-7f67bfd478-7vfqh,historyserver,2026-08-06T00:58:41Z,200847308000,1545121792
2026-08-05T19:58:51.422033-05:00,historyserver,historyserver-demo-7f67bfd478-7vfqh,historyserver,2026-08-06T00:58:41Z,200847308000,1545121792
2026-08-05T19:58:52.423041-05:00,historyserver,historyserver-demo-7f67bfd478-7vfqh,historyserver,2026-08-06T00:58:41Z,200847308000,1545121792
2026-08-05T19:58:53.423024-05:00,historyserver,historyserver-demo-7f67bfd478-7vfqh,historyserver,2026-08-06T00:58:41Z,200847308000,1545121792
2026-08-05T19:58:54.423144-05:00,historyserver,historyserver-demo-7f67bfd478-7vfqh,historyserver,2026-08-06T00:58:41Z,200847308000,1545121792
2026-08-05T19:58:55.423129-05:00,historyserver,historyserver-demo-7f67bfd478-7vfqh,historyserver,2026-08-06T00:58:41Z,200847308000,1545121792
2026-08-05T19:58:56.422983-05:00,historyserver,historyserver-demo-7f67bfd478-7vfqh,historyserver,2026-08-06T00:58:56Z,208232023000,1445597184
2026-08-05T19:58:57.422734-05:00,historyserver,historyserver-demo-7f67bfd478-7vfqh,historyserver,2026-08-06T00:58:56Z,208232023000,1445597184
2026-08-05T19:58:58.423077-05:00,historyserver,historyserver-demo-7f67bfd478-7vfqh,historyserver,2026-08-06T00:58:56Z,208232023000,1445597184
2026-08-05T19:58:59.42311-05:00,historyserver,historyserver-demo-7f67bfd478-7vfqh,historyserver,2026-08-06T00:58:56Z,208232023000,1445597184
2026-08-05T19:59:00.423176-05:00,historyserver,historyserver-demo-7f67bfd478-7vfqh,historyserver,2026-08-06T00:58:56Z,208232023000,1445597184
2026-08-05T19:59:01.423049-05:00,historyserver,historyserver-demo-7f67bfd478-7vfqh,historyserver,2026-08-06T00:58:56Z,208232023000,1445597184
2026-08-05T19:59:02.423169-05:00,historyserver,historyserver-demo-7f67bfd478-7vfqh,historyserver,2026-08-06T00:58:56Z,208232023000,1445597184
2026-08-05T19:59:03.423128-05:00,historyserver,historyserver-demo-7f67bfd478-7vfqh,historyserver,2026-08-06T00:58:56Z,208232023000,1445597184
2026-08-05T19:59:04.422359-05:00,historyserver,historyserver-demo-7f67bfd478-7vfqh,historyserver,2026-08-06T00:58:56Z,208232023000,1445597184
2026-08-05T19:59:05.423199-05:00,historyserver,historyserver-demo-7f67bfd478-7vfqh,historyserver,2026-08-06T00:58:56Z,208232023000,1445597184
2026-08-05T19:59:06.42235-05:00,historyserver,historyserver-demo-7f67bfd478-7vfqh,historyserver,2026-08-06T00:59:06Z,213345289000,1644396544
2026-08-05T19:59:07.423165-05:00,historyserver,historyserver-demo-7f67bfd478-7vfqh,historyserver,2026-08-06T00:59:06Z,213345289000,1644396544
2026-08-05T19:59:08.423224-05:00,historyserver,historyserver-demo-7f67bfd478-7vfqh,historyserver,2026-08-06T00:59:06Z,213345289000,1644396544
2026-08-05T19:59:09.423215-05:00,historyserver,historyserver-demo-7f67bfd478-7vfqh,historyserver,2026-08-06T00:59:06Z,213345289000,1644396544
2026-08-05T19:59:10.423116-05:00,historyserver,historyserver-demo-7f67bfd478-7vfqh,historyserver,2026-08-06T00:59:06Z,213345289000,1644396544
2026-08-05T19:59:11.423188-05:00,historyserver,historyserver-demo-7f67bfd478-7vfqh,historyserver,2026-08-06T00:59:06Z,213345289000,1644396544
2026-08-05T19:59:12.423237-05:00,historyserver,historyserver-demo-7f67bfd478-7vfqh,historyserver,2026-08-06T00:59:06Z,213345289000,1644396544
2026-08-05T19:59:13.423277-05:00,historyserver,historyserver-demo-7f67bfd478-7vfqh,historyserver,2026-08-06T00:59:06Z,213345289000,1644396544
2026-08-05T19:59:14.423307-05:00,historyserver,historyserver-demo-7f67bfd478-7vfqh,historyserver,2026-08-06T00:59:06Z,213345289000,1644396544
2026-08-05T19:59:15.422922-05:00,historyserver,historyserver-demo-7f67bfd478-7vfqh,historyserver,2026-08-06T00:59:06Z,213345289000,1644396544
2026-08-05T19:59:16.42293-05:00,historyserver,historyserver-demo-7f67bfd478-7vfqh,historyserver,2026-08-06T00:59:06Z,213345289000,1644396544
2026-08-05T19:59:17.422322-05:00,historyserver,historyserver-demo-7f67bfd478-7vfqh,historyserver,2026-08-06T00:59:06Z,213345289000,1644396544
2026-08-05T19:59:18.423303-05:00,historyserver,historyserver-demo-7f67bfd478-7vfqh,historyserver,2026-08-06T00:59:06Z,213345289000,1644396544
2026-08-05T19:59:19.422732-05:00,historyserver,historyserver-demo-7f67bfd478-7vfqh,historyserver,2026-08-06T00:59:06Z,213345289000,1644396544
2026-08-05T19:59:20.42248-05:00,historyserver,historyserver-demo-7f67bfd478-7vfqh,historyserver,2026-08-06T00:59:06Z,213345289000,1644396544
2026-08-05T19:59:21.423065-05:00,historyserver,historyserver-demo-7f67bfd478-7vfqh,historyserver,2026-08-06T00:59:06Z,213345289000,1644396544
2026-08-05T19:59:22.422409-05:00,historyserver,historyserver-demo-7f67bfd478-7vfqh,historyserver,2026-08-06T00:59:06Z,213345289000,1644396544
2026-08-05T19:59:23.423306-05:00,historyserver,historyserver-demo-7f67bfd478-7vfqh,historyserver,2026-08-06T00:59:06Z,213345289000,1644396544
2026-08-05T19:59:24.423347-05:00,historyserver,historyserver-demo-7f67bfd478-7vfqh,historyserver,2026-08-06T00:59:23Z,222096295000,1742319616
2026-08-05T19:59:25.423674-05:00,historyserver,historyserver-demo-7f67bfd478-7vfqh,historyserver,2026-08-06T00:59:23Z,222096295000,1742319616
2026-08-05T19:59:26.423317-05:00,historyserver,historyserver-demo-7f67bfd478-7vfqh,historyserver,2026-08-06T00:59:23Z,222096295000,1742319616
2026-08-05T19:59:27.422848-05:00,historyserver,historyserver-demo-7f67bfd478-7vfqh,historyserver,2026-08-06T00:59:23Z,222096295000,1742319616
2026-08-05T19:59:28.423381-05:00,historyserver,historyserver-demo-7f67bfd478-7vfqh,historyserver,2026-08-06T00:59:23Z,222096295000,1742319616
2026-08-05T19:59:29.422666-05:00,historyserver,historyserver-demo-7f67bfd478-7vfqh,historyserver,2026-08-06T00:59:23Z,222096295000,1742319616
2026-08-05T19:59:30.423368-05:00,historyserver,historyserver-demo-7f67bfd478-7vfqh,historyserver,2026-08-06T00:59:23Z,222096295000,1742319616
2026-08-05T19:59:31.423296-05:00,historyserver,historyserver-demo-7f67bfd478-7vfqh,historyserver,2026-08-06T00:59:23Z,222096295000,1742319616
2026-08-05T19:59:32.42337-05:00,historyserver,historyserver-demo-7f67bfd478-7vfqh,historyserver,2026-08-06T00:59:23Z,222096295000,1742319616
2026-08-05T19:59:33.42327-05:00,historyserver,historyserver-demo-7f67bfd478-7vfqh,historyserver,2026-08-06T00:59:23Z,222096295000,1742319616
2026-08-05T19:59:34.423401-05:00,historyserver,historyserver-demo-7f67bfd478-7vfqh,historyserver,2026-08-06T00:59:23Z,222096295000,1742319616
2026-08-05T19:59:35.422988-05:00,historyserver,historyserver-demo-7f67bfd478-7vfqh,historyserver,2026-08-06T00:59:35Z,227746252000,1921593344
2026-08-05T19:59:36.423412-05:00,historyserver,historyserver-demo-7f67bfd478-7vfqh,historyserver,2026-08-06T00:59:35Z,227746252000,1921593344
2026-08-05T19:59:37.423384-05:00,historyserver,historyserver-demo-7f67bfd478-7vfqh,historyserver,2026-08-06T00:59:35Z,227746252000,1921593344
2026-08-05T19:59:38.422636-05:00,historyserver,historyserver-demo-7f67bfd478-7vfqh,historyserver,2026-08-06T00:59:35Z,227746252000,1921593344
2026-08-05T19:59:39.423081-05:00,historyserver,historyserver-demo-7f67bfd478-7vfqh,historyserver,2026-08-06T00:59:35Z,227746252000,1921593344
2026-08-05T19:59:40.423472-05:00,historyserver,historyserver-demo-7f67bfd478-7vfqh,historyserver,2026-08-06T00:59:35Z,227746252000,1921593344
2026-08-05T19:59:41.423448-05:00,historyserver,historyserver-demo-7f67bfd478-7vfqh,historyserver,2026-08-06T00:59:35Z,227746252000,1921593344
2026-08-05T19:59:42.423117-05:00,historyserver,historyserver-demo-7f67bfd478-7vfqh,historyserver,2026-08-06T00:59:35Z,227746252000,1921593344
2026-08-05T19:59:43.424402-05:00,historyserver,historyserver-demo-7f67bfd478-7vfqh,historyserver,2026-08-06T00:59:35Z,227746252000,1921593344
2026-08-05T19:59:44.42485-05:00,historyserver,historyserver-demo-7f67bfd478-7vfqh,historyserver,2026-08-06T00:59:35Z,227746252000,1921593344
2026-08-05T19:59:45.425239-05:00,historyserver,historyserver-demo-7f67bfd478-7vfqh,historyserver,2026-08-06T00:59:35Z,227746252000,1921593344
2026-08-05T19:59:46.425725-05:00,historyserver,historyserver-demo-7f67bfd478-7vfqh,historyserver,2026-08-06T00:59:45Z,233047373000,1743839232
2026-08-05T19:59:47.425793-05:00,historyserver,historyserver-demo-7f67bfd478-7vfqh,historyserver,2026-08-06T00:59:45Z,233047373000,1743839232
2026-08-05T19:59:48.426393-05:00,historyserver,historyserver-demo-7f67bfd478-7vfqh,historyserver,2026-08-06T00:59:45Z,233047373000,1743839232
2026-08-05T19:59:49.4267-05:00,historyserver,historyserver-demo-7f67bfd478-7vfqh,historyserver,2026-08-06T00:59:45Z,233047373000,1743839232
2026-08-05T19:59:50.426994-05:00,historyserver,historyserver-demo-7f67bfd478-7vfqh,historyserver,2026-08-06T00:59:45Z,233047373000,1743839232
2026-08-05T19:59:51.427292-05:00,historyserver,historyserver-demo-7f67bfd478-7vfqh,historyserver,2026-08-06T00:59:45Z,233047373000,1743839232
2026-08-05T19:59:52.427566-05:00,historyserver,historyserver-demo-7f67bfd478-7vfqh,historyserver,2026-08-06T00:59:45Z,233047373000,1743839232
2026-08-05T19:59:53.426999-05:00,historyserver,historyserver-demo-7f67bfd478-7vfqh,historyserver,2026-08-06T00:59:45Z,233047373000,1743839232
2026-08-05T19:59:54.428047-05:00,historyserver,historyserver-demo-7f67bfd478-7vfqh,historyserver,2026-08-06T00:59:45Z,233047373000,1743839232
2026-08-05T19:59:55.428267-05:00,historyserver,historyserver-demo-7f67bfd478-7vfqh,historyserver,2026-08-06T00:59:45Z,233047373000,1743839232
2026-08-05T19:59:56.428461-05:00,historyserver,historyserver-demo-7f67bfd478-7vfqh,historyserver,2026-08-06T00:59:45Z,233047373000,1743839232
2026-08-05T19:59:57.428656-05:00,historyserver,historyserver-demo-7f67bfd478-7vfqh,historyserver,2026-08-06T00:59:45Z,233047373000,1743839232
2026-08-05T19:59:58.428849-05:00,historyserver,historyserver-demo-7f67bfd478-7vfqh,historyserver,2026-08-06T00:59:45Z,233047373000,1743839232
2026-08-05T19:59:59.428018-05:00,historyserver,historyserver-demo-7f67bfd478-7vfqh,historyserver,2026-08-06T00:59:45Z,233047373000,1743839232
2026-08-05T20:00:00.428184-05:00,historyserver,historyserver-demo-7f67bfd478-7vfqh,historyserver,2026-08-06T00:59:45Z,233047373000,1743839232
2026-08-05T20:00:01.42937-05:00,historyserver,historyserver-demo-7f67bfd478-7vfqh,historyserver,2026-08-06T00:59:45Z,233047373000,1743839232
2026-08-05T20:00:02.429497-05:00,historyserver,historyserver-demo-7f67bfd478-7vfqh,historyserver,2026-08-06T01:00:01Z,237079591000,2031980544
2026-08-05T20:00:03.429597-05:00,historyserver,historyserver-demo-7f67bfd478-7vfqh,historyserver,2026-08-06T01:00:01Z,237079591000,2031980544
2026-08-05T20:00:04.429741-05:00,historyserver,historyserver-demo-7f67bfd478-7vfqh,historyserver,2026-08-06T01:00:01Z,237079591000,2031980544
2026-08-05T20:00:05.42986-05:00,historyserver,historyserver-demo-7f67bfd478-7vfqh,historyserver,2026-08-06T01:00:01Z,237079591000,2031980544
2026-08-05T20:00:06.429007-05:00,historyserver,historyserver-demo-7f67bfd478-7vfqh,historyserver,2026-08-06T01:00:01Z,237079591000,2031980544
2026-08-05T20:00:07.429886-05:00,historyserver,historyserver-demo-7f67bfd478-7vfqh,historyserver,2026-08-06T01:00:01Z,237079591000,2031980544
2026-08-05T20:00:08.43019-05:00,historyserver,historyserver-demo-7f67bfd478-7vfqh,historyserver,2026-08-06T01:00:01Z,237079591000,2031980544
2026-08-05T20:00:09.430173-05:00,historyserver,historyserver-demo-7f67bfd478-7vfqh,historyserver,2026-08-06T01:00:01Z,237079591000,2031980544
2026-08-05T20:00:10.430374-05:00,historyserver,historyserver-demo-7f67bfd478-7vfqh,historyserver,2026-08-06T01:00:01Z,237079591000,2031980544
2026-08-05T20:00:11.43045-05:00,historyserver,historyserver-demo-7f67bfd478-7vfqh,historyserver,2026-08-06T01:00:01Z,237079591000,2031980544
2026-08-05T20:00:12.430005-05:00,historyserver,historyserver-demo-7f67bfd478-7vfqh,historyserver,2026-08-06T01:00:01Z,237079591000,2031980544
2026-08-05T20:00:13.430462-05:00,historyserver,historyserver-demo-7f67bfd478-7vfqh,historyserver,2026-08-06T01:00:01Z,237079591000,2031980544
2026-08-05T20:00:14.430685-05:00,historyserver,historyserver-demo-7f67bfd478-7vfqh,historyserver,2026-08-06T01:00:01Z,237079591000,2031980544
2026-08-05T20:00:15.429929-05:00,historyserver,historyserver-demo-7f67bfd478-7vfqh,historyserver,2026-08-06T01:00:01Z,237079591000,2031980544
2026-08-05T20:00:16.430813-05:00,historyserver,historyserver-demo-7f67bfd478-7vfqh,historyserver,2026-08-06T01:00:01Z,237079591000,2031980544
2026-08-05T20:00:17.430893-05:00,historyserver,historyserver-demo-7f67bfd478-7vfqh,historyserver,2026-08-06T01:00:01Z,237079591000,2031980544
2026-08-05T20:00:18.43105-05:00,historyserver,historyserver-demo-7f67bfd478-7vfqh,historyserver,2026-08-06T01:00:01Z,237079591000,2031980544
2026-08-05T20:00:19.431-05:00,historyserver,historyserver-demo-7f67bfd478-7vfqh,historyserver,2026-08-06T01:00:01Z,237079591000,2031980544
2026-08-05T20:00:20.431079-05:00,historyserver,historyserver-demo-7f67bfd478-7vfqh,historyserver,2026-08-06T01:00:01Z,237079591000,2031980544
2026-08-05T20:00:21.431118-05:00,historyserver,historyserver-demo-7f67bfd478-7vfqh,historyserver,2026-08-06T01:00:21Z,246750925000,1214533632
2026-08-05T20:00:22.43029-05:00,historyserver,historyserver-demo-7f67bfd478-7vfqh,historyserver,2026-08-06T01:00:21Z,246750925000,1214533632
2026-08-05T20:00:23.431251-05:00,historyserver,historyserver-demo-7f67bfd478-7vfqh,historyserver,2026-08-06T01:00:21Z,246750925000,1214533632
2026-08-05T20:00:24.431236-05:00,historyserver,historyserver-demo-7f67bfd478-7vfqh,historyserver,2026-08-06T01:00:21Z,246750925000,1214533632
2026-08-05T20:00:25.431293-05:00,historyserver,historyserver-demo-7f67bfd478-7vfqh,historyserver,2026-08-06T01:00:21Z,246750925000,1214533632
2026-08-05T20:00:26.431175-05:00,historyserver,historyserver-demo-7f67bfd478-7vfqh,historyserver,2026-08-06T01:00:21Z,246750925000,1214533632
2026-08-05T20:00:27.431376-05:00,historyserver,historyserver-demo-7f67bfd478-7vfqh,historyserver,2026-08-06T01:00:21Z,246750925000,1214533632
2026-08-05T20:00:28.431418-05:00,historyserver,historyserver-demo-7f67bfd478-7vfqh,historyserver,2026-08-06T01:00:21Z,246750925000,1214533632
2026-08-05T20:00:29.431466-05:00,historyserver,historyserver-demo-7f67bfd478-7vfqh,historyserver,2026-08-06T01:00:21Z,246750925000,1214533632
2026-08-05T20:00:30.431311-05:00,historyserver,historyserver-demo-7f67bfd478-7vfqh,historyserver,2026-08-06T01:00:21Z,246750925000,1214533632
2026-08-05T20:00:31.431558-05:00,historyserver,historyserver-demo-7f67bfd478-7vfqh,historyserver,2026-08-06T01:00:21Z,246750925000,1214533632
2026-08-05T20:00:32.431543-05:00,historyserver,historyserver-demo-7f67bfd478-7vfqh,historyserver,2026-08-06T01:00:32Z,252095450000,1476722688
2026-08-05T20:00:33.431567-05:00,historyserver,historyserver-demo-7f67bfd478-7vfqh,historyserver,2026-08-06T01:00:32Z,252095450000,1476722688
2026-08-05T20:00:34.431526-05:00,historyserver,historyserver-demo-7f67bfd478-7vfqh,historyserver,2026-08-06T01:00:32Z,252095450000,1476722688
2026-08-05T20:00:35.431559-05:00,historyserver,historyserver-demo-7f67bfd478-7vfqh,historyserver,2026-08-06T01:00:32Z,252095450000,1476722688
2026-08-05T20:00:36.431661-05:00,historyserver,historyserver-demo-7f67bfd478-7vfqh,historyserver,2026-08-06T01:00:32Z,252095450000,1476722688
2026-08-05T20:00:37.431559-05:00,historyserver,historyserver-demo-7f67bfd478-7vfqh,historyserver,2026-08-06T01:00:32Z,252095450000,1476722688
2026-08-05T20:00:38.431696-05:00,historyserver,historyserver-demo-7f67bfd478-7vfqh,historyserver,2026-08-06T01:00:32Z,252095450000,1476722688
2026-08-05T20:00:39.431717-05:00,historyserver,historyserver-demo-7f67bfd478-7vfqh,historyserver,2026-08-06T01:00:32Z,252095450000,1476722688
2026-08-05T20:00:40.431773-05:00,historyserver,historyserver-demo-7f67bfd478-7vfqh,historyserver,2026-08-06T01:00:32Z,252095450000,1476722688
2026-08-05T20:00:41.431564-05:00,historyserver,historyserver-demo-7f67bfd478-7vfqh,historyserver,2026-08-06T01:00:32Z,252095450000,1476722688
2026-08-05T20:00:42.431789-05:00,historyserver,historyserver-demo-7f67bfd478-7vfqh,historyserver,2026-08-06T01:00:32Z,252095450000,1476722688
2026-08-05T20:00:43.431511-05:00,historyserver,historyserver-demo-7f67bfd478-7vfqh,historyserver,2026-08-06T01:00:32Z,252095450000,1476722688
2026-08-05T20:00:44.430951-05:00,historyserver,historyserver-demo-7f67bfd478-7vfqh,historyserver,2026-08-06T01:00:32Z,252095450000,1476722688
2026-08-05T20:00:45.43101-05:00,historyserver,historyserver-demo-7f67bfd478-7vfqh,historyserver,2026-08-06T01:00:32Z,252095450000,1476722688
2026-08-05T20:00:46.431142-05:00,historyserver,historyserver-demo-7f67bfd478-7vfqh,historyserver,2026-08-06T01:00:32Z,252095450000,1476722688
2026-08-05T20:00:47.431313-05:00,historyserver,historyserver-demo-7f67bfd478-7vfqh,historyserver,2026-08-06T01:00:32Z,252095450000,1476722688
2026-08-05T20:00:48.430896-05:00,historyserver,historyserver-demo-7f67bfd478-7vfqh,historyserver,2026-08-06T01:00:32Z,252095450000,1476722688
2026-08-05T20:00:49.43174-05:00,historyserver,historyserver-demo-7f67bfd478-7vfqh,historyserver,2026-08-06T01:00:32Z,252095450000,1476722688
2026-08-05T20:00:50.431933-05:00,historyserver,historyserver-demo-7f67bfd478-7vfqh,historyserver,2026-08-06T01:00:32Z,252095450000,1476722688
2026-08-05T20:00:51.431748-05:00,historyserver,historyserver-demo-7f67bfd478-7vfqh,historyserver,2026-08-06T01:00:32Z,252095450000,1476722688
2026-08-05T20:00:52.431962-05:00,historyserver,historyserver-demo-7f67bfd478-7vfqh,historyserver,2026-08-06T01:00:51Z,262037829000,1786748928
2026-08-05T20:00:53.431973-05:00,historyserver,historyserver-demo-7f67bfd478-7vfqh,historyserver,2026-08-06T01:00:51Z,262037829000,1786748928
2026-08-05T20:00:54.431952-05:00,historyserver,historyserver-demo-7f67bfd478-7vfqh,historyserver,2026-08-06T01:00:51Z,262037829000,1786748928
2026-08-05T20:00:55.431998-05:00,historyserver,historyserver-demo-7f67bfd478-7vfqh,historyserver,2026-08-06T01:00:51Z,262037829000,1786748928
2026-08-05T20:00:56.432005-05:00,historyserver,historyserver-demo-7f67bfd478-7vfqh,historyserver,2026-08-06T01:00:51Z,262037829000,1786748928
2026-08-05T20:00:57.432046-05:00,historyserver,historyserver-demo-7f67bfd478-7vfqh,historyserver,2026-08-06T01:00:51Z,262037829000,1786748928
2026-08-05T20:00:58.432082-05:00,historyserver,historyserver-demo-7f67bfd478-7vfqh,historyserver,2026-08-06T01:00:51Z,262037829000,1786748928
2026-08-05T20:00:59.432076-05:00,historyserver,historyserver-demo-7f67bfd478-7vfqh,historyserver,2026-08-06T01:00:51Z,262037829000,1786748928
2026-08-05T20:01:00.432079-05:00,historyserver,historyserver-demo-7f67bfd478-7vfqh,historyserver,2026-08-06T01:00:51Z,262037829000,1786748928
2026-08-05T20:01:01.432246-05:00,historyserver,historyserver-demo-7f67bfd478-7vfqh,historyserver,2026-08-06T01:00:51Z,262037829000,1786748928
2026-08-05T20:01:02.432107-05:00,historyserver,historyserver-demo-7f67bfd478-7vfqh,historyserver,2026-08-06T01:00:51Z,262037829000,1786748928
2026-08-05T20:01:03.432057-05:00,historyserver,historyserver-demo-7f67bfd478-7vfqh,historyserver,2026-08-06T01:00:51Z,262037829000,1786748928
2026-08-05T20:01:04.431706-05:00,historyserver,historyserver-demo-7f67bfd478-7vfqh,historyserver,2026-08-06T01:00:51Z,262037829000,1786748928
2026-08-05T20:01:05.431381-05:00,historyserver,historyserver-demo-7f67bfd478-7vfqh,historyserver,2026-08-06T01:00:51Z,262037829000,1786748928
2026-08-05T20:01:06.432173-05:00,historyserver,historyserver-demo-7f67bfd478-7vfqh,historyserver,2026-08-06T01:01:05Z,269009042000,1961390080
2026-08-05T20:01:07.43218-05:00,historyserver,historyserver-demo-7f67bfd478-7vfqh,historyserver,2026-08-06T01:01:05Z,269009042000,1961390080
2026-08-05T20:01:08.432178-05:00,historyserver,historyserver-demo-7f67bfd478-7vfqh,historyserver,2026-08-06T01:01:05Z,269009042000,1961390080
2026-08-05T20:01:09.432196-05:00,historyserver,historyserver-demo-7f67bfd478-7vfqh,historyserver,2026-08-06T01:01:05Z,269009042000,1961390080
2026-08-05T20:01:10.432185-05:00,historyserver,historyserver-demo-7f67bfd478-7vfqh,historyserver,2026-08-06T01:01:05Z,269009042000,1961390080
2026-08-05T20:01:11.432262-05:00,historyserver,historyserver-demo-7f67bfd478-7vfqh,historyserver,2026-08-06T01:01:05Z,269009042000,1961390080
2026-08-05T20:01:12.431379-05:00,historyserver,historyserver-demo-7f67bfd478-7vfqh,historyserver,2026-08-06T01:01:05Z,269009042000,1961390080
2026-08-05T20:01:13.43201-05:00,historyserver,historyserver-demo-7f67bfd478-7vfqh,historyserver,2026-08-06T01:01:05Z,269009042000,1961390080
2026-08-05T20:01:14.432259-05:00,historyserver,historyserver-demo-7f67bfd478-7vfqh,historyserver,2026-08-06T01:01:05Z,269009042000,1961390080
2026-08-05T20:01:15.432044-05:00,historyserver,historyserver-demo-7f67bfd478-7vfqh,historyserver,2026-08-06T01:01:05Z,269009042000,1961390080
2026-08-05T20:01:16.432309-05:00,historyserver,historyserver-demo-7f67bfd478-7vfqh,historyserver,2026-08-06T01:01:05Z,269009042000,1961390080
2026-08-05T20:01:17.432283-05:00,historyserver,historyserver-demo-7f67bfd478-7vfqh,historyserver,2026-08-06T01:01:05Z,269009042000,1961390080
2026-08-05T20:01:18.432294-05:00,historyserver,historyserver-demo-7f67bfd478-7vfqh,historyserver,2026-08-06T01:01:05Z,269009042000,1961390080
2026-08-05T20:01:19.432317-05:00,historyserver,historyserver-demo-7f67bfd478-7vfqh,historyserver,2026-08-06T01:01:05Z,269009042000,1961390080
2026-08-05T20:01:20.43225-05:00,historyserver,historyserver-demo-7f67bfd478-7vfqh,historyserver,2026-08-06T01:01:05Z,269009042000,1961390080
2026-08-05T20:01:21.432232-05:00,historyserver,historyserver-demo-7f67bfd478-7vfqh,historyserver,2026-08-06T01:01:05Z,269009042000,1961390080
2026-08-05T20:01:22.432308-05:00,historyserver,historyserver-demo-7f67bfd478-7vfqh,historyserver,2026-08-06T01:01:05Z,269009042000,1961390080
2026-08-05T20:01:23.432417-05:00,historyserver,historyserver-demo-7f67bfd478-7vfqh,historyserver,2026-08-06T01:01:22Z,277579822000,1830252544
2026-08-05T20:01:24.43239-05:00,historyserver,historyserver-demo-7f67bfd478-7vfqh,historyserver,2026-08-06T01:01:22Z,277579822000,1830252544
2026-08-05T20:01:25.432402-05:00,historyserver,historyserver-demo-7f67bfd478-7vfqh,historyserver,2026-08-06T01:01:22Z,277579822000,1830252544
2026-08-05T20:01:26.432394-05:00,historyserver,historyserver-demo-7f67bfd478-7vfqh,historyserver,2026-08-06T01:01:22Z,277579822000,1830252544
2026-08-05T20:01:27.432419-05:00,historyserver,historyserver-demo-7f67bfd478-7vfqh,historyserver,2026-08-06T01:01:22Z,277579822000,1830252544
2026-08-05T20:01:28.432449-05:00,historyserver,historyserver-demo-7f67bfd478-7vfqh,historyserver,2026-08-06T01:01:22Z,277579822000,1830252544
2026-08-05T20:01:29.432425-05:00,historyserver,historyserver-demo-7f67bfd478-7vfqh,historyserver,2026-08-06T01:01:22Z,277579822000,1830252544
2026-08-05T20:01:30.432431-05:00,historyserver,historyserver-demo-7f67bfd478-7vfqh,historyserver,2026-08-06T01:01:22Z,277579822000,1830252544
2026-08-05T20:01:31.43245-05:00,historyserver,historyserver-demo-7f67bfd478-7vfqh,historyserver,2026-08-06T01:01:22Z,277579822000,1830252544
2026-08-05T20:01:32.431693-05:00,historyserver,historyserver-demo-7f67bfd478-7vfqh,historyserver,2026-08-06T01:01:22Z,277579822000,1830252544
2026-08-05T20:01:33.432248-05:00,historyserver,historyserver-demo-7f67bfd478-7vfqh,historyserver,2026-08-06T01:01:22Z,277579822000,1830252544
2026-08-05T20:01:34.431716-05:00,historyserver,historyserver-demo-7f67bfd478-7vfqh,historyserver,2026-08-06T01:01:22Z,277579822000,1830252544
2026-08-05T20:01:35.432441-05:00,historyserver,historyserver-demo-7f67bfd478-7vfqh,historyserver,2026-08-06T01:01:22Z,277579822000,1830252544
2026-08-05T20:01:36.43178-05:00,historyserver,historyserver-demo-7f67bfd478-7vfqh,historyserver,2026-08-06T01:01:22Z,277579822000,1830252544
2026-08-05T20:01:37.43252-05:00,historyserver,historyserver-demo-7f67bfd478-7vfqh,historyserver,2026-08-06T01:01:22Z,277579822000,1830252544
2026-08-05T20:01:38.432539-05:00,historyserver,historyserver-demo-7f67bfd478-7vfqh,historyserver,2026-08-06T01:01:22Z,277579822000,1830252544
2026-08-05T20:01:39.432199-05:00,historyserver,historyserver-demo-7f67bfd478-7vfqh,historyserver,2026-08-06T01:01:22Z,277579822000,1830252544
2026-08-05T20:01:40.432449-05:00,historyserver,historyserver-demo-7f67bfd478-7vfqh,historyserver,2026-08-06T01:01:22Z,277579822000,1830252544
2026-08-05T20:01:41.432592-05:00,historyserver,historyserver-demo-7f67bfd478-7vfqh,historyserver,2026-08-06T01:01:40Z,286361621000,2025054208
2026-08-05T20:01:42.432573-05:00,historyserver,historyserver-demo-7f67bfd478-7vfqh,historyserver,2026-08-06T01:01:40Z,286361621000,2025054208
2026-08-05T20:01:43.432587-05:00,historyserver,historyserver-demo-7f67bfd478-7vfqh,historyserver,2026-08-06T01:01:40Z,286361621000,2025054208
2026-08-05T20:01:44.432604-05:00,historyserver,historyserver-demo-7f67bfd478-7vfqh,historyserver,2026-08-06T01:01:40Z,286361621000,2025054208
2026-08-05T20:01:45.432659-05:00,historyserver,historyserver-demo-7f67bfd478-7vfqh,historyserver,2026-08-06T01:01:40Z,286361621000,2025054208
2026-08-05T20:01:46.432441-05:00,historyserver,historyserver-demo-7f67bfd478-7vfqh,historyserver,2026-08-06T01:01:40Z,286361621000,2025054208
2026-08-05T20:01:47.43263-05:00,historyserver,historyserver-demo-7f67bfd478-7vfqh,historyserver,2026-08-06T01:01:40Z,286361621000,2025054208
2026-08-05T20:01:48.432297-05:00,historyserver,historyserver-demo-7f67bfd478-7vfqh,historyserver,2026-08-06T01:01:40Z,286361621000,2025054208
2026-08-05T20:01:49.431862-05:00,historyserver,historyserver-demo-7f67bfd478-7vfqh,historyserver,2026-08-06T01:01:40Z,286361621000,2025054208
2026-08-05T20:01:50.433161-05:00,historyserver,historyserver-demo-7f67bfd478-7vfqh,historyserver,2026-08-06T01:01:40Z,286361621000,2025054208
2026-08-05T20:01:51.432696-05:00,historyserver,historyserver-demo-7f67bfd478-7vfqh,historyserver,2026-08-06T01:01:40Z,286361621000,2025054208
2026-08-05T20:01:52.432675-05:00,historyserver,historyserver-demo-7f67bfd478-7vfqh,historyserver,2026-08-06T01:01:40Z,286361621000,2025054208
2026-08-05T20:01:53.432696-05:00,historyserver,historyserver-demo-7f67bfd478-7vfqh,historyserver,2026-08-06T01:01:53Z,292789778000,1656664064
2026-08-05T20:01:54.432701-05:00,historyserver,historyserver-demo-7f67bfd478-7vfqh,historyserver,2026-08-06T01:01:53Z,292789778000,1656664064
2026-08-05T20:01:55.431851-05:00,historyserver,historyserver-demo-7f67bfd478-7vfqh,historyserver,2026-08-06T01:01:53Z,292789778000,1656664064
2026-08-05T20:01:56.432769-05:00,historyserver,historyserver-demo-7f67bfd478-7vfqh,historyserver,2026-08-06T01:01:53Z,292789778000,1656664064
2026-08-05T20:01:57.43212-05:00,historyserver,historyserver-demo-7f67bfd478-7vfqh,historyserver,2026-08-06T01:01:53Z,292789778000,1656664064
2026-08-05T20:01:58.432892-05:00,historyserver,historyserver-demo-7f67bfd478-7vfqh,historyserver,2026-08-06T01:01:53Z,292789778000,1656664064
2026-08-05T20:01:59.43182-05:00,historyserver,historyserver-demo-7f67bfd478-7vfqh,historyserver,2026-08-06T01:01:53Z,292789778000,1656664064
2026-08-05T20:02:00.432779-05:00,historyserver,historyserver-demo-7f67bfd478-7vfqh,historyserver,2026-08-06T01:01:53Z,292789778000,1656664064
2026-08-05T20:02:01.431813-05:00,historyserver,historyserver-demo-7f67bfd478-7vfqh,historyserver,2026-08-06T01:01:53Z,292789778000,1656664064
2026-08-05T20:02:02.432458-05:00,historyserver,historyserver-demo-7f67bfd478-7vfqh,historyserver,2026-08-06T01:01:53Z,292789778000,1656664064
2026-08-05T20:02:03.432037-05:00,historyserver,historyserver-demo-7f67bfd478-7vfqh,historyserver,2026-08-06T01:01:53Z,292789778000,1656664064
2026-08-05T20:02:04.432829-05:00,historyserver,historyserver-demo-7f67bfd478-7vfqh,historyserver,2026-08-06T01:01:53Z,292789778000,1656664064
2026-08-05T20:02:05.432827-05:00,historyserver,historyserver-demo-7f67bfd478-7vfqh,historyserver,2026-08-06T01:01:53Z,292789778000,1656664064
2026-08-05T20:02:06.432769-05:00,historyserver,historyserver-demo-7f67bfd478-7vfqh,historyserver,2026-08-06T01:01:53Z,292789778000,1656664064
2026-08-05T20:02:07.432872-05:00,historyserver,historyserver-demo-7f67bfd478-7vfqh,historyserver,2026-08-06T01:01:53Z,292789778000,1656664064
2026-08-05T20:02:08.432877-05:00,historyserver,historyserver-demo-7f67bfd478-7vfqh,historyserver,2026-08-06T01:02:07Z,300037809000,1635119104
2026-08-05T20:02:09.432896-05:00,historyserver,historyserver-demo-7f67bfd478-7vfqh,historyserver,2026-08-06T01:02:07Z,300037809000,1635119104
2026-08-05T20:02:10.432925-05:00,historyserver,historyserver-demo-7f67bfd478-7vfqh,historyserver,2026-08-06T01:02:07Z,300037809000,1635119104
2026-08-05T20:02:11.432903-05:00,historyserver,historyserver-demo-7f67bfd478-7vfqh,historyserver,2026-08-06T01:02:07Z,300037809000,1635119104
2026-08-05T20:02:12.432918-05:00,historyserver,historyserver-demo-7f67bfd478-7vfqh,historyserver,2026-08-06T01:02:07Z,300037809000,1635119104
2026-08-05T20:02:13.432918-05:00,historyserver,historyserver-demo-7f67bfd478-7vfqh,historyserver,2026-08-06T01:02:07Z,300037809000,1635119104
2026-08-05T20:02:14.432922-05:00,historyserver,historyserver-demo-7f67bfd478-7vfqh,historyserver,2026-08-06T01:02:07Z,300037809000,1635119104
2026-08-05T20:02:15.432938-05:00,historyserver,historyserver-demo-7f67bfd478-7vfqh,historyserver,2026-08-06T01:02:07Z,300037809000,1635119104
2026-08-05T20:02:16.432886-05:00,historyserver,historyserver-demo-7f67bfd478-7vfqh,historyserver,2026-08-06T01:02:07Z,300037809000,1635119104
2026-08-05T20:02:17.432064-05:00,historyserver,historyserver-demo-7f67bfd478-7vfqh,historyserver,2026-08-06T01:02:07Z,300037809000,1635119104
2026-08-05T20:02:18.432953-05:00,historyserver,historyserver-demo-7f67bfd478-7vfqh,historyserver,2026-08-06T01:02:07Z,300037809000,1635119104
2026-08-05T20:02:19.432976-05:00,historyserver,historyserver-demo-7f67bfd478-7vfqh,historyserver,2026-08-06T01:02:07Z,300037809000,1635119104
2026-08-05T20:02:20.432994-05:00,historyserver,historyserver-demo-7f67bfd478-7vfqh,historyserver,2026-08-06T01:02:07Z,300037809000,1635119104
2026-08-05T20:02:21.433008-05:00,historyserver,historyserver-demo-7f67bfd478-7vfqh,historyserver,2026-08-06T01:02:07Z,300037809000,1635119104
2026-08-05T20:02:22.432552-05:00,historyserver,historyserver-demo-7f67bfd478-7vfqh,historyserver,2026-08-06T01:02:22Z,307199629000,1662115840
2026-08-05T20:02:23.433028-05:00,historyserver,historyserver-demo-7f67bfd478-7vfqh,historyserver,2026-08-06T01:02:22Z,307199629000,1662115840
2026-08-05T20:02:24.433034-05:00,historyserver,historyserver-demo-7f67bfd478-7vfqh,historyserver,2026-08-06T01:02:22Z,307199629000,1662115840
2026-08-05T20:02:25.432744-05:00,historyserver,historyserver-demo-7f67bfd478-7vfqh,historyserver,2026-08-06T01:02:22Z,307199629000,1662115840
2026-08-05T20:02:26.432069-05:00,historyserver,historyserver-demo-7f67bfd478-7vfqh,historyserver,2026-08-06T01:02:22Z,307199629000,1662115840
2026-08-05T20:02:27.432271-05:00,historyserver,historyserver-demo-7f67bfd478-7vfqh,historyserver,2026-08-06T01:02:22Z,307199629000,1662115840
2026-08-05T20:02:28.432727-05:00,historyserver,historyserver-demo-7f67bfd478-7vfqh,historyserver,2026-08-06T01:02:22Z,307199629000,1662115840
2026-08-05T20:02:29.433128-05:00,historyserver,historyserver-demo-7f67bfd478-7vfqh,historyserver,2026-08-06T01:02:22Z,307199629000,1662115840
2026-08-05T20:02:30.433101-05:00,historyserver,historyserver-demo-7f67bfd478-7vfqh,historyserver,2026-08-06T01:02:22Z,307199629000,1662115840
2026-08-05T20:02:31.433116-05:00,historyserver,historyserver-demo-7f67bfd478-7vfqh,historyserver,2026-08-06T01:02:22Z,307199629000,1662115840
2026-08-05T20:02:32.432924-05:00,historyserver,historyserver-demo-7f67bfd478-7vfqh,historyserver,2026-08-06T01:02:22Z,307199629000,1662115840
2026-08-05T20:02:33.433021-05:00,historyserver,historyserver-demo-7f67bfd478-7vfqh,historyserver,2026-08-06T01:02:22Z,307199629000,1662115840
2026-08-05T20:02:34.433148-05:00,historyserver,historyserver-demo-7f67bfd478-7vfqh,historyserver,2026-08-06T01:02:22Z,307199629000,1662115840
2026-08-05T20:02:35.433086-05:00,historyserver,historyserver-demo-7f67bfd478-7vfqh,historyserver,2026-08-06T01:02:22Z,307199629000,1662115840
2026-08-05T20:02:36.432924-05:00,historyserver,historyserver-demo-7f67bfd478-7vfqh,historyserver,2026-08-06T01:02:36Z,309655239000,1760849920
2026-08-05T20:02:37.432276-05:00,historyserver,historyserver-demo-7f67bfd478-7vfqh,historyserver,2026-08-06T01:02:36Z,309655239000,1760849920
2026-08-05T20:02:38.433187-05:00,historyserver,historyserver-demo-7f67bfd478-7vfqh,historyserver,2026-08-06T01:02:36Z,309655239000,1760849920
2026-08-05T20:02:39.432546-05:00,historyserver,historyserver-demo-7f67bfd478-7vfqh,historyserver,2026-08-06T01:02:36Z,309655239000,1760849920
2026-08-05T20:02:40.433235-05:00,historyserver,historyserver-demo-7f67bfd478-7vfqh,historyserver,2026-08-06T01:02:36Z,309655239000,1760849920
2026-08-05T20:02:41.433141-05:00,historyserver,historyserver-demo-7f67bfd478-7vfqh,historyserver,2026-08-06T01:02:36Z,309655239000,1760849920
2026-08-05T20:02:42.433229-05:00,historyserver,historyserver-demo-7f67bfd478-7vfqh,historyserver,2026-08-06T01:02:36Z,309655239000,1760849920
2026-08-05T20:02:43.433243-05:00,historyserver,historyserver-demo-7f67bfd478-7vfqh,historyserver,2026-08-06T01:02:36Z,309655239000,1760849920
2026-08-05T20:02:44.433256-05:00,historyserver,historyserver-demo-7f67bfd478-7vfqh,historyserver,2026-08-06T01:02:36Z,309655239000,1760849920
2026-08-05T20:02:45.433259-05:00,historyserver,historyserver-demo-7f67bfd478-7vfqh,historyserver,2026-08-06T01:02:36Z,309655239000,1760849920
2026-08-05T20:02:46.432488-05:00,historyserver,historyserver-demo-7f67bfd478-7vfqh,historyserver,2026-08-06T01:02:36Z,309655239000,1760849920
2026-08-05T20:02:47.43233-05:00,historyserver,historyserver-demo-7f67bfd478-7vfqh,historyserver,2026-08-06T01:02:36Z,309655239000,1760849920
2026-08-05T20:02:48.433351-05:00,historyserver,historyserver-demo-7f67bfd478-7vfqh,historyserver,2026-08-06T01:02:36Z,309655239000,1760849920
2026-08-05T20:02:49.43261-05:00,historyserver,historyserver-demo-7f67bfd478-7vfqh,historyserver,2026-08-06T01:02:36Z,309655239000,1760849920
2026-08-05T20:02:50.43253-05:00,historyserver,historyserver-demo-7f67bfd478-7vfqh,historyserver,2026-08-06T01:02:36Z,309655239000,1760849920
2026-08-05T20:02:51.432411-05:00,historyserver,historyserver-demo-7f67bfd478-7vfqh,historyserver,2026-08-06T01:02:36Z,309655239000,1760849920
2026-08-05T20:02:52.433341-05:00,historyserver,historyserver-demo-7f67bfd478-7vfqh,historyserver,2026-08-06T01:02:36Z,309655239000,1760849920
2026-08-05T20:02:53.433362-05:00,historyserver,historyserver-demo-7f67bfd478-7vfqh,historyserver,2026-08-06T01:02:36Z,309655239000,1760849920
2026-08-05T20:02:54.433103-05:00,historyserver,historyserver-demo-7f67bfd478-7vfqh,historyserver,2026-08-06T01:02:53Z,317993718000,836685824
2026-08-05T20:02:55.43338-05:00,historyserver,historyserver-demo-7f67bfd478-7vfqh,historyserver,2026-08-06T01:02:53Z,317993718000,836685824
2026-08-05T20:02:56.433388-05:00,historyserver,historyserver-demo-7f67bfd478-7vfqh,historyserver,2026-08-06T01:02:53Z,317993718000,836685824
2026-08-05T20:02:57.433397-05:00,historyserver,historyserver-demo-7f67bfd478-7vfqh,historyserver,2026-08-06T01:02:53Z,317993718000,836685824
2026-08-05T20:02:58.432542-05:00,historyserver,historyserver-demo-7f67bfd478-7vfqh,historyserver,2026-08-06T01:02:53Z,317993718000,836685824
2026-08-05T20:02:59.4333-05:00,historyserver,historyserver-demo-7f67bfd478-7vfqh,historyserver,2026-08-06T01:02:53Z,317993718000,836685824
2026-08-05T20:03:00.432858-05:00,historyserver,historyserver-demo-7f67bfd478-7vfqh,historyserver,2026-08-06T01:02:53Z,317993718000,836685824
2026-08-05T20:03:01.43343-05:00,historyserver,historyserver-demo-7f67bfd478-7vfqh,historyserver,2026-08-06T01:02:53Z,317993718000,836685824
2026-08-05T20:03:02.433463-05:00,historyserver,historyserver-demo-7f67bfd478-7vfqh,historyserver,2026-08-06T01:02:53Z,317993718000,836685824
2026-08-05T20:03:03.433505-05:00,historyserver,historyserver-demo-7f67bfd478-7vfqh,historyserver,2026-08-06T01:02:53Z,317993718000,836685824
2026-08-05T20:03:04.433479-05:00,historyserver,historyserver-demo-7f67bfd478-7vfqh,historyserver,2026-08-06T01:03:03Z,323105062000,1063452672
2026-08-05T20:03:05.433479-05:00,historyserver,historyserver-demo-7f67bfd478-7vfqh,historyserver,2026-08-06T01:03:03Z,323105062000,1063452672
2026-08-05T20:03:06.433499-05:00,historyserver,historyserver-demo-7f67bfd478-7vfqh,historyserver,2026-08-06T01:03:03Z,323105062000,1063452672
2026-08-05T20:03:07.43335-05:00,historyserver,historyserver-demo-7f67bfd478-7vfqh,historyserver,2026-08-06T01:03:03Z,323105062000,1063452672
2026-08-05T20:03:08.433516-05:00,historyserver,historyserver-demo-7f67bfd478-7vfqh,historyserver,2026-08-06T01:03:03Z,323105062000,1063452672
2026-08-05T20:03:09.432657-05:00,historyserver,historyserver-demo-7f67bfd478-7vfqh,historyserver,2026-08-06T01:03:03Z,323105062000,1063452672
2026-08-05T20:03:10.432578-05:00,historyserver,historyserver-demo-7f67bfd478-7vfqh,historyserver,2026-08-06T01:03:03Z,323105062000,1063452672
2026-08-05T20:03:11.433549-05:00,historyserver,historyserver-demo-7f67bfd478-7vfqh,historyserver,2026-08-06T01:03:03Z,323105062000,1063452672
2026-08-05T20:03:12.433558-05:00,historyserver,historyserver-demo-7f67bfd478-7vfqh,historyserver,2026-08-06T01:03:03Z,323105062000,1063452672
2026-08-05T20:03:13.433294-05:00,historyserver,historyserver-demo-7f67bfd478-7vfqh,historyserver,2026-08-06T01:03:03Z,323105062000,1063452672
2026-08-05T20:03:14.433606-05:00,historyserver,historyserver-demo-7f67bfd478-7vfqh,historyserver,2026-08-06T01:03:14Z,328246965000,1260838912
2026-08-05T20:03:15.433527-05:00,historyserver,historyserver-demo-7f67bfd478-7vfqh,historyserver,2026-08-06T01:03:14Z,328246965000,1260838912
2026-08-05T20:03:16.43358-05:00,historyserver,historyserver-demo-7f67bfd478-7vfqh,historyserver,2026-08-06T01:03:14Z,328246965000,1260838912
2026-08-05T20:03:17.433602-05:00,historyserver,historyserver-demo-7f67bfd478-7vfqh,historyserver,2026-08-06T01:03:14Z,328246965000,1260838912
2026-08-05T20:03:18.432736-05:00,historyserver,historyserver-demo-7f67bfd478-7vfqh,historyserver,2026-08-06T01:03:14Z,328246965000,1260838912
2026-08-05T20:03:19.433572-05:00,historyserver,historyserver-demo-7f67bfd478-7vfqh,historyserver,2026-08-06T01:03:14Z,328246965000,1260838912
2026-08-05T20:03:20.433406-05:00,historyserver,historyserver-demo-7f67bfd478-7vfqh,historyserver,2026-08-06T01:03:14Z,328246965000,1260838912
2026-08-05T20:03:21.433605-05:00,historyserver,historyserver-demo-7f67bfd478-7vfqh,historyserver,2026-08-06T01:03:14Z,328246965000,1260838912
2026-08-05T20:03:22.433652-05:00,historyserver,historyserver-demo-7f67bfd478-7vfqh,historyserver,2026-08-06T01:03:14Z,328246965000,1260838912
2026-08-05T20:03:23.433486-05:00,historyserver,historyserver-demo-7f67bfd478-7vfqh,historyserver,2026-08-06T01:03:14Z,328246965000,1260838912
2026-08-05T20:03:24.433718-05:00,historyserver,historyserver-demo-7f67bfd478-7vfqh,historyserver,2026-08-06T01:03:14Z,328246965000,1260838912
2026-08-05T20:03:25.433708-05:00,historyserver,historyserver-demo-7f67bfd478-7vfqh,historyserver,2026-08-06T01:03:25Z,333805109000,1485737984
2026-08-05T20:03:26.433707-05:00,historyserver,historyserver-demo-7f67bfd478-7vfqh,historyserver,2026-08-06T01:03:25Z,333805109000,1485737984
2026-08-05T20:03:27.433242-05:00,historyserver,historyserver-demo-7f67bfd478-7vfqh,historyserver,2026-08-06T01:03:25Z,333805109000,1485737984
2026-08-05T20:03:28.43377-05:00,historyserver,historyserver-demo-7f67bfd478-7vfqh,historyserver,2026-08-06T01:03:25Z,333805109000,1485737984
2026-08-05T20:03:29.433742-05:00,historyserver,historyserver-demo-7f67bfd478-7vfqh,historyserver,2026-08-06T01:03:25Z,333805109000,1485737984
2026-08-05T20:03:30.432893-05:00,historyserver,historyserver-demo-7f67bfd478-7vfqh,historyserver,2026-08-06T01:03:25Z,333805109000,1485737984
2026-08-05T20:03:31.433749-05:00,historyserver,historyserver-demo-7f67bfd478-7vfqh,historyserver,2026-08-06T01:03:25Z,333805109000,1485737984
2026-08-05T20:03:32.432808-05:00,historyserver,historyserver-demo-7f67bfd478-7vfqh,historyserver,2026-08-06T01:03:25Z,333805109000,1485737984
2026-08-05T20:03:33.433777-05:00,historyserver,historyserver-demo-7f67bfd478-7vfqh,historyserver,2026-08-06T01:03:25Z,333805109000,1485737984
2026-08-05T20:03:34.433805-05:00,historyserver,historyserver-demo-7f67bfd478-7vfqh,historyserver,2026-08-06T01:03:25Z,333805109000,1485737984
2026-08-05T20:03:35.43382-05:00,historyserver,historyserver-demo-7f67bfd478-7vfqh,historyserver,2026-08-06T01:03:25Z,333805109000,1485737984
2026-08-05T20:03:36.433808-05:00,historyserver,historyserver-demo-7f67bfd478-7vfqh,historyserver,2026-08-06T01:03:25Z,333805109000,1485737984
2026-08-05T20:03:37.432838-05:00,historyserver,historyserver-demo-7f67bfd478-7vfqh,historyserver,2026-08-06T01:03:25Z,333805109000,1485737984
2026-08-05T20:03:38.433841-05:00,historyserver,historyserver-demo-7f67bfd478-7vfqh,historyserver,2026-08-06T01:03:37Z,340103242000,1512783872
2026-08-05T20:03:39.433866-05:00,historyserver,historyserver-demo-7f67bfd478-7vfqh,historyserver,2026-08-06T01:03:37Z,340103242000,1512783872
2026-08-05T20:03:40.433859-05:00,historyserver,historyserver-demo-7f67bfd478-7vfqh,historyserver,2026-08-06T01:03:37Z,340103242000,1512783872
2026-08-05T20:03:41.433867-05:00,historyserver,historyserver-demo-7f67bfd478-7vfqh,historyserver,2026-08-06T01:03:37Z,340103242000,1512783872
2026-08-05T20:03:42.43394-05:00,historyserver,historyserver-demo-7f67bfd478-7vfqh,historyserver,2026-08-06T01:03:37Z,340103242000,1512783872
2026-08-05T20:03:43.433407-05:00,historyserver,historyserver-demo-7f67bfd478-7vfqh,historyserver,2026-08-06T01:03:37Z,340103242000,1512783872
2026-08-05T20:03:44.433938-05:00,historyserver,historyserver-demo-7f67bfd478-7vfqh,historyserver,2026-08-06T01:03:37Z,340103242000,1512783872
2026-08-05T20:03:45.433703-05:00,historyserver,historyserver-demo-7f67bfd478-7vfqh,historyserver,2026-08-06T01:03:37Z,340103242000,1512783872
2026-08-05T20:03:46.433123-05:00,historyserver,historyserver-demo-7f67bfd478-7vfqh,historyserver,2026-08-06T01:03:37Z,340103242000,1512783872
2026-08-05T20:03:47.433097-05:00,historyserver,historyserver-demo-7f67bfd478-7vfqh,historyserver,2026-08-06T01:03:37Z,340103242000,1512783872
2026-08-05T20:03:48.434384-05:00,historyserver,historyserver-demo-7f67bfd478-7vfqh,historyserver,2026-08-06T01:03:37Z,340103242000,1512783872
2026-08-05T20:03:49.434014-05:00,historyserver,historyserver-demo-7f67bfd478-7vfqh,historyserver,2026-08-06T01:03:48Z,345354159000,1693700096
2026-08-05T20:03:50.433277-05:00,historyserver,historyserver-demo-7f67bfd478-7vfqh,historyserver,2026-08-06T01:03:48Z,345354159000,1693700096
2026-08-05T20:03:51.433115-05:00,historyserver,historyserver-demo-7f67bfd478-7vfqh,historyserver,2026-08-06T01:03:48Z,345354159000,1693700096
2026-08-05T20:03:52.43501-05:00,historyserver,historyserver-demo-7f67bfd478-7vfqh,historyserver,2026-08-06T01:03:48Z,345354159000,1693700096
2026-08-05T20:03:53.434577-05:00,historyserver,historyserver-demo-7f67bfd478-7vfqh,historyserver,2026-08-06T01:03:48Z,345354159000,1693700096
2026-08-05T20:03:54.434892-05:00,historyserver,historyserver-demo-7f67bfd478-7vfqh,historyserver,2026-08-06T01:03:48Z,345354159000,1693700096
2026-08-05T20:03:55.435018-05:00,historyserver,historyserver-demo-7f67bfd478-7vfqh,historyserver,2026-08-06T01:03:48Z,345354159000,1693700096
2026-08-05T20:03:56.433307-05:00,historyserver,historyserver-demo-7f67bfd478-7vfqh,historyserver,2026-08-06T01:03:48Z,345354159000,1693700096
2026-08-05T20:03:57.435052-05:00,historyserver,historyserver-demo-7f67bfd478-7vfqh,historyserver,2026-08-06T01:03:48Z,345354159000,1693700096
2026-08-05T20:03:58.434967-05:00,historyserver,historyserver-demo-7f67bfd478-7vfqh,historyserver,2026-08-06T01:03:48Z,345354159000,1693700096
2026-08-05T20:03:59.434754-05:00,historyserver,historyserver-demo-7f67bfd478-7vfqh,historyserver,2026-08-06T01:03:48Z,345354159000,1693700096
2026-08-05T20:04:00.434152-05:00,historyserver,historyserver-demo-7f67bfd478-7vfqh,historyserver,2026-08-06T01:03:48Z,345354159000,1693700096
2026-08-05T20:04:01.435105-05:00,historyserver,historyserver-demo-7f67bfd478-7vfqh,historyserver,2026-08-06T01:03:48Z,345354159000,1693700096
2026-08-05T20:04:02.433564-05:00,historyserver,historyserver-demo-7f67bfd478-7vfqh,historyserver,2026-08-06T01:03:48Z,345354159000,1693700096
2026-08-05T20:04:03.435152-05:00,historyserver,historyserver-demo-7f67bfd478-7vfqh,historyserver,2026-08-06T01:03:48Z,345354159000,1693700096
2026-08-05T20:04:04.435165-05:00,historyserver,historyserver-demo-7f67bfd478-7vfqh,historyserver,2026-08-06T01:03:48Z,345354159000,1693700096
2026-08-05T20:04:05.435176-05:00,historyserver,historyserver-demo-7f67bfd478-7vfqh,historyserver,2026-08-06T01:03:48Z,345354159000,1693700096
2026-08-05T20:04:06.435186-05:00,historyserver,historyserver-demo-7f67bfd478-7vfqh,historyserver,2026-08-06T01:04:06Z,354229847000,1105838080
2026-08-05T20:04:07.433508-05:00,historyserver,historyserver-demo-7f67bfd478-7vfqh,historyserver,2026-08-06T01:04:06Z,354229847000,1105838080
2026-08-05T20:04:08.435237-05:00,historyserver,historyserver-demo-7f67bfd478-7vfqh,historyserver,2026-08-06T01:04:06Z,354229847000,1105838080
2026-08-05T20:04:09.434232-05:00,historyserver,historyserver-demo-7f67bfd478-7vfqh,historyserver,2026-08-06T01:04:06Z,354229847000,1105838080
2026-08-05T20:04:10.433797-05:00,historyserver,historyserver-demo-7f67bfd478-7vfqh,historyserver,2026-08-06T01:04:06Z,354229847000,1105838080
2026-08-05T20:04:11.433816-05:00,historyserver,historyserver-demo-7f67bfd478-7vfqh,historyserver,2026-08-06T01:04:06Z,354229847000,1105838080
2026-08-05T20:04:12.433983-05:00,historyserver,historyserver-demo-7f67bfd478-7vfqh,historyserver,2026-08-06T01:04:06Z,354229847000,1105838080
2026-08-05T20:04:13.435237-05:00,historyserver,historyserver-demo-7f67bfd478-7vfqh,historyserver,2026-08-06T01:04:06Z,354229847000,1105838080
2026-08-05T20:04:14.435248-05:00,historyserver,historyserver-demo-7f67bfd478-7vfqh,historyserver,2026-08-06T01:04:06Z,354229847000,1105838080
2026-08-05T20:04:15.43471-05:00,historyserver,historyserver-demo-7f67bfd478-7vfqh,historyserver,2026-08-06T01:04:06Z,354229847000,1105838080
2026-08-05T20:04:16.435261-05:00,historyserver,historyserver-demo-7f67bfd478-7vfqh,historyserver,2026-08-06T01:04:06Z,354229847000,1105838080
2026-08-05T20:04:17.435181-05:00,historyserver,historyserver-demo-7f67bfd478-7vfqh,historyserver,2026-08-06T01:04:06Z,354229847000,1105838080
2026-08-05T20:04:18.43532-05:00,historyserver,historyserver-demo-7f67bfd478-7vfqh,historyserver,2026-08-06T01:04:06Z,354229847000,1105838080
2026-08-05T20:04:19.433511-05:00,historyserver,historyserver-demo-7f67bfd478-7vfqh,historyserver,2026-08-06T01:04:06Z,354229847000,1105838080
2026-08-05T20:04:20.433485-05:00,historyserver,historyserver-demo-7f67bfd478-7vfqh,historyserver,2026-08-06T01:04:19Z,360987008000,1171091456
2026-08-05T20:04:21.433384-05:00,historyserver,historyserver-demo-7f67bfd478-7vfqh,historyserver,2026-08-06T01:04:19Z,360987008000,1171091456
2026-08-05T20:04:22.435384-05:00,historyserver,historyserver-demo-7f67bfd478-7vfqh,historyserver,2026-08-06T01:04:19Z,360987008000,1171091456
2026-08-05T20:04:23.434813-05:00,historyserver,historyserver-demo-7f67bfd478-7vfqh,historyserver,2026-08-06T01:04:19Z,360987008000,1171091456
2026-08-05T20:04:24.434159-05:00,historyserver,historyserver-demo-7f67bfd478-7vfqh,historyserver,2026-08-06T01:04:19Z,360987008000,1171091456
2026-08-05T20:04:25.435438-05:00,historyserver,historyserver-demo-7f67bfd478-7vfqh,historyserver,2026-08-06T01:04:19Z,360987008000,1171091456
2026-08-05T20:04:26.434705-05:00,historyserver,historyserver-demo-7f67bfd478-7vfqh,historyserver,2026-08-06T01:04:19Z,360987008000,1171091456
2026-08-05T20:04:27.434717-05:00,historyserver,historyserver-demo-7f67bfd478-7vfqh,historyserver,2026-08-06T01:04:19Z,360987008000,1171091456
2026-08-05T20:04:28.435408-05:00,historyserver,historyserver-demo-7f67bfd478-7vfqh,historyserver,2026-08-06T01:04:19Z,360987008000,1171091456
2026-08-05T20:04:29.435405-05:00,historyserver,historyserver-demo-7f67bfd478-7vfqh,historyserver,2026-08-06T01:04:19Z,360987008000,1171091456
2026-08-05T20:04:30.435391-05:00,historyserver,historyserver-demo-7f67bfd478-7vfqh,historyserver,2026-08-06T01:04:19Z,360987008000,1171091456
2026-08-05T20:04:31.433558-05:00,historyserver,historyserver-demo-7f67bfd478-7vfqh,historyserver,2026-08-06T01:04:19Z,360987008000,1171091456
2026-08-05T20:04:32.435439-05:00,historyserver,historyserver-demo-7f67bfd478-7vfqh,historyserver,2026-08-06T01:04:19Z,360987008000,1171091456
2026-08-05T20:04:33.435467-05:00,historyserver,historyserver-demo-7f67bfd478-7vfqh,historyserver,2026-08-06T01:04:19Z,360987008000,1171091456
2026-08-05T20:04:34.435465-05:00,historyserver,historyserver-demo-7f67bfd478-7vfqh,historyserver,2026-08-06T01:04:19Z,360987008000,1171091456
2026-08-05T20:04:35.434255-05:00,historyserver,historyserver-demo-7f67bfd478-7vfqh,historyserver,2026-08-06T01:04:19Z,360987008000,1171091456
2026-08-05T20:04:36.435509-05:00,historyserver,historyserver-demo-7f67bfd478-7vfqh,historyserver,2026-08-06T01:04:19Z,360987008000,1171091456
2026-08-05T20:04:37.434074-05:00,historyserver,historyserver-demo-7f67bfd478-7vfqh,historyserver,2026-08-06T01:04:19Z,360987008000,1171091456
2026-08-05T20:04:38.435527-05:00,historyserver,historyserver-demo-7f67bfd478-7vfqh,historyserver,2026-08-06T01:04:38Z,370200202000,1487400960
2026-08-05T20:04:39.435399-05:00,historyserver,historyserver-demo-7f67bfd478-7vfqh,historyserver,2026-08-06T01:04:38Z,370200202000,1487400960
2026-08-05T20:04:40.435532-05:00,historyserver,historyserver-demo-7f67bfd478-7vfqh,historyserver,2026-08-06T01:04:38Z,370200202000,1487400960
2026-08-05T20:04:41.435588-05:00,historyserver,historyserver-demo-7f67bfd478-7vfqh,historyserver,2026-08-06T01:04:38Z,370200202000,1487400960
2026-08-05T20:04:42.435574-05:00,historyserver,historyserver-demo-7f67bfd478-7vfqh,historyserver,2026-08-06T01:04:38Z,370200202000,1487400960
2026-08-05T20:04:43.434798-05:00,historyserver,historyserver-demo-7f67bfd478-7vfqh,historyserver,2026-08-06T01:04:38Z,370200202000,1487400960
2026-08-05T20:04:44.433947-05:00,historyserver,historyserver-demo-7f67bfd478-7vfqh,historyserver,2026-08-06T01:04:38Z,370200202000,1487400960
2026-08-05T20:04:45.43398-05:00,historyserver,historyserver-demo-7f67bfd478-7vfqh,historyserver,2026-08-06T01:04:38Z,370200202000,1487400960
2026-08-05T20:04:46.433757-05:00,historyserver,historyserver-demo-7f67bfd478-7vfqh,historyserver,2026-08-06T01:04:38Z,370200202000,1487400960
2026-08-05T20:04:47.43454-05:00,historyserver,historyserver-demo-7f67bfd478-7vfqh,historyserver,2026-08-06T01:04:38Z,370200202000,1487400960
2026-08-05T20:04:48.435626-05:00,historyserver,historyserver-demo-7f67bfd478-7vfqh,historyserver,2026-08-06T01:04:38Z,370200202000,1487400960
2026-08-05T20:04:49.43443-05:00,historyserver,historyserver-demo-7f67bfd478-7vfqh,historyserver,2026-08-06T01:04:38Z,370200202000,1487400960
2026-08-05T20:04:50.435666-05:00,historyserver,historyserver-demo-7f67bfd478-7vfqh,historyserver,2026-08-06T01:04:38Z,370200202000,1487400960
2026-08-05T20:04:51.434048-05:00,historyserver,historyserver-demo-7f67bfd478-7vfqh,historyserver,2026-08-06T01:04:38Z,370200202000,1487400960
2026-08-05T20:04:52.435662-05:00,historyserver,historyserver-demo-7f67bfd478-7vfqh,historyserver,2026-08-06T01:04:38Z,370200202000,1487400960
2026-08-05T20:04:53.43541-05:00,historyserver,historyserver-demo-7f67bfd478-7vfqh,historyserver,2026-08-06T01:04:38Z,370200202000,1487400960
2026-08-05T20:04:54.435686-05:00,historyserver,historyserver-demo-7f67bfd478-7vfqh,historyserver,2026-08-06T01:04:38Z,370200202000,1487400960
2026-08-05T20:04:55.435139-05:00,historyserver,historyserver-demo-7f67bfd478-7vfqh,historyserver,2026-08-06T01:04:38Z,370200202000,1487400960
2026-08-05T20:04:56.435693-05:00,historyserver,historyserver-demo-7f67bfd478-7vfqh,historyserver,2026-08-06T01:04:38Z,370200202000,1487400960
2026-08-05T20:04:57.435803-05:00,historyserver,historyserver-demo-7f67bfd478-7vfqh,historyserver,2026-08-06T01:04:56Z,379340271000,1624514560
2026-08-05T20:04:58.435702-05:00,historyserver,historyserver-demo-7f67bfd478-7vfqh,historyserver,2026-08-06T01:04:56Z,379340271000,1624514560
2026-08-05T20:04:59.433792-05:00,historyserver,historyserver-demo-7f67bfd478-7vfqh,historyserver,2026-08-06T01:04:56Z,379340271000,1624514560
2026-08-05T20:05:00.435745-05:00,historyserver,historyserver-demo-7f67bfd478-7vfqh,historyserver,2026-08-06T01:04:56Z,379340271000,1624514560
2026-08-05T20:05:01.435753-05:00,historyserver,historyserver-demo-7f67bfd478-7vfqh,historyserver,2026-08-06T01:04:56Z,379340271000,1624514560
2026-08-05T20:05:02.435754-05:00,historyserver,historyserver-demo-7f67bfd478-7vfqh,historyserver,2026-08-06T01:04:56Z,379340271000,1624514560
2026-08-05T20:05:03.435142-05:00,historyserver,historyserver-demo-7f67bfd478-7vfqh,historyserver,2026-08-06T01:04:56Z,379340271000,1624514560
2026-08-05T20:05:04.435774-05:00,historyserver,historyserver-demo-7f67bfd478-7vfqh,historyserver,2026-08-06T01:04:56Z,379340271000,1624514560
2026-08-05T20:05:05.435246-05:00,historyserver,historyserver-demo-7f67bfd478-7vfqh,historyserver,2026-08-06T01:04:56Z,379340271000,1624514560
2026-08-05T20:05:06.435328-05:00,historyserver,historyserver-demo-7f67bfd478-7vfqh,historyserver,2026-08-06T01:04:56Z,379340271000,1624514560
2026-08-05T20:05:07.435252-05:00,historyserver,historyserver-demo-7f67bfd478-7vfqh,historyserver,2026-08-06T01:04:56Z,379340271000,1624514560
2026-08-05T20:05:08.435843-05:00,historyserver,historyserver-demo-7f67bfd478-7vfqh,historyserver,2026-08-06T01:04:56Z,379340271000,1624514560
2026-08-05T20:05:09.435844-05:00,historyserver,historyserver-demo-7f67bfd478-7vfqh,historyserver,2026-08-06T01:04:56Z,379340271000,1624514560
2026-08-05T20:05:10.434855-05:00,historyserver,historyserver-demo-7f67bfd478-7vfqh,historyserver,2026-08-06T01:04:56Z,379340271000,1624514560
2026-08-05T20:05:11.435871-05:00,historyserver,historyserver-demo-7f67bfd478-7vfqh,historyserver,2026-08-06T01:04:56Z,379340271000,1624514560
2026-08-05T20:05:12.434071-05:00,historyserver,historyserver-demo-7f67bfd478-7vfqh,historyserver,2026-08-06T01:05:11Z,386668901000,1749811200
2026-08-05T20:05:13.43591-05:00,historyserver,historyserver-demo-7f67bfd478-7vfqh,historyserver,2026-08-06T01:05:11Z,386668901000,1749811200
2026-08-05T20:05:14.435929-05:00,historyserver,historyserver-demo-7f67bfd478-7vfqh,historyserver,2026-08-06T01:05:11Z,386668901000,1749811200
2026-08-05T20:05:15.434734-05:00,historyserver,historyserver-demo-7f67bfd478-7vfqh,historyserver,2026-08-06T01:05:11Z,386668901000,1749811200
2026-08-05T20:05:16.43579-05:00,historyserver,historyserver-demo-7f67bfd478-7vfqh,historyserver,2026-08-06T01:05:11Z,386668901000,1749811200
2026-08-05T20:05:17.435963-05:00,historyserver,historyserver-demo-7f67bfd478-7vfqh,historyserver,2026-08-06T01:05:11Z,386668901000,1749811200
2026-08-05T20:05:18.435991-05:00,historyserver,historyserver-demo-7f67bfd478-7vfqh,historyserver,2026-08-06T01:05:11Z,386668901000,1749811200
2026-08-05T20:05:19.435976-05:00,historyserver,historyserver-demo-7f67bfd478-7vfqh,historyserver,2026-08-06T01:05:11Z,386668901000,1749811200
2026-08-05T20:05:20.436251-05:00,historyserver,historyserver-demo-7f67bfd478-7vfqh,historyserver,2026-08-06T01:05:11Z,386668901000,1749811200
2026-08-05T20:05:21.435679-05:00,historyserver,historyserver-demo-7f67bfd478-7vfqh,historyserver,2026-08-06T01:05:11Z,386668901000,1749811200
2026-08-05T20:05:22.435965-05:00,historyserver,historyserver-demo-7f67bfd478-7vfqh,historyserver,2026-08-06T01:05:11Z,386668901000,1749811200
2026-08-05T20:05:23.43492-05:00,historyserver,historyserver-demo-7f67bfd478-7vfqh,historyserver,2026-08-06T01:05:11Z,386668901000,1749811200
2026-08-05T20:05:24.43452-05:00,historyserver,historyserver-demo-7f67bfd478-7vfqh,historyserver,2026-08-06T01:05:11Z,386668901000,1749811200
2026-08-05T20:05:25.43601-05:00,historyserver,historyserver-demo-7f67bfd478-7vfqh,historyserver,2026-08-06T01:05:11Z,386668901000,1749811200
2026-08-05T20:05:26.436086-05:00,historyserver,historyserver-demo-7f67bfd478-7vfqh,historyserver,2026-08-06T01:05:11Z,386668901000,1749811200
2026-08-05T20:05:27.436077-05:00,historyserver,historyserver-demo-7f67bfd478-7vfqh,historyserver,2026-08-06T01:05:11Z,386668901000,1749811200
2026-08-05T20:05:28.436022-05:00,historyserver,historyserver-demo-7f67bfd478-7vfqh,historyserver,2026-08-06T01:05:11Z,386668901000,1749811200
2026-08-05T20:05:29.434195-05:00,historyserver,historyserver-demo-7f67bfd478-7vfqh,historyserver,2026-08-06T01:05:11Z,386668901000,1749811200
2026-08-05T20:05:30.436113-05:00,historyserver,historyserver-demo-7f67bfd478-7vfqh,historyserver,2026-08-06T01:05:11Z,386668901000,1749811200
2026-08-05T20:05:31.434486-05:00,historyserver,historyserver-demo-7f67bfd478-7vfqh,historyserver,2026-08-06T01:05:30Z,391414327000,972148736
2026-08-05T20:05:32.436116-05:00,historyserver,historyserver-demo-7f67bfd478-7vfqh,historyserver,2026-08-06T01:05:30Z,391414327000,972148736
2026-08-05T20:05:33.436133-05:00,historyserver,historyserver-demo-7f67bfd478-7vfqh,historyserver,2026-08-06T01:05:30Z,391414327000,972148736
2026-08-05T20:05:34.436084-05:00,historyserver,historyserver-demo-7f67bfd478-7vfqh,historyserver,2026-08-06T01:05:30Z,391414327000,972148736
2026-08-05T20:05:35.434963-05:00,historyserver,historyserver-demo-7f67bfd478-7vfqh,historyserver,2026-08-06T01:05:30Z,391414327000,972148736
2026-08-05T20:05:36.43449-05:00,historyserver,historyserver-demo-7f67bfd478-7vfqh,historyserver,2026-08-06T01:05:30Z,391414327000,972148736
2026-08-05T20:05:37.436123-05:00,historyserver,historyserver-demo-7f67bfd478-7vfqh,historyserver,2026-08-06T01:05:30Z,391414327000,972148736
2026-08-05T20:05:38.436166-05:00,historyserver,historyserver-demo-7f67bfd478-7vfqh,historyserver,2026-08-06T01:05:30Z,391414327000,972148736
2026-08-05T20:05:39.435623-05:00,historyserver,historyserver-demo-7f67bfd478-7vfqh,historyserver,2026-08-06T01:05:30Z,391414327000,972148736
2026-08-05T20:05:40.43431-05:00,historyserver,historyserver-demo-7f67bfd478-7vfqh,historyserver,2026-08-06T01:05:30Z,391414327000,972148736
2026-08-05T20:05:41.436188-05:00,historyserver,historyserver-demo-7f67bfd478-7vfqh,historyserver,2026-08-06T01:05:30Z,391414327000,972148736
2026-08-05T20:05:42.434499-05:00,historyserver,historyserver-demo-7f67bfd478-7vfqh,historyserver,2026-08-06T01:05:42Z,397365283000,1213087744
2026-08-05T20:05:43.436301-05:00,historyserver,historyserver-demo-7f67bfd478-7vfqh,historyserver,2026-08-06T01:05:42Z,397365283000,1213087744
2026-08-05T20:05:44.435588-05:00,historyserver,historyserver-demo-7f67bfd478-7vfqh,historyserver,2026-08-06T01:05:42Z,397365283000,1213087744
2026-08-05T20:05:45.436298-05:00,historyserver,historyserver-demo-7f67bfd478-7vfqh,historyserver,2026-08-06T01:05:42Z,397365283000,1213087744
2026-08-05T20:05:46.436299-05:00,historyserver,historyserver-demo-7f67bfd478-7vfqh,historyserver,2026-08-06T01:05:42Z,397365283000,1213087744
2026-08-05T20:05:47.437261-05:00,historyserver,historyserver-demo-7f67bfd478-7vfqh,historyserver,2026-08-06T01:05:42Z,397365283000,1213087744
2026-08-05T20:05:48.436259-05:00,historyserver,historyserver-demo-7f67bfd478-7vfqh,historyserver,2026-08-06T01:05:42Z,397365283000,1213087744
2026-08-05T20:05:49.435021-05:00,historyserver,historyserver-demo-7f67bfd478-7vfqh,historyserver,2026-08-06T01:05:42Z,397365283000,1213087744
2026-08-05T20:05:50.43629-05:00,historyserver,historyserver-demo-7f67bfd478-7vfqh,historyserver,2026-08-06T01:05:42Z,397365283000,1213087744
2026-08-05T20:05:51.436375-05:00,historyserver,historyserver-demo-7f67bfd478-7vfqh,historyserver,2026-08-06T01:05:42Z,397365283000,1213087744
2026-08-05T20:05:52.434898-05:00,historyserver,historyserver-demo-7f67bfd478-7vfqh,historyserver,2026-08-06T01:05:42Z,397365283000,1213087744
2026-08-05T20:05:53.436341-05:00,historyserver,historyserver-demo-7f67bfd478-7vfqh,historyserver,2026-08-06T01:05:42Z,397365283000,1213087744
2026-08-05T20:05:54.435818-05:00,historyserver,historyserver-demo-7f67bfd478-7vfqh,historyserver,2026-08-06T01:05:42Z,397365283000,1213087744
2026-08-05T20:05:55.434343-05:00,historyserver,historyserver-demo-7f67bfd478-7vfqh,historyserver,2026-08-06T01:05:42Z,397365283000,1213087744
2026-08-05T20:05:56.436341-05:00,historyserver,historyserver-demo-7f67bfd478-7vfqh,historyserver,2026-08-06T01:05:42Z,397365283000,1213087744
2026-08-05T20:05:57.436344-05:00,historyserver,historyserver-demo-7f67bfd478-7vfqh,historyserver,2026-08-06T01:05:42Z,397365283000,1213087744
2026-08-05T20:05:58.436138-05:00,historyserver,historyserver-demo-7f67bfd478-7vfqh,historyserver,2026-08-06T01:05:58Z,405343996000,1518309376
2026-08-05T20:05:59.436371-05:00,historyserver,historyserver-demo-7f67bfd478-7vfqh,historyserver,2026-08-06T01:05:58Z,405343996000,1518309376
2026-08-05T20:06:00.436281-05:00,historyserver,historyserver-demo-7f67bfd478-7vfqh,historyserver,2026-08-06T01:05:58Z,405343996000,1518309376
2026-08-05T20:06:01.435978-05:00,historyserver,historyserver-demo-7f67bfd478-7vfqh,historyserver,2026-08-06T01:05:58Z,405343996000,1518309376
2026-08-05T20:06:02.43642-05:00,historyserver,historyserver-demo-7f67bfd478-7vfqh,historyserver,2026-08-06T01:05:58Z,405343996000,1518309376
2026-08-05T20:06:03.434766-05:00,historyserver,historyserver-demo-7f67bfd478-7vfqh,historyserver,2026-08-06T01:05:58Z,405343996000,1518309376
2026-08-05T20:06:04.436463-05:00,historyserver,historyserver-demo-7f67bfd478-7vfqh,historyserver,2026-08-06T01:05:58Z,405343996000,1518309376
2026-08-05T20:06:05.436432-05:00,historyserver,historyserver-demo-7f67bfd478-7vfqh,historyserver,2026-08-06T01:05:58Z,405343996000,1518309376
2026-08-05T20:06:06.436469-05:00,historyserver,historyserver-demo-7f67bfd478-7vfqh,historyserver,2026-08-06T01:05:58Z,405343996000,1518309376
2026-08-05T20:06:07.436462-05:00,historyserver,historyserver-demo-7f67bfd478-7vfqh,historyserver,2026-08-06T01:05:58Z,405343996000,1518309376
2026-08-05T20:06:08.436483-05:00,historyserver,historyserver-demo-7f67bfd478-7vfqh,historyserver,2026-08-06T01:05:58Z,405343996000,1518309376
2026-08-05T20:06:09.436475-05:00,historyserver,historyserver-demo-7f67bfd478-7vfqh,historyserver,2026-08-06T01:05:58Z,405343996000,1518309376
2026-08-05T20:06:10.435246-05:00,historyserver,historyserver-demo-7f67bfd478-7vfqh,historyserver,2026-08-06T01:06:10Z,411365001000,1794392064
2026-08-05T20:06:11.436536-05:00,historyserver,historyserver-demo-7f67bfd478-7vfqh,historyserver,2026-08-06T01:06:10Z,411365001000,1794392064
2026-08-05T20:06:12.436539-05:00,historyserver,historyserver-demo-7f67bfd478-7vfqh,historyserver,2026-08-06T01:06:10Z,411365001000,1794392064
2026-08-05T20:06:13.435427-05:00,historyserver,historyserver-demo-7f67bfd478-7vfqh,historyserver,2026-08-06T01:06:10Z,411365001000,1794392064
2026-08-05T20:06:14.436542-05:00,historyserver,historyserver-demo-7f67bfd478-7vfqh,historyserver,2026-08-06T01:06:10Z,411365001000,1794392064
2026-08-05T20:06:15.434929-05:00,historyserver,historyserver-demo-7f67bfd478-7vfqh,historyserver,2026-08-06T01:06:10Z,411365001000,1794392064
2026-08-05T20:06:16.435904-05:00,historyserver,historyserver-demo-7f67bfd478-7vfqh,historyserver,2026-08-06T01:06:10Z,411365001000,1794392064
2026-08-05T20:06:17.436635-05:00,historyserver,historyserver-demo-7f67bfd478-7vfqh,historyserver,2026-08-06T01:06:10Z,411365001000,1794392064
2026-08-05T20:06:18.436585-05:00,historyserver,historyserver-demo-7f67bfd478-7vfqh,historyserver,2026-08-06T01:06:10Z,411365001000,1794392064
2026-08-05T20:06:19.436609-05:00,historyserver,historyserver-demo-7f67bfd478-7vfqh,historyserver,2026-08-06T01:06:10Z,411365001000,1794392064
2026-08-05T20:06:20.436616-05:00,historyserver,historyserver-demo-7f67bfd478-7vfqh,historyserver,2026-08-06T01:06:10Z,411365001000,1794392064
2026-08-05T20:06:21.436167-05:00,historyserver,historyserver-demo-7f67bfd478-7vfqh,historyserver,2026-08-06T01:06:10Z,411365001000,1794392064
2026-08-05T20:06:22.436634-05:00,historyserver,historyserver-demo-7f67bfd478-7vfqh,historyserver,2026-08-06T01:06:10Z,411365001000,1794392064
2026-08-05T20:06:23.436166-05:00,historyserver,historyserver-demo-7f67bfd478-7vfqh,historyserver,2026-08-06T01:06:10Z,411365001000,1794392064
2026-08-05T20:06:24.434695-05:00,historyserver,historyserver-demo-7f67bfd478-7vfqh,historyserver,2026-08-06T01:06:10Z,411365001000,1794392064
2026-08-05T20:06:25.436675-05:00,historyserver,historyserver-demo-7f67bfd478-7vfqh,historyserver,2026-08-06T01:06:10Z,411365001000,1794392064
2026-08-05T20:06:26.434795-05:00,historyserver,historyserver-demo-7f67bfd478-7vfqh,historyserver,2026-08-06T01:06:10Z,411365001000,1794392064
2026-08-05T20:06:27.436676-05:00,historyserver,historyserver-demo-7f67bfd478-7vfqh,historyserver,2026-08-06T01:06:10Z,411365001000,1794392064
2026-08-05T20:06:28.436112-05:00,historyserver,historyserver-demo-7f67bfd478-7vfqh,historyserver,2026-08-06T01:06:28Z,420364320000,1809448960
2026-08-05T20:06:29.434873-05:00,historyserver,historyserver-demo-7f67bfd478-7vfqh,historyserver,2026-08-06T01:06:28Z,420364320000,1809448960
2026-08-05T20:06:30.434916-05:00,historyserver,historyserver-demo-7f67bfd478-7vfqh,historyserver,2026-08-06T01:06:28Z,420364320000,1809448960
2026-08-05T20:06:31.435314-05:00,historyserver,historyserver-demo-7f67bfd478-7vfqh,historyserver,2026-08-06T01:06:28Z,420364320000,1809448960
2026-08-05T20:06:32.436748-05:00,historyserver,historyserver-demo-7f67bfd478-7vfqh,historyserver,2026-08-06T01:06:28Z,420364320000,1809448960
2026-08-05T20:06:33.436767-05:00,historyserver,historyserver-demo-7f67bfd478-7vfqh,historyserver,2026-08-06T01:06:28Z,420364320000,1809448960
2026-08-05T20:06:34.436546-05:00,historyserver,historyserver-demo-7f67bfd478-7vfqh,historyserver,2026-08-06T01:06:28Z,420364320000,1809448960
2026-08-05T20:06:35.436787-05:00,historyserver,historyserver-demo-7f67bfd478-7vfqh,historyserver,2026-08-06T01:06:28Z,420364320000,1809448960
2026-08-05T20:06:36.436783-05:00,historyserver,historyserver-demo-7f67bfd478-7vfqh,historyserver,2026-08-06T01:06:28Z,420364320000,1809448960
2026-08-05T20:06:37.436299-05:00,historyserver,historyserver-demo-7f67bfd478-7vfqh,historyserver,2026-08-06T01:06:28Z,420364320000,1809448960
2026-08-05T20:06:38.436846-05:00,historyserver,historyserver-demo-7f67bfd478-7vfqh,historyserver,2026-08-06T01:06:28Z,420364320000,1809448960
2026-08-05T20:06:39.436864-05:00,historyserver,historyserver-demo-7f67bfd478-7vfqh,historyserver,2026-08-06T01:06:28Z,420364320000,1809448960
2026-08-05T20:06:40.436828-05:00,historyserver,historyserver-demo-7f67bfd478-7vfqh,historyserver,2026-08-06T01:06:28Z,420364320000,1809448960
2026-08-05T20:06:41.436882-05:00,historyserver,historyserver-demo-7f67bfd478-7vfqh,historyserver,2026-08-06T01:06:28Z,420364320000,1809448960
2026-08-05T20:06:42.436854-05:00,historyserver,historyserver-demo-7f67bfd478-7vfqh,historyserver,2026-08-06T01:06:41Z,426997882000,1566937088
2026-08-05T20:06:43.435109-05:00,historyserver,historyserver-demo-7f67bfd478-7vfqh,historyserver,2026-08-06T01:06:41Z,426997882000,1566937088
2026-08-05T20:06:44.437046-05:00,historyserver,historyserver-demo-7f67bfd478-7vfqh,historyserver,2026-08-06T01:06:41Z,426997882000,1566937088
2026-08-05T20:06:45.436902-05:00,historyserver,historyserver-demo-7f67bfd478-7vfqh,historyserver,2026-08-06T01:06:41Z,426997882000,1566937088
2026-08-05T20:06:46.436909-05:00,historyserver,historyserver-demo-7f67bfd478-7vfqh,historyserver,2026-08-06T01:06:41Z,426997882000,1566937088
2026-08-05T20:06:47.436216-05:00,historyserver,historyserver-demo-7f67bfd478-7vfqh,historyserver,2026-08-06T01:06:41Z,426997882000,1566937088
2026-08-05T20:06:48.436939-05:00,historyserver,historyserver-demo-7f67bfd478-7vfqh,historyserver,2026-08-06T01:06:41Z,426997882000,1566937088
2026-08-05T20:06:49.434996-05:00,historyserver,historyserver-demo-7f67bfd478-7vfqh,historyserver,2026-08-06T01:06:41Z,426997882000,1566937088
2026-08-05T20:06:50.437047-05:00,historyserver,historyserver-demo-7f67bfd478-7vfqh,historyserver,2026-08-06T01:06:41Z,426997882000,1566937088
2026-08-05T20:06:51.434953-05:00,historyserver,historyserver-demo-7f67bfd478-7vfqh,historyserver,2026-08-06T01:06:41Z,426997882000,1566937088
2026-08-05T20:06:52.436979-05:00,historyserver,historyserver-demo-7f67bfd478-7vfqh,historyserver,2026-08-06T01:06:41Z,426997882000,1566937088
2026-08-05T20:06:53.435468-05:00,historyserver,historyserver-demo-7f67bfd478-7vfqh,historyserver,2026-08-06T01:06:41Z,426997882000,1566937088
2026-08-05T20:06:54.434945-05:00,historyserver,historyserver-demo-7f67bfd478-7vfqh,historyserver,2026-08-06T01:06:41Z,426997882000,1566937088
2026-08-05T20:06:55.435612-05:00,historyserver,historyserver-demo-7f67bfd478-7vfqh,historyserver,2026-08-06T01:06:41Z,426997882000,1566937088
2026-08-05T20:06:56.435385-05:00,historyserver,historyserver-demo-7f67bfd478-7vfqh,historyserver,2026-08-06T01:06:41Z,426997882000,1566937088
2026-08-05T20:06:57.436813-05:00,historyserver,historyserver-demo-7f67bfd478-7vfqh,historyserver,2026-08-06T01:06:41Z,426997882000,1566937088
2026-08-05T20:06:58.435731-05:00,historyserver,historyserver-demo-7f67bfd478-7vfqh,historyserver,2026-08-06T01:06:58Z,435266373000,1284218880
2026-08-05T20:06:59.435732-05:00,historyserver,historyserver-demo-7f67bfd478-7vfqh,historyserver,2026-08-06T01:06:58Z,435266373000,1284218880
2026-08-05T20:07:00.436851-05:00,historyserver,historyserver-demo-7f67bfd478-7vfqh,historyserver,2026-08-06T01:06:58Z,435266373000,1284218880
2026-08-05T20:07:01.437069-05:00,historyserver,historyserver-demo-7f67bfd478-7vfqh,historyserver,2026-08-06T01:06:58Z,435266373000,1284218880
2026-08-05T20:07:02.436275-05:00,historyserver,historyserver-demo-7f67bfd478-7vfqh,historyserver,2026-08-06T01:06:58Z,435266373000,1284218880
2026-08-05T20:07:03.437392-05:00,historyserver,historyserver-demo-7f67bfd478-7vfqh,historyserver,2026-08-06T01:06:58Z,435266373000,1284218880
2026-08-05T20:07:04.437162-05:00,historyserver,historyserver-demo-7f67bfd478-7vfqh,historyserver,2026-08-06T01:06:58Z,435266373000,1284218880
2026-08-05T20:07:05.437215-05:00,historyserver,historyserver-demo-7f67bfd478-7vfqh,historyserver,2026-08-06T01:06:58Z,435266373000,1284218880
2026-08-05T20:07:06.437137-05:00,historyserver,historyserver-demo-7f67bfd478-7vfqh,historyserver,2026-08-06T01:06:58Z,435266373000,1284218880
2026-08-05T20:07:07.436293-05:00,historyserver,historyserver-demo-7f67bfd478-7vfqh,historyserver,2026-08-06T01:06:58Z,435266373000,1284218880
2026-08-05T20:07:08.435405-05:00,historyserver,historyserver-demo-7f67bfd478-7vfqh,historyserver,2026-08-06T01:06:58Z,435266373000,1284218880
2026-08-05T20:07:09.437204-05:00,historyserver,historyserver-demo-7f67bfd478-7vfqh,historyserver,2026-08-06T01:06:58Z,435266373000,1284218880
2026-08-05T20:07:10.437172-05:00,historyserver,historyserver-demo-7f67bfd478-7vfqh,historyserver,2026-08-06T01:06:58Z,435266373000,1284218880
2026-08-05T20:07:11.437177-05:00,historyserver,historyserver-demo-7f67bfd478-7vfqh,historyserver,2026-08-06T01:06:58Z,435266373000,1284218880
2026-08-05T20:07:12.437198-05:00,historyserver,historyserver-demo-7f67bfd478-7vfqh,historyserver,2026-08-06T01:06:58Z,435266373000,1284218880
2026-08-05T20:07:13.436206-05:00,historyserver,historyserver-demo-7f67bfd478-7vfqh,historyserver,2026-08-06T01:07:13Z,442837459000,1288331264
2026-08-05T20:07:14.437196-05:00,historyserver,historyserver-demo-7f67bfd478-7vfqh,historyserver,2026-08-06T01:07:13Z,442837459000,1288331264
2026-08-05T20:07:15.437253-05:00,historyserver,historyserver-demo-7f67bfd478-7vfqh,historyserver,2026-08-06T01:07:13Z,442837459000,1288331264
2026-08-05T20:07:16.437222-05:00,historyserver,historyserver-demo-7f67bfd478-7vfqh,historyserver,2026-08-06T01:07:13Z,442837459000,1288331264
2026-08-05T20:07:17.437213-05:00,historyserver,historyserver-demo-7f67bfd478-7vfqh,historyserver,2026-08-06T01:07:13Z,442837459000,1288331264
2026-08-05T20:07:18.435396-05:00,historyserver,historyserver-demo-7f67bfd478-7vfqh,historyserver,2026-08-06T01:07:13Z,442837459000,1288331264
2026-08-05T20:07:19.43653-05:00,historyserver,historyserver-demo-7f67bfd478-7vfqh,historyserver,2026-08-06T01:07:13Z,442837459000,1288331264
2026-08-05T20:07:20.436738-05:00,historyserver,historyserver-demo-7f67bfd478-7vfqh,historyserver,2026-08-06T01:07:13Z,442837459000,1288331264
2026-08-05T20:07:21.437294-05:00,historyserver,historyserver-demo-7f67bfd478-7vfqh,historyserver,2026-08-06T01:07:13Z,442837459000,1288331264
2026-08-05T20:07:22.437309-05:00,historyserver,historyserver-demo-7f67bfd478-7vfqh,historyserver,2026-08-06T01:07:13Z,442837459000,1288331264
2026-08-05T20:07:23.436234-05:00,historyserver,historyserver-demo-7f67bfd478-7vfqh,historyserver,2026-08-06T01:07:13Z,442837459000,1288331264
2026-08-05T20:07:24.436157-05:00,historyserver,historyserver-demo-7f67bfd478-7vfqh,historyserver,2026-08-06T01:07:13Z,442837459000,1288331264
2026-08-05T20:07:25.435849-05:00,historyserver,historyserver-demo-7f67bfd478-7vfqh,historyserver,2026-08-06T01:07:13Z,442837459000,1288331264
2026-08-05T20:07:26.435396-05:00,historyserver,historyserver-demo-7f67bfd478-7vfqh,historyserver,2026-08-06T01:07:13Z,442837459000,1288331264
2026-08-05T20:07:27.437363-05:00,historyserver,historyserver-demo-7f67bfd478-7vfqh,historyserver,2026-08-06T01:07:13Z,442837459000,1288331264
2026-08-05T20:07:28.437381-05:00,historyserver,historyserver-demo-7f67bfd478-7vfqh,historyserver,2026-08-06T01:07:13Z,442837459000,1288331264
2026-08-05T20:07:29.437367-05:00,historyserver,historyserver-demo-7f67bfd478-7vfqh,historyserver,2026-08-06T01:07:13Z,442837459000,1288331264
2026-08-05T20:07:30.435763-05:00,historyserver,historyserver-demo-7f67bfd478-7vfqh,historyserver,2026-08-06T01:07:13Z,442837459000,1288331264
2026-08-05T20:07:31.4374-05:00,historyserver,historyserver-demo-7f67bfd478-7vfqh,historyserver,2026-08-06T01:07:31Z,451701003000,1552900096
2026-08-05T20:07:32.436225-05:00,historyserver,historyserver-demo-7f67bfd478-7vfqh,historyserver,2026-08-06T01:07:31Z,451701003000,1552900096
2026-08-05T20:07:33.4374-05:00,historyserver,historyserver-demo-7f67bfd478-7vfqh,historyserver,2026-08-06T01:07:31Z,451701003000,1552900096
2026-08-05T20:07:34.437445-05:00,historyserver,historyserver-demo-7f67bfd478-7vfqh,historyserver,2026-08-06T01:07:31Z,451701003000,1552900096
2026-08-05T20:07:35.436261-05:00,historyserver,historyserver-demo-7f67bfd478-7vfqh,historyserver,2026-08-06T01:07:31Z,451701003000,1552900096
2026-08-05T20:07:36.437441-05:00,historyserver,historyserver-demo-7f67bfd478-7vfqh,historyserver,2026-08-06T01:07:31Z,451701003000,1552900096
2026-08-05T20:07:37.435506-05:00,historyserver,historyserver-demo-7f67bfd478-7vfqh,historyserver,2026-08-06T01:07:31Z,451701003000,1552900096
2026-08-05T20:07:38.437477-05:00,historyserver,historyserver-demo-7f67bfd478-7vfqh,historyserver,2026-08-06T01:07:31Z,451701003000,1552900096
2026-08-05T20:07:39.436823-05:00,historyserver,historyserver-demo-7f67bfd478-7vfqh,historyserver,2026-08-06T01:07:31Z,451701003000,1552900096
2026-08-05T20:07:40.43655-05:00,historyserver,historyserver-demo-7f67bfd478-7vfqh,historyserver,2026-08-06T01:07:31Z,451701003000,1552900096
2026-08-05T20:07:41.435776-05:00,historyserver,historyserver-demo-7f67bfd478-7vfqh,historyserver,2026-08-06T01:07:31Z,451701003000,1552900096
2026-08-05T20:07:42.437483-05:00,historyserver,historyserver-demo-7f67bfd478-7vfqh,historyserver,2026-08-06T01:07:31Z,451701003000,1552900096
2026-08-05T20:07:43.437552-05:00,historyserver,historyserver-demo-7f67bfd478-7vfqh,historyserver,2026-08-06T01:07:31Z,451701003000,1552900096
2026-08-05T20:07:44.437514-05:00,historyserver,historyserver-demo-7f67bfd478-7vfqh,historyserver,2026-08-06T01:07:44Z,458349000000,1629478912
2026-08-05T20:07:45.437548-05:00,historyserver,historyserver-demo-7f67bfd478-7vfqh,historyserver,2026-08-06T01:07:44Z,458349000000,1629478912
2026-08-05T20:07:46.43716-05:00,historyserver,historyserver-demo-7f67bfd478-7vfqh,historyserver,2026-08-06T01:07:44Z,458349000000,1629478912
2026-08-05T20:07:47.436085-05:00,historyserver,historyserver-demo-7f67bfd478-7vfqh,historyserver,2026-08-06T01:07:44Z,458349000000,1629478912
2026-08-05T20:07:48.437595-05:00,historyserver,historyserver-demo-7f67bfd478-7vfqh,historyserver,2026-08-06T01:07:44Z,458349000000,1629478912
2026-08-05T20:07:49.435698-05:00,historyserver,historyserver-demo-7f67bfd478-7vfqh,historyserver,2026-08-06T01:07:44Z,458349000000,1629478912
2026-08-05T20:07:50.437465-05:00,historyserver,historyserver-demo-7f67bfd478-7vfqh,historyserver,2026-08-06T01:07:44Z,458349000000,1629478912
2026-08-05T20:07:51.437643-05:00,historyserver,historyserver-demo-7f67bfd478-7vfqh,historyserver,2026-08-06T01:07:44Z,458349000000,1629478912
2026-08-05T20:07:52.437651-05:00,historyserver,historyserver-demo-7f67bfd478-7vfqh,historyserver,2026-08-06T01:07:44Z,458349000000,1629478912
2026-08-05T20:07:53.43663-05:00,historyserver,historyserver-demo-7f67bfd478-7vfqh,historyserver,2026-08-06T01:07:44Z,458349000000,1629478912
2026-08-05T20:07:54.4365-05:00,historyserver,historyserver-demo-7f67bfd478-7vfqh,historyserver,2026-08-06T01:07:44Z,458349000000,1629478912
2026-08-05T20:07:55.437691-05:00,historyserver,historyserver-demo-7f67bfd478-7vfqh,historyserver,2026-08-06T01:07:44Z,458349000000,1629478912
2026-08-05T20:07:56.437631-05:00,historyserver,historyserver-demo-7f67bfd478-7vfqh,historyserver,2026-08-06T01:07:44Z,458349000000,1629478912
2026-08-05T20:07:57.437663-05:00,historyserver,historyserver-demo-7f67bfd478-7vfqh,historyserver,2026-08-06T01:07:57Z,460492433000,1722433536
2026-08-05T20:07:58.437309-05:00,historyserver,historyserver-demo-7f67bfd478-7vfqh,historyserver,2026-08-06T01:07:57Z,460492433000,1722433536
2026-08-05T20:07:59.436228-05:00,historyserver,historyserver-demo-7f67bfd478-7vfqh,historyserver,2026-08-06T01:07:57Z,460492433000,1722433536
2026-08-05T20:08:00.437681-05:00,historyserver,historyserver-demo-7f67bfd478-7vfqh,historyserver,2026-08-06T01:07:57Z,460492433000,1722433536
2026-08-05T20:08:01.437109-05:00,historyserver,historyserver-demo-7f67bfd478-7vfqh,historyserver,2026-08-06T01:07:57Z,460492433000,1722433536
2026-08-05T20:08:02.435932-05:00,historyserver,historyserver-demo-7f67bfd478-7vfqh,historyserver,2026-08-06T01:07:57Z,460492433000,1722433536
2026-08-05T20:08:03.436412-05:00,historyserver,historyserver-demo-7f67bfd478-7vfqh,historyserver,2026-08-06T01:07:57Z,460492433000,1722433536
2026-08-05T20:08:04.436761-05:00,historyserver,historyserver-demo-7f67bfd478-7vfqh,historyserver,2026-08-06T01:07:57Z,460492433000,1722433536
2026-08-05T20:08:05.437444-05:00,historyserver,historyserver-demo-7f67bfd478-7vfqh,historyserver,2026-08-06T01:07:57Z,460492433000,1722433536
2026-08-05T20:08:06.437009-05:00,historyserver,historyserver-demo-7f67bfd478-7vfqh,historyserver,2026-08-06T01:07:57Z,460492433000,1722433536
2026-08-05T20:08:07.437859-05:00,historyserver,historyserver-demo-7f67bfd478-7vfqh,historyserver,2026-08-06T01:07:57Z,460492433000,1722433536
2026-08-05T20:08:08.43691-05:00,historyserver,historyserver-demo-7f67bfd478-7vfqh,historyserver,2026-08-06T01:08:07Z,464992492000,756162560
2026-08-05T20:08:09.437837-05:00,historyserver,historyserver-demo-7f67bfd478-7vfqh,historyserver,2026-08-06T01:08:07Z,464992492000,756162560
2026-08-05T20:08:10.437826-05:00,historyserver,historyserver-demo-7f67bfd478-7vfqh,historyserver,2026-08-06T01:08:07Z,464992492000,756162560
2026-08-05T20:08:11.437814-05:00,historyserver,historyserver-demo-7f67bfd478-7vfqh,historyserver,2026-08-06T01:08:07Z,464992492000,756162560
2026-08-05T20:08:12.437846-05:00,historyserver,historyserver-demo-7f67bfd478-7vfqh,historyserver,2026-08-06T01:08:07Z,464992492000,756162560
2026-08-05T20:08:13.437845-05:00,historyserver,historyserver-demo-7f67bfd478-7vfqh,historyserver,2026-08-06T01:08:07Z,464992492000,756162560
2026-08-05T20:08:14.43755-05:00,historyserver,historyserver-demo-7f67bfd478-7vfqh,historyserver,2026-08-06T01:08:07Z,464992492000,756162560
2026-08-05T20:08:15.437657-05:00,historyserver,historyserver-demo-7f67bfd478-7vfqh,historyserver,2026-08-06T01:08:07Z,464992492000,756162560
2026-08-05T20:08:16.437875-05:00,historyserver,historyserver-demo-7f67bfd478-7vfqh,historyserver,2026-08-06T01:08:07Z,464992492000,756162560
2026-08-05T20:08:17.437221-05:00,historyserver,historyserver-demo-7f67bfd478-7vfqh,historyserver,2026-08-06T01:08:07Z,464992492000,756162560
2026-08-05T20:08:18.43788-05:00,historyserver,historyserver-demo-7f67bfd478-7vfqh,historyserver,2026-08-06T01:08:07Z,464992492000,756162560
2026-08-05T20:08:19.437597-05:00,historyserver,historyserver-demo-7f67bfd478-7vfqh,historyserver,2026-08-06T01:08:07Z,464992492000,756162560
2026-08-05T20:08:20.437907-05:00,historyserver,historyserver-demo-7f67bfd478-7vfqh,historyserver,2026-08-06T01:08:07Z,464992492000,756162560
2026-08-05T20:08:21.436166-05:00,historyserver,historyserver-demo-7f67bfd478-7vfqh,historyserver,2026-08-06T01:08:20Z,471545186000,949329920
2026-08-05T20:08:22.438029-05:00,historyserver,historyserver-demo-7f67bfd478-7vfqh,historyserver,2026-08-06T01:08:20Z,471545186000,949329920
2026-08-05T20:08:23.43799-05:00,historyserver,historyserver-demo-7f67bfd478-7vfqh,historyserver,2026-08-06T01:08:20Z,471545186000,949329920
2026-08-05T20:08:24.43646-05:00,historyserver,historyserver-demo-7f67bfd478-7vfqh,historyserver,2026-08-06T01:08:20Z,471545186000,949329920
2026-08-05T20:08:25.437694-05:00,historyserver,historyserver-demo-7f67bfd478-7vfqh,historyserver,2026-08-06T01:08:20Z,471545186000,949329920
2026-08-05T20:08:26.438014-05:00,historyserver,historyserver-demo-7f67bfd478-7vfqh,historyserver,2026-08-06T01:08:20Z,471545186000,949329920
2026-08-05T20:08:27.437088-05:00,historyserver,historyserver-demo-7f67bfd478-7vfqh,historyserver,2026-08-06T01:08:20Z,471545186000,949329920
2026-08-05T20:08:28.436064-05:00,historyserver,historyserver-demo-7f67bfd478-7vfqh,historyserver,2026-08-06T01:08:20Z,471545186000,949329920
2026-08-05T20:08:29.438046-05:00,historyserver,historyserver-demo-7f67bfd478-7vfqh,historyserver,2026-08-06T01:08:20Z,471545186000,949329920
2026-08-05T20:08:30.436646-05:00,historyserver,historyserver-demo-7f67bfd478-7vfqh,historyserver,2026-08-06T01:08:20Z,471545186000,949329920
2026-08-05T20:08:31.438052-05:00,historyserver,historyserver-demo-7f67bfd478-7vfqh,historyserver,2026-08-06T01:08:20Z,471545186000,949329920
2026-08-05T20:08:32.437907-05:00,historyserver,historyserver-demo-7f67bfd478-7vfqh,historyserver,2026-08-06T01:08:20Z,471545186000,949329920
2026-08-05T20:08:33.437912-05:00,historyserver,historyserver-demo-7f67bfd478-7vfqh,historyserver,2026-08-06T01:08:20Z,471545186000,949329920
2026-08-05T20:08:34.438083-05:00,historyserver,historyserver-demo-7f67bfd478-7vfqh,historyserver,2026-08-06T01:08:20Z,471545186000,949329920
2026-08-05T20:08:35.437914-05:00,historyserver,historyserver-demo-7f67bfd478-7vfqh,historyserver,2026-08-06T01:08:34Z,478646962000,1297256448
2026-08-05T20:08:36.438138-05:00,historyserver,historyserver-demo-7f67bfd478-7vfqh,historyserver,2026-08-06T01:08:34Z,478646962000,1297256448
2026-08-05T20:08:37.438111-05:00,historyserver,historyserver-demo-7f67bfd478-7vfqh,historyserver,2026-08-06T01:08:34Z,478646962000,1297256448
2026-08-05T20:08:38.438173-05:00,historyserver,historyserver-demo-7f67bfd478-7vfqh,historyserver,2026-08-06T01:08:34Z,478646962000,1297256448
2026-08-05T20:08:39.438179-05:00,historyserver,historyserver-demo-7f67bfd478-7vfqh,historyserver,2026-08-06T01:08:34Z,478646962000,1297256448
2026-08-05T20:08:40.437584-05:00,historyserver,historyserver-demo-7f67bfd478-7vfqh,historyserver,2026-08-06T01:08:34Z,478646962000,1297256448
2026-08-05T20:08:41.438122-05:00,historyserver,historyserver-demo-7f67bfd478-7vfqh,historyserver,2026-08-06T01:08:34Z,478646962000,1297256448
2026-08-05T20:08:42.436602-05:00,historyserver,historyserver-demo-7f67bfd478-7vfqh,historyserver,2026-08-06T01:08:34Z,478646962000,1297256448
2026-08-05T20:08:43.436543-05:00,historyserver,historyserver-demo-7f67bfd478-7vfqh,historyserver,2026-08-06T01:08:34Z,478646962000,1297256448
2026-08-05T20:08:44.437784-05:00,historyserver,historyserver-demo-7f67bfd478-7vfqh,historyserver,2026-08-06T01:08:34Z,478646962000,1297256448
2026-08-05T20:08:45.438175-05:00,historyserver,historyserver-demo-7f67bfd478-7vfqh,historyserver,2026-08-06T01:08:34Z,478646962000,1297256448
2026-08-05T20:08:46.437793-05:00,historyserver,historyserver-demo-7f67bfd478-7vfqh,historyserver,2026-08-06T01:08:34Z,478646962000,1297256448
2026-08-05T20:08:47.438258-05:00,historyserver,historyserver-demo-7f67bfd478-7vfqh,historyserver,2026-08-06T01:08:34Z,478646962000,1297256448
2026-08-05T20:08:48.438243-05:00,historyserver,historyserver-demo-7f67bfd478-7vfqh,historyserver,2026-08-06T01:08:47Z,485114869000,1375473664
2026-08-05T20:08:49.437283-05:00,historyserver,historyserver-demo-7f67bfd478-7vfqh,historyserver,2026-08-06T01:08:47Z,485114869000,1375473664
2026-08-05T20:08:50.438267-05:00,historyserver,historyserver-demo-7f67bfd478-7vfqh,historyserver,2026-08-06T01:08:47Z,485114869000,1375473664
2026-08-05T20:08:51.438281-05:00,historyserver,historyserver-demo-7f67bfd478-7vfqh,historyserver,2026-08-06T01:08:47Z,485114869000,1375473664
2026-08-05T20:08:52.438268-05:00,historyserver,historyserver-demo-7f67bfd478-7vfqh,historyserver,2026-08-06T01:08:47Z,485114869000,1375473664
2026-08-05T20:08:53.437971-05:00,historyserver,historyserver-demo-7f67bfd478-7vfqh,historyserver,2026-08-06T01:08:47Z,485114869000,1375473664
2026-08-05T20:08:54.436487-05:00,historyserver,historyserver-demo-7f67bfd478-7vfqh,historyserver,2026-08-06T01:08:47Z,485114869000,1375473664
2026-08-05T20:08:55.437788-05:00,historyserver,historyserver-demo-7f67bfd478-7vfqh,historyserver,2026-08-06T01:08:47Z,485114869000,1375473664
2026-08-05T20:08:56.438342-05:00,historyserver,historyserver-demo-7f67bfd478-7vfqh,historyserver,2026-08-06T01:08:47Z,485114869000,1375473664
2026-08-05T20:08:57.437831-05:00,historyserver,historyserver-demo-7f67bfd478-7vfqh,historyserver,2026-08-06T01:08:47Z,485114869000,1375473664
2026-08-05T20:08:58.438385-05:00,historyserver,historyserver-demo-7f67bfd478-7vfqh,historyserver,2026-08-06T01:08:47Z,485114869000,1375473664
2026-08-05T20:08:59.437635-05:00,historyserver,historyserver-demo-7f67bfd478-7vfqh,historyserver,2026-08-06T01:08:47Z,485114869000,1375473664
2026-08-05T20:09:00.437848-05:00,historyserver,historyserver-demo-7f67bfd478-7vfqh,historyserver,2026-08-06T01:08:47Z,485114869000,1375473664
2026-08-05T20:09:01.438178-05:00,historyserver,historyserver-demo-7f67bfd478-7vfqh,historyserver,2026-08-06T01:08:47Z,485114869000,1375473664
2026-08-05T20:09:02.437434-05:00,historyserver,historyserver-demo-7f67bfd478-7vfqh,historyserver,2026-08-06T01:09:02Z,492363805000,1644691456
2026-08-05T20:09:03.437243-05:00,historyserver,historyserver-demo-7f67bfd478-7vfqh,historyserver,2026-08-06T01:09:02Z,492363805000,1644691456
2026-08-05T20:09:04.438378-05:00,historyserver,historyserver-demo-7f67bfd478-7vfqh,historyserver,2026-08-06T01:09:02Z,492363805000,1644691456
2026-08-05T20:09:05.438435-05:00,historyserver,historyserver-demo-7f67bfd478-7vfqh,historyserver,2026-08-06T01:09:02Z,492363805000,1644691456
2026-08-05T20:09:06.438436-05:00,historyserver,historyserver-demo-7f67bfd478-7vfqh,historyserver,2026-08-06T01:09:02Z,492363805000,1644691456
2026-08-05T20:09:07.43651-05:00,historyserver,historyserver-demo-7f67bfd478-7vfqh,historyserver,2026-08-06T01:09:02Z,492363805000,1644691456
2026-08-05T20:09:08.438445-05:00,historyserver,historyserver-demo-7f67bfd478-7vfqh,historyserver,2026-08-06T01:09:02Z,492363805000,1644691456
2026-08-05T20:09:09.43736-05:00,historyserver,historyserver-demo-7f67bfd478-7vfqh,historyserver,2026-08-06T01:09:02Z,492363805000,1644691456
2026-08-05T20:09:10.438462-05:00,historyserver,historyserver-demo-7f67bfd478-7vfqh,historyserver,2026-08-06T01:09:02Z,492363805000,1644691456
2026-08-05T20:09:11.438479-05:00,historyserver,historyserver-demo-7f67bfd478-7vfqh,historyserver,2026-08-06T01:09:02Z,492363805000,1644691456
2026-08-05T20:09:12.437013-05:00,historyserver,historyserver-demo-7f67bfd478-7vfqh,historyserver,2026-08-06T01:09:02Z,492363805000,1644691456
2026-08-05T20:09:13.438466-05:00,historyserver,historyserver-demo-7f67bfd478-7vfqh,historyserver,2026-08-06T01:09:02Z,492363805000,1644691456
2026-08-05T20:09:14.437453-05:00,historyserver,historyserver-demo-7f67bfd478-7vfqh,historyserver,2026-08-06T01:09:02Z,492363805000,1644691456
2026-08-05T20:09:15.438515-05:00,historyserver,historyserver-demo-7f67bfd478-7vfqh,historyserver,2026-08-06T01:09:02Z,492363805000,1644691456
2026-08-05T20:09:16.437604-05:00,historyserver,historyserver-demo-7f67bfd478-7vfqh,historyserver,2026-08-06T01:09:02Z,492363805000,1644691456
2026-08-05T20:09:17.438032-05:00,historyserver,historyserver-demo-7f67bfd478-7vfqh,historyserver,2026-08-06T01:09:02Z,492363805000,1644691456
2026-08-05T20:09:18.438561-05:00,historyserver,historyserver-demo-7f67bfd478-7vfqh,historyserver,2026-08-06T01:09:17Z,499964732000,1761161216
2026-08-05T20:09:19.436691-05:00,historyserver,historyserver-demo-7f67bfd478-7vfqh,historyserver,2026-08-06T01:09:17Z,499964732000,1761161216
2026-08-05T20:09:20.438555-05:00,historyserver,historyserver-demo-7f67bfd478-7vfqh,historyserver,2026-08-06T01:09:17Z,499964732000,1761161216
2026-08-05T20:09:21.43754-05:00,historyserver,historyserver-demo-7f67bfd478-7vfqh,historyserver,2026-08-06T01:09:17Z,499964732000,1761161216
2026-08-05T20:09:22.436634-05:00,historyserver,historyserver-demo-7f67bfd478-7vfqh,historyserver,2026-08-06T01:09:17Z,499964732000,1761161216
2026-08-05T20:09:23.436721-05:00,historyserver,historyserver-demo-7f67bfd478-7vfqh,historyserver,2026-08-06T01:09:17Z,499964732000,1761161216
2026-08-05T20:09:24.437982-05:00,historyserver,historyserver-demo-7f67bfd478-7vfqh,historyserver,2026-08-06T01:09:17Z,499964732000,1761161216
2026-08-05T20:09:25.438627-05:00,historyserver,historyserver-demo-7f67bfd478-7vfqh,historyserver,2026-08-06T01:09:17Z,499964732000,1761161216
2026-08-05T20:09:26.437409-05:00,historyserver,historyserver-demo-7f67bfd478-7vfqh,historyserver,2026-08-06T01:09:17Z,499964732000,1761161216
2026-08-05T20:09:27.437001-05:00,historyserver,historyserver-demo-7f67bfd478-7vfqh,historyserver,2026-08-06T01:09:17Z,499964732000,1761161216
2026-08-05T20:09:28.437961-05:00,historyserver,historyserver-demo-7f67bfd478-7vfqh,historyserver,2026-08-06T01:09:27Z,505075467000,1892114432
2026-08-05T20:09:29.438802-05:00,historyserver,historyserver-demo-7f67bfd478-7vfqh,historyserver,2026-08-06T01:09:27Z,505075467000,1892114432
2026-08-05T20:09:30.438657-05:00,historyserver,historyserver-demo-7f67bfd478-7vfqh,historyserver,2026-08-06T01:09:27Z,505075467000,1892114432
2026-08-05T20:09:31.438707-05:00,historyserver,historyserver-demo-7f67bfd478-7vfqh,historyserver,2026-08-06T01:09:27Z,505075467000,1892114432
2026-08-05T20:09:32.438694-05:00,historyserver,historyserver-demo-7f67bfd478-7vfqh,historyserver,2026-08-06T01:09:27Z,505075467000,1892114432
2026-08-05T20:09:33.438725-05:00,historyserver,historyserver-demo-7f67bfd478-7vfqh,historyserver,2026-08-06T01:09:27Z,505075467000,1892114432
2026-08-05T20:09:34.437864-05:00,historyserver,historyserver-demo-7f67bfd478-7vfqh,historyserver,2026-08-06T01:09:27Z,505075467000,1892114432
2026-08-05T20:09:35.438741-05:00,historyserver,historyserver-demo-7f67bfd478-7vfqh,historyserver,2026-08-06T01:09:27Z,505075467000,1892114432
2026-08-05T20:09:36.437986-05:00,historyserver,historyserver-demo-7f67bfd478-7vfqh,historyserver,2026-08-06T01:09:27Z,505075467000,1892114432
2026-08-05T20:09:37.43686-05:00,historyserver,historyserver-demo-7f67bfd478-7vfqh,historyserver,2026-08-06T01:09:27Z,505075467000,1892114432
2026-08-05T20:09:38.438446-05:00,historyserver,historyserver-demo-7f67bfd478-7vfqh,historyserver,2026-08-06T01:09:27Z,505075467000,1892114432
2026-08-05T20:09:39.438284-05:00,historyserver,historyserver-demo-7f67bfd478-7vfqh,historyserver,2026-08-06T01:09:38Z,510640307000,1594912768
2026-08-05T20:09:40.438802-05:00,historyserver,historyserver-demo-7f67bfd478-7vfqh,historyserver,2026-08-06T01:09:38Z,510640307000,1594912768
2026-08-05T20:09:41.438766-05:00,historyserver,historyserver-demo-7f67bfd478-7vfqh,historyserver,2026-08-06T01:09:38Z,510640307000,1594912768
2026-08-05T20:09:42.437906-05:00,historyserver,historyserver-demo-7f67bfd478-7vfqh,historyserver,2026-08-06T01:09:38Z,510640307000,1594912768
2026-08-05T20:09:43.436926-05:00,historyserver,historyserver-demo-7f67bfd478-7vfqh,historyserver,2026-08-06T01:09:38Z,510640307000,1594912768
2026-08-05T20:09:44.437311-05:00,historyserver,historyserver-demo-7f67bfd478-7vfqh,historyserver,2026-08-06T01:09:38Z,510640307000,1594912768
2026-08-05T20:09:45.438848-05:00,historyserver,historyserver-demo-7f67bfd478-7vfqh,historyserver,2026-08-06T01:09:38Z,510640307000,1594912768
2026-08-05T20:09:46.43885-05:00,historyserver,historyserver-demo-7f67bfd478-7vfqh,historyserver,2026-08-06T01:09:38Z,510640307000,1594912768
2026-08-05T20:09:47.437648-05:00,historyserver,historyserver-demo-7f67bfd478-7vfqh,historyserver,2026-08-06T01:09:38Z,510640307000,1594912768
2026-08-05T20:09:48.438762-05:00,historyserver,historyserver-demo-7f67bfd478-7vfqh,historyserver,2026-08-06T01:09:38Z,510640307000,1594912768
2026-08-05T20:09:49.438878-05:00,historyserver,historyserver-demo-7f67bfd478-7vfqh,historyserver,2026-08-06T01:09:38Z,510640307000,1594912768
2026-08-05T20:09:50.438934-05:00,historyserver,historyserver-demo-7f67bfd478-7vfqh,historyserver,2026-08-06T01:09:38Z,510640307000,1594912768
2026-08-05T20:09:51.438505-05:00,historyserver,historyserver-demo-7f67bfd478-7vfqh,historyserver,2026-08-06T01:09:38Z,510640307000,1594912768
2026-08-05T20:09:52.438948-05:00,historyserver,historyserver-demo-7f67bfd478-7vfqh,historyserver,2026-08-06T01:09:52Z,517240253000,1473040384
2026-08-05T20:09:53.437278-05:00,historyserver,historyserver-demo-7f67bfd478-7vfqh,historyserver,2026-08-06T01:09:52Z,517240253000,1473040384
2026-08-05T20:09:54.438975-05:00,historyserver,historyserver-demo-7f67bfd478-7vfqh,historyserver,2026-08-06T01:09:52Z,517240253000,1473040384
2026-08-05T20:09:55.438925-05:00,historyserver,historyserver-demo-7f67bfd478-7vfqh,historyserver,2026-08-06T01:09:52Z,517240253000,1473040384
2026-08-05T20:09:56.439009-05:00,historyserver,historyserver-demo-7f67bfd478-7vfqh,historyserver,2026-08-06T01:09:52Z,517240253000,1473040384
2026-08-05T20:09:57.438211-05:00,historyserver,historyserver-demo-7f67bfd478-7vfqh,historyserver,2026-08-06T01:09:52Z,517240253000,1473040384
2026-08-05T20:09:58.438997-05:00,historyserver,historyserver-demo-7f67bfd478-7vfqh,historyserver,2026-08-06T01:09:52Z,517240253000,1473040384
2026-08-05T20:09:59.43792-05:00,historyserver,historyserver-demo-7f67bfd478-7vfqh,historyserver,2026-08-06T01:09:52Z,517240253000,1473040384
2026-08-05T20:10:00.438988-05:00,historyserver,historyserver-demo-7f67bfd478-7vfqh,historyserver,2026-08-06T01:09:52Z,517240253000,1473040384
2026-08-05T20:10:01.438372-05:00,historyserver,historyserver-demo-7f67bfd478-7vfqh,historyserver,2026-08-06T01:09:52Z,517240253000,1473040384
2026-08-05T20:10:02.43909-05:00,historyserver,historyserver-demo-7f67bfd478-7vfqh,historyserver,2026-08-06T01:10:02Z,522373075000,1473110016
2026-08-05T20:10:03.439025-05:00,historyserver,historyserver-demo-7f67bfd478-7vfqh,historyserver,2026-08-06T01:10:02Z,522373075000,1473110016
2026-08-05T20:10:04.437944-05:00,historyserver,historyserver-demo-7f67bfd478-7vfqh,historyserver,2026-08-06T01:10:02Z,522373075000,1473110016
2026-08-05T20:10:05.43907-05:00,historyserver,historyserver-demo-7f67bfd478-7vfqh,historyserver,2026-08-06T01:10:02Z,522373075000,1473110016
2026-08-05T20:10:06.43827-05:00,historyserver,historyserver-demo-7f67bfd478-7vfqh,historyserver,2026-08-06T01:10:02Z,522373075000,1473110016
2026-08-05T20:10:07.437211-05:00,historyserver,historyserver-demo-7f67bfd478-7vfqh,historyserver,2026-08-06T01:10:02Z,522373075000,1473110016
2026-08-05T20:10:08.439103-05:00,historyserver,historyserver-demo-7f67bfd478-7vfqh,historyserver,2026-08-06T01:10:02Z,522373075000,1473110016
2026-08-05T20:10:09.43911-05:00,historyserver,historyserver-demo-7f67bfd478-7vfqh,historyserver,2026-08-06T01:10:02Z,522373075000,1473110016
2026-08-05T20:10:10.438824-05:00,historyserver,historyserver-demo-7f67bfd478-7vfqh,historyserver,2026-08-06T01:10:02Z,522373075000,1473110016
2026-08-05T20:10:11.439117-05:00,historyserver,historyserver-demo-7f67bfd478-7vfqh,historyserver,2026-08-06T01:10:02Z,522373075000,1473110016
2026-08-05T20:10:12.438138-05:00,historyserver,historyserver-demo-7f67bfd478-7vfqh,historyserver,2026-08-06T01:10:02Z,522373075000,1473110016
2026-08-05T20:10:13.439261-05:00,historyserver,historyserver-demo-7f67bfd478-7vfqh,historyserver,2026-08-06T01:10:02Z,522373075000,1473110016
2026-08-05T20:10:14.439155-05:00,historyserver,historyserver-demo-7f67bfd478-7vfqh,historyserver,2026-08-06T01:10:02Z,522373075000,1473110016
2026-08-05T20:10:15.438085-05:00,historyserver,historyserver-demo-7f67bfd478-7vfqh,historyserver,2026-08-06T01:10:02Z,522373075000,1473110016
2026-08-05T20:10:16.439149-05:00,historyserver,historyserver-demo-7f67bfd478-7vfqh,historyserver,2026-08-06T01:10:02Z,522373075000,1473110016
2026-08-05T20:10:17.439197-05:00,historyserver,historyserver-demo-7f67bfd478-7vfqh,historyserver,2026-08-06T01:10:17Z,529741822000,1639198720
2026-08-05T20:10:18.439216-05:00,historyserver,historyserver-demo-7f67bfd478-7vfqh,historyserver,2026-08-06T01:10:17Z,529741822000,1639198720
2026-08-05T20:10:19.438873-05:00,historyserver,historyserver-demo-7f67bfd478-7vfqh,historyserver,2026-08-06T01:10:17Z,529741822000,1639198720
2026-08-05T20:10:20.438254-05:00,historyserver,historyserver-demo-7f67bfd478-7vfqh,historyserver,2026-08-06T01:10:17Z,529741822000,1639198720
2026-08-05T20:10:21.439212-05:00,historyserver,historyserver-demo-7f67bfd478-7vfqh,historyserver,2026-08-06T01:10:17Z,529741822000,1639198720
2026-08-05T20:10:22.439211-05:00,historyserver,historyserver-demo-7f67bfd478-7vfqh,historyserver,2026-08-06T01:10:17Z,529741822000,1639198720
2026-08-05T20:10:23.438591-05:00,historyserver,historyserver-demo-7f67bfd478-7vfqh,historyserver,2026-08-06T01:10:17Z,529741822000,1639198720
2026-08-05T20:10:24.439304-05:00,historyserver,historyserver-demo-7f67bfd478-7vfqh,historyserver,2026-08-06T01:10:17Z,529741822000,1639198720
2026-08-05T20:10:25.439293-05:00,historyserver,historyserver-demo-7f67bfd478-7vfqh,historyserver,2026-08-06T01:10:17Z,529741822000,1639198720
2026-08-05T20:10:26.438994-05:00,historyserver,historyserver-demo-7f67bfd478-7vfqh,historyserver,2026-08-06T01:10:17Z,529741822000,1639198720
2026-08-05T20:10:27.437396-05:00,historyserver,historyserver-demo-7f67bfd478-7vfqh,historyserver,2026-08-06T01:10:17Z,529741822000,1639198720
2026-08-05T20:10:28.437927-05:00,historyserver,historyserver-demo-7f67bfd478-7vfqh,historyserver,2026-08-06T01:10:17Z,529741822000,1639198720
2026-08-05T20:10:29.43836-05:00,historyserver,historyserver-demo-7f67bfd478-7vfqh,historyserver,2026-08-06T01:10:17Z,529741822000,1639198720
2026-08-05T20:10:30.437437-05:00,historyserver,historyserver-demo-7f67bfd478-7vfqh,historyserver,2026-08-06T01:10:17Z,529741822000,1639198720
2026-08-05T20:10:31.438947-05:00,historyserver,historyserver-demo-7f67bfd478-7vfqh,historyserver,2026-08-06T01:10:31Z,536036437000,1630806016
2026-08-05T20:10:32.438124-05:00,historyserver,historyserver-demo-7f67bfd478-7vfqh,historyserver,2026-08-06T01:10:31Z,536036437000,1630806016
2026-08-05T20:10:33.439197-05:00,historyserver,historyserver-demo-7f67bfd478-7vfqh,historyserver,2026-08-06T01:10:31Z,536036437000,1630806016
2026-08-05T20:10:34.439403-05:00,historyserver,historyserver-demo-7f67bfd478-7vfqh,historyserver,2026-08-06T01:10:31Z,536036437000,1630806016
2026-08-05T20:10:35.439407-05:00,historyserver,historyserver-demo-7f67bfd478-7vfqh,historyserver,2026-08-06T01:10:31Z,536036437000,1630806016
2026-08-05T20:10:36.439048-05:00,historyserver,historyserver-demo-7f67bfd478-7vfqh,historyserver,2026-08-06T01:10:31Z,536036437000,1630806016
2026-08-05T20:10:37.437538-05:00,historyserver,historyserver-demo-7f67bfd478-7vfqh,historyserver,2026-08-06T01:10:31Z,536036437000,1630806016
2026-08-05T20:10:38.438813-05:00,historyserver,historyserver-demo-7f67bfd478-7vfqh,historyserver,2026-08-06T01:10:31Z,536036437000,1630806016
2026-08-05T20:10:39.438415-05:00,historyserver,historyserver-demo-7f67bfd478-7vfqh,historyserver,2026-08-06T01:10:31Z,536036437000,1630806016
2026-08-05T20:10:40.438505-05:00,historyserver,historyserver-demo-7f67bfd478-7vfqh,historyserver,2026-08-06T01:10:31Z,536036437000,1630806016
2026-08-05T20:10:41.438911-05:00,historyserver,historyserver-demo-7f67bfd478-7vfqh,historyserver,2026-08-06T01:10:31Z,536036437000,1630806016
2026-08-05T20:10:42.439441-05:00,historyserver,historyserver-demo-7f67bfd478-7vfqh,historyserver,2026-08-06T01:10:31Z,536036437000,1630806016
2026-08-05T20:10:43.439457-05:00,historyserver,historyserver-demo-7f67bfd478-7vfqh,historyserver,2026-08-06T01:10:31Z,536036437000,1630806016
2026-08-05T20:10:44.43948-05:00,historyserver,historyserver-demo-7f67bfd478-7vfqh,historyserver,2026-08-06T01:10:31Z,536036437000,1630806016
2026-08-05T20:10:45.437924-05:00,historyserver,historyserver-demo-7f67bfd478-7vfqh,historyserver,2026-08-06T01:10:31Z,536036437000,1630806016
2026-08-05T20:10:46.439501-05:00,historyserver,historyserver-demo-7f67bfd478-7vfqh,historyserver,2026-08-06T01:10:31Z,536036437000,1630806016
2026-08-05T20:10:47.437788-05:00,historyserver,historyserver-demo-7f67bfd478-7vfqh,historyserver,2026-08-06T01:10:31Z,536036437000,1630806016
2026-08-05T20:10:48.43933-05:00,historyserver,historyserver-demo-7f67bfd478-7vfqh,historyserver,2026-08-06T01:10:31Z,536036437000,1630806016
2026-08-05T20:10:49.43761-05:00,historyserver,historyserver-demo-7f67bfd478-7vfqh,historyserver,2026-08-06T01:10:31Z,536036437000,1630806016
2026-08-05T20:10:50.438072-05:00,historyserver,historyserver-demo-7f67bfd478-7vfqh,historyserver,2026-08-06T01:10:31Z,536036437000,1630806016
2026-08-05T20:10:51.439476-05:00,historyserver,historyserver-demo-7f67bfd478-7vfqh,historyserver,2026-08-06T01:10:50Z,541639920000,911044608
2026-08-05T20:10:52.437597-05:00,historyserver,historyserver-demo-7f67bfd478-7vfqh,historyserver,2026-08-06T01:10:50Z,541639920000,911044608
2026-08-05T20:10:53.444038-05:00,historyserver,historyserver-demo-7f67bfd478-7vfqh,historyserver,2026-08-06T01:10:50Z,541639920000,911044608
2026-08-05T20:10:54.439597-05:00,historyserver,historyserver-demo-7f67bfd478-7vfqh,historyserver,2026-08-06T01:10:50Z,541639920000,911044608
2026-08-05T20:10:55.439589-05:00,historyserver,historyserver-demo-7f67bfd478-7vfqh,historyserver,2026-08-06T01:10:50Z,541639920000,911044608
2026-08-05T20:10:56.439624-05:00,historyserver,historyserver-demo-7f67bfd478-7vfqh,historyserver,2026-08-06T01:10:50Z,541639920000,911044608
2026-08-05T20:10:57.439018-05:00,historyserver,historyserver-demo-7f67bfd478-7vfqh,historyserver,2026-08-06T01:10:50Z,541639920000,911044608
2026-08-05T20:10:58.439636-05:00,historyserver,historyserver-demo-7f67bfd478-7vfqh,historyserver,2026-08-06T01:10:50Z,541639920000,911044608
2026-08-05T20:10:59.439619-05:00,historyserver,historyserver-demo-7f67bfd478-7vfqh,historyserver,2026-08-06T01:10:50Z,541639920000,911044608
2026-08-05T20:11:00.437917-05:00,historyserver,historyserver-demo-7f67bfd478-7vfqh,historyserver,2026-08-06T01:10:50Z,541639920000,911044608
2026-08-05T20:11:01.43968-05:00,historyserver,historyserver-demo-7f67bfd478-7vfqh,historyserver,2026-08-06T01:10:50Z,541639920000,911044608
2026-08-05T20:11:02.439688-05:00,historyserver,historyserver-demo-7f67bfd478-7vfqh,historyserver,2026-08-06T01:10:50Z,541639920000,911044608
2026-08-05T20:11:03.438799-05:00,historyserver,historyserver-demo-7f67bfd478-7vfqh,historyserver,2026-08-06T01:10:50Z,541639920000,911044608
2026-08-05T20:11:04.439693-05:00,historyserver,historyserver-demo-7f67bfd478-7vfqh,historyserver,2026-08-06T01:10:50Z,541639920000,911044608
2026-08-05T20:11:05.439713-05:00,historyserver,historyserver-demo-7f67bfd478-7vfqh,historyserver,2026-08-06T01:10:50Z,541639920000,911044608
2026-08-05T20:11:06.439226-05:00,historyserver,historyserver-demo-7f67bfd478-7vfqh,historyserver,2026-08-06T01:10:50Z,541639920000,911044608
2026-08-05T20:11:07.439758-05:00,historyserver,historyserver-demo-7f67bfd478-7vfqh,historyserver,2026-08-06T01:10:50Z,541639920000,911044608
2026-08-05T20:11:08.439782-05:00,historyserver,historyserver-demo-7f67bfd478-7vfqh,historyserver,2026-08-06T01:10:50Z,541639920000,911044608
2026-08-05T20:11:09.437887-05:00,historyserver,historyserver-demo-7f67bfd478-7vfqh,historyserver,2026-08-06T01:10:50Z,541639920000,911044608
2026-08-05T20:11:10.438792-05:00,historyserver,historyserver-demo-7f67bfd478-7vfqh,historyserver,2026-08-06T01:11:09Z,551209770000,1315680256
2026-08-05T20:11:11.439651-05:00,historyserver,historyserver-demo-7f67bfd478-7vfqh,historyserver,2026-08-06T01:11:09Z,551209770000,1315680256
2026-08-05T20:11:12.437911-05:00,historyserver,historyserver-demo-7f67bfd478-7vfqh,historyserver,2026-08-06T01:11:09Z,551209770000,1315680256
2026-08-05T20:11:13.438543-05:00,historyserver,historyserver-demo-7f67bfd478-7vfqh,historyserver,2026-08-06T01:11:09Z,551209770000,1315680256
2026-08-05T20:11:14.439532-05:00,historyserver,historyserver-demo-7f67bfd478-7vfqh,historyserver,2026-08-06T01:11:09Z,551209770000,1315680256
2026-08-05T20:11:15.43977-05:00,historyserver,historyserver-demo-7f67bfd478-7vfqh,historyserver,2026-08-06T01:11:09Z,551209770000,1315680256
2026-08-05T20:11:16.438098-05:00,historyserver,historyserver-demo-7f67bfd478-7vfqh,historyserver,2026-08-06T01:11:09Z,551209770000,1315680256
2026-08-05T20:11:17.439146-05:00,historyserver,historyserver-demo-7f67bfd478-7vfqh,historyserver,2026-08-06T01:11:09Z,551209770000,1315680256
2026-08-05T20:11:18.438755-05:00,historyserver,historyserver-demo-7f67bfd478-7vfqh,historyserver,2026-08-06T01:11:09Z,551209770000,1315680256
2026-08-05T20:11:19.440021-05:00,historyserver,historyserver-demo-7f67bfd478-7vfqh,historyserver,2026-08-06T01:11:09Z,551209770000,1315680256
2026-08-05T20:11:20.439891-05:00,historyserver,historyserver-demo-7f67bfd478-7vfqh,historyserver,2026-08-06T01:11:09Z,551209770000,1315680256
2026-08-05T20:11:21.439874-05:00,historyserver,historyserver-demo-7f67bfd478-7vfqh,historyserver,2026-08-06T01:11:09Z,551209770000,1315680256
2026-08-05T20:11:22.439892-05:00,historyserver,historyserver-demo-7f67bfd478-7vfqh,historyserver,2026-08-06T01:11:09Z,551209770000,1315680256
2026-08-05T20:11:23.439894-05:00,historyserver,historyserver-demo-7f67bfd478-7vfqh,historyserver,2026-08-06T01:11:09Z,551209770000,1315680256
2026-08-05T20:11:24.439936-05:00,historyserver,historyserver-demo-7f67bfd478-7vfqh,historyserver,2026-08-06T01:11:09Z,551209770000,1315680256
2026-08-05T20:11:25.439958-05:00,historyserver,historyserver-demo-7f67bfd478-7vfqh,historyserver,2026-08-06T01:11:09Z,551209770000,1315680256
2026-08-05T20:11:26.43998-05:00,historyserver,historyserver-demo-7f67bfd478-7vfqh,historyserver,2026-08-06T01:11:09Z,551209770000,1315680256
2026-08-05T20:11:27.439417-05:00,historyserver,historyserver-demo-7f67bfd478-7vfqh,historyserver,2026-08-06T01:11:09Z,551209770000,1315680256
2026-08-05T20:11:28.439989-05:00,historyserver,historyserver-demo-7f67bfd478-7vfqh,historyserver,2026-08-06T01:11:09Z,551209770000,1315680256
2026-08-05T20:11:29.4381-05:00,historyserver,historyserver-demo-7f67bfd478-7vfqh,historyserver,2026-08-06T01:11:28Z,560604250000,1725513728
2026-08-05T20:11:30.440095-05:00,historyserver,historyserver-demo-7f67bfd478-7vfqh,historyserver,2026-08-06T01:11:28Z,560604250000,1725513728
2026-08-05T20:11:31.438263-05:00,historyserver,historyserver-demo-7f67bfd478-7vfqh,historyserver,2026-08-06T01:11:28Z,560604250000,1725513728
2026-08-05T20:11:32.438647-05:00,historyserver,historyserver-demo-7f67bfd478-7vfqh,historyserver,2026-08-06T01:11:28Z,560604250000,1725513728
2026-08-05T20:11:33.439518-05:00,historyserver,historyserver-demo-7f67bfd478-7vfqh,historyserver,2026-08-06T01:11:28Z,560604250000,1725513728
2026-08-05T20:11:34.440041-05:00,historyserver,historyserver-demo-7f67bfd478-7vfqh,historyserver,2026-08-06T01:11:28Z,560604250000,1725513728
2026-08-05T20:11:35.438972-05:00,historyserver,historyserver-demo-7f67bfd478-7vfqh,historyserver,2026-08-06T01:11:28Z,560604250000,1725513728
2026-08-05T20:11:36.440004-05:00,historyserver,historyserver-demo-7f67bfd478-7vfqh,historyserver,2026-08-06T01:11:28Z,560604250000,1725513728
2026-08-05T20:11:37.440074-05:00,historyserver,historyserver-demo-7f67bfd478-7vfqh,historyserver,2026-08-06T01:11:28Z,560604250000,1725513728
2026-08-05T20:11:38.439045-05:00,historyserver,historyserver-demo-7f67bfd478-7vfqh,historyserver,2026-08-06T01:11:28Z,560604250000,1725513728
2026-08-05T20:11:39.440024-05:00,historyserver,historyserver-demo-7f67bfd478-7vfqh,historyserver,2026-08-06T01:11:28Z,560604250000,1725513728
2026-08-05T20:11:40.439294-05:00,historyserver,historyserver-demo-7f67bfd478-7vfqh,historyserver,2026-08-06T01:11:28Z,560604250000,1725513728
2026-08-05T20:11:41.438368-05:00,historyserver,historyserver-demo-7f67bfd478-7vfqh,historyserver,2026-08-06T01:11:28Z,560604250000,1725513728
2026-08-05T20:11:42.44008-05:00,historyserver,historyserver-demo-7f67bfd478-7vfqh,historyserver,2026-08-06T01:11:28Z,560604250000,1725513728
2026-08-05T20:11:43.438921-05:00,historyserver,historyserver-demo-7f67bfd478-7vfqh,historyserver,2026-08-06T01:11:28Z,560604250000,1725513728
2026-08-05T20:11:44.440125-05:00,historyserver,historyserver-demo-7f67bfd478-7vfqh,historyserver,2026-08-06T01:11:28Z,560604250000,1725513728
2026-08-05T20:11:45.440145-05:00,historyserver,historyserver-demo-7f67bfd478-7vfqh,historyserver,2026-08-06T01:11:28Z,560604250000,1725513728
2026-08-05T20:11:46.43949-05:00,historyserver,historyserver-demo-7f67bfd478-7vfqh,historyserver,2026-08-06T01:11:28Z,560604250000,1725513728
2026-08-05T20:11:47.440164-05:00,historyserver,historyserver-demo-7f67bfd478-7vfqh,historyserver,2026-08-06T01:11:28Z,560604250000,1725513728
2026-08-05T20:11:48.439548-05:00,historyserver,historyserver-demo-7f67bfd478-7vfqh,historyserver,2026-08-06T01:11:47Z,570075270000,1849442304
2026-08-05T20:11:49.439299-05:00,historyserver,historyserver-demo-7f67bfd478-7vfqh,historyserver,2026-08-06T01:11:47Z,570075270000,1849442304
2026-08-05T20:11:50.440244-05:00,historyserver,historyserver-demo-7f67bfd478-7vfqh,historyserver,2026-08-06T01:11:47Z,570075270000,1849442304
2026-08-05T20:11:51.43897-05:00,historyserver,historyserver-demo-7f67bfd478-7vfqh,historyserver,2026-08-06T01:11:47Z,570075270000,1849442304
2026-08-05T20:11:52.439422-05:00,historyserver,historyserver-demo-7f67bfd478-7vfqh,historyserver,2026-08-06T01:11:47Z,570075270000,1849442304
2026-08-05T20:11:53.439124-05:00,historyserver,historyserver-demo-7f67bfd478-7vfqh,historyserver,2026-08-06T01:11:47Z,570075270000,1849442304
2026-08-05T20:11:54.438369-05:00,historyserver,historyserver-demo-7f67bfd478-7vfqh,historyserver,2026-08-06T01:11:47Z,570075270000,1849442304
2026-08-05T20:11:55.438721-05:00,historyserver,historyserver-demo-7f67bfd478-7vfqh,historyserver,2026-08-06T01:11:47Z,570075270000,1849442304
2026-08-05T20:11:56.438407-05:00,historyserver,historyserver-demo-7f67bfd478-7vfqh,historyserver,2026-08-06T01:11:47Z,570075270000,1849442304
2026-08-05T20:11:57.440248-05:00,historyserver,historyserver-demo-7f67bfd478-7vfqh,historyserver,2026-08-06T01:11:47Z,570075270000,1849442304
2026-08-05T20:11:58.440289-05:00,historyserver,historyserver-demo-7f67bfd478-7vfqh,historyserver,2026-08-06T01:11:47Z,570075270000,1849442304
2026-08-05T20:11:59.439612-05:00,historyserver,historyserver-demo-7f67bfd478-7vfqh,historyserver,2026-08-06T01:11:47Z,570075270000,1849442304
2026-08-05T20:12:00.440353-05:00,historyserver,historyserver-demo-7f67bfd478-7vfqh,historyserver,2026-08-06T01:11:47Z,570075270000,1849442304
2026-08-05T20:12:01.439643-05:00,historyserver,historyserver-demo-7f67bfd478-7vfqh,historyserver,2026-08-06T01:11:47Z,570075270000,1849442304
2026-08-05T20:12:02.4392-05:00,historyserver,historyserver-demo-7f67bfd478-7vfqh,historyserver,2026-08-06T01:12:02Z,577415045000,1373634560
2026-08-05T20:12:03.439028-05:00,historyserver,historyserver-demo-7f67bfd478-7vfqh,historyserver,2026-08-06T01:12:02Z,577415045000,1373634560
2026-08-05T20:12:04.439293-05:00,historyserver,historyserver-demo-7f67bfd478-7vfqh,historyserver,2026-08-06T01:12:02Z,577415045000,1373634560
2026-08-05T20:12:05.439905-05:00,historyserver,historyserver-demo-7f67bfd478-7vfqh,historyserver,2026-08-06T01:12:02Z,577415045000,1373634560
2026-08-05T20:12:06.438455-05:00,historyserver,historyserver-demo-7f67bfd478-7vfqh,historyserver,2026-08-06T01:12:02Z,577415045000,1373634560
2026-08-05T20:12:07.438637-05:00,historyserver,historyserver-demo-7f67bfd478-7vfqh,historyserver,2026-08-06T01:12:02Z,577415045000,1373634560
2026-08-05T20:12:08.440392-05:00,historyserver,historyserver-demo-7f67bfd478-7vfqh,historyserver,2026-08-06T01:12:02Z,577415045000,1373634560
2026-08-05T20:12:09.438775-05:00,historyserver,historyserver-demo-7f67bfd478-7vfqh,historyserver,2026-08-06T01:12:02Z,577415045000,1373634560
2026-08-05T20:12:10.440392-05:00,historyserver,historyserver-demo-7f67bfd478-7vfqh,historyserver,2026-08-06T01:12:02Z,577415045000,1373634560
2026-08-05T20:12:11.440144-05:00,historyserver,historyserver-demo-7f67bfd478-7vfqh,historyserver,2026-08-06T01:12:02Z,577415045000,1373634560
2026-08-05T20:12:12.439713-05:00,historyserver,historyserver-demo-7f67bfd478-7vfqh,historyserver,2026-08-06T01:12:02Z,577415045000,1373634560
2026-08-05T20:12:13.438802-05:00,historyserver,historyserver-demo-7f67bfd478-7vfqh,historyserver,2026-08-06T01:12:02Z,577415045000,1373634560
2026-08-05T20:12:14.44044-05:00,historyserver,historyserver-demo-7f67bfd478-7vfqh,historyserver,2026-08-06T01:12:02Z,577415045000,1373634560
2026-08-05T20:12:15.439053-05:00,historyserver,historyserver-demo-7f67bfd478-7vfqh,historyserver,2026-08-06T01:12:02Z,577415045000,1373634560
2026-08-05T20:12:16.440002-05:00,historyserver,historyserver-demo-7f67bfd478-7vfqh,historyserver,2026-08-06T01:12:02Z,577415045000,1373634560
2026-08-05T20:12:17.440492-05:00,historyserver,historyserver-demo-7f67bfd478-7vfqh,historyserver,2026-08-06T01:12:02Z,577415045000,1373634560
2026-08-05T20:12:18.439311-05:00,historyserver,historyserver-demo-7f67bfd478-7vfqh,historyserver,2026-08-06T01:12:02Z,577415045000,1373634560
2026-08-05T20:12:19.439105-05:00,historyserver,historyserver-demo-7f67bfd478-7vfqh,historyserver,2026-08-06T01:12:02Z,577415045000,1373634560
2026-08-05T20:12:20.438874-05:00,historyserver,historyserver-demo-7f67bfd478-7vfqh,historyserver,2026-08-06T01:12:20Z,586287949000,1560489984
2026-08-05T20:12:21.43989-05:00,historyserver,historyserver-demo-7f67bfd478-7vfqh,historyserver,2026-08-06T01:12:20Z,586287949000,1560489984
2026-08-05T20:12:22.440107-05:00,historyserver,historyserver-demo-7f67bfd478-7vfqh,historyserver,2026-08-06T01:12:20Z,586287949000,1560489984
2026-08-05T20:12:23.440557-05:00,historyserver,historyserver-demo-7f67bfd478-7vfqh,historyserver,2026-08-06T01:12:20Z,586287949000,1560489984
2026-08-05T20:12:24.440568-05:00,historyserver,historyserver-demo-7f67bfd478-7vfqh,historyserver,2026-08-06T01:12:20Z,586287949000,1560489984
2026-08-05T20:12:25.440551-05:00,historyserver,historyserver-demo-7f67bfd478-7vfqh,historyserver,2026-08-06T01:12:20Z,586287949000,1560489984
2026-08-05T20:12:26.440483-05:00,historyserver,historyserver-demo-7f67bfd478-7vfqh,historyserver,2026-08-06T01:12:20Z,586287949000,1560489984
2026-08-05T20:12:27.440171-05:00,historyserver,historyserver-demo-7f67bfd478-7vfqh,historyserver,2026-08-06T01:12:20Z,586287949000,1560489984
2026-08-05T20:12:28.439825-05:00,historyserver,historyserver-demo-7f67bfd478-7vfqh,historyserver,2026-08-06T01:12:20Z,586287949000,1560489984
2026-08-05T20:12:29.439375-05:00,historyserver,historyserver-demo-7f67bfd478-7vfqh,historyserver,2026-08-06T01:12:20Z,586287949000,1560489984
2026-08-05T20:12:30.440657-05:00,historyserver,historyserver-demo-7f67bfd478-7vfqh,historyserver,2026-08-06T01:12:20Z,586287949000,1560489984
2026-08-05T20:12:31.438854-05:00,historyserver,historyserver-demo-7f67bfd478-7vfqh,historyserver,2026-08-06T01:12:20Z,586287949000,1560489984
2026-08-05T20:12:32.44062-05:00,historyserver,historyserver-demo-7f67bfd478-7vfqh,historyserver,2026-08-06T01:12:20Z,586287949000,1560489984
2026-08-05T20:12:33.439574-05:00,historyserver,historyserver-demo-7f67bfd478-7vfqh,historyserver,2026-08-06T01:12:20Z,586287949000,1560489984
2026-08-05T20:12:34.440647-05:00,historyserver,historyserver-demo-7f67bfd478-7vfqh,historyserver,2026-08-06T01:12:20Z,586287949000,1560489984
2026-08-05T20:12:35.440269-05:00,historyserver,historyserver-demo-7f67bfd478-7vfqh,historyserver,2026-08-06T01:12:20Z,586287949000,1560489984
2026-08-05T20:12:36.440713-05:00,historyserver,historyserver-demo-7f67bfd478-7vfqh,historyserver,2026-08-06T01:12:20Z,586287949000,1560489984
2026-08-05T20:12:37.440682-05:00,historyserver,historyserver-demo-7f67bfd478-7vfqh,historyserver,2026-08-06T01:12:20Z,586287949000,1560489984
2026-08-05T20:12:38.440082-05:00,historyserver,historyserver-demo-7f67bfd478-7vfqh,historyserver,2026-08-06T01:12:38Z,595358656000,1437478912
2026-08-05T20:12:39.440625-05:00,historyserver,historyserver-demo-7f67bfd478-7vfqh,historyserver,2026-08-06T01:12:38Z,595358656000,1437478912
2026-08-05T20:12:40.440711-05:00,historyserver,historyserver-demo-7f67bfd478-7vfqh,historyserver,2026-08-06T01:12:38Z,595358656000,1437478912
2026-08-05T20:12:41.440235-05:00,historyserver,historyserver-demo-7f67bfd478-7vfqh,historyserver,2026-08-06T01:12:38Z,595358656000,1437478912
2026-08-05T20:12:42.439911-05:00,historyserver,historyserver-demo-7f67bfd478-7vfqh,historyserver,2026-08-06T01:12:38Z,595358656000,1437478912
2026-08-05T20:12:43.439185-05:00,historyserver,historyserver-demo-7f67bfd478-7vfqh,historyserver,2026-08-06T01:12:38Z,595358656000,1437478912
2026-08-05T20:12:44.440763-05:00,historyserver,historyserver-demo-7f67bfd478-7vfqh,historyserver,2026-08-06T01:12:38Z,595358656000,1437478912
2026-08-05T20:12:45.439332-05:00,historyserver,historyserver-demo-7f67bfd478-7vfqh,historyserver,2026-08-06T01:12:38Z,595358656000,1437478912
2026-08-05T20:12:46.440796-05:00,historyserver,historyserver-demo-7f67bfd478-7vfqh,historyserver,2026-08-06T01:12:38Z,595358656000,1437478912
2026-08-05T20:12:47.440229-05:00,historyserver,historyserver-demo-7f67bfd478-7vfqh,historyserver,2026-08-06T01:12:38Z,595358656000,1437478912
2026-08-05T20:12:48.4391-05:00,historyserver,historyserver-demo-7f67bfd478-7vfqh,historyserver,2026-08-06T01:12:38Z,595358656000,1437478912
2026-08-05T20:12:49.439666-05:00,historyserver,historyserver-demo-7f67bfd478-7vfqh,historyserver,2026-08-06T01:12:38Z,595358656000,1437478912
2026-08-05T20:12:50.440918-05:00,historyserver,historyserver-demo-7f67bfd478-7vfqh,historyserver,2026-08-06T01:12:38Z,595358656000,1437478912
2026-08-05T20:12:51.440884-05:00,historyserver,historyserver-demo-7f67bfd478-7vfqh,historyserver,2026-08-06T01:12:38Z,595358656000,1437478912
2026-08-05T20:12:52.440841-05:00,historyserver,historyserver-demo-7f67bfd478-7vfqh,historyserver,2026-08-06T01:12:38Z,595358656000,1437478912
2026-08-05T20:12:53.44088-05:00,historyserver,historyserver-demo-7f67bfd478-7vfqh,historyserver,2026-08-06T01:12:38Z,595358656000,1437478912
2026-08-05T20:12:54.439313-05:00,historyserver,historyserver-demo-7f67bfd478-7vfqh,historyserver,2026-08-06T01:12:38Z,595358656000,1437478912
2026-08-05T20:12:55.439447-05:00,historyserver,historyserver-demo-7f67bfd478-7vfqh,historyserver,2026-08-06T01:12:55Z,603938006000,1653587968
2026-08-05T20:12:56.439668-05:00,historyserver,historyserver-demo-7f67bfd478-7vfqh,historyserver,2026-08-06T01:12:55Z,603938006000,1653587968
2026-08-05T20:12:57.439428-05:00,historyserver,historyserver-demo-7f67bfd478-7vfqh,historyserver,2026-08-06T01:12:55Z,603938006000,1653587968
2026-08-05T20:12:58.440446-05:00,historyserver,historyserver-demo-7f67bfd478-7vfqh,historyserver,2026-08-06T01:12:55Z,603938006000,1653587968
2026-08-05T20:12:59.440917-05:00,historyserver,historyserver-demo-7f67bfd478-7vfqh,historyserver,2026-08-06T01:12:55Z,603938006000,1653587968
