target_events_per_second,seconds_relative_ingest,n_runs,current_q0_mib,current_q25_mib,current_q50_mib,current_q75_mib,current_q100_mib,anon_q0_mib,anon_q25_mib,anon_q50_mib,anon_q75_mib,anon_q100_mib,file_q0_mib,file_q25_mib,file_q50_mib,file_q75_mib,file_q100_mib,kernel_q0_mib,kernel_q25_mib,kernel_q50_mib,kernel_q75_mib,kernel_q100_mib,raw_spool_q0_mib,raw_spool_q25_mib,raw_spool_q50_mib,raw_spool_q75_mib,raw_spool_q100_mib
1000,-10.0,3,11.863281,12.046875,12.230469,12.230469,12.230469,11.382812,11.558594,11.734375,11.740234,11.746094,0.003906,0.003906,0.003906,0.009766,0.015625,0.476562,0.478516,0.480469,0.480469,0.480469,0.0,0.0,0.0,0.0,0.0
1000,-9.5,3,11.863281,12.046875,12.230469,12.230469,12.230469,11.382812,11.558594,11.734375,11.740234,11.746094,0.003906,0.003906,0.003906,0.009766,0.015625,0.476562,0.478516,0.480469,0.480469,0.480469,0.0,0.0,0.0,0.0,0.0
1000,-9.0,3,11.863281,12.046875,12.230469,12.230469,12.230469,11.382812,11.558594,11.734375,11.740234,11.746094,0.003906,0.003906,0.003906,0.009766,0.015625,0.476562,0.478516,0.480469,0.480469,0.480469,0.0,0.0,0.0,0.0,0.0
1000,-8.5,3,11.863281,12.046875,12.230469,12.230469,12.230469,11.382812,11.558594,11.734375,11.740234,11.746094,0.003906,0.003906,0.003906,0.009766,0.015625,0.476562,0.478516,0.480469,0.480469,0.480469,0.0,0.0,0.0,0.0,0.0
1000,-8.0,3,11.863281,12.046875,12.230469,12.230469,12.230469,11.382812,11.558594,11.734375,11.740234,11.746094,0.003906,0.003906,0.003906,0.009766,0.015625,0.476562,0.478516,0.480469,0.480469,0.480469,0.0,0.0,0.0,0.0,0.0
1000,-7.5,3,11.863281,12.046875,12.230469,12.232422,12.234375,11.382812,11.558594,11.734375,11.742188,11.75,0.003906,0.003906,0.003906,0.009766,0.015625,0.476562,0.478516,0.480469,0.480469,0.480469,0.0,0.0,0.0,0.0,0.0
1000,-7.0,3,11.863281,12.046875,12.230469,12.232422,12.234375,11.382812,11.558594,11.734375,11.742188,11.75,0.003906,0.003906,0.003906,0.009766,0.015625,0.476562,0.478516,0.480469,0.480469,0.480469,0.0,0.0,0.0,0.0,0.0
1000,-6.5,3,11.863281,12.046875,12.230469,12.232422,12.234375,11.382812,11.558594,11.734375,11.742188,11.75,0.003906,0.003906,0.003906,0.009766,0.015625,0.476562,0.478516,0.480469,0.480469,0.480469,0.0,0.0,0.0,0.0,0.0
1000,-6.0,3,11.863281,12.046875,12.230469,12.232422,12.234375,11.382812,11.558594,11.734375,11.742188,11.75,0.003906,0.003906,0.003906,0.009766,0.015625,0.476562,0.478516,0.480469,0.480469,0.480469,0.0,0.0,0.0,0.0,0.0
1000,-5.5,3,11.863281,12.046875,12.230469,12.232422,12.234375,11.382812,11.558594,11.734375,11.742188,11.75,0.003906,0.003906,0.003906,0.009766,0.015625,0.476562,0.478516,0.480469,0.480469,0.480469,0.0,0.0,0.0,0.0,0.0
1000,-5.0,3,11.863281,12.046875,12.230469,12.232422,12.234375,11.382812,11.558594,11.734375,11.742188,11.75,0.003906,0.003906,0.003906,0.009766,0.015625,0.476562,0.478516,0.480469,0.480469,0.480469,0.0,0.0,0.0,0.0,0.0
1000,-4.5,3,11.863281,12.046875,12.230469,12.232422,12.234375,11.382812,11.558594,11.734375,11.742188,11.75,0.003906,0.003906,0.003906,0.009766,0.015625,0.476562,0.478516,0.480469,0.480469,0.480469,0.0,0.0,0.0,0.0,0.0
1000,-4.0,3,11.863281,12.046875,12.230469,12.232422,12.234375,11.382812,11.558594,11.734375,11.742188,11.75,0.003906,0.003906,0.003906,0.009766,0.015625,0.476562,0.478516,0.480469,0.480469,0.480469,0.0,0.0,0.0,0.0,0.0
1000,-3.5,3,11.871094,12.050781,12.230469,12.232422,12.234375,11.390625,11.5625,11.734375,11.742188,11.75,0.003906,0.003906,0.003906,0.009766,0.015625,0.476562,0.478516,0.480469,0.480469,0.480469,0.0,0.0,0.0,0.0,0.0
1000,-3.0,3,11.871094,12.050781,12.230469,12.232422,12.234375,11.390625,11.5625,11.734375,11.742188,11.75,0.003906,0.003906,0.003906,0.009766,0.015625,0.476562,0.478516,0.480469,0.480469,0.480469,0.0,0.0,0.0,0.0,0.0
1000,-2.5,3,11.871094,12.054688,12.238281,12.25,12.261719,11.390625,11.566406,11.742188,11.75,11.757812,0.003906,0.003906,0.003906,0.009766,0.015625,0.476562,0.478516,0.480469,0.490234,0.5,0.0,0.0,0.0,0.0,0.0
1000,-2.0,3,11.871094,12.054688,12.238281,12.25,12.261719,11.390625,11.566406,11.742188,11.75,11.757812,0.003906,0.003906,0.003906,0.009766,0.015625,0.476562,0.478516,0.480469,0.490234,0.5,0.0,0.0,0.0,0.0,0.0
1000,-1.5,3,11.871094,12.054688,12.238281,12.25,12.261719,11.390625,11.566406,11.742188,11.75,11.757812,0.003906,0.003906,0.003906,0.009766,0.015625,0.476562,0.478516,0.480469,0.490234,0.5,0.0,0.0,0.0,0.0,0.0
1000,-1.0,3,11.871094,12.054688,12.238281,12.25,12.261719,11.390625,11.566406,11.742188,11.75,11.757812,0.003906,0.003906,0.003906,0.009766,0.015625,0.476562,0.478516,0.480469,0.490234,0.5,0.0,0.0,0.0,0.0,0.0
1000,-0.5,3,11.871094,12.054688,12.238281,12.25,12.261719,11.390625,11.566406,11.742188,11.75,11.757812,0.003906,0.003906,0.003906,0.009766,0.015625,0.476562,0.478516,0.480469,0.490234,0.5,0.0,0.0,0.0,0.0,0.0
1000,0.0,3,12.062196,12.150238,12.238281,14.774922,17.311564,11.564134,11.653161,11.742188,14.04293,16.343672,0.015625,0.018033,0.020442,0.231167,0.441893,0.47762,0.479044,0.480469,0.503234,0.525999,0.0,0.008249,0.016498,0.226748,0.436998
1000,0.5,3,20.058594,20.908203,21.757812,21.941406,22.125,18.660156,19.513672,20.367188,20.541016,20.714844,0.859375,0.859375,0.859375,0.865234,0.871094,0.527344,0.529297,0.53125,0.541016,0.550781,0.853539,0.853539,0.853539,0.853539,0.853539
1000,1.0,3,20.844771,22.22918,23.61359,23.844329,24.075068,19.306338,20.762892,22.219447,22.27007,22.320693,0.859375,0.932176,1.004976,1.098219,1.191463,0.533457,0.534113,0.534768,0.54884,0.562912,0.987119,1.032907,1.078694,1.131786,1.184877
1000,1.5,3,25.082031,25.933594,26.785156,26.966797,27.148438,22.789062,23.636719,24.484375,24.667969,24.851562,1.714844,1.714844,1.714844,1.720703,1.726562,0.566406,0.574219,0.582031,0.583984,0.585938,1.707077,1.707077,1.707077,1.707077,1.707077
1000,2.0,3,25.555955,26.170555,26.785156,26.969017,27.152877,21.812617,23.148496,24.484375,24.661072,24.837769,1.714844,1.716912,1.71898,1.945433,2.171887,0.578663,0.580413,0.582164,0.584051,0.585938,1.707077,1.70915,1.711223,1.932329,2.153435
1000,2.5,3,25.988281,26.841797,27.695312,27.878906,28.0625,18.914062,20.400391,21.886719,21.949219,22.011719,2.566406,2.566406,2.566406,2.572266,2.578125,0.589844,0.599609,0.609375,0.613281,0.617188,2.560616,2.560616,2.560616,2.560616,2.560616
1000,3.0,3,25.988281,26.852485,27.716688,28.18208,28.647471,18.914062,20.170405,21.426747,21.652611,21.878475,2.578125,2.578714,2.579302,2.724283,2.869264,0.589844,0.603692,0.617541,0.618298,0.619055,2.560616,2.567049,2.573483,2.718136,2.86279
1000,3.5,3,28.070312,28.591797,29.113281,29.414062,29.714844,20.117188,20.238281,20.359375,20.849609,21.339844,3.421875,3.421875,3.421875,3.427734,3.433594,0.613281,0.625,0.636719,0.638672,0.640625,3.414154,3.414154,3.414154,3.414154,3.414154
1000,4.0,3,28.868335,29.484228,30.10012,30.408382,30.716643,20.656922,20.93272,21.208519,21.595303,21.982087,3.421875,3.524221,3.626567,3.627161,3.627756,0.620406,0.628563,0.636719,0.641019,0.64532,3.414154,3.51146,3.608766,3.614044,3.619321
1000,4.5,3,31.570312,32.394531,33.21875,33.494141,33.769531,22.484375,23.009766,23.535156,23.773438,24.011719,4.273438,4.273438,4.273438,4.279297,4.285156,0.644531,0.652344,0.660156,0.662109,0.664062,4.267693,4.267693,4.267693,4.267693,4.267693
1000,5.0,3,31.570312,32.394531,33.21875,33.494141,33.769531,22.484375,23.009766,23.535156,23.773438,24.011719,4.273438,4.273438,4.273438,4.279297,4.285156,0.644531,0.652344,0.660156,0.662109,0.664062,4.267693,4.267693,4.267693,4.267693,4.267693
1000,5.5,3,32.25,33.287109,34.324219,34.458984,34.59375,19.328125,21.78125,24.234375,24.421875,24.609375,5.128906,5.128906,5.128906,5.134766,5.140625,0.6875,0.6875,0.6875,0.689453,0.691406,5.121231,5.121231,5.121231,5.121231,5.121231
1000,6.0,3,32.25,33.279417,34.308834,34.451292,34.59375,19.328125,21.726615,24.125104,24.36724,24.609375,5.128906,5.134766,5.140625,5.142946,5.145267,0.6875,0.687763,0.688025,0.689716,0.691406,5.121231,5.121231,5.121231,5.12943,5.13763
1000,6.5,3,33.523438,34.208984,34.894531,35.890625,36.886719,18.546875,20.820312,23.09375,23.183594,23.273438,5.980469,5.980469,5.980469,5.986328,5.992188,0.710938,0.712891,0.714844,0.714844,0.714844,5.97477,5.97477,5.97477,5.97477,5.97477
1000,7.0,3,33.805669,34.161417,34.517165,36.324636,38.132107,19.475558,20.671897,21.868235,22.873627,23.87902,5.980469,6.134994,6.28952,6.358919,6.428318,0.714844,0.718917,0.72299,0.723099,0.723207,5.97477,6.1231,6.271431,6.34652,6.421608
1000,7.5,3,31.761719,35.513672,39.265625,39.314453,39.363281,19.230469,21.365234,23.5,24.046875,24.59375,6.835938,6.835938,6.835938,6.841797,6.847656,0.734375,0.736328,0.738281,0.738281,0.738281,6.828308,6.828308,6.828308,6.828308,6.828308
1000,8.0,3,31.761719,35.513672,39.265625,39.314453,39.363281,19.230469,21.365234,23.5,24.046875,24.59375,6.835938,6.835938,6.835938,6.841797,6.847656,0.734375,0.736328,0.738281,0.738281,0.738281,6.828308,6.828308,6.828308,6.828308,6.828308
1000,8.5,3,36.488281,36.617188,36.746094,37.216797,37.6875,19.996094,20.392578,20.789062,22.535156,24.28125,7.6875,7.6875,7.6875,7.693359,7.699219,0.761719,0.761719,0.761719,0.763672,0.765625,7.681847,7.681847,7.681847,7.681847,7.681847
1000,9.0,3,36.497243,37.080862,37.66448,38.061829,38.459177,20.735706,21.07555,21.415394,22.83198,24.248567,7.708624,7.720884,7.733144,7.853297,7.973449,0.761976,0.762473,0.762969,0.768214,0.773459,7.691231,7.709309,7.727388,7.847269,7.967151
1000,9.5,3,35.59375,36.125,36.65625,39.263672,41.871094,19.789062,20.548828,21.308594,22.775391,24.242188,8.542969,8.542969,8.542969,8.548828,8.554688,0.785156,0.785156,0.785156,0.787109,0.789062,8.535385,8.535385,8.535385,8.535385,8.535385
1000,10.0,3,36.487374,37.57086,38.654346,40.26272,41.871094,21.36513,21.633413,21.901695,23.071941,24.242188,8.542969,8.693132,8.843295,8.896676,8.950057,0.789062,0.793067,0.797071,0.79765,0.798228,8.535385,8.680024,8.824662,8.88404,8.943418
1000,10.5,3,38.230469,39.53125,40.832031,41.96875,43.105469,23.058594,23.072266,23.085938,23.841797,24.597656,9.394531,9.394531,9.394531,9.400391,9.40625,0.8125,0.814453,0.816406,0.818359,0.820312,9.388924,9.388924,9.388924,9.388924,9.388924
1000,11.0,3,38.230469,39.53125,40.832031,42.00551,43.178989,23.058594,23.072266,23.085938,23.863397,24.640856,9.394531,9.400391,9.40625,9.415081,9.423912,0.8125,0.814923,0.817345,0.818829,0.820312,9.388924,9.388924,9.388924,9.403581,9.418239
1000,11.5,3,39.976562,40.105469,40.234375,42.737579,45.240783,21.34375,22.765625,24.1875,25.021484,25.855469,10.25,10.25,10.25,10.255859,10.261719,0.838439,0.839142,0.839844,0.841797,0.84375,10.242462,10.242462,10.242462,10.242462,10.242462
1000,12.0,3,40.234375,40.538347,40.842319,42.531639,44.220959,21.939565,23.063533,24.1875,24.341085,24.494669,10.261719,10.388398,10.515077,10.525436,10.535794,0.839844,0.843135,0.846425,0.84752,0.848614,10.242462,10.375308,10.508154,10.518537,10.528919
1000,12.5,3,37.370899,39.788965,42.207031,42.503906,42.800781,21.800781,22.121094,22.441406,22.873047,23.304688,11.101562,11.101562,11.101562,11.107422,11.113281,0.859335,0.861211,0.863087,0.865137,0.867188,11.096001,11.096001,11.096001,11.096001,11.096001
1000,13.0,3,37.4468,39.826916,42.207031,42.503906,42.800781,21.800781,21.98729,22.1738,22.739244,23.304688,11.101562,11.101562,11.101562,11.180679,11.259796,0.855469,0.860098,0.864727,0.865957,0.867188,11.096001,11.096001,11.096001,11.169093,11.242185
1000,13.5,3,37.832031,39.634766,41.4375,43.919922,46.402344,20.878906,20.96875,21.058594,23.089844,25.121094,11.957031,11.957031,11.957031,11.962891,11.96875,0.882812,0.884766,0.886719,0.888672,0.890625,11.949539,11.949539,11.949539,11.949539,11.949539
1000,14.0,3,38.40815,39.975298,41.542447,43.972395,46.402344,21.10135,21.216204,21.331057,23.226076,25.121094,11.957031,11.987294,12.017556,12.053477,12.089397,0.884478,0.885599,0.886719,0.890332,0.893946,11.949539,11.979872,12.010204,12.040335,12.070467
1000,14.5,3,41.898438,42.40625,42.914062,45.566406,48.21875,21.660156,22.865234,24.070312,24.8125,25.554688,12.808594,12.808594,12.808594,12.814453,12.820312,0.90625,0.910156,0.914062,0.916016,0.917969,12.803078,12.803078,12.803078,12.803078,12.803078
1000,15.0,3,41.294466,42.663127,44.031788,45.888989,47.74619,22.400317,22.781323,23.162328,24.00107,24.839813,13.011915,13.064067,13.116218,13.144535,13.172853,0.919556,0.920863,0.92217,0.922854,0.923539,13.00594,13.052128,13.098316,13.132415,13.166515
1000,15.5,3,40.152344,42.845703,45.539062,45.884766,46.230469,21.445312,21.996094,22.546875,22.972656,23.398438,13.664062,13.664062,13.664062,13.669922,13.675781,0.9375,0.9375,0.9375,0.939453,0.941406,13.656616,13.656616,13.656616,13.656616,13.656616
1000,16.0,3,39.658273,42.598668,45.539062,45.884766,46.230469,21.054173,21.800524,22.546875,22.972656,23.398438,13.664062,13.664062,13.664062,13.84253,14.020998,0.9375,0.939453,0.941406,0.944996,0.948585,13.656616,13.656616,13.656616,13.829625,14.002634
1000,16.5,3,38.933594,41.767578,44.601562,45.980469,47.359375,20.480469,21.035156,21.589844,22.195312,22.800781,14.515625,14.515625,14.515625,14.521484,14.527344,0.957031,0.960938,0.964844,0.964844,0.964844,14.510155,14.510155,14.510155,14.510155,14.510155
1000,17.0,3,38.933594,41.800371,44.667148,46.075524,47.4839,20.480469,21.035156,21.589844,22.236821,22.883798,14.527344,14.538073,14.548801,14.56385,14.578899,0.959343,0.962093,0.964844,0.965374,0.965904,14.510155,14.526705,14.543256,14.558271,14.573286
1000,17.5,3,42.402344,43.945312,45.488281,48.029297,50.570312,21.589844,22.332031,23.074219,24.007812,24.941406,15.371094,15.371094,15.371094,15.376953,15.382812,0.984375,0.986328,0.988281,0.990234,0.992188,15.363693,15.363693,15.363693,15.363693,15.363693
1000,18.0,3,42.392101,44.573867,46.755633,48.662973,50.570312,22.483661,22.748096,23.012532,23.976969,24.941406,15.371094,15.401764,15.432435,15.583529,15.734624,0.986196,0.989192,0.992188,0.995237,0.998287,15.363693,15.388562,15.413431,15.570749,15.728067
1000,18.5,3,42.226562,45.341797,48.457031,49.822266,51.1875,22.015625,22.849609,23.683594,24.167969,24.652344,16.222656,16.222656,16.222656,16.228516,16.234375,1.011719,1.013672,1.015625,1.015625,1.015625,16.217232,16.217232,16.217232,16.217232,16.217232
1000,19.0,3,43.366234,45.911632,48.457031,49.822266,51.1875,22.811562,23.247578,23.683594,24.167969,24.652344,16.222656,16.222656,16.222656,16.3958,16.568943,1.011719,1.013672,1.015625,1.020208,1.024791,16.217232,16.217232,16.217232,16.384138,16.551045
1000,19.5,3,45.140625,46.785156,48.429688,49.382812,50.335938,21.003906,22.527344,24.050781,24.367188,24.683594,17.078125,17.078125,17.078125,17.083984,17.089844,1.035156,1.037109,1.039062,1.041016,1.042969,17.07077,17.07077,17.07077,17.07077,17.07077
1000,20.0,3,45.140625,47.361779,49.582933,49.817876,50.052818,21.905861,22.978321,24.050781,24.14253,24.234279,17.089844,17.16414,17.238437,17.280561,17.322685,1.039062,1.040051,1.041039,1.04537,1.0497,17.07077,17.151112,17.231454,17.273676,17.315898
1000,20.5,3,43.582031,46.207031,48.832031,50.638672,52.445312,21.617188,21.957031,22.296875,23.220703,24.144531,17.929688,17.929688,17.929688,17.935547,17.941406,1.0625,1.064453,1.066406,1.066406,1.066406,17.924309,17.924309,17.924309,17.924309,17.924309
1000,21.0,3,43.582031,46.106173,48.630315,50.537814,52.445312,21.617188,21.76616,21.915133,23.029832,24.144531,17.929688,17.929688,17.929688,17.935547,17.941406,1.0625,1.064453,1.066406,1.066406,1.066406,17.924309,17.924309,17.924309,18.080476,18.236643
1000,21.5,3,44.421875,47.109375,49.796875,50.646484,51.496094,21.570312,21.882812,22.195312,22.253906,22.3125,18.785156,18.785156,18.785156,18.791016,18.796875,1.089844,1.091797,1.09375,1.09375,1.09375,18.777847,18.777847,18.777847,18.777847,18.777847
1000,22.0,3,44.495394,47.146134,49.796875,50.702681,51.608487,21.624038,21.909675,22.195312,22.295536,22.395759,18.785156,18.79927,18.813384,18.814761,18.816138,1.089844,1.092062,1.09428,1.094468,1.094656,18.777847,18.787501,18.797155,18.801648,18.806141
1000,22.5,3,47.671875,49.621094,51.570312,53.228516,54.886719,23.945312,24.269531,24.59375,24.708984,24.824219,19.636719,19.636719,19.636719,19.642578,19.648438,1.113281,1.115234,1.117188,1.119141,1.121094,19.631386,19.631386,19.631386,19.631386,19.631386
1000,23.0,3,47.248809,49.136565,51.024321,53.034955,55.045589,23.291763,23.564296,23.836828,24.262249,24.687669,19.841116,19.856945,19.872775,19.898518,19.92426,1.119814,1.121574,1.123334,1.126153,1.128972,19.835322,19.845269,19.855217,19.886748,19.918278
1000,23.5,3,46.058594,47.671875,49.285156,52.322266,55.359375,21.425781,21.439453,21.453125,22.935547,24.417969,20.492188,20.492188,20.492188,20.498047,20.503906,1.140625,1.140625,1.140625,1.142578,1.144531,20.484924,20.484924,20.484924,20.484924,20.484924
1000,24.0,3,46.622045,47.953601,49.285156,52.322266,55.359375,21.425781,21.480005,21.534228,22.976098,24.417969,20.492188,20.492188,20.492188,20.702938,20.913689,1.140625,1.142578,1.144531,1.150048,1.155565,20.484924,20.484924,20.484924,20.718101,20.951278
1000,24.5,3,47.089844,50.001953,52.914062,53.417969,53.921875,21.601562,21.853516,22.105469,23.142578,24.179688,21.34375,21.34375,21.34375,21.349609,21.355469,1.164062,1.166016,1.167969,1.169922,1.171875,21.338463,21.338463,21.338463,21.338463,21.338463
1000,25.0,3,47.089844,50.001953,52.914062,53.417969,53.921875,21.601562,21.853516,22.105469,23.142578,24.179688,21.34375,21.34375,21.34375,21.349609,21.355469,1.164062,1.166016,1.167969,1.169922,1.171875,21.338463,21.338463,21.338463,21.338463,21.338463
1000,25.5,3,50.3125,51.599609,52.886719,55.078125,57.269531,23.269531,23.609375,23.949219,24.259766,24.570312,22.199219,22.199219,22.199219,22.205078,22.210938,1.191406,1.191406,1.191406,1.193359,1.195312,22.192001,22.192001,22.192001,22.192001,22.192001
1000,26.0,3,50.095998,51.924279,53.752561,55.450323,57.148086,23.634346,23.749421,23.864495,24.07182,24.279145,22.306673,22.335167,22.363661,22.413251,22.462841,1.194041,1.196352,1.198662,1.199627,1.200593,22.287959,22.322392,22.356825,22.40653,22.456235
1000,26.5,3,48.386719,52.035156,55.683594,56.183492,56.68339,21.148438,22.128633,23.108828,24.150117,25.191406,23.050781,23.050781,23.050781,23.056641,23.0625,1.214844,1.214844,1.214844,1.216968,1.219093,23.04554,23.04554,23.04554,23.04554,23.04554
1000,27.0,3,49.908193,52.795893,55.683594,56.185547,56.6875,22.246447,22.679864,23.113281,24.152344,25.191406,23.050781,23.050781,23.050781,23.261815,23.472848,1.214844,1.216797,1.21875,1.223355,1.22796,23.04554,23.04554,23.04554,23.250251,23.454962
1000,27.5,3,51.605469,53.207031,54.808594,55.583984,56.359375,21.902344,22.667969,23.433594,23.458984,23.484375,23.90625,23.90625,23.90625,23.912109,23.917969,1.242188,1.242188,1.242188,1.244141,1.246094,23.899078,23.899078,23.899078,23.899078,23.899078
1000,28.0,3,51.605469,53.160993,54.716518,55.73426,56.752003,22.214946,22.707453,23.19996,23.342167,23.484375,23.917969,23.951051,23.984132,24.013465,24.042797,1.242188,1.244693,1.247198,1.247718,1.248237,23.899078,23.93811,23.977142,24.006542,24.035943
1000,28.5,3,53.570312,53.902344,54.234375,57.443359,60.652344,21.976562,23.273438,24.570312,24.945312,25.320312,24.757812,24.757812,24.757812,24.763672,24.769531,1.269531,1.269531,1.269531,1.271484,1.273438,24.752617,24.752617,24.752617,24.752617,24.752617
1000,29.0,3,53.469045,54.750585,56.032126,58.342235,60.652344,23.388464,23.840439,24.292414,24.806363,25.320312,24.757812,24.849632,24.941451,25.039097,25.136742,1.269531,1.271886,1.274241,1.2773,1.280359,24.752617,24.838383,24.924149,25.02742,25.130691
1000,29.5,3,53.066406,55.679688,58.292969,59.746094,61.199219,23.1875,24.085938,24.984375,25.074219,25.164062,25.613281,25.613281,25.613281,25.619141,25.625,1.289062,1.291016,1.292969,1.294922,1.296875,25.606155,25.606155,25.606155,25.606155,25.606155
1000,30.0,3,50.297312,54.295141,58.292969,59.746094,61.199219,20.45254,22.718457,24.984375,25.074219,25.164062,25.613281,25.613281,25.613281,25.790876,25.96847,1.289062,1.292969,1.296875,1.301322,1.305769,25.606155,25.606155,25.606155,25.839231,26.072306
1000,30.5,3,47.996094,52.857422,57.71875,58.888672,60.058594,18.378906,19.503906,20.628906,23.339844,26.050781,26.464844,26.464844,26.464844,26.470703,26.476562,1.316406,1.318359,1.320312,1.320312,1.320312,26.459694,26.459694,26.459694,26.459694,26.459694
1000,31.0,3,47.996094,53.215085,58.434077,59.246335,60.058594,18.378906,19.805461,21.232015,23.641398,26.050781,26.464844,26.470703,26.476562,26.524835,26.573107,1.316406,1.318359,1.320312,1.32229,1.324267,26.459694,26.459694,26.459694,26.513703,26.567713
1000,31.5,3,55.058594,56.300781,57.542969,60.457031,63.371094,22.652344,23.607422,24.5625,24.978516,25.394531,27.320312,27.320312,27.320312,27.326172,27.332031,1.34375,1.34375,1.34375,1.347656,1.351562,27.313232,27.313232,27.313232,27.313232,27.313232
1000,32.0,3,55.23376,56.613097,57.992434,60.685401,63.378367,22.846922,23.659409,24.471897,24.886164,25.300431,27.419413,27.45802,27.496627,27.5325,27.568372,1.34828,1.349429,1.350577,1.352206,1.353835,27.412563,27.445387,27.478211,27.520039,27.561867
1000,32.5,3,55.964844,57.525391,59.085938,61.259766,63.433594,23.320312,23.707031,24.09375,24.339844,24.585938,28.171875,28.171875,28.171875,28.177734,28.183594,1.367188,1.367188,1.367188,1.369141,1.371094,28.166771,28.166771,28.166771,28.166771,28.166771
1000,33.0,3,54.359906,56.722922,59.085938,61.042981,63.000024,22.090223,22.705268,23.320312,23.589213,23.858113,28.171875,28.314445,28.457016,28.513426,28.569837,1.367188,1.37336,1.379533,1.379871,1.380208,28.166771,28.30902,28.451268,28.501705,28.552143
1000,33.5,3,52.410156,56.650391,60.890625,61.511719,62.132812,19.65625,21.029297,22.402344,23.322266,24.242188,29.027344,29.027344,29.027344,29.033203,29.039062,1.394531,1.394531,1.394531,1.396484,1.398438,29.020309,29.020309,29.020309,29.020309,29.020309
1000,34.0,3,52.410156,56.650391,60.890625,61.511719,62.132812,19.65625,21.029297,22.402344,23.322266,24.242188,29.027344,29.027344,29.027344,29.033203,29.039062,1.394531,1.394531,1.394531,1.396484,1.398438,29.020309,29.020309,29.020309,29.020309,29.020309
1000,34.5,3,57.777344,57.798828,57.820312,61.595703,65.371094,20.25,22.220703,24.191406,24.476562,24.761719,29.878906,29.878906,29.878906,29.884766,29.890625,1.417969,1.419922,1.421875,1.423828,1.425781,29.873848,29.873848,29.873848,29.873848,29.873848
1000,35.0,3,57.820312,58.621974,59.423636,62.397365,65.371094,21.636898,22.914152,24.191406,24.476562,24.761719,29.878906,29.884766,29.890625,30.011004,30.131384,1.417969,1.421875,1.425781,1.427287,1.428792,29.873848,29.873848,29.873848,29.999802,30.125756
1000,35.5,3,59.054688,61.205078,63.355469,65.212891,67.070312,24.546875,24.748047,24.949219,25.265625,25.582031,30.734375,30.734375,30.734375,30.740234,30.746094,1.441406,1.443359,1.445312,1.447266,1.449219,30.727386,30.727386,30.727386,30.727386,30.727386
1000,36.0,3,59.687338,61.521403,63.355469,65.119369,66.88327,24.912774,24.930996,24.949219,25.062995,25.176772,30.734375,30.840561,30.946746,30.975075,31.003403,1.445312,1.448081,1.450849,1.452956,1.455064,30.727386,30.833819,30.940251,30.962772,30.985293
1000,36.5,3,61.148438,63.019531,64.890625,65.605469,66.320312,23.957031,24.783203,25.609375,25.683594,25.757812,31.585938,31.585938,31.585938,31.591797,31.597656,1.46875,1.470703,1.472656,1.472656,1.472656,31.580925,31.580925,31.580925,31.580925,31.580925
1000,37.0,3,61.148438,63.01138,64.874323,65.597318,66.320312,23.957031,24.773107,25.589183,25.673498,25.757812,31.585938,31.58783,31.589723,31.59369,31.597656,1.468854,1.470755,1.472656,1.472656,1.472656,31.580925,31.580925,31.580925,31.582814,31.584702
1000,37.5,3,61.207031,61.619141,62.03125,63.640625,65.25,21.046875,21.525391,22.003906,23.880859,25.757812,32.441406,32.441406,32.441406,32.447266,32.453125,1.492188,1.496094,1.5,1.5,1.5,32.434464,32.434464,32.434464,32.434464,32.434464
1000,38.0,3,61.868704,62.145993,62.423282,63.994515,65.565747,22.043228,22.145318,22.247409,23.936216,25.625022,32.511716,32.530829,32.549942,32.601731,32.65352,1.499972,1.500953,1.501935,1.502522,1.503109,32.504936,32.518221,32.531505,32.589288,32.64707
1000,38.5,3,60.601562,63.345703,66.089844,67.582031,69.074219,24.589844,24.771484,24.953125,25.0,25.046875,33.292969,33.292969,33.292969,33.298828,33.304688,1.523438,1.523438,1.523438,1.525391,1.527344,33.288002,33.288002,33.288002,33.288002,33.288002
1000,39.0,3,58.216576,62.579311,66.942045,68.008132,69.074219,21.523122,23.238123,24.953125,25.232419,25.511712,33.292969,33.298828,33.304688,33.487345,33.670003,1.523438,1.524302,1.525166,1.529466,1.533767,33.288002,33.462248,33.636493,33.650339,33.664186
1000,39.5,3,57.71875,62.871094,68.023438,68.869141,69.714844,20.167969,22.439453,24.710938,25.40625,26.101562,34.148438,34.148438,34.148438,34.154297,34.160156,1.546875,1.546875,1.546875,1.548828,1.550781,34.141541,34.141541,34.141541,34.141541,34.141541
1000,40.0,3,57.742775,62.883106,68.023438,68.869141,69.714844,20.18844,22.449689,24.710938,25.40625,26.101562,34.148438,34.148438,34.148438,34.156019,34.1636,1.546875,1.54693,1.546986,1.548883,1.550781,34.141541,34.141541,34.141541,34.143266,34.144992
1000,40.5,3,63.660156,65.095703,66.53125,67.330078,68.128906,22.246094,22.990234,23.734375,24.482422,25.230469,35.0,35.0,35.0,35.005859,35.011719,1.570312,1.572266,1.574219,1.576172,1.578125,34.995079,34.995079,34.995079,34.995079,34.995079
1000,41.0,3,63.322349,64.926799,66.53125,67.544738,68.558226,22.551413,23.142894,23.734375,24.129111,24.523848,35.0,35.058081,35.116162,35.118428,35.120695,1.570312,1.573898,1.577483,1.579457,1.581432,34.995079,35.05529,35.115501,35.233582,35.351663
1000,41.5,3,62.851562,63.408203,63.964844,67.584315,71.203787,20.289062,21.914062,23.539062,23.992016,24.444969,35.855469,35.855469,35.855469,35.861328,35.867188,1.59375,1.596206,1.598661,1.600112,1.601562,35.848618,35.848618,35.848618,35.848618,35.848618
1000,42.0,3,62.851562,64.301983,65.752403,68.566326,71.38025,21.841828,22.690445,23.539062,23.913109,24.287155,35.867188,35.975072,36.082957,36.131639,36.18032,1.601055,1.601309,1.601562,1.604825,1.608087,35.848618,35.962626,36.076634,36.125428,36.174223
1000,42.5,3,59.808594,65.257403,70.706212,71.177325,71.648438,19.621094,21.816406,24.011719,25.081622,26.151525,36.707031,36.707031,36.707031,36.712891,36.71875,1.621094,1.623047,1.625,1.625,1.625,36.702156,36.702156,36.702156,36.702156,36.702156
1000,43.0,3,61.268689,65.989813,70.710938,71.179688,71.648438,20.873523,22.442621,24.011719,25.083984,26.15625,36.707031,36.707031,36.707031,36.813508,36.919984,1.621094,1.623047,1.625,1.628216,1.631432,36.702156,36.702156,36.702156,36.802546,36.902936
1000,43.5,3,66.015625,68.257812,70.5,71.058594,71.617188,21.984375,23.464844,24.945312,25.5625,26.179688,37.5625,37.5625,37.5625,37.568359,37.574219,1.648438,1.648438,1.648438,1.650391,1.652344,37.555695,37.555695,37.555695,37.555695,37.555695
1000,44.0,3,66.015625,68.257812,70.5,71.058594,71.617188,21.984375,23.464844,24.945312,25.5625,26.179688,37.5625,37.5625,37.5625,37.568359,37.574219,1.648438,1.648438,1.648438,1.650391,1.652344,37.555695,37.555695,37.555695,37.555695,37.555695
1000,44.5,3,66.054688,68.333984,70.613281,73.287109,75.960938,24.113281,24.207031,24.300781,25.431641,26.5625,38.414062,38.414062,38.414062,38.419922,38.425781,1.671875,1.671875,1.671875,1.675781,1.679688,38.409233,38.409233,38.409233,38.409233,38.409233
1000,45.0,3,65.89526,67.780109,69.664957,72.789731,75.914505,23.103771,23.509688,23.915605,25.134579,26.353552,38.462846,38.517898,38.57295,38.614534,38.656117,1.67306,1.675783,1.678507,1.680911,1.683315,38.446214,38.506988,38.567762,38.609252,38.650742
1000,45.5,3,62.375,64.818359,67.261719,71.486328,75.710938,19.550781,19.810547,20.070312,22.753906,25.4375,39.269531,39.269531,39.269531,39.275391,39.28125,1.695312,1.697266,1.699219,1.699219,1.699219,39.262772,39.262772,39.262772,39.262772,39.262772
1000,46.0,3,64.037287,65.649503,67.261719,71.486328,75.710938,20.070312,20.53054,20.990768,23.214134,25.4375,39.269531,39.269531,39.269531,39.383563,39.497595,1.695312,1.697266,1.699219,1.702196,1.705173,39.262772,39.262772,39.262772,39.371195,39.479619
1000,46.5,3,68.917969,71.119141,73.320312,75.091797,76.863281,25.21875,25.234375,25.25,25.480469,25.710938,40.121094,40.121094,40.121094,40.126953,40.132812,1.722656,1.722656,1.722656,1.724609,1.726562,40.11631,40.11631,40.11631,40.11631,40.11631
1000,47.0,3,68.807995,70.993486,73.178978,75.021129,76.863281,24.621439,24.811993,25.002547,25.356742,25.710938,40.121094,40.17251,40.223925,40.385379,40.546833,1.725943,1.726253,1.726562,1.731078,1.735594,40.11631,40.16761,40.21891,40.403198,40.587487
1000,47.5,3,68.71875,70.431641,72.144531,73.546875,74.949219,22.773438,22.982422,23.191406,23.664062,24.136719,40.976562,40.976562,40.976562,40.982422,40.988281,1.75,1.75,1.75,1.751953,1.753906,40.969849,40.969849,40.969849,40.969849,40.969849
1000,48.0,3,68.71875,70.316166,71.913581,73.033657,74.153733,21.438986,21.96671,22.494433,23.315576,24.136719,40.988281,41.0814,41.174519,41.224268,41.274017,1.75,1.753093,1.756186,1.759822,1.763458,40.969849,41.118921,41.267993,41.344206,41.420419
1000,48.5,3,65.011719,68.355469,71.699219,72.185547,72.671875,18.953125,19.251953,19.550781,20.710938,21.871094,41.828125,41.828125,41.828125,41.833984,41.839844,1.773438,1.775391,1.777344,1.779297,1.78125,41.823387,41.823387,41.823387,41.823387,41.823387
1000,49.0,3,65.612933,68.656076,71.699219,72.185547,72.671875,18.953125,19.512084,20.071042,20.971068,21.871094,41.828125,41.828125,41.828125,41.873382,41.918638,1.773438,1.77647,1.779503,1.780376,1.78125,41.823387,41.823387,41.823387,41.862696,41.902004
1000,49.5,3,71.539062,73.445312,75.351562,76.552734,77.753906,23.160156,23.898438,24.636719,24.917969,25.199219,42.683594,42.683594,42.683594,42.689453,42.695312,1.800781,1.800781,1.800781,1.802734,1.804688,42.676926,42.676926,42.676926,42.676926,42.676926
1000,50.0,3,71.481561,73.326872,75.172183,76.144478,77.116772,22.36231,23.331391,24.300471,24.540602,24.780734,42.836945,42.838126,42.839306,42.941412,43.043518,1.805781,1.806993,1.808205,1.810882,1.813559,42.830633,42.831816,42.832999,42.929469,43.025939
1000,50.5,3,71.398438,72.833984,74.269531,74.3125,74.355469,18.796875,20.783203,22.769531,23.472656,24.175781,43.535156,43.535156,43.535156,43.541016,43.546875,1.824219,1.826172,1.828125,1.830078,1.832031,43.530464,43.530464,43.530464,43.530464,43.530464
1000,51.0,3,71.398438,72.833984,74.269531,75.052805,75.836079,18.796875,21.295877,23.794879,23.98533,24.175781,43.535156,43.541016,43.546875,43.761596,43.976318,1.828125,1.830078,1.832031,1.835176,1.83832,43.530464,43.530464,43.530464,43.750547,43.97063
1000,51.5,3,70.804688,74.015625,77.226562,78.949219,80.671875,22.707031,23.511719,24.316406,24.537109,24.757812,44.390625,44.390625,44.390625,44.396484,44.402344,1.851562,1.851562,1.851562,1.853516,1.855469,44.384003,44.384003,44.384003,44.384003,44.384003
1000,52.0,3,70.804688,74.015625,77.226562,78.949219,80.671875,22.707031,23.511719,24.316406,24.537109,24.757812,44.390625,44.390625,44.390625,44.396484,44.402344,1.851562,1.851562,1.851562,1.853516,1.855469,44.384003,44.384003,44.384003,44.384003,44.384003
1000,52.5,3,74.734375,76.84375,78.953125,79.693359,80.433594,23.203125,24.40625,25.609375,25.683594,25.757812,45.242188,45.242188,45.242188,45.248047,45.253906,1.875,1.876953,1.878906,1.878906,1.878906,45.237541,45.237541,45.237541,45.237541,45.237541
1000,53.0,3,75.094099,76.655989,78.21788,79.325737,80.433594,23.203125,23.950053,24.696981,25.268051,25.83912,45.242188,45.328018,45.413849,45.468774,45.523699,1.878906,1.879697,1.880487,1.884008,1.88753,45.237541,45.323178,45.408816,45.457771,45.506725
1000,53.5,3,75.289062,75.582031,75.875,76.400391,76.925781,18.792969,19.927734,21.0625,23.539062,26.015625,46.097656,46.097656,46.097656,46.103516,46.109375,1.902344,1.902344,1.902344,1.904297,1.90625,46.09108,46.09108,46.09108,46.09108,46.09108
1000,54.0,3,75.875,76.888796,77.902592,78.339103,78.775615,20.392223,21.750328,23.108434,24.56203,26.015625,46.109375,46.189842,46.270309,46.305374,46.34044,1.90625,1.906455,1.90666,1.9084,1.91014,46.09108,46.212753,46.334427,46.448538,46.56265
1000,54.5,3,77.609375,78.972656,80.335938,81.875,83.414062,24.402344,24.818359,25.234375,26.054688,26.875,46.949219,46.949219,46.949219,46.955078,46.960938,1.925781,1.927734,1.929688,1.929688,1.929688,46.944618,46.944618,46.944618,46.944618,46.944618
1000,55.0,3,77.609375,78.972656,80.335938,81.875,83.414062,24.402344,24.818359,25.234375,26.054688,26.875,46.949219,46.949219,46.949219,46.955078,46.960938,1.925781,1.927734,1.929688,1.929688,1.929688,46.944618,46.944618,46.944618,46.944618,46.944618
1000,55.5,3,78.503906,80.111328,81.71875,82.037109,82.355469,22.464844,24.101562,25.738281,26.3125,26.886719,47.804688,47.804688,47.804688,47.810547,47.816406,1.949219,1.951172,1.953125,1.955078,1.957031,47.798157,47.798157,47.798157,47.798157,47.798157
1000,56.0,3,78.727214,80.147554,81.567894,81.961681,82.355469,22.464844,23.949687,25.43453,26.148464,26.862398,47.804688,47.878757,47.952826,48.005114,48.057402,1.953125,1.95355,1.953975,1.95882,1.963664,47.798157,47.872398,47.946639,47.993175,48.039712
1000,56.5,3,79.292969,80.072266,80.851562,81.251953,81.652344,20.886719,22.439453,23.992188,25.396484,26.800781,48.65625,48.65625,48.65625,48.662109,48.667969,1.976562,1.976562,1.976562,1.978516,1.980469,48.651695,48.651695,48.651695,48.651695,48.651695
1000,57.0,3,79.112702,79.474026,79.835349,81.390906,82.946463,21.892973,22.224543,22.556113,24.588314,26.620514,48.667969,48.801584,48.935199,48.999153,49.063107,1.97827,1.981875,1.985479,1.987523,1.989567,48.862739,48.896377,48.930015,48.993824,49.057634
1000,57.5,3,78.714844,79.285156,79.855469,82.738281,85.621094,20.972656,22.472656,23.972656,25.226562,26.480469,49.511719,49.511719,49.511719,49.517578,49.523438,2.003906,2.003906,2.003906,2.005859,2.007812,49.505234,49.505234,49.505234,49.505234,49.505234
1000,58.0,3,78.714844,79.285156,79.855469,82.738281,85.621094,20.972656,22.472656,23.972656,25.226562,26.480469,49.511719,49.511719,49.511719,49.517578,49.523438,2.003906,2.003906,2.003906,2.005859,2.007812,49.505234,49.505234,49.505234,49.505234,49.505234
1000,58.5,3,79.230469,82.201172,85.171875,85.828125,86.484375,23.957031,24.46875,24.980469,25.769531,26.558594,50.363281,50.363281,50.363281,50.369141,50.375,2.023438,2.027344,2.03125,2.03125,2.03125,50.358772,50.358772,50.358772,50.358772,50.358772
1000,59.0,3,78.981166,82.046632,85.112098,85.69766,86.283222,23.632556,24.117386,24.602217,25.514965,26.427714,50.432182,50.457749,50.483315,50.491913,50.500511,2.02564,2.030089,2.034539,2.034614,2.034689,50.427517,50.453026,50.478535,50.481268,50.484
1000,59.5,3,77.53125,80.980469,84.429688,84.740234,85.050781,21.644531,22.023438,22.402344,23.667969,24.933594,51.21875,51.21875,51.21875,51.224609,51.230469,2.050781,2.052734,2.054688,2.054688,2.054688,51.212311,51.212311,51.212311,51.212311,51.212311
1000,60.0,3,77.725369,80.247333,82.769297,83.910039,85.050781,21.644531,21.965615,22.286699,22.592029,22.89736,51.21875,51.374673,51.530595,51.556748,51.5829,2.054688,2.058581,2.062474,2.063399,2.064325,51.212311,51.362722,51.513134,51.54522,51.577306
1000,60.5,3,78.082031,79.314453,80.546875,84.279297,88.011719,20.171875,21.123047,22.074219,22.900391,23.726562,52.070312,52.070312,52.070312,52.076172,52.082031,2.078125,2.080078,2.082031,2.082031,2.082031,52.065849,52.065849,52.065849,52.065849,52.065849
1000,61.0,3,79.903954,80.225415,80.546875,84.279297,88.011719,20.171875,21.664201,23.156528,23.441545,23.726562,52.070312,52.070312,52.070312,52.313673,52.557033,2.078125,2.080078,2.082031,2.088538,2.095045,52.065849,52.065849,52.065849,52.302814,52.539779
1000,61.5,3,81.363281,84.117188,86.871094,87.623047,88.375,23.207031,23.615234,24.023438,24.820312,25.617188,52.925781,52.925781,52.925781,52.931641,52.9375,2.101562,2.103516,2.105469,2.107422,2.109375,52.919388,52.919388,52.919388,52.919388,52.919388
1000,62.0,3,81.363281,84.083985,86.804689,87.411017,88.017345,22.667297,23.345367,24.023438,24.706782,25.390126,52.9375,53.00947,53.08144,53.092212,53.102983,2.105469,2.105658,2.105847,2.110049,2.114252,52.919388,52.997398,53.075408,53.086204,53.097001
1000,62.5,3,79.445312,82.978261,86.511209,86.583729,86.65625,20.613281,20.919922,21.226562,22.804178,24.381793,53.777344,53.777344,53.777344,53.783203,53.789062,2.125,2.128906,2.132812,2.132812,2.132812,53.772926,53.772926,53.772926,53.772926,53.772926
1000,63.0,3,79.944284,82.506187,85.068091,85.86217,86.65625,20.613281,21.097625,21.581968,22.078711,22.575453,53.777344,53.777344,53.777344,53.853072,53.9288,2.127259,2.130036,2.132812,2.134727,2.136641,53.772926,53.772926,53.772926,53.842637,53.912349
1000,63.5,3,82.5,82.8125,83.125,86.902344,90.679688,20.113281,21.757812,23.402344,23.582031,23.761719,54.632812,54.632812,54.632812,54.638672,54.644531,2.152344,2.152344,2.152344,2.154297,2.15625,54.626465,54.626465,54.626465,54.626465,54.626465
1000,64.0,3,83.125,83.282298,83.439597,87.059642,90.679688,20.113281,21.9375,23.761719,23.851252,23.940784,54.632812,54.632812,54.632812,54.83301,55.033207,2.152344,2.152344,2.152344,2.160537,2.16873,54.626465,54.626465,54.626465,54.821254,55.016042
1000,64.5,3,84.558594,85.648438,86.738281,87.896484,89.054688,18.941406,21.761719,24.582031,24.873047,25.164062,55.484375,55.484375,55.484375,55.490234,55.496094,2.179688,2.179688,2.179688,2.181641,2.183594,55.480003,55.480003,55.480003,55.480003,55.480003
1000,65.0,3,84.558594,85.929209,87.299824,87.850351,88.400878,19.416381,21.788606,24.16083,24.371431,24.582031,55.496094,55.532178,55.568262,55.696371,55.82448,2.182369,2.182981,2.183594,2.1863,2.189005,55.480003,55.521852,55.563701,55.691521,55.819341
1000,65.5,3,82.761719,85.085938,87.410156,89.9375,92.464844,21.90625,22.273438,22.640625,23.212891,23.785156,56.339844,56.339844,56.339844,56.345703,56.351562,2.203125,2.205078,2.207031,2.207031,2.207031,56.333542,56.333542,56.333542,56.333542,56.333542
1000,66.0,3,82.953029,85.181593,87.410156,89.321001,91.231845,21.99159,22.054135,22.116681,22.378653,22.640625,56.339844,56.396813,56.453782,56.492447,56.531112,2.203125,2.206954,2.210782,2.212322,2.213862,56.333542,56.38477,56.435999,56.571348,56.706696
1000,66.5,3,84.355469,85.798828,87.242188,88.384766,89.527344,19.96875,20.78125,21.59375,22.105469,22.617188,57.191406,57.191406,57.191406,57.197266,57.203125,2.230469,2.232422,2.234375,2.236328,2.238281,57.18708,57.18708,57.18708,57.18708,57.18708
1000,67.0,3,85.68344,86.831669,87.979897,88.753621,89.527344,19.96875,21.050355,22.131959,22.797891,23.463823,57.191406,57.266028,57.340649,57.363118,57.385587,2.234375,2.235082,2.235789,2.237035,2.238281,57.18708,57.283952,57.380823,57.518717,57.65661
1000,67.5,3,86.769531,88.632655,90.495778,92.226405,93.957031,23.519531,23.743983,23.968435,24.062342,24.15625,58.046875,58.046875,58.046875,58.052734,58.058594,2.253906,2.255859,2.257812,2.257812,2.257812,58.040619,58.040619,58.040619,58.040619,58.040619
1000,68.0,3,86.769531,88.662867,90.556202,92.348069,94.139936,23.564799,23.766774,23.96875,24.0625,24.15625,58.046875,58.052734,58.058594,58.119412,58.18023,2.253906,2.255859,2.257812,2.259954,2.262095,58.040619,58.040619,58.040619,58.107451,58.174284
1000,68.5,3,86.695312,89.097656,91.5,93.3125,95.125,23.203125,23.505859,23.808594,23.953125,24.097656,58.898438,58.898438,58.898438,58.904297,58.910156,2.277344,2.28125,2.285156,2.285156,2.285156,58.894157,58.894157,58.894157,58.894157,58.894157
1000,69.0,3,87.044984,89.272492,91.5,93.3125,95.125,23.223608,23.516101,23.808594,23.953125,24.097656,58.898438,58.898438,58.898438,59.064502,59.230566,2.277344,2.28125,2.285156,2.289545,2.293935,58.894157,58.894157,58.894157,59.054001,59.213845
1000,69.5,3,87.628906,89.892578,92.15625,92.546875,92.9375,19.707031,21.482422,23.257812,23.955078,24.652344,59.753906,59.753906,59.753906,59.759766,59.765625,2.304688,2.304688,2.304688,2.306641,2.308594,59.747696,59.747696,59.747696,59.747696,59.747696
1000,70.0,3,87.628906,89.892578,92.15625,92.304223,92.452196,19.707031,21.482422,23.257812,23.600124,23.942436,59.753906,59.759766,59.765625,59.869059,59.972494,2.304688,2.306641,2.308594,2.309649,2.310704,59.747696,59.747696,59.747696,59.857243,59.96679
1000,70.5,3,89.84375,90.445312,91.046875,94.080078,97.113281,21.886719,22.833984,23.78125,24.189453,24.597656,60.605469,60.605469,60.605469,60.611328,60.617188,2.328125,2.330078,2.332031,2.333984,2.335938,60.601234,60.601234,60.601234,60.601234,60.601234
1000,71.0,3,89.431068,90.464751,91.498433,93.666498,95.834562,21.886719,22.038098,22.189477,23.105556,24.021635,60.605469,60.690468,60.775467,60.796476,60.817484,2.328125,2.332608,2.33709,2.338999,2.340907,60.601234,60.680195,60.759157,60.861159,60.963161
1000,71.5,3,87.613281,90.925781,94.238281,95.144531,96.050781,20.027344,20.755859,21.484375,23.746094,26.007812,61.460938,61.460938,61.460938,61.466797,61.472656,2.355469,2.357422,2.359375,2.359375,2.359375,61.454773,61.454773,61.454773,61.454773,61.454773
1000,72.0,3,86.82613,90.532205,94.238281,95.144531,96.050781,20.027344,20.275563,20.523783,23.265798,26.007812,61.460938,61.460938,61.460938,61.466797,61.472656,2.355469,2.357422,2.359375,2.359375,2.359375,61.454773,61.454773,61.454773,61.454773,61.454773
1000,72.5,3,88.429688,93.189453,97.949219,98.328125,98.707031,21.261719,22.439453,23.617188,25.324219,27.03125,62.3125,62.3125,62.3125,62.318359,62.324219,2.378906,2.380859,2.382812,2.384766,2.386719,62.308311,62.308311,62.308311,62.308311,62.308311
1000,73.0,3,88.429688,93.055353,97.681019,98.282645,98.88427,21.261719,22.383177,23.504634,24.996003,26.487371,62.324219,62.435363,62.546507,62.571165,62.595823,2.382812,2.384599,2.386386,2.389787,2.393187,62.308311,62.425051,62.54179,62.566393,62.590995
1000,73.5,3,89.242188,93.105469,96.96875,98.105469,99.242188,21.195312,22.236328,23.277344,24.160156,25.042969,63.167969,63.167969,63.167969,63.173828,63.179688,2.40625,2.40625,2.40625,2.40625,2.40625,63.16185,63.16185,63.16185,63.16185,63.16185
1000,74.0,3,89.242188,93.248059,97.253931,98.248059,99.242188,21.195312,22.236328,23.277344,24.356909,25.436475,63.167969,63.167969,63.167969,63.173828,63.179688,2.404039,2.405145,2.40625,2.40625,2.40625,63.16185,63.16185,63.16185,63.214907,63.267964
1000,74.5,3,91.484375,93.576172,95.667969,96.791016,97.914062,18.824219,20.689453,22.554688,23.833984,25.113281,64.019531,64.019531,64.019531,64.025391,64.03125,2.429688,2.431641,2.433594,2.435547,2.4375,64.015388,64.015388,64.015388,64.015388,64.015388
1000,75.0,3,92.312906,94.206145,96.099384,97.006723,97.914062,19.207864,21.13729,23.066717,24.089999,25.113281,64.019531,64.042677,64.065822,64.202567,64.339312,2.429688,2.43238,2.435073,2.440507,2.44594,64.015388,64.038482,64.061575,64.192165,64.322755
1000,75.5,3,93.660156,96.587891,99.515625,101.578125,103.640625,23.851562,24.841797,25.832031,25.873047,25.914062,64.875,64.875,64.875,64.880859,64.886719,2.457031,2.458984,2.460938,2.460938,2.460938,64.868927,64.868927,64.868927,64.868927,64.868927
1000,76.0,3,93.660156,96.587891,99.515625,101.698038,103.880451,23.851562,24.841797,25.832031,25.838786,25.845541,64.875,64.880859,64.886719,65.030237,65.173755,2.457031,2.458984,2.460938,2.465734,2.470531,64.868927,64.868927,64.868927,65.018651,65.168375
1000,76.5,3,91.339844,95.865234,100.390625,102.357422,104.324219,20.65625,22.650391,24.644531,25.181641,25.71875,65.726562,65.726562,65.726562,65.732422,65.738281,2.480469,2.482422,2.484375,2.486328,2.488281,65.722466,65.722466,65.722466,65.722466,65.722466
1000,77.0,3,91.852984,95.979841,100.106699,102.215459,104.324219,21.055917,22.728626,24.401336,25.060043,25.71875,65.726562,65.74284,65.759117,65.803679,65.84824,2.481509,2.484699,2.48789,2.488085,2.488281,65.722466,65.738706,65.754947,65.793562,65.832176
1000,77.5,3,92.929688,94.130859,95.332031,100.054688,104.777344,18.253906,21.009766,23.765625,24.53125,25.296875,66.582031,66.582031,66.582031,66.587891,66.59375,2.507812,2.507812,2.507812,2.509766,2.511719,66.576004,66.576004,66.576004,66.576004,66.576004
1000,78.0,3,93.219911,94.704006,96.1881,100.453755,104.71941,18.431543,21.337879,24.244215,24.699799,25.155384,66.662989,66.677052,66.691115,66.826117,66.961118,2.510412,2.510864,2.511315,2.516572,2.52183,66.65715,66.671246,66.685341,66.814783,66.944225
1000,78.5,3,95.195312,96.255859,97.316406,100.742188,104.167969,19.640625,21.724609,23.808594,24.341797,24.875,67.433594,67.433594,67.433594,67.439453,67.445312,2.535156,2.535156,2.535156,2.535156,2.535156,67.429543,67.429543,67.429543,67.429543,67.429543
1000,79.0,3,96.068292,96.692349,97.316406,100.742188,104.167969,20.185691,21.997142,23.808594,24.341797,24.875,67.433594,67.439453,67.445312,67.599038,67.752763,2.535156,2.535156,2.535156,2.539528,2.543901,67.429543,67.429543,67.429543,67.588767,67.747992
1000,79.5,3,96.195312,96.865234,97.535156,99.759766,101.984375,20.742188,20.921875,21.101562,21.988281,22.875,68.289062,68.289062,68.289062,68.294922,68.300781,2.558594,2.558594,2.558594,2.560547,2.5625,68.283081,68.283081,68.283081,68.283081,68.283081
1000,80.0,3,96.195312,96.865234,97.535156,99.775536,102.015915,20.766591,20.934077,21.101562,21.988281,22.875,68.289062,68.292535,68.296008,68.298394,68.300781,2.558594,2.558594,2.558594,2.560642,2.562691,68.283081,68.283081,68.283081,68.286562,68.290042
1000,80.5,3,95.992188,98.326172,100.660156,103.255859,105.851562,21.789062,22.570312,23.351562,23.542969,23.734375,69.140625,69.140625,69.140625,69.146484,69.152344,2.582031,2.583984,2.585938,2.587891,2.589844,69.13662,69.13662,69.13662,69.13662,69.13662
1000,81.0,3,96.617325,98.638741,100.660156,103.517978,106.375799,22.220992,22.786277,23.351562,23.780292,24.209022,69.140625,69.140625,69.140625,69.240513,69.3404,2.582031,2.583984,2.585938,2.590467,2.594996,69.13662,69.13662,69.13662,69.230436,69.324252
1000,81.5,3,98.691406,98.763672,98.835938,103.533203,108.230469,20.5,22.126953,23.753906,24.494141,25.234375,69.996094,69.996094,69.996094,70.001953,70.007812,2.609375,2.609375,2.609375,2.611328,2.613281,69.990158,69.990158,69.990158,69.990158,69.990158
1000,82.0,3,97.779972,98.508916,99.23786,103.734164,108.230469,20.93227,21.631744,22.331218,23.782797,25.234375,69.996094,70.051657,70.10722,70.235966,70.364712,2.609375,2.610904,2.612434,2.617769,2.623104,69.990158,70.04585,70.101542,70.224714,70.347886
1000,82.5,3,96.316406,99.597656,102.878906,104.482422,106.085938,20.359375,21.285156,22.210938,23.011719,23.8125,70.847656,70.847656,70.847656,70.853516,70.859375,2.632812,2.634766,2.636719,2.636719,2.636719,70.843697,70.843697,70.843697,70.843697,70.843697
1000,83.0,3,96.316406,99.347799,102.379191,104.26004,106.140889,20.359375,21.250537,22.141698,22.546255,22.950811,70.859375,70.913688,70.968001,71.083209,71.198418,2.636719,2.638642,2.640565,2.642295,2.644024,70.843697,70.903733,70.963769,71.078718,71.193667
1000,83.5,3,100.632812,101.146484,101.660156,104.068359,106.476562,21.710938,21.714844,21.71875,22.757812,23.796875,71.703125,71.703125,71.703125,71.708984,71.714844,2.660156,2.660156,2.660156,2.662109,2.664062,71.697235,71.697235,71.697235,71.697235,71.697235
1000,84.0,3,100.632812,101.146484,101.660156,104.831041,108.001925,21.710938,22.284506,22.858075,23.327475,23.796875,71.703125,71.708984,71.714844,71.88663,72.058417,2.660156,2.660156,2.660156,2.667234,2.674311,71.697235,71.697235,71.697235,71.883854,72.070472
1000,84.5,3,102.976562,104.017578,105.058594,107.507812,109.957031,24.234375,24.279297,24.324219,24.792969,25.261719,72.554688,72.554688,72.554688,72.560547,72.566406,2.683594,2.685547,2.6875,2.6875,2.6875,72.550774,72.550774,72.550774,72.550774,72.550774
1000,85.0,3,102.214196,103.628546,105.042895,107.499963,109.957031,24.183198,24.205823,24.228448,24.276333,24.324219,72.554688,72.571877,72.589067,72.708993,72.828919,2.684693,2.686096,2.6875,2.691695,2.695891,72.550774,72.567925,72.585075,72.698885,72.812694
1000,85.5,3,100.492188,102.580078,104.667969,107.605469,110.542969,21.894531,22.427734,22.960938,23.496094,24.03125,73.410156,73.410156,73.410156,73.416016,73.421875,2.710938,2.710938,2.710938,2.712891,2.714844,73.404312,73.404312,73.404312,73.404312,73.404312
1000,86.0,3,100.492188,102.223419,103.95465,107.235017,110.515385,21.789056,21.841794,21.894531,22.942632,23.990732,73.421875,73.422282,73.422689,73.563163,73.703636,2.711338,2.713091,2.714844,2.716967,2.71909,73.404312,73.410565,73.416817,73.633228,73.849639
1000,86.5,3,100.964844,102.132812,103.300781,105.980469,108.660156,20.714844,20.990234,21.265625,21.376953,21.488281,74.265625,74.265625,74.265625,74.271484,74.277344,2.734375,2.736328,2.738281,2.738281,2.738281,74.257851,74.257851,74.257851,74.257851,74.257851
1000,87.0,3,101.243793,102.272287,103.300781,106.552539,109.804297,20.714844,21.192683,21.670523,21.901909,22.133296,74.265625,74.318334,74.371043,74.452866,74.534689,2.734375,2.737832,2.74129,2.743488,2.745687,74.257851,74.304809,74.351768,74.439653,74.527539
1000,87.5,3,103.5,105.685547,107.871094,110.076172,112.28125,23.144531,23.578125,24.011719,24.208984,24.40625,75.117188,75.117188,75.117188,75.123047,75.128906,2.761719,2.761719,2.761719,2.763672,2.765625,75.111389,75.111389,75.111389,75.111389,75.111389
1000,88.0,3,103.887361,105.599463,107.311565,109.796408,112.28125,23.167317,23.343944,23.520571,23.766145,24.011719,75.117188,75.275914,75.43464,75.459992,75.485344,2.761719,2.766067,2.770416,2.772089,2.773763,75.111389,75.269757,75.428126,75.447574,75.467022
1000,88.5,3,104.429688,105.396484,106.363281,109.783203,113.203125,22.019531,22.572266,23.125,23.162109,23.199219,75.972656,75.972656,75.972656,75.978516,75.984375,2.785156,2.785156,2.785156,2.785156,2.785156,75.964928,75.964928,75.964928,75.964928,75.964928
1000,89.0,3,104.429688,105.396484,106.363281,109.770657,113.178032,22.019531,22.553685,23.087838,23.143528,23.199219,75.972656,75.977856,75.983056,75.983715,75.984375,2.785156,2.785156,2.785156,2.785323,2.78549,75.964928,75.964928,75.964928,75.97014,75.975351
1000,89.5,3,106.167969,106.410156,106.652344,108.900391,111.148438,20.082031,20.757812,21.433594,22.744141,24.054688,76.824219,76.824219,76.824219,76.830078,76.835938,2.808594,2.810547,2.8125,2.814453,2.816406,76.818466,76.818466,76.818466,76.818466,76.818466
1000,90.0,3,106.167476,106.40991,106.652344,108.89955,111.146757,20.082031,20.757812,21.433594,22.744141,24.054688,76.824219,76.824219,76.824219,76.830078,76.835938,2.808594,2.809707,2.810819,2.813367,2.815914,76.818466,76.818466,76.818466,76.818466,76.818466
1000,90.5,3,106.164062,106.408203,106.652344,108.898438,111.144531,20.082031,20.757812,21.433594,22.744141,24.054688,76.824219,76.824219,76.824219,76.830078,76.835938,2.808594,2.808594,2.808594,2.810547,2.8125,76.818466,76.818466,76.818466,76.818466,76.818466
1000,91.0,3,106.164062,106.408203,106.652344,108.898438,111.144531,20.082031,20.757812,21.433594,22.744141,24.054688,76.824219,76.824219,76.824219,76.830078,76.835938,2.808594,2.808594,2.808594,2.810547,2.8125,76.818466,76.818466,76.818466,76.818466,76.818466
1000,91.5,3,106.164062,106.408203,106.652344,108.927734,111.203125,20.140625,20.787109,21.433594,22.744141,24.054688,76.824219,76.824219,76.824219,76.830078,76.835938,2.808594,2.808594,2.808594,2.810547,2.8125,76.818466,76.818466,76.818466,76.818466,76.818466
1000,92.0,3,106.164062,106.408203,106.652344,108.927734,111.203125,20.140625,20.787109,21.433594,22.744141,24.054688,76.824219,76.824219,76.824219,76.830078,76.835938,2.808594,2.808594,2.808594,2.810547,2.8125,76.818466,76.818466,76.818466,76.818466,76.818466
1000,92.5,3,106.269531,106.460938,106.652344,108.927734,111.203125,20.140625,20.787109,21.433594,22.796875,24.160156,76.824219,76.824219,76.824219,76.830078,76.835938,2.808594,2.808594,2.808594,2.810547,2.8125,76.818466,76.818466,76.818466,76.818466,76.818466
1000,93.0,3,106.269531,106.460938,106.652344,108.927734,111.203125,20.140625,20.787109,21.433594,22.796875,24.160156,76.824219,76.824219,76.824219,76.830078,76.835938,2.808594,2.808594,2.808594,2.810547,2.8125,76.818466,76.818466,76.818466,76.818466,76.818466
1000,93.5,3,106.269531,106.460938,106.652344,108.927734,111.203125,20.140625,20.787109,21.433594,22.796875,24.160156,76.824219,76.824219,76.824219,76.830078,76.835938,2.808594,2.808594,2.808594,2.810547,2.8125,76.818466,76.818466,76.818466,76.818466,76.818466
1000,94.0,3,106.269531,106.460938,106.652344,108.927734,111.203125,20.140625,20.787109,21.433594,22.796875,24.160156,76.824219,76.824219,76.824219,76.830078,76.835938,2.808594,2.808594,2.808594,2.810547,2.8125,76.818466,76.818466,76.818466,76.818466,76.818466
1000,94.5,3,106.269531,106.460938,106.652344,108.927734,111.203125,20.140625,20.787109,21.433594,22.796875,24.160156,76.824219,76.824219,76.824219,76.830078,76.835938,2.808594,2.808594,2.808594,2.810547,2.8125,76.818466,76.818466,76.818466,76.818466,76.818466
1000,95.0,3,106.269531,106.460938,106.652344,108.927734,111.203125,20.140625,20.787109,21.433594,22.796875,24.160156,76.824219,76.824219,76.824219,76.830078,76.835938,2.808594,2.808594,2.808594,2.810547,2.8125,76.818466,76.818466,76.818466,76.818466,76.818466
1000,95.5,3,106.269531,106.460938,106.652344,108.927734,111.203125,20.140625,20.787109,21.433594,22.796875,24.160156,76.824219,76.824219,76.824219,76.830078,76.835938,2.808594,2.808594,2.808594,2.810547,2.8125,76.818466,76.818466,76.818466,76.818466,76.818466
1000,96.0,3,106.269531,106.460938,106.652344,108.927734,111.203125,20.140625,20.787109,21.433594,22.796875,24.160156,76.824219,76.824219,76.824219,76.830078,76.835938,2.808594,2.808594,2.808594,2.810547,2.8125,76.818466,76.818466,76.818466,76.818466,76.818466
1000,96.5,3,106.269531,106.460938,106.652344,108.929688,111.207031,20.144531,20.789062,21.433594,22.796875,24.160156,76.824219,76.824219,76.824219,76.830078,76.835938,2.808594,2.808594,2.808594,2.810547,2.8125,76.818466,76.818466,76.818466,76.818466,76.818466
1000,97.0,3,106.269531,106.460938,106.652344,108.929688,111.207031,20.144531,20.789062,21.433594,22.796875,24.160156,76.824219,76.824219,76.824219,76.830078,76.835938,2.808594,2.808594,2.808594,2.810547,2.8125,76.818466,76.818466,76.818466,76.818466,76.818466
1000,97.5,3,106.269531,106.460938,106.652344,108.929688,111.207031,20.144531,20.789062,21.433594,22.796875,24.160156,76.824219,76.824219,76.824219,76.830078,76.835938,2.808594,2.808594,2.808594,2.810547,2.8125,76.818466,76.818466,76.818466,76.818466,76.818466
1000,98.0,3,106.269531,106.460938,106.652344,108.929688,111.207031,20.144531,20.789062,21.433594,22.796875,24.160156,76.824219,76.824219,76.824219,76.830078,76.835938,2.808594,2.808594,2.808594,2.810547,2.8125,76.818466,76.818466,76.818466,76.818466,76.818466
1000,98.5,3,106.269531,106.460938,106.652344,108.929688,111.207031,20.144531,20.789062,21.433594,22.796875,24.160156,76.824219,76.824219,76.824219,76.830078,76.835938,2.808594,2.808594,2.808594,2.810547,2.8125,76.818466,76.818466,76.818466,76.818466,76.818466
1000,99.0,3,106.269531,106.460938,106.652344,108.929688,111.207031,20.144531,20.789062,21.433594,22.796875,24.160156,76.824219,76.824219,76.824219,76.830078,76.835938,2.808594,2.808594,2.808594,2.810547,2.8125,76.818466,76.818466,76.818466,76.818466,76.818466
1000,99.5,3,106.269531,106.460938,106.652344,108.929688,111.207031,20.144531,20.789062,21.433594,22.796875,24.160156,76.824219,76.824219,76.824219,76.830078,76.835938,2.808594,2.808594,2.808594,2.810547,2.8125,76.818466,76.818466,76.818466,76.818466,76.818466
1000,100.0,3,106.269531,106.460938,106.652344,108.929688,111.207031,20.144531,20.789062,21.433594,22.796875,24.160156,76.824219,76.824219,76.824219,76.830078,76.835938,2.808594,2.808594,2.808594,2.810547,2.8125,76.818466,76.818466,76.818466,76.818466,76.818466
1000,100.5,3,106.269531,106.460938,106.652344,108.929688,111.207031,20.144531,20.789062,21.433594,22.796875,24.160156,76.824219,76.824219,76.824219,76.830078,76.835938,2.808594,2.808594,2.808594,2.810547,2.8125,76.818466,76.818466,76.818466,76.818466,76.818466
1000,101.0,3,106.269531,106.460938,106.652344,108.929688,111.207031,20.144531,20.789062,21.433594,22.796875,24.160156,76.824219,76.824219,76.824219,76.830078,76.835938,2.808594,2.808594,2.808594,2.810547,2.8125,76.818466,76.818466,76.818466,76.818466,76.818466
1000,101.5,3,106.269531,106.460938,106.652344,108.933594,111.214844,20.152344,20.792969,21.433594,22.796875,24.160156,76.824219,76.824219,76.824219,76.830078,76.835938,2.808594,2.808594,2.808594,2.810547,2.8125,76.818466,76.818466,76.818466,76.818466,76.818466
1000,102.0,3,106.269531,106.460938,106.652344,108.933594,111.214844,20.152344,20.792969,21.433594,22.796875,24.160156,76.824219,76.824219,76.824219,76.830078,76.835938,2.808594,2.808594,2.808594,2.810547,2.8125,76.818466,76.818466,76.818466,76.818466,76.818466
1000,102.5,3,106.324219,106.490234,106.65625,108.935547,111.214844,20.152344,20.794922,21.4375,22.826172,24.214844,76.824219,76.824219,76.824219,76.830078,76.835938,2.808594,2.808594,2.808594,2.810547,2.8125,76.818466,76.818466,76.818466,76.818466,76.818466
1000,103.0,3,106.324219,106.490234,106.65625,108.935547,111.214844,20.152344,20.794922,21.4375,22.826172,24.214844,76.824219,76.824219,76.824219,76.830078,76.835938,2.808594,2.808594,2.808594,2.810547,2.8125,76.818466,76.818466,76.818466,76.818466,76.818466
1000,103.5,3,106.324219,106.490234,106.65625,108.935547,111.214844,20.152344,20.794922,21.4375,22.826172,24.214844,76.824219,76.824219,76.824219,76.830078,76.835938,2.808594,2.808594,2.808594,2.810547,2.8125,76.818466,76.818466,76.818466,76.818466,76.818466
1000,104.0,3,106.324219,106.490234,106.65625,108.935547,111.214844,20.152344,20.794922,21.4375,22.826172,24.214844,76.824219,76.824219,76.824219,76.830078,76.835938,2.808594,2.808594,2.808594,2.810547,2.8125,76.818466,76.818466,76.818466,76.818466,76.818466
1000,104.5,3,106.324219,106.490234,106.65625,108.935547,111.214844,20.152344,20.794922,21.4375,22.826172,24.214844,76.824219,76.824219,76.824219,76.830078,76.835938,2.808594,2.808594,2.808594,2.810547,2.8125,76.818466,76.818466,76.818466,76.818466,76.818466
1000,105.0,3,106.324219,106.490234,106.65625,108.935547,111.214844,20.152344,20.794922,21.4375,22.826172,24.214844,76.824219,76.824219,76.824219,76.830078,76.835938,2.808594,2.808594,2.808594,2.810547,2.8125,76.818466,76.818466,76.818466,76.818466,76.818466
2000,-10.0,3,12.179688,12.205078,12.230469,12.236328,12.242188,11.695312,11.71875,11.742188,11.742188,11.742188,0.003906,0.003906,0.003906,0.009766,0.015625,0.480469,0.482422,0.484375,0.484375,0.484375,0.0,0.0,0.0,0.0,0.0
2000,-9.5,3,12.179688,12.205078,12.230469,12.236328,12.242188,11.695312,11.71875,11.742188,11.742188,11.742188,0.003906,0.003906,0.003906,0.009766,0.015625,0.480469,0.482422,0.484375,0.484375,0.484375,0.0,0.0,0.0,0.0,0.0
2000,-9.0,3,12.179688,12.205078,12.230469,12.236328,12.242188,11.695312,11.71875,11.742188,11.742188,11.742188,0.003906,0.003906,0.003906,0.009766,0.015625,0.480469,0.482422,0.484375,0.484375,0.484375,0.0,0.0,0.0,0.0,0.0
2000,-8.5,3,12.179688,12.205078,12.230469,12.236328,12.242188,11.695312,11.71875,11.742188,11.742188,11.742188,0.003906,0.003906,0.003906,0.009766,0.015625,0.480469,0.482422,0.484375,0.484375,0.484375,0.0,0.0,0.0,0.0,0.0
2000,-8.0,3,12.179688,12.205078,12.230469,12.236328,12.242188,11.695312,11.71875,11.742188,11.742188,11.742188,0.003906,0.003906,0.003906,0.009766,0.015625,0.480469,0.482422,0.484375,0.484375,0.484375,0.0,0.0,0.0,0.0,0.0
2000,-7.5,3,12.179688,12.205078,12.230469,12.241921,12.253373,11.695312,11.71875,11.742188,11.74778,11.753373,0.003906,0.003906,0.003906,0.009766,0.015625,0.480469,0.482422,0.484375,0.484375,0.484375,0.0,0.0,0.0,0.0,0.0
2000,-7.0,3,12.179688,12.205078,12.230469,12.242188,12.253906,11.695312,11.71875,11.742188,11.748047,11.753906,0.003906,0.003906,0.003906,0.009766,0.015625,0.480469,0.482422,0.484375,0.484375,0.484375,0.0,0.0,0.0,0.0,0.0
2000,-6.5,3,12.179688,12.210938,12.242188,12.248047,12.253906,11.695312,11.724609,11.753906,11.753906,11.753906,0.003906,0.003906,0.003906,0.009766,0.015625,0.480469,0.482422,0.484375,0.484375,0.484375,0.0,0.0,0.0,0.0,0.0
2000,-6.0,3,12.179688,12.210938,12.242188,12.248047,12.253906,11.695312,11.724609,11.753906,11.753906,11.753906,0.003906,0.003906,0.003906,0.009766,0.015625,0.480469,0.482422,0.484375,0.484375,0.484375,0.0,0.0,0.0,0.0,0.0
2000,-5.5,3,12.179688,12.210938,12.242188,12.248047,12.253906,11.695312,11.724609,11.753906,11.753906,11.753906,0.003906,0.003906,0.003906,0.009766,0.015625,0.480469,0.482422,0.484375,0.484375,0.484375,0.0,0.0,0.0,0.0,0.0
2000,-5.0,3,12.179688,12.210938,12.242188,12.248047,12.253906,11.695312,11.724609,11.753906,11.753906,11.753906,0.003906,0.003906,0.003906,0.009766,0.015625,0.480469,0.482422,0.484375,0.484375,0.484375,0.0,0.0,0.0,0.0,0.0
2000,-4.5,3,12.179688,12.210938,12.242188,12.248047,12.253906,11.695312,11.724609,11.753906,11.753906,11.753906,0.003906,0.003906,0.003906,0.009766,0.015625,0.480469,0.482422,0.484375,0.484375,0.484375,0.0,0.0,0.0,0.0,0.0
2000,-4.0,3,12.179688,12.210938,12.242188,12.248047,12.253906,11.695312,11.724609,11.753906,11.753906,11.753906,0.003906,0.003906,0.003906,0.009766,0.015625,0.480469,0.482422,0.484375,0.484375,0.484375,0.0,0.0,0.0,0.0,0.0
2000,-3.5,3,12.195312,12.21875,12.242188,12.248047,12.253906,11.707031,11.730469,11.753906,11.753906,11.753906,0.003906,0.003906,0.003906,0.009766,0.015625,0.484375,0.484375,0.484375,0.484375,0.484375,0.0,0.0,0.0,0.0,0.0
2000,-3.0,3,12.195312,12.21875,12.242188,12.248047,12.253906,11.707031,11.730469,11.753906,11.753906,11.753906,0.003906,0.003906,0.003906,0.009766,0.015625,0.484375,0.484375,0.484375,0.484375,0.484375,0.0,0.0,0.0,0.0,0.0
2000,-2.5,3,12.195312,12.21875,12.242188,12.248047,12.253906,11.707031,11.730469,11.753906,11.753906,11.753906,0.003906,0.003906,0.003906,0.009766,0.015625,0.484375,0.484375,0.484375,0.484375,0.484375,0.0,0.0,0.0,0.0,0.0
2000,-2.0,3,12.195312,12.21875,12.242188,12.248047,12.253906,11.707031,11.730469,11.753906,11.753906,11.753906,0.003906,0.003906,0.003906,0.009766,0.015625,0.484375,0.484375,0.484375,0.484375,0.484375,0.0,0.0,0.0,0.0,0.0
2000,-1.5,3,12.195312,12.220703,12.246094,12.25,12.253906,11.707031,11.730469,11.753906,11.755859,11.757812,0.003906,0.003906,0.003906,0.009766,0.015625,0.484375,0.484375,0.484375,0.484375,0.484375,0.0,0.0,0.0,0.0,0.0
2000,-1.0,3,12.195312,12.220703,12.246094,12.25,12.253906,11.707031,11.730469,11.753906,11.755859,11.757812,0.003906,0.003906,0.003906,0.009766,0.015625,0.484375,0.484375,0.484375,0.484375,0.484375,0.0,0.0,0.0,0.0,0.0
2000,-0.5,3,12.195312,12.220703,12.246094,12.25,12.253906,11.707031,11.730469,11.753906,11.755859,11.757812,0.003906,0.003906,0.003906,0.009766,0.015625,0.484375,0.484375,0.484375,0.484375,0.484375,0.0,0.0,0.0,0.0,0.0
2000,0.0,3,12.195312,12.224609,12.253906,13.430099,14.606291,11.707031,11.730469,11.753906,12.799109,13.844312,0.003906,0.009766,0.015625,0.139505,0.263386,0.484375,0.484375,0.484375,0.491484,0.498593,0.0,0.0,0.0,0.129447,0.258894
2000,0.5,3,20.027344,21.271778,22.516213,22.922727,23.329241,18.636719,19.749075,20.861431,21.179885,21.49834,0.859375,0.859375,0.859375,1.069487,1.279599,0.53125,0.531408,0.531565,0.541434,0.551302,0.853539,1.022397,1.191256,1.218394,1.245532
2000,1.0,3,25.050781,25.462088,25.873396,26.442549,27.011703,22.746485,22.756055,22.765625,23.593625,24.421625,1.714844,1.772621,1.830397,1.860814,1.89123,0.568973,0.569643,0.570312,0.571526,0.57274,1.795492,1.839682,1.883873,2.083642,2.283411
2000,1.5,3,26.03125,27.556641,29.082031,29.599244,30.116456,21.039062,21.768508,22.497954,22.602267,22.706581,2.566406,2.580078,2.59375,2.731035,2.86832,0.590294,0.592022,0.59375,0.600528,0.607306,2.560616,2.560616,2.560616,2.711232,2.861848
2000,2.0,3,30.279086,30.720967,31.162848,31.414069,31.665291,21.860655,21.882695,21.904736,22.135024,22.365312,3.421875,3.438416,3.454957,3.630341,3.805726,0.617188,0.621549,0.625911,0.629226,0.632541,3.447313,3.599241,3.75117,3.761329,3.771488
2000,2.5,3,31.756653,31.994331,32.232009,33.848426,35.464844,22.405328,22.6071,22.808872,23.836076,24.863281,4.273438,4.318274,4.36311,4.40692,4.45073,0.648438,0.648913,0.649389,0.649909,0.65043,4.329881,4.387233,4.444585,4.580258,4.715931
2000,3.0,3,32.058594,32.074219,32.089844,34.102861,36.115879,21.535156,21.900391,22.265625,22.681696,23.097767,5.128906,5.142578,5.15625,5.29757,5.43889,0.667969,0.671875,0.675781,0.678805,0.681829,5.121231,5.121231,5.121231,5.276583,5.431935
2000,3.5,3,34.135657,34.765052,35.394447,35.582256,35.770064,21.551543,21.874946,22.198349,23.297819,24.39729,5.999174,6.149741,6.300309,6.358965,6.417622,0.69591,0.700286,0.704662,0.705975,0.707289,5.993432,6.130019,6.266606,6.338771,6.410936
2000,4.0,3,33.869582,35.12815,36.386719,37.488281,38.589844,21.413742,22.460777,23.507812,24.158203,24.808594,6.835938,6.849609,6.863281,6.934566,7.005851,0.722656,0.722656,0.722656,0.723041,0.723427,6.828308,6.913462,6.998615,7.208663,7.41871
2000,4.5,3,34.183594,35.316406,36.449219,36.475949,36.502679,19.5625,20.601472,21.640443,22.466706,23.292969,7.6875,7.701172,7.714844,7.844505,7.974167,0.742188,0.746094,0.75,0.752628,0.755257,7.681847,7.681847,7.681847,7.824857,7.967867
2000,5.0,3,38.5,38.50413,38.508259,39.486323,40.464388,23.051427,23.682027,24.312627,24.386782,24.460938,8.542969,8.546657,8.550345,8.67771,8.805074,0.769531,0.771603,0.773674,0.777325,0.780976,8.535385,8.539082,8.542778,8.656735,8.770692
2000,5.5,3,37.992386,39.170021,40.347656,40.785156,41.222656,22.760722,23.390127,24.019531,24.181641,24.34375,9.394531,9.408203,9.421875,9.560868,9.699861,0.800781,0.800781,0.800781,0.803011,0.80524,9.388924,9.388924,9.388924,9.541244,9.693565
2000,6.0,3,36.791231,37.255714,37.720198,38.63352,39.546843,20.313333,21.078192,21.84305,21.897929,21.952807,10.277344,10.301549,10.325755,10.448667,10.571579,0.823093,0.823656,0.824219,0.827429,0.830638,10.242462,10.280428,10.318393,10.44159,10.564788
2000,6.5,3,39.416899,40.031801,40.646704,40.671008,40.695312,21.129069,22.354064,23.579059,23.795629,24.0122,11.101562,11.125569,11.149576,11.240151,11.330725,0.849191,0.850377,0.851562,0.852835,0.854107,11.096001,11.119953,11.143906,11.220635,11.297364
2000,7.0,3,39.363281,40.300781,41.238281,41.527344,41.816406,21.621094,21.869141,22.117188,23.179688,24.242188,11.957031,11.957031,11.957031,11.970703,11.984375,0.875,0.875,0.875,0.882812,0.890625,11.949539,11.949539,11.949539,11.949539,11.949539
2000,7.5,3,42.931568,42.948992,42.966415,43.049996,43.133577,22.741084,23.316128,23.891171,23.99013,24.089089,13.050834,13.121775,13.192716,13.236261,13.279806,0.910715,0.91167,0.912625,0.918062,0.923499,13.044771,13.115552,13.186333,13.216139,13.245944
2000,8.0,3,42.402344,42.798801,43.195259,43.647282,44.099305,22.574219,22.974056,23.373893,23.460375,23.546858,13.664062,13.722562,13.781061,13.808126,13.83519,0.929001,0.9297,0.930398,0.933949,0.9375,13.656616,13.715251,13.773886,13.78731,13.800734
2000,8.5,3,38.960938,39.021484,39.082031,39.763672,40.445312,18.253906,18.787109,19.320312,19.693359,20.066406,14.515625,14.515625,14.515625,14.529297,14.542969,0.949219,0.951172,0.953125,0.958984,0.964844,14.510155,14.510155,14.510155,14.510155,14.510155
2000,9.0,3,44.638408,44.985363,45.332319,45.562731,45.793143,23.443779,23.492842,23.541905,23.822327,24.102749,15.664282,15.738535,15.812789,15.815175,15.817561,0.986839,0.98843,0.990021,0.993858,0.997696,15.657562,15.720675,15.783789,15.795101,15.806413
2000,9.5,3,45.294968,45.615606,45.936244,46.068785,46.201325,23.457381,23.524324,23.591266,23.768083,23.944899,16.236241,16.30112,16.366,16.383561,16.401122,1.005704,1.006659,1.007614,1.011837,1.016059,16.230786,16.281878,16.33297,16.364133,16.395295
2000,10.0,3,43.613281,43.646484,43.679688,43.851562,44.023438,20.332031,20.667969,21.003906,21.107422,21.210938,17.078125,17.078125,17.078125,17.091797,17.105469,1.027344,1.029297,1.03125,1.037109,1.042969,17.07077,17.07077,17.07077,17.07077,17.07077
2000,10.5,3,44.679688,46.060587,47.441486,47.745989,48.050492,21.382812,22.144633,22.906454,23.358692,23.810931,17.929688,18.07857,18.227453,18.259414,18.291375,1.065374,1.067843,1.070312,1.075665,1.081017,18.221402,18.23965,18.257898,18.348051,18.438204
2000,11.0,3,46.746123,47.685008,48.623894,48.728927,48.833961,21.621823,22.729487,23.837152,24.110583,24.384014,18.803402,18.812545,18.821688,18.934348,19.047008,1.082242,1.088289,1.094336,1.1002,1.106064,18.787056,18.791596,18.796135,18.918221,19.040307
2000,11.5,3,46.385419,46.737631,47.089844,48.253011,49.416178,20.40625,20.923828,21.441406,22.892442,24.343477,19.636719,19.641302,19.645886,19.654974,19.664062,1.101562,1.108725,1.115888,1.12057,1.125251,19.631386,19.631386,19.631386,19.635959,19.640532
2000,12.0,3,46.726562,47.970134,49.213705,50.114905,51.016105,20.351562,21.208471,22.06538,23.120651,24.175922,20.492188,20.63406,20.775933,20.797393,20.818852,1.138517,1.142174,1.14583,1.147134,1.148438,20.484924,20.627126,20.769328,20.777134,20.78494
2000,12.5,3,48.359375,48.858094,49.356813,50.052552,50.748291,20.625,21.167649,21.710297,22.508005,23.305712,21.34375,21.373131,21.402512,21.564201,21.72589,1.156967,1.160515,1.164062,1.175157,1.186251,21.338463,21.354136,21.36981,21.544775,21.719741
2000,13.0,3,47.52458,48.288511,49.052441,50.252783,51.453125,19.234375,19.990748,20.747121,21.791529,22.835938,22.199219,22.212891,22.226562,22.296834,22.367106,1.173018,1.182212,1.191406,1.197623,1.20384,22.192001,22.192001,22.192001,22.27614,22.360278
2000,13.5,3,51.664313,52.139178,52.614042,53.241557,53.869071,22.660156,22.865006,23.069857,23.578733,24.087609,23.050781,23.190939,23.331096,23.386893,23.442689,1.210871,1.216764,1.222656,1.22323,1.223804,23.04554,23.185381,23.325222,23.367252,23.409281
2000,14.0,3,51.738281,52.156385,52.57449,53.721363,54.868237,21.855469,22.118863,22.382256,23.429584,24.476912,23.90625,23.914194,23.922138,23.994902,24.067666,1.233943,1.238065,1.242188,1.242406,1.242625,23.915003,23.974232,24.033461,24.240644,24.447827
2000,14.5,3,54.101562,54.140612,54.179662,54.464831,54.75,22.851562,22.988725,23.125887,23.463334,23.800781,24.757812,24.771484,24.785156,24.912989,25.040823,1.265625,1.269531,1.273438,1.276007,1.278577,24.752617,24.752617,24.752617,24.893803,25.034988
2000,15.0,3,52.957001,53.050766,53.144531,54.892578,56.640625,20.345543,20.922771,21.5,23.158203,24.816406,25.613281,25.626953,25.640625,25.68899,25.737355,1.292969,1.294907,1.296846,1.296861,1.296875,25.606155,25.606155,25.606155,25.817959,26.029763
2000,15.5,3,53.878906,54.048483,54.21806,54.492499,54.766938,19.6875,20.501286,21.315072,21.337224,21.359375,26.464844,26.478516,26.492188,26.578658,26.665129,1.320312,1.320312,1.320312,1.323056,1.3258,26.659527,26.710977,26.762427,26.886939,27.011452
2000,16.0,3,49.851562,53.504476,57.15739,57.400732,57.644073,15.726562,19.603733,23.480904,23.695655,23.910406,27.320312,27.371259,27.422205,27.505362,27.588518,1.34375,1.346729,1.349708,1.35165,1.353592,27.313232,27.350593,27.387954,27.485007,27.582061
2000,16.5,3,53.691406,55.208984,56.726562,58.017578,59.308594,18.691406,20.568359,22.445312,23.240234,24.035156,28.171875,28.171875,28.171875,28.185547,28.199219,1.367188,1.369141,1.371094,1.373047,1.375,28.166771,28.166771,28.166771,28.166771,28.166771
2000,17.0,3,56.15625,56.840446,57.524642,57.586993,57.649344,20.996094,21.109995,21.223897,21.283708,21.343519,29.027344,29.12514,29.222936,29.2703,29.317664,1.398438,1.40048,1.402522,1.403634,1.404747,29.311303,29.350879,29.390456,29.492607,29.594759
2000,17.5,3,59.075496,59.234661,59.393826,59.797772,60.201718,21.805431,22.212497,22.619563,23.236771,23.853979,29.894847,30.015382,30.135916,30.158861,30.181807,1.418478,1.424752,1.431025,1.431291,1.431557,29.889753,29.996374,30.102995,30.13953,30.176065
2000,18.0,3,57.09375,58.485457,59.877164,60.946346,62.015528,19.453125,21.190726,22.928328,23.514183,24.100037,30.734375,30.749395,30.764415,30.765617,30.766819,1.445312,1.445406,1.4455,1.447773,1.450046,30.727386,30.729943,30.732499,30.744998,30.757496
2000,18.5,3,60.054688,61.117188,62.179688,62.21167,62.243653,21.253906,22.328099,23.402291,23.894505,24.386719,31.585938,31.599609,31.613281,31.757433,31.901585,1.472656,1.474609,1.476562,1.477701,1.478839,31.580925,31.580925,31.580925,31.738393,31.89586
2000,19.0,3,61.835336,62.135608,62.43588,63.078511,63.721141,21.759425,22.587981,23.416536,23.846633,24.276731,32.485949,32.630858,32.775766,32.816099,32.856431,1.497524,1.503033,1.508542,1.508872,1.509203,32.479109,32.624354,32.769599,32.796322,32.823044
2000,19.5,3,60.78175,62.362926,63.944101,64.243535,64.542969,21.166746,22.194187,23.221629,23.743627,24.265625,33.292969,33.323812,33.354656,33.418778,33.482901,1.523438,1.524705,1.525973,1.527303,1.528634,33.288002,33.318776,33.34955,33.399887,33.450223
2000,20.0,3,61.84375,62.546846,63.249942,63.869111,64.488281,21.402344,21.523659,21.644974,22.347878,23.050781,34.148438,34.162109,34.175781,34.32961,34.483439,1.550781,1.553438,1.556095,1.557344,1.558594,34.141541,34.141541,34.141541,34.30943,34.477319
2000,20.5,3,61.027663,61.496253,61.964844,63.636574,65.308304,18.669872,19.161108,19.652344,21.63976,23.627176,35.027344,35.043186,35.059028,35.210012,35.360995,1.572199,1.573209,1.574219,1.579988,1.585757,34.995079,35.024527,35.053974,35.204617,35.355259
2000,21.0,3,64.998802,65.413463,65.828125,66.289831,66.751536,22.648438,22.682776,22.717114,23.011337,23.30556,35.855469,35.8994,35.943332,36.036397,36.129462,1.597656,1.600819,1.603981,1.604778,1.605576,35.848618,35.892651,35.936685,36.016262,36.09584
2000,21.5,3,65.011719,66.103516,67.195312,67.599001,68.00269,20.941406,22.271359,23.601313,23.865109,24.128906,36.707031,36.720703,36.734375,36.889426,37.044476,1.625,1.625,1.625,1.627669,1.630339,36.702156,36.702156,36.702156,36.870498,37.03884
2000,22.0,3,65.359375,66.563907,67.768439,68.329641,68.890843,20.410156,21.944996,23.479836,23.689527,23.899219,37.589844,37.604284,37.618725,37.755759,37.892794,1.646337,1.647387,1.648438,1.654936,1.661434,37.555695,37.583872,37.61205,37.749402,37.886755
2000,22.5,3,66.296875,66.458688,66.620501,67.871377,69.122252,20.484375,21.115519,21.746663,22.39534,23.044018,38.414062,38.434801,38.455539,38.570192,38.684846,1.671875,1.674491,1.677107,1.679779,1.682451,38.409233,38.429924,38.450616,38.551369,38.652123
2000,23.0,3,66.992188,68.238297,69.484407,69.638688,69.792969,21.144531,21.790448,22.436365,22.761151,23.085938,39.269531,39.283203,39.296875,39.445429,39.593983,1.699219,1.701172,1.703125,1.704893,1.70666,39.262772,39.425374,39.587976,39.714194,39.840412
2000,23.5,3,67.332031,68.498597,69.665163,69.923982,70.182801,19.746094,20.87053,21.994967,22.604573,23.214179,40.148438,40.158556,40.168675,40.263212,40.35775,1.720271,1.723417,1.726562,1.731217,1.735872,40.11631,40.140047,40.163784,40.258108,40.352432
2000,24.0,3,66.699219,68.072266,69.445312,70.238082,71.030852,18.195312,20.019531,21.84375,22.085723,22.327695,40.976562,40.976562,40.976562,41.105684,41.234805,1.746094,1.748047,1.75,1.753707,1.757414,40.969849,40.969849,40.969849,41.085566,41.201283
2000,24.5,3,68.59375,68.980265,69.36678,71.391717,73.416654,19.25,19.998895,20.74779,22.231933,23.716076,41.828125,41.841797,41.855469,41.996442,42.137416,1.773438,1.775391,1.777344,1.779627,1.781911,41.823387,41.977684,42.13198,42.220818,42.309656
2000,25.0,3,70.741746,72.300561,73.859375,73.975785,74.092196,21.202845,22.417829,23.632812,23.711778,23.790744,42.710938,42.716514,42.722091,42.789813,42.857535,1.798111,1.801399,1.804688,1.805527,1.806367,42.676926,42.696219,42.715512,42.783391,42.85127
2000,25.5,3,69.492188,71.603151,73.714115,74.505495,75.296875,19.253906,20.828702,22.403497,23.279874,24.15625,43.535156,43.535156,43.535156,43.652011,43.768865,1.824219,1.826172,1.828125,1.82947,1.830815,43.530464,43.530464,43.530464,43.633414,43.736364
2000,26.0,3,70.566406,71.463107,72.359807,73.700212,75.040617,18.585938,19.699062,20.812186,21.735667,22.659148,44.417969,44.580418,44.742867,44.775267,44.807667,1.851562,1.854457,1.857351,1.861152,1.864954,44.384003,44.560533,44.737063,44.769538,44.802013
2000,26.5,3,71.832993,73.04106,74.249128,75.585029,76.92093,19.715314,20.471465,21.227616,22.646539,24.065461,45.269531,45.313554,45.357576,45.359053,45.36053,1.875,1.875154,1.875309,1.878729,1.882149,45.272739,45.312704,45.35267,45.354143,45.355617
2000,27.0,3,74.34375,74.539062,74.734375,76.787898,78.841421,20.507812,21.183594,21.859375,23.391042,24.922709,46.097656,46.097656,46.097656,46.196844,46.296032,1.902344,1.902344,1.902344,1.907043,1.911742,46.09108,46.09108,46.09108,46.176794,46.262509
2000,27.5,3,76.420672,76.82557,77.230469,78.412109,79.59375,22.266307,22.394872,22.523438,23.748047,24.972656,46.949219,46.962891,46.976562,47.158811,47.341059,1.921875,1.927734,1.933594,1.93595,1.938306,46.944618,46.944618,46.944618,47.140096,47.335574
2000,28.0,3,76.244283,76.983275,77.722267,78.364948,79.00763,20.423369,21.702616,22.981862,24.019652,25.057441,47.908932,47.955569,48.002206,48.015388,48.028569,1.956408,1.95644,1.956472,1.957989,1.959507,47.902643,47.962601,48.022558,48.142759,48.26296
2000,28.5,3,75.367188,76.953125,78.539062,79.338057,80.137052,19.855469,20.962891,22.070312,23.753163,25.436013,48.65625,48.65625,48.65625,48.740831,48.825412,1.976562,1.978516,1.980469,1.982735,1.985002,48.651695,48.651695,48.651695,48.722444,48.793193
2000,29.0,3,79.824219,80.125007,80.425796,80.611336,80.796875,23.445312,23.545342,23.645372,24.016045,24.386719,49.511719,49.525391,49.539062,49.714227,49.889391,2.003906,2.005859,2.007812,2.011923,2.016033,49.505234,49.505234,49.505234,49.694508,49.883782
2000,29.5,3,79.628027,80.127134,80.626242,80.93813,81.250018,22.119864,22.281621,22.443377,23.169271,23.895164,50.446329,50.540982,50.635635,50.72656,50.817486,2.033525,2.034165,2.034806,2.040828,2.046851,50.441632,50.536072,50.630512,50.707591,50.78467
2000,30.0,3,79.324219,79.378906,79.433594,81.05048,82.667367,20.21875,20.751953,21.285156,23.104218,24.923279,51.21875,51.21875,51.21875,51.290113,51.361477,2.050781,2.052734,2.054688,2.058493,2.062299,51.212311,51.212311,51.212311,51.270136,51.327961
2000,30.5,3,78.726562,79.847656,80.96875,81.018233,81.067716,18.746094,20.243896,21.741698,22.103271,22.464844,52.070312,52.083984,52.097656,52.230589,52.363521,2.074219,2.080078,2.085938,2.086717,2.087497,52.065849,52.065849,52.065849,52.212123,52.358396
2000,31.0,3,82.013985,82.123566,82.233148,83.059933,83.886719,20.874759,21.651783,22.428808,23.204638,23.980469,52.925781,53.059461,53.193141,53.27635,53.35956,2.105469,2.107808,2.110147,2.117307,2.124468,52.919388,53.053378,53.187368,53.257067,53.326766
2000,31.5,3,83.228217,83.342624,83.457031,84.12305,84.789068,22.671875,22.766381,22.860887,22.955834,23.050781,53.777344,53.777344,53.777344,53.842413,53.907483,2.125005,2.128909,2.132812,2.136174,2.139535,53.772926,53.824208,53.87549,54.091668,54.307845
2000,32.0,3,83.726562,84.746307,85.766051,85.797088,85.828125,22.585938,22.898438,23.210938,23.533591,23.856244,54.632812,54.646484,54.660156,54.766361,54.872566,2.148438,2.154297,2.160156,2.160649,2.161142,54.626465,54.626465,54.626465,54.74662,54.866774
2000,32.5,3,83.926231,84.471066,85.015901,86.049705,87.083508,20.12167,21.297163,22.472656,23.571848,24.67104,55.484375,55.632595,55.780814,55.83665,55.892485,2.183594,2.185701,2.187809,2.19374,2.199671,55.480003,55.627889,55.775774,55.817842,55.859911
2000,33.0,3,82.734445,85.11038,87.486314,87.854351,88.222387,18.336034,21.392555,24.449075,24.480163,24.511251,56.358742,56.398351,56.43796,56.494842,56.551725,2.203732,2.207843,2.211953,2.214373,2.216792,56.352484,56.378481,56.404478,56.610142,56.815806
2000,33.5,3,86.214844,87.426866,88.638889,88.786241,88.933594,22.4375,23.056641,23.675781,23.915824,24.155866,57.191406,57.205078,57.21875,57.293769,57.368788,2.230469,2.234375,2.238281,2.238758,2.239235,57.18708,57.18708,57.18708,57.275571,57.364062
2000,34.0,3,87.019531,88.185073,89.350615,89.661543,89.972471,21.839844,22.379017,22.918191,23.924918,24.931645,58.046875,58.19202,58.337165,58.390929,58.444693,2.257812,2.258567,2.259321,2.267571,2.275822,58.040619,58.186101,58.331583,58.371768,58.411953
2000,34.5,3,87.925216,88.068639,88.212061,89.205161,90.198262,21.187566,21.306087,21.424609,23.014686,24.604764,58.910818,58.946567,58.982316,59.15549,59.328664,2.277739,2.284305,2.29087,2.293906,2.296943,58.90651,58.928537,58.950565,59.136989,59.323414
2000,35.0,3,85.894531,87.349609,88.804688,89.116635,89.428582,18.0,20.174756,22.349512,22.368115,22.386719,59.753906,59.767578,59.78125,59.836161,59.891072,2.304688,2.308843,2.312998,2.314702,2.316406,59.747696,59.747696,59.747696,59.816438,59.88518
2000,35.5,3,87.347656,89.725608,92.10356,92.569775,93.03599,19.53125,21.728215,23.92518,24.182142,24.439105,60.605469,60.771558,60.937647,60.967113,60.996579,2.335938,2.336582,2.337226,2.342395,2.347565,60.601234,60.766949,60.932663,60.948422,60.96418
2000,36.0,3,92.352866,92.407165,92.461464,93.27119,94.080916,23.294931,23.751036,24.20714,24.281389,24.355638,61.535387,61.551955,61.568522,61.691507,61.814491,2.353953,2.359721,2.36549,2.366966,2.368443,61.529395,61.532298,61.5352,61.672174,61.809147
2000,36.5,3,89.988281,90.932489,91.876696,93.543817,95.210938,20.941406,21.60063,22.259854,23.471724,24.683594,62.3125,62.326172,62.339844,62.346915,62.353987,2.378906,2.382812,2.386719,2.387287,2.387855,62.308311,62.308311,62.308311,62.329008,62.349705
2000,37.0,3,92.567438,93.214132,93.860825,95.010491,96.160156,22.639831,22.828609,23.017388,23.883694,24.75,63.167969,63.181641,63.195312,63.370725,63.546138,2.40625,2.409116,2.411983,2.417141,2.422299,63.16185,63.278314,63.394778,63.467837,63.540897
2000,37.5,3,92.290783,93.079731,93.868678,95.136318,96.403958,20.940167,21.882501,22.824836,23.3499,23.874965,64.03762,64.146718,64.255816,64.265833,64.275851,2.43724,2.437618,2.437996,2.442838,2.44768,64.033437,64.138642,64.243848,64.247494,64.25114
2000,38.0,3,93.688344,94.475032,95.261719,95.689453,96.117188,21.393792,21.743771,22.09375,23.261719,24.429688,64.875,64.875,64.875,64.888672,64.902344,2.457031,2.458984,2.460938,2.462891,2.464844,64.868927,64.868927,64.868927,65.122682,65.376436
2000,38.5,3,91.595071,91.695973,91.796875,94.958984,98.121094,17.753906,18.02603,18.298154,21.928374,25.558594,65.726562,65.740234,65.753906,65.842457,65.931007,2.480469,2.484375,2.488281,2.489596,2.49091,65.722466,65.722466,65.722466,65.824457,65.926449
2000,39.0,3,94.472656,95.498173,96.52369,97.389583,98.255475,20.503906,21.605576,22.707247,22.879422,23.051598,66.582031,66.717355,66.852678,66.911622,66.970565,2.511719,2.51349,2.515261,2.520414,2.525566,66.576004,66.711642,66.847279,66.892656,66.938032
2000,39.5,3,95.728665,96.047807,96.36695,97.677616,98.988281,21.929806,22.324448,22.719089,22.953294,23.1875,67.433594,67.433594,67.433594,67.504123,67.574653,2.53125,2.533203,2.535156,2.538667,2.542178,67.429543,67.486272,67.543002,67.723414,67.903827
2000,40.0,3,94.074219,96.012705,97.951191,99.362314,100.773438,17.394531,20.686872,23.979214,24.776716,25.574219,68.289062,68.302734,68.316406,68.408378,68.500349,2.554688,2.558594,2.5625,2.563939,2.565378,68.283081,68.283081,68.283081,68.388969,68.494858
2000,40.5,3,97.164062,97.191836,97.21961,98.437801,99.655992,20.915178,21.356056,21.796935,22.164092,22.53125,69.140625,69.154297,69.167969,69.299876,69.431782,2.585938,2.588638,2.591338,2.592544,2.59375,69.13662,69.13662,69.13662,69.28187,69.42712
2000,41.0,3,99.0101,99.407394,99.804688,100.829131,101.853575,20.551455,22.420259,24.289062,24.460269,24.631476,69.996094,70.00452,70.012946,70.145275,70.277603,2.609762,2.611521,2.613281,2.618732,2.624183,69.990158,69.998604,70.00705,70.125982,70.244914
2000,41.5,3,98.542969,99.510995,100.479021,100.88999,101.300959,19.230469,21.345214,23.459958,23.600231,23.740504,70.847656,70.863781,70.879907,71.033089,71.186271,2.628906,2.634844,2.640782,2.643389,2.645996,70.843697,70.846144,70.848592,71.01507,71.181547
2000,42.0,3,99.247348,100.290195,101.333042,102.348162,103.363281,20.850643,21.355155,21.859668,23.2521,24.644531,71.730469,71.774033,71.817598,71.899439,71.981281,2.663832,2.664507,2.665182,2.666575,2.667969,71.697235,71.754604,71.811974,71.894005,71.976036
2000,42.5,3,97.972656,100.060547,102.148438,103.075208,104.001978,19.824219,20.449219,21.074219,22.599666,24.125113,72.554688,72.554688,72.554688,72.705532,72.856377,2.683594,2.685547,2.6875,2.693838,2.700175,72.550774,72.550774,72.550774,72.687637,72.8245
2000,43.0,3,102.425781,102.919922,103.414062,103.853516,104.292969,21.949219,22.142578,22.335938,23.359375,24.382812,73.410156,73.410156,73.410156,73.423828,73.4375,2.710938,2.712891,2.714844,2.716797,2.71875,73.404312,73.404312,73.404312,73.659111,73.913909
2000,43.5,3,104.073462,104.316028,104.558594,104.83119,105.103786,21.982443,22.590831,23.199219,23.545203,23.891186,74.292969,74.413016,74.533063,74.538879,74.544695,2.74071,2.741836,2.742962,2.744528,2.746094,74.257851,74.39188,74.525909,74.531739,74.537568
2000,44.0,3,102.531882,102.594066,102.65625,104.377528,106.098806,18.941406,20.324374,21.707342,22.677045,23.646748,75.117188,75.136269,75.155351,75.256831,75.358311,2.761719,2.762329,2.762939,2.768186,2.773434,75.111389,75.130428,75.149467,75.237077,75.324687
2000,44.5,3,104.824219,105.734375,106.644531,107.029297,107.414062,21.707031,22.263672,22.820312,23.898438,24.976562,75.972656,75.972656,75.972656,75.986328,76.0,2.785156,2.787109,2.789062,2.792969,2.796875,75.964928,75.964928,75.964928,75.964928,75.964928
2000,45.0,3,106.389166,106.498721,106.608277,107.916017,109.223756,20.792585,22.104346,23.416108,24.323838,25.231569,76.851562,77.006736,77.161909,77.202374,77.242838,2.817846,2.819079,2.820312,2.822141,2.823969,76.818466,76.986931,77.155395,77.195768,77.236141
2000,45.5,3,104.796216,107.264707,109.733197,110.08683,110.440463,21.225463,22.256934,23.288405,24.32482,25.361235,77.773385,77.79866,77.823934,77.86775,77.911566,2.83547,2.838019,2.840569,2.843959,2.84735,77.76592,77.791253,77.816585,77.8468,77.877014
2000,46.0,3,102.609375,105.880859,109.152344,109.927734,110.703125,18.308594,20.855469,23.402344,23.4375,23.472656,78.53125,78.53125,78.53125,78.544922,78.558594,2.863281,2.863281,2.863281,2.867188,2.871094,78.525543,78.525543,78.525543,78.525543,78.525543
2000,46.5,3,108.166155,108.951217,109.736279,110.742762,111.749245,21.451981,22.326823,23.201666,23.452444,23.703223,79.386719,79.400391,79.414062,79.60893,79.803797,2.888675,2.893556,2.898438,2.900271,2.902104,79.379082,79.588105,79.797128,79.801833,79.806538
2000,47.0,3,109.709371,110.201087,110.692802,112.335879,113.978956,21.569428,22.107816,22.646204,24.440243,26.234281,80.372381,80.375682,80.378983,80.429024,80.479065,2.915055,2.916807,2.91856,2.931928,2.945297,80.366418,80.369711,80.373004,80.409292,80.445579
2000,47.5,3,107.527344,107.800781,108.074219,111.429688,114.785156,17.65625,18.964844,20.273438,23.324219,26.375,81.09375,81.09375,81.09375,81.107422,81.121094,2.941406,2.941406,2.941406,2.955078,2.96875,81.086159,81.086159,81.086159,81.086159,81.086159
2000,48.0,3,112.473443,112.531644,112.589844,112.854537,113.11923,21.995868,22.650278,23.304688,23.333694,23.3627,81.972656,82.142588,82.31252,82.340598,82.368676,2.974904,2.975673,2.976443,2.984315,2.992188,81.939697,82.122887,82.306076,82.334091,82.362105
2000,48.5,3,112.456251,112.487125,112.517999,113.281361,114.044723,20.858508,21.81689,22.775273,23.215783,23.656293,82.834348,82.878746,82.923143,82.984327,83.045512,2.989205,2.990708,2.99221,3.007408,3.022605,82.826881,82.871381,82.915881,82.963504,83.011127
2000,49.0,3,108.214844,110.728516,113.242188,115.144531,117.046875,17.78125,19.261719,20.742188,23.373047,26.003906,83.652344,83.652344,83.652344,83.666016,83.679688,3.011719,3.013672,3.015625,3.029297,3.042969,83.646774,83.646774,83.646774,83.646774,83.646774
2000,49.5,3,115.125,115.307105,115.48921,115.973346,116.457483,22.762385,22.982755,23.203125,23.470068,23.737012,84.535156,84.674662,84.814167,84.872106,84.930046,3.044993,3.05076,3.056527,3.061466,3.066406,84.500313,84.653845,84.807378,84.865452,84.923526
2000,50.0,3,115.650559,115.908318,116.166077,116.655981,117.145885,22.827796,22.976275,23.124754,23.217867,23.310979,85.417784,85.459103,85.500422,85.562009,85.623595,3.064367,3.06895,3.073533,3.085474,3.097415,85.412129,85.453355,85.49458,85.542387,85.590193
2000,50.5,3,113.445312,114.105469,114.765625,116.6875,118.609375,19.625,20.0,20.375,22.652344,24.929688,86.214844,86.214844,86.214844,86.228516,86.242188,3.089844,3.089844,3.089844,3.103516,3.117188,86.20739,86.20739,86.20739,86.20739,86.20739
2000,51.0,3,115.420309,116.762889,118.105469,118.51602,118.926571,21.010644,21.92915,22.847656,23.197266,23.546875,87.066406,87.080078,87.09375,87.303171,87.512591,3.113281,3.122365,3.131449,3.13799,3.144531,87.060928,87.060928,87.060928,87.283517,87.506106
2000,51.5,3,116.930145,117.683499,118.436853,118.908377,119.3799,21.928242,22.080816,22.233389,22.484564,22.73574,88.087197,88.12525,88.163304,88.183968,88.204631,3.14727,3.148176,3.149081,3.162626,3.17617,88.080172,88.118314,88.156456,88.163464,88.170472
2000,52.0,3,116.867188,117.528726,118.190265,119.671304,121.152344,20.405041,20.782599,21.160156,22.998047,24.835938,88.773438,88.779148,88.784859,88.79282,88.800781,3.164428,3.166198,3.167969,3.181641,3.195312,88.768005,88.768005,88.768005,88.773703,88.779401
2000,52.5,3,119.887369,120.584309,121.28125,121.675781,122.070312,22.625,22.72446,22.82392,23.84946,24.875,89.628906,89.642578,89.65625,89.873906,90.091562,3.191406,3.198834,3.206262,3.212506,3.21875,89.621544,89.621544,89.621544,89.853408,90.085273
2000,53.0,3,116.161236,118.106835,120.052434,120.056008,120.059582,16.318255,19.0483,21.778344,22.091581,22.404819,90.664506,90.684892,90.705279,90.744583,90.783887,3.223157,3.223895,3.224632,3.236566,3.248499,90.658704,90.665404,90.672103,90.724959,90.777816
2000,53.5,3,118.49997,120.257797,122.015625,122.019531,122.023438,18.069763,20.570038,23.070312,23.369141,23.667969,91.335938,91.345651,91.355365,91.359323,91.363281,3.238905,3.242499,3.246094,3.257812,3.269531,91.328621,91.328621,91.328621,91.338357,91.348093
2000,54.0,3,121.175781,122.535912,123.896042,124.585835,125.275627,19.886719,21.838961,23.791203,24.687429,25.583655,92.1875,92.1875,92.1875,92.201172,92.214844,3.265625,3.270565,3.275506,3.285116,3.294727,92.182159,92.408147,92.634136,92.642833,92.651531
2000,54.5,3,125.47356,125.615354,125.757148,125.979363,126.201577,23.060208,23.969936,24.879664,25.404053,25.928442,93.206144,93.220803,93.235463,93.257247,93.279031,3.298383,3.299875,3.301366,3.311538,3.321709,93.199252,93.200242,93.201232,93.23677,93.272308
2000,55.0,3,124.316406,125.392578,126.46875,126.501953,126.535156,23.335938,23.414062,23.492188,24.1875,24.882812,93.894531,93.894531,93.894531,93.908203,93.921875,3.3125,3.316406,3.320312,3.332031,3.34375,93.889236,93.889236,93.889236,93.889236,93.889236
2000,55.5,3,124.004366,124.379731,124.755096,125.478423,126.20175,20.539062,21.932674,23.326286,23.332893,23.339501,94.75,94.961582,95.173164,95.189932,95.206699,3.34375,3.353035,3.362321,3.372154,3.381988,94.742775,94.941144,95.139514,95.170024,95.200534
2000,56.0,3,125.267457,126.769771,128.272086,128.285848,128.299611,23.269086,23.616997,23.964909,24.429073,24.893237,95.689591,95.74061,95.791629,95.809617,95.827605,3.375433,3.378313,3.381193,3.388832,3.396471,95.656861,95.721406,95.785951,95.803899,95.821846
2000,56.5,3,123.848059,125.861529,127.875,128.515625,129.15625,21.897099,22.684878,23.472656,23.560547,23.648438,96.457031,96.457875,96.458718,96.471546,96.484375,3.390625,3.394558,3.398492,3.410183,3.421875,96.449852,96.449852,96.449852,96.450697,96.451543
2000,57.0,3,124.050781,125.599871,127.148961,127.96177,128.774579,20.137299,20.679977,21.222656,22.316172,23.409688,97.308594,97.449852,97.59111,97.668445,97.745779,3.425781,3.427864,3.429946,3.441708,3.453469,97.303391,97.430689,97.557987,97.648788,97.739589
2000,57.5,3,123.048847,124.869403,126.689959,128.786805,130.883651,18.790337,18.950122,19.109906,22.006289,24.902671,98.191406,98.244901,98.298396,98.438509,98.578622,3.44572,3.454125,3.46253,3.465896,3.469261,98.156929,98.224252,98.291574,98.432013,98.572451
2000,58.0,3,125.655679,127.623828,129.591976,130.545988,131.5,20.851182,21.567972,22.284762,22.732225,23.179688,99.015625,99.116605,99.217585,99.347289,99.476992,3.46875,3.475884,3.483018,3.496464,3.509909,99.010468,99.11122,99.211972,99.327742,99.443512
2000,58.5,3,127.773541,128.079856,128.386171,129.511296,130.63642,20.513229,20.806669,21.100109,21.701883,22.303657,99.871094,99.950001,100.028909,100.112132,100.195355,3.503906,3.504462,3.505018,3.51437,3.523721,99.864006,99.929393,99.99478,100.0919,100.18902
2000,59.0,3,127.814021,129.651151,131.488281,132.720703,133.953125,17.704369,21.426403,25.148438,25.242188,25.335938,100.722656,100.736328,100.75,100.751671,100.753342,3.520372,3.521905,3.523438,3.535156,3.546875,100.717545,100.717545,100.717545,100.732853,100.748161
2000,59.5,3,129.490975,131.192753,132.894531,133.703236,134.511941,21.864452,21.900976,21.9375,23.281705,24.625911,101.578125,101.773776,101.969426,101.97635,101.983274,3.542969,3.553157,3.563346,3.572895,3.582444,101.571083,101.760424,101.949765,101.956529,101.963293
2000,60.0,3,128.60475,129.947205,131.28966,132.363511,133.437363,19.185157,19.766195,20.347232,21.654006,22.96078,102.555905,102.568694,102.581483,102.634961,102.68844,3.580126,3.581205,3.582284,3.591324,3.600365,102.523273,102.549674,102.576075,102.629432,102.68279
2000,60.5,3,132.277344,132.886719,133.496094,134.298828,135.101562,22.242188,22.314453,22.386719,22.841797,23.296875,103.285156,103.285156,103.285156,103.298828,103.3125,3.59375,3.597656,3.601562,3.611328,3.621094,103.27816,103.27816,103.27816,103.27816,103.27816
2000,61.0,3,132.09375,132.579505,133.06526,135.340854,137.616448,18.503906,20.621319,22.738731,23.941181,25.143632,104.136719,104.315127,104.493535,104.54349,104.593445,3.617188,3.628261,3.639334,3.649151,3.658969,104.131699,104.296063,104.460428,104.523911,104.587395
2000,61.5,3,136.115581,136.611463,137.107344,137.346008,137.584672,22.382567,23.449403,24.51624,24.85712,25.198001,105.070924,105.119916,105.168907,105.20403,105.239152,3.649688,3.652305,3.654923,3.666059,3.677196,105.036749,105.099558,105.162367,105.197571,105.232775
2000,62.0,3,135.617188,136.378906,137.140625,138.386719,139.632812,21.789062,22.894531,24.0,24.871094,25.742188,105.84375,105.84375,105.84375,105.857422,105.871094,3.671875,3.675781,3.679688,3.689453,3.699219,105.838776,105.838776,105.838776,105.838776,105.838776
2000,62.5,3,135.237701,137.261429,139.285156,139.447651,139.610146,22.260212,22.65745,23.054688,23.776032,24.497376,106.699219,106.836149,106.973079,107.016101,107.059122,3.695312,3.703498,3.711683,3.722509,3.733335,106.692314,106.85898,107.025646,107.09273,107.159815
2000,63.0,3,137.947045,138.141147,138.335249,139.861073,141.386896,22.64416,23.286079,23.927998,24.163159,24.39832,107.619639,107.669756,107.719873,107.805428,107.890984,3.731977,3.733539,3.735101,3.743119,3.751137,107.587273,107.650918,107.714563,107.799925,107.885287
2000,63.5,3,137.621094,139.273438,140.925781,141.316933,141.708085,23.367188,23.492346,23.617504,24.007971,24.398438,108.40625,108.419922,108.433594,108.469701,108.505809,3.748834,3.75137,3.753906,3.763672,3.773438,108.399391,108.399391,108.399391,108.449286,108.499181
2000,64.0,3,139.106503,139.496611,139.886719,140.727325,141.56793,21.023438,22.273213,23.522989,23.680617,23.838244,109.257812,109.42889,109.599967,109.648231,109.696495,3.769531,3.7814,3.793269,3.801337,3.809406,109.25293,109.40998,109.567031,109.628827,109.690622
2000,64.5,3,139.925781,140.173764,140.421746,142.470816,144.519886,20.179688,22.223251,24.266815,25.231599,26.196383,110.113281,110.14553,110.177779,110.214909,110.252038,3.796875,3.803009,3.809143,3.817277,3.825412,110.106468,110.125088,110.143708,110.194628,110.245547
2000,65.0,3,139.71875,141.725089,143.731427,144.172354,144.613281,22.828125,22.852966,22.877808,24.163513,25.449219,110.964844,110.978516,110.992188,111.091178,111.190168,3.827515,3.829773,3.832031,3.841797,3.851562,110.960007,110.960007,110.960007,111.072414,111.184822
2000,65.5,3,140.087725,142.123941,144.160156,144.207286,144.254416,21.892426,22.274338,22.65625,23.293962,23.931674,111.820312,111.969519,112.118726,112.176701,112.234676,3.847656,3.857265,3.866873,3.875289,3.883704,111.813545,111.949394,112.085243,112.157057,112.228871
2000,66.0,3,141.696955,142.100431,142.503906,144.638672,146.773438,20.125,21.522572,22.920144,24.385853,25.851562,112.671875,112.685547,112.699219,112.749638,112.800058,3.871094,3.877049,3.883003,3.892674,3.902344,112.667084,112.667084,112.667084,112.731031,112.794977
2000,66.5,3,142.304688,143.814909,145.325131,145.331618,145.338106,21.778874,22.278109,22.777344,22.879122,22.980899,113.527344,113.642569,113.757793,113.781027,113.804261,3.906059,3.906155,3.90625,3.919189,3.932128,113.520622,113.659402,113.798182,113.890547,113.982912
2000,67.0,3,143.498213,143.942466,144.386719,145.052265,145.717811,20.25,21.46479,22.679581,22.785873,22.892165,114.378906,114.463612,114.548317,114.665309,114.782301,3.921875,3.932228,3.942581,3.949799,3.957017,114.374161,114.445034,114.515907,114.646276,114.776645
2000,67.5,3,142.837279,143.485046,144.132812,146.943359,149.753906,19.113281,20.26798,21.422679,23.808996,26.195312,115.234375,115.248047,115.261719,115.311035,115.360351,3.949219,3.954859,3.960498,3.96853,3.976562,115.227699,115.227699,115.227699,115.290833,115.353968
2000,68.0,3,146.152344,146.759419,147.366494,147.749903,148.133312,21.216919,22.2837,23.35048,23.671334,23.992188,116.085938,116.20951,116.333082,116.390499,116.447917,3.980469,3.980512,3.980556,3.997579,4.014602,116.081238,116.204531,116.327824,116.371471,116.415118
2000,68.5,3,147.460938,147.581885,147.702833,148.275907,148.848982,20.683594,21.503818,22.324043,24.026602,25.729162,116.941406,116.941406,116.941406,116.983534,117.025661,4.0,4.002808,4.005617,4.019217,4.032816,116.934776,116.963298,116.991819,117.203191,117.414563
2000,69.0,3,146.97358,148.551243,150.128906,151.041016,151.953125,22.476562,22.631945,22.787327,24.27257,25.757812,117.792969,117.806641,117.820312,117.935304,118.050296,4.023438,4.032822,4.042206,4.048447,4.054688,117.788315,117.788315,117.788315,117.916688,118.045061
2000,69.5,3,144.986606,146.897298,148.807991,149.870862,150.933733,20.077482,20.114203,20.150923,21.870523,23.590123,118.682253,118.760405,118.838557,118.888981,118.939405,4.056014,4.057847,4.05968,4.071786,4.083893,118.675747,118.754081,118.832414,118.869252,118.906089
2000,70.0,3,150.324219,150.941406,151.558594,151.582031,151.605469,22.195312,22.283203,22.371094,24.125,25.878906,119.5,119.5,119.5,119.513672,119.527344,4.074219,4.080078,4.085938,4.095703,4.105469,119.495392,119.495392,119.495392,119.495392,119.495392
2000,70.5,3,150.451974,151.700596,152.949219,153.445752,153.942286,23.156745,23.250128,23.343512,23.73035,24.117188,120.355469,120.369141,120.382812,120.597247,120.811681,4.101562,4.112793,4.124024,4.126465,4.128906,120.34893,120.467035,120.585139,120.69567,120.806201
2000,71.0,3,150.286756,151.67267,153.058584,153.825928,154.593273,22.607085,22.861747,23.116409,23.116662,23.116915,121.397814,121.420805,121.443797,121.453016,121.462235,4.131098,4.136611,4.142124,4.150876,4.159627,121.392821,121.411318,121.429815,121.434258,121.4387
2000,71.5,3,153.202049,154.685009,156.167969,157.973075,159.778181,22.003605,23.439348,24.875091,25.226608,25.578125,122.076508,122.083176,122.089844,124.778197,127.466549,4.1567,4.168194,4.179688,4.24713,4.314573,122.056007,122.056007,122.056007,122.063028,122.070048
2000,72.0,3,80.338102,117.438582,154.539062,155.841797,157.144531,22.875,24.111328,25.347656,25.513672,25.679688,49.607493,86.260778,122.914062,122.927734,122.941406,2.012529,3.098061,4.183594,4.193359,4.203125,45.492057,84.200801,122.909546,122.909546,122.909546
2000,72.5,3,32.907047,92.621337,152.335627,156.752397,161.169167,21.883897,22.724146,23.564395,24.310999,25.057604,2.007368,63.072149,124.13693,126.456261,128.775593,0.599237,2.410143,4.221049,4.302032,4.383015,2.00028,63.008543,124.016806,124.074071,124.131336
2000,73.0,3,30.975769,32.343029,33.710289,93.264653,152.819017,21.694295,22.644263,23.59423,24.638084,25.681937,2.614064,2.833919,3.053773,63.905561,124.757349,0.618928,0.636534,0.654139,2.446479,4.238818,2.608166,2.740314,2.872462,63.784994,124.697527
2000,73.5,3,29.484375,29.792969,30.101562,93.281157,156.460752,18.886719,20.052734,21.21875,22.013672,22.808594,1.742188,2.582031,3.421875,67.092488,130.763102,0.613281,0.630859,0.648438,2.533588,4.418739,1.707077,2.560616,3.414154,64.442158,125.470161
2000,74.0,3,32.596672,33.361434,34.126196,75.73456,117.342924,22.386942,23.183075,23.979209,24.352731,24.726253,2.899702,3.776814,4.653925,47.124078,89.594231,0.650404,0.665483,0.680562,1.943032,3.205501,1.156225,2.011051,2.865877,3.756599,4.647322
2000,74.5,3,28.082031,29.721714,31.361396,33.098317,34.835238,22.836946,23.227067,23.617188,23.853774,24.090361,1.714844,2.623599,3.532355,4.382609,5.232864,0.59375,0.632003,0.670257,0.682501,0.694744,1.707077,2.60228,3.497483,4.361456,5.22543
2000,75.0,3,31.0625,31.347656,31.632812,33.779297,35.925781,22.304688,23.339844,24.375,25.046875,25.71875,2.566406,3.433594,4.300781,5.140625,5.980469,0.621094,0.65625,0.691406,0.705078,0.71875,3.090468,3.67908,4.267693,5.121231,5.97477
2000,75.5,3,28.976342,31.489962,34.003583,35.228354,36.453125,21.140643,21.806964,22.473285,24.359689,26.246094,3.691159,4.423704,5.15625,6.198774,7.241298,0.653178,0.684011,0.714844,0.735024,0.755204,3.684063,4.402647,5.121231,6.17792,7.234609
2000,76.0,3,27.077502,30.02941,32.981319,33.41401,33.846702,19.959469,20.163281,20.367093,21.982151,23.597209,4.281828,5.259006,6.236185,7.029862,7.823538,0.672143,0.710815,0.749487,0.761373,0.773258,4.276064,5.239345,6.202627,7.010102,7.817578
2000,76.5,3,31.855339,32.98431,34.113281,35.464844,36.816406,21.820578,22.209117,22.597656,24.359375,26.121094,5.128906,5.997802,6.866698,7.704833,8.542969,0.699219,0.734422,0.769625,0.781297,0.792969,5.121231,5.976482,6.831732,7.683559,8.535385
2000,77.0,3,35.441853,36.056864,36.671875,36.924287,37.176699,21.769622,23.767623,25.765625,25.99749,26.229354,6.316572,7.015708,7.714844,8.587001,9.459158,0.731865,0.762417,0.792969,0.806641,0.820312,6.310114,6.99598,7.681847,8.756031,9.830215
2000,77.5,3,35.863053,35.929683,35.996313,38.060533,40.124752,23.663962,23.794601,23.925239,25.060174,26.195109,6.889333,7.931246,8.973159,9.696878,10.420597,0.747808,0.787651,0.827494,0.838361,0.849228,6.881828,7.910497,8.939167,9.676311,10.413455
2000,78.0,3,34.541968,35.21239,35.882812,37.707031,39.53125,21.710074,22.16949,22.628906,23.943359,25.257812,7.6875,8.637897,9.588293,10.344928,11.101562,0.773438,0.8093,0.845163,0.858128,0.871094,7.681847,8.618406,9.554966,10.325483,11.096001
2000,78.5,3,34.068822,36.607596,39.14637,39.163029,39.179688,21.308594,21.76263,22.216667,23.926693,25.636719,8.87889,9.578117,10.277344,11.117188,11.957031,0.809202,0.838195,0.867188,0.882812,0.898438,8.872086,9.557274,10.242462,11.096001,11.949539
2000,79.0,3,37.223732,38.327718,39.431705,40.677656,41.923607,23.056165,23.916515,24.776865,24.826934,24.877004,9.453336,10.291121,11.128906,12.071075,13.013244,0.829468,0.860928,0.892389,0.908449,0.92451,9.447596,10.289391,11.131186,12.069226,13.007266
2000,79.5,3,39.460938,40.148438,40.835938,41.112802,41.389667,21.296875,23.616766,25.936657,26.067938,26.199219,10.25,11.190934,12.131868,12.897965,13.664062,0.847656,0.885181,0.922705,0.934009,0.945312,10.242462,11.169918,12.097374,12.876995,13.656616
2000,80.0,3,36.544552,38.832823,41.121094,41.8125,42.503906,20.703125,21.373174,22.043223,24.183721,26.324219,11.45488,12.145409,12.835938,13.675781,14.515625,0.882387,0.91385,0.945312,0.958984,0.972656,11.448521,12.125799,12.803078,13.656616,14.510155
2000,80.5,3,35.98594,39.09821,42.21048,43.002271,43.794062,20.908028,21.586827,22.265625,23.513156,24.760687,12.013596,13.04096,14.068325,14.832389,15.596453,0.900254,0.941642,0.98303,0.992663,1.002296,12.006235,13.020322,14.03441,14.811993,15.589576
2000,81.0,3,41.992188,43.168154,44.34412,44.39081,44.4375,22.265625,24.179688,26.09375,26.24399,26.39423,12.808594,13.681785,14.554976,15.388816,16.222656,0.925781,0.961129,0.996478,1.008004,1.019531,12.803078,13.662606,14.522135,15.369683,16.217232
2000,81.5,3,39.15966,41.902096,44.644531,45.523438,46.402344,21.944401,22.646029,23.347656,24.585938,25.824219,14.068578,14.733508,15.398438,16.238281,17.078125,0.962208,0.992823,1.023438,1.035156,1.046875,14.06207,14.712882,15.363693,16.217232,17.07077
2000,82.0,3,38.407105,40.380191,42.353277,44.070097,45.786917,20.571596,21.07672,21.581844,21.963646,22.345448,14.690103,15.620242,16.550381,17.37157,18.192759,0.981343,1.020177,1.059011,1.070819,1.082627,14.684239,15.600587,16.516935,17.35186,18.186786
2000,82.5,3,40.500347,42.054861,43.609375,45.996467,48.38356,19.922222,21.730208,23.538194,24.306206,25.074219,15.371094,16.238281,17.105469,17.959404,18.81334,1.0,1.037109,1.074219,1.088278,1.102338,15.363693,16.217232,17.07077,17.938433,18.806096
2000,83.0,3,45.160156,45.9375,46.714844,48.416016,50.117188,24.425781,24.84375,25.261719,25.503906,25.746094,16.222656,17.089844,17.957031,18.796875,19.636719,1.027344,1.0625,1.097656,1.111328,1.125,16.761061,17.342685,17.924309,18.777847,19.631386
2000,83.5,3,39.096718,43.577535,48.058353,48.17198,48.285607,18.484757,19.893854,21.302951,23.33442,25.365888,17.387193,18.227818,19.068443,19.980965,20.893486,1.060705,1.095009,1.129312,1.144397,1.159482,17.380555,18.20747,19.034384,19.960769,20.887154
2000,84.0,3,41.45675,43.870953,46.285156,46.98268,47.680205,20.09924,20.162634,20.226027,21.489967,22.753906,17.986713,18.825388,19.664062,20.569631,21.4752,1.079948,1.114193,1.148438,1.162257,1.176077,17.981205,18.806296,19.631386,20.550501,21.469617
2000,84.5,3,44.1875,46.462746,48.737993,51.11509,53.492188,22.132812,22.999623,23.866433,24.515248,25.164062,18.785156,19.875868,20.96658,21.5829,22.199219,1.105469,1.145849,1.18623,1.192724,1.199219,18.777847,19.855429,20.933011,21.562506,22.192001
2000,85.0,3,47.105743,48.879735,50.653726,50.965666,51.277607,21.635782,22.703582,23.771381,24.499277,25.227174,20.02886,20.766888,21.504917,22.488512,23.472108,1.14144,1.172163,1.202885,1.221457,1.24003,20.022642,20.747313,21.471984,22.46895,23.465916
2000,85.5,3,47.076916,49.207376,51.337836,51.368137,51.398438,21.109448,22.117948,23.126447,24.178458,25.230469,20.626461,21.426512,22.226562,23.133823,24.041083,1.159946,1.191301,1.222656,1.240137,1.257617,20.619509,21.405755,22.192001,23.113113,24.034224
2000,86.0,3,49.386719,50.153317,50.919916,52.743161,54.566406,23.495949,23.548756,23.601562,24.150391,24.699219,21.34375,22.394455,23.445161,24.101487,24.757812,1.179688,1.219872,1.260056,1.2687,1.277344,21.338463,22.375105,23.411747,24.082182,24.752617
2000,86.5,3,48.529269,50.959477,53.389686,53.490586,53.591486,21.425628,21.956987,22.488345,23.928455,25.368565,22.65694,23.341454,24.025967,24.976364,25.926761,1.217822,1.247113,1.276404,1.292906,1.309409,22.650784,23.321225,23.991666,24.956014,25.920362
2000,87.0,3,48.054026,51.247716,54.441406,55.107422,55.773438,21.40599,22.230339,23.054688,24.345703,25.636719,23.248099,24.016628,24.785156,25.625,26.464844,1.235875,1.268328,1.300781,1.3125,1.324219,23.242413,23.997515,24.752617,25.606155,26.459694
2000,87.5,3,52.507812,52.885776,53.263739,55.66312,58.0625,23.24667,23.853804,24.460938,24.822266,25.183594,23.90625,24.934988,25.963726,26.642019,27.320312,1.253906,1.29425,1.334594,1.343078,1.351562,23.899078,24.914542,25.930006,26.621619,27.313232
2000,88.0,3,54.167609,55.204373,56.241137,57.489623,58.73811,24.050541,24.842217,25.633893,25.658975,25.684057,24.793142,25.66444,26.535738,27.456042,28.376346,1.279042,1.315899,1.352756,1.367146,1.381536,25.235096,25.869121,26.503146,27.436963,28.37078
2000,88.5,3,54.064072,54.705864,55.347656,55.357422,55.367188,20.007812,21.957031,23.90625,24.34137,24.77649,25.816222,26.581939,27.347656,28.1875,29.027344,1.307298,1.341149,1.375,1.388672,1.402344,25.809567,26.5614,27.313232,28.166771,29.020309
2000,89.0,3,53.070312,54.518163,55.966013,57.889186,59.81236,23.113281,23.132812,23.152342,23.268608,23.384874,26.464844,27.460298,28.455751,29.373558,30.291365,1.328125,1.367381,1.406637,1.422801,1.438965,26.459694,27.441209,28.422725,29.35405,30.285376
2000,89.5,3,54.494533,56.321485,58.148438,58.63894,59.129443,21.8837,22.636795,23.38989,24.169554,24.949219,27.320312,28.1875,29.054688,29.956809,30.858931,1.355469,1.390625,1.425781,1.441453,1.457125,27.803574,28.411942,29.020309,29.936271,30.852232
2000,90.0,3,57.151423,57.320656,57.489889,57.957835,58.425781,20.429688,21.921875,23.414062,24.425781,25.4375,28.171875,29.039062,29.90625,30.746094,31.585938,1.377985,1.414406,1.450827,1.465648,1.480469,28.166771,29.020309,29.873848,30.727386,31.580925
2000,90.5,3,57.148438,57.318359,57.488281,57.953125,58.417969,20.429688,21.921875,23.414062,24.425781,25.4375,28.171875,29.039062,29.90625,30.746094,31.585938,1.375,1.412109,1.449219,1.460938,1.472656,28.166771,29.020309,29.873848,30.727386,31.580925
2000,91.0,3,57.148438,57.318359,57.488281,57.953125,58.417969,20.429688,21.921875,23.414062,24.425781,25.4375,28.171875,29.039062,29.90625,30.746094,31.585938,1.375,1.412109,1.449219,1.460938,1.472656,28.166771,29.020309,29.873848,30.727386,31.580925
2000,91.5,3,57.148438,57.318359,57.488281,57.953125,58.417969,20.429688,21.921875,23.414062,24.425781,25.4375,28.171875,29.039062,29.90625,30.746094,31.585938,1.375,1.412109,1.449219,1.460938,1.472656,28.166771,29.020309,29.873848,30.727386,31.580925
2000,92.0,3,56.917018,57.032728,57.148438,57.783203,58.417969,20.429688,21.636243,22.842799,24.14015,25.4375,28.171875,29.039062,29.90625,30.746094,31.585938,1.375,1.412109,1.449219,1.460938,1.472656,28.166771,29.020309,29.873848,30.727386,31.580925
2000,92.5,3,51.652344,54.400391,57.148438,57.783203,58.417969,17.578125,19.003906,20.429688,22.933594,25.4375,28.171875,29.039062,29.90625,30.746094,31.585938,1.375,1.412109,1.449219,1.460938,1.472656,28.166771,29.020309,29.873848,30.727386,31.580925
2000,93.0,3,51.652344,54.402807,57.153271,57.78562,58.417969,17.578125,19.003906,20.429688,22.93601,25.442333,28.171875,29.039062,29.90625,30.746094,31.585938,1.375,1.412109,1.449219,1.460938,1.472656,28.166771,29.020309,29.873848,30.727386,31.580925
2000,93.5,3,51.652344,54.419922,57.1875,57.802734,58.417969,17.578125,19.003906,20.429688,22.953125,25.476562,28.171875,29.039062,29.90625,30.746094,31.585938,1.375,1.412109,1.449219,1.460938,1.472656,28.166771,29.020309,29.873848,30.727386,31.580925
2000,94.0,3,51.652344,54.419922,57.1875,57.802734,58.417969,17.578125,19.003906,20.429688,22.953125,25.476562,28.171875,29.039062,29.90625,30.746094,31.585938,1.375,1.412109,1.449219,1.460938,1.472656,28.166771,29.020309,29.873848,30.727386,31.580925
2000,94.5,3,51.652344,54.419922,57.1875,57.802734,58.417969,17.578125,19.003906,20.429688,22.953125,25.476562,28.171875,29.039062,29.90625,30.746094,31.585938,1.375,1.412109,1.449219,1.460938,1.472656,28.166771,29.020309,29.873848,30.727386,31.580925
2000,95.0,3,51.652344,54.419922,57.1875,57.802734,58.417969,17.578125,19.003906,20.429688,22.953125,25.476562,28.171875,29.039062,29.90625,30.746094,31.585938,1.375,1.412109,1.449219,1.460938,1.472656,28.166771,29.020309,29.873848,30.727386,31.580925
2000,95.5,3,51.652344,54.419922,57.1875,57.802734,58.417969,17.578125,19.003906,20.429688,22.953125,25.476562,28.171875,29.039062,29.90625,30.746094,31.585938,1.375,1.412109,1.449219,1.460938,1.472656,28.166771,29.020309,29.873848,30.727386,31.580925
2000,96.0,3,51.652344,54.419922,57.1875,57.802734,58.417969,17.578125,19.003906,20.429688,22.953125,25.476562,28.171875,29.039062,29.90625,30.746094,31.585938,1.375,1.412109,1.449219,1.460938,1.472656,28.166771,29.020309,29.873848,30.727386,31.580925
2000,96.5,3,51.652344,54.419922,57.1875,57.802734,58.417969,17.578125,19.003906,20.429688,22.953125,25.476562,28.171875,29.039062,29.90625,30.746094,31.585938,1.375,1.412109,1.449219,1.460938,1.472656,28.166771,29.020309,29.873848,30.727386,31.580925
2000,97.0,3,51.652344,54.419922,57.1875,57.802734,58.417969,17.578125,19.003906,20.429688,22.953125,25.476562,28.171875,29.039062,29.90625,30.746094,31.585938,1.375,1.412109,1.449219,1.460938,1.472656,28.166771,29.020309,29.873848,30.727386,31.580925
2000,97.5,3,51.652344,54.419922,57.1875,57.802734,58.417969,17.578125,19.003906,20.429688,22.953125,25.476562,28.171875,29.039062,29.90625,30.746094,31.585938,1.375,1.412109,1.449219,1.460938,1.472656,28.166771,29.020309,29.873848,30.727386,31.580925
2000,98.0,3,51.652344,54.419922,57.1875,57.802734,58.417969,17.578125,19.003906,20.429688,22.953125,25.476562,28.171875,29.039062,29.90625,30.746094,31.585938,1.375,1.412109,1.449219,1.460938,1.472656,28.166771,29.020309,29.873848,30.727386,31.580925
2000,98.5,3,51.652344,54.419922,57.1875,57.802734,58.417969,17.578125,19.003906,20.429688,22.953125,25.476562,28.171875,29.039062,29.90625,30.746094,31.585938,1.375,1.412109,1.449219,1.460938,1.472656,28.166771,29.020309,29.873848,30.727386,31.580925
2000,99.0,3,51.652344,54.419922,57.1875,57.802734,58.417969,17.578125,19.003906,20.429688,22.953125,25.476562,28.171875,29.039062,29.90625,30.746094,31.585938,1.375,1.412109,1.449219,1.460938,1.472656,28.166771,29.020309,29.873848,30.727386,31.580925
2000,99.5,3,51.652344,54.419922,57.1875,57.802734,58.417969,17.578125,19.003906,20.429688,22.953125,25.476562,28.171875,29.039062,29.90625,30.746094,31.585938,1.375,1.412109,1.449219,1.460938,1.472656,28.166771,29.020309,29.873848,30.727386,31.580925
2000,100.0,3,51.652344,54.419922,57.1875,57.802734,58.417969,17.578125,19.003906,20.429688,22.953125,25.476562,28.171875,29.039062,29.90625,30.746094,31.585938,1.375,1.412109,1.449219,1.460938,1.472656,28.166771,29.020309,29.873848,30.727386,31.580925
2000,100.5,3,51.652344,54.419922,57.1875,57.802734,58.417969,17.578125,19.003906,20.429688,22.953125,25.476562,28.171875,29.039062,29.90625,30.746094,31.585938,1.375,1.412109,1.449219,1.460938,1.472656,28.166771,29.020309,29.873848,30.727386,31.580925
2000,101.0,3,51.652344,54.419922,57.1875,57.802734,58.417969,17.578125,19.003906,20.429688,22.953125,25.476562,28.171875,29.039062,29.90625,30.746094,31.585938,1.375,1.412109,1.449219,1.460938,1.472656,28.166771,29.020309,29.873848,30.727386,31.580925
2000,101.5,3,51.652344,54.419922,57.1875,57.802734,58.417969,17.578125,19.003906,20.429688,22.953125,25.476562,28.171875,29.039062,29.90625,30.746094,31.585938,1.375,1.412109,1.449219,1.460938,1.472656,28.166771,29.020309,29.873848,30.727386,31.580925
2000,102.0,3,51.652344,54.419922,57.1875,57.802734,58.417969,17.578125,19.003906,20.429688,22.953125,25.476562,28.171875,29.039062,29.90625,30.746094,31.585938,1.375,1.412109,1.449219,1.460938,1.472656,28.166771,29.020309,29.873848,30.727386,31.580925
2000,102.5,3,51.664062,54.425781,57.1875,57.800781,58.414062,17.589844,19.009766,20.429688,22.953125,25.476562,28.171875,29.039062,29.90625,30.746094,31.585938,1.375,1.412109,1.449219,1.458984,1.46875,28.166771,29.020309,29.873848,30.727386,31.580925
2000,103.0,3,51.664062,54.425781,57.1875,57.800781,58.414062,17.589844,19.009766,20.429688,22.953125,25.476562,28.171875,29.039062,29.90625,30.746094,31.585938,1.375,1.412109,1.449219,1.458984,1.46875,28.166771,29.020309,29.873848,30.727386,31.580925
2000,103.5,3,51.660156,54.427734,57.195312,57.804688,58.414062,17.589844,19.009766,20.429688,22.957031,25.484375,28.171875,29.039062,29.90625,30.746094,31.585938,1.375,1.410156,1.445312,1.457031,1.46875,28.166771,29.020309,29.873848,30.727386,31.580925
2000,104.0,3,51.660156,54.426956,57.193756,57.803909,58.414062,17.589844,19.009766,20.429688,22.957031,25.484375,28.171875,29.039062,29.90625,30.746094,31.585938,1.373443,1.409378,1.445312,1.457031,1.46875,28.166771,29.020309,29.873848,30.727386,31.580925
2000,104.5,3,51.660156,54.425781,57.191406,57.802734,58.414062,17.589844,19.009766,20.429688,22.957031,25.484375,28.171875,29.039062,29.90625,30.746094,31.585938,1.371094,1.408203,1.445312,1.457031,1.46875,28.166771,29.020309,29.873848,30.727386,31.580925
2000,105.0,3,51.660156,54.425781,57.191406,57.802734,58.414062,17.589844,19.009766,20.429688,22.957031,25.484375,28.171875,29.039062,29.90625,30.746094,31.585938,1.371094,1.408203,1.445312,1.457031,1.46875,28.166771,29.020309,29.873848,30.727386,31.580925
3000,-10.0,3,11.382812,11.808594,12.234375,12.236328,12.238281,10.894531,11.320312,11.746094,11.748047,11.75,0.003906,0.003906,0.003906,0.003906,0.003906,0.484375,0.484375,0.484375,0.484375,0.484375,0.0,0.0,0.0,0.0,0.0
3000,-9.5,3,11.382812,11.808594,12.234375,12.236328,12.238281,10.894531,11.320312,11.746094,11.748047,11.75,0.003906,0.003906,0.003906,0.003906,0.003906,0.484375,0.484375,0.484375,0.484375,0.484375,0.0,0.0,0.0,0.0,0.0
3000,-9.0,3,11.382812,11.808594,12.234375,12.236328,12.238281,10.894531,11.320312,11.746094,11.748047,11.75,0.003906,0.003906,0.003906,0.003906,0.003906,0.484375,0.484375,0.484375,0.484375,0.484375,0.0,0.0,0.0,0.0,0.0
3000,-8.5,3,11.382812,11.808594,12.234375,12.236328,12.238281,10.894531,11.320312,11.746094,11.748047,11.75,0.003906,0.003906,0.003906,0.003906,0.003906,0.484375,0.484375,0.484375,0.484375,0.484375,0.0,0.0,0.0,0.0,0.0
3000,-8.0,3,11.382812,11.808594,12.234375,12.236328,12.238281,10.894531,11.320312,11.746094,11.748047,11.75,0.003906,0.003906,0.003906,0.003906,0.003906,0.484375,0.484375,0.484375,0.484375,0.484375,0.0,0.0,0.0,0.0,0.0
3000,-7.5,3,11.382812,11.808594,12.234375,12.236328,12.238281,10.894531,11.320312,11.746094,11.748047,11.75,0.003906,0.003906,0.003906,0.003906,0.003906,0.484375,0.484375,0.484375,0.484375,0.484375,0.0,0.0,0.0,0.0,0.0
3000,-7.0,3,11.382812,11.808594,12.234375,12.236328,12.238281,10.894531,11.320312,11.746094,11.748047,11.75,0.003906,0.003906,0.003906,0.003906,0.003906,0.484375,0.484375,0.484375,0.484375,0.484375,0.0,0.0,0.0,0.0,0.0
3000,-6.5,3,11.433582,11.833979,12.234375,12.240234,12.246094,10.925774,11.335934,11.746094,11.751953,11.757812,0.003906,0.003906,0.003906,0.003906,0.003906,0.484375,0.484375,0.484375,0.494138,0.503902,0.0,0.0,0.0,0.0,0.0
3000,-6.0,3,11.433594,11.833984,12.234375,12.240234,12.246094,10.925781,11.335938,11.746094,11.751953,11.757812,0.003906,0.003906,0.003906,0.003906,0.003906,0.484375,0.484375,0.484375,0.494141,0.503906,0.0,0.0,0.0,0.0,0.0
3000,-5.5,3,11.433594,11.833984,12.234375,12.240234,12.246094,10.925781,11.335938,11.746094,11.751953,11.757812,0.003906,0.003906,0.003906,0.003906,0.003906,0.484375,0.484375,0.484375,0.494141,0.503906,0.0,0.0,0.0,0.0,0.0
3000,-5.0,3,11.433594,11.833984,12.234375,12.240234,12.246094,10.925781,11.335938,11.746094,11.751953,11.757812,0.003906,0.003906,0.003906,0.003906,0.003906,0.484375,0.484375,0.484375,0.494141,0.503906,0.0,0.0,0.0,0.0,0.0
3000,-4.5,3,11.433594,11.833984,12.234375,12.240234,12.246094,10.925781,11.335938,11.746094,11.751953,11.757812,0.003906,0.003906,0.003906,0.003906,0.003906,0.484375,0.484375,0.484375,0.494141,0.503906,0.0,0.0,0.0,0.0,0.0
3000,-4.0,3,11.433594,11.833984,12.234375,12.240234,12.246094,10.925781,11.335938,11.746094,11.751953,11.757812,0.003906,0.003906,0.003906,0.003906,0.003906,0.484375,0.484375,0.484375,0.494141,0.503906,0.0,0.0,0.0,0.0,0.0
3000,-3.5,3,11.433594,11.833984,12.234375,12.240234,12.246094,10.925781,11.335938,11.746094,11.751953,11.757812,0.003906,0.003906,0.003906,0.003906,0.003906,0.484375,0.484375,0.484375,0.494141,0.503906,0.0,0.0,0.0,0.0,0.0
3000,-3.0,3,11.433594,11.833984,12.234375,12.240234,12.246094,10.925781,11.335938,11.746094,11.751953,11.757812,0.003906,0.003906,0.003906,0.003906,0.003906,0.484375,0.484375,0.484375,0.494141,0.503906,0.0,0.0,0.0,0.0,0.0
3000,-2.5,3,11.433594,11.833984,12.234375,12.240234,12.246094,10.925781,11.335938,11.746094,11.751953,11.757812,0.003906,0.003906,0.003906,0.003906,0.003906,0.484375,0.484375,0.484375,0.494141,0.503906,0.0,0.0,0.0,0.0,0.0
3000,-2.0,3,11.433594,11.833984,12.234375,12.240234,12.246094,10.925781,11.335938,11.746094,11.751953,11.757812,0.003906,0.003906,0.003906,0.003906,0.003906,0.484375,0.484375,0.484375,0.494141,0.503906,0.0,0.0,0.0,0.0,0.0
3000,-1.5,3,11.4375,11.841797,12.246094,12.552734,12.859375,10.929688,11.34375,11.757812,12.064453,12.371094,0.003906,0.003906,0.003906,0.003906,0.003906,0.484375,0.484375,0.484375,0.494141,0.503906,0.0,0.0,0.0,0.0,0.0
3000,-1.0,3,11.4375,11.841797,12.246094,12.552734,12.859375,10.929688,11.34375,11.757812,12.064453,12.371094,0.003906,0.003906,0.003906,0.003906,0.003906,0.484375,0.484375,0.484375,0.494141,0.503906,0.0,0.0,0.0,0.0,0.0
3000,-0.5,3,11.4375,11.841797,12.246094,12.552734,12.859375,10.929688,11.34375,11.757812,12.064453,12.371094,0.003906,0.003906,0.003906,0.003906,0.003906,0.484375,0.484375,0.484375,0.494141,0.503906,0.0,0.0,0.0,0.0,0.0
3000,0.0,3,12.246094,12.76379,13.281486,13.3867,13.491915,11.757812,12.204917,12.652022,12.788251,12.92448,0.003906,0.003906,0.003906,0.04159,0.079274,0.484375,0.486268,0.488161,0.497101,0.50604,0.0,0.0,0.0,0.037599,0.075198
3000,0.5,3,21.051344,21.668958,22.286573,23.48089,24.675208,18.989867,19.613141,20.236415,21.529057,22.821698,0.988755,1.146372,1.303988,1.401711,1.499433,0.549522,0.550123,0.550725,0.553116,0.555507,0.982627,1.139888,1.297148,1.39465,1.492153
3000,1.0,3,26.319544,26.694198,27.068852,27.408597,27.748341,20.897623,20.942146,20.986669,22.534658,24.082646,2.379773,2.521595,2.663417,2.794637,2.925857,0.592945,0.597139,0.601333,0.603883,0.606432,2.37355,2.515479,2.657408,2.788331,2.919255
3000,1.5,3,28.59362,29.38848,30.183341,30.839228,31.495115,20.291565,20.362579,20.433594,22.042579,23.651563,3.79087,3.932277,4.073685,4.102327,4.130969,0.633066,0.635591,0.638117,0.644449,0.650781,3.784005,3.925741,4.067476,4.167584,4.267693
3000,2.0,3,32.313327,32.406901,32.500475,32.614643,32.728811,21.125549,21.380584,21.635619,21.758465,21.881312,4.938113,5.03351,5.128906,5.167749,5.206592,0.657964,0.66402,0.670076,0.68181,0.693544,4.930868,5.064983,5.199097,5.356732,5.514366
3000,2.5,3,30.820463,31.393793,31.967122,33.356003,34.744883,20.843616,21.173903,21.504191,21.600069,21.695947,6.133136,6.254649,6.376163,6.493491,6.61082,0.696983,0.699615,0.702247,0.71862,0.734992,6.127092,6.248331,6.369571,6.486634,6.603698
3000,3.0,3,30.60673,32.871736,35.136741,35.402139,35.667536,18.628404,19.896277,21.164151,22.157326,23.150501,7.609481,7.712487,7.815493,7.920435,8.025378,0.743946,0.74482,0.745694,0.760288,0.774882,7.603647,7.706599,7.809551,7.914256,8.018962
3000,3.5,3,31.617531,33.985346,36.353161,37.399949,38.446738,18.058605,20.078172,22.097739,22.296326,22.494912,9.07667,9.161959,9.247248,9.339187,9.431125,0.788239,0.795996,0.803752,0.810664,0.817576,9.070325,9.155812,9.241299,9.333367,9.425435
3000,4.0,3,36.202113,36.8159,37.429688,37.532814,37.63594,20.632812,20.77738,20.921948,21.131037,21.340127,10.25,10.330042,10.410084,10.477234,10.544384,0.822409,0.83308,0.84375,0.846523,0.849296,10.242462,10.389995,10.537529,10.608616,10.679703
3000,4.5,3,38.017464,38.297366,38.577268,38.829143,39.081017,20.720542,20.844646,20.96875,21.676287,22.383825,11.260641,11.272557,11.284473,11.392376,11.500279,0.849561,0.859344,0.869128,0.874306,0.879485,11.25472,11.266609,11.278499,11.614019,11.949539
3000,5.0,3,40.828321,41.223694,41.619066,41.695333,41.7716,22.357841,22.647675,22.93751,23.4815,24.025491,12.602429,12.625437,12.648445,12.666637,12.684829,0.895031,0.902343,0.909655,0.910502,0.911349,12.596435,12.619496,12.642558,12.660792,12.679026
3000,5.5,3,40.800299,41.826815,42.853331,43.426372,43.999413,19.987446,21.361075,22.734703,23.083923,23.433142,14.016383,14.039363,14.062342,14.079074,14.095806,0.933758,0.943063,0.952368,0.952544,0.952719,14.009755,14.032787,14.05582,14.07259,14.089361
3000,6.0,3,41.994048,43.873724,45.7534,46.138458,46.523516,19.725525,21.743159,23.760793,24.283124,24.805455,15.430938,15.466776,15.502614,15.50925,15.515886,0.977483,0.985659,0.993835,0.995336,0.996837,15.423676,15.459597,15.495519,15.50217,15.508822
3000,6.5,3,45.169408,45.819516,46.469624,46.528639,46.587654,20.397008,21.635497,22.873987,23.082188,23.29039,16.834728,16.861913,16.889098,16.920938,16.952777,1.022165,1.028677,1.035189,1.039029,1.042868,16.827923,16.855046,16.88217,16.913938,16.945705
3000,7.0,3,45.448058,48.162503,50.876948,51.025385,51.173822,20.320335,22.396495,24.472656,25.455078,26.4375,17.929688,18.067888,18.206088,18.252417,18.298745,1.062578,1.064492,1.066406,1.072146,1.077885,18.200086,18.24631,18.292533,18.332311,18.372089
3000,7.5,3,49.894786,50.843272,51.791759,52.223808,52.655858,23.296396,24.108697,24.920998,25.6915,26.462002,18.90541,19.226813,19.548216,19.59093,19.633645,1.098163,1.100395,1.102627,1.111811,1.120995,18.89838,19.220529,19.542678,19.585491,19.628305
3000,8.0,3,48.464844,48.881066,49.297289,50.822155,52.347022,20.984375,21.483635,21.982895,23.728203,25.473511,20.295809,20.393998,20.492188,20.701379,20.910571,1.140421,1.141739,1.143057,1.143794,1.144531,20.288989,20.386956,20.484924,20.694601,20.904278
3000,8.5,3,47.297452,48.179558,49.061665,49.13135,49.201035,20.432938,20.514552,20.596166,21.621262,22.646358,21.457997,21.520347,21.582698,21.636824,21.690951,1.156517,1.167469,1.178422,1.181858,1.185294,21.452452,21.514662,21.576872,21.630876,21.68488
3000,9.0,3,51.547979,52.44801,53.348042,53.393155,53.438268,21.46627,23.312057,25.157845,25.330923,25.504002,22.832309,22.924358,23.016406,23.047042,23.077678,1.198114,1.209833,1.221552,1.224426,1.227299,22.82656,22.918823,23.011085,23.04173,23.072376
3000,9.5,3,53.466431,53.583042,53.699653,54.081151,54.462649,22.912807,23.3116,23.710393,24.063029,24.415665,24.26347,24.351933,24.440397,24.459777,24.479157,1.242568,1.254132,1.265695,1.265732,1.265768,24.257127,24.345796,24.434465,24.45389,24.473315
3000,10.0,3,53.934765,55.095903,56.25704,56.793203,57.329366,23.20167,23.227129,23.252589,24.661393,26.070198,25.709213,25.782085,25.854957,25.869149,25.883341,1.299955,1.30285,1.305744,1.306979,1.308214,25.70231,25.775351,25.848392,25.862617,25.876842
3000,10.5,3,54.377329,56.291589,58.205849,58.463668,58.721487,21.675094,23.811921,25.948749,25.980237,26.011725,27.175795,27.227993,27.28019,27.28832,27.296449,1.346943,1.348703,1.350463,1.350632,1.3508,27.169041,27.221121,27.273201,27.281312,27.289423
3000,11.0,3,56.851562,57.410156,57.96875,58.518823,59.068896,22.910156,23.640625,24.371094,25.303071,26.235047,27.879946,28.02591,28.171875,28.171875,28.171875,1.369532,1.374219,1.378906,1.378906,1.378906,27.874164,28.020468,28.166771,28.166771,28.166771
3000,11.5,3,57.238013,57.767179,58.296345,59.775017,61.253689,22.058211,22.452502,22.846793,24.912361,26.977929,29.258323,29.267891,29.277459,29.296092,29.314725,1.405854,1.406161,1.406469,1.410314,1.41416,29.251825,29.261415,29.271005,29.289681,29.308357
3000,12.0,3,60.696784,61.293243,61.889702,62.234895,62.580088,24.038196,24.477124,24.916052,25.78447,26.652888,30.691218,30.72458,30.757941,30.765726,30.773512,1.450084,1.450915,1.451746,1.455017,1.458288,30.684327,30.717667,30.751007,30.758811,30.766614
3000,12.5,3,59.770707,60.09795,60.425192,60.986006,61.54682,21.640515,22.242488,22.844461,22.944926,23.045391,32.116213,32.167917,32.21962,32.228553,32.237485,1.498319,1.498337,1.498355,1.500045,1.501736,32.110004,32.161591,32.213178,32.22209,32.231002
3000,13.0,3,63.358811,64.041824,64.724837,64.742318,64.759799,23.767247,24.234995,24.702743,25.19597,25.689197,33.540678,33.603266,33.665855,33.690735,33.715616,1.535261,1.538057,1.540853,1.543113,1.545372,33.535152,33.597599,33.660046,33.684871,33.709696
3000,13.5,3,61.877043,63.69088,65.504718,66.045287,66.585855,20.819475,23.323862,25.828249,25.873607,25.918965,34.256517,34.299762,34.343007,34.655727,34.968448,1.558258,1.559417,1.560577,1.567036,1.573495,34.249871,34.293216,34.336562,34.650008,34.963453
3000,14.0,3,63.205902,64.868576,66.53125,67.406179,68.281109,21.927269,23.242931,24.558594,25.325973,26.093352,35.695727,35.758764,35.8218,35.838634,35.855469,1.596457,1.598395,1.600333,1.600948,1.601562,35.689237,35.752131,35.815025,35.831821,35.848618
3000,14.5,3,64.423434,64.632695,64.841955,65.168513,65.495071,20.713515,21.210045,21.706575,22.207382,22.708188,36.985843,37.057356,37.128869,37.213293,37.297717,1.633912,1.638151,1.64239,1.644484,1.646578,36.980338,37.05169,37.123042,37.207275,37.291509
3000,15.0,3,68.344049,68.498438,68.652827,69.754565,70.856302,24.023569,24.051374,24.079178,24.857207,25.635235,38.433415,38.500971,38.568527,38.670325,38.772122,1.680218,1.680468,1.680718,1.682019,1.68332,38.428542,38.495946,38.56335,38.664917,38.766485
3000,15.5,3,68.88432,69.903224,70.922129,71.330059,71.73799,22.761997,23.970032,25.178067,25.52733,25.876593,39.392601,39.639596,39.88659,39.945829,40.005068,1.703171,1.711639,1.720108,1.721739,1.723369,39.386127,39.633695,39.881262,39.940639,40.000015
3000,16.0,3,69.047243,69.565125,70.083007,71.459472,72.835938,21.674968,22.065136,22.455304,24.270621,26.085938,40.856579,40.916571,40.976562,41.162256,41.34795,1.750071,1.753942,1.757812,1.76097,1.764128,40.850136,40.909992,40.969849,41.155973,41.342098
3000,16.5,3,69.117441,70.010995,70.904549,72.209162,73.513776,20.854684,21.9628,23.070916,23.86202,24.653124,41.965401,41.999741,42.034081,42.168301,42.30252,1.781732,1.782829,1.783927,1.788217,1.792507,41.960353,41.994616,42.028879,42.162795,42.296712
3000,17.0,3,70.970566,72.672782,74.374998,74.557253,74.739508,20.62708,22.609815,24.59255,25.005063,25.417576,43.441282,43.458726,43.47617,43.60963,43.74309,1.825541,1.827839,1.830137,1.832454,1.834771,43.436372,43.453856,43.471341,43.604635,43.737929
3000,17.5,3,69.274273,72.096237,74.918202,76.071222,77.224243,19.942102,22.033921,24.125739,24.759979,25.394219,44.907153,44.911995,44.916836,45.051924,45.187011,1.868459,1.869072,1.869685,1.873536,1.877388,44.901729,44.906582,44.911435,45.046836,45.182236
3000,18.0,3,72.725594,74.212407,75.699219,77.129355,78.559491,21.916064,22.424829,22.933594,24.616647,26.2997,46.097656,46.213183,46.32871,46.339093,46.349475,1.902344,1.907762,1.913181,1.914318,1.915456,46.09108,46.206875,46.32267,46.333076,46.343483
3000,18.5,3,74.887231,75.118501,75.349771,77.278046,79.206322,21.437074,21.988068,22.539062,24.012721,25.48638,47.210233,47.479648,47.749063,47.776875,47.804688,1.936839,1.946046,1.955253,1.956142,1.957031,47.205044,47.473851,47.742658,47.770407,47.798157
3000,19.0,3,74.356146,77.191331,80.026517,80.93721,81.847903,21.263657,23.444329,25.625,25.871904,26.118809,48.312349,48.368829,48.425309,48.53486,48.64441,1.972581,1.973347,1.974113,1.977101,1.980089,48.420218,48.530023,48.639828,48.645762,48.651695
3000,19.5,3,76.903064,77.286732,77.670399,78.484566,79.298733,21.185572,21.635172,22.084772,22.652328,23.219884,49.68917,49.787355,49.88554,49.983321,50.081103,2.012696,2.015399,2.018101,2.020792,2.023484,49.683097,49.781509,49.879922,49.977931,50.07594
3000,20.0,3,77.770194,78.321118,78.872043,81.571309,84.270574,21.622963,21.719347,21.815731,23.699289,25.582847,51.080954,51.21484,51.348726,51.430211,51.511696,2.054189,2.056525,2.058861,2.062759,2.066656,51.074826,51.208707,51.342589,51.424263,51.505936
3000,20.5,3,81.004045,81.301486,81.598927,83.926417,86.253906,22.962133,23.261235,23.560336,24.836809,26.113281,52.407273,52.601111,52.79495,52.860365,52.925781,2.096708,2.099296,2.101884,2.103677,2.105469,52.40205,52.595451,52.788851,52.85412,52.919388
3000,21.0,3,80.925169,82.939512,84.953854,85.802393,86.650933,21.858609,23.38904,24.919471,25.406091,25.892711,53.526835,53.646011,53.765187,53.823015,53.880843,2.122012,2.12849,2.134969,2.135676,2.136384,53.521836,53.641289,53.760741,54.002409,54.244077
3000,21.5,3,82.987688,83.51357,84.039452,84.797326,85.5552,22.552547,22.841627,23.130707,23.224641,23.318575,54.848137,54.9062,54.964263,55.071584,55.178906,2.162987,2.164041,2.165095,2.170141,2.175186,54.842289,54.900487,54.958684,55.066255,55.173825
3000,22.0,3,85.412801,86.332371,87.251942,87.368618,87.485295,23.761126,23.910309,24.059491,24.184004,24.308516,56.300075,56.352862,56.40565,56.499948,56.594247,2.209144,2.209315,2.209485,2.212926,2.216367,56.293862,56.346682,56.399501,56.494018,56.588535
3000,22.5,3,86.731072,88.202054,89.673037,89.777615,89.882194,23.877757,24.269101,24.660446,24.965702,25.270959,57.759623,57.808177,57.856732,57.932663,58.008595,2.249943,2.252792,2.255641,2.258156,2.26067,57.754015,57.80246,57.850904,57.926665,58.002425
3000,23.0,3,87.396295,88.533821,89.671347,90.871965,92.072583,23.03929,23.869255,24.699219,25.029297,25.359375,58.564871,58.731654,58.898438,59.058873,59.219308,2.274445,2.277848,2.28125,2.287599,2.293947,58.829118,59.021711,59.214304,59.259271,59.304239
3000,23.5,3,87.617188,88.07481,88.532433,90.592142,92.651851,21.835938,21.859768,21.883598,23.602774,25.321951,59.9108,59.938518,59.966236,60.285852,60.605469,2.309725,2.312569,2.315412,2.323721,2.332031,59.904954,59.932736,59.960518,60.280876,60.601234
3000,24.0,3,88.173688,88.497178,88.820668,90.853017,92.885367,20.729077,21.207474,21.68587,22.885888,24.085906,61.290152,61.314069,61.337986,61.352786,61.367586,2.3521,2.353008,2.353916,2.355367,2.356817,61.284373,61.308236,61.332098,61.346865,61.361632
3000,24.5,3,91.622315,91.72647,91.830625,92.179697,92.52877,22.236632,22.25705,22.277467,22.953172,23.628876,62.752803,62.767976,62.783149,62.783662,62.784175,2.396886,2.39825,2.399613,2.400704,2.401795,62.747621,62.76276,62.777899,62.77841,62.778922
3000,25.0,3,90.979286,92.999729,95.020172,95.726381,96.432589,21.480775,22.365614,23.250453,24.338837,25.427221,64.19507,64.203529,64.211987,64.21616,64.220332,2.440012,2.441392,2.442773,2.442942,2.443111,64.190531,64.198971,64.20741,64.211573,64.215737
3000,25.5,3,93.777089,94.289637,94.802185,96.125438,97.448691,22.356392,22.566716,22.77704,23.51143,24.245819,65.593973,65.601482,65.60899,65.641189,65.673388,2.482911,2.483709,2.484506,2.484569,2.484632,65.589569,65.597095,65.604621,65.636894,65.669167
3000,26.0,3,93.210938,96.165581,99.120224,99.314285,99.508346,21.273438,23.000258,24.727078,25.166273,25.605469,66.582031,66.582031,66.582031,66.737777,66.893522,2.511719,2.511719,2.511719,2.518539,2.525359,66.576004,66.610165,66.644326,66.822861,67.001395
3000,26.5,3,96.397894,97.213402,98.028911,99.077872,100.126834,22.745253,23.032449,23.319644,24.491446,25.663247,67.550756,67.5903,67.629844,67.660478,67.691112,2.543387,2.543913,2.544439,2.545041,2.545644,67.54644,67.585895,67.62535,67.655915,67.68648
3000,27.0,3,96.010415,98.206498,100.402581,101.168616,101.934651,21.483641,23.036259,24.588877,24.887457,25.186036,68.865507,68.960574,69.055642,69.076947,69.098252,2.58101,2.582304,2.583599,2.584185,2.584771,68.860863,68.956151,69.051439,69.072794,69.094148
3000,27.5,3,98.914528,98.951761,98.988994,99.821411,100.653828,21.676454,22.036259,22.396063,22.699008,23.001953,70.242997,70.379353,70.515708,70.518189,70.52067,2.627583,2.627651,2.627719,2.627804,2.627889,70.237634,70.374306,70.510979,70.513465,70.515952
3000,28.0,3,99.249978,101.130826,103.011675,104.322582,105.633489,21.831207,22.539959,23.248711,25.04023,26.831748,71.650684,71.776582,71.902479,71.941548,71.980616,2.666532,2.669537,2.672541,2.672757,2.672973,71.644913,71.770982,71.897052,71.936211,71.97537
3000,28.5,3,101.058777,103.039154,105.019531,105.836408,106.653286,22.194907,22.988079,23.78125,25.031667,26.282084,73.08172,73.195122,73.308524,73.35934,73.410156,2.710659,2.711127,2.711595,2.715173,2.71875,73.076617,73.189763,73.302909,73.353611,73.404312
3000,29.0,3,102.986172,103.686276,104.386379,105.717183,107.047987,22.49046,22.590294,22.690128,23.930463,25.170799,74.037602,74.273941,74.510279,74.605171,74.700063,2.73021,2.741221,2.752231,2.752529,2.752827,74.030342,74.266707,74.503072,74.598185,74.693297
3000,29.5,3,105.206834,106.255315,107.303796,107.906056,108.508316,23.924852,23.929499,23.934146,24.547474,25.160802,75.222411,75.358021,75.493631,75.708361,75.923091,2.768027,2.771983,2.775939,2.783775,2.791611,75.271188,75.379085,75.486983,75.701229,75.915474
3000,30.0,3,105.144456,105.413108,105.68176,106.871192,108.060624,20.816967,21.846373,22.875779,23.36953,23.863281,76.619016,76.651028,76.683041,76.811141,76.939241,2.805911,2.810759,2.815607,2.815892,2.816177,76.612787,76.715627,76.818466,76.875848,76.933229
3000,30.5,3,106.610357,107.149638,107.688919,108.594183,109.499448,22.288537,22.584745,22.880953,23.01273,23.144508,77.912439,77.974221,78.036003,78.209568,78.383134,2.849651,2.85239,2.85513,2.858781,2.862431,77.905297,77.967222,78.029147,78.203115,78.377083
3000,31.0,3,108.187451,109.053372,109.919294,111.397938,112.876582,22.165691,22.586912,23.008133,24.504754,26.001374,79.345098,79.394115,79.443131,79.512761,79.58239,2.892436,2.894588,2.89674,2.897018,2.897297,79.337555,79.38659,79.435625,79.630037,79.82445
3000,31.5,3,109.750509,110.216905,110.683301,110.950472,111.217644,22.236104,22.41875,22.601396,22.850079,23.098762,80.418813,80.613879,80.808945,80.840797,80.872648,2.919009,2.927179,2.935349,2.937732,2.940115,80.412745,80.607371,80.801996,80.833776,80.865556
3000,32.0,3,110.131783,112.490311,114.84884,115.053596,115.258352,22.009878,23.469783,24.929688,25.032609,25.135531,81.848057,82.059114,82.270171,82.284934,82.299696,2.961721,2.97009,2.978459,2.981961,2.985463,81.842216,82.053019,82.263823,82.278552,82.293281
3000,32.5,3,113.710938,114.630536,115.550134,115.875372,116.200609,24.152258,24.175738,24.199219,24.823015,25.446811,82.884311,83.082848,83.281385,83.466864,83.652344,3.002299,3.004708,3.007117,3.011371,3.015625,82.876959,83.075957,83.274955,83.460865,83.646774
3000,33.0,3,112.515576,112.870582,113.225588,115.851902,118.478216,20.356832,21.34246,22.328087,24.271465,26.214844,84.310093,84.330263,84.350434,84.530178,84.709923,3.033646,3.039698,3.045751,3.047605,3.049459,84.303039,84.323164,84.343289,84.523091,84.702892
3000,33.5,3,114.373426,115.41606,116.458695,117.505565,118.552434,22.68603,22.688421,22.690811,23.454176,24.217541,85.7556,85.786121,85.816643,85.975313,86.133983,3.083265,3.08605,3.088835,3.090185,3.091535,85.749182,85.779635,85.810087,85.968399,86.126712
3000,34.0,3,115.310368,116.510653,117.710938,119.150754,120.590571,22.12195,22.268006,22.414062,23.857313,25.300563,87.066406,87.144796,87.223185,87.257417,87.291649,3.121094,3.121288,3.121483,3.126327,3.131171,87.060928,87.139141,87.217354,87.251508,87.285663
3000,34.5,3,116.184926,117.431157,118.677387,120.180899,121.684411,19.376259,21.671089,23.965919,24.607959,25.25,88.172458,88.43725,88.702042,88.733991,88.765939,3.152578,3.159127,3.165676,3.170608,3.17554,88.165632,88.431038,88.696444,88.728467,88.76049
3000,35.0,3,118.121094,119.281246,120.441398,122.214403,123.987408,22.453125,22.722248,22.991371,24.537576,26.083781,89.387433,89.495431,89.603428,89.616167,89.628906,3.190825,3.193069,3.195312,3.19536,3.195407,89.380616,89.488369,89.596123,89.608834,89.621544
3000,35.5,3,118.998424,120.413717,121.82901,123.566337,125.303663,22.152041,22.515077,22.878112,24.404241,25.93037,90.774485,90.809983,90.845481,90.937795,91.030109,3.228148,3.230978,3.233809,3.236019,3.23823,90.768435,90.803853,90.839271,90.931377,91.023483
3000,36.0,3,123.094593,123.228364,123.362135,124.438194,125.514254,22.24494,23.640587,25.036234,25.061697,25.08716,92.215503,92.247765,92.280027,92.37161,92.463193,3.266648,3.271866,3.277084,3.278482,3.279879,92.2101,92.242289,92.274478,92.365854,92.457231
3000,36.5,3,121.739424,122.552679,123.365933,125.544539,127.723146,21.508538,21.758089,22.007639,23.709021,25.410402,93.574105,93.62171,93.669314,93.776363,93.883413,3.31393,3.316943,3.319955,3.320424,3.320893,93.568067,93.615782,93.663497,93.770794,93.878092
3000,37.0,3,123.709537,126.012344,128.315151,128.843123,129.371094,22.552028,23.792655,25.033282,25.600625,26.167969,94.75,94.856582,94.963164,95.008271,95.053378,3.34375,3.347172,3.350595,3.355949,3.361304,94.742775,94.849604,94.956434,95.001645,95.046857
3000,37.5,3,121.81503,123.900031,125.985033,126.382096,126.779158,19.170786,20.221485,21.272184,21.844041,22.415899,95.876648,96.140203,96.403758,96.423721,96.443684,3.377236,3.386986,3.396735,3.399356,3.401978,95.870779,96.133739,96.396699,96.416617,96.436535
3000,38.0,3,124.421875,127.269531,130.117188,130.572456,131.027725,20.847656,22.679688,24.511719,24.85559,25.199461,97.297324,97.302959,97.308594,97.308594,97.308594,3.421565,3.42172,3.421875,3.425781,3.429688,97.292095,97.297743,97.303391,97.303391,97.303391
3000,38.5,3,128.494728,128.692037,128.889346,130.300633,131.71192,21.621046,22.710603,23.80016,24.431016,25.061873,98.325297,98.360267,98.395237,98.545876,98.696515,3.455581,3.456572,3.457563,3.459986,3.46241,98.318537,98.353589,98.38864,98.539628,98.690617
3000,39.0,3,127.770069,129.122455,130.474841,132.359506,134.244172,21.603288,22.002963,22.402638,23.961513,25.520388,99.706374,99.765447,99.82452,99.966206,100.107892,3.498511,3.498576,3.498641,3.502579,3.506517,99.699658,99.758598,99.817537,99.959445,100.101353
3000,39.5,3,131.330462,133.096833,134.863205,135.454002,136.044798,23.694681,24.533683,25.372686,25.610523,25.848361,101.084424,101.168773,101.253122,101.39535,101.537577,3.538907,3.538908,3.538909,3.544197,3.549485,101.078496,101.162655,101.246813,101.38872,101.530627
3000,40.0,3,129.587246,131.181746,132.776246,134.104786,135.433325,20.486038,21.176331,21.866624,23.093334,24.320044,102.429688,102.44457,102.459452,102.567419,102.675385,3.574219,3.578145,3.582072,3.582527,3.582983,102.454319,102.562042,102.669765,102.690754,102.711742
3000,40.5,3,129.918132,132.359112,134.800092,135.871193,136.942293,19.340897,20.978693,22.616489,23.590804,24.56512,103.468462,103.676293,103.884125,103.996683,104.109241,3.605767,3.615005,3.624244,3.625052,3.62586,103.461891,103.670205,103.878519,103.991338,104.104157
3000,41.0,3,135.720147,136.263804,136.807462,137.787968,138.768475,22.944858,23.587663,24.230469,24.681645,25.132822,104.881383,104.936785,104.992188,105.160279,105.328371,3.644896,3.64862,3.652344,3.659694,3.667045,104.874683,104.92996,104.985237,105.153719,105.322201
3000,41.5,3,134.123177,135.471157,136.819137,139.140539,141.46194,21.499666,21.895818,22.291971,24.327626,26.363281,105.917241,106.006025,106.094809,106.198773,106.302737,3.684952,3.68528,3.685607,3.686077,3.686546,105.912101,106.000685,106.089268,106.192998,106.296727
3000,42.0,3,137.490452,138.191756,138.89306,140.895605,142.898151,22.942897,23.187563,23.43223,24.877254,26.322277,107.354891,107.422105,107.489319,107.613591,107.737862,3.725153,3.726619,3.728085,3.72836,3.728636,107.349508,107.416878,107.484248,107.60838,107.732512
3000,42.5,3,137.520977,138.270259,139.019542,140.94989,142.880238,20.996562,22.249939,23.503316,24.166147,24.828978,108.799453,108.853268,108.907082,109.038962,109.170841,3.765393,3.767916,3.770438,3.770741,3.771044,108.793507,108.847446,108.901386,109.033571,109.165757
3000,43.0,3,137.320888,138.20268,139.084473,140.269274,141.454075,20.056474,20.216985,20.377496,22.430452,24.483409,110.113281,110.178295,110.243308,110.28141,110.319513,3.800781,3.804092,3.807403,3.808431,3.809459,110.106468,110.171632,110.236797,110.274987,110.313178
3000,43.5,3,146.890389,147.145748,147.401106,147.561486,147.721866,21.222601,22.72057,24.218539,24.225643,24.232747,116.047436,116.146961,116.246485,116.399975,116.553465,3.987689,3.988624,3.989559,3.99501,4.000461,111.193336,111.43377,111.674204,111.701355,111.728507
3000,44.0,3,31.514847,33.404636,35.294425,61.932128,88.569831,22.617059,22.655705,22.694351,24.452644,26.210938,1.714844,4.217807,6.72077,33.599725,60.478681,0.720725,0.729553,0.738382,1.540554,2.342727,1.707077,1.761834,1.816592,4.077585,6.338578
3000,44.5,3,28.328217,29.537565,30.746913,31.712651,32.67839,21.885022,22.864851,23.84468,24.176248,24.507816,2.727836,2.748273,2.768711,2.930719,3.092728,0.626636,0.62803,0.629423,0.630515,0.631607,2.721681,2.742072,2.762464,2.924107,3.08575
3000,45.0,3,28.063206,29.334358,30.605511,32.022898,33.440285,20.297243,21.48642,22.675596,22.914458,23.153321,4.165165,4.166659,4.168154,4.335738,4.503322,0.668398,0.671333,0.674267,0.675045,0.675824,4.159169,4.160667,4.162164,4.329612,4.497059
3000,45.5,3,30.820558,31.655815,32.491071,34.49041,36.489749,21.408098,22.175361,22.942624,23.856637,24.77065,5.572918,5.592358,5.611798,5.752778,5.893758,0.70957,0.712147,0.714724,0.715345,0.715966,5.566273,5.585759,5.605244,5.74655,5.887857
3000,46.0,3,31.878933,33.950617,36.022301,36.257803,36.493304,20.87884,22.0848,23.29076,24.450528,25.610296,6.835938,6.904412,6.972886,7.004802,7.036718,0.746094,0.749931,0.753769,0.757061,0.760353,6.965574,6.992767,7.019959,7.024757,7.029554
3000,46.5,3,34.333099,35.177476,36.021852,37.398851,38.775849,21.888435,22.07986,22.271286,24.340632,26.409979,7.868938,8.123893,8.378848,8.429712,8.480576,0.772253,0.782316,0.792379,0.795868,0.799357,7.862876,8.117255,8.371635,8.422384,8.473133
3000,47.0,3,37.157772,37.266581,37.37539,38.384142,39.392894,23.487573,23.667615,23.847656,24.006276,24.164895,9.300889,9.34771,9.394531,9.587071,9.77961,0.817735,0.82293,0.828125,0.831447,0.834769,9.295064,9.341994,9.388924,9.581029,9.773134
3000,47.5,3,35.051216,35.512885,35.974553,37.946926,39.919299,20.148438,20.824511,21.500584,22.35883,23.217077,10.313745,10.419986,10.526228,10.629899,10.73357,0.849411,0.854344,0.859277,0.860541,0.861804,10.519331,10.623242,10.727154,10.911577,11.096001
3000,48.0,3,36.5646,37.193838,37.823077,40.221564,42.620052,20.574668,21.273261,21.971855,23.207335,24.442816,11.687948,11.843635,11.999322,12.077965,12.156607,0.889837,0.896672,0.903508,0.903719,0.90393,11.681063,11.836496,11.991929,12.070753,12.149578
3000,48.5,3,39.795001,41.690326,43.58565,44.051496,44.517342,22.500332,23.671494,24.842655,25.464965,26.087275,13.090351,13.275297,13.460243,13.52377,13.587296,0.930881,0.938746,0.94661,0.946688,0.946765,13.084199,13.268728,13.453257,13.51664,13.580023
3000,49.0,3,40.941806,42.39273,43.843654,45.157085,46.470515,22.235884,23.554307,24.872729,25.344568,25.816406,14.45778,14.486702,14.515625,14.704887,14.894148,0.972656,0.973681,0.974705,0.982772,0.990839,14.452175,14.481165,14.510155,14.698989,14.887824
3000,49.5,3,42.453257,42.476169,42.499081,42.992079,43.485077,21.745881,22.066611,22.387341,22.665026,22.942711,15.463971,15.527303,15.590636,15.684013,15.77739,1.006462,1.007199,1.007935,1.011512,1.015089,15.456786,15.520265,15.583745,15.677339,15.770932
3000,50.0,3,43.581267,44.357776,45.134285,45.296922,45.459559,22.118802,22.185931,22.253059,23.180764,24.108468,16.891168,16.956,17.020831,17.076833,17.132834,1.045044,1.046878,1.048712,1.052452,1.056193,16.884235,16.94892,17.013606,17.069606,17.125607
3000,50.5,3,44.767073,45.076888,45.386702,46.065806,46.744909,22.027,22.152435,22.277871,22.439622,22.601373,18.309106,18.36363,18.418154,18.432804,18.447453,1.090768,1.092253,1.093738,1.093948,1.094159,18.302871,18.357272,18.411673,18.42629,18.440906
3000,51.0,3,46.275054,47.747282,49.21951,49.326635,49.433759,22.062353,22.656563,23.250772,24.265405,25.280038,19.721906,19.763443,19.804979,19.839267,19.873554,1.129745,1.130687,1.131629,1.132957,1.134284,19.716381,19.757824,19.799266,19.833477,19.867687
3000,51.5,3,47.072371,47.99825,48.924128,49.809144,50.694161,21.680614,22.373456,23.066297,23.177617,23.288937,21.129118,21.157757,21.186396,21.232105,21.277813,1.170363,1.17286,1.175357,1.176029,1.176702,21.123332,21.152038,21.180744,21.226559,21.272373
3000,52.0,3,48.922625,49.186852,49.451079,51.364211,53.277344,21.872016,22.231402,22.590788,23.645003,24.699219,22.199219,22.37644,22.553661,22.557219,22.560778,1.199219,1.207806,1.216393,1.218543,1.220693,22.192001,22.369634,22.547266,22.550833,22.554399
3000,52.5,3,50.118082,51.566854,53.015625,53.788959,54.562293,22.615837,23.598934,24.582031,24.728613,24.875195,23.123064,23.199388,23.275713,23.590981,23.90625,1.231698,1.233862,1.236025,1.244966,1.253906,23.117659,23.193812,23.269964,23.584521,23.899078
3000,53.0,3,50.435315,50.808405,51.181496,51.939276,52.697056,20.036848,20.784213,21.531579,22.581771,23.631963,24.520835,24.530724,24.540613,24.617099,24.693585,1.270821,1.271098,1.271375,1.27428,1.277186,24.515089,24.525001,24.534913,24.611577,24.688241
3000,53.5,3,54.471327,54.76212,55.052913,56.671393,58.289872,23.979339,24.335436,24.691532,25.183274,25.675015,25.904512,25.931307,25.958102,26.038139,26.118176,1.314039,1.315516,1.316993,1.317167,1.317341,25.898062,25.924919,25.951776,26.031999,26.112221
3000,54.0,3,56.603009,56.762523,56.922038,57.946225,58.970413,24.643643,24.767182,24.890722,24.994098,25.097474,27.330144,27.353908,27.377672,27.460001,27.54233,1.355784,1.356729,1.357673,1.359313,1.360954,27.323087,27.346906,27.370725,27.453245,27.535765
3000,54.5,3,55.130399,55.80864,56.48688,58.045788,59.604697,20.944476,21.329666,21.714856,24.019855,26.324853,28.743628,28.767461,28.791295,28.876871,28.962447,1.398477,1.399373,1.400269,1.40144,1.402611,28.737234,28.761014,28.784793,28.870176,28.955559
3000,55.0,3,53.210938,55.927232,58.643526,60.035458,61.427389,16.714844,20.245265,23.775686,25.226872,26.678058,29.878906,30.016099,30.153291,30.185363,30.217434,1.429688,1.435399,1.441111,1.443536,1.44596,29.873848,30.010731,30.147614,30.179613,30.211612
3000,55.5,3,57.550059,57.93454,58.319022,60.598066,62.87711,20.679593,20.948007,21.21642,24.365625,27.514829,30.789405,30.890563,30.99172,31.28393,31.576141,1.460208,1.463283,1.466358,1.475209,1.48406,30.985329,31.05932,31.133311,31.352208,31.571105
3000,56.0,3,61.109375,61.506988,61.9046,61.968046,62.031491,22.805202,23.345961,23.886719,24.12172,24.356721,32.194658,32.303671,32.412685,32.427046,32.441406,1.499213,1.503476,1.507738,1.507775,1.507812,32.188272,32.297039,32.405807,32.420135,32.434464
3000,56.5,3,60.188215,60.791562,61.394909,62.385374,63.375839,21.863174,22.313926,22.764679,22.786468,22.808256,33.513311,33.567601,33.621891,33.72795,33.83401,1.538293,1.542183,1.546073,1.547825,1.549576,33.507847,33.562014,33.616182,33.722002,33.827822
3000,57.0,3,62.860283,63.150069,63.439855,65.059762,66.679669,23.650346,23.780648,23.91095,24.284889,24.658827,34.935808,34.994456,35.053105,35.148857,35.244609,1.580264,1.584499,1.588733,1.590137,1.591541,34.930738,34.989401,35.048064,35.1436,35.239136
3000,57.5,3,62.705729,63.268283,63.830837,65.066822,66.302806,20.34196,20.896456,21.450953,23.6662,25.881448,36.358129,36.420181,36.482233,36.575997,36.669761,1.62321,1.627413,1.631616,1.633027,1.634438,36.352444,36.41464,36.476836,36.570817,36.664799
3000,58.0,3,64.667238,65.478021,66.288803,67.699089,69.109375,22.778661,23.223376,23.66809,24.185608,24.703125,37.5625,37.623141,37.683781,37.795118,37.906455,1.65625,1.659872,1.663494,1.670465,1.677435,37.555695,37.616476,37.677257,37.788852,37.900447
3000,58.5,3,65.143988,66.705438,68.266887,69.312819,70.35875,21.051734,22.937753,24.823773,25.302765,25.781756,38.487038,38.573485,38.659931,38.886409,39.112887,1.687546,1.690476,1.693406,1.699668,1.705931,38.482044,38.568296,38.654547,38.880514,39.106481
3000,59.0,3,67.471405,67.925541,68.379676,68.876166,69.372656,22.388329,22.61637,22.844411,23.188636,23.532861,39.898807,39.983316,40.067824,40.291194,40.514563,1.729003,1.732026,1.73505,1.741157,1.747265,39.893507,39.978212,40.062917,40.285904,40.508892
3000,59.5,3,67.475502,69.108114,70.740727,70.780783,70.82084,21.140625,21.724556,22.308487,23.861761,25.415035,41.135752,41.228914,41.322077,41.398456,41.474835,1.764591,1.767248,1.769906,1.774473,1.779041,41.316165,41.392721,41.469277,41.491224,41.51317
3000,60.0,3,70.540534,70.714723,70.888911,71.921184,72.953457,23.061315,23.191451,23.321587,23.49218,23.662774,42.490581,42.61913,42.747679,42.820451,42.893223,1.803306,1.807362,1.811419,1.818407,1.825395,42.484348,42.612754,42.741159,42.8141,42.887041
3000,60.5,3,70.631689,71.587286,72.542882,72.659244,72.775606,21.197237,21.412336,21.627435,23.02282,24.418204,43.885287,44.037137,44.188987,44.245301,44.301615,1.84553,1.85103,1.85653,1.860129,1.863728,43.879804,44.031312,44.182819,44.239007,44.295194
3000,61.0,3,72.701624,73.460578,74.219533,75.620785,77.022037,23.262271,23.515176,23.768081,24.126771,24.485462,45.242188,45.265981,45.289775,45.300454,45.311134,1.882812,1.885526,1.88824,1.889432,1.890625,45.237541,45.261281,45.285021,45.496674,45.708327
3000,61.5,3,73.058349,74.08601,75.113672,76.615177,78.116682,21.149546,22.892055,24.634564,24.687727,24.740891,46.251512,46.264307,46.277102,46.489501,46.7019,1.911189,1.917049,1.922909,1.928187,1.933465,46.245292,46.258117,46.270942,46.483834,46.696726
3000,62.0,3,76.577357,76.85582,77.134283,77.341535,77.548787,22.330683,22.795154,23.259625,24.412484,25.565343,47.660432,47.686482,47.712531,47.894212,48.075892,1.955668,1.960947,1.966225,1.967314,1.968402,47.654227,47.680218,47.706208,47.888099,48.06999
3000,62.5,3,72.836213,74.39047,75.944727,77.928629,79.912531,19.371935,20.270744,21.169552,22.424639,23.679726,49.050436,49.100203,49.14997,49.32033,49.490691,1.994868,2.002244,2.00962,2.010333,2.011047,49.044992,49.094647,49.144301,49.314277,49.484253
3000,63.0,3,78.354905,78.814171,79.273438,80.486086,81.698734,23.411867,23.504762,23.597656,23.81065,24.023644,50.217817,50.333937,50.450056,50.517232,50.584407,2.034946,2.03624,2.037534,2.045738,2.053943,50.358772,50.402062,50.445352,50.512375,50.579399
3000,63.5,3,78.469126,79.506593,80.544059,81.575705,82.607351,21.647723,22.57855,23.509377,23.824547,24.139718,51.478322,51.655252,51.832183,51.918005,52.003828,2.069644,2.073968,2.078291,2.087059,2.095826,51.472485,51.649826,51.827167,51.913188,51.99921
3000,64.0,3,82.515537,82.585616,82.655696,83.238861,83.822026,23.269177,23.815324,24.361471,24.840391,25.319311,52.582158,52.74327,52.904381,53.075042,53.245702,2.111679,2.114043,2.116406,2.118027,2.119648,52.62675,52.762393,52.898036,53.069043,53.240051
3000,64.5,3,82.917691,83.349323,83.780954,84.907087,86.033219,21.792969,22.460295,23.127621,25.344886,27.562152,54.011526,54.185784,54.360043,54.496428,54.632812,2.154853,2.155721,2.156589,2.160326,2.164062,54.00658,54.180445,54.354311,54.490388,54.626465
3000,65.0,3,85.241797,86.024332,86.806866,87.277662,87.748457,23.947437,24.045816,24.144195,25.982254,27.820312,55.295901,55.362776,55.429651,55.623081,55.81651,2.179271,2.186539,2.193806,2.199109,2.204412,55.291092,55.358122,55.425152,55.618271,55.811389
3000,65.5,3,85.648025,87.061716,88.475406,88.800861,89.126316,22.9375,23.952931,24.968361,26.022574,27.076786,56.744474,56.798857,56.85324,56.948951,57.044662,2.22598,2.232337,2.238694,2.239693,2.240693,56.739111,56.79362,56.848129,57.017605,57.18708
3000,66.0,3,84.917168,85.721295,86.525423,87.405659,88.285895,21.482773,22.053773,22.624773,23.150602,23.676431,57.896241,58.051862,58.207483,58.235691,58.263898,2.264716,2.265428,2.266139,2.273273,2.280406,57.890325,58.045962,58.2016,58.229873,58.258146
3000,66.5,3,88.182089,89.510089,90.838089,92.060794,93.283498,23.236849,24.678286,26.119723,26.328179,26.536634,59.366024,59.516295,59.666567,59.668925,59.671283,2.305779,2.307744,2.309708,2.317596,2.325484,59.360689,59.510621,59.660553,59.662906,59.66526
3000,67.0,3,88.366537,90.579753,92.792969,93.380859,93.96875,21.917163,23.87655,25.835938,26.683594,27.53125,60.605469,60.605469,60.605469,60.717209,60.82895,2.339844,2.343415,2.346987,2.349275,2.351562,60.601234,60.601234,60.601234,60.712723,60.824211
3000,67.5,3,90.033203,91.641195,93.249187,93.842999,94.436811,22.069345,23.607381,25.145418,26.054862,26.964306,61.601329,61.667225,61.733121,62.014763,62.296406,2.370773,2.374818,2.378864,2.386439,2.394014,61.59549,61.661539,61.727588,62.009884,62.29218
3000,68.0,3,89.549649,90.07186,90.594071,91.747684,92.901296,19.803143,20.378134,20.953125,23.082847,25.212569,62.913259,62.939007,62.964754,63.076414,63.188075,2.409827,2.412268,2.414708,2.416997,2.419286,62.959094,62.979927,63.00076,63.091381,63.182002
3000,68.5,3,92.050431,92.637314,93.224198,95.492991,97.761785,22.944728,23.029708,23.114688,24.28214,25.449592,64.341505,64.361183,64.380861,64.519861,64.658862,2.455212,2.457067,2.458922,2.459216,2.45951,64.336636,64.356269,64.375903,64.51459,64.653277
3000,69.0,3,92.667851,93.7064,94.744948,95.535514,96.326079,20.933136,20.995863,21.05859,23.43024,25.80189,65.71969,65.778201,65.836712,65.98003,66.123349,2.499112,2.499461,2.499811,2.500387,2.500964,65.715577,65.773972,65.832367,65.975361,66.118356
3000,69.5,3,95.368725,95.984667,96.600608,97.00773,97.414853,20.922935,22.614487,24.30604,24.45602,24.606,66.738362,66.942694,67.147026,67.221607,67.296188,2.519928,2.529557,2.539187,2.541041,2.542894,66.732698,66.937504,67.14231,67.217064,67.291818
3000,70.0,3,96.674145,97.213412,97.752679,98.900243,100.047807,20.710646,21.98563,23.260614,24.923944,26.587275,68.212054,68.301576,68.391099,68.479919,68.568739,2.563945,2.569254,2.574564,2.580835,2.587105,68.206246,68.384826,68.563406,68.593304,68.623201
3000,70.5,3,100.124675,100.153428,100.182182,100.977288,101.772395,22.706034,23.814037,24.922039,25.885942,26.849845,69.325628,69.504077,69.682526,69.835836,69.989146,2.60357,2.604846,2.606122,2.617419,2.628716,69.321205,69.499251,69.677298,69.830262,69.983226
3000,71.0,3,101.132691,101.480609,101.828526,102.12152,102.414513,23.422192,23.946799,24.471406,25.3985,26.325594,70.553984,70.648147,70.742309,70.948351,71.154392,2.644261,2.6449,2.645538,2.647984,2.650429,70.549343,70.643724,70.738105,70.943923,71.14974
3000,71.5,3,99.369442,99.43988,99.510318,100.39969,101.289062,20.855469,21.047605,21.239742,21.887862,22.535981,71.984822,72.077119,72.169416,72.362052,72.554688,2.684827,2.685837,2.686848,2.689127,2.691406,71.979586,72.072097,72.164608,72.357691,72.550774
3000,72.0,3,103.217629,103.284622,103.351615,104.000528,104.649441,23.541374,23.647867,23.754361,24.265382,24.776403,73.211175,73.308686,73.406196,73.50072,73.595244,2.709392,2.718982,2.728572,2.729457,2.730342,73.20578,73.303071,73.400361,73.494672,73.588982
3000,72.5,3,102.418824,103.10716,103.795495,104.902729,106.009963,21.217696,21.292425,21.367154,23.726816,26.086478,74.636212,74.741229,74.846247,74.927027,75.007806,2.754087,2.762257,2.770427,2.771489,2.77255,74.629297,74.734559,74.83982,74.920787,75.001754
3000,73.0,3,104.056293,104.342252,104.628211,105.171838,105.715464,19.999888,21.607596,23.215304,23.215995,23.216686,76.072723,76.184155,76.295588,76.354937,76.414285,2.796182,2.803619,2.811056,2.811844,2.812632,76.065226,76.176918,76.288609,76.348095,76.407582
3000,73.5,3,103.474635,104.263039,105.051444,107.604302,110.157159,21.442466,21.701378,21.96029,23.303152,24.646013,76.89355,76.940902,76.988254,77.235277,77.482299,2.829462,2.831696,2.833931,2.837639,2.841347,76.887641,76.934887,76.982132,77.228597,77.475062
3000,74.0,3,108.158735,108.241778,108.324821,109.024856,109.724892,21.374823,22.487498,23.600172,24.892938,26.185704,78.360299,78.386834,78.41337,78.648367,78.883365,2.871756,2.872978,2.874201,2.876667,2.879133,78.354195,78.380792,78.40739,78.642127,78.876864
3000,74.5,3,107.888886,108.369793,108.850701,109.7691,110.6875,21.859316,22.103486,22.347656,23.072159,23.796662,79.834482,79.840808,79.847135,80.042708,80.238281,2.908998,2.91153,2.914062,2.914466,2.914869,79.827884,79.834225,79.840566,80.036593,80.23262
3000,75.0,3,110.101199,110.577515,111.053831,111.581901,112.109972,21.117854,22.331699,23.545544,24.542039,25.538533,80.864623,81.072557,81.280491,81.293638,81.306786,2.931223,2.94279,2.954358,2.957162,2.959966,80.857548,81.065441,81.273333,81.286511,81.299689
3000,75.5,3,110.113579,110.13574,110.157902,111.759075,113.360248,21.14117,21.611127,22.081084,22.496618,22.912152,82.281113,82.4933,82.705488,82.739129,82.77277,2.979483,2.986483,2.993483,2.996422,2.99936,82.27474,82.486449,82.698158,82.731723,82.765288
3000,76.0,3,113.179033,113.716563,114.254093,115.178306,116.10252,22.951025,23.569608,24.188192,24.876444,25.564697,83.366542,83.536186,83.705831,83.71421,83.72259,3.018167,3.019582,3.020997,3.022217,3.023438,83.360309,83.530225,83.700141,83.913288,84.126436
3000,76.5,3,112.77872,113.658402,114.538084,116.263229,117.988374,21.22508,21.486503,21.747926,24.778943,27.80996,84.705053,84.755313,84.805572,84.935114,85.064656,3.052304,3.056576,3.060849,3.064502,3.068155,84.698011,84.748387,84.798763,84.928606,85.058448
3000,77.0,3,115.977363,116.577163,117.176963,118.613768,120.050574,22.412859,22.947973,23.483087,25.945401,28.407715,86.122644,86.179287,86.235931,86.355224,86.474516,3.098194,3.100141,3.102088,3.102164,3.10224,86.115398,86.171962,86.228526,86.348095,86.467665
3000,77.5,3,115.469338,116.816126,118.162913,119.644073,121.125232,21.517416,21.711152,21.904888,24.954397,28.003906,87.540495,87.603165,87.665835,87.793855,87.921875,3.137989,3.14126,3.144531,3.147667,3.150803,87.533948,87.596476,87.659005,87.786736,87.914467
3000,78.0,3,117.066022,118.59993,120.133838,121.462941,122.792045,20.103837,22.412497,24.721157,26.389875,28.058594,88.549361,88.752381,88.955402,89.022459,89.089516,3.16468,3.174261,3.183842,3.187326,3.19081,88.543409,88.746484,88.949559,89.016465,89.083371
3000,78.5,3,120.11197,120.843133,121.574296,122.605913,123.63753,23.148232,23.189188,23.230144,25.634635,28.039126,89.658378,89.846262,90.034145,90.20952,90.384895,3.204071,3.204245,3.204419,3.213956,3.223494,90.027723,90.080751,90.13378,90.256533,90.379287
3000,79.0,3,119.921875,121.706367,123.490859,123.879947,124.269034,22.058594,22.794266,23.529939,25.513016,27.496094,91.07311,91.204524,91.335938,91.429069,91.5222,3.246705,3.248963,3.25122,3.252563,3.253906,91.066386,91.197504,91.328621,91.421968,91.515316
3000,79.5,3,121.428475,122.081189,122.733902,123.997413,125.260924,23.193921,23.478038,23.762155,23.76766,23.773165,92.416506,92.454174,92.491842,92.748226,93.004611,3.281803,3.285696,3.289588,3.292619,3.295649,92.410649,92.448232,92.485814,92.74162,92.997427
3000,80.0,3,120.782605,123.42263,126.062655,126.878984,127.695312,20.310049,22.801509,25.292969,25.823977,26.354986,93.87534,93.884936,93.894531,93.908089,93.921647,3.320312,3.322046,3.323779,3.328338,3.332898,93.870001,93.879618,93.889236,93.902764,93.916291
3000,80.5,3,123.074217,123.516494,123.958771,124.991218,126.023664,21.899218,21.939945,21.980673,22.185354,22.390035,95.089139,95.21363,95.338121,95.343443,95.348765,3.35699,3.361766,3.366541,3.369825,3.373108,95.082701,95.20748,95.33226,95.337595,95.34293
3000,81.0,3,125.271608,126.464653,127.657698,128.699368,129.741038,21.78545,23.186096,24.586743,24.805451,25.024158,96.565376,96.664837,96.764298,96.781841,96.799383,3.401419,3.406593,3.411766,3.413941,3.416116,96.558448,96.65814,96.757832,96.775415,96.792998
3000,81.5,3,125.4404,125.875842,126.311283,128.380367,130.449451,21.097656,21.513672,21.929688,22.859044,23.7884,97.335822,97.538927,97.742033,97.886947,98.031861,3.43434,3.438015,3.441691,3.442499,3.443307,97.717569,97.871297,98.025026,98.090977,98.156929
3000,82.0,3,128.935976,129.068264,129.200551,130.785977,132.371402,23.594114,23.921314,24.248514,24.333092,24.417669,98.76088,98.810443,98.860006,99.025213,99.190421,3.472993,3.473225,3.473457,3.475474,3.47749,98.755131,98.804809,98.854488,99.171189,99.487891
3000,82.5,3,128.191865,128.567342,128.942819,130.159322,131.375825,21.845177,21.941009,22.036841,22.30553,22.574219,100.107596,100.143402,100.179208,100.243737,100.308266,3.506509,3.511224,3.515939,3.519315,3.522692,100.101057,100.136946,100.172835,100.237514,100.302193
3000,83.0,3,129.498146,130.75859,132.019034,133.885445,135.751857,21.880927,22.655404,23.429881,24.437019,25.444157,101.569688,101.587169,101.604649,101.680388,101.756128,3.550512,3.554979,3.559445,3.559516,3.559587,101.562666,101.580167,101.597668,101.673584,101.749499
3000,83.5,3,131.421601,133.303093,135.184584,135.463734,135.742884,21.358289,22.664321,23.970352,25.043184,26.116016,102.995316,103.003122,103.010927,103.099227,103.187527,3.589715,3.596032,3.602348,3.603432,3.604516,102.988974,102.996762,103.00455,103.09265,103.180751
3000,84.0,3,134.621381,134.95424,135.287099,136.093772,136.900445,21.362892,22.786374,24.209856,25.304878,26.399901,104.136719,104.271359,104.405999,104.421205,104.43641,3.628906,3.631743,3.634579,3.637999,3.64142,104.131699,104.266035,104.400372,104.415543,104.430714
3000,84.5,3,133.095975,133.296693,133.49741,136.841447,140.185483,21.188744,21.264264,21.339783,23.408454,25.477124,105.221625,105.495315,105.769006,105.806378,105.84375,3.662565,3.669173,3.675781,3.680441,3.6851,105.215207,105.489532,105.763858,105.801317,105.838776
3000,85.0,3,137.284141,138.034649,138.785156,140.376217,141.967278,23.64819,24.785032,25.921875,26.276216,26.630557,106.44418,106.552315,106.660451,106.679835,106.699219,3.692231,3.697147,3.702063,3.7065,3.710938,106.437851,106.545742,106.653634,106.672974,106.692314
3000,85.5,3,137.423947,137.81994,138.215934,139.206191,140.196449,23.08873,23.250377,23.412024,23.469063,23.526102,107.705402,107.783621,107.86184,107.98427,108.1067,3.735085,3.737201,3.739317,3.743192,3.747067,107.700125,107.778167,107.85621,107.978363,108.100517
3000,86.0,3,138.319358,139.41017,140.500982,141.630385,142.759788,21.706154,23.102882,24.49961,24.830291,25.160971,109.102801,109.194895,109.286989,109.418743,109.550498,3.784085,3.784887,3.785689,3.787479,3.789269,109.097558,109.189799,109.28204,109.413497,109.544955
3000,86.5,3,139.668433,140.756091,141.84375,143.340887,144.838024,22.8757,23.324569,23.773438,24.442029,25.110621,110.514233,110.616942,110.719651,110.842247,110.964844,3.820252,3.822813,3.825375,3.828703,3.832031,110.50835,110.611298,110.714245,110.837126,110.960007
3000,87.0,3,141.406126,141.470322,141.534519,142.212483,142.890448,21.698154,22.26492,22.831687,22.994043,23.156399,111.580496,111.757043,111.93359,112.038232,112.142874,3.848898,3.855409,3.86192,3.862466,3.863012,111.574269,111.750677,111.927086,112.03197,112.136855
3000,87.5,3,141.953967,144.025617,146.097267,146.741993,147.386719,21.771695,23.26866,24.765625,25.57726,26.388894,113.016577,113.180277,113.343977,113.43566,113.527344,3.892256,3.899253,3.90625,3.90876,3.91127,113.011008,113.174339,113.337669,113.429146,113.520622
3000,88.0,3,143.555533,145.830397,148.105261,148.113488,148.121715,21.898771,23.374322,24.849874,25.923297,26.99672,114.160661,114.304251,114.447842,114.576458,114.705074,3.923681,3.929739,3.935797,3.94307,3.950342,114.155409,114.299175,114.442941,114.571267,114.699593
3000,88.5,3,146.11605,146.297362,146.478674,147.655084,148.831494,21.758962,22.375948,22.992934,25.016039,27.039144,115.264252,115.4182,115.572148,115.722158,115.872168,3.960065,3.962865,3.965666,3.972079,3.978491,115.257646,115.411951,115.566256,115.716614,115.866972
3000,89.0,3,145.380823,145.764625,146.148428,147.163694,148.178961,21.551059,21.755762,21.960464,22.109587,22.25871,116.664846,116.844635,117.024424,117.164443,117.304461,4.004142,4.005357,4.006572,4.013021,4.01947,116.65884,116.838413,117.017987,117.15833,117.298674
3000,89.5,3,147.619334,148.558907,149.498481,149.869235,150.239989,21.760074,22.401341,23.042608,23.542788,24.042969,118.075508,118.287893,118.500278,118.574358,118.648438,4.048093,4.049361,4.050628,4.054611,4.058594,118.070216,118.282122,118.494028,118.567941,118.641853
3000,90.0,3,146.689632,148.961099,151.232565,151.429704,151.626844,20.020259,21.44177,22.863281,24.027759,25.192236,119.318889,119.406273,119.493657,119.496829,119.5,4.076062,4.076554,4.077047,4.085296,4.093546,119.313861,119.401448,119.489034,119.492213,119.495392
3000,90.5,3,145.785156,148.511719,151.238281,151.431641,151.625,18.933594,20.898438,22.863281,24.03125,25.199219,119.5,119.5,119.5,119.5,119.5,4.074219,4.076172,4.078125,4.082031,4.085938,119.495392,119.495392,119.495392,119.495392,119.495392
3000,91.0,3,145.785156,148.511719,151.238281,151.431641,151.625,18.933594,20.898438,22.863281,24.03125,25.199219,119.5,119.5,119.5,119.5,119.5,4.074219,4.076172,4.078125,4.082031,4.085938,119.495392,119.495392,119.495392,119.495392,119.495392
3000,91.5,3,145.785156,148.511719,151.238281,151.431641,151.625,18.933594,20.898438,22.863281,24.03125,25.199219,119.5,119.5,119.5,119.5,119.5,4.074219,4.076172,4.078125,4.082031,4.085938,119.495392,119.495392,119.495392,119.495392,119.495392
3000,92.0,3,145.785156,148.511719,151.238281,151.431641,151.625,18.933594,20.898438,22.863281,24.03125,25.199219,119.5,119.5,119.5,119.5,119.5,4.074219,4.076172,4.078125,4.082031,4.085938,119.495392,119.495392,119.495392,119.495392,119.495392
3000,92.5,3,145.785156,148.511719,151.238281,151.431641,151.625,18.933594,20.898438,22.863281,24.03125,25.199219,119.5,119.5,119.5,119.5,119.5,4.074219,4.076172,4.078125,4.082031,4.085938,119.495392,119.495392,119.495392,119.495392,119.495392
3000,93.0,3,145.785156,148.511719,151.238281,151.431641,151.625,18.933594,20.898438,22.863281,24.03125,25.199219,119.5,119.5,119.5,119.5,119.5,4.074219,4.076172,4.078125,4.082031,4.085938,119.495392,119.495392,119.495392,119.495392,119.495392
3000,93.5,3,145.839844,148.577537,151.31523,151.470115,151.625,18.988281,20.925781,22.863281,24.069725,25.276168,119.5,119.5,119.5,119.5,119.5,4.074219,4.076172,4.078125,4.082031,4.085938,119.495392,119.495392,119.495392,119.495392,119.495392
3000,94.0,3,145.839844,148.578125,151.316406,151.470703,151.625,18.988281,20.925781,22.863281,24.070312,25.277344,119.5,119.5,119.5,119.5,119.5,4.074219,4.076172,4.078125,4.082031,4.085938,119.495392,119.495392,119.495392,119.495392,119.495392
3000,94.5,3,145.839844,148.578125,151.316406,151.470703,151.625,18.988281,20.925781,22.863281,24.070312,25.277344,119.5,119.5,119.5,119.5,119.5,4.074219,4.076172,4.078125,4.082031,4.085938,119.495392,119.495392,119.495392,119.495392,119.495392
3000,95.0,3,145.839844,148.578125,151.316406,151.470703,151.625,18.988281,20.925781,22.863281,24.070312,25.277344,119.5,119.5,119.5,119.5,119.5,4.074219,4.076172,4.078125,4.082031,4.085938,119.495392,119.495392,119.495392,119.495392,119.495392
3000,95.5,3,145.839844,148.578125,151.316406,151.470703,151.625,18.988281,20.925781,22.863281,24.070312,25.277344,119.5,119.5,119.5,119.5,119.5,4.074219,4.076172,4.078125,4.082031,4.085938,119.495392,119.495392,119.495392,119.495392,119.495392
3000,96.0,3,145.839844,148.578125,151.316406,151.470703,151.625,18.988281,20.925781,22.863281,24.070312,25.277344,119.5,119.5,119.5,119.5,119.5,4.074219,4.076172,4.078125,4.082031,4.085938,119.495392,119.495392,119.495392,119.495392,119.495392
3000,96.5,3,145.839844,148.578125,151.316406,151.470703,151.625,18.988281,20.925781,22.863281,24.070312,25.277344,119.5,119.5,119.5,119.5,119.5,4.074219,4.076172,4.078125,4.082031,4.085938,119.495392,119.495392,119.495392,119.495392,119.495392
3000,97.0,3,145.839844,148.578125,151.316406,151.470703,151.625,18.988281,20.925781,22.863281,24.070312,25.277344,119.5,119.5,119.5,119.5,119.5,4.074219,4.076172,4.078125,4.082031,4.085938,119.495392,119.495392,119.495392,119.495392,119.495392
3000,97.5,3,145.839844,148.578125,151.316406,151.470703,151.625,18.988281,20.925781,22.863281,24.070312,25.277344,119.5,119.5,119.5,119.5,119.5,4.074219,4.076172,4.078125,4.082031,4.085938,119.495392,119.495392,119.495392,119.495392,119.495392
3000,98.0,3,145.839844,148.578125,151.316406,151.470703,151.625,18.988281,20.925781,22.863281,24.070312,25.277344,119.5,119.5,119.5,119.5,119.5,4.074219,4.076172,4.078125,4.082031,4.085938,119.495392,119.495392,119.495392,119.495392,119.495392
3000,98.5,3,145.859375,148.589844,151.320312,151.472656,151.625,19.007812,20.935547,22.863281,24.072266,25.28125,119.5,119.5,119.5,119.5,119.5,4.074219,4.076172,4.078125,4.082031,4.085938,119.495392,119.495392,119.495392,119.495392,119.495392
3000,99.0,3,145.859375,148.589844,151.320312,151.472656,151.625,19.007812,20.935547,22.863281,24.072266,25.28125,119.5,119.5,119.5,119.5,119.5,4.074219,4.076172,4.078125,4.082031,4.085938,119.495392,119.495392,119.495392,119.495392,119.495392
3000,99.5,3,145.859375,148.589844,151.320312,151.472656,151.625,19.007812,20.935547,22.863281,24.072266,25.28125,119.5,119.5,119.5,119.5,119.5,4.074219,4.076172,4.078125,4.082031,4.085938,119.495392,119.495392,119.495392,119.495392,119.495392
3000,100.0,3,145.859375,148.589844,151.320312,151.472656,151.625,19.007812,20.935547,22.863281,24.072266,25.28125,119.5,119.5,119.5,119.5,119.5,4.074219,4.076172,4.078125,4.082031,4.085938,119.495392,119.495392,119.495392,119.495392,119.495392
3000,100.5,3,145.859375,148.589844,151.320312,151.472656,151.625,19.007812,20.935547,22.863281,24.072266,25.28125,119.5,119.5,119.5,119.5,119.5,4.074219,4.076172,4.078125,4.082031,4.085938,119.495392,119.495392,119.495392,119.495392,119.495392
3000,101.0,3,145.859375,148.589844,151.320312,151.472656,151.625,19.007812,20.935547,22.863281,24.072266,25.28125,119.5,119.5,119.5,119.5,119.5,4.074219,4.076172,4.078125,4.082031,4.085938,119.495392,119.495392,119.495392,119.495392,119.495392
3000,101.5,3,145.859375,148.589844,151.320312,151.472656,151.625,19.007812,20.935547,22.863281,24.072266,25.28125,119.5,119.5,119.5,119.5,119.5,4.074219,4.076172,4.078125,4.082031,4.085938,119.495392,119.495392,119.495392,119.495392,119.495392
3000,102.0,3,145.859375,148.589844,151.320312,151.472656,151.625,19.007812,20.935547,22.863281,24.072266,25.28125,119.5,119.5,119.5,119.5,119.5,4.074219,4.076172,4.078125,4.082031,4.085938,119.495392,119.495392,119.495392,119.495392,119.495392
3000,102.5,3,145.859375,148.589844,151.320312,151.472656,151.625,19.007812,20.935547,22.863281,24.072266,25.28125,119.5,119.5,119.5,119.5,119.5,4.074219,4.076172,4.078125,4.082031,4.085938,119.495392,119.495392,119.495392,119.495392,119.495392
3000,103.0,3,145.859375,148.589844,151.320312,151.526458,151.732603,19.007812,20.941705,22.875597,24.078424,25.28125,119.5,119.5,119.5,119.529818,119.559635,4.076812,4.077468,4.078125,4.082031,4.085938,119.495392,119.495392,119.495392,119.495392,119.495392
3000,103.5,3,152.080701,154.067636,156.054572,156.791567,157.528561,19.820312,21.378906,22.9375,24.17858,25.41966,123.881943,124.227899,124.573855,124.780307,124.98676,4.218056,4.227718,4.237379,4.239364,4.241348,119.495392,119.495392,119.495392,119.495392,119.495392
3000,104.0,3,28.664062,37.70296,46.741858,73.602768,100.463679,19.985396,21.461448,22.9375,24.199124,25.460748,0.003906,11.140281,22.276656,45.343709,68.410762,0.535156,0.867416,1.199675,1.888052,2.57643,0.0,10.237426,20.474853,41.562225,62.649597
3000,104.5,3,23.835938,26.152344,28.46875,28.566406,28.664062,20.019531,21.478516,22.9375,24.201172,25.464844,0.003906,0.003906,0.003906,0.003906,0.003906,0.535156,0.537109,0.539062,0.542969,0.546875,0.0,0.0,0.0,0.0,0.0
3000,105.0,3,23.835938,26.152344,28.46875,28.566406,28.664062,20.019531,21.478516,22.9375,24.201172,25.464844,0.003906,0.003906,0.003906,0.003906,0.003906,0.535156,0.537109,0.539062,0.542969,0.546875,0.0,0.0,0.0,0.0,0.0
5000,-10.0,3,12.210938,12.220703,12.230469,12.236328,12.242188,11.722656,11.728516,11.734375,11.744141,11.753906,0.003906,0.003906,0.003906,0.009766,0.015625,0.480469,0.482422,0.484375,0.484375,0.484375,0.0,0.0,0.0,0.0,0.0
5000,-9.5,3,12.210938,12.220703,12.230469,12.236328,12.242188,11.722656,11.728516,11.734375,11.744141,11.753906,0.003906,0.003906,0.003906,0.009766,0.015625,0.480469,0.482422,0.484375,0.484375,0.484375,0.0,0.0,0.0,0.0,0.0
5000,-9.0,3,12.210938,12.220703,12.230469,12.236328,12.242188,11.722656,11.728516,11.734375,11.744141,11.753906,0.003906,0.003906,0.003906,0.009766,0.015625,0.480469,0.482422,0.484375,0.484375,0.484375,0.0,0.0,0.0,0.0,0.0
5000,-8.5,3,12.210938,12.220703,12.230469,12.236328,12.242188,11.722656,11.728516,11.734375,11.744141,11.753906,0.003906,0.003906,0.003906,0.009766,0.015625,0.480469,0.482422,0.484375,0.484375,0.484375,0.0,0.0,0.0,0.0,0.0
5000,-8.0,3,12.210938,12.220703,12.230469,12.236328,12.242188,11.722656,11.728516,11.734375,11.744141,11.753906,0.003906,0.003906,0.003906,0.009766,0.015625,0.480469,0.482422,0.484375,0.484375,0.484375,0.0,0.0,0.0,0.0,0.0
5000,-7.5,3,12.210938,12.220703,12.230469,12.236328,12.242188,11.722656,11.728516,11.734375,11.744141,11.753906,0.003906,0.003906,0.003906,0.009766,0.015625,0.480469,0.482422,0.484375,0.484375,0.484375,0.0,0.0,0.0,0.0,0.0
5000,-7.0,3,12.210938,12.220703,12.230469,12.236328,12.242188,11.722656,11.728516,11.734375,11.744141,11.753906,0.003906,0.003906,0.003906,0.009766,0.015625,0.480469,0.482422,0.484375,0.484375,0.484375,0.0,0.0,0.0,0.0,0.0
5000,-6.5,3,12.214844,12.224609,12.234375,12.238281,12.242188,11.726562,11.732422,11.738281,11.746094,11.753906,0.003906,0.003906,0.003906,0.009766,0.015625,0.480469,0.482422,0.484375,0.484375,0.484375,0.0,0.0,0.0,0.0,0.0
5000,-6.0,3,12.214844,12.224609,12.234375,12.238281,12.242188,11.726562,11.732422,11.738281,11.746094,11.753906,0.003906,0.003906,0.003906,0.009766,0.015625,0.480469,0.482422,0.484375,0.484375,0.484375,0.0,0.0,0.0,0.0,0.0
5000,-5.5,3,12.214844,12.224609,12.234375,12.238281,12.242188,11.726562,11.732422,11.738281,11.746094,11.753906,0.003906,0.003906,0.003906,0.009766,0.015625,0.480469,0.482422,0.484375,0.484375,0.484375,0.0,0.0,0.0,0.0,0.0
5000,-5.0,3,12.214844,12.224609,12.234375,12.238281,12.242188,11.726562,11.732422,11.738281,11.746094,11.753906,0.003906,0.003906,0.003906,0.009766,0.015625,0.480469,0.482422,0.484375,0.484375,0.484375,0.0,0.0,0.0,0.0,0.0
5000,-4.5,3,12.214844,12.224609,12.234375,12.238281,12.242188,11.726562,11.732422,11.738281,11.746094,11.753906,0.003906,0.003906,0.003906,0.009766,0.015625,0.480469,0.482422,0.484375,0.484375,0.484375,0.0,0.0,0.0,0.0,0.0
5000,-4.0,3,12.214844,12.224609,12.234375,12.238281,12.242188,11.726562,11.732422,11.738281,11.746094,11.753906,0.003906,0.003906,0.003906,0.009766,0.015625,0.480469,0.482422,0.484375,0.484375,0.484375,0.0,0.0,0.0,0.0,0.0
5000,-3.5,3,12.214844,12.224609,12.234375,12.242188,12.25,11.726562,11.732422,11.738281,11.75,11.761719,0.003906,0.003906,0.003906,0.009766,0.015625,0.480469,0.482422,0.484375,0.484375,0.484375,0.0,0.0,0.0,0.0,0.0
5000,-3.0,3,12.214844,12.224609,12.234375,12.242188,12.25,11.726562,11.732422,11.738281,11.75,11.761719,0.003906,0.003906,0.003906,0.009766,0.015625,0.480469,0.482422,0.484375,0.484375,0.484375,0.0,0.0,0.0,0.0,0.0
5000,-2.5,3,12.214844,12.224609,12.234375,12.242188,12.25,11.726562,11.732422,11.738281,11.75,11.761719,0.003906,0.003906,0.003906,0.009766,0.015625,0.480469,0.482422,0.484375,0.484375,0.484375,0.0,0.0,0.0,0.0,0.0
5000,-2.0,3,12.214844,12.224609,12.234375,12.242188,12.25,11.726562,11.732422,11.738281,11.75,11.761719,0.003906,0.003906,0.003906,0.009766,0.015625,0.480469,0.482422,0.484375,0.484375,0.484375,0.0,0.0,0.0,0.0,0.0
5000,-1.5,3,12.214844,12.224609,12.234375,12.242188,12.25,11.726562,11.732422,11.738281,11.75,11.761719,0.003906,0.003906,0.003906,0.009766,0.015625,0.480469,0.482422,0.484375,0.484375,0.484375,0.0,0.0,0.0,0.0,0.0
5000,-1.0,3,12.214844,12.224609,12.234375,12.242188,12.25,11.726562,11.732422,11.738281,11.75,11.761719,0.003906,0.003906,0.003906,0.009766,0.015625,0.480469,0.482422,0.484375,0.484375,0.484375,0.0,0.0,0.0,0.0,0.0
5000,-0.5,3,12.214844,12.224609,12.234375,12.242188,12.25,11.726562,11.732422,11.738281,11.75,11.761719,0.003906,0.003906,0.003906,0.009766,0.015625,0.480469,0.482422,0.484375,0.484375,0.484375,0.0,0.0,0.0,0.0,0.0
5000,0.0,3,12.214844,12.610092,13.005341,13.660508,14.315676,11.726562,12.072316,12.41807,13.00296,13.587851,0.003906,0.052661,0.101416,0.166211,0.231006,0.484375,0.485115,0.485855,0.491337,0.496819,0.0,0.042031,0.084062,0.155325,0.226588
5000,0.5,3,24.941314,25.187486,25.433657,26.010935,26.588213,21.570091,22.122746,22.6754,22.71317,22.75094,1.700113,1.890377,2.08064,2.099741,2.118843,0.565801,0.571625,0.577449,0.578076,0.578702,1.69238,1.883051,2.073722,2.079709,2.085695
5000,1.0,3,30.949671,31.080547,31.211423,32.19228,33.173138,23.302425,23.329452,23.35648,23.611305,23.86613,3.711557,3.860226,4.008895,4.058363,4.107831,0.626468,0.631859,0.63725,0.638968,0.640686,3.911419,3.956978,4.002537,4.03766,4.072784
5000,1.5,3,34.555403,35.490877,36.426351,37.120394,37.814437,21.925943,23.184548,24.443153,24.504309,24.565465,5.900206,6.013499,6.126793,6.216089,6.305384,0.70018,0.701469,0.702758,0.703486,0.704214,5.89432,5.994037,6.093753,6.196353,6.298952
5000,2.0,3,36.70866,37.806159,38.903658,39.688745,40.473832,21.018,22.710461,24.402922,25.147249,25.891577,8.236349,8.29041,8.344472,8.471123,8.597774,0.763637,0.766881,0.770125,0.772535,0.774946,8.229457,8.269755,8.310054,8.450186,8.590317
5000,2.5,3,39.941729,40.358776,40.775823,40.901045,41.026267,21.020383,22.501222,23.982061,24.441902,24.901742,10.552943,10.594735,10.636527,10.652107,10.667688,0.833494,0.841405,0.849316,0.851397,0.853478,10.546108,10.574293,10.602478,10.632296,10.662114
5000,3.0,3,39.710171,41.103794,42.497418,42.863394,43.22937,19.505315,21.910542,24.315769,24.659839,25.003909,12.687087,12.765514,12.843941,12.889986,12.936032,0.901637,0.907825,0.914014,0.918509,0.923005,12.679614,12.75898,12.838345,12.870645,12.902946
5000,3.5,3,43.672118,44.273178,44.874238,45.111996,45.349753,22.937657,23.423286,23.908916,24.01932,24.129724,14.675768,14.75382,14.831872,14.954877,15.077883,0.967027,0.97204,0.977054,0.980506,0.983959,14.670302,14.74738,14.824457,14.933794,15.04313
5000,4.0,3,43.735993,44.057947,44.3799,45.525466,46.671033,21.0289,21.193826,21.358753,21.769078,22.179403,16.750941,16.818343,16.885746,16.991521,17.097297,1.027145,1.032421,1.037698,1.03903,1.040362,16.745531,16.812178,16.878825,16.971688,17.064552
5000,4.5,3,48.651057,48.670063,48.689069,49.034535,49.38,22.122574,22.518237,22.9139,23.926993,24.940086,18.753287,18.932776,19.112265,19.139952,19.167639,1.087042,1.093866,1.100689,1.104635,1.108581,18.74605,18.911835,19.07762,19.119419,19.161217
5000,5.0,3,48.380839,49.104697,49.828555,49.886212,49.943868,21.164479,21.609962,22.055445,22.579207,23.102968,20.971902,21.11737,21.262838,21.343172,21.423505,1.149364,1.158556,1.167747,1.171268,1.174788,20.965752,21.097854,21.229956,21.323997,21.418038
5000,5.5,3,51.205645,51.437355,51.669065,52.356784,53.044504,21.531884,21.735534,21.939185,22.924873,23.910562,23.253918,23.344841,23.435764,23.474907,23.514051,1.216876,1.224354,1.231831,1.234026,1.236221,23.30137,23.404119,23.506869,23.517344,23.52782
5000,6.0,3,52.864979,53.693151,54.521323,54.74241,54.963497,21.671036,22.102131,22.533227,23.08824,23.643254,25.22065,25.288738,25.356826,25.420899,25.484972,1.266861,1.279672,1.292482,1.292654,1.292827,25.281232,25.353019,25.424806,25.452301,25.479796
5000,6.5,3,53.405646,55.11552,56.825395,57.30777,57.790146,21.174313,22.244409,23.314506,23.736205,24.157904,27.305215,27.360707,27.4162,27.54696,27.67772,1.330675,1.342435,1.354196,1.357484,1.360772,27.270887,27.340004,27.409122,27.540296,27.671469
5000,7.0,3,52.912285,54.545112,56.177938,58.719102,61.260265,18.133511,19.213464,20.293418,22.290911,24.288405,29.603783,29.620372,29.636962,29.791765,29.946569,1.397925,1.407969,1.418012,1.424777,1.431541,29.570679,29.60101,29.631342,29.78635,29.941358
5000,7.5,3,57.067965,58.45529,59.842616,61.605391,63.368167,20.786169,21.692981,22.599794,23.464786,24.329777,31.90149,31.911722,31.921953,31.938575,31.955197,1.466243,1.477843,1.489442,1.491093,1.492743,31.868483,31.892333,31.916183,31.932212,31.948241
5000,8.0,3,60.787477,61.850726,62.913975,63.673189,64.432404,22.140665,22.245297,22.349929,22.865402,23.380874,33.91202,34.046116,34.180213,34.188611,34.197009,1.535741,1.54075,1.545759,1.550734,1.555708,33.90707,34.034944,34.162818,34.168104,34.173389
5000,8.5,3,61.937854,62.737542,63.53723,64.86926,66.20129,20.87809,20.891593,20.905096,22.003746,23.102396,35.898398,36.054305,36.210212,36.241283,36.272353,1.595631,1.601188,1.606746,1.613774,1.620802,35.891548,36.048436,36.205323,36.222723,36.240122
5000,9.0,3,63.017028,65.338465,67.659902,68.694555,69.729207,19.77942,21.370461,22.961501,23.649248,24.336995,38.114267,38.119222,38.124177,38.155023,38.18587,1.65175,1.663018,1.674285,1.676493,1.6787,38.118675,38.148878,38.179081,38.232323,38.285565
5000,9.5,3,67.995776,69.41369,70.831603,71.983745,73.135887,22.666311,23.405843,24.145375,24.767108,25.388841,40.104722,40.231316,40.357911,40.386346,40.414782,1.713742,1.725749,1.737756,1.738135,1.738515,40.099901,40.212845,40.325789,40.367562,40.409336
5000,10.0,3,69.911122,71.14884,72.386558,72.392827,72.399096,22.265554,22.287306,22.309058,22.852086,23.395114,42.358134,42.46064,42.563145,42.640509,42.717874,1.781107,1.791602,1.802097,1.805739,1.80938,42.352201,42.440834,42.529467,42.620376,42.711285
5000,10.5,3,71.397681,73.832733,76.267786,78.340054,80.412322,21.415687,23.16679,24.917893,26.524462,28.131031,44.627231,44.719937,44.812643,44.843128,44.873613,1.850568,1.85877,1.866972,1.870935,1.874898,44.621158,44.714572,44.807985,44.824345,44.840704
5000,11.0,3,74.801593,76.888307,78.975021,79.411488,79.847955,22.914292,23.79288,24.671468,25.03953,25.407591,46.538009,46.662466,46.786922,46.803034,46.819145,1.899005,1.915568,1.932131,1.932401,1.932672,46.782318,46.836824,46.891331,47.021229,47.151128
5000,11.5,3,73.164916,75.76408,78.363245,81.245103,84.126962,19.300885,20.873286,22.445686,24.439464,26.433242,48.642689,48.72991,48.817132,48.919862,49.022592,1.96353,1.978477,1.993424,1.994775,1.996127,48.610695,48.711455,48.812214,48.97634,49.140466
5000,12.0,3,78.520312,78.942526,79.364739,79.498286,79.631832,20.749271,21.012749,21.276227,21.774266,22.272305,50.931434,50.944575,50.957716,51.008361,51.059007,2.032479,2.041642,2.050805,2.05623,2.061654,50.924584,50.988573,51.052563,51.200545,51.348527
5000,12.5,3,78.13164,81.357007,84.582374,85.29469,86.007006,19.496578,21.750437,24.004296,24.587146,25.169995,53.12447,53.200021,53.275573,53.435394,53.595215,2.101677,2.110234,2.118791,2.125046,2.131301,53.120035,53.181309,53.242584,53.416688,53.590793
5000,13.0,3,81.459184,84.208038,86.956892,87.573017,88.189142,20.441148,22.392227,24.343306,24.806156,25.269006,55.145886,55.359027,55.572167,55.583038,55.593909,2.166314,2.173407,2.1805,2.185178,2.189857,55.139552,55.35078,55.562008,55.563926,55.565845
5000,13.5,3,85.850917,87.076003,88.301089,89.59802,90.894951,22.653413,23.137382,23.621352,24.776963,25.932574,57.135282,57.358295,57.581308,57.646744,57.71218,2.227511,2.230428,2.233345,2.240106,2.246866,57.130826,57.35391,57.576993,57.627782,57.678571
5000,14.0,3,85.106975,88.024292,90.941609,90.990227,91.038844,19.848669,21.818863,23.789057,23.950487,24.111918,59.352462,59.510223,59.667983,59.690614,59.713246,2.287249,2.295412,2.303575,2.30686,2.310146,59.347158,59.504562,59.661966,59.671805,59.681643
5000,14.5,3,87.562969,90.490629,93.418288,95.169126,96.919963,20.250141,22.249911,24.249681,25.799142,27.348604,61.594161,61.649733,61.705306,61.743505,61.781703,2.349709,2.358634,2.367559,2.369789,2.37202,61.617639,61.644721,61.671803,61.811623,61.951443
5000,15.0,3,91.285779,92.7661,94.246421,94.748601,95.250781,21.789949,22.137402,22.484855,23.299472,24.114089,63.622527,63.669975,63.717422,63.773674,63.829926,2.408091,2.416405,2.424719,2.428569,2.432419,63.746455,63.772195,63.797936,63.798892,63.799849
5000,15.5,3,93.02294,93.830688,94.638436,97.131363,99.624289,21.176725,21.390206,21.603687,23.511229,25.418772,65.692105,65.803425,65.914744,66.013426,66.112109,2.476293,2.483687,2.491081,2.493635,2.496189,65.687928,65.883894,66.07986,66.092,66.104139
5000,16.0,3,96.144163,96.879007,97.613851,99.776192,101.938533,22.025389,22.122436,22.219482,23.809518,25.399554,67.986085,68.152017,68.31795,68.34547,68.372991,2.543011,2.549867,2.556722,2.56448,2.572237,67.980787,68.132708,68.284628,68.325916,68.367204
5000,16.5,3,96.124768,98.584703,101.044638,102.610715,104.176791,20.017743,21.649219,23.280695,24.363461,25.446227,70.236354,70.262364,70.288373,70.397358,70.506343,2.612858,2.618432,2.624007,2.627239,2.630472,70.205033,70.244075,70.283116,70.392745,70.502374
5000,17.0,3,101.872758,102.878531,103.884304,103.968872,104.053439,23.462715,23.605737,23.748758,23.823303,23.897847,72.134167,72.139798,72.14543,72.213884,72.282338,2.67345,2.676641,2.679832,2.681042,2.682251,72.112207,72.120742,72.129277,72.368033,72.606788
5000,17.5,3,103.488312,104.208183,104.928055,105.315252,105.70245,22.538552,22.611276,22.684,22.797078,22.910156,74.339594,74.39352,74.447445,74.690036,74.932627,2.74683,2.748964,2.751098,2.75521,2.759321,74.440093,74.53576,74.631427,74.765453,74.899479
5000,18.0,3,104.47825,105.692568,106.906886,107.574464,108.242042,21.540754,22.054454,22.568154,22.854643,23.141132,76.671803,76.683062,76.694321,76.778669,76.863016,2.812839,2.814103,2.815367,2.816017,2.816667,76.664093,76.676329,76.688565,76.758266,76.827967
5000,18.5,3,108.413973,108.418411,108.422848,110.3359,112.248952,21.904551,22.679527,23.454503,24.230651,25.006798,78.774587,78.776711,78.778835,78.807285,78.835734,2.873816,2.874307,2.874798,2.876912,2.879026,78.766934,78.770034,78.773135,78.787913,78.802691
5000,19.0,3,110.173199,110.743213,111.313228,112.592493,113.871758,21.424913,22.786525,24.148137,24.329757,24.511378,80.831029,80.891217,80.951405,80.961042,80.97068,2.935602,2.9361,2.936599,2.940959,2.945319,80.825384,80.880734,80.936084,80.94011,80.944135
5000,19.5,3,112.608908,113.156914,113.70492,115.064383,116.423846,22.617984,22.857777,23.097569,24.034058,24.970547,82.861644,83.044585,83.227526,83.237694,83.247861,2.997904,3.001785,3.005665,3.006757,3.007848,82.8541,83.034023,83.213946,83.217458,83.220971
5000,20.0,3,111.198415,113.453553,115.708691,117.027739,118.346787,19.342273,20.819446,22.296619,23.447701,24.598783,85.091319,85.286839,85.48236,85.504893,85.527427,3.062935,3.066919,3.070904,3.074527,3.07815,85.085173,85.280866,85.476559,85.4854,85.494242
5000,20.5,3,115.43963,117.840914,120.242197,120.784631,121.327065,21.375305,23.06284,24.750375,25.013074,25.275774,87.328083,87.4157,87.503316,87.586798,87.67028,3.129458,3.132846,3.136233,3.136589,3.136944,87.322015,87.408956,87.495896,87.565708,87.63552
5000,21.0,3,120.696198,120.736692,120.777187,122.245012,123.712838,23.276316,23.922378,24.56844,24.971374,25.374309,89.45558,89.501774,89.547968,89.583681,89.619394,3.193729,3.194041,3.194354,3.195583,3.196811,89.450166,89.495385,89.540604,89.563622,89.58664
5000,21.5,3,121.938165,122.168267,122.398368,123.68931,124.980253,22.375619,23.242933,24.110247,24.365869,24.621491,91.457372,91.480732,91.504092,91.56949,91.634889,3.253107,3.25336,3.253612,3.254204,3.254795,91.450059,91.474396,91.498733,91.549484,91.600236
5000,22.0,3,122.868663,123.257193,123.645723,125.305413,126.965104,21.783585,22.2315,22.679415,23.648875,24.618334,93.432829,93.560938,93.689048,93.737095,93.785143,3.312379,3.316417,3.320455,3.320991,3.321527,93.425568,93.554422,93.683276,93.717732,93.752187
5000,22.5,3,126.735117,127.466225,128.197333,128.360598,128.523862,23.981978,24.011012,24.040045,24.164592,24.28914,95.506403,95.742435,95.978467,96.00652,96.034573,3.375851,3.380588,3.385326,3.386646,3.387967,95.500934,95.73665,95.972367,95.986716,96.001065
5000,23.0,3,128.265452,129.175078,130.084704,131.683274,133.281844,23.467042,23.487881,23.508719,24.987719,26.466719,97.772939,98.01688,98.260822,98.291198,98.321574,3.440623,3.447011,3.453398,3.454593,3.455788,97.766688,98.0103,98.253913,98.270656,98.287399
5000,23.5,3,130.841014,131.10888,131.376746,132.434725,133.492704,22.177162,23.002723,23.828284,24.27804,24.727796,100.076936,100.232538,100.388141,100.429205,100.47027,3.506527,3.51196,3.517392,3.518207,3.519022,100.083409,100.233215,100.38302,100.410414,100.437807
5000,24.0,3,132.502479,133.155872,133.809266,133.931925,134.054584,22.592809,22.781223,22.969637,23.231797,23.493957,102.271106,102.337992,102.404878,102.406614,102.40835,3.570335,3.572855,3.575376,3.576055,3.576735,102.283189,102.328587,102.373986,102.385922,102.397858
5000,24.5,3,134.215945,135.020214,135.824484,136.550372,137.27626,22.871967,23.014745,23.157523,23.47791,23.798296,104.244117,104.321602,104.399087,104.42847,104.457854,3.632284,3.633786,3.635288,3.635593,3.635898,104.237147,104.301938,104.366729,104.409786,104.452842
5000,25.0,3,135.926009,137.666101,139.406193,139.531951,139.65771,22.646867,23.335293,24.02372,24.129039,24.234359,106.338036,106.447627,106.557219,106.582776,106.608332,3.694392,3.696439,3.698485,3.701306,3.704126,106.333075,106.428214,106.523353,106.562493,106.601633
5000,25.5,3,139.642427,139.921598,140.200769,140.846084,141.491398,21.852453,23.012775,24.173097,24.428395,24.683694,108.433689,108.518206,108.602723,108.667128,108.731532,3.754723,3.757493,3.760263,3.761185,3.762106,108.426831,108.512327,108.597823,108.647922,108.698021
5000,26.0,3,136.845215,140.317793,143.790371,144.011864,144.233356,18.985721,21.520174,24.054627,24.212514,24.370401,110.684235,110.718103,110.751971,110.879707,111.007443,3.821672,3.823434,3.825196,3.826904,3.828613,110.677437,110.712039,110.74664,110.860934,110.975228
5000,26.5,3,140.670394,142.58383,144.497267,146.049672,147.602077,20.732235,21.860005,22.987775,24.008235,25.028696,112.715137,112.869694,113.024251,113.051067,113.077883,3.880292,3.885381,3.89047,3.892203,3.893936,112.710347,112.85026,112.990172,113.031174,113.072176
5000,27.0,3,144.649285,145.838735,147.028185,147.972281,148.916377,22.39294,22.56935,22.745761,23.912849,25.079937,114.684384,114.808946,114.933508,114.954339,114.975171,3.938775,3.942677,3.946579,3.946893,3.947207,114.679646,114.79054,114.901433,114.935256,114.96908
5000,27.5,3,143.239365,146.396498,149.55363,150.846064,152.138498,19.272572,21.319705,23.366839,24.17422,24.981601,116.900145,116.916466,116.932787,117.093819,117.254852,4.003176,4.006872,4.010569,4.014223,4.017877,116.898894,117.073922,117.248949,117.356855,117.464761
5000,28.0,3,149.187356,151.284974,153.382592,153.518708,153.654825,22.916798,23.74781,24.578822,24.722602,24.866382,119.172575,119.285023,119.397471,119.458481,119.519492,4.074546,4.075758,4.07697,4.079812,4.082654,119.322109,119.356508,119.390906,119.452873,119.51484
5000,28.5,3,151.75502,152.82509,153.895161,154.883629,155.872097,23.022833,23.164995,23.307157,24.073462,24.839767,121.295133,121.412385,121.529637,121.547854,121.56607,4.135635,4.139157,4.14268,4.143492,4.144304,121.290573,121.406851,121.52313,121.528652,121.534173
5000,29.0,3,152.705456,154.162784,155.620112,156.820889,158.021666,21.842986,22.40425,22.965515,23.871646,24.777778,123.440405,123.489387,123.538369,123.585846,123.633323,4.20192,4.202043,4.202166,4.203938,4.20571,123.434701,123.484285,123.533869,123.566885,123.599901
5000,29.5,3,154.549399,156.913751,159.278103,159.911007,160.543911,21.39919,22.975955,24.55272,24.768671,24.984623,125.543848,125.616988,125.690129,125.773866,125.857602,4.267473,4.267535,4.267597,4.268383,4.26917,125.537448,125.610836,125.684224,125.754451,125.824678
5000,30.0,3,159.714385,159.853843,159.993301,162.00194,164.010578,22.696473,23.597942,24.49941,25.379322,26.259234,127.772442,127.794685,127.816929,127.972861,128.128793,4.331408,4.33213,4.332852,4.337256,4.34166,127.767453,127.789998,127.812544,127.954732,128.096921
5000,30.5,3,159.262427,161.639432,164.016437,164.115926,164.215415,21.648774,23.030593,24.412413,24.534439,24.656466,129.772399,129.911568,130.050737,130.118519,130.186302,4.387495,4.391333,4.395172,4.399543,4.403914,129.766113,129.90591,130.045707,130.099195,130.152682
5000,31.0,3,162.979786,164.670091,166.360395,166.766567,167.172739,23.308701,23.906364,24.504027,24.978861,25.453696,131.806672,131.997814,132.188955,132.259658,132.330362,4.448134,4.453413,4.458692,4.462063,4.465433,131.802394,131.979868,132.157343,132.240773,132.324204
5000,31.5,3,165.341361,165.381154,165.420946,167.09634,168.771733,21.27408,22.500682,23.727284,24.216177,24.70507,133.954938,134.053224,134.151511,134.240386,134.329261,4.510163,4.514438,4.518713,4.518991,4.51927,133.948894,134.033446,134.117998,134.221525,134.325051
5000,32.0,3,168.342434,169.180526,170.018619,170.197484,170.376349,23.869679,23.896305,23.92293,24.132494,24.342058,136.271604,136.310274,136.348943,136.371294,136.393645,4.580252,4.58075,4.581247,4.58227,4.583293,136.266761,136.304797,136.342833,136.352256,136.361678
5000,32.5,3,166.897945,169.917625,172.937305,173.30354,173.669776,20.549263,22.634409,24.719554,24.770925,24.822296,138.356035,138.476291,138.596547,138.635517,138.674487,4.642966,4.646168,4.64937,4.650063,4.650757,138.351933,138.471828,138.591722,138.616963,138.642205
5000,33.0,3,169.325217,171.523029,173.720841,175.298291,176.875741,20.662884,21.933702,23.20452,24.429327,25.654134,140.589583,140.746375,140.903168,140.912725,140.922282,4.707987,4.7123,4.716613,4.716745,4.716877,140.584159,140.736618,140.889077,140.893201,140.897325
5000,33.5,3,173.872715,175.127914,176.383113,177.405901,178.428689,23.093535,23.300633,23.507731,24.343418,25.179105,142.87075,142.875525,142.8803,142.928225,142.976149,4.776331,4.776801,4.777271,4.778432,4.779593,142.866769,142.87095,142.875131,142.909978,142.944826
5000,34.0,3,173.51669,176.354509,179.192328,179.307514,179.4227,20.666403,22.322493,23.978582,24.084586,24.19059,144.777493,144.883435,144.989377,145.080248,145.171119,4.83469,4.836081,4.837472,4.839857,4.842242,144.771609,144.863882,144.956155,145.061602,145.167049
5000,34.5,3,178.062236,179.836288,181.61034,181.634243,181.658146,23.261588,23.748557,24.235526,24.327072,24.418619,146.749181,146.817264,146.885347,147.067466,147.249584,4.888783,4.890323,4.891862,4.899171,4.90648,146.741551,146.795887,146.850223,147.046995,147.243767
5000,35.0,3,181.024424,181.973088,182.921752,184.493886,186.06602,23.566047,23.730008,23.89397,24.934922,25.975873,148.977046,149.061764,149.146482,149.158232,149.169982,4.955972,4.958253,4.960534,4.963754,4.966973,148.970362,149.041574,149.112785,149.137524,149.162263
5000,35.5,3,183.073137,183.08655,183.099964,183.75997,184.419975,22.000374,22.542471,23.084568,23.34114,23.597711,151.09669,151.232552,151.368414,151.396128,151.423842,5.019967,5.024009,5.028051,5.028099,5.028147,151.090976,151.226842,151.362708,151.376391,151.390074
5000,36.0,3,185.998975,186.348417,186.697859,187.238324,187.778788,22.97418,23.609161,24.244143,24.375185,24.506228,153.308829,153.392979,153.47713,153.556026,153.634922,5.084553,5.088429,5.092306,5.094389,5.096472,153.301988,153.385948,153.469908,153.534944,153.599979
5000,36.5,3,187.381338,188.707318,190.033298,190.379076,190.724853,23.599674,23.845568,24.091463,24.591989,25.092515,155.569646,155.578912,155.588178,155.594672,155.601166,5.153439,5.153702,5.153964,5.155512,5.157061,155.562599,155.565413,155.568228,155.665461,155.762695
5000,37.0,3,187.404473,187.871321,188.338168,189.997502,191.656836,20.999561,21.300375,21.601189,22.549567,23.497944,157.429147,157.497742,157.566337,157.644901,157.723466,5.206336,5.209923,5.21351,5.215093,5.216675,157.42165,157.476574,157.531499,157.624714,157.71793
5000,37.5,3,187.11085,189.917533,192.724216,193.516349,194.308483,19.039938,20.584974,22.13001,23.447425,24.764841,159.572223,159.617071,159.661919,159.875504,160.08909,5.268294,5.27305,5.277806,5.282086,5.286366,159.566633,159.653365,159.740097,159.911318,160.082539
5000,38.0,3,193.542765,194.897958,196.253151,196.771554,197.289957,22.821022,23.063365,23.305707,24.32952,25.353333,161.893678,161.974445,162.055212,162.213527,162.371842,5.33982,5.342649,5.345477,5.349652,5.353826,161.886954,162.067372,162.247791,162.306355,162.364918
5000,38.5,3,195.639291,197.151175,198.66306,198.824933,198.986805,22.949409,23.212606,23.475803,24.0708,24.665797,164.209095,164.230019,164.250943,164.399659,164.548375,5.408789,5.412145,5.415501,5.417816,5.420132,164.202519,164.209402,164.216284,164.379653,164.543022
5000,39.0,3,197.807977,199.112243,200.416509,201.095969,201.775428,23.023445,23.176133,23.328822,24.196304,25.063786,166.289572,166.341707,166.393842,166.461743,166.529644,5.471523,5.473309,5.475095,5.476984,5.478873,166.256501,166.321543,166.386585,166.455368,166.524151
5000,39.5,3,200.137737,201.025017,201.912297,202.721176,203.530056,22.821675,22.9558,23.089924,23.999835,24.909747,168.19772,168.28382,168.369921,168.428561,168.487202,5.525445,5.529631,5.533816,5.535495,5.537173,168.36467,168.409289,168.453908,168.475673,168.497437
5000,40.0,3,196.442014,200.703725,204.965435,205.252078,205.538721,17.114959,20.67018,24.225401,24.250209,24.275017,170.298808,170.422774,170.54674,170.62308,170.699421,5.592171,5.594564,5.596957,5.600577,5.604197,170.292606,170.416292,170.539978,170.602456,170.664935
5000,40.5,3,203.493425,206.784621,210.075818,210.365138,210.654458,22.126607,24.169983,26.213358,26.965509,27.71766,172.575684,172.628891,172.682097,172.769639,172.857181,5.657283,5.659283,5.661283,5.663758,5.666234,172.568946,172.609282,172.649618,172.750357,172.851096
5000,41.0,3,205.09558,206.942345,208.78911,209.567231,210.345351,21.700745,22.673526,23.646307,23.857396,24.068485,174.650786,174.685233,174.71968,174.950597,175.181514,5.719401,5.720006,5.720611,5.726341,5.732071,174.616406,174.665503,174.7146,174.945293,175.175987
5000,41.5,3,207.333384,209.743605,212.153826,213.068744,213.983662,20.393495,20.767104,21.140713,22.822076,24.503439,176.613494,176.674591,176.735688,179.238826,181.741964,5.777996,5.778356,5.778716,5.855747,5.932778,176.660978,176.862039,177.0631,177.197971,177.332842
5000,42.0,3,210.196877,213.40172,216.606563,224.420533,232.234503,21.974804,23.266993,24.559182,25.656565,26.753948,179.296231,179.317771,179.339312,186.568685,193.798058,5.853259,5.856291,5.859323,6.076044,6.292764,178.995517,179.142471,179.289426,179.298218,179.307011
5000,42.5,3,36.136105,124.635968,213.135831,214.231424,215.327018,22.881568,23.187428,23.493289,23.991852,24.490415,5.506394,93.361776,181.217157,181.264419,181.311681,0.709608,3.311528,5.913447,5.916295,5.919144,5.499595,93.355923,181.212251,181.244865,181.27748
5000,43.0,3,38.092671,125.503754,212.914836,216.013979,219.113122,20.517008,22.290487,24.063967,24.700783,25.337598,7.818095,95.459286,183.100476,183.247625,183.394774,0.780922,3.376422,5.971923,5.97577,5.979616,7.812147,95.452907,183.093667,183.227954,183.362242
5000,43.5,3,38.458549,130.518736,222.578923,223.796448,225.013972,22.627408,22.727135,22.826862,23.955185,25.083509,9.566119,99.820886,190.075654,190.231363,190.387073,0.829575,3.506112,6.182649,6.186911,6.191174,9.681412,97.438359,185.195305,185.411892,185.628478
5000,44.0,3,37.646554,124.616308,211.586063,226.574393,241.562724,19.530726,22.594755,25.658785,27.269051,28.879318,11.79111,94.346907,176.902705,189.645082,202.387458,0.893572,3.341945,5.790318,6.17147,6.552622,11.814753,87.911835,164.008917,175.738645,187.468374
5000,44.5,3,31.33186,31.734994,32.138128,37.9682,43.798273,21.969245,22.649196,23.329148,23.686871,24.044594,5.310364,5.46677,5.623177,9.850069,14.076961,0.712858,0.714429,0.716,0.839239,0.962477,5.303109,5.446617,5.590124,9.830298,14.070473
5000,45.0,3,31.133466,32.910915,34.688364,40.753769,46.819174,19.645242,21.8597,24.074157,24.302296,24.530436,7.313583,7.469843,7.626103,11.956173,16.286244,0.772693,0.773363,0.774033,0.901559,1.029086,7.30792,7.449535,7.59115,11.935913,16.280676
5000,45.5,3,36.150636,37.726673,39.302709,44.08285,48.862992,22.573889,23.322049,24.070209,25.374953,26.679697,9.64764,9.677904,9.708169,13.992414,18.27666,0.835358,0.839944,0.84453,0.965483,1.086436,9.614694,9.658274,9.701854,13.985595,18.269337
5000,46.0,3,36.834064,38.920463,41.006861,45.407339,49.807816,21.013376,22.011168,23.00896,24.617434,26.225909,11.801557,11.814859,11.828161,16.024246,20.220331,0.898777,0.903929,0.909082,1.02896,1.148838,11.793678,11.793869,11.794061,16.004537,20.215013
5000,46.5,3,41.648726,42.033375,42.418025,46.844337,51.270648,22.447429,22.962453,23.477476,24.563172,25.648868,13.731769,13.921336,14.110904,18.150773,22.190642,0.966595,0.966835,0.967075,1.084983,1.20289,13.726277,13.901682,14.077088,18.130266,22.183444
5000,47.0,3,40.202707,42.395049,44.587391,49.019714,53.452037,21.444202,21.861761,22.27932,23.217598,24.155876,15.655639,15.980324,16.305009,20.387359,24.469709,1.024741,1.028749,1.032757,1.153039,1.273321,15.846465,16.059291,16.272116,20.367981,24.463845
5000,47.5,3,45.462258,46.354231,47.246204,51.918425,56.590646,22.919513,23.009382,23.099251,24.373403,25.647556,18.3543,18.38541,18.416521,22.569568,26.722615,1.094696,1.099349,1.104002,1.221548,1.339093,18.319635,18.364418,18.409202,22.563043,26.716883
5000,48.0,3,45.284472,45.470286,45.6561,51.634858,57.613616,21.070721,21.362052,21.653383,21.748466,21.843548,20.341035,20.365484,20.389932,24.663378,28.936823,1.150594,1.156813,1.163032,1.283294,1.403557,20.308376,20.346498,20.38462,24.657203,28.929786
5000,48.5,3,49.925158,50.658019,51.390879,55.734247,60.077615,22.238296,22.758429,23.278561,24.507021,25.73548,22.34237,22.350043,22.357716,26.638093,30.918471,1.210476,1.215018,1.219559,1.341613,1.463668,22.307812,22.329157,22.350502,26.631972,30.913441
5000,49.0,3,49.726658,50.893164,52.05967,58.078709,64.097747,20.78376,22.405225,24.026691,24.089783,24.152876,24.542611,24.556741,24.570872,28.738729,32.906586,1.278276,1.282167,1.286059,1.402434,1.518809,24.536916,24.537375,24.537835,28.718745,32.899656
5000,49.5,3,52.821858,54.674338,56.526817,61.138738,65.75066,21.531463,22.534759,23.538055,24.892608,26.247161,26.84561,26.848549,26.851489,30.923797,34.996105,1.345156,1.350539,1.355921,1.469936,1.583951,26.818184,26.828893,26.839601,31.060221,35.280842
5000,50.0,3,58.058624,58.38094,58.703256,62.995675,67.288094,22.716197,23.570686,24.425176,25.316426,26.207675,28.54833,28.837771,29.127213,33.172024,37.216835,1.402603,1.407544,1.412485,1.532749,1.653014,29.093003,29.097879,29.102754,33.156782,37.210809
5000,50.5,3,58.69982,59.229705,59.759591,64.35019,68.940789,22.285595,23.143334,24.001072,24.260742,24.520411,30.63525,30.913606,31.191963,35.267021,39.342079,1.466034,1.46942,1.472806,1.592341,1.711876,30.628485,30.89404,31.159595,35.330697,39.5018
5000,51.0,3,60.825093,61.670887,62.51668,66.562373,70.608067,21.627104,22.937637,24.24817,24.496408,24.744647,32.962533,33.055611,33.148688,37.458299,41.767911,1.529595,1.53293,1.536265,1.659815,1.783365,32.9568,33.03561,33.11442,37.438795,41.763171
5000,51.5,3,61.480347,62.301799,63.12325,68.012866,72.902482,21.66555,21.728494,21.791437,22.970691,24.149945,35.131996,35.212694,35.293392,39.564004,43.834616,1.589051,1.595419,1.601788,1.724265,1.846741,35.099734,35.193771,35.287809,39.557894,43.827979
5000,52.0,3,62.933337,63.809717,64.686097,71.168944,77.651792,20.815946,22.067005,23.318063,23.852766,24.387468,37.36671,37.491628,37.616547,41.77241,45.928274,1.65693,1.665146,1.673363,1.789862,1.906362,37.333065,37.471466,37.609867,41.766756,45.923646
5000,52.5,3,69.072481,69.386777,69.701072,74.899765,80.098458,24.61486,24.65269,24.69052,25.408899,26.127279,39.639595,39.699951,39.760307,43.885739,48.01117,1.724276,1.729819,1.735361,1.85122,1.96708,39.606287,39.6809,39.755514,43.880079,48.004645
5000,53.0,3,65.430689,68.208212,70.985734,76.906991,82.828248,18.661633,21.900881,25.140128,25.275816,25.411504,41.633472,41.758689,41.883906,46.055466,50.227026,1.789842,1.791759,1.793676,1.912541,2.031406,41.656711,41.754236,41.85176,46.03698,50.222201
5000,53.5,3,71.0313,73.81087,76.59044,78.855349,81.120258,21.024077,21.601083,22.178089,25.621512,29.064935,43.597859,43.746264,43.894668,48.228099,52.561529,1.849522,1.849972,1.850423,1.976862,2.103302,43.593168,43.726928,43.860688,48.208323,52.555957
5000,54.0,3,72.666019,73.259796,73.853573,79.71833,85.583088,22.856544,22.953118,23.049692,23.368792,23.687892,45.801006,45.807811,45.814616,50.061841,54.309065,1.909126,1.91293,1.916734,2.036589,2.156443,45.76903,45.788854,45.808678,50.05667,54.304662
5000,54.5,3,73.974296,74.822152,75.670008,81.717289,87.764571,20.415091,21.981468,23.547844,23.621982,23.696119,48.063085,48.271214,48.479343,52.450327,56.421311,1.980953,1.983532,1.986111,2.101783,2.217454,48.057154,48.252297,48.447439,52.431225,56.415011
5000,55.0,3,79.125991,79.275563,79.425135,84.472571,89.520007,23.104817,23.368786,23.632754,24.328123,25.023492,50.275352,50.317404,50.359457,54.528753,58.698049,2.04003,2.044098,2.048166,2.167809,2.287453,50.270841,50.298245,50.32565,54.509477,58.693304
5000,55.5,3,78.141056,78.488565,78.836073,85.877395,92.918717,20.589736,21.521925,22.454115,23.295501,24.136886,52.198796,52.277464,52.356131,56.67689,60.997649,2.101439,2.103238,2.105037,2.229766,2.354495,52.192383,52.258357,52.324331,56.65843,60.99253
5000,56.0,3,81.73491,82.499514,83.264118,89.225791,95.187465,23.308565,23.422132,23.535699,23.797613,24.059527,54.178875,54.325368,54.47186,58.874567,63.277274,2.16281,2.166077,2.169345,2.295161,2.420977,54.174469,54.306531,54.438593,58.855001,63.271408
5000,56.5,3,83.478225,84.094527,84.710829,91.00932,97.307811,21.421426,22.7224,24.023375,24.091089,24.158803,56.250204,56.491386,56.732567,61.051321,65.370075,2.223697,2.22709,2.230482,2.357578,2.484673,56.244104,56.471937,56.699769,61.032869,65.365969
5000,57.0,3,86.859131,88.474847,90.090562,94.60517,99.119777,23.781749,23.884272,23.986795,24.880092,25.77339,58.500477,58.713502,58.926527,63.144986,67.363445,2.293734,2.295315,2.296895,2.420895,2.544895,58.495273,58.695088,58.894902,63.12617,67.357439
5000,57.5,3,90.872253,91.308114,91.743974,96.63283,101.521686,24.143047,24.788451,25.433855,25.544269,25.654683,60.779216,60.821534,60.863851,65.106427,69.349003,2.352518,2.356373,2.360229,2.480089,2.599949,60.77459,60.802458,60.830326,65.087665,69.345003
5000,58.0,3,91.49446,92.055017,92.615575,97.91496,103.214345,23.131546,23.375411,23.619276,24.421096,25.222916,62.859183,62.876104,62.893025,67.196512,71.499999,2.409981,2.415745,2.421508,2.543445,2.665382,62.827664,62.857282,62.886899,67.190733,71.494567
5000,58.5,3,93.752512,94.231727,94.710942,99.083507,103.456072,21.578919,22.444177,23.309435,24.258902,25.208368,64.877466,64.88066,64.883854,69.300136,73.716418,2.471861,2.476338,2.480815,2.605931,2.731047,64.844105,64.86192,64.879735,69.294809,73.709883
5000,59.0,3,95.33101,96.249167,97.167323,101.288778,105.410233,21.217011,21.887028,22.557044,23.977023,25.397002,66.865918,67.003302,67.140687,71.55376,75.966833,2.53953,2.539612,2.539695,2.668198,2.796702,66.859898,66.984223,67.108549,71.533826,75.959104
5000,59.5,3,95.426146,97.633613,99.84108,104.091302,108.341525,20.316477,21.21488,22.113283,23.945251,25.77722,68.991351,69.200931,69.410511,73.67581,77.94111,2.60136,2.603385,2.605409,2.731427,2.857444,69.296264,69.337439,69.378614,73.657001,77.935387
5000,60.0,3,98.658942,99.481592,100.304241,105.885466,111.466692,21.205015,22.198343,23.191672,23.543073,23.894473,71.425622,71.555675,71.685727,75.808219,79.930712,2.67445,2.674643,2.674835,2.794728,2.91462,71.645531,71.649012,71.652492,75.787791,79.923089
5000,60.5,3,98.975908,99.391034,99.806159,107.819501,115.832843,19.457565,20.393254,21.328944,23.418883,25.508822,73.553547,73.621086,73.688624,77.805467,81.92231,2.735969,2.737052,2.738134,2.855079,2.972023,73.639007,73.646938,73.65487,77.785756,81.916641
5000,61.0,3,102.266909,103.72971,105.192511,109.925385,114.658259,20.593354,21.290926,21.988497,23.243535,24.498573,75.646545,75.715,75.783454,79.989414,84.195374,2.796351,2.798976,2.801602,2.923151,3.044701,75.750329,75.766038,75.781747,79.985163,84.188579
5000,61.5,3,106.696528,107.498109,108.299691,112.963177,117.626663,22.612819,22.732037,22.851255,24.077378,25.303501,77.897334,77.972116,78.046898,82.260581,86.474264,2.853753,2.86246,2.871166,2.990529,3.109893,77.862313,77.95119,78.040067,82.25374,86.467412
5000,62.0,3,106.87133,107.992833,109.114335,114.456786,119.799236,20.723909,21.585685,22.447461,23.110631,23.7738,80.127777,80.225189,80.3226,84.532948,88.743296,2.925261,2.932536,2.93981,3.0593,3.178791,80.094453,80.205601,80.316749,84.527306,88.737864
5000,62.5,3,111.497341,111.658019,111.818698,117.804757,123.790817,22.84381,23.580944,24.318078,24.368567,24.419056,82.419097,82.438447,82.457796,86.583036,90.708275,2.995451,2.999424,3.003397,3.118598,3.233798,82.411541,82.417642,82.423743,86.562342,90.700942
5000,63.0,3,112.004051,112.983417,113.962784,119.181223,124.399662,21.669654,22.332782,22.99591,23.699261,24.402612,84.033459,84.226801,84.420144,88.551077,92.68201,3.039176,3.050539,3.061903,3.176979,3.292055,84.163839,84.289217,84.414595,88.545639,92.676682
5000,63.5,3,114.862681,114.947676,115.032672,119.677841,124.32301,20.849616,21.602143,22.35467,22.944214,23.533758,86.306868,86.307642,86.308416,90.501051,94.693686,3.107393,3.109883,3.112373,3.231196,3.35002,86.272073,86.286519,86.300965,90.493776,94.686588
5000,64.0,3,118.023225,118.635783,119.24834,122.672162,126.095983,20.234219,22.228374,24.222529,24.29703,24.371531,88.538702,88.572215,88.605729,92.785473,96.965217,3.177331,3.1806,3.183869,3.304384,3.424899,88.532725,88.552612,88.5725,92.765859,96.959217
5000,64.5,3,119.567407,120.156555,120.745703,126.99854,133.251377,23.424005,23.449578,23.475151,24.20933,24.943509,90.816263,90.87355,90.930837,95.085398,99.23996,3.24399,3.246502,3.249014,3.367815,3.486615,90.810119,90.853635,90.897152,95.065724,99.234296
5000,65.0,3,123.868474,124.425204,124.981934,127.891037,130.80014,20.314883,22.254468,24.194053,25.327547,26.46104,93.120674,93.193673,93.266673,97.36388,101.461088,3.310993,3.316544,3.322095,3.43847,3.554844,93.113584,93.173049,93.232514,97.343278,101.454043
5000,65.5,3,125.290411,126.63778,127.985148,131.390849,134.79655,22.139025,23.111613,24.084201,25.888136,27.692071,94.610352,94.682094,94.753837,99.130248,103.50666,3.358624,3.359039,3.359455,3.487107,3.61476,94.603442,94.661381,94.719321,99.205064,103.690807
5000,66.0,3,126.218745,126.692314,127.165883,134.328698,141.491513,22.616613,23.660408,24.704203,25.523973,26.343744,96.95355,97.016522,97.079494,101.552546,106.025599,3.428888,3.429447,3.430006,3.561244,3.692482,96.947523,96.996937,97.046352,101.533283,106.020214
5000,66.5,3,129.164294,129.419124,129.673954,134.130407,138.586861,21.221224,22.215689,23.210154,24.011538,24.812922,99.28076,99.32323,99.365699,103.773316,108.180933,3.494691,3.498419,3.502147,3.628582,3.755016,99.275004,99.303737,99.33247,103.753269,108.174068
5000,67.0,3,129.291558,129.504675,129.717792,135.28884,140.859887,20.97952,21.230202,21.480885,21.981359,22.481832,101.587312,101.620876,101.65444,105.895232,110.136023,3.563848,3.567186,3.570523,3.691907,3.813291,101.580291,101.60023,101.620168,105.875666,110.131164
5000,67.5,3,133.925336,134.718241,135.511146,140.269857,145.028567,23.518303,23.581472,23.644642,24.914532,26.184423,103.620602,103.655624,103.690647,107.888494,112.08634,3.622635,3.625316,3.627997,3.747947,3.867898,103.615568,103.636919,103.65827,107.868925,112.07958
5000,68.0,3,134.747498,136.263369,137.779239,142.215726,146.652214,22.350629,22.708735,23.066842,24.741073,26.415304,105.59842,105.60836,105.6183,109.920395,114.222489,3.68482,3.686105,3.68739,3.810293,3.933195,105.584022,105.587754,105.591486,109.904433,114.21738
5000,68.5,3,135.476205,136.294174,137.112144,144.646254,152.180365,22.112039,22.373368,22.634696,24.457046,26.279396,107.540237,107.582371,107.624505,112.048458,116.472412,3.745804,3.752498,3.759192,3.879031,3.99887,107.535284,107.563759,107.592234,112.029537,116.46684
5000,69.0,3,138.143628,140.483247,142.822865,146.168755,149.514645,21.289263,21.312886,21.33651,24.226122,27.115735,109.816815,109.852533,109.888251,114.307863,118.727475,3.81219,3.818654,3.825117,3.946668,4.068219,109.810671,109.832667,109.854664,114.287869,118.721075
5000,69.5,3,140.779309,141.717067,142.654825,148.037295,153.419765,22.734225,22.874501,23.014776,23.283225,23.551675,112.087292,112.102601,112.11791,116.407724,120.697538,3.879666,3.885578,3.89149,4.007896,4.124303,112.081144,112.082785,112.084426,116.388694,120.692962
5000,70.0,3,144.076916,145.103526,146.130135,150.352614,154.575094,22.111734,22.921924,23.732115,24.217585,24.703056,114.319233,114.346301,114.37337,118.502352,122.631334,3.947444,3.953701,3.959959,4.071774,4.183589,114.314486,114.327883,114.34128,118.483068,122.624857
5000,70.5,3,146.472119,146.960732,147.449346,151.965764,156.482182,21.995972,22.97809,23.960208,24.023161,24.086113,116.299629,116.33872,116.377811,120.479873,124.581935,4.008252,4.012914,4.017577,4.12739,4.237203,116.292982,116.318401,116.343821,120.460597,124.577373
5000,71.0,3,147.746287,148.969387,150.192487,155.289281,160.386076,22.274138,22.653723,23.033308,24.429882,25.826457,118.227122,118.264888,118.302654,122.569211,126.835767,4.060784,4.068264,4.075745,4.190517,4.305289,118.22248,118.246574,118.270669,122.550433,126.830197
5000,71.5,3,147.824955,150.315516,152.806077,159.484239,166.1624,21.033961,21.196063,21.358166,23.294293,25.23042,120.262723,120.304538,120.346353,127.532513,134.718673,4.125942,4.130748,4.135553,4.339453,4.543353,120.256394,120.284474,120.312553,124.80299,129.293428
5000,72.0,3,54.815518,103.70491,152.594302,152.678605,152.762909,22.670643,23.311662,23.952681,24.713039,25.473398,22.456235,72.498597,122.540959,122.584283,122.627608,1.209368,2.700256,4.191145,4.196723,4.202301,20.995043,71.76531,122.535576,122.565298,122.595019
5000,72.5,3,31.273629,92.416538,153.559448,154.471299,155.383149,21.13265,21.769689,22.406728,22.765377,23.124025,5.501809,65.160489,124.819168,124.857459,124.89575,0.709482,2.482454,4.255427,4.262525,4.269624,5.494999,65.154625,124.81425,124.838814,124.863377
5000,73.0,3,33.97446,96.680632,159.386805,159.395768,159.404732,21.700742,23.24806,24.795378,25.406355,26.017331,7.573969,67.282381,126.990792,127.075079,127.159367,0.77006,2.544272,4.318483,4.328396,4.33831,7.568313,67.276372,126.984432,127.055049,127.125666
5000,73.5,3,36.607811,101.256512,165.905213,166.309383,166.713554,22.266413,23.273178,24.279944,24.863835,25.447727,9.564852,71.628465,133.692077,133.969603,134.247129,0.829613,2.68204,4.534467,4.53793,4.541392,9.557296,69.268769,128.980242,129.038316,129.09639
5000,74.0,3,33.130565,33.368278,33.60599,37.121617,40.637243,24.068734,25.330923,26.593113,27.022341,27.451569,2.95559,2.999141,3.042691,7.2873,11.531909,0.645281,0.65191,0.658538,0.774631,0.890724,2.94981,3.066813,3.183817,7.355088,11.526359
5000,74.5,3,33.576091,33.992632,34.409173,38.413021,42.416869,23.51036,24.302055,25.09375,25.403095,25.71244,5.076037,5.094242,5.112448,9.467167,13.821885,0.709489,0.713486,0.717482,0.837744,0.958006,5.065835,5.067158,5.068481,9.670695,14.272909
5000,75.0,3,33.760158,34.765277,35.770396,39.510849,43.251301,21.89419,21.929774,21.965358,23.752718,25.540078,7.377007,7.384285,7.391564,11.686464,15.981364,0.775186,0.781421,0.787655,0.905764,1.023872,7.346071,7.358352,7.370633,11.86847,16.366306
5000,75.5,3,38.112176,38.528894,38.945612,41.316667,43.687722,20.331345,22.181164,24.030982,25.203074,26.375165,9.645599,9.653639,9.66168,13.997175,18.33267,0.846722,0.850834,0.854947,0.974483,1.094019,9.616495,9.62796,9.639425,13.983363,18.327302
5000,76.0,3,37.057854,39.209886,41.361918,45.07127,48.780621,20.738919,22.033564,23.328209,24.914689,26.50117,11.871117,11.88985,11.908584,16.139206,20.369828,0.911507,0.917342,0.923178,1.038038,1.152898,11.862027,11.862824,11.863622,16.113231,20.36284
5000,76.5,3,40.398096,41.882178,43.366259,46.544715,49.723171,21.991642,22.001729,22.011816,24.238691,26.465566,13.85397,13.893747,13.933524,18.259732,22.58594,0.968598,0.976302,0.984006,1.099954,1.215901,13.848482,13.868728,13.888974,18.234297,22.57962
5000,77.0,3,43.369169,44.52975,45.69033,48.375587,51.060844,21.007759,21.956813,22.905867,24.824425,26.742983,15.838619,15.894867,15.951116,20.395507,24.839898,1.030603,1.03702,1.043436,1.163468,1.283499,15.831231,15.867949,15.904667,20.369592,24.834517
5000,77.5,3,44.883089,46.342901,47.802713,50.559781,53.316849,21.276414,21.817586,22.358757,24.549985,26.741212,17.887087,17.920751,17.954414,22.361724,26.769033,1.096288,1.098728,1.101168,1.221441,1.341714,17.881609,17.895775,17.90994,22.335939,26.761939
5000,78.0,3,46.405353,47.604796,48.80424,52.917909,57.031579,21.520869,22.262711,23.004553,24.206391,25.408229,20.156733,20.200961,20.245189,24.472019,28.698849,1.161153,1.165848,1.170544,1.284517,1.398489,20.150227,20.174868,20.199509,24.446634,28.693759
5000,78.5,3,48.941382,49.125571,49.30976,54.738359,60.166959,21.714843,22.640251,23.565659,23.690236,23.814813,22.436781,22.479447,22.522113,26.605644,30.689176,1.229195,1.232436,1.235676,1.345735,1.455793,22.430115,22.453303,22.476492,26.57939,30.682289
5000,79.0,3,48.993831,51.842942,54.692053,57.492267,60.29248,19.396159,20.417181,21.438203,24.045678,26.653152,24.666615,24.74506,24.823505,29.105002,33.3865,1.294162,1.29979,1.305417,1.421754,1.53809,24.661417,24.720302,24.779186,29.079384,33.379582
5000,79.5,3,53.932499,55.283601,56.634703,59.428613,62.222523,21.375133,21.774303,22.173474,24.368078,26.562682,26.642952,26.782221,26.921491,31.121836,35.322181,1.350943,1.359864,1.368784,1.482153,1.595522,26.635853,26.755595,26.875337,31.096303,35.317269
5000,80.0,3,58.231784,58.700879,59.169974,61.671306,64.172638,21.176734,22.774088,24.371441,25.704328,27.037216,28.644947,28.803959,28.962971,33.185046,37.40712,1.409687,1.419154,1.428622,1.543859,1.659096,28.639855,28.77934,28.918825,33.159745,37.400665
5000,80.5,3,60.211882,61.056579,61.901275,64.794224,67.687172,22.390102,23.337875,24.285647,25.970079,27.654512,30.697006,30.834071,30.971135,35.307772,39.644408,1.471632,1.478991,1.48635,1.604662,1.722975,30.690101,30.807596,30.92509,35.281804,39.638518
5000,81.0,3,60.543188,61.645281,62.747373,66.641637,70.535902,22.369612,22.636844,22.904076,24.52337,26.142665,32.98567,33.068841,33.152013,37.533313,41.914613,1.540914,1.546864,1.552813,1.67017,1.787526,32.97999,33.043778,33.107566,37.508623,41.90968
5000,81.5,3,61.836691,63.744475,65.652259,68.812556,71.972853,21.320056,21.777767,22.235477,24.450452,26.665428,35.298953,35.363577,35.428201,39.69323,43.958259,1.609753,1.614718,1.619684,1.734557,1.84943,35.293358,35.338349,35.38334,39.667482,43.951625
5000,82.0,3,67.560008,67.623875,67.687743,70.985153,74.282563,22.511448,23.669786,24.828125,25.499361,26.170596,37.63355,37.668996,37.704442,41.818517,45.932591,1.677737,1.682081,1.686425,1.797631,1.908837,37.62691,37.642861,37.658813,41.793388,45.927963
5000,82.5,3,67.696198,68.259611,68.823024,71.933232,75.04344,21.245032,22.509676,23.77432,24.075824,24.377328,39.363673,39.59779,39.831906,43.868245,47.904583,1.734154,1.741101,1.748048,1.856093,1.964138,39.611351,39.699701,39.788051,43.843053,47.898055
5000,83.0,3,68.593028,68.907812,69.222597,73.593158,77.963718,21.463697,21.677778,21.891859,22.912989,23.934119,41.422593,41.636589,41.850586,45.980332,50.110079,1.78776,1.798877,1.809995,1.921044,2.032094,41.416914,41.610873,41.804832,45.954907,50.104982
5000,83.5,3,68.32712,71.287631,74.248143,77.76884,81.289537,19.121622,21.021096,22.92057,24.766252,26.611935,43.701951,43.783386,43.864822,48.102104,52.339386,1.856132,1.864029,1.871926,1.98591,2.099893,43.696883,43.758979,43.821075,48.077695,52.334316
5000,84.0,3,72.438217,74.871955,77.305693,80.920866,84.536038,21.045784,22.468622,23.891461,25.666906,27.442351,45.863046,45.926622,45.990198,50.269892,54.549587,1.922171,1.927829,1.933486,2.049394,2.165302,45.856463,45.900676,45.94489,50.244063,54.543237
5000,84.5,3,73.935886,76.215833,78.49578,82.752272,87.008763,20.192821,22.167807,24.142793,25.387503,26.632214,47.804903,48.039545,48.274187,52.397987,56.521786,1.980538,1.990333,2.000128,2.110011,2.219894,47.800325,48.014959,48.229593,52.373517,56.517442
5000,85.0,3,75.849285,76.961333,78.07338,82.279227,86.485073,19.75157,21.334507,22.917443,23.19696,23.476476,50.461403,50.511392,50.561382,54.5299,58.498419,2.057376,2.06248,2.067583,2.175274,2.282964,50.456673,50.487062,50.517451,54.504813,58.492175
5000,85.5,3,81.204704,82.156856,83.109007,87.623192,92.137377,22.896249,23.716285,24.536322,25.476778,26.417233,52.494648,52.600703,52.706758,57.007564,61.308369,2.119,2.125974,2.132947,2.247973,2.362998,52.488243,52.574769,52.661295,56.981748,61.302201
5000,86.0,3,82.547927,82.900399,83.252871,88.617007,93.981144,22.23742,23.327589,24.417759,24.505335,24.592912,54.408259,54.530536,54.652813,58.9335,63.214186,2.173575,2.18126,2.188944,2.304228,2.419512,54.403858,54.506607,54.609356,58.909689,63.210022
5000,86.5,3,83.044532,83.25553,83.466528,88.557275,93.648022,20.689541,21.397571,22.105601,22.448067,22.790533,56.362862,56.499915,56.636967,60.88498,65.132993,2.235007,2.24214,2.249274,2.364507,2.479741,56.356561,56.474085,56.59161,60.859269,65.126927
5000,87.0,3,86.747326,87.022525,87.297724,91.516215,95.734706,22.000877,22.107718,22.214559,23.26941,24.324261,58.596441,58.67498,58.753518,63.006629,67.259741,2.298897,2.304698,2.310499,2.42745,2.544401,58.591461,58.650605,58.709749,62.982517,67.255286
5000,87.5,3,89.279174,90.214451,91.149727,94.192564,97.2354,21.216314,21.821845,22.427376,24.14153,25.855685,60.78284,60.894399,61.005959,65.245306,69.484652,2.364234,2.370662,2.37709,2.490918,2.604746,60.778205,60.870026,60.961847,65.220859,69.479871
5000,88.0,3,89.548342,91.143089,92.737835,97.95259,103.167344,22.079592,22.818513,23.557435,24.22644,24.895445,62.915421,63.091986,63.268551,67.469918,71.671284,2.426081,2.43459,2.443099,2.557014,2.670928,62.909296,63.066404,63.223513,67.444453,71.665393
5000,88.5,3,92.804792,93.057456,93.31012,98.492576,103.675033,21.651081,22.507715,23.364349,23.710543,24.056737,64.85172,65.01789,65.184061,69.380824,73.577587,2.483692,2.492296,2.5009,2.615239,2.729579,64.87963,65.010258,65.140886,69.356125,73.571365
5000,89.0,3,92.306672,94.67272,97.038769,100.977592,104.916416,19.05538,20.538441,22.021502,23.440239,24.858975,67.043817,67.291517,67.539216,71.849681,76.160145,2.556511,2.559482,2.562452,2.683767,2.805081,67.18683,67.360878,67.534927,71.843889,76.152852
5000,89.5,3,97.024982,97.454131,97.88328,102.137521,106.391763,21.163336,21.230967,21.298598,22.424527,23.550456,69.628085,69.690471,69.752857,74.024435,78.296014,2.626613,2.633326,2.64004,2.753752,2.867464,69.62214,69.664995,69.707851,73.999076,78.290301
5000,90.0,3,100.135408,101.313472,102.491537,106.320509,110.149481,22.715099,23.123198,23.531298,25.024591,26.517884,71.222898,71.247953,71.273007,75.526131,79.779254,2.67263,2.675591,2.678552,2.793897,2.909241,71.218092,71.223603,71.229113,75.500821,79.772528
5000,90.5,3,99.464844,100.757812,102.050781,106.173828,110.296875,21.5625,22.384766,23.207031,24.396484,25.585938,71.703125,71.722656,71.742188,75.990234,80.238281,2.683594,2.6875,2.691406,2.806641,2.921875,71.697235,71.697235,71.697235,75.964928,80.23262
5000,91.0,3,99.464844,100.757812,102.050781,106.173828,110.296875,21.5625,22.384766,23.207031,24.396484,25.585938,71.703125,71.722656,71.742188,75.990234,80.238281,2.683594,2.6875,2.691406,2.806641,2.921875,71.697235,71.697235,71.697235,75.964928,80.23262
5000,91.5,3,99.464844,100.757812,102.050781,106.173828,110.296875,21.5625,22.384766,23.207031,24.396484,25.585938,71.703125,71.722656,71.742188,75.990234,80.238281,2.683594,2.6875,2.691406,2.806641,2.921875,71.697235,71.697235,71.697235,75.964928,80.23262
5000,92.0,3,99.464844,100.757812,102.050781,106.173828,110.296875,21.5625,22.384766,23.207031,24.396484,25.585938,71.703125,71.722656,71.742188,75.990234,80.238281,2.683594,2.6875,2.691406,2.806641,2.921875,71.697235,71.697235,71.697235,75.964928,80.23262
5000,92.5,3,99.464844,100.757812,102.050781,106.173828,110.296875,21.5625,22.384766,23.207031,24.396484,25.585938,71.703125,71.722656,71.742188,75.990234,80.238281,2.683594,2.6875,2.691406,2.806641,2.921875,71.697235,71.697235,71.697235,75.964928,80.23262
5000,93.0,3,99.466981,100.759461,102.051942,106.174408,110.296875,21.564637,22.385834,23.207031,24.396484,25.585938,71.703125,71.722656,71.742188,75.990234,80.238281,2.683594,2.6875,2.691406,2.806641,2.921875,71.697235,71.697235,71.697235,75.964928,80.23262
5000,93.5,3,99.484375,100.769531,102.054688,106.175781,110.296875,21.582031,22.394531,23.207031,24.398438,25.589844,71.703125,71.722656,71.742188,75.990234,80.238281,2.683594,2.6875,2.691406,2.806641,2.921875,71.697235,71.697235,71.697235,75.964928,80.23262
5000,94.0,3,99.484375,100.769531,102.054688,106.175781,110.296875,21.582031,22.394531,23.207031,24.398438,25.589844,71.703125,71.722656,71.742188,75.990234,80.238281,2.683594,2.6875,2.691406,2.806641,2.921875,71.697235,71.697235,71.697235,75.964928,80.23262
5000,94.5,3,99.484375,100.769531,102.054688,106.175781,110.296875,21.582031,22.394531,23.207031,24.398438,25.589844,71.703125,71.722656,71.742188,75.990234,80.238281,2.683594,2.6875,2.691406,2.806641,2.921875,71.697235,71.697235,71.697235,75.964928,80.23262
5000,95.0,3,99.484375,100.769531,102.054688,106.175781,110.296875,21.582031,22.394531,23.207031,24.398438,25.589844,71.703125,71.722656,71.742188,75.990234,80.238281,2.683594,2.6875,2.691406,2.806641,2.921875,71.697235,71.697235,71.697235,75.964928,80.23262
5000,95.5,3,99.484375,100.769531,102.054688,106.175781,110.296875,21.582031,22.394531,23.207031,24.398438,25.589844,71.703125,71.722656,71.742188,75.990234,80.238281,2.683594,2.6875,2.691406,2.806641,2.921875,71.697235,71.697235,71.697235,75.964928,80.23262
5000,96.0,3,99.484375,100.769531,102.054688,106.175781,110.296875,21.582031,22.394531,23.207031,24.398438,25.589844,71.703125,71.722656,71.742188,75.990234,80.238281,2.683594,2.6875,2.691406,2.806641,2.921875,71.697235,71.697235,71.697235,75.964928,80.23262
5000,96.5,3,99.484375,100.769531,102.054688,106.175781,110.296875,21.582031,22.394531,23.207031,24.398438,25.589844,71.703125,71.722656,71.742188,75.990234,80.238281,2.683594,2.6875,2.691406,2.806641,2.921875,71.697235,71.697235,71.697235,75.964928,80.23262
5000,97.0,3,99.484375,100.769531,102.054688,106.175781,110.296875,21.582031,22.394531,23.207031,24.398438,25.589844,71.703125,71.722656,71.742188,75.990234,80.238281,2.683594,2.6875,2.691406,2.806641,2.921875,71.697235,71.697235,71.697235,75.964928,80.23262
5000,97.5,3,99.484375,100.769531,102.054688,106.175781,110.296875,21.582031,22.394531,23.207031,24.398438,25.589844,71.703125,71.722656,71.742188,75.990234,80.238281,2.683594,2.6875,2.691406,2.806641,2.921875,71.697235,71.697235,71.697235,75.964928,80.23262
5000,98.0,3,99.484375,100.769531,102.054688,106.175781,110.296875,21.582031,22.394531,23.207031,24.398438,25.589844,71.703125,71.722656,71.742188,75.990234,80.238281,2.683594,2.6875,2.691406,2.806641,2.921875,71.697235,71.697235,71.697235,75.964928,80.23262
5000,98.5,3,99.496094,100.775391,102.054688,106.175781,110.296875,21.590048,22.39854,23.207031,24.398438,25.589844,71.703125,71.722656,71.742188,75.990234,80.238281,2.683594,2.6875,2.691406,2.806641,2.921875,71.697235,71.697235,71.697235,75.964928,80.23262
5000,99.0,3,99.496094,100.775391,102.054688,106.175781,110.296875,21.59375,22.400391,23.207031,24.398438,25.589844,71.703125,71.722656,71.742188,75.990234,80.238281,2.683594,2.6875,2.691406,2.806641,2.921875,71.697235,71.697235,71.697235,75.964928,80.23262
5000,99.5,3,99.496094,100.775391,102.054688,106.175781,110.296875,21.59375,22.400391,23.207031,24.398438,25.589844,71.703125,71.722656,71.742188,75.990234,80.238281,2.683594,2.6875,2.691406,2.806641,2.921875,71.697235,71.697235,71.697235,75.964928,80.23262
5000,100.0,3,99.496094,100.775391,102.054688,106.175781,110.296875,21.59375,22.400391,23.207031,24.398438,25.589844,71.703125,71.722656,71.742188,75.990234,80.238281,2.683594,2.6875,2.691406,2.806641,2.921875,71.697235,71.697235,71.697235,75.964928,80.23262
5000,100.5,3,99.496094,100.775391,102.054688,106.175781,110.296875,21.59375,22.400391,23.207031,24.398438,25.589844,71.703125,71.722656,71.742188,75.990234,80.238281,2.683594,2.6875,2.691406,2.806641,2.921875,71.697235,71.697235,71.697235,75.964928,80.23262
5000,101.0,3,99.496094,100.775391,102.054688,106.175781,110.296875,21.59375,22.400391,23.207031,24.398438,25.589844,71.703125,71.722656,71.742188,75.990234,80.238281,2.683594,2.6875,2.691406,2.806641,2.921875,71.697235,71.697235,71.697235,75.964928,80.23262
5000,101.5,3,99.496094,100.775391,102.054688,106.175781,110.296875,21.59375,22.400391,23.207031,24.398438,25.589844,71.703125,71.722656,71.742188,75.990234,80.238281,2.683594,2.6875,2.691406,2.806641,2.921875,71.697235,71.697235,71.697235,75.964928,80.23262
5000,102.0,3,99.496094,100.775391,102.054688,106.175781,110.296875,21.59375,22.400391,23.207031,24.398438,25.589844,71.703125,71.722656,71.742188,75.990234,80.238281,2.683594,2.6875,2.691406,2.806641,2.921875,71.697235,71.697235,71.697235,75.964928,80.23262
5000,102.5,3,99.496094,100.775391,102.054688,106.173828,110.292969,21.59375,22.400391,23.207031,24.398438,25.589844,71.703125,71.722656,71.742188,75.990234,80.238281,2.683594,2.6875,2.691406,2.804688,2.917969,71.697235,71.697235,71.697235,75.964928,80.23262
5000,103.0,3,99.496094,100.775391,102.054688,106.173828,110.292969,21.59375,22.400391,23.207031,24.398438,25.589844,71.703125,71.722656,71.742188,75.990234,80.238281,2.683594,2.6875,2.691406,2.804688,2.917969,71.697235,71.697235,71.697235,75.964928,80.23262
5000,103.5,3,99.515625,100.785156,102.054688,106.173828,110.292969,21.613281,22.410156,23.207031,24.398438,25.589844,71.703125,71.722656,71.742188,75.990234,80.238281,2.683594,2.6875,2.691406,2.804688,2.917969,71.697235,71.697235,71.697235,75.964928,80.23262
5000,104.0,3,99.515625,100.784389,102.053152,106.173061,110.292969,21.613281,22.410156,23.207031,24.398438,25.589844,71.703125,71.722656,71.742188,75.990234,80.238281,2.682059,2.686732,2.691406,2.804688,2.917969,71.697235,71.697235,71.697235,75.964928,80.23262
5000,104.5,3,99.511719,100.78125,102.050781,106.171875,110.292969,21.613281,22.410156,23.207031,24.398438,25.589844,71.703125,71.722656,71.742188,75.990234,80.238281,2.679688,2.683594,2.6875,2.802734,2.917969,71.697235,71.697235,71.697235,75.964928,80.23262
5000,105.0,3,99.511719,100.78125,102.050781,106.171875,110.292969,21.613281,22.410156,23.207031,24.398438,25.589844,71.703125,71.722656,71.742188,75.990234,80.238281,2.679688,2.683594,2.6875,2.802734,2.917969,71.697235,71.697235,71.697235,75.964928,80.23262
