time_nano,container,anon_bytes,current_bytes,peak_bytes,cpu_usage_usec
1786042777292964459,raycluster-historyserver-cpu-worker-ddp9j/ray-worker,282562560,302350336,304455680,3055427
1786042777292964459,raycluster-historyserver-cpu-worker-ddp9j/collector,55111680,55955456,57831424,604252
1786042777292964459,raycluster-historyserver-head-2mqnh/ray-head,3068530688,3119652864,3121586176,11986002
1786042777292964459,raycluster-historyserver-head-2mqnh/collector,60301312,61272064,61698048,640117
1786042778338343876,raycluster-historyserver-cpu-worker-ddp9j/ray-worker,282603520,302391296,304455680,3066332
1786042778338343876,raycluster-historyserver-cpu-worker-ddp9j/collector,55111680,55955456,57831424,604252
1786042778338343876,raycluster-historyserver-head-2mqnh/ray-head,3068702720,3120054272,3121586176,12027387
1786042778338343876,raycluster-historyserver-head-2mqnh/collector,60301312,61272064,61698048,640261
1786042778338343876,rayjob-bench-fs95q/ray-job-submitter,57966592,63778816,63778816,662299
1786042779386905835,raycluster-historyserver-cpu-worker-ddp9j/ray-worker,282791936,302587904,304455680,3076817
1786042779386905835,raycluster-historyserver-cpu-worker-ddp9j/collector,55111680,55955456,57831424,604252
1786042779386905835,raycluster-historyserver-head-2mqnh/ray-head,3068928000,3120021504,3122065408,12090254
1786042779386905835,raycluster-historyserver-head-2mqnh/collector,60301312,61272064,61698048,640261
1786042779386905835,rayjob-bench-fs95q/ray-job-submitter,27590656,37572608,115253248,1689975
1786042780427283252,raycluster-historyserver-cpu-worker-ddp9j/ray-worker,283004928,302809088,304455680,3088262
1786042780427283252,raycluster-historyserver-cpu-worker-ddp9j/collector,55877632,56766464,58048512,621636
1786042780427283252,raycluster-historyserver-head-2mqnh/ray-head,3107389440,3161968640,3162738688,12854762
1786042780427283252,raycluster-historyserver-head-2mqnh/collector,60301312,61272064,61698048,641976
1786042780427283252,rayjob-bench-fs95q/ray-job-submitter,102764544,113790976,115253248,2553352
1786042781472260711,raycluster-historyserver-cpu-worker-ddp9j/ray-worker,369750016,394649600,394911744,3594346
1786042781472260711,raycluster-historyserver-cpu-worker-ddp9j/collector,55877632,56766464,58048512,621836
1786042781472260711,raycluster-historyserver-head-2mqnh/ray-head,3229327360,3287572480,3288707072,13899684
1786042781472260711,raycluster-historyserver-head-2mqnh/collector,60399616,61452288,61898752,649253
1786042781472260711,rayjob-bench-fs95q/ray-job-submitter,102363136,113287168,115253248,3520989
1786042782516320920,raycluster-historyserver-cpu-worker-ddp9j/ray-worker,606081024,636628992,638185472,5696423
1786042782516320920,raycluster-historyserver-cpu-worker-ddp9j/collector,55877632,56766464,58048512,621836
1786042782516320920,raycluster-historyserver-head-2mqnh/ray-head,3265417216,3323785216,3324321792,14477163
1786042782516320920,raycluster-historyserver-head-2mqnh/collector,60473344,61456384,61898752,651735
1786042782516320920,rayjob-bench-fs95q/ray-job-submitter,102363136,113287168,115253248,3520989
1786042783561998170,raycluster-historyserver-cpu-worker-ddp9j/ray-worker,764293120,798859264,799121408,7898580
1786042783561998170,raycluster-historyserver-cpu-worker-ddp9j/collector,65929216,69005312,69005312,901802
1786042783561998170,raycluster-historyserver-head-2mqnh/ray-head,3285250048,3343708160,3348926464,15178544
1786042783561998170,raycluster-historyserver-head-2mqnh/collector,87445504,92381184,92585984,1488237
1786042783561998170,rayjob-bench-fs95q/ray-job-submitter,102367232,113295360,115253248,3521573
1786042784615375629,raycluster-historyserver-cpu-worker-ddp9j/ray-worker,895283200,933900288,934166528,9896284
1786042784615375629,raycluster-historyserver-cpu-worker-ddp9j/collector,70643712,74407936,74670080,1173495
1786042784615375629,raycluster-historyserver-head-2mqnh/ray-head,3292516352,3351158784,3351875584,15905458
1786042784615375629,raycluster-historyserver-head-2mqnh/collector,91525120,96665600,98328576,1685097
1786042784615375629,rayjob-bench-fs95q/ray-job-submitter,102379520,113303552,115253248,3521709
1786042785671349713,raycluster-historyserver-cpu-worker-ddp9j/ray-worker,936226816,976355328,979001344,12067211
1786042785671349713,raycluster-historyserver-cpu-worker-ddp9j/collector,75354112,81166336,81244160,1523102
1786042785671349713,raycluster-historyserver-head-2mqnh/ray-head,3310379008,3369144320,3371458560,16985415
1786042785671349713,raycluster-historyserver-head-2mqnh/collector,90083328,98533376,98631680,2372671
1786042785671349713,rayjob-bench-fs95q/ray-job-submitter,102379520,113303552,115253248,3521709
1786042786728149755,raycluster-historyserver-cpu-worker-ddp9j/ray-worker,919736320,959062016,980905984,14144737
1786042786728149755,raycluster-historyserver-cpu-worker-ddp9j/collector,73904128,79720448,84877312,1849873
1786042786728149755,raycluster-historyserver-head-2mqnh/ray-head,3346022400,3405156352,3405860864,17895625
1786042786728149755,raycluster-historyserver-head-2mqnh/collector,93892608,106086400,106377216,3115940
1786042786728149755,rayjob-bench-fs95q/ray-job-submitter,102379520,113303552,115253248,3521709
1786042787829970089,raycluster-historyserver-cpu-worker-ddp9j/ray-worker,924307456,963796992,980905984,16297949
1786042787829970089,raycluster-historyserver-cpu-worker-ddp9j/collector,80379904,89088000,89571328,2093290
1786042787829970089,raycluster-historyserver-head-2mqnh/ray-head,3367440384,3426619392,3428581376,19125847
1786042787829970089,raycluster-historyserver-head-2mqnh/collector,95596544,109674496,113786880,3812455
1786042787829970089,rayjob-bench-fs95q/ray-job-submitter,102383616,113307648,115253248,3521889
1786042788899046048,raycluster-historyserver-cpu-worker-ddp9j/ray-worker,952365056,992100352,993935360,18494091
1786042788899046048,raycluster-historyserver-cpu-worker-ddp9j/collector,77901824,86622208,99323904,2468354
1786042788899046048,raycluster-historyserver-head-2mqnh/ray-head,3383017472,3445874688,3450568704,20338583
1786042788899046048,raycluster-historyserver-head-2mqnh/collector,93413376,110301184,123469824,4284011
1786042788899046048,rayjob-bench-fs95q/ray-job-submitter,102383616,113307648,115253248,3522014
1786042789963167632,raycluster-historyserver-cpu-worker-ddp9j/ray-worker,955154432,996098048,996913152,20572480
1786042789963167632,raycluster-historyserver-cpu-worker-ddp9j/collector,92897280,106721280,107208704,3024896
1786042789963167632,raycluster-historyserver-head-2mqnh/ray-head,3396087808,3459350528,3465056256,21467093
1786042789963167632,raycluster-historyserver-head-2mqnh/collector,103538688,125038592,125349888,5042015
1786042789963167632,rayjob-bench-fs95q/ray-job-submitter,102383616,113307648,115253248,3522146
1786042791039113216,raycluster-historyserver-cpu-worker-ddp9j/ray-worker,962949120,1003483136,1005256704,22734895
1786042791039113216,raycluster-historyserver-cpu-worker-ddp9j/collector,92962816,106782720,107208704,3028179
1786042791039113216,raycluster-historyserver-head-2mqnh/ray-head,3447214080,3510353920,3511263232,22665468
1786042791039113216,raycluster-historyserver-head-2mqnh/collector,107024384,128802816,133955584,5769485
1786042791039113216,rayjob-bench-fs95q/ray-job-submitter,102383616,113307648,115253248,3522274
1786042792125035300,raycluster-historyserver-cpu-worker-ddp9j/ray-worker,981475328,1021952000,1024225280,24919127
1786042792125035300,raycluster-historyserver-cpu-worker-ddp9j/collector,105500672,123760640,123760640,3963840
1786042792125035300,raycluster-historyserver-head-2mqnh/ray-head,3459039232,3522293760,3531382784,23890585
1786042792125035300,raycluster-historyserver-head-2mqnh/collector,119279616,148688896,149204992,6667207
1786042792125035300,rayjob-bench-fs95q/ray-job-submitter,102383616,113307648,115253248,3522432
1786042793236186258,raycluster-historyserver-cpu-worker-ddp9j/ray-worker,975978496,1016590336,1024225280,27118842
1786042793236186258,raycluster-historyserver-cpu-worker-ddp9j/collector,109850624,130523136,130961408,4197810
1786042793236186258,raycluster-historyserver-head-2mqnh/ray-head,3555663872,3620880384,3621494784,26344233
1786042793236186258,raycluster-historyserver-head-2mqnh/collector,128798720,158220288,161062912,7181683
1786042793236186258,rayjob-bench-fs95q/ray-job-submitter,102383616,113307648,115253248,3522578
1786042794336012217,raycluster-historyserver-cpu-worker-ddp9j/ray-worker,990965760,1031774208,1034076160,29299648
1786042794336012217,raycluster-historyserver-cpu-worker-ddp9j/collector,111304704,132030464,136056832,4711098
1786042794336012217,raycluster-historyserver-head-2mqnh/ray-head,3620958208,3689803776,3699462144,27576635
1786042794336012217,raycluster-historyserver-head-2mqnh/collector,129241088,166793216,166924288,8333120
1786042794336012217,rayjob-bench-fs95q/ray-job-submitter,102383616,113307648,115253248,3522705
1786042795441053468,raycluster-historyserver-cpu-worker-ddp9j/ray-worker,992088064,1033838592,1035034624,31538503
1786042795441053468,raycluster-historyserver-cpu-worker-ddp9j/collector,114323456,141819904,142073856,5320744
1786042795441053468,raycluster-historyserver-head-2mqnh/ray-head,3667038208,3735252992,3739783168,29205317
1786042795441053468,raycluster-historyserver-head-2mqnh/collector,137826304,175386624,175923200,8559891
1786042795441053468,rayjob-bench-fs95q/ray-job-submitter,102383616,113307648,115253248,3522838
1786042796512997093,raycluster-historyserver-cpu-worker-ddp9j/ray-worker,992493568,1033584640,1038360576,33692052
1786042796512997093,raycluster-historyserver-cpu-worker-ddp9j/collector,114323456,141819904,142073856,5320801
1786042796512997093,raycluster-historyserver-head-2mqnh/ray-head,3677540352,3745050624,3746754560,29959505
1786042796512997093,raycluster-historyserver-head-2mqnh/collector,123002880,165871616,176889856,9755113
1786042796512997093,rayjob-bench-fs95q/ray-job-submitter,102383616,113307648,115253248,3522951
1786042797575172010,raycluster-historyserver-cpu-worker-ddp9j/ray-worker,1010565120,1053192192,1054842880,35889479
1786042797575172010,raycluster-historyserver-cpu-worker-ddp9j/collector,110698496,143187968,150179840,6305528
1786042797575172010,raycluster-historyserver-head-2mqnh/ray-head,3699900416,3767656448,3770408960,31607820
1786042797575172010,raycluster-historyserver-head-2mqnh/collector,148799488,194289664,194928640,10019098
1786042797575172010,rayjob-bench-fs95q/ray-job-submitter,102383616,113307648,115253248,3523077
1786042798622418719,raycluster-historyserver-cpu-worker-ddp9j/ray-worker,990683136,1032339456,1054842880,37890324
1786042798622418719,raycluster-historyserver-cpu-worker-ddp9j/collector,112271360,146604032,150179840,6504506
1786042798622418719,raycluster-historyserver-head-2mqnh/ray-head,3709136896,3777822720,3778547712,32341657
1786042798622418719,raycluster-historyserver-head-2mqnh/collector,117014528,165920768,196382720,11156772
1786042798622418719,rayjob-bench-fs95q/ray-job-submitter,102383616,113307648,115253248,3523240
1786042799670282428,raycluster-historyserver-cpu-worker-ddp9j/ray-worker,1010794496,1053229056,1056972800,40083248
1786042799670282428,raycluster-historyserver-cpu-worker-ddp9j/collector,117166080,151801856,152322048,6762361
1786042799670282428,raycluster-historyserver-head-2mqnh/ray-head,3725971456,3794305024,3794644992,33761935
1786042799670282428,raycluster-historyserver-head-2mqnh/collector,132665344,186200064,196382720,11532978
1786042799670282428,rayjob-bench-fs95q/ray-job-submitter,102383616,113307648,115253248,3523544
1786042800719228262,raycluster-historyserver-cpu-worker-ddp9j/ray-worker,997363712,1039294464,1056972800,42089463
1786042800719228262,raycluster-historyserver-cpu-worker-ddp9j/collector,114933760,156090368,156954624,7693918
1786042800719228262,raycluster-historyserver-head-2mqnh/ray-head,3759382528,3827359744,3828822016,34767166
1786042800719228262,raycluster-historyserver-head-2mqnh/collector,127156224,181772288,204111872,12524472
1786042800719228262,rayjob-bench-fs95q/ray-job-submitter,102383616,113307648,115253248,3523674
1786042801759163221,raycluster-historyserver-cpu-worker-ddp9j/ray-worker,997888000,1040224256,1056972800,44283280
1786042801759163221,raycluster-historyserver-cpu-worker-ddp9j/collector,114933760,156082176,156954624,7694155
1786042801759163221,raycluster-historyserver-head-2mqnh/ray-head,3773784064,3841810432,3842531328,36081074
1786042801759163221,raycluster-historyserver-head-2mqnh/collector,127197184,188813312,204111872,13140410
1786042801759163221,rayjob-bench-fs95q/ray-job-submitter,102383616,113307648,115253248,3523808
1786042802811670180,raycluster-historyserver-cpu-worker-ddp9j/ray-worker,1018564608,1060548608,1065697280,46288832
1786042802811670180,raycluster-historyserver-cpu-worker-ddp9j/collector,106487808,147636224,162934784,8287784
1786042802811670180,raycluster-historyserver-head-2mqnh/ray-head,3776937984,3845451776,3846672384,37027378
1786042802811670180,raycluster-historyserver-head-2mqnh/collector,123891712,185503744,208359424,13965833
1786042802811670180,rayjob-bench-fs95q/ray-job-submitter,102383616,113307648,115253248,3523948
1786042803849879847,raycluster-historyserver-cpu-worker-ddp9j/ray-worker,1003700224,1046609920,1065697280,48391419
1786042803849879847,raycluster-historyserver-cpu-worker-ddp9j/collector,112676864,160653312,162934784,8893541
1786042803849879847,raycluster-historyserver-head-2mqnh/ray-head,3796590592,3865382912,3866656768,38204024
1786042803849879847,raycluster-historyserver-head-2mqnh/collector,123498496,192995328,208359424,14774704
1786042803849879847,rayjob-bench-fs95q/ray-job-submitter,102383616,113307648,115253248,3524073
1786042804901508958,raycluster-historyserver-cpu-worker-ddp9j/ray-worker,1004208128,1046458368,1065697280,50488515
1786042804901508958,raycluster-historyserver-cpu-worker-ddp9j/collector,112676864,160653312,162934784,8893541
1786042804901508958,raycluster-historyserver-head-2mqnh/ray-head,3826397184,3895058432,3897356288,39399519
1786042804901508958,raycluster-historyserver-head-2mqnh/collector,113455104,182947840,211361792,15343818
1786042804901508958,rayjob-bench-fs95q/ray-job-submitter,102383616,113307648,115253248,3524201
1786042805948430250,raycluster-historyserver-cpu-worker-ddp9j/ray-worker,1022181376,1064861696,1066971136,52572319
1786042805948430250,raycluster-historyserver-cpu-worker-ddp9j/collector,106962944,157798400,169684992,9772694
1786042805948430250,raycluster-historyserver-head-2mqnh/ray-head,3842269184,3911057408,3912278016,40419186
1786042805948430250,raycluster-historyserver-head-2mqnh/collector,134553600,212258816,212463616,16381790
1786042805948430250,rayjob-bench-fs95q/ray-job-submitter,102383616,113307648,115253248,3524325
1786042807016356626,raycluster-historyserver-cpu-worker-ddp9j/ray-worker,1023967232,1066496000,1070800896,54686261
1786042807016356626,raycluster-historyserver-cpu-worker-ddp9j/collector,120520704,175329280,175591424,10023340
1786042807016356626,raycluster-historyserver-head-2mqnh/ray-head,3871834112,3940675584,3941277696,41930080
1786042807016356626,raycluster-historyserver-head-2mqnh/collector,151900160,229634048,230686720,16785147
1786042807016356626,rayjob-bench-fs95q/ray-job-submitter,102383616,113307648,115253248,3524446
1786042808085510960,raycluster-historyserver-cpu-worker-ddp9j/ray-worker,1039450112,1082163200,1086906368,56886544
1786042808085510960,raycluster-historyserver-cpu-worker-ddp9j/collector,86937600,141742080,183504896,10081820
1786042808085510960,raycluster-historyserver-head-2mqnh/ray-head,3860254720,3929120768,3950329856,42685459
1786042808085510960,raycluster-historyserver-head-2mqnh/collector,131215360,216764416,230686720,17827825
1786042808085510960,rayjob-bench-fs95q/ray-job-submitter,102383616,113307648,115253248,3524568
1786042809188451543,raycluster-historyserver-cpu-worker-ddp9j/ray-worker,1025118208,1067945984,1086906368,59086691
1786042809188451543,raycluster-historyserver-cpu-worker-ddp9j/collector,118087680,179712000,183504896,11260553
1786042809188451543,raycluster-historyserver-head-2mqnh/ray-head,3889123328,3958112256,3958734848,44387227
1786042809188451543,raycluster-historyserver-head-2mqnh/collector,144728064,230273024,234577920,18137940
1786042809188451543,rayjob-bench-fs95q/ray-job-submitter,102383616,113307648,115253248,3524690
1786042810259750336,raycluster-historyserver-cpu-worker-ddp9j/ray-worker,1025155072,1068396544,1086906368,61205584
1786042810259750336,raycluster-historyserver-cpu-worker-ddp9j/collector,118116352,179740672,183504896,11263441
1786042810259750336,raycluster-historyserver-head-2mqnh/ray-head,3900313600,3969355776,3970535424,45093964
1786042810259750336,raycluster-historyserver-head-2mqnh/collector,129888256,222318592,234577920,19342286
1786042810259750336,rayjob-bench-fs95q/ray-job-submitter,102383616,113307648,115253248,3524833
1786042811334499711,raycluster-historyserver-cpu-worker-ddp9j/ray-worker,1045536768,1088954368,1093828608,63309541
1786042811334499711,raycluster-historyserver-cpu-worker-ddp9j/collector,114733056,176357376,186290176,11789643
1786042811334499711,raycluster-historyserver-head-2mqnh/ray-head,3923337216,3992711168,3997130752,46950364
1786042811334499711,raycluster-historyserver-head-2mqnh/collector,145809408,238997504,238997504,19459541
1786042811334499711,rayjob-bench-fs95q/ray-job-submitter,102383616,113307648,115253248,3525006
1786042812414471003,raycluster-historyserver-cpu-worker-ddp9j/ray-worker,1045790720,1089097728,1093828608,65482978
1786042812414471003,raycluster-historyserver-cpu-worker-ddp9j/collector,114806784,183255040,186290176,12416237
1786042812414471003,raycluster-historyserver-head-2mqnh/ray-head,3934400512,4003516416,4005179392,47661219
1786042812414471003,raycluster-historyserver-head-2mqnh/collector,114290688,211046400,245448704,20642238
1786042812414471003,rayjob-bench-fs95q/ray-job-submitter,102383616,113307648,115253248,3525229
1786042813471316254,raycluster-historyserver-cpu-worker-ddp9j/ray-worker,1045893120,1089359872,1093828608,67681597
1786042813471316254,raycluster-historyserver-cpu-worker-ddp9j/collector,114806784,183255040,186290176,12416237
1786042813471316254,raycluster-historyserver-head-2mqnh/ray-head,3949600768,4018868224,4021018624,49156864
1786042813471316254,raycluster-historyserver-head-2mqnh/collector,132718592,234393600,245448704,21055826
1786042813471316254,rayjob-bench-fs95q/ray-job-submitter,102383616,113307648,115253248,3525371
1786042814532229088,raycluster-historyserver-cpu-worker-ddp9j/ray-worker,1052839936,1096695808,1101398016,69678170
1786042814532229088,raycluster-historyserver-cpu-worker-ddp9j/collector,101539840,172318720,190418944,13276731
1786042814532229088,raycluster-historyserver-head-2mqnh/ray-head,3978571776,4047831040,4049002496,50135922
1786042814532229088,raycluster-historyserver-head-2mqnh/collector,112558080,216825856,252547072,22066754
1786042814532229088,rayjob-bench-fs95q/ray-job-submitter,102383616,113307648,115253248,3525518
1786042815618179713,raycluster-historyserver-cpu-worker-ddp9j/ray-worker,1038618624,1082322944,1101398016,71879417
1786042815618179713,raycluster-historyserver-cpu-worker-ddp9j/collector,116662272,191930368,192188416,13547527
1786042815618179713,raycluster-historyserver-head-2mqnh/ray-head,3967270912,4036497408,4060229632,51542900
1786042815618179713,raycluster-historyserver-head-2mqnh/collector,132300800,241963008,252547072,22504973
1786042815618179713,rayjob-bench-fs95q/ray-job-submitter,102383616,113307648,115253248,3525662
1786042816685289380,raycluster-historyserver-cpu-worker-ddp9j/ray-worker,1059577856,1103761408,1111207936,74059999
1786042816685289380,raycluster-historyserver-cpu-worker-ddp9j/collector,86937600,162201600,200622080,13718517
1786042816685289380,raycluster-historyserver-head-2mqnh/ray-head,4012564480,4082110464,4082253824,52626363
1786042816685289380,raycluster-historyserver-head-2mqnh/collector,112517120,222175232,260919296,23450952
1786042816685289380,rayjob-bench-fs95q/ray-job-submitter,102383616,113307648,115253248,3525815
1786042817755577381,raycluster-historyserver-cpu-worker-ddp9j/ray-worker,1043972096,1088086016,1111207936,76273697
1786042817755577381,raycluster-historyserver-cpu-worker-ddp9j/collector,116461568,198553600,200622080,14713099
1786042817755577381,raycluster-historyserver-head-2mqnh/ray-head,4010397696,4076937216,4094791680,53896601
1786042817755577381,raycluster-historyserver-head-2mqnh/collector,133943296,251699200,260919296,24109407
1786042817755577381,rayjob-bench-fs95q/ray-job-submitter,102383616,113307648,115253248,3526096
1786042818921309548,raycluster-historyserver-cpu-worker-ddp9j/ray-worker,1044496384,1088610304,1111207936,78347741
1786042818921309548,raycluster-historyserver-cpu-worker-ddp9j/collector,116461568,198553600,200622080,14713099
1786042818921309548,raycluster-historyserver-head-2mqnh/ray-head,4051857408,4121481216,4121743360,55091690
1786042818921309548,raycluster-historyserver-head-2mqnh/collector,111714304,229474304,269996032,24839117
1786042818921309548,rayjob-bench-fs95q/ray-job-submitter,102383616,113307648,115253248,3526239
1786042819978431549,raycluster-historyserver-cpu-worker-ddp9j/ray-worker,1064611840,1106104320,1111207936,78743683
1786042819978431549,raycluster-historyserver-cpu-worker-ddp9j/collector,112988160,201732096,206016512,15795858
1786042819978431549,raycluster-historyserver-head-2mqnh/ray-head,4032192512,4101742592,4122980352,55566793
1786042819978431549,raycluster-historyserver-head-2mqnh/collector,131534848,257179648,269996032,25676939
1786042819978431549,rayjob-bench-fs95q/ray-job-submitter,102383616,113307648,115253248,3526379
1786042821036352924,raycluster-historyserver-cpu-worker-ddp9j/ray-worker,585449472,614526976,1111207936,80086114
1786042821036352924,raycluster-historyserver-cpu-worker-ddp9j/collector,79372288,168284160,213397504,16027141
1786042821036352924,raycluster-historyserver-head-2mqnh/ray-head,4063690752,4133302272,4135620608,56339930
1786042821036352924,raycluster-historyserver-head-2mqnh/collector,114593792,240238592,275046400,26269228
1786042821036352924,rayjob-bench-fs95q/ray-job-submitter,102383616,113307648,115253248,3526379
1786042822127387466,raycluster-historyserver-cpu-worker-ddp9j/ray-worker,564666368,593690624,1111207936,80250433
1786042822127387466,raycluster-historyserver-cpu-worker-ddp9j/collector,107663360,203657216,213397504,17111621
1786042822127387466,raycluster-historyserver-head-2mqnh/ray-head,4056858624,4126486528,4136017920,56800904
1786042822127387466,raycluster-historyserver-head-2mqnh/collector,134926336,268808192,275046400,27237345
1786042822127387466,rayjob-bench-fs95q/ray-job-submitter,102383616,113307648,115253248,3526379
1786042823189273967,raycluster-historyserver-cpu-worker-ddp9j/ray-worker,585814016,614875136,1111207936,80787329
1786042823189273967,raycluster-historyserver-cpu-worker-ddp9j/collector,101273600,197263360,214765568,17730143
1786042823189273967,raycluster-historyserver-head-2mqnh/ray-head,4075909120,4145557504,4148826112,57524175
1786042823189273967,raycluster-historyserver-head-2mqnh/collector,110870528,244760576,289107968,28826725
1786042823189273967,rayjob-bench-fs95q/ray-job-submitter,102383616,113307648,115253248,3526379
1786042824243255551,raycluster-historyserver-cpu-worker-ddp9j/ray-worker,564977664,594006016,1111207936,81390680
1786042824243255551,raycluster-historyserver-cpu-worker-ddp9j/collector,112107520,214654976,215080960,18273938
1786042824243255551,raycluster-historyserver-head-2mqnh/ray-head,4059381760,4129001472,4148936704,57932733
1786042824243255551,raycluster-historyserver-head-2mqnh/collector,132898816,142069760,289107968,30473794
1786042824243255551,rayjob-bench-fs95q/ray-job-submitter,102383616,113307648,115253248,3526379
1786042825295273426,raycluster-historyserver-cpu-worker-ddp9j/ray-worker,564985856,594006016,1111207936,81466327
1786042825295273426,raycluster-historyserver-cpu-worker-ddp9j/collector,115392512,224776192,226574336,19495110
1786042825295273426,raycluster-historyserver-head-2mqnh/ray-head,4086120448,4155789312,4158283776,58681244
1786042825295273426,raycluster-historyserver-head-2mqnh/collector,112066560,121237504,289107968,30985026
1786042825295273426,rayjob-bench-fs95q/ray-job-submitter,102383616,113307648,115253248,3526379
1786042826339459427,raycluster-historyserver-cpu-worker-ddp9j/ray-worker,585822208,614883328,1111207936,82088430
1786042826339459427,raycluster-historyserver-cpu-worker-ddp9j/collector,111902720,221536256,231469056,19983365
1786042826339459427,raycluster-historyserver-head-2mqnh/ray-head,4061265920,4130889728,4158283776,58903139
1786042826339459427,raycluster-historyserver-head-2mqnh/collector,134008832,151293952,289107968,31955005
1786042826339459427,rayjob-bench-fs95q/ray-job-submitter,102383616,113307648,115253248,3526379
1786042827381293677,raycluster-historyserver-cpu-worker-ddp9j/ray-worker,565108736,594153472,1111207936,82614230
1786042827381293677,raycluster-historyserver-cpu-worker-ddp9j/collector,113577984,229773312,231469056,20629106
1786042827381293677,raycluster-historyserver-head-2mqnh/ray-head,4085088256,4154761216,4158283776,59693592
1786042827381293677,raycluster-historyserver-head-2mqnh/collector,149041152,166326272,289107968,32357023
1786042827381293677,rayjob-bench-fs95q/ray-job-submitter,102383616,113307648,115253248,3526379
1786042828420278511,raycluster-historyserver-cpu-worker-ddp9j/ray-worker,585981952,615071744,1111207936,82815276
1786042828420278511,raycluster-historyserver-cpu-worker-ddp9j/collector,110698496,231325696,238755840,21587804
1786042828420278511,raycluster-historyserver-head-2mqnh/ray-head,4085157888,4155097088,4158283776,59766851
1786042828420278511,raycluster-historyserver-head-2mqnh/collector,130510848,155295744,289107968,33520933
1786042828420278511,rayjob-bench-fs95q/ray-job-submitter,102383616,113307648,115253248,3526379
1786042829460467345,raycluster-historyserver-cpu-worker-ddp9j/ray-worker,585998336,615088128,1111207936,83459300
1786042829460467345,raycluster-historyserver-cpu-worker-ddp9j/collector,118235136,241451008,245809152,22091177
1786042829460467345,raycluster-historyserver-head-2mqnh/ray-head,4060659712,4130275328,4158283776,60626582
1786042829460467345,raycluster-historyserver-head-2mqnh/collector,148463616,174039040,289107968,33789914
1786042829460467345,rayjob-bench-fs95q/ray-job-submitter,102383616,113307648,115253248,3526379
1786042830500484262,raycluster-historyserver-cpu-worker-ddp9j/ray-worker,565174272,594485248,1111207936,83769767
1786042830500484262,raycluster-historyserver-cpu-worker-ddp9j/collector,116977664,246816768,247787520,23222951
1786042830500484262,raycluster-historyserver-head-2mqnh/ray-head,4059668480,4129288192,4158283776,60710318
1786042830500484262,raycluster-historyserver-head-2mqnh/collector,129536000,161865728,289107968,34953260
1786042830500484262,rayjob-bench-fs95q/ray-job-submitter,102383616,113307648,115253248,3526379
1786042831539502429,raycluster-historyserver-cpu-worker-ddp9j/ray-worker,586108928,615202816,1111207936,84128149
1786042831539502429,raycluster-historyserver-cpu-worker-ddp9j/collector,105394176,237182976,255725568,25076413
1786042831539502429,raycluster-historyserver-head-2mqnh/ray-head,4059774976,4129394688,4158283776,61544498
1786042831539502429,raycluster-historyserver-head-2mqnh/collector,149118976,182370304,289107968,35251774
1786042831539502429,rayjob-bench-fs95q/ray-job-submitter,102383616,113307648,115253248,3526379
1786042832576793471,raycluster-historyserver-cpu-worker-ddp9j/ray-worker,564252672,593301504,1111207936,84242421
1786042832576793471,raycluster-historyserver-cpu-worker-ddp9j/collector,117755904,126603264,259293184,26002648
1786042832576793471,raycluster-historyserver-head-2mqnh/ray-head,4059856896,4129476608,4158283776,61641343
1786042832576793471,raycluster-historyserver-head-2mqnh/collector,124792832,163225600,289107968,36419582
1786042832576793471,rayjob-bench-fs95q/ray-job-submitter,102383616,113307648,115253248,3526379
1786042833616616472,raycluster-historyserver-cpu-worker-ddp9j/ray-worker,564269056,593313792,1111207936,84268208
1786042833616616472,raycluster-historyserver-cpu-worker-ddp9j/collector,117755904,126603264,259293184,26002648
1786042833616616472,raycluster-historyserver-head-2mqnh/ray-head,4059885568,4129517568,4158283776,62492806
1786042833616616472,raycluster-historyserver-head-2mqnh/collector,151425024,192876544,289107968,36719763
1786042833616616472,rayjob-bench-fs95q/ray-job-submitter,102383616,113307648,115253248,3526379
1786042834657720041,raycluster-historyserver-cpu-worker-ddp9j/ray-worker,564301824,593346560,1111207936,84315239
1786042834657720041,raycluster-historyserver-cpu-worker-ddp9j/collector,117755904,126603264,259293184,26002648
1786042834657720041,raycluster-historyserver-head-2mqnh/ray-head,4059971584,4129591296,4158283776,62561514
1786042834657720041,raycluster-historyserver-head-2mqnh/collector,116592640,161468416,289107968,37900406
1786042834657720041,rayjob-bench-fs95q/ray-job-submitter,102383616,113307648,115253248,3526379
1786042835696718417,raycluster-historyserver-cpu-worker-ddp9j/ray-worker,564310016,593354752,1111207936,84340280
1786042835696718417,raycluster-historyserver-cpu-worker-ddp9j/collector,117755904,126603264,259293184,26005013
1786042835696718417,raycluster-historyserver-head-2mqnh/ray-head,4059164672,4128788480,4158283776,63230795
1786042835696718417,raycluster-historyserver-head-2mqnh/collector,131268608,180555776,289107968,38247526
1786042835696718417,rayjob-bench-fs95q/ray-job-submitter,102383616,113307648,115253248,3526379
1786042836734453584,raycluster-historyserver-cpu-worker-ddp9j/ray-worker,564310016,593362944,1111207936,84380831
1786042836734453584,raycluster-historyserver-cpu-worker-ddp9j/collector,117755904,126603264,259293184,26005160
1786042836734453584,raycluster-historyserver-head-2mqnh/ray-head,4059267072,4128882688,4158283776,63502401
1786042836734453584,raycluster-historyserver-head-2mqnh/collector,112418816,161701888,289107968,39249862
1786042836734453584,rayjob-bench-fs95q/ray-job-submitter,102383616,113307648,115253248,3526379
1786042837775292459,raycluster-historyserver-cpu-worker-ddp9j/ray-worker,564236288,593281024,1111207936,84409515
1786042837775292459,raycluster-historyserver-cpu-worker-ddp9j/collector,117755904,126603264,259293184,26005160
1786042837775292459,raycluster-historyserver-head-2mqnh/ray-head,4059348992,4129222656,4158283776,63609407
1786042837775292459,raycluster-historyserver-head-2mqnh/collector,134557696,191967232,289107968,39855765
1786042837775292459,rayjob-bench-fs95q/ray-job-submitter,102383616,113307648,115253248,3526379
1786042838817658127,raycluster-historyserver-cpu-worker-ddp9j/ray-worker,564252672,593297408,1111207936,84440249
1786042838817658127,raycluster-historyserver-cpu-worker-ddp9j/collector,117755904,126603264,259293184,26005160
1786042838817658127,raycluster-historyserver-head-2mqnh/ray-head,4059381760,4129075200,4158283776,63710914
1786042838817658127,raycluster-historyserver-head-2mqnh/collector,134602752,192012288,289107968,39857044
1786042838817658127,rayjob-bench-fs95q/ray-job-submitter,102383616,113307648,115253248,3526379
1786042839859730919,raycluster-historyserver-cpu-worker-ddp9j/ray-worker,564256768,593301504,1111207936,84486868
1786042839859730919,raycluster-historyserver-cpu-worker-ddp9j/collector,117755904,126603264,259293184,26005160
1786042839859730919,raycluster-historyserver-head-2mqnh/ray-head,4059480064,4128972800,4158283776,63799520
1786042839859730919,raycluster-historyserver-head-2mqnh/collector,134602752,192012288,289107968,39858563
1786042839859730919,rayjob-bench-fs95q/ray-job-submitter,102383616,113303552,115253248,3526379
1786042840901546086,raycluster-historyserver-cpu-worker-ddp9j/ray-worker,564256768,593301504,1111207936,84514838
1786042840901546086,raycluster-historyserver-cpu-worker-ddp9j/collector,117755904,126603264,259293184,26008127
1786042840901546086,raycluster-historyserver-head-2mqnh/ray-head,4059639808,4129341440,4158283776,63879808
1786042840901546086,raycluster-historyserver-head-2mqnh/collector,134615040,192024576,289107968,39859615
1786042840901546086,rayjob-bench-fs95q/ray-job-submitter,102383616,113303552,115253248,3526379
1786042841944610795,raycluster-historyserver-cpu-worker-ddp9j/ray-worker,564260864,593305600,1111207936,84555213
1786042841944610795,raycluster-historyserver-cpu-worker-ddp9j/collector,117755904,126603264,259293184,26008316
1786042841944610795,raycluster-historyserver-head-2mqnh/ray-head,4059750400,4129730560,4158283776,63959694
1786042841944610795,raycluster-historyserver-head-2mqnh/collector,134615040,192024576,289107968,39859615
1786042841944610795,rayjob-bench-fs95q/ray-job-submitter,102383616,113303552,115253248,3526379
1786042842984580545,raycluster-historyserver-cpu-worker-ddp9j/ray-worker,564293632,593342464,1111207936,84583805
1786042842984580545,raycluster-historyserver-cpu-worker-ddp9j/collector,117755904,126603264,259293184,26008316
1786042842984580545,raycluster-historyserver-head-2mqnh/ray-head,4059750400,4129460224,4158283776,64065551
1786042842984580545,raycluster-historyserver-head-2mqnh/collector,134635520,192045056,289107968,39863690
1786042842984580545,rayjob-bench-fs95q/ray-job-submitter,102383616,113303552,115253248,3526379
1786042844027572837,raycluster-historyserver-cpu-worker-ddp9j/ray-worker,564314112,593358848,1111207936,84612909
1786042844027572837,raycluster-historyserver-cpu-worker-ddp9j/collector,117755904,126603264,259293184,26008316
1786042844027572837,raycluster-historyserver-head-2mqnh/ray-head,4059885568,4129611776,4158283776,64156915
1786042844027572837,raycluster-historyserver-head-2mqnh/collector,134635520,192045056,289107968,39863758
1786042844027572837,rayjob-bench-fs95q/ray-job-submitter,102383616,113303552,115253248,3526379
1786042845069458296,raycluster-historyserver-cpu-worker-ddp9j/ray-worker,564314112,593367040,1111207936,84661963
1786042845069458296,raycluster-historyserver-cpu-worker-ddp9j/collector,117755904,126603264,259293184,26010840
1786042845069458296,raycluster-historyserver-head-2mqnh/ray-head,4058107904,4127842304,4158283776,64244027
1786042845069458296,raycluster-historyserver-head-2mqnh/collector,134643712,192057344,289107968,39866401
1786042845069458296,rayjob-bench-fs95q/ray-job-submitter,102383616,113303552,115253248,3526379
1786042846111432505,raycluster-historyserver-cpu-worker-ddp9j/ray-worker,564318208,593387520,1111207936,84689299
1786042846111432505,raycluster-historyserver-cpu-worker-ddp9j/collector,117755904,126603264,259293184,26010905
1786042846111432505,raycluster-historyserver-head-2mqnh/ray-head,4058112000,4127838208,4158283776,64313312
1786042846111432505,raycluster-historyserver-head-2mqnh/collector,134643712,192057344,289107968,39866401
1786042846111432505,rayjob-bench-fs95q/ray-job-submitter,102383616,113303552,115253248,3526379
1786042847152508381,raycluster-historyserver-cpu-worker-ddp9j/ray-worker,564445184,593494016,1111207936,84739378
1786042847152508381,raycluster-historyserver-cpu-worker-ddp9j/collector,117755904,126603264,259293184,26010905
1786042847152508381,raycluster-historyserver-head-2mqnh/ray-head,4056244224,4125962240,4158283776,64436547
1786042847152508381,raycluster-historyserver-head-2mqnh/collector,134643712,192057344,289107968,39870955
1786042847152508381,rayjob-bench-fs95q/ray-job-submitter,102383616,113303552,115253248,3526379
1786042848195422423,raycluster-historyserver-cpu-worker-ddp9j/ray-worker,564445184,593489920,1111207936,84767715
1786042848195422423,raycluster-historyserver-cpu-worker-ddp9j/collector,117760000,126607360,259293184,26011546
1786042848195422423,raycluster-historyserver-head-2mqnh/ray-head,4056313856,4126023680,4158283776,64504350
1786042848195422423,raycluster-historyserver-head-2mqnh/collector,134643712,192057344,289107968,39871161
1786042848195422423,rayjob-bench-fs95q/ray-job-submitter,102383616,113303552,115253248,3526379
1786042849238692465,raycluster-historyserver-cpu-worker-ddp9j/ray-worker,564461568,593506304,1111207936,84797176
1786042849238692465,raycluster-historyserver-cpu-worker-ddp9j/collector,117760000,126607360,259293184,26011546
1786042849238692465,raycluster-historyserver-head-2mqnh/ray-head,4037120000,4106801152,4158283776,64629609
1786042849238692465,raycluster-historyserver-head-2mqnh/collector,134643712,192057344,289107968,39872377
1786042849238692465,rayjob-bench-fs95q/ray-job-submitter,102383616,113303552,115253248,3526379
1786042850288641215,raycluster-historyserver-cpu-worker-ddp9j/ray-worker,443105280,468385792,1111207936,84856162
1786042850288641215,raycluster-historyserver-cpu-worker-ddp9j/collector,117760000,126607360,259293184,26013652
1786042850288641215,raycluster-historyserver-head-2mqnh/ray-head,3777400832,3842785280,4158283776,64946164
1786042850288641215,raycluster-historyserver-head-2mqnh/collector,134643712,192061440,289107968,39876158
1786042850288641215,rayjob-bench-fs95q/ray-job-submitter,102383616,113303552,115253248,3526379
1786042851328601757,raycluster-historyserver-cpu-worker-ddp9j/ray-worker,443109376,468389888,1111207936,84872849
1786042851328601757,raycluster-historyserver-cpu-worker-ddp9j/collector,117760000,126607360,259293184,26013872
1786042851328601757,raycluster-historyserver-head-2mqnh/ray-head,3777474560,3842859008,4158283776,65017098
1786042851328601757,raycluster-historyserver-head-2mqnh/collector,134643712,192061440,289107968,39879735
1786042851328601757,rayjob-bench-fs95q/ray-job-submitter,102383616,113303552,115253248,3526593
1786042852367454050,raycluster-historyserver-cpu-worker-ddp9j/ray-worker,443129856,468410368,1111207936,84901824
1786042852367454050,raycluster-historyserver-cpu-worker-ddp9j/collector,117760000,126607360,259293184,26013872
1786042852367454050,raycluster-historyserver-head-2mqnh/ray-head,3777622016,3843014656,4158283776,65127259
1786042852367454050,raycluster-historyserver-head-2mqnh/collector,134651904,192057344,289107968,39883357
1786042852367454050,rayjob-bench-fs95q/ray-job-submitter,102383616,113303552,115253248,3526593
1786042853407499758,raycluster-historyserver-cpu-worker-ddp9j/ray-worker,443129856,468410368,1111207936,84917184
1786042853407499758,raycluster-historyserver-cpu-worker-ddp9j/collector,117760000,126607360,259293184,26013872
1786042853407499758,raycluster-historyserver-head-2mqnh/ray-head,3775971328,3842080768,4158283776,65213713
1786042853407499758,raycluster-historyserver-head-2mqnh/collector,134664192,192069632,289107968,39891213
1786042853407499758,rayjob-bench-fs95q/ray-job-submitter,102383616,113303552,115253248,3526593
1786042854448541801,raycluster-historyserver-cpu-worker-ddp9j/ray-worker,443146240,468426752,1111207936,84943292
1786042854448541801,raycluster-historyserver-cpu-worker-ddp9j/collector,117760000,126607360,259293184,26013872
1786042854448541801,raycluster-historyserver-head-2mqnh/ray-head,3776180224,3841650688,4158283776,65287118
1786042854448541801,raycluster-historyserver-head-2mqnh/collector,134664192,192073728,289107968,39892735
1786042855487369551,raycluster-historyserver-cpu-worker-ddp9j/ray-worker,443162624,468443136,1111207936,84960308
1786042855487369551,raycluster-historyserver-cpu-worker-ddp9j/collector,117760000,126607360,259293184,26016275
1786042855487369551,raycluster-historyserver-head-2mqnh/ray-head,3776049152,3841908736,4158283776,65373816
1786042855487369551,raycluster-historyserver-head-2mqnh/collector,134664192,192077824,289107968,39894619
1786042856530402510,raycluster-historyserver-cpu-worker-ddp9j/ray-worker,443166720,468447232,1111207936,84990757
1786042856530402510,raycluster-historyserver-cpu-worker-ddp9j/collector,117760000,126607360,259293184,26016431
1786042856530402510,raycluster-historyserver-head-2mqnh/ray-head,3776155648,3842015232,4158283776,65454193
1786042856530402510,raycluster-historyserver-head-2mqnh/collector,134664192,192077824,289107968,39894619
1786042857571548719,raycluster-historyserver-cpu-worker-ddp9j/ray-worker,107511808,125308928,1111207936,85210150
1786042857571548719,raycluster-historyserver-cpu-worker-ddp9j/collector,117927936,119062528,259293184,26222814
1786042857571548719,raycluster-historyserver-head-2mqnh/ray-head,3333976064,3397971968,4158283776,66214033
1786042857571548719,raycluster-historyserver-head-2mqnh/collector,136749056,194240512,289107968,40176358
1786042862758411263,historyserver-demo-67d55cff85-p2zn7/historyserver,54472704,55468032,55476224,395389
1786042863789504222,historyserver-demo-67d55cff85-p2zn7/historyserver,78401536,79167488,79839232,654159
1786042864824807750,historyserver-demo-67d55cff85-p2zn7/historyserver,546959360,548909056,549281792,1158599
1786042865858553708,historyserver-demo-67d55cff85-p2zn7/historyserver,547717120,549650432,549883904,1689848
1786042866892694959,historyserver-demo-67d55cff85-p2zn7/historyserver,548397056,550084608,550813696,2201176
1786042867929515876,historyserver-demo-67d55cff85-p2zn7/historyserver,577892352,579825664,580087808,2718114
1786042868969498002,historyserver-demo-67d55cff85-p2zn7/historyserver,610676736,612487168,612974592,3253243
1786042870008821335,historyserver-demo-67d55cff85-p2zn7/historyserver,640749568,642621440,643129344,3753321
1786042871053681503,historyserver-demo-67d55cff85-p2zn7/historyserver,672739328,674746368,675008512,4289089
1786042872094486045,historyserver-demo-67d55cff85-p2zn7/historyserver,705048576,707047424,707309568,4801186
1786042873136747462,historyserver-demo-67d55cff85-p2zn7/historyserver,736505856,738828288,738828288,5325848
1786042874183550754,historyserver-demo-67d55cff85-p2zn7/historyserver,769462272,771588096,771907584,5853200
1786042875222588963,historyserver-demo-67d55cff85-p2zn7/historyserver,799518720,801955840,802082816,6361886
1786042876263639588,historyserver-demo-67d55cff85-p2zn7/historyserver,833626112,836116480,836116480,6901469
1786042877306690881,historyserver-demo-67d55cff85-p2zn7/historyserver,863879168,866193408,866635776,7404098
1786042878346723006,historyserver-demo-67d55cff85-p2zn7/historyserver,895488000,897847296,898109440,7931410
1786042879386538423,historyserver-demo-67d55cff85-p2zn7/historyserver,928284672,930721792,931139584,8452392
1786042880428566882,historyserver-demo-67d55cff85-p2zn7/historyserver,958636032,961347584,961609728,8965573
1786042881469672633,historyserver-demo-67d55cff85-p2zn7/historyserver,992428032,995225600,995491840,9501274
1786042882509647925,historyserver-demo-67d55cff85-p2zn7/historyserver,1022976000,1025605632,1025867776,10001441
1786042883550603759,historyserver-demo-67d55cff85-p2zn7/historyserver,1053356032,1056305152,1056567296,10546269
1786042884592616759,historyserver-demo-67d55cff85-p2zn7/historyserver,1063149568,1065857024,1066262528,11051578
1786042885634925718,historyserver-demo-67d55cff85-p2zn7/historyserver,1072832512,1075806208,1076101120,11574606
1786042886681839885,historyserver-demo-67d55cff85-p2zn7/historyserver,1082208256,1084944384,1085448192,12100799
1786042887722517344,historyserver-demo-67d55cff85-p2zn7/historyserver,1082331136,1085325312,1085943808,12609164
1786042888761532594,historyserver-demo-67d55cff85-p2zn7/historyserver,1082519552,1085513728,1085943808,13141635
1786042889801595428,historyserver-demo-67d55cff85-p2zn7/historyserver,1084764160,1087504384,1088008192,13653096
1786042890841532929,historyserver-demo-67d55cff85-p2zn7/historyserver,1085169664,1088172032,1088421888,14171306
1786042891880670763,historyserver-demo-67d55cff85-p2zn7/historyserver,1085546496,1088290816,1088905216,14703092
1786042892919463805,historyserver-demo-67d55cff85-p2zn7/historyserver,1085956096,1088700416,1089253376,15205701
1786042893958769472,historyserver-demo-67d55cff85-p2zn7/historyserver,1086398464,1089396736,1089871872,15741670
1786042895003736458,historyserver-demo-67d55cff85-p2zn7/historyserver,1086812160,1089552384,1090113536,16253370
1786042896041636625,historyserver-demo-67d55cff85-p2zn7/historyserver,1087238144,1089982464,1090461696,16769961
1786042897079694834,historyserver-demo-67d55cff85-p2zn7/historyserver,1087705088,1090453504,1090936832,17301124
1786042898117835251,historyserver-demo-67d55cff85-p2zn7/historyserver,1088176128,1090920448,1091604480,17805325
1786042899155735543,historyserver-demo-67d55cff85-p2zn7/historyserver,1088671744,1091657728,1091923968,18339953
1786042900201670044,historyserver-demo-67d55cff85-p2zn7/historyserver,1089134592,1091883008,1092493312,18851753
1786042901242717461,historyserver-demo-67d55cff85-p2zn7/historyserver,1089576960,1092591616,1092796416,19371024
1786042902281596837,historyserver-demo-67d55cff85-p2zn7/historyserver,1090031616,1092784128,1093292032,19900276
1786042903321140629,historyserver-demo-67d55cff85-p2zn7/historyserver,1090486272,1093238784,1093922816,20405209
1786042904358798254,historyserver-demo-67d55cff85-p2zn7/historyserver,1095184384,1098420224,1098420224,20936132
1786042905396617255,historyserver-demo-67d55cff85-p2zn7/historyserver,1117048832,1119862784,1120124928,21453260
1786042906432749588,historyserver-demo-67d55cff85-p2zn7/historyserver,1142059008,1145180160,1145344000,21965870
1786042907468666297,historyserver-demo-67d55cff85-p2zn7/historyserver,1163456512,1166872576,1166876672,22495547
1786042908504736006,historyserver-demo-67d55cff85-p2zn7/historyserver,1186074624,1189023744,1189285888,23002470
1786042909540888965,historyserver-demo-67d55cff85-p2zn7/historyserver,1210273792,1213272064,1213562880,23516701
1786042910576942799,historyserver-demo-67d55cff85-p2zn7/historyserver,1232150528,1235976192,1235976192,24052652
1786042911612931674,historyserver-demo-67d55cff85-p2zn7/historyserver,1255251968,1258627072,1258889216,24551295
1786042912649979758,historyserver-demo-67d55cff85-p2zn7/historyserver,1279373312,1282760704,1282838528,25080010
1786042913690236467,historyserver-demo-67d55cff85-p2zn7/historyserver,1300852736,1304059904,1304526848,25603575
1786042914728124551,historyserver-demo-67d55cff85-p2zn7/historyserver,1322983424,1326768128,1326768128,26113432
1786042915765084218,historyserver-demo-67d55cff85-p2zn7/historyserver,1347624960,1351057408,1351319552,26642545
1786042916803465510,historyserver-demo-67d55cff85-p2zn7/historyserver,1369075712,1372381184,1372643328,27151511
1786042917840403927,historyserver-demo-67d55cff85-p2zn7/historyserver,1390960640,1394319360,1394581504,27668260
1786042918880034011,historyserver-demo-67d55cff85-p2zn7/historyserver,1447616512,1451085824,1451110400,28200972
1786042919919351595,historyserver-demo-67d55cff85-p2zn7/historyserver,1471496192,1475280896,1475510272,28704463
1786042920958177887,historyserver-demo-67d55cff85-p2zn7/historyserver,1494802432,1498357760,1498693632,29233091
1786042921994988429,historyserver-demo-67d55cff85-p2zn7/historyserver,2062585856,2067251200,2067734528,29750517
1786042923032160763,historyserver-demo-67d55cff85-p2zn7/historyserver,2090475520,2095206400,2095677440,30267891
1786042924081011264,historyserver-demo-67d55cff85-p2zn7/historyserver,2118123520,2122899456,2123362304,30800472
1786042925120200333,historyserver-demo-67d55cff85-p2zn7/historyserver,2146295808,2151133184,2151608320,31302771
1786042926155381959,historyserver-demo-67d55cff85-p2zn7/historyserver,2176335872,2181476352,2181738496,31832926
1786042927192928376,historyserver-demo-67d55cff85-p2zn7/historyserver,2206343168,2211295232,2211561472,32353673
1786042928228923126,historyserver-demo-67d55cff85-p2zn7/historyserver,2232578048,2237681664,2237681664,32867821
1786042929266849335,historyserver-demo-67d55cff85-p2zn7/historyserver,2262016000,2267312128,2267570176,33396161
1786042930307257127,historyserver-demo-67d55cff85-p2zn7/historyserver,2289233920,2294349824,2294616064,33900947
1786042931356192086,historyserver-demo-67d55cff85-p2zn7/historyserver,2298023936,2303422464,2303496192,34453328
1786042932402878378,historyserver-demo-67d55cff85-p2zn7/historyserver,2306584576,2311737344,2312499200,34952547
1786042933446594045,historyserver-demo-67d55cff85-p2zn7/historyserver,2315759616,2320924672,2321408000,35501261
1786042934498514254,historyserver-demo-67d55cff85-p2zn7/historyserver,2316578816,2321747968,2322599936,36002823
1786042935542910755,historyserver-demo-67d55cff85-p2zn7/historyserver,2316582912,2321752064,2322599936,36521054
1786042936583960964,historyserver-demo-67d55cff85-p2zn7/historyserver,2316591104,2321760256,2322599936,37053228
1786042937624905381,historyserver-demo-67d55cff85-p2zn7/historyserver,2316595200,2321768448,2322599936,37564492
1786042938667923423,historyserver-demo-67d55cff85-p2zn7/historyserver,2316603392,2321776640,2322599936,38100965
1786042939714880007,historyserver-demo-67d55cff85-p2zn7/historyserver,2316615680,2321784832,2322599936,38603676
1786042940757131341,historyserver-demo-67d55cff85-p2zn7/historyserver,2316623872,2321793024,2322599936,39139461
1786042941801175883,historyserver-demo-67d55cff85-p2zn7/historyserver,2316640256,2321809408,2322599936,39652464
1786042942845908217,historyserver-demo-67d55cff85-p2zn7/historyserver,2316648448,2321817600,2322599936,40177141
1786042943886954217,historyserver-demo-67d55cff85-p2zn7/historyserver,2316660736,2321829888,2322599936,40701362
1786042944932144301,historyserver-demo-67d55cff85-p2zn7/historyserver,2316668928,2321838080,2322599936,41214789
1786042945973930218,historyserver-demo-67d55cff85-p2zn7/historyserver,2316681216,2321850368,2322628608,41749694
1786042947021007094,historyserver-demo-67d55cff85-p2zn7/historyserver,2316689408,2321858560,2322628608,42258184
1786042948062954844,historyserver-demo-67d55cff85-p2zn7/historyserver,2316701696,2321870848,2322649088,42792784
1786042949104840511,historyserver-demo-67d55cff85-p2zn7/historyserver,2316771328,2321944576,2322649088,43301982
1786042950147186803,historyserver-demo-67d55cff85-p2zn7/historyserver,2316804096,2322235392,2322649088,43829879
1786042951190858596,historyserver-demo-67d55cff85-p2zn7/historyserver,2316808192,2321981440,2322767872,44351865
1786042952233860804,historyserver-demo-67d55cff85-p2zn7/historyserver,2316832768,2322006016,2322780160,44865625
1786042953275875347,historyserver-demo-67d55cff85-p2zn7/historyserver,2316865536,2322038784,2322808832,45401246
1786042954317088889,historyserver-demo-67d55cff85-p2zn7/historyserver,2316902400,2322067456,2322808832,45904306
1786042955359978833,historyserver-demo-67d55cff85-p2zn7/historyserver,2316910592,2322079744,2322808832,46443207
1786042956406028125,historyserver-demo-67d55cff85-p2zn7/historyserver,2316918784,2322083840,2322808832,46950717
1786042957448071084,historyserver-demo-67d55cff85-p2zn7/historyserver,2316926976,2322354176,2322808832,47477024
1786042958490098501,historyserver-demo-67d55cff85-p2zn7/historyserver,2316943360,2322108416,2322808832,48001322
1786042959532034794,historyserver-demo-67d55cff85-p2zn7/historyserver,2316951552,2322120704,2322808832,48517741
1786042960573157794,historyserver-demo-67d55cff85-p2zn7/historyserver,2316967936,2322386944,2322808832,49049023
1786042961614043753,historyserver-demo-67d55cff85-p2zn7/historyserver,2316976128,2322141184,2322808832,49550820
1786042962653987087,historyserver-demo-67d55cff85-p2zn7/historyserver,2316984320,2322153472,2322808832,50082749
1786042963694075129,historyserver-demo-67d55cff85-p2zn7/historyserver,2316988416,2322153472,2322939904,50604364
1786042964733996838,historyserver-demo-67d55cff85-p2zn7/historyserver,2316996608,2322161664,2322939904,51117259
1786042965772960172,historyserver-demo-67d55cff85-p2zn7/historyserver,2317004800,2322169856,2322939904,51650866
1786042966812008297,historyserver-demo-67d55cff85-p2zn7/historyserver,2317012992,2322182144,2322939904,52154371
1786042967850018339,historyserver-demo-67d55cff85-p2zn7/historyserver,2317021184,2322186240,2322964480,52678477
1786042968888935256,historyserver-demo-67d55cff85-p2zn7/historyserver,2317029376,2322194432,2322964480,53201823
1786042969928582465,historyserver-demo-67d55cff85-p2zn7/historyserver,2317033472,2322202624,2322980864,53713305
1786042970968091841,historyserver-demo-67d55cff85-p2zn7/historyserver,2317041664,2322214912,2322980864,54245528
1786042972008217841,historyserver-demo-67d55cff85-p2zn7/historyserver,2317049856,2322219008,2322980864,54752819
1786042973047193300,historyserver-demo-67d55cff85-p2zn7/historyserver,2317058048,2322485248,2322980864,55274951
1786042974085993467,historyserver-demo-67d55cff85-p2zn7/historyserver,2317066240,2322235392,2322980864,55803108
1786042975124020218,historyserver-demo-67d55cff85-p2zn7/historyserver,2317074432,2322247680,2322980864,56308889
1786042976162024093,historyserver-demo-67d55cff85-p2zn7/historyserver,2317082624,2322251776,2322980864,56839145
1786042977201035427,historyserver-demo-67d55cff85-p2zn7/historyserver,2317086720,2322259968,2322980864,57353034
1786042978240017594,historyserver-demo-67d55cff85-p2zn7/historyserver,2317094912,2322264064,2322980864,57868848
1786042979279221428,historyserver-demo-67d55cff85-p2zn7/historyserver,2317107200,2322280448,2322980864,58402571
1786042980317454137,historyserver-demo-67d55cff85-p2zn7/historyserver,2317115392,2322292736,2322980864,58902665
1786042981355493179,historyserver-demo-67d55cff85-p2zn7/historyserver,2317312000,2322751488,2326126592,59452506
1786042982397474013,historyserver-demo-67d55cff85-p2zn7/historyserver,2317381632,2322591744,2326126592,59951537
1786042983437438305,historyserver-demo-67d55cff85-p2zn7/historyserver,2317451264,2323193856,2326126592,60469160
1786042984477025972,historyserver-demo-67d55cff85-p2zn7/historyserver,2319884288,2325831680,2331254784,61001827
1786042985516392167,historyserver-demo-67d55cff85-p2zn7/historyserver,2319822848,2325835776,2331254784,61505218
1786042986554301042,historyserver-demo-67d55cff85-p2zn7/historyserver,2319831040,2325839872,2331254784,62030425
1786042987593120751,historyserver-demo-67d55cff85-p2zn7/historyserver,2319835136,2325843968,2331254784,62551073
1786042988630236001,historyserver-demo-67d55cff85-p2zn7/historyserver,2319843328,2326114304,2331254784,63064267
1786042989667446669,historyserver-demo-67d55cff85-p2zn7/historyserver,2319847424,2325860352,2331254784,63593084
1786042990704319752,historyserver-demo-67d55cff85-p2zn7/historyserver,2319851520,2325860352,2331254784,64102713
1786042991742803753,historyserver-demo-67d55cff85-p2zn7/historyserver,2319855616,2325868544,2331254784,64619969
1786042992782294920,historyserver-demo-67d55cff85-p2zn7/historyserver,2319863808,2325872640,2331254784,65152288
1786042993820241754,historyserver-demo-67d55cff85-p2zn7/historyserver,2319872000,2325884928,2331254784,65654413
1786042994858258504,historyserver-demo-67d55cff85-p2zn7/historyserver,2319876096,2325884928,2331254784,66186402
1786042995895251255,historyserver-demo-67d55cff85-p2zn7/historyserver,2319880192,2325889024,2331254784,66700434
1786042996934605839,historyserver-demo-67d55cff85-p2zn7/historyserver,2319884288,2325893120,2331254784,67213821
1786042997974017631,historyserver-demo-67d55cff85-p2zn7/historyserver,2319888384,2325901312,2331254784,67750556
1786042999014739881,historyserver-demo-67d55cff85-p2zn7/historyserver,2319896576,2325909504,2331254784,68252285
1786043000053219799,historyserver-demo-67d55cff85-p2zn7/historyserver,2319900672,2325909504,2331254784,68781230
1786043001092215216,historyserver-demo-67d55cff85-p2zn7/historyserver,2319904768,2325917696,2331254784,69301982
1786043002130158383,historyserver-demo-67d55cff85-p2zn7/historyserver,2319908864,2325925888,2331254784,69813655
1786043003167809550,historyserver-demo-67d55cff85-p2zn7/historyserver,2319921152,2325934080,2331254784,70348178
1786043004209386967,historyserver-demo-67d55cff85-p2zn7/historyserver,2319925248,2325934080,2331254784,70853917
1786043005248272426,historyserver-demo-67d55cff85-p2zn7/historyserver,2319929344,2325938176,2331254784,71377055
1786043006289357260,historyserver-demo-67d55cff85-p2zn7/historyserver,2319933440,2325942272,2331254784,71902428
1786043007330289469,historyserver-demo-67d55cff85-p2zn7/historyserver,2319937536,2325946368,2331254784,72413098
1786043008370670178,historyserver-demo-67d55cff85-p2zn7/historyserver,2319953920,2325966848,2331254784,72931808
1786043009410302511,historyserver-demo-67d55cff85-p2zn7/historyserver,2319966208,2325991424,2331254784,72973537
1786043010451619845,historyserver-demo-67d55cff85-p2zn7/historyserver,2318594048,2340302848,2340823040,73503128
1786043011495677054,historyserver-demo-67d55cff85-p2zn7/historyserver,2070798336,2161192960,2341097472,74031345
1786043012535213596,historyserver-demo-67d55cff85-p2zn7/historyserver,1536696320,1896263680,2341097472,74533053
1786043013573623722,historyserver-demo-67d55cff85-p2zn7/historyserver,1536696320,1896263680,2341097472,75072618
1786043014615368333,historyserver-demo-67d55cff85-p2zn7/historyserver,1536696320,1896267776,2341097472,75580168
1786043015653600625,historyserver-demo-67d55cff85-p2zn7/historyserver,1536696320,1896263680,2341097472,76100003
1786043016692765376,historyserver-demo-67d55cff85-p2zn7/historyserver,1536696320,1896267776,2341097472,76629180
1786043017735252459,historyserver-demo-67d55cff85-p2zn7/historyserver,1536696320,1896263680,2341097472,77133614
1786043018773360460,historyserver-demo-67d55cff85-p2zn7/historyserver,1536696320,1896267776,2341097472,77668111
1786043019811930752,historyserver-demo-67d55cff85-p2zn7/historyserver,1536696320,1896267776,2341097472,78177910
1786043020850600752,historyserver-demo-67d55cff85-p2zn7/historyserver,1536696320,1896263680,2341097472,78695136
1786043021888325045,historyserver-demo-67d55cff85-p2zn7/historyserver,1536696320,1896263680,2341097472,79228519
1786043022927591212,historyserver-demo-67d55cff85-p2zn7/historyserver,1536696320,1896263680,2341097472,79736113
1786043023968139796,historyserver-demo-67d55cff85-p2zn7/historyserver,1536696320,1896267776,2341097472,80265731
1786043025007864171,historyserver-demo-67d55cff85-p2zn7/historyserver,1536696320,1896267776,2341097472,80779163
1786043026048311338,historyserver-demo-67d55cff85-p2zn7/historyserver,1536696320,1896263680,2341097472,81293470
1786043027087134130,historyserver-demo-67d55cff85-p2zn7/historyserver,1536696320,1896267776,2341097472,81826488
1786043028125325256,historyserver-demo-67d55cff85-p2zn7/historyserver,1536696320,1896263680,2341097472,82332282
1786043029164074548,historyserver-demo-67d55cff85-p2zn7/historyserver,1536696320,1896263680,2341097472,82859404
1786043030202432674,historyserver-demo-67d55cff85-p2zn7/historyserver,1536704512,1896275968,2341097472,83379555
1786043031243421507,historyserver-demo-67d55cff85-p2zn7/historyserver,1536704512,1896271872,2341097472,83891313
1786043032283102550,historyserver-demo-67d55cff85-p2zn7/historyserver,1536704512,1896271872,2341097472,84427453
1786043033320296133,historyserver-demo-67d55cff85-p2zn7/historyserver,1536704512,1896271872,2341097472,84930528
1786043034358116009,historyserver-demo-67d55cff85-p2zn7/historyserver,1559363584,1919197184,2341097472,85467251
1786043035397398843,historyserver-demo-67d55cff85-p2zn7/historyserver,1565626368,1925193728,2341097472,85978168
1786043036437022635,historyserver-demo-67d55cff85-p2zn7/historyserver,1572491264,1932058624,2341097472,86487311
1786043037475076094,historyserver-demo-67d55cff85-p2zn7/historyserver,1579339776,1938911232,2341097472,87031234
1786043038514099844,historyserver-demo-67d55cff85-p2zn7/historyserver,1581658112,1941225472,2341097472,87528348
1786043039552153386,historyserver-demo-67d55cff85-p2zn7/historyserver,1583403008,1942970368,2341097472,88048569
1786043040590158387,historyserver-demo-67d55cff85-p2zn7/historyserver,1583632384,1943195648,2341097472,88580237
1786043041629154679,historyserver-demo-67d55cff85-p2zn7/historyserver,1589567488,1949130752,2341097472,89085198
1786043042668117680,historyserver-demo-67d55cff85-p2zn7/historyserver,1605795840,1965584384,2341097472,89613749
1786043043707113847,historyserver-demo-67d55cff85-p2zn7/historyserver,1623146496,1982709760,2341097472,90129110
1786043044743465166,historyserver-demo-67d55cff85-p2zn7/historyserver,1639870464,1999646720,2341097472,90639360
1786043045781352958,historyserver-demo-67d55cff85-p2zn7/historyserver,1657192448,2016800768,2341097472,91175766
1786043046818442751,historyserver-demo-67d55cff85-p2zn7/historyserver,1673388032,2033156096,2341097472,91681542
1786043047859488209,historyserver-demo-67d55cff85-p2zn7/historyserver,1690927104,2050551808,2341097472,92204439
1786043048897305835,historyserver-demo-67d55cff85-p2zn7/historyserver,1710415872,2070532096,2341097472,92730051
1786043049936416544,historyserver-demo-67d55cff85-p2zn7/historyserver,1729626112,2089189376,2341097472,93234781
1786043050974485211,historyserver-demo-67d55cff85-p2zn7/historyserver,1749237760,2108923904,2341097472,93771049
1786043052013297378,historyserver-demo-67d55cff85-p2zn7/historyserver,1768488960,2128052224,2341097472,94277950
1786043053050284254,historyserver-demo-67d55cff85-p2zn7/historyserver,1787146240,2147336192,2341097472,94793882
1786043054088396712,historyserver-demo-67d55cff85-p2zn7/historyserver,1807499264,2167066624,2341097472,95329890
1786043055125337088,historyserver-demo-67d55cff85-p2zn7/historyserver,1826758656,2186321920,2341097472,95834799
1786043056163435130,historyserver-demo-67d55cff85-p2zn7/historyserver,1847218176,2207096832,2341097472,96359670
1786043057201430297,historyserver-demo-67d55cff85-p2zn7/historyserver,1869332480,2228899840,2341097472,96879703
1786043058240410798,historyserver-demo-67d55cff85-p2zn7/historyserver,1889603584,2249428992,2341097472,97388201
1786043059279269257,historyserver-demo-67d55cff85-p2zn7/historyserver,1909739520,2269597696,2341097472,97926125
1786043060323236382,historyserver-demo-67d55cff85-p2zn7/historyserver,1929031680,2288889856,2341097472,98435078
1786043061360415799,historyserver-demo-67d55cff85-p2zn7/historyserver,1947693056,2307674112,2341097472,98953787
1786043062398403300,historyserver-demo-67d55cff85-p2zn7/historyserver,1965498368,2325065728,2341097472,99479603
1786043063438284633,historyserver-demo-67d55cff85-p2zn7/historyserver,1982025728,2341588992,2341851136,99983718
1786043064478531384,historyserver-demo-67d55cff85-p2zn7/historyserver,1998065664,2358059008,2358059008,100523093
1786043065516315884,historyserver-demo-67d55cff85-p2zn7/historyserver,2007855104,2367418368,2367938560,101030549
1786043066553359718,historyserver-demo-67d55cff85-p2zn7/historyserver,2014965760,2375053312,2375053312,101549058
1786043067591438052,historyserver-demo-67d55cff85-p2zn7/historyserver,2034184192,2393919488,2394324992,102079499
1786043068629433969,historyserver-demo-67d55cff85-p2zn7/historyserver,2073923584,2433589248,2433642496,102584864
1786043069669316886,historyserver-demo-67d55cff85-p2zn7/historyserver,2090942464,2450853888,2450853888,103116853
1786043070709378345,historyserver-demo-67d55cff85-p2zn7/historyserver,2106204160,2465771520,2466070528,103628749
1786043071750468387,historyserver-demo-67d55cff85-p2zn7/historyserver,2162671616,2522243072,2526121984,104141389
1786043072795336680,historyserver-demo-67d55cff85-p2zn7/historyserver,2180206592,2539778048,2540302336,104681519
1786043073837528222,historyserver-demo-67d55cff85-p2zn7/historyserver,2180435968,2540003328,2540564480,105183403
1786043074879747541,historyserver-demo-67d55cff85-p2zn7/historyserver,2180440064,2540007424,2540564480,105728910
1786043075921725667,historyserver-demo-67d55cff85-p2zn7/historyserver,2181230592,2540797952,2540859392,106233538
1786043076963695459,historyserver-demo-67d55cff85-p2zn7/historyserver,2209431552,2569195520,2569195520,106760758
1786043078005807959,historyserver-demo-67d55cff85-p2zn7/historyserver,2237562880,2597134336,2597396480,107280632
1786043079046749585,historyserver-demo-67d55cff85-p2zn7/historyserver,2265124864,2624794624,2624794624,107795464
1786043080087685960,historyserver-demo-67d55cff85-p2zn7/historyserver,2294775808,2654347264,2654433280,108328269
1786043081126833086,historyserver-demo-67d55cff85-p2zn7/historyserver,2322444288,2682032128,2682138624,108833133
1786043082166673711,historyserver-demo-67d55cff85-p2zn7/historyserver,2352414720,2712248320,2712506368,109363019
1786043083206751254,historyserver-demo-67d55cff85-p2zn7/historyserver,2382524416,2742161408,2742607872,109876798
1786043084244850921,historyserver-demo-67d55cff85-p2zn7/historyserver,2389184512,2748858368,2749116416,110395948
1786043085283804921,historyserver-demo-67d55cff85-p2zn7/historyserver,2399051776,2758701056,2759213056,110929713
1786043086324712672,historyserver-demo-67d55cff85-p2zn7/historyserver,2407682048,2767335424,2767822848,111435333
1786043087363763714,historyserver-demo-67d55cff85-p2zn7/historyserver,2409930752,2769768448,2770231296,111978254
1786043088401738173,historyserver-demo-67d55cff85-p2zn7/historyserver,2409857024,2761162752,2770284544,112477953
1786043089439721632,historyserver-demo-67d55cff85-p2zn7/historyserver,2410110976,2761416704,2770284544,112985429
1786043090477709632,historyserver-demo-67d55cff85-p2zn7/historyserver,2410123264,2761433088,2770284544,113523219
1786043091516821591,historyserver-demo-67d55cff85-p2zn7/historyserver,2410127360,2761433088,2770284544,114030849
1786043092556794383,historyserver-demo-67d55cff85-p2zn7/historyserver,2410127360,2761437184,2770284544,114551258
1786043093596786092,historyserver-demo-67d55cff85-p2zn7/historyserver,2410127360,2761437184,2770284544,115080589
1786043094636882301,historyserver-demo-67d55cff85-p2zn7/historyserver,2410127360,2761433088,2770284544,115583939
1786043095679002551,historyserver-demo-67d55cff85-p2zn7/historyserver,2410127360,2761437184,2770284544,116127858
1786043096721928093,historyserver-demo-67d55cff85-p2zn7/historyserver,2410127360,2761433088,2770284544,116634143
1786043097766422344,historyserver-demo-67d55cff85-p2zn7/historyserver,2410127360,2761433088,2770284544,117163189
1786043098809668261,historyserver-demo-67d55cff85-p2zn7/historyserver,2410127360,2761433088,2770284544,117679598
1786043099851876512,historyserver-demo-67d55cff85-p2zn7/historyserver,2410131456,2761437184,2770284544,118199479
1786043100894822304,historyserver-demo-67d55cff85-p2zn7/historyserver,2410131456,2761437184,2770284544,118728263
1786043101935845388,historyserver-demo-67d55cff85-p2zn7/historyserver,2410131456,2761433088,2770284544,119232484
1786043102978035305,historyserver-demo-67d55cff85-p2zn7/historyserver,2410131456,2761428992,2770284544,119773473
1786043104018813180,historyserver-demo-67d55cff85-p2zn7/historyserver,2410151936,2761449472,2770284544,120282574
1786043105061867583,historyserver-demo-67d55cff85-p2zn7/historyserver,2410196992,2761498624,2770284544,120809313
1786043106103892167,historyserver-demo-67d55cff85-p2zn7/historyserver,2410196992,2761494528,2770284544,121329014
1786043107145933167,historyserver-demo-67d55cff85-p2zn7/historyserver,2410205184,2761764864,2770284544,121841630
1786043108187889960,historyserver-demo-67d55cff85-p2zn7/historyserver,2410205184,2761506816,2770284544,122379429
1786043109229915377,historyserver-demo-67d55cff85-p2zn7/historyserver,2410287104,2761584640,2770284544,122883645
1786043110273863086,historyserver-demo-67d55cff85-p2zn7/historyserver,2410323968,2761625600,2770284544,123421017
1786043111315840961,historyserver-demo-67d55cff85-p2zn7/historyserver,2410393600,2761691136,2770284544,123933202
1786043112357872003,historyserver-demo-67d55cff85-p2zn7/historyserver,2410434560,2761736192,2770284544,124455096
1786043113400877504,historyserver-demo-67d55cff85-p2zn7/historyserver,2410434560,2761732096,2770284544,124980204
1786043114440846421,historyserver-demo-67d55cff85-p2zn7/historyserver,2410434560,2761732096,2770284544,125488629
1786043115481826046,historyserver-demo-67d55cff85-p2zn7/historyserver,2410475520,2761777152,2770284544,126027732
1786043116522987047,historyserver-demo-67d55cff85-p2zn7/historyserver,2410516480,2761814016,2770284544,126531551
1786043117563813339,historyserver-demo-67d55cff85-p2zn7/historyserver,2410549248,2761850880,2770284544,127059312
1786043118603861423,historyserver-demo-67d55cff85-p2zn7/historyserver,2410643456,2761940992,2770284544,127580671
1786043119642885632,historyserver-demo-67d55cff85-p2zn7/historyserver,2410692608,2761990144,2770284544,128086784
1786043120681836299,historyserver-demo-67d55cff85-p2zn7/historyserver,2410762240,2762305536,2770284544,128624669
1786043121720769299,historyserver-demo-67d55cff85-p2zn7/historyserver,2410848256,2762145792,2770284544,129132991
1786043122759953592,historyserver-demo-67d55cff85-p2zn7/historyserver,2410893312,2762194944,2770284544,129654543
1786043123799978634,historyserver-demo-67d55cff85-p2zn7/historyserver,2411081728,2762379264,2770284544,130178220
1786043124840243634,historyserver-demo-67d55cff85-p2zn7/historyserver,2411110400,2762407936,2770284544,130686061
1786043125880123301,historyserver-demo-67d55cff85-p2zn7/historyserver,2411110400,2762407936,2770284544,131227713
1786043126921904052,historyserver-demo-67d55cff85-p2zn7/historyserver,2411110400,2762407936,2770284544,131732791
1786043127961964302,historyserver-demo-67d55cff85-p2zn7/historyserver,2411110400,2762407936,2770284544,132255967
1786043129000793136,historyserver-demo-67d55cff85-p2zn7/historyserver,2411110400,2762412032,2770284544,132777593
1786043130042034220,historyserver-demo-67d55cff85-p2zn7/historyserver,2411110400,2762407936,2770284544,133285973
1786043131081914220,historyserver-demo-67d55cff85-p2zn7/historyserver,2411110400,2762407936,2770284544,133826993
1786043132123052263,historyserver-demo-67d55cff85-p2zn7/historyserver,2411110400,2762407936,2770284544,134334420
1786043133163825346,historyserver-demo-67d55cff85-p2zn7/historyserver,2411110400,2762416128,2770284544,134505004
1786043134203860389,historyserver-demo-67d55cff85-p2zn7/historyserver,2411446272,2762756096,2770284544,134904104
1786043135244019750,historyserver-demo-67d55cff85-p2zn7/historyserver,2286067712,2647842816,2770284544,135415817
1786043136285960209,historyserver-demo-67d55cff85-p2zn7/historyserver,1836326912,2165456896,2770284544,135950127
1786043137324967751,historyserver-demo-67d55cff85-p2zn7/historyserver,1836326912,2165456896,2770284544,136453877
1786043138364101293,historyserver-demo-67d55cff85-p2zn7/historyserver,1836326912,2165460992,2770284544,136978997
1786043139402960210,historyserver-demo-67d55cff85-p2zn7/historyserver,1836326912,2165456896,2770284544,137500391
1786043140442030252,historyserver-demo-67d55cff85-p2zn7/historyserver,1836326912,2165456896,2770284544,138008385
1786043141480085961,historyserver-demo-67d55cff85-p2zn7/historyserver,1836326912,2165456896,2770284544,138547013
1786043142518056962,historyserver-demo-67d55cff85-p2zn7/historyserver,1836326912,2165456896,2770284544,139053441
1786043143556132754,historyserver-demo-67d55cff85-p2zn7/historyserver,1836326912,2165456896,2770284544,139570038
1786043144594150963,historyserver-demo-67d55cff85-p2zn7/historyserver,1836326912,2165460992,2770284544,140103278
1786043145632005338,historyserver-demo-67d55cff85-p2zn7/historyserver,1836326912,2165456896,2770284544,140605251
1786043146671021130,historyserver-demo-67d55cff85-p2zn7/historyserver,1836339200,2165469184,2770284544,141136885
1786043147709167422,historyserver-demo-67d55cff85-p2zn7/historyserver,1836351488,2165481472,2770284544,141652136
1786043148746959423,historyserver-demo-67d55cff85-p2zn7/historyserver,1836363776,2165497856,2770284544,142162161
1786043149785994840,historyserver-demo-67d55cff85-p2zn7/historyserver,1836371968,2165768192,2770284544,142698669
1786043150824012549,historyserver-demo-67d55cff85-p2zn7/historyserver,1836384256,2165522432,2770284544,143205446
1786043151862985383,historyserver-demo-67d55cff85-p2zn7/historyserver,1836396544,2165534720,2770284544,143729334
1786043152901106758,historyserver-demo-67d55cff85-p2zn7/historyserver,1836408832,2165547008,2770284544,144252317
1786043153940133759,historyserver-demo-67d55cff85-p2zn7/historyserver,1836421120,2165555200,2770284544,144755661
1786043154979093509,historyserver-demo-67d55cff85-p2zn7/historyserver,1836429312,2165825536,2770284544,145294975
1786043156017377593,historyserver-demo-67d55cff85-p2zn7/historyserver,1836441600,2165575680,2770284544,145802473
1786043157054993344,historyserver-demo-67d55cff85-p2zn7/historyserver,1836453888,2165846016,2770284544,146319229
1786043158092184761,historyserver-demo-67d55cff85-p2zn7/historyserver,1836457984,2165596160,2770284544,146853156
1786043159130324178,historyserver-demo-67d55cff85-p2zn7/historyserver,1836466176,2165604352,2770284544,147356117
1786043160169208470,historyserver-demo-67d55cff85-p2zn7/historyserver,1836474368,2165608448,2770284544,147884123
1786043161207207262,historyserver-demo-67d55cff85-p2zn7/historyserver,1836482560,2165616640,2770284544,148402559
1786043162245021471,historyserver-demo-67d55cff85-p2zn7/historyserver,1836490752,2165628928,2770284544,148909413
1786043163283440805,historyserver-demo-67d55cff85-p2zn7/historyserver,1836498944,2165637120,2770284544,149447284
1786043164321776930,historyserver-demo-67d55cff85-p2zn7/historyserver,1836507136,2165641216,2770284544,149953644
1786043165359595875,historyserver-demo-67d55cff85-p2zn7/historyserver,1836515328,2165649408,2770284544,150474380
1786043166396915417,historyserver-demo-67d55cff85-p2zn7/historyserver,1836523520,2165661696,2770284544,151003459
1786043167434275334,historyserver-demo-67d55cff85-p2zn7/historyserver,1836609536,2165743616,2770284544,151503821
1786043168474307043,historyserver-demo-67d55cff85-p2zn7/historyserver,1836781568,2165915648,2770284544,152040855
1786043169512307002,historyserver-demo-67d55cff85-p2zn7/historyserver,1836822528,2165956608,2770284544,152551243
1786043170550346627,historyserver-demo-67d55cff85-p2zn7/historyserver,1836830720,2165964800,2770284544,153064329
1786043171587903420,historyserver-demo-67d55cff85-p2zn7/historyserver,1836838912,2165977088,2770284544,153597025
1786043172625172212,historyserver-demo-67d55cff85-p2zn7/historyserver,1843392512,2172526592,2770284544,154101009
1786043173662619379,historyserver-demo-67d55cff85-p2zn7/historyserver,1853095936,2182447104,2770284544,154650546
1786043174702726504,historyserver-demo-67d55cff85-p2zn7/historyserver,1860341760,2190401536,2770284544,155155470
1786043175740804463,historyserver-demo-67d55cff85-p2zn7/historyserver,1868095488,2197843968,2770284544,155658434
1786043176780008047,historyserver-demo-67d55cff85-p2zn7/historyserver,1875963904,2205945856,2770284544,156203607
1786043177817968256,historyserver-demo-67d55cff85-p2zn7/historyserver,1882923008,2212143104,2770284544,156704809
1786043178856407215,historyserver-demo-67d55cff85-p2zn7/historyserver,1883242496,2212380672,2770284544,157219500
1786043179896162257,historyserver-demo-67d55cff85-p2zn7/historyserver,1883242496,2212380672,2770284544,157751759
1786043180936884382,historyserver-demo-67d55cff85-p2zn7/historyserver,1883242496,2212380672,2770284544,158254159
1786043181974966716,historyserver-demo-67d55cff85-p2zn7/historyserver,1883242496,2212384768,2770284544,158788005
1786043183014016342,historyserver-demo-67d55cff85-p2zn7/historyserver,1883242496,2212380672,2770284544,159302446
1786043184051230550,historyserver-demo-67d55cff85-p2zn7/historyserver,1883242496,2212380672,2770284544,159815508
1786043185091344509,historyserver-demo-67d55cff85-p2zn7/historyserver,1883242496,2212380672,2770284544,160351664
1786043186130391593,historyserver-demo-67d55cff85-p2zn7/historyserver,1883242496,2212380672,2770284544,160853156
1786043187171877969,historyserver-demo-67d55cff85-p2zn7/historyserver,1883242496,2212380672,2770284544,161384709
1786043188210005344,historyserver-demo-67d55cff85-p2zn7/historyserver,1883242496,2212380672,2770284544,161902475
1786043189249993928,historyserver-demo-67d55cff85-p2zn7/historyserver,1914724352,2243866624,2770284544,162412493
1786043190288940762,historyserver-demo-67d55cff85-p2zn7/historyserver,1914724352,2243866624,2770284544,162950939
1786043191326909304,historyserver-demo-67d55cff85-p2zn7/historyserver,1914724352,2243866624,2770284544,163453801
1786043192366066013,historyserver-demo-67d55cff85-p2zn7/historyserver,2089934848,2419081216,2770284544,163977249
1786043193404987805,historyserver-demo-67d55cff85-p2zn7/historyserver,2089934848,2419077120,2770284544,164503243
1786043194444835097,historyserver-demo-67d55cff85-p2zn7/historyserver,2090135552,2419277824,2770284544,165006320
1786043195481306792,historyserver-demo-67d55cff85-p2zn7/historyserver,2090455040,2419855360,2770284544,165546471
1786043196519325542,historyserver-demo-67d55cff85-p2zn7/historyserver,2090696704,2419834880,2770284544,166052688
1786043197557679126,historyserver-demo-67d55cff85-p2zn7/historyserver,2090987520,2420387840,2770284544,166572780
1786043198595535793,historyserver-demo-67d55cff85-p2zn7/historyserver,2094567424,2423709696,2770284544,167104770
1786043199635600669,historyserver-demo-67d55cff85-p2zn7/historyserver,2103345152,2432483328,2770284544,167602776
1786043200673525461,historyserver-demo-67d55cff85-p2zn7/historyserver,2128613376,2457976832,2770284544,168136685
1786043201711263878,historyserver-demo-67d55cff85-p2zn7/historyserver,2128666624,2457804800,2770284544,168651317
1786043202748585837,historyserver-demo-67d55cff85-p2zn7/historyserver,2128683008,2457821184,2770284544,169167131
1786043203791943337,historyserver-demo-67d55cff85-p2zn7/historyserver,2128691200,2457833472,2770284544,169702311
1786043204830462963,historyserver-demo-67d55cff85-p2zn7/historyserver,2128691200,2457829376,2770284544,170203014
1786043205868707797,historyserver-demo-67d55cff85-p2zn7/historyserver,2140078080,2469208064,2770284544,170744894
1786043206917716714,historyserver-demo-67d55cff85-p2zn7/historyserver,2168258560,2497634304,2770284544,171254077
1786043207955776964,historyserver-demo-67d55cff85-p2zn7/historyserver,2195808256,2525999104,2770284544,171769092
1786043208994507631,historyserver-demo-67d55cff85-p2zn7/historyserver,2224791552,2553933824,2770284544,172302596
1786043210034051674,historyserver-demo-67d55cff85-p2zn7/historyserver,2252455936,2581594112,2770284544,172803150
1786043211073364216,historyserver-demo-67d55cff85-p2zn7/historyserver,2282455040,2611621888,2770284544,173338572
1786043212111356883,historyserver-demo-67d55cff85-p2zn7/historyserver,2310266880,2639405056,2770284544,173850999
1786043213149287758,historyserver-demo-67d55cff85-p2zn7/historyserver,2338144256,2667261952,2770284544,174363573
1786043214187424467,historyserver-demo-67d55cff85-p2zn7/historyserver,2367021056,2696257536,2770284544,174901373
1786043215225371134,historyserver-demo-67d55cff85-p2zn7/historyserver,2390167552,2719305728,2770284544,175402778
1786043216264513843,historyserver-demo-67d55cff85-p2zn7/historyserver,2413047808,2742448128,2770284544,175928328
1786043217301291594,historyserver-demo-67d55cff85-p2zn7/historyserver,2421018624,2750164992,2770284544,176452826
1786043218340928386,historyserver-demo-67d55cff85-p2zn7/historyserver,2444890112,2774302720,2774564864,176960827
1786043219390318011,historyserver-demo-67d55cff85-p2zn7/historyserver,2460184576,2789339136,2789834752,177502442
1786043220428334387,historyserver-demo-67d55cff85-p2zn7/historyserver,2460626944,2789781504,2790281216,178003258
1786043221467270554,historyserver-demo-67d55cff85-p2zn7/historyserver,2461089792,2790481920,2790739968,178536372
1786043222508294846,historyserver-demo-67d55cff85-p2zn7/historyserver,2461818880,2790973440,2791469056,179051758
1786043223548344597,historyserver-demo-67d55cff85-p2zn7/historyserver,2462285824,2791686144,2792132608,179564732
1786043224588285833,historyserver-demo-67d55cff85-p2zn7/historyserver,2462740480,2791899136,2792574976,180099925
1786043225629346292,historyserver-demo-67d55cff85-p2zn7/historyserver,2467405824,2796576768,2797047808,180603643
1786043226670306500,historyserver-demo-67d55cff85-p2zn7/historyserver,2488639488,2818101248,2818359296,181136625
1786043227710331418,historyserver-demo-67d55cff85-p2zn7/historyserver,2510086144,2839343104,2839814144,181649597
1786043228752431793,historyserver-demo-67d55cff85-p2zn7/historyserver,2529255424,2858708992,2858708992,182167442
1786043229792296294,historyserver-demo-67d55cff85-p2zn7/historyserver,2553020416,2882359296,2882441216,182703646
1786043230833343877,historyserver-demo-67d55cff85-p2zn7/historyserver,2571169792,2900541440,2900807680,183202714
1786043231873432545,historyserver-demo-67d55cff85-p2zn7/historyserver,2593243136,2922864640,2922864640,183738715
1786043232913385545,historyserver-demo-67d55cff85-p2zn7/historyserver,2613760000,2943221760,2943815680,184251633
1786043233953331546,historyserver-demo-67d55cff85-p2zn7/historyserver,2634870784,2964525056,2964787200,184767284
1786043234992326796,historyserver-demo-67d55cff85-p2zn7/historyserver,2656251904,2985795584,2986274816,185301101
1786043236031325297,historyserver-demo-67d55cff85-p2zn7/historyserver,2677571584,3007152128,3007668224,185801854
1786043237070309505,historyserver-demo-67d55cff85-p2zn7/historyserver,2699165696,3029024768,3029286912,186337191
1786043238108210714,historyserver-demo-67d55cff85-p2zn7/historyserver,2720612352,3050274816,3050668032,186850765
1786043239145273048,historyserver-demo-67d55cff85-p2zn7/historyserver,2742059008,3071856640,3071856640,187357872
1786043240181319049,historyserver-demo-67d55cff85-p2zn7/historyserver,2763386880,3093139456,3093139456,187895599
1786043241219339007,historyserver-demo-67d55cff85-p2zn7/historyserver,2782097408,3111882752,3112144896,188402598
1786043242256258175,historyserver-demo-67d55cff85-p2zn7/historyserver,2803036160,3132968960,3132968960,188921576
1786043243293281675,historyserver-demo-67d55cff85-p2zn7/historyserver,2824683520,3154554880,3154665472,189451792
1786043244330287967,historyserver-demo-67d55cff85-p2zn7/historyserver,2845220864,3175133184,3175632896,189955380
1786043245366316509,historyserver-demo-67d55cff85-p2zn7/historyserver,2866425856,3196620800,3196878848,190479344
1786043246404217052,historyserver-demo-67d55cff85-p2zn7/historyserver,2875580416,3205545984,3206057984,191002202
1786043247441350844,historyserver-demo-67d55cff85-p2zn7/historyserver,2880532480,3210772480,3210772480,191508362
1786043248478237928,historyserver-demo-67d55cff85-p2zn7/historyserver,2886041600,3216027648,3216314368,192052856
1786043249516317095,historyserver-demo-67d55cff85-p2zn7/historyserver,2892369920,3222372352,3222884352,192554279
1786043250554290095,historyserver-demo-67d55cff85-p2zn7/historyserver,2899247104,3229499392,3229499392,193089500
1786043251595802596,historyserver-demo-67d55cff85-p2zn7/historyserver,2902237184,3232952320,3233304576,193601770
1786043252634448763,historyserver-demo-67d55cff85-p2zn7/historyserver,2909954048,3240001536,3240517632,194103429
1786043253671687097,historyserver-demo-67d55cff85-p2zn7/historyserver,2913021952,3243151360,3243757568,194652946
1786043254731652791,historyserver-demo-67d55cff85-p2zn7/historyserver,2913222656,3243261952,3243786240,195150314
1786043255770668500,historyserver-demo-67d55cff85-p2zn7/historyserver,2913222656,3243266048,3243786240,195683702
1786043256810891917,historyserver-demo-67d55cff85-p2zn7/historyserver,2913222656,3243257856,3243786240,195762786
1786043257856965793,historyserver-demo-67d55cff85-p2zn7/historyserver,2913222656,3243257856,3243786240,195762786
1786043258897906710,historyserver-demo-67d55cff85-p2zn7/historyserver,2913222656,3243257856,3243786240,195762786
1786043259948244419,historyserver-demo-67d55cff85-p2zn7/historyserver,2913222656,3243257856,3243786240,195762786
1786043260992226044,historyserver-demo-67d55cff85-p2zn7/historyserver,2913222656,3243257856,3243786240,195762786
1786043262036314711,historyserver-demo-67d55cff85-p2zn7/historyserver,2913222656,3243257856,3243786240,195762786
1786043263088086420,historyserver-demo-67d55cff85-p2zn7/historyserver,2913222656,3243257856,3243786240,195762786
1786043264137862462,historyserver-demo-67d55cff85-p2zn7/historyserver,2913222656,3243257856,3243786240,195762786
1786043265185907213,historyserver-demo-67d55cff85-p2zn7/historyserver,2913222656,3243257856,3243786240,195762786
1786043266234459963,historyserver-demo-67d55cff85-p2zn7/historyserver,2913222656,3243257856,3243786240,195762786
1786043267286594797,historyserver-demo-67d55cff85-p2zn7/historyserver,2913239040,3243294720,3247497216,195961807
1786043268324877131,historyserver-demo-67d55cff85-p2zn7/historyserver,2913239040,3243286528,3247497216,196465323
1786043269363507882,historyserver-demo-67d55cff85-p2zn7/historyserver,2913239040,3243294720,3247497216,196990009
1786043270402827799,historyserver-demo-67d55cff85-p2zn7/historyserver,2913239040,3243286528,3247497216,197512440
1786043271440969674,historyserver-demo-67d55cff85-p2zn7/historyserver,2913239040,3243286528,3247497216,198013794
1786043272477666716,historyserver-demo-67d55cff85-p2zn7/historyserver,2913239040,3243290624,3247497216,198550446
1786043273518158342,historyserver-demo-67d55cff85-p2zn7/historyserver,2913239040,3243286528,3247497216,199062851
1786043274556432009,historyserver-demo-67d55cff85-p2zn7/historyserver,2913239040,3243294720,3247497216,199581326
1786043275596672635,historyserver-demo-67d55cff85-p2zn7/historyserver,2913239040,3243286528,3247497216,200113318
1786043276636532927,historyserver-demo-67d55cff85-p2zn7/historyserver,2913239040,3243286528,3247497216,200613301
1786043277675577511,historyserver-demo-67d55cff85-p2zn7/historyserver,2913239040,3243286528,3247497216,201147673
1786043278714511886,historyserver-demo-67d55cff85-p2zn7/historyserver,2913239040,3243286528,3247497216,201664350
1786043279751545720,historyserver-demo-67d55cff85-p2zn7/historyserver,2913239040,3243286528,3247497216,202175408
1786043280789510845,historyserver-demo-67d55cff85-p2zn7/historyserver,2913239040,3243286528,3247497216,202711274
1786043281827870971,historyserver-demo-67d55cff85-p2zn7/historyserver,2913239040,3243290624,3247497216,203212332
1786043282865622763,historyserver-demo-67d55cff85-p2zn7/historyserver,2913239040,3243290624,3247497216,203744437
1786043283907478430,historyserver-demo-67d55cff85-p2zn7/historyserver,2913239040,3243286528,3247497216,204262639
1786043284947063541,historyserver-demo-67d55cff85-p2zn7/historyserver,2913239040,3243286528,3247497216,204772199
1786043285985567084,historyserver-demo-67d55cff85-p2zn7/historyserver,2913239040,3243290624,3247497216,205308361
1786043287024685084,historyserver-demo-67d55cff85-p2zn7/historyserver,2913239040,3243286528,3247497216,205814233
1786043288064550793,historyserver-demo-67d55cff85-p2zn7/historyserver,2913239040,3243294720,3247497216,206342175
1786043289107557002,historyserver-demo-67d55cff85-p2zn7/historyserver,2913239040,3243286528,3247497216,206861890
1786043290147691127,historyserver-demo-67d55cff85-p2zn7/historyserver,2913239040,3243290624,3247497216,207375017
1786043291188658086,historyserver-demo-67d55cff85-p2zn7/historyserver,2913239040,3243290624,3247497216,207912494
1786043292228342003,historyserver-demo-67d55cff85-p2zn7/historyserver,2913239040,3243290624,3247497216,208412654
1786043293266478795,historyserver-demo-67d55cff85-p2zn7/historyserver,2913239040,3243294720,3247497216,208941349
1786043294306618462,historyserver-demo-67d55cff85-p2zn7/historyserver,2913239040,3243286528,3247497216,209461542
1786043295345534255,historyserver-demo-67d55cff85-p2zn7/historyserver,2913239040,3243286528,3247497216,209970417
1786043296383683047,historyserver-demo-67d55cff85-p2zn7/historyserver,2913239040,3243290624,3247497216,210509181
1786043297423483881,historyserver-demo-67d55cff85-p2zn7/historyserver,2913239040,3243282432,3247497216,211014338
1786043298463415881,historyserver-demo-67d55cff85-p2zn7/historyserver,2913239040,3243290624,3247497216,211540199
1786043299503408423,historyserver-demo-67d55cff85-p2zn7/historyserver,2913239040,3243282432,3247497216,212061624
1786043300542326049,historyserver-demo-67d55cff85-p2zn7/historyserver,2913239040,3243282432,3247497216,212565957
1786043301581061216,historyserver-demo-67d55cff85-p2zn7/historyserver,2913239040,3243282432,3247497216,213104788
1786043302621381925,historyserver-demo-67d55cff85-p2zn7/historyserver,2913239040,3243282432,3247497216,213613023
1786043303670864342,historyserver-demo-67d55cff85-p2zn7/historyserver,2913239040,3243282432,3247497216,214145968
1786043304709674842,historyserver-demo-67d55cff85-p2zn7/historyserver,2913239040,3243282432,3247497216,214664427
1786043305748861676,historyserver-demo-67d55cff85-p2zn7/historyserver,2913239040,3243282432,3247497216,215171643
1786043306787818927,historyserver-demo-67d55cff85-p2zn7/historyserver,2913239040,3243282432,3247497216,215710571
1786043307826566052,historyserver-demo-67d55cff85-p2zn7/historyserver,2913247232,3243290624,3247497216,216212717
1786043308869544344,historyserver-demo-67d55cff85-p2zn7/historyserver,2913255424,3243556864,3247497216,216746817
1786043309911432637,historyserver-demo-67d55cff85-p2zn7/historyserver,2913259520,3243302912,3247497216,217265765
1786043310951450262,historyserver-demo-67d55cff85-p2zn7/historyserver,2913267712,3243315200,3247497216,217776553
1786043311990538554,historyserver-demo-67d55cff85-p2zn7/historyserver,2913271808,3243315200,3247497216,218310315
1786043313032029596,historyserver-demo-67d55cff85-p2zn7/historyserver,2913280000,3243323392,3247497216,218814076
1786043314070732055,historyserver-demo-67d55cff85-p2zn7/historyserver,2913288192,3243331584,3247497216,219354987
1786043315120109750,historyserver-demo-67d55cff85-p2zn7/historyserver,2913296384,3243339776,3247497216,219861859
1786043316159798209,historyserver-demo-67d55cff85-p2zn7/historyserver,2913304576,3243347968,3247497216,220384075
1786043317200048542,historyserver-demo-67d55cff85-p2zn7/historyserver,2913308672,3243352064,3247497216,220913183
1786043318245394126,historyserver-demo-67d55cff85-p2zn7/historyserver,2913316864,3243360256,3247497216,221423874
1786043319287630377,historyserver-demo-67d55cff85-p2zn7/historyserver,2913325056,3243368448,3247497216,221962790
1786043320333430002,historyserver-demo-67d55cff85-p2zn7/historyserver,2913333248,3243376640,3247497216,222465214
1786043321373141753,historyserver-demo-67d55cff85-p2zn7/historyserver,2913349632,3243393024,3247497216,222998011
1786043322415071878,historyserver-demo-67d55cff85-p2zn7/historyserver,2913390592,3243454464,3247497216,223511210
1786043323455279879,historyserver-demo-67d55cff85-p2zn7/historyserver,2946752512,3276877824,3277762560,224029215
1786043324494767004,historyserver-demo-67d55cff85-p2zn7/historyserver,2946793472,3276906496,3277762560,224560434
1786043325534163796,historyserver-demo-67d55cff85-p2zn7/historyserver,2946912256,3277029376,3277799424,225061510
1786043326571830464,historyserver-demo-67d55cff85-p2zn7/historyserver,3499253760,3830685696,3831177216,225599193
1786043327616030089,historyserver-demo-67d55cff85-p2zn7/historyserver,3508584448,3840000000,3840049152,226111969
1786043328685011840,historyserver-demo-67d55cff85-p2zn7/historyserver,3538714624,3870068736,3870068736,226659057
1786043329726283548,historyserver-demo-67d55cff85-p2zn7/historyserver,3566501888,3897827328,3898478592,227161276
1786043330766181799,historyserver-demo-67d55cff85-p2zn7/historyserver,3595767808,3927285760,3927285760,227694954
1786043331811399091,historyserver-demo-67d55cff85-p2zn7/historyserver,3623067648,3954503680,3954774016,228212669
1786043332852817550,historyserver-demo-67d55cff85-p2zn7/historyserver,3650990080,3982491648,3982491648,228727858
1786043333892261300,historyserver-demo-67d55cff85-p2zn7/historyserver,3680100352,4011655168,4011675648,229259004
1786043334932951801,historyserver-demo-67d55cff85-p2zn7/historyserver,3708157952,4039766016,4040228864,229761770
1786043335972081843,historyserver-demo-67d55cff85-p2zn7/historyserver,3737325568,4069081088,4069081088,230296581
1786043337014907427,historyserver-demo-67d55cff85-p2zn7/historyserver,3765768192,4097490944,4098011136,230809354
1786043338054361302,historyserver-demo-67d55cff85-p2zn7/historyserver,3794653184,4126523392,4126523392,231329159
1786043339096810720,historyserver-demo-67d55cff85-p2zn7/historyserver,3822305280,4154138624,4154576896,231863045
1786043340139868303,historyserver-demo-67d55cff85-p2zn7/historyserver,3830784000,4162904064,4162904064,232374948
1786043341189754304,historyserver-demo-67d55cff85-p2zn7/historyserver,3840225280,4172091392,4172353536,232909702
1786043342235845846,historyserver-demo-67d55cff85-p2zn7/historyserver,3847970816,4180054016,4180054016,233418472
1786043343282022222,historyserver-demo-67d55cff85-p2zn7/historyserver,3855917056,4187811840,4188532736,233962388
1786043344329913180,historyserver-demo-67d55cff85-p2zn7/historyserver,3857891328,4189790208,4190543872,234461508
1786043345372864833,historyserver-demo-67d55cff85-p2zn7/historyserver,3858325504,4190224384,4190863360,235000131
1786043346417898625,historyserver-demo-67d55cff85-p2zn7/historyserver,3858341888,4190236672,4191277056,235510302
1786043347460836834,historyserver-demo-67d55cff85-p2zn7/historyserver,3858341888,4190240768,4191277056,236031582
1786043348503101585,historyserver-demo-67d55cff85-p2zn7/historyserver,3858341888,4190236672,4191277056,236556282
1786043349544867127,historyserver-demo-67d55cff85-p2zn7/historyserver,3858341888,4190236672,4191277056,237066688
1786043350584995836,historyserver-demo-67d55cff85-p2zn7/historyserver,3858341888,4190236672,4191277056,237605924
1786043351624929420,historyserver-demo-67d55cff85-p2zn7/historyserver,3858341888,4190236672,4191277056,238108538
1786043352666870712,historyserver-demo-67d55cff85-p2zn7/historyserver,3858341888,4190236672,4191277056,238638492
1786043353707807337,historyserver-demo-67d55cff85-p2zn7/historyserver,3858341888,4190236672,4191277056,239156172
1786043354746859713,historyserver-demo-67d55cff85-p2zn7/historyserver,3858341888,4190236672,4191277056,239669534
1786043355785907005,historyserver-demo-67d55cff85-p2zn7/historyserver,3858341888,4190240768,4191277056,240206649
1786043356824900672,historyserver-demo-67d55cff85-p2zn7/historyserver,3858341888,4190236672,4191277056,240709022
1786043357864449506,historyserver-demo-67d55cff85-p2zn7/historyserver,3858341888,4190236672,4191277056,241237314
1786043358904857131,historyserver-demo-67d55cff85-p2zn7/historyserver,3858341888,4190232576,4191277056,241754979
1786043359943933548,historyserver-demo-67d55cff85-p2zn7/historyserver,3858341888,4190232576,4191277056,242263362
1786043360982904924,historyserver-demo-67d55cff85-p2zn7/historyserver,3858341888,4190240768,4191277056,242806883
1786043362023989883,historyserver-demo-67d55cff85-p2zn7/historyserver,3858341888,4190232576,4191277056,243310422
1786043363064857883,historyserver-demo-67d55cff85-p2zn7/historyserver,3858341888,4190240768,4191277056,243837074
1786043364104008092,historyserver-demo-67d55cff85-p2zn7/historyserver,3858341888,4190232576,4191277056,244358477
1786043365146985259,historyserver-demo-67d55cff85-p2zn7/historyserver,3858341888,4190232576,4191277056,244867913
1786043366185917385,historyserver-demo-67d55cff85-p2zn7/historyserver,3858341888,4190232576,4191277056,245407235
1786043367225942135,historyserver-demo-67d55cff85-p2zn7/historyserver,3858341888,4190228480,4191277056,245909492
1786043368266890177,historyserver-demo-67d55cff85-p2zn7/historyserver,3858341888,4190228480,4191277056,246440434
1786043369308884970,historyserver-demo-67d55cff85-p2zn7/historyserver,3858341888,4190228480,4191277056,246955790
1786043370348907512,historyserver-demo-67d55cff85-p2zn7/historyserver,3858341888,4190228480,4191277056,247470054
1786043371386786596,historyserver-demo-67d55cff85-p2zn7/historyserver,3858341888,4190228480,4191277056,248007997
1786043372426806346,historyserver-demo-67d55cff85-p2zn7/historyserver,3858341888,4190228480,4191277056,248509165
1786043373464872013,historyserver-demo-67d55cff85-p2zn7/historyserver,3858350080,4190240768,4191277056,249037270
1786043374503879930,historyserver-demo-67d55cff85-p2zn7/historyserver,3858354176,4190240768,4191277056,249556295
1786043375542910458,historyserver-demo-67d55cff85-p2zn7/historyserver,3858362368,4190248960,4191277056,250078835
1786043376594751375,historyserver-demo-67d55cff85-p2zn7/historyserver,3858366464,4190253056,4191277056,250606564
1786043377634837126,historyserver-demo-67d55cff85-p2zn7/historyserver,3858374656,4190261248,4191277056,251108244
1786043378677761668,historyserver-demo-67d55cff85-p2zn7/historyserver,3858378752,4190265344,4191277056,251653425
1786043379717794627,historyserver-demo-67d55cff85-p2zn7/historyserver,3858386944,4190273536,4191277056,252160901
1786043380756800127,historyserver-demo-67d55cff85-p2zn7/historyserver,3858391040,4190281728,4191277056,252676931
1786043381793943670,historyserver-demo-67d55cff85-p2zn7/historyserver,3858399232,4190285824,4191277056,253206323
1786043382835811920,historyserver-demo-67d55cff85-p2zn7/historyserver,3858407424,4190294016,4191277056,253712025
1786043383876767171,historyserver-demo-67d55cff85-p2zn7/historyserver,3858411520,4190298112,4191277056,254252584
1786043384920902754,historyserver-demo-67d55cff85-p2zn7/historyserver,3858419712,4190306304,4191277056,254759602
1786043385960783213,historyserver-demo-67d55cff85-p2zn7/historyserver,3858423808,4190318592,4191277056,255284771
1786043387000900589,historyserver-demo-67d55cff85-p2zn7/historyserver,3858432000,4190322688,4191277056,255809302
1786043388042718923,historyserver-demo-67d55cff85-p2zn7/historyserver,3858440192,4190330880,4191277056,256316334
1786043389081784881,historyserver-demo-67d55cff85-p2zn7/historyserver,3858444288,4190334976,4191277056,256856567
1786043390121057924,historyserver-demo-67d55cff85-p2zn7/historyserver,3858448384,4190334976,4191277056,257051589
1786043391172126841,historyserver-demo-67d55cff85-p2zn7/historyserver,3858448384,4190334976,4191277056,257051589
1786043392226091966,historyserver-demo-67d55cff85-p2zn7/historyserver,3858448384,4190334976,4191277056,257051589
1786043393280952758,historyserver-demo-67d55cff85-p2zn7/historyserver,3858448384,4190334976,4191277056,257051589
1786043394326397259,historyserver-demo-67d55cff85-p2zn7/historyserver,3858448384,4190334976,4191277056,257051589
1786043395374062384,historyserver-demo-67d55cff85-p2zn7/historyserver,3858448384,4190334976,4191277056,257051589
1786043396432958177,historyserver-demo-67d55cff85-p2zn7/historyserver,3858448384,4190334976,4191277056,257051589
1786043397482068052,historyserver-demo-67d55cff85-p2zn7/historyserver,3858448384,4190334976,4191277056,257051589
1786043398535473469,historyserver-demo-67d55cff85-p2zn7/historyserver,3858448384,4190334976,4191277056,257051589
1786043399594137220,historyserver-demo-67d55cff85-p2zn7/historyserver,3858448384,4190334976,4191277056,257051589
1786043400652153179,historyserver-demo-67d55cff85-p2zn7/historyserver,3858485248,4191039488,4194652160,257154540
1786043401698980929,historyserver-demo-67d55cff85-p2zn7/historyserver,3858505728,4190404608,4194652160,257676828
1786043402739389763,historyserver-demo-67d55cff85-p2zn7/historyserver,3858526208,4190437376,4194652160,258198064
1786043403781308430,historyserver-demo-67d55cff85-p2zn7/historyserver,3858546688,4190449664,4194652160,258728794
1786043404829106583,historyserver-demo-67d55cff85-p2zn7/historyserver,3858554880,4190461952,4194652160,259241560
1786043405871374875,historyserver-demo-67d55cff85-p2zn7/historyserver,3858669568,4190924800,4194652160,259777108
1786043406913944876,historyserver-demo-67d55cff85-p2zn7/historyserver,3858964480,4190867456,4194652160,260279380
1786043407955471501,historyserver-demo-67d55cff85-p2zn7/historyserver,3858972672,4190871552,4194652160,260818398
1786043409000420793,historyserver-demo-67d55cff85-p2zn7/historyserver,3858980864,4190879744,4194652160,261328733
1786043410042773544,historyserver-demo-67d55cff85-p2zn7/historyserver,3858989056,4190887936,4194652160,261850599
1786043411087258419,historyserver-demo-67d55cff85-p2zn7/historyserver,3859001344,4190900224,4194652160,262375717
1786043412131154586,historyserver-demo-67d55cff85-p2zn7/historyserver,3859009536,4190908416,4194652160,262892451
1786043413172530379,historyserver-demo-67d55cff85-p2zn7/historyserver,3859013632,4190916608,4194652160,263428257
1786043414216640962,historyserver-demo-67d55cff85-p2zn7/historyserver,3859025920,4190941184,4194652160,263955002
1786043415293280171,historyserver-demo-67d55cff85-p2zn7/historyserver,3859038208,4190941184,4194652160,264477113
1786043416335274380,historyserver-demo-67d55cff85-p2zn7/historyserver,3859050496,4191215616,4194652160,264987071
1786043417377143672,historyserver-demo-67d55cff85-p2zn7/historyserver,3859062784,4190965760,4194652160,265528832
1786043418427537381,historyserver-demo-67d55cff85-p2zn7/historyserver,3859075072,4190978048,4194652160,266039846
1786043419474399965,historyserver-demo-67d55cff85-p2zn7/historyserver,3859345408,4191248384,4194652160,266578799
1786043420520238632,historyserver-demo-67d55cff85-p2zn7/historyserver,3860824064,4192731136,4194652160,267090069
1786043421568421966,historyserver-demo-67d55cff85-p2zn7/historyserver,3861569536,4193472512,4194652160,267627087
1786043422620259550,historyserver-demo-67d55cff85-p2zn7/historyserver,3863175168,4195078144,4195598336,268140680
1786043423676527092,historyserver-demo-67d55cff85-p2zn7/historyserver,3863175168,4195078144,4195602432,268679437
1786043424727167884,historyserver-demo-67d55cff85-p2zn7/historyserver,3804651520,4136554496,4195602432,269189291
1786043425773303218,historyserver-demo-67d55cff85-p2zn7/historyserver,3794427904,4126330880,4195602432,269727891
1786043426820095677,historyserver-demo-67d55cff85-p2zn7/historyserver,3738726400,4070629376,4195602432,270231620
1786043427862210719,historyserver-demo-67d55cff85-p2zn7/historyserver,3728175104,4060078080,4195602432,270767136
1786043428908182178,historyserver-demo-67d55cff85-p2zn7/historyserver,3678367744,4012204032,4195602432,271277541
1786043429953242303,historyserver-demo-67d55cff85-p2zn7/historyserver,3667619840,4001460224,4195602432,271808752
1786043430996212304,historyserver-demo-67d55cff85-p2zn7/historyserver,3598217216,3932049408,4195602432,272327251
1786043432036157138,historyserver-demo-67d55cff85-p2zn7/historyserver,3587469312,3921301504,4195602432,272839509
1786043433078110305,historyserver-demo-67d55cff85-p2zn7/historyserver,3214323712,3551997952,4195602432,273377904
1786043434116176639,historyserver-demo-67d55cff85-p2zn7/historyserver,3214323712,3551993856,4195602432,273879091
1786043435153030541,historyserver-demo-67d55cff85-p2zn7/historyserver,3214323712,3551993856,4195602432,274403245
1786043436191007542,historyserver-demo-67d55cff85-p2zn7/historyserver,3214323712,3551993856,4195602432,274927846
1786043437228138542,historyserver-demo-67d55cff85-p2zn7/historyserver,3214323712,3551993856,4195602432,275437900
1786043438270022626,historyserver-demo-67d55cff85-p2zn7/historyserver,3214323712,3551993856,4195602432,275973065
1786043439310039293,historyserver-demo-67d55cff85-p2zn7/historyserver,3214323712,3551993856,4195602432,276481210
1786043440346987669,historyserver-demo-67d55cff85-p2zn7/historyserver,3214323712,3551993856,4195602432,276998627
1786043441383998753,historyserver-demo-67d55cff85-p2zn7/historyserver,3214323712,3551993856,4195602432,277528885
1786043442421957878,historyserver-demo-67d55cff85-p2zn7/historyserver,3214323712,3551993856,4195602432,278032003
1786043443460088545,historyserver-demo-67d55cff85-p2zn7/historyserver,3214323712,3551993856,4195602432,278562846
1786043444499953754,historyserver-demo-67d55cff85-p2zn7/historyserver,3214323712,3551993856,4195602432,279076852
1786043445539137963,historyserver-demo-67d55cff85-p2zn7/historyserver,3214323712,3551993856,4195602432,279590862
1786043446579033297,historyserver-demo-67d55cff85-p2zn7/historyserver,3214323712,3551993856,4195602432,280125794
1786043447616055672,historyserver-demo-67d55cff85-p2zn7/historyserver,3214323712,3551993856,4195602432,280631313
1786043448656052798,historyserver-demo-67d55cff85-p2zn7/historyserver,3214323712,3551993856,4195602432,281159470
1786043449696963673,historyserver-demo-67d55cff85-p2zn7/historyserver,3214323712,3551993856,4195602432,281679970
1786043450738075841,historyserver-demo-67d55cff85-p2zn7/historyserver,3214323712,3551993856,4195602432,282190571
1786043451779059966,historyserver-demo-67d55cff85-p2zn7/historyserver,3214323712,3552002048,4195602432,282728087
1786043452817011592,historyserver-demo-67d55cff85-p2zn7/historyserver,3214323712,3551997952,4195602432,283228981
1786043453860995759,historyserver-demo-67d55cff85-p2zn7/historyserver,3214323712,3551997952,4195602432,283763425
1786043454900002884,historyserver-demo-67d55cff85-p2zn7/historyserver,3305385984,3643060224,4195602432,284278449
1786043455939354468,historyserver-demo-67d55cff85-p2zn7/historyserver,3305385984,3643060224,4195602432,284791739
1786043456977006677,historyserver-demo-67d55cff85-p2zn7/historyserver,3305385984,3643060224,4195602432,285328462
1786043458016182052,historyserver-demo-67d55cff85-p2zn7/historyserver,3305385984,3643060224,4195602432,285826016
1786043459055961053,historyserver-demo-67d55cff85-p2zn7/historyserver,3305385984,3643064320,4195602432,286357409
1786043460095155012,historyserver-demo-67d55cff85-p2zn7/historyserver,3305385984,3643060224,4195602432,286876230
1786043461135308345,historyserver-demo-67d55cff85-p2zn7/historyserver,3305385984,3643060224,4195602432,287389822
1786043462174219846,historyserver-demo-67d55cff85-p2zn7/historyserver,3305385984,3643060224,4195602432,287926609
1786043463213003388,historyserver-demo-67d55cff85-p2zn7/historyserver,3305385984,3643056128,4195602432,288425548
1786043464253178264,historyserver-demo-67d55cff85-p2zn7/historyserver,3305385984,3643056128,4195602432,288956224
1786043465294479833,historyserver-demo-67d55cff85-p2zn7/historyserver,3305385984,3643056128,4195602432,289478912
1786043466332413709,historyserver-demo-67d55cff85-p2zn7/historyserver,3305394176,3643064320,4195602432,289989827
1786043467373769959,historyserver-demo-67d55cff85-p2zn7/historyserver,3305590784,3643265024,4195602432,290523796
1786043468413429710,historyserver-demo-67d55cff85-p2zn7/historyserver,3305603072,3643273216,4195602432,291029360
1786043469453426335,historyserver-demo-67d55cff85-p2zn7/historyserver,3305615360,3643285504,4195602432,291554624
1786043470492527752,historyserver-demo-67d55cff85-p2zn7/historyserver,3305627648,3643301888,4195602432,292079743
1786043471533192003,historyserver-demo-67d55cff85-p2zn7/historyserver,3305639936,3643318272,4195602432,292590413
1786043472575017087,historyserver-demo-67d55cff85-p2zn7/historyserver,3305652224,3643330560,4195602432,293128297
1786043473619333004,historyserver-demo-67d55cff85-p2zn7/historyserver,3305664512,3643346944,4195602432,293633352
1786043474661526504,historyserver-demo-67d55cff85-p2zn7/historyserver,3306893312,3644575744,4195602432,294164073
1786043475705538546,historyserver-demo-67d55cff85-p2zn7/historyserver,3306967040,3644645376,4195602432,294677229
1786043476748473422,historyserver-demo-67d55cff85-p2zn7/historyserver,3307020288,3644698624,4195602432,295204720
1786043477791654714,historyserver-demo-67d55cff85-p2zn7/historyserver,3279577088,3635011584,4195602432,295730176
1786043478837649256,historyserver-demo-67d55cff85-p2zn7/historyserver,3231789056,3614797824,4195602432,296260352
1786043479888564548,historyserver-demo-67d55cff85-p2zn7/historyserver,3220582400,3609059328,4195602432,296777433
1786043480931594382,historyserver-demo-67d55cff85-p2zn7/historyserver,3217526784,3607207936,4195602432,297292935
1786043481973561758,historyserver-demo-67d55cff85-p2zn7/historyserver,3217526784,3607207936,4195602432,297829294
1786043483015895467,historyserver-demo-67d55cff85-p2zn7/historyserver,3217657856,3607339008,4195602432,298328422
1786043484055863134,historyserver-demo-67d55cff85-p2zn7/historyserver,3217657856,3607339008,4195602432,298861106
1786043485097385968,historyserver-demo-67d55cff85-p2zn7/historyserver,3217657856,3607339008,4195602432,299375322
1786043486136666468,historyserver-demo-67d55cff85-p2zn7/historyserver,3217657856,3607339008,4195602432,299889533
1786043487175498010,historyserver-demo-67d55cff85-p2zn7/historyserver,3217657856,3607339008,4195602432,300425419
1786043488215429761,historyserver-demo-67d55cff85-p2zn7/historyserver,3217657856,3607343104,4195602432,300927860
1786043489255538053,historyserver-demo-67d55cff85-p2zn7/historyserver,3217657856,3607339008,4195602432,301457043
1786043490295423845,historyserver-demo-67d55cff85-p2zn7/historyserver,3217657856,3607339008,4195602432,301978577
1786043491334491721,historyserver-demo-67d55cff85-p2zn7/historyserver,3217657856,3607334912,4195602432,302489549
1786043492374438888,historyserver-demo-67d55cff85-p2zn7/historyserver,3217657856,3607334912,4195602432,303025145
1786043493412434555,historyserver-demo-67d55cff85-p2zn7/historyserver,3217657856,3607334912,4195602432,303526981
1786043494451491597,historyserver-demo-67d55cff85-p2zn7/historyserver,3217657856,3607334912,4195602432,304052842
1786043495491666583,historyserver-demo-67d55cff85-p2zn7/historyserver,3217657856,3607334912,4195602432,304578154
1786043496531782334,historyserver-demo-67d55cff85-p2zn7/historyserver,3217657856,3607334912,4195602432,305090271
1786043497571309126,historyserver-demo-67d55cff85-p2zn7/historyserver,3217657856,3607334912,4195602432,305619681
1786043498614711043,historyserver-demo-67d55cff85-p2zn7/historyserver,3217657856,3607334912,4195602432,306127035
1786043499654738669,historyserver-demo-67d55cff85-p2zn7/historyserver,3217657856,3607334912,4195602432,306657141
1786043500696564294,historyserver-demo-67d55cff85-p2zn7/historyserver,3217657856,3607334912,4195602432,307178706
1786043501738661045,historyserver-demo-67d55cff85-p2zn7/historyserver,3217657856,3607330816,4195602432,307694210
1786043502781527670,historyserver-demo-67d55cff85-p2zn7/historyserver,3217657856,3607330816,4195602432,308229234
1786043503825621129,historyserver-demo-67d55cff85-p2zn7/historyserver,3217657856,3607334912,4195602432,308740642
1786043504869432588,historyserver-demo-67d55cff85-p2zn7/historyserver,3217657856,3607330816,4195602432,309270603
1786043505913700922,historyserver-demo-67d55cff85-p2zn7/historyserver,3217657856,3607334912,4195602432,309777449
1786043506955584089,historyserver-demo-67d55cff85-p2zn7/historyserver,3217657856,3607330816,4195602432,310308402
1786043507998471589,historyserver-demo-67d55cff85-p2zn7/historyserver,3217657856,3607330816,4195602432,310829310
1786043509041937756,historyserver-demo-67d55cff85-p2zn7/historyserver,3217657856,3607334912,4195602432,311343703
1786043510092256090,historyserver-demo-67d55cff85-p2zn7/historyserver,3217657856,3607334912,4195602432,311876131
1786043511136691882,historyserver-demo-67d55cff85-p2zn7/historyserver,3217657856,3607334912,4195602432,312395252
1786043512182858758,historyserver-demo-67d55cff85-p2zn7/historyserver,3217657856,3607334912,4195602432,312927151
1786043513228955383,historyserver-demo-67d55cff85-p2zn7/historyserver,3217657856,3607334912,4195602432,313436882
1786043514274497884,historyserver-demo-67d55cff85-p2zn7/historyserver,3217657856,3607334912,4195602432,313974849
1786043515318866634,historyserver-demo-67d55cff85-p2zn7/historyserver,3217657856,3607339008,4195602432,314477659
1786043516358594718,historyserver-demo-67d55cff85-p2zn7/historyserver,3217657856,3607334912,4195602432,315016188
1786043517407622135,historyserver-demo-67d55cff85-p2zn7/historyserver,3217657856,3607334912,4195602432,315526230
1786043518444615969,historyserver-demo-67d55cff85-p2zn7/historyserver,3217657856,3607334912,4195602432,316041262
1786043519479644470,historyserver-demo-67d55cff85-p2zn7/historyserver,3217657856,3607334912,4195602432,316576026
1786043520514713512,historyserver-demo-67d55cff85-p2zn7/historyserver,3217657856,3607339008,4195602432,317075515
1786043521547763137,historyserver-demo-67d55cff85-p2zn7/historyserver,3217657856,3607334912,4195602432,317595945
1786043522582515638,historyserver-demo-67d55cff85-p2zn7/historyserver,3217657856,3607334912,4195602432,318128017
1786043523616507013,historyserver-demo-67d55cff85-p2zn7/historyserver,3217657856,3607339008,4195602432,318626758
1786043524649454666,historyserver-demo-67d55cff85-p2zn7/historyserver,3217657856,3607339008,4195602432,319149606
1786043525686666583,historyserver-demo-67d55cff85-p2zn7/historyserver,3217657856,3607334912,4195602432,319677621
1786043526722888917,historyserver-demo-67d55cff85-p2zn7/historyserver,3217657856,3607334912,4195602432,320181029
1786043527759823209,historyserver-demo-67d55cff85-p2zn7/historyserver,3217657856,3607334912,4195602432,320709162
1786043528797716251,historyserver-demo-67d55cff85-p2zn7/historyserver,3217657856,3607334912,4195602432,321227646
1786043529836170169,historyserver-demo-67d55cff85-p2zn7/historyserver,3217657856,3607339008,4195602432,321743546
1786043530873205169,historyserver-demo-67d55cff85-p2zn7/historyserver,3217657856,3607330816,4195602432,322059761
1786043531923382586,historyserver-demo-67d55cff85-p2zn7/historyserver,3217657856,3607330816,4195602432,322059761
1786043532971922087,historyserver-demo-67d55cff85-p2zn7/historyserver,3217657856,3607330816,4195602432,322059761
1786043534018141296,historyserver-demo-67d55cff85-p2zn7/historyserver,3217657856,3607330816,4195602432,322059761
1786043535078074088,historyserver-demo-67d55cff85-p2zn7/historyserver,3217657856,3607330816,4195602432,322059761
1786043536139473797,historyserver-demo-67d55cff85-p2zn7/historyserver,3217657856,3607330816,4195602432,322059761
1786043537200312630,historyserver-demo-67d55cff85-p2zn7/historyserver,3217657856,3607330816,4195602432,322059761
1786043538270080423,historyserver-demo-67d55cff85-p2zn7/historyserver,3217657856,3607330816,4195602432,322059761
1786043539321925132,historyserver-demo-67d55cff85-p2zn7/historyserver,3217657856,3607330816,4195602432,322059761
1786043540392924382,historyserver-demo-67d55cff85-p2zn7/historyserver,3217657856,3607326720,4195602432,322060099
1786043541452434383,historyserver-demo-67d55cff85-p2zn7/historyserver,3458797568,3848482816,4195602432,322582136
1786043542517436425,historyserver-demo-67d55cff85-p2zn7/historyserver,3458797568,3848478720,4195602432,323089017
1786043543563498550,historyserver-demo-67d55cff85-p2zn7/historyserver,3458797568,3848482816,4195602432,323625530
1786043544612528967,historyserver-demo-67d55cff85-p2zn7/historyserver,3458797568,3848478720,4195602432,324135673
1786043545652679010,historyserver-demo-67d55cff85-p2zn7/historyserver,3458797568,3848478720,4195602432,324666154
1786043546695513093,historyserver-demo-67d55cff85-p2zn7/historyserver,3458797568,3848478720,4195602432,325183775
1786043547736467511,historyserver-demo-67d55cff85-p2zn7/historyserver,3458797568,3848482816,4195602432,325701006
1786043548777416886,historyserver-demo-67d55cff85-p2zn7/historyserver,3458797568,3848478720,4195602432,326236450
1786043549817486595,historyserver-demo-67d55cff85-p2zn7/historyserver,3458797568,3848478720,4195602432,326737174
1786043550858578845,historyserver-demo-67d55cff85-p2zn7/historyserver,3458797568,3848478720,4195602432,327272714
1786043551899471429,historyserver-demo-67d55cff85-p2zn7/historyserver,3458797568,3848478720,4195602432,327785617
1786043552940485055,historyserver-demo-67d55cff85-p2zn7/historyserver,3458797568,3848478720,4195602432,328306787
1786043553984416597,historyserver-demo-67d55cff85-p2zn7/historyserver,3458797568,3848478720,4195602432,328833163
1786043555025945125,historyserver-demo-67d55cff85-p2zn7/historyserver,3458797568,3848482816,4195602432,329343344
1786043556066906084,historyserver-demo-67d55cff85-p2zn7/historyserver,3458797568,3848482816,4195602432,329879013
1786043557107909167,historyserver-demo-67d55cff85-p2zn7/historyserver,3458797568,3848478720,4195602432,330384805
1786043558146949460,historyserver-demo-67d55cff85-p2zn7/historyserver,3458797568,3848478720,4195602432,330906916
1786043559185035335,historyserver-demo-67d55cff85-p2zn7/historyserver,3458797568,3848478720,4195602432,331432102
1786043560222045877,historyserver-demo-67d55cff85-p2zn7/historyserver,3474944000,3864887296,4195602432,331939122
1786043561261040378,historyserver-demo-67d55cff85-p2zn7/historyserver,3499298816,3890028544,4195602432,332469735
1786043562296930878,historyserver-demo-67d55cff85-p2zn7/historyserver,3519225856,3908931584,4195602432,332984416
1786043563331988462,historyserver-demo-67d55cff85-p2zn7/historyserver,3542351872,3932819456,4195602432,333496618
1786043564369934546,historyserver-demo-67d55cff85-p2zn7/historyserver,3568058368,3958300672,4195602432,334029616
1786043565404928630,historyserver-demo-67d55cff85-p2zn7/historyserver,3583336448,3973017600,4195602432,334535457
1786043566439908422,historyserver-demo-67d55cff85-p2zn7/historyserver,3583582208,3973267456,4195602432,335051581
1786043567474991589,historyserver-demo-67d55cff85-p2zn7/historyserver,3583627264,3973316608,4195602432,335584929
1786043568509047339,historyserver-demo-67d55cff85-p2zn7/historyserver,3584413696,3974098944,4195602432,336085202
1786043569541871715,historyserver-demo-67d55cff85-p2zn7/historyserver,3584499712,3974447104,4195602432,336601610
1786043570572972715,historyserver-demo-67d55cff85-p2zn7/historyserver,3584593920,3974279168,4195602432,337133421
1786043571603950674,historyserver-demo-67d55cff85-p2zn7/historyserver,3584733184,3974414336,4195602432,337632534
1786043572633853550,historyserver-demo-67d55cff85-p2zn7/historyserver,3524349952,3912097792,4195602432,338149606
1786043573664054300,historyserver-demo-67d55cff85-p2zn7/historyserver,3469824000,3857645568,4195602432,338670505
1786043574695316092,historyserver-demo-67d55cff85-p2zn7/historyserver,3469824000,3857645568,4195602432,339181629
1786043575728975551,historyserver-demo-67d55cff85-p2zn7/historyserver,3469824000,3857645568,4195602432,339689374
1786043576760066927,historyserver-demo-67d55cff85-p2zn7/historyserver,3469824000,3857907712,4195602432,340219001
1786043577793911386,historyserver-demo-67d55cff85-p2zn7/historyserver,3469824000,3857645568,4195602432,340731796
1786043578823902844,historyserver-demo-67d55cff85-p2zn7/historyserver,3469824000,3857645568,4195602432,341236430
1786043579855944970,historyserver-demo-67d55cff85-p2zn7/historyserver,3469824000,3857911808,4195602432,341764299
1786043580889010095,historyserver-demo-67d55cff85-p2zn7/historyserver,3469824000,3857645568,4195602432,342284974
1786043581922088054,historyserver-demo-67d55cff85-p2zn7/historyserver,3469824000,3857645568,4195602432,342782830
1786043582953910221,historyserver-demo-67d55cff85-p2zn7/historyserver,3469824000,3857649664,4195602432,343311430
1786043583987922889,historyserver-demo-67d55cff85-p2zn7/historyserver,3469824000,3857645568,4195602432,343835774
1786043585023008333,historyserver-demo-67d55cff85-p2zn7/historyserver,3469824000,3857645568,4195602432,344335308
1786043586055995250,historyserver-demo-67d55cff85-p2zn7/historyserver,3469824000,3857645568,4195602432,344865018
1786043587091071751,historyserver-demo-67d55cff85-p2zn7/historyserver,3469824000,3857645568,4195602432,345382328
1786043588130406085,historyserver-demo-67d55cff85-p2zn7/historyserver,3469824000,3857645568,4195602432,345892179
1786043589168022002,historyserver-demo-67d55cff85-p2zn7/historyserver,3469824000,3857649664,4195602432,346427384
1786043590203374127,historyserver-demo-67d55cff85-p2zn7/historyserver,3469824000,3857645568,4195602432,346933468
1786043591243294253,historyserver-demo-67d55cff85-p2zn7/historyserver,3469824000,3857649664,4195602432,347466671
1786043592297908503,historyserver-demo-67d55cff85-p2zn7/historyserver,3469824000,3857645568,4195602432,347982601
1786043593337420629,historyserver-demo-67d55cff85-p2zn7/historyserver,3469824000,3857645568,4195602432,348500734
1786043594372680129,historyserver-demo-67d55cff85-p2zn7/historyserver,3469824000,3857649664,4195602432,349028814
1786043595409541546,historyserver-demo-67d55cff85-p2zn7/historyserver,3469824000,3857645568,4195602432,349536358
1786043596447224672,historyserver-demo-67d55cff85-p2zn7/historyserver,3469824000,3857645568,4195602432,350053695
1786043597483654006,historyserver-demo-67d55cff85-p2zn7/historyserver,3469824000,3857645568,4195602432,350582948
1786043598522250464,historyserver-demo-67d55cff85-p2zn7/historyserver,3469824000,3857649664,4195602432,351084337
1786043599556301298,historyserver-demo-67d55cff85-p2zn7/historyserver,3469824000,3857649664,4195602432,351614068
1786043600590347674,historyserver-demo-67d55cff85-p2zn7/historyserver,3469824000,3857649664,4195602432,352133325
1786043601624458091,historyserver-demo-67d55cff85-p2zn7/historyserver,3469824000,3857645568,4195602432,352636229
1786043602659252675,historyserver-demo-67d55cff85-p2zn7/historyserver,3469824000,3857653760,4195602432,353168530
1786043603693292092,historyserver-demo-67d55cff85-p2zn7/historyserver,3470008320,3857829888,4195602432,353685712
1786043604730466967,historyserver-demo-67d55cff85-p2zn7/historyserver,3470008320,3857833984,4195602432,354194429
1786043605764317551,historyserver-demo-67d55cff85-p2zn7/historyserver,3470008320,3857838080,4195602432,354717546
1786043606801782427,historyserver-demo-67d55cff85-p2zn7/historyserver,3470008320,3857833984,4195602432,355234437
1786043607835087427,historyserver-demo-67d55cff85-p2zn7/historyserver,3470008320,3857833984,4195602432,355744094
1786043608867097886,historyserver-demo-67d55cff85-p2zn7/historyserver,3470008320,3857829888,4195602432,356270164
1786043609902816262,historyserver-demo-67d55cff85-p2zn7/historyserver,3470008320,3857833984,4195602432,356784234
1786043610939717179,historyserver-demo-67d55cff85-p2zn7/historyserver,3470008320,3857833984,4195602432,357294713
1786043611972498013,historyserver-demo-67d55cff85-p2zn7/historyserver,3470008320,3857838080,4195602432,357825361
1786043613007583596,historyserver-demo-67d55cff85-p2zn7/historyserver,3470008320,3857833984,4195602432,358335117
1786043614041273097,historyserver-demo-67d55cff85-p2zn7/historyserver,3470008320,3857833984,4195602432,358848324
1786043615080484541,historyserver-demo-67d55cff85-p2zn7/historyserver,3470008320,3857838080,4195602432,359384239
1786043616116845042,historyserver-demo-67d55cff85-p2zn7/historyserver,3470008320,3857833984,4195602432,359884224
1786043617153406376,historyserver-demo-67d55cff85-p2zn7/historyserver,3470008320,3857833984,4195602432,360425266
1786043618210329960,historyserver-demo-67d55cff85-p2zn7/historyserver,3470008320,3857838080,4195602432,360934033
1786043619246614877,historyserver-demo-67d55cff85-p2zn7/historyserver,3470008320,3857838080,4195602432,361476708
1786043620310445127,historyserver-demo-67d55cff85-p2zn7/historyserver,3470008320,3857833984,4195602432,361984373
1786043621352274961,historyserver-demo-67d55cff85-p2zn7/historyserver,3470008320,3857833984,4195602432,362505051
1786043622388182462,historyserver-demo-67d55cff85-p2zn7/historyserver,3470008320,3857833984,4195602432,363032927
1786043623423193670,historyserver-demo-67d55cff85-p2zn7/historyserver,3470008320,3857838080,4195602432,363537352
1786043624460532088,historyserver-demo-67d55cff85-p2zn7/historyserver,3470008320,3857838080,4195602432,364062539
1786043625497793546,historyserver-demo-67d55cff85-p2zn7/historyserver,3470008320,3857833984,4195602432,364584050
1786043626552211880,historyserver-demo-67d55cff85-p2zn7/historyserver,3470008320,3857833984,4195602432,365106620
1786043627588110881,historyserver-demo-67d55cff85-p2zn7/historyserver,3470032896,3857858560,4195602432,365634092
1786043628621981381,historyserver-demo-67d55cff85-p2zn7/historyserver,3470032896,3857862656,4195602432,366139125
1786043629658538507,historyserver-demo-67d55cff85-p2zn7/historyserver,3470032896,3858120704,4195602432,366680961
1786043630694279965,historyserver-demo-67d55cff85-p2zn7/historyserver,3470032896,3857858560,4195602432,367184565
1786043631731113133,historyserver-demo-67d55cff85-p2zn7/historyserver,3470036992,3857858560,4195602432,367697531
1786043632770448550,historyserver-demo-67d55cff85-p2zn7/historyserver,3470036992,3857858560,4195602432,368235429
1786043633809545967,historyserver-demo-67d55cff85-p2zn7/historyserver,3470036992,3857858560,4195602432,368737286
1786043634845631217,historyserver-demo-67d55cff85-p2zn7/historyserver,3470036992,3857858560,4195602432,369245910
1786043635881645468,historyserver-demo-67d55cff85-p2zn7/historyserver,3470036992,3857858560,4195602432,369781884
1786043636915083635,historyserver-demo-67d55cff85-p2zn7/historyserver,3470036992,3857862656,4195602432,370282848
1786043637948923219,historyserver-demo-67d55cff85-p2zn7/historyserver,3470036992,3857858560,4195602432,370799479
1786043638983284386,historyserver-demo-67d55cff85-p2zn7/historyserver,3470036992,3857858560,4195602432,371335303
1786043640018258345,historyserver-demo-67d55cff85-p2zn7/historyserver,3470036992,3857862656,4195602432,371833803
1786043641053285512,historyserver-demo-67d55cff85-p2zn7/historyserver,3470036992,3857854464,4195602432,372353082
1786043642087420388,historyserver-demo-67d55cff85-p2zn7/historyserver,3470036992,3857854464,4195602432,372882487
1786043643121526721,historyserver-demo-67d55cff85-p2zn7/historyserver,3470036992,3857858560,4195602432,373381885
1786043644154600805,historyserver-demo-67d55cff85-p2zn7/historyserver,3470036992,3857854464,4195602432,373907550
1786043645196264833,historyserver-demo-67d55cff85-p2zn7/historyserver,3470036992,3857854464,4195602432,374433344
1786043646245384209,historyserver-demo-67d55cff85-p2zn7/historyserver,3470036992,3857854464,4195602432,374947253
1786043647281196334,historyserver-demo-67d55cff85-p2zn7/historyserver,3470036992,3858116608,4195602432,375483561
1786043648315491793,historyserver-demo-67d55cff85-p2zn7/historyserver,3470036992,3857858560,4195602432,375983287
1786043649349413002,historyserver-demo-67d55cff85-p2zn7/historyserver,3470036992,3857854464,4195602432,376500241
1786043650385115669,historyserver-demo-67d55cff85-p2zn7/historyserver,3470036992,3858116608,4195602432,377032291
1786043651419586128,historyserver-demo-67d55cff85-p2zn7/historyserver,3470036992,3857854464,4195602432,377531259
1786043652454303295,historyserver-demo-67d55cff85-p2zn7/historyserver,3470036992,3857854464,4195602432,378054733
1786043653488782337,historyserver-demo-67d55cff85-p2zn7/historyserver,3470036992,3857854464,4195602432,378585189
1786043654522525338,historyserver-demo-67d55cff85-p2zn7/historyserver,3470036992,3857854464,4195602432,379084324
1786043655555420046,historyserver-demo-67d55cff85-p2zn7/historyserver,3470036992,3857854464,4195602432,379607051
1786043656588363797,historyserver-demo-67d55cff85-p2zn7/historyserver,3470036992,3857854464,4195602432,380133811
1786043657622280547,historyserver-demo-67d55cff85-p2zn7/historyserver,3470036992,3857854464,4195602432,380636748
1786043658657338840,historyserver-demo-67d55cff85-p2zn7/historyserver,3470036992,3857854464,4195602432,381163674
1786043659694269298,historyserver-demo-67d55cff85-p2zn7/historyserver,3470036992,3857854464,4195602432,381683310
1786043660732308841,historyserver-demo-67d55cff85-p2zn7/historyserver,3470036992,3857854464,4195602432,382195203
1786043661769281591,historyserver-demo-67d55cff85-p2zn7/historyserver,3470036992,3857858560,4195602432,382724690
1786043662807248883,historyserver-demo-67d55cff85-p2zn7/historyserver,3470036992,3857854464,4195602432,383234287
1786043663843410550,historyserver-demo-67d55cff85-p2zn7/historyserver,3470036992,3857862656,4195602432,383750431
1786043664881341467,historyserver-demo-67d55cff85-p2zn7/historyserver,3470036992,3857858560,4195602432,384285883
1786043665919304385,historyserver-demo-67d55cff85-p2zn7/historyserver,3470036992,3857854464,4195602432,384784227
1786043666956438843,historyserver-demo-67d55cff85-p2zn7/historyserver,3470036992,3857854464,4195602432,385312166
1786043667993291802,historyserver-demo-67d55cff85-p2zn7/historyserver,3470036992,3857850368,4195602432,385436728
1786043669030240136,historyserver-demo-67d55cff85-p2zn7/historyserver,3470036992,3857850368,4195602432,385436728
1786043670067234512,historyserver-demo-67d55cff85-p2zn7/historyserver,3470036992,3857850368,4195602432,385436728
1786043671103378512,historyserver-demo-67d55cff85-p2zn7/historyserver,3470036992,3857850368,4195602432,385436728
1786043672140224888,historyserver-demo-67d55cff85-p2zn7/historyserver,3470036992,3857850368,4195602432,385436728
1786043673176396388,historyserver-demo-67d55cff85-p2zn7/historyserver,3470036992,3857850368,4195602432,385436728
1786043674215662014,historyserver-demo-67d55cff85-p2zn7/historyserver,3470036992,3857850368,4195602432,385436728
1786043675264684833,historyserver-demo-67d55cff85-p2zn7/historyserver,3470036992,3857850368,4195602432,385436728
1786043676337034209,historyserver-demo-67d55cff85-p2zn7/historyserver,3470036992,3857850368,4195602432,385436728
1786043677406947042,historyserver-demo-67d55cff85-p2zn7/historyserver,3470036992,3857850368,4195602432,385436728
1786043678463896710,historyserver-demo-67d55cff85-p2zn7/historyserver,3470049280,3857874944,4195602432,385570715
1786043679532017002,historyserver-demo-67d55cff85-p2zn7/historyserver,3594846208,3982671872,4195602432,386109718
1786043680599932086,historyserver-demo-67d55cff85-p2zn7/historyserver,3594846208,3982671872,4195602432,386638900
1786043681659251128,historyserver-demo-67d55cff85-p2zn7/historyserver,3594846208,3982671872,4195602432,387189999
1786043682739850545,historyserver-demo-67d55cff85-p2zn7/historyserver,3594846208,3982671872,4195602432,387698791
1786043683784736087,historyserver-demo-67d55cff85-p2zn7/historyserver,3594846208,3982671872,4195602432,388236676
1786043684829798921,historyserver-demo-67d55cff85-p2zn7/historyserver,3594846208,3982671872,4195602432,388745617
1786043685876864630,historyserver-demo-67d55cff85-p2zn7/historyserver,3594846208,3982671872,4195602432,389287089
1786043686922741380,historyserver-demo-67d55cff85-p2zn7/historyserver,3594846208,3982671872,4195602432,389793274
1786043687966803756,historyserver-demo-67d55cff85-p2zn7/historyserver,3594846208,3982675968,4195602432,390323323
1786043689008654173,historyserver-demo-67d55cff85-p2zn7/historyserver,3594846208,3982671872,4195602432,390836800
1786043690050787424,historyserver-demo-67d55cff85-p2zn7/historyserver,3594846208,3982671872,4195602432,391356781
1786043691091684674,historyserver-demo-67d55cff85-p2zn7/historyserver,3594846208,3982671872,4195602432,391888299
1786043692133656966,historyserver-demo-67d55cff85-p2zn7/historyserver,3594846208,3982671872,4195602432,392393401
1786043693175753342,historyserver-demo-67d55cff85-p2zn7/historyserver,3594846208,3982680064,4195602432,392932995
1786043694217824134,historyserver-demo-67d55cff85-p2zn7/historyserver,3594846208,3982680064,4195602432,393439851
1786043695258707634,historyserver-demo-67d55cff85-p2zn7/historyserver,3594846208,3982671872,4195602432,393965275
1786043696300661926,historyserver-demo-67d55cff85-p2zn7/historyserver,3594846208,3982671872,4195602432,394487009
1786043697341811260,historyserver-demo-67d55cff85-p2zn7/historyserver,3594846208,3982671872,4195602432,394998624
1786043698382654969,historyserver-demo-67d55cff85-p2zn7/historyserver,3594846208,3982671872,4195602432,395536302
1786043699422672595,historyserver-demo-67d55cff85-p2zn7/historyserver,3594846208,3982671872,4195602432,396042326
1786043700461712137,historyserver-demo-67d55cff85-p2zn7/historyserver,3594846208,3982675968,4195602432,396567845
1786043701501849971,historyserver-demo-67d55cff85-p2zn7/historyserver,3594846208,3982671872,4195602432,397088397
1786043702540891054,historyserver-demo-67d55cff85-p2zn7/historyserver,3594846208,3982671872,4195602432,397594566
1786043703580716722,historyserver-demo-67d55cff85-p2zn7/historyserver,3594846208,3982671872,4195602432,398134806
1786043704621561014,historyserver-demo-67d55cff85-p2zn7/historyserver,3594846208,3982671872,4195602432,398641953
1786043705661974583,historyserver-demo-67d55cff85-p2zn7/historyserver,3594846208,3982675968,4195602432,399165678
1786043706701955667,historyserver-demo-67d55cff85-p2zn7/historyserver,3594850304,3982938112,4195602432,399688346
1786043707741929293,historyserver-demo-67d55cff85-p2zn7/historyserver,3594850304,3982675968,4195602432,400194393
1786043708781593376,historyserver-demo-67d55cff85-p2zn7/historyserver,3594850304,3982675968,4195602432,400735982
1786043709822346752,historyserver-demo-67d55cff85-p2zn7/historyserver,3594850304,3982671872,4195602432,401240916
1786043710864351919,historyserver-demo-67d55cff85-p2zn7/historyserver,3594850304,3982680064,4195602432,401773149
1786043711906593670,historyserver-demo-67d55cff85-p2zn7/historyserver,3594850304,3982671872,4195602432,402286895
1786043712947019462,historyserver-demo-67d55cff85-p2zn7/historyserver,3594850304,3982671872,4195602432,402805824
1786043713993450212,historyserver-demo-67d55cff85-p2zn7/historyserver,3594850304,3982671872,4195602432,403339123
1786043715034693671,historyserver-demo-67d55cff85-p2zn7/historyserver,3594850304,3982671872,4195602432,403845719
1786043716075624838,historyserver-demo-67d55cff85-p2zn7/historyserver,3594850304,3982671872,4195602432,404382480
1786043717119208214,historyserver-demo-67d55cff85-p2zn7/historyserver,3594850304,3982671872,4195602432,404891023
1786043718159526964,historyserver-demo-67d55cff85-p2zn7/historyserver,3594850304,3982934016,4195602432,405413467
1786043719200132798,historyserver-demo-67d55cff85-p2zn7/historyserver,3594850304,3982671872,4195602432,405935915
1786043720241499840,historyserver-demo-67d55cff85-p2zn7/historyserver,3594850304,3982671872,4195602432,406447595
1786043721281671132,historyserver-demo-67d55cff85-p2zn7/historyserver,3594850304,3982671872,4195602432,406989449
1786043722324620466,historyserver-demo-67d55cff85-p2zn7/historyserver,3594850304,3982671872,4195602432,407494498
1786043723364883383,historyserver-demo-67d55cff85-p2zn7/historyserver,3594850304,3982671872,4195602432,408021192
1786043724405746176,historyserver-demo-67d55cff85-p2zn7/historyserver,3594850304,3982671872,4195602432,408536956
1786043725448529176,historyserver-demo-67d55cff85-p2zn7/historyserver,3594854400,3982675968,4195602432,409049529
1786043726489798718,historyserver-demo-67d55cff85-p2zn7/historyserver,3594862592,3982684160,4195602432,409586798
1786043727530971594,historyserver-demo-67d55cff85-p2zn7/historyserver,3594870784,3982692352,4195602432,410089825
1786043728573957886,historyserver-demo-67d55cff85-p2zn7/historyserver,3594878976,3982700544,4195602432,410625856
1786043729617620720,historyserver-demo-67d55cff85-p2zn7/historyserver,3594887168,3982708736,4195602432,411138592
1786043730659626970,historyserver-demo-67d55cff85-p2zn7/historyserver,3594895360,3982721024,4195602432,411665067
1786043731702723179,historyserver-demo-67d55cff85-p2zn7/historyserver,3595251712,3983073280,4195602432,412187462
1786043732744625846,historyserver-demo-67d55cff85-p2zn7/historyserver,3595759616,3983843328,4195602432,412697628
1786043733788559055,historyserver-demo-67d55cff85-p2zn7/historyserver,3607928832,3995766784,4195602432,413235759
1786043734831725166,historyserver-demo-67d55cff85-p2zn7/historyserver,3608481792,3996319744,4195602432,413739739
1786043735873834833,historyserver-demo-67d55cff85-p2zn7/historyserver,3608997888,3997069312,4195602432,414274890
1786043736915778959,historyserver-demo-67d55cff85-p2zn7/historyserver,3927371776,4315463680,4315942912,414787693
1786043737959031876,historyserver-demo-67d55cff85-p2zn7/historyserver,3928764416,4316856320,4317122560,415337216
1786043739002629835,historyserver-demo-67d55cff85-p2zn7/historyserver,3928764416,4316856320,4317380608,415838634
1786043740045683419,historyserver-demo-67d55cff85-p2zn7/historyserver,3868700672,4283273216,4317380608,416348014
1786043741088734961,historyserver-demo-67d55cff85-p2zn7/historyserver,3868700672,4283277312,4317380608,416887454
1786043742129688128,historyserver-demo-67d55cff85-p2zn7/historyserver,3868700672,4283273216,4317380608,417388563
1786043743171631212,historyserver-demo-67d55cff85-p2zn7/historyserver,3868700672,4283273216,4317380608,417923344
1786043744214845629,historyserver-demo-67d55cff85-p2zn7/historyserver,3868700672,4283273216,4317380608,418436457
1786043745256717463,historyserver-demo-67d55cff85-p2zn7/historyserver,3868700672,4283273216,4317380608,418958115
1786043746299878713,historyserver-demo-67d55cff85-p2zn7/historyserver,3868700672,4283273216,4317380608,419486848
1786043747342611964,historyserver-demo-67d55cff85-p2zn7/historyserver,3868700672,4283273216,4317380608,419992158
1786043748383846839,historyserver-demo-67d55cff85-p2zn7/historyserver,3868700672,4283277312,4317380608,420537925
1786043749429127423,historyserver-demo-67d55cff85-p2zn7/historyserver,3868700672,4283277312,4317380608,421041538
1786043750470834674,historyserver-demo-67d55cff85-p2zn7/historyserver,3868700672,4283277312,4317380608,421574019
1786043751511599341,historyserver-demo-67d55cff85-p2zn7/historyserver,3868700672,4283277312,4317380608,422087166
1786043752553649008,historyserver-demo-67d55cff85-p2zn7/historyserver,3868700672,4283277312,4317380608,422601427
1786043753593664842,historyserver-demo-67d55cff85-p2zn7/historyserver,3868700672,4283277312,4317380608,423136676
1786043754633833092,historyserver-demo-67d55cff85-p2zn7/historyserver,3868700672,4283277312,4317380608,423640761
1786043755672910176,historyserver-demo-67d55cff85-p2zn7/historyserver,3868700672,4283281408,4317380608,424170954
1786043756711771802,historyserver-demo-67d55cff85-p2zn7/historyserver,3868700672,4283277312,4317380608,424686005
1786043757748646969,historyserver-demo-67d55cff85-p2zn7/historyserver,3868700672,4283277312,4317380608,425192867
1786043758781681011,historyserver-demo-67d55cff85-p2zn7/historyserver,3868700672,4283281408,4317380608,425725472
1786043759814626137,historyserver-demo-67d55cff85-p2zn7/historyserver,3868700672,4283277312,4317380608,426238487
1786043760844642012,historyserver-demo-67d55cff85-p2zn7/historyserver,3868700672,4283539456,4317380608,426741891
1786043761873698304,historyserver-demo-67d55cff85-p2zn7/historyserver,3868700672,4283277312,4317380608,427267510
1786043762905708180,historyserver-demo-67d55cff85-p2zn7/historyserver,3868700672,4283281408,4317380608,427787628
1786043763936683263,historyserver-demo-67d55cff85-p2zn7/historyserver,3868700672,4283277312,4317380608,428290386
1786043764968833541,historyserver-demo-67d55cff85-p2zn7/historyserver,3868700672,4283281408,4317380608,428815145
1786043766000887958,historyserver-demo-67d55cff85-p2zn7/historyserver,3868700672,4283281408,4317380608,429336444
1786043767031131209,historyserver-demo-67d55cff85-p2zn7/historyserver,3868700672,4283277312,4317380608,429839145
1786043768059875918,historyserver-demo-67d55cff85-p2zn7/historyserver,3868700672,4283277312,4317380608,430353734
1786043769088873210,historyserver-demo-67d55cff85-p2zn7/historyserver,3868700672,4283273216,4317380608,430890467
1786043770117979127,historyserver-demo-67d55cff85-p2zn7/historyserver,3868700672,4283273216,4317380608,431389472
1786043771146943794,historyserver-demo-67d55cff85-p2zn7/historyserver,3868700672,4283273216,4317380608,431896516
1786043772178880086,historyserver-demo-67d55cff85-p2zn7/historyserver,3868700672,4283273216,4317380608,432441559
1786043773213876337,historyserver-demo-67d55cff85-p2zn7/historyserver,3868700672,4283273216,4317380608,432936965
1786043774250899504,historyserver-demo-67d55cff85-p2zn7/historyserver,3868700672,4283277312,4317380608,433464487
1786043775288942130,historyserver-demo-67d55cff85-p2zn7/historyserver,3868700672,4283273216,4317380608,433988821
1786043776327944005,historyserver-demo-67d55cff85-p2zn7/historyserver,3868700672,4283277312,4317380608,434488960
1786043777366947339,historyserver-demo-67d55cff85-p2zn7/historyserver,3868700672,4283539456,4317380608,435017606
1786043778406958631,historyserver-demo-67d55cff85-p2zn7/historyserver,3868700672,4283273216,4317380608,435537616
1786043779446993173,historyserver-demo-67d55cff85-p2zn7/historyserver,3868700672,4283269120,4317380608,436050339
1786043780487874007,historyserver-demo-67d55cff85-p2zn7/historyserver,3868700672,4283269120,4317380608,436587502
1786043781526063383,historyserver-demo-67d55cff85-p2zn7/historyserver,3868700672,4283273216,4317380608,437090036
1786043782566073966,historyserver-demo-67d55cff85-p2zn7/historyserver,3868700672,4283273216,4317380608,437618592
1786043783606960675,historyserver-demo-67d55cff85-p2zn7/historyserver,3868700672,4283269120,4317380608,438136139
1786043784650073842,historyserver-demo-67d55cff85-p2zn7/historyserver,3868700672,4283269120,4317380608,438650685
1786043785690950926,historyserver-demo-67d55cff85-p2zn7/historyserver,3868700672,4283273216,4317380608,439185522
1786043786734032552,historyserver-demo-67d55cff85-p2zn7/historyserver,3868700672,4283269120,4317380608,439689712
1786043787776011094,historyserver-demo-67d55cff85-p2zn7/historyserver,3868700672,4283269120,4317380608,440228301
1786043788819190511,historyserver-demo-67d55cff85-p2zn7/historyserver,3868700672,4283269120,4317380608,440739326
1786043789861963678,historyserver-demo-67d55cff85-p2zn7/historyserver,3868700672,4283269120,4317380608,441267602
1786043790906234345,historyserver-demo-67d55cff85-p2zn7/historyserver,3868700672,4283269120,4317380608,441788236
1786043791948197679,historyserver-demo-67d55cff85-p2zn7/historyserver,3868700672,4283269120,4317380608,442300606
1786043792990496430,historyserver-demo-67d55cff85-p2zn7/historyserver,3868700672,4283273216,4317380608,442838212
1786043794037257389,historyserver-demo-67d55cff85-p2zn7/historyserver,3868700672,4283273216,4317380608,443342193
1786043795083118125,historyserver-demo-67d55cff85-p2zn7/historyserver,3868700672,4283273216,4317380608,443886594
1786043796129525167,historyserver-demo-67d55cff85-p2zn7/historyserver,3868700672,4283273216,4317380608,444390284
1786043797174395042,historyserver-demo-67d55cff85-p2zn7/historyserver,3868700672,4283273216,4317380608,444931583
1786043798219962043,historyserver-demo-67d55cff85-p2zn7/historyserver,3868700672,4283273216,4317380608,445442845
1786043799268099377,historyserver-demo-67d55cff85-p2zn7/historyserver,3868700672,4283277312,4317380608,445971996
1786043800311115211,historyserver-demo-67d55cff85-p2zn7/historyserver,3868700672,4283273216,4317380608,446488240
1786043801355042253,historyserver-demo-67d55cff85-p2zn7/historyserver,3868700672,4283273216,4317380608,447006612
1786043802399054295,historyserver-demo-67d55cff85-p2zn7/historyserver,3868700672,4283277312,4317380608,447536924
1786043803443138379,historyserver-demo-67d55cff85-p2zn7/historyserver,3868700672,4283273216,4317380608,448044356
1786043804485105129,historyserver-demo-67d55cff85-p2zn7/historyserver,3868700672,4283273216,4317380608,448586068
1786043805531020046,historyserver-demo-67d55cff85-p2zn7/historyserver,3868700672,4283273216,4317380608,449089764
1786043806574128380,historyserver-demo-67d55cff85-p2zn7/historyserver,3868700672,4283277312,4317380608,449627981
1786043807617958756,historyserver-demo-67d55cff85-p2zn7/historyserver,3868700672,4283273216,4317380608,450139636
1786043808661182131,historyserver-demo-67d55cff85-p2zn7/historyserver,3868700672,4283273216,4317380608,450665614
1786043809706018007,historyserver-demo-67d55cff85-p2zn7/historyserver,3868700672,4283269120,4317380608,451188422
1786043810747029716,historyserver-demo-67d55cff85-p2zn7/historyserver,3868700672,4283269120,4317380608,451698703
1786043811790029133,historyserver-demo-67d55cff85-p2zn7/historyserver,3868700672,4283269120,4317380608,452233997
1786043812831102883,historyserver-demo-67d55cff85-p2zn7/historyserver,3868700672,4283269120,4317380608,452739635
1786043813873085425,historyserver-demo-67d55cff85-p2zn7/historyserver,3868700672,4283269120,4317380608,453177308
1786043814912109759,historyserver-demo-67d55cff85-p2zn7/historyserver,3868700672,4283269120,4317380608,453177308
1786043815948969760,historyserver-demo-67d55cff85-p2zn7/historyserver,3868700672,4283269120,4317380608,453177308
1786043816984064718,historyserver-demo-67d55cff85-p2zn7/historyserver,3868700672,4283269120,4317380608,453177308
1786043818018064136,historyserver-demo-67d55cff85-p2zn7/historyserver,3868700672,4283269120,4317380608,453177308
1786043819051182844,historyserver-demo-67d55cff85-p2zn7/historyserver,3892584448,4307165184,4317380608,453601235
1786043820086081678,historyserver-demo-67d55cff85-p2zn7/historyserver,3892584448,4307161088,4317380608,454130914
1786043821120930929,historyserver-demo-67d55cff85-p2zn7/historyserver,3892584448,4307161088,4317380608,454632270
1786043822154238263,historyserver-demo-67d55cff85-p2zn7/historyserver,3892584448,4307161088,4317380608,455152641
1786043823188236930,historyserver-demo-67d55cff85-p2zn7/historyserver,3892584448,4307161088,4317380608,455678292
1786043824230340055,historyserver-demo-67d55cff85-p2zn7/historyserver,3892584448,4307161088,4317380608,456192699
1786043825278451833,historyserver-demo-67d55cff85-p2zn7/historyserver,3892584448,4307165184,4317380608,456732006
1786043826323156625,historyserver-demo-67d55cff85-p2zn7/historyserver,3892584448,4307161088,4317380608,457238270
1786043827366436167,historyserver-demo-67d55cff85-p2zn7/historyserver,3892584448,4307161088,4317380608,457773698
1786043828411169418,historyserver-demo-67d55cff85-p2zn7/historyserver,3892584448,4307161088,4317380608,458280521
1786043829454209210,historyserver-demo-67d55cff85-p2zn7/historyserver,3892584448,4307161088,4317380608,458810401
1786043830499146919,historyserver-demo-67d55cff85-p2zn7/historyserver,3892584448,4307161088,4317380608,459330750
1786043831543285003,historyserver-demo-67d55cff85-p2zn7/historyserver,3892584448,4307161088,4317380608,459848635
1786043832588407503,historyserver-demo-67d55cff85-p2zn7/historyserver,3892584448,4307165184,4317380608,460379623
1786043833631253629,historyserver-demo-67d55cff85-p2zn7/historyserver,3892584448,4307161088,4317380608,460890586
1786043834675247421,historyserver-demo-67d55cff85-p2zn7/historyserver,3892584448,4307161088,4317380608,461426732
1786043835716288630,historyserver-demo-67d55cff85-p2zn7/historyserver,3892584448,4307161088,4317380608,461930170
1786043836760193714,historyserver-demo-67d55cff85-p2zn7/historyserver,3892584448,4307169280,4317380608,462465047
1786043837804210381,historyserver-demo-67d55cff85-p2zn7/historyserver,3892584448,4307161088,4317380608,462980321
1786043838847211548,historyserver-demo-67d55cff85-p2zn7/historyserver,3892584448,4307161088,4317380608,463501483
1786043839890329007,historyserver-demo-67d55cff85-p2zn7/historyserver,3892588544,4307165184,4317380608,464030598
1786043840936155757,historyserver-demo-67d55cff85-p2zn7/historyserver,3892588544,4307165184,4317380608,464542531
1786043841981526633,historyserver-demo-67d55cff85-p2zn7/historyserver,3892588544,4307169280,4317380608,465080736
1786043843024196425,historyserver-demo-67d55cff85-p2zn7/historyserver,3892588544,4307165184,4317380608,465592809
1786043844071213342,historyserver-demo-67d55cff85-p2zn7/historyserver,3892588544,4307169280,4317380608,466125512
1786043845115205801,historyserver-demo-67d55cff85-p2zn7/historyserver,3892588544,4307165184,4317380608,466630981
1786043846156195718,historyserver-demo-67d55cff85-p2zn7/historyserver,3892588544,4307165184,4317380608,467158122
1786043847198275927,historyserver-demo-67d55cff85-p2zn7/historyserver,3892588544,4307165184,4317380608,467681216
1786043848240271011,historyserver-demo-67d55cff85-p2zn7/historyserver,3892588544,4307165184,4317380608,468192981
1786043849282200428,historyserver-demo-67d55cff85-p2zn7/historyserver,3892588544,4307161088,4317380608,468732535
1786043850324179387,historyserver-demo-67d55cff85-p2zn7/historyserver,3892588544,4307165184,4317380608,469238027
1786043851365199804,historyserver-demo-67d55cff85-p2zn7/historyserver,3892588544,4307161088,4317380608,469770846
1786043852406159638,historyserver-demo-67d55cff85-p2zn7/historyserver,3892604928,4307177472,4317380608,470283780
1786043853445219305,historyserver-demo-67d55cff85-p2zn7/historyserver,3892604928,4307177472,4317380608,470795597
1786043854481177305,historyserver-demo-67d55cff85-p2zn7/historyserver,3895623680,4310196224,4317380608,471329880
1786043855516289583,historyserver-demo-67d55cff85-p2zn7/historyserver,3902697472,4317274112,4317736960,471831432
1786043856550287042,historyserver-demo-67d55cff85-p2zn7/historyserver,3906514944,4321087488,4321607680,472358799
1786043857583339293,historyserver-demo-67d55cff85-p2zn7/historyserver,3906699264,4321271808,4321689600,472880749
1786043858618302126,historyserver-demo-67d55cff85-p2zn7/historyserver,3653300224,4056662016,4322062336,473380927
1786043859653285710,historyserver-demo-67d55cff85-p2zn7/historyserver,3653300224,4056662016,4322062336,473904694
1786043860687331252,historyserver-demo-67d55cff85-p2zn7/historyserver,3653300224,4056924160,4322062336,474429736
1786043861723352503,historyserver-demo-67d55cff85-p2zn7/historyserver,3653300224,4056662016,4322062336,474936657
1786043862761388587,historyserver-demo-67d55cff85-p2zn7/historyserver,3653300224,4056662016,4322062336,475464118
1786043863799839671,historyserver-demo-67d55cff85-p2zn7/historyserver,3653300224,4056662016,4322062336,475981111
1786043864838367713,historyserver-demo-67d55cff85-p2zn7/historyserver,3653300224,4056662016,4322062336,476493667
1786043865877282630,historyserver-demo-67d55cff85-p2zn7/historyserver,3653300224,4056666112,4322062336,477031022
1786043866917307130,historyserver-demo-67d55cff85-p2zn7/historyserver,3653300224,4056662016,4322062336,477531289
1786043867958299256,historyserver-demo-67d55cff85-p2zn7/historyserver,3653300224,4056662016,4322062336,478061793
1786043868998318298,historyserver-demo-67d55cff85-p2zn7/historyserver,3653300224,4056666112,4322062336,478579276
1786043870038271340,historyserver-demo-67d55cff85-p2zn7/historyserver,3653300224,4056666112,4322062336,479092586
1786043871079450132,historyserver-demo-67d55cff85-p2zn7/historyserver,3653300224,4056670208,4322062336,479631300
1786043872119326091,historyserver-demo-67d55cff85-p2zn7/historyserver,3655651328,4059017216,4322062336,480129622
1786043873158267967,historyserver-demo-67d55cff85-p2zn7/historyserver,3655651328,4059017216,4322062336,480659065
1786043874196326550,historyserver-demo-67d55cff85-p2zn7/historyserver,3655651328,4059021312,4322062336,481180464
1786043875236280426,historyserver-demo-67d55cff85-p2zn7/historyserver,3655651328,4059017216,4322062336,481693581
1786043876278329176,historyserver-demo-67d55cff85-p2zn7/historyserver,3655651328,4059021312,4322062336,482230702
1786043877318453719,historyserver-demo-67d55cff85-p2zn7/historyserver,3655651328,4059021312,4322062336,482734003
1786043878360359386,historyserver-demo-67d55cff85-p2zn7/historyserver,3655651328,4059279360,4322062336,483263809
1786043879402472720,historyserver-demo-67d55cff85-p2zn7/historyserver,3655651328,4059013120,4322062336,483779026
1786043880445723303,historyserver-demo-67d55cff85-p2zn7/historyserver,3655651328,4059013120,4322062336,484306399
1786043881492443471,historyserver-demo-67d55cff85-p2zn7/historyserver,3655651328,4059013120,4322062336,484832149
1786043882533721346,historyserver-demo-67d55cff85-p2zn7/historyserver,3655651328,4059013120,4322062336,485343223
1786043883576356472,historyserver-demo-67d55cff85-p2zn7/historyserver,3655651328,4059017216,4322062336,485877924
1786043884616320680,historyserver-demo-67d55cff85-p2zn7/historyserver,3655651328,4059013120,4322062336,486380055
1786043885656280750,historyserver-demo-67d55cff85-p2zn7/historyserver,3655651328,4059013120,4322062336,486909809
1786043886696364250,historyserver-demo-67d55cff85-p2zn7/historyserver,3655651328,4059013120,4322062336,487429371
1786043887734399334,historyserver-demo-67d55cff85-p2zn7/historyserver,3655651328,4059013120,4322062336,487942963
1786043888773358335,historyserver-demo-67d55cff85-p2zn7/historyserver,3655651328,4059017216,4322062336,488475562
1786043889811351252,historyserver-demo-67d55cff85-p2zn7/historyserver,3655651328,4059017216,4322062336,488978182
1786043890849377794,historyserver-demo-67d55cff85-p2zn7/historyserver,3655651328,4059017216,4322062336,489500657
1786043891888327336,historyserver-demo-67d55cff85-p2zn7/historyserver,3655651328,4059017216,4322062336,490033338
1786043892927464337,historyserver-demo-67d55cff85-p2zn7/historyserver,3655651328,4059017216,4322062336,490541880
1786043893964376712,historyserver-demo-67d55cff85-p2zn7/historyserver,3655651328,4059017216,4322062336,491066815
1786043895003369296,historyserver-demo-67d55cff85-p2zn7/historyserver,3655651328,4059017216,4322062336,491580716
1786043896041278630,historyserver-demo-67d55cff85-p2zn7/historyserver,3655651328,4059017216,4322062336,492093475
1786043897080365714,historyserver-demo-67d55cff85-p2zn7/historyserver,3655651328,4059017216,4322062336,492629611
1786043898119416298,historyserver-demo-67d55cff85-p2zn7/historyserver,3655651328,4059021312,4322062336,493131772
1786043899156332881,historyserver-demo-67d55cff85-p2zn7/historyserver,3655651328,4059017216,4322062336,493660654
1786043900196382840,historyserver-demo-67d55cff85-p2zn7/historyserver,3655651328,4059017216,4322062336,494182057
1786043901235350466,historyserver-demo-67d55cff85-p2zn7/historyserver,3655651328,4059021312,4322062336,494692550
1786043902276272925,historyserver-demo-67d55cff85-p2zn7/historyserver,3655651328,4059017216,4322062336,495228641
1786043903315399842,historyserver-demo-67d55cff85-p2zn7/historyserver,3655651328,4059021312,4322062336,495729774
1786043904355694801,historyserver-demo-67d55cff85-p2zn7/historyserver,3655651328,4059017216,4322062336,496258582
1786043905396387426,historyserver-demo-67d55cff85-p2zn7/historyserver,3655651328,4059017216,4322062336,496780464
1786043906436429218,historyserver-demo-67d55cff85-p2zn7/historyserver,3655651328,4059017216,4322062336,497293403
1786043907479440094,historyserver-demo-67d55cff85-p2zn7/historyserver,3655651328,4059017216,4322062336,497831513
1786043908522581636,historyserver-demo-67d55cff85-p2zn7/historyserver,3655651328,4059021312,4322062336,498338304
1786043909564393970,historyserver-demo-67d55cff85-p2zn7/historyserver,3655651328,4059021312,4322062336,498868967
1786043910607310637,historyserver-demo-67d55cff85-p2zn7/historyserver,3655651328,4059013120,4322062336,499379507
1786043911649366346,historyserver-demo-67d55cff85-p2zn7/historyserver,3655651328,4059013120,4322062336,499902285
1786043912691382263,historyserver-demo-67d55cff85-p2zn7/historyserver,3655651328,4059013120,4322062336,500431754
1786043913730420930,historyserver-demo-67d55cff85-p2zn7/historyserver,3655651328,4059013120,4322062336,500942060
1786043914771807041,historyserver-demo-67d55cff85-p2zn7/historyserver,3655651328,4059013120,4322062336,501481767
1786043915813932625,historyserver-demo-67d55cff85-p2zn7/historyserver,3655651328,4059013120,4322062336,501994221
1786043916871722209,historyserver-demo-67d55cff85-p2zn7/historyserver,3655651328,4059017216,4322062336,502531501
1786043917913873876,historyserver-demo-67d55cff85-p2zn7/historyserver,3655651328,4059017216,4322062336,503028898
1786043918956277168,historyserver-demo-67d55cff85-p2zn7/historyserver,3655651328,4059013120,4322062336,503582710
1786043920009755210,historyserver-demo-67d55cff85-p2zn7/historyserver,3655651328,4059017216,4322062336,504082520
1786043921057681253,historyserver-demo-67d55cff85-p2zn7/historyserver,3655651328,4059013120,4322062336,504630594
1786043922098747670,historyserver-demo-67d55cff85-p2zn7/historyserver,3655651328,4059009024,4322062336,505130542
1786043923140913462,historyserver-demo-67d55cff85-p2zn7/historyserver,3655651328,4059009024,4322062336,505653384
1786043924192702587,historyserver-demo-67d55cff85-p2zn7/historyserver,3655651328,4059009024,4322062336,506178144
1786043925236565546,historyserver-demo-67d55cff85-p2zn7/historyserver,3655651328,4059009024,4322062336,506690614
1786043926278703005,historyserver-demo-67d55cff85-p2zn7/historyserver,3655651328,4059013120,4322062336,507230319
1786043927320641964,historyserver-demo-67d55cff85-p2zn7/historyserver,3655651328,4059009024,4322062336,507731358
1786043928361658298,historyserver-demo-67d55cff85-p2zn7/historyserver,3655651328,4059013120,4322062336,508264705
1786043929403582215,historyserver-demo-67d55cff85-p2zn7/historyserver,3655651328,4059013120,4322062336,508779183
1786043930444726674,historyserver-demo-67d55cff85-p2zn7/historyserver,3655651328,4059013120,4322062336,509295595
1786043931485615841,historyserver-demo-67d55cff85-p2zn7/historyserver,3655651328,4059013120,4322062336,509831718
1786043932526780716,historyserver-demo-67d55cff85-p2zn7/historyserver,3655651328,4059013120,4322062336,510339413
1786043933567604050,historyserver-demo-67d55cff85-p2zn7/historyserver,3655651328,4059021312,4322062336,510869232
1786043934607596134,historyserver-demo-67d55cff85-p2zn7/historyserver,3655651328,4059013120,4322062336,511379655
1786043935646696760,historyserver-demo-67d55cff85-p2zn7/historyserver,3655651328,4059013120,4322062336,511894726
1786043936682637177,historyserver-demo-67d55cff85-p2zn7/historyserver,3655651328,4059013120,4322062336,512429039
1786043937716574010,historyserver-demo-67d55cff85-p2zn7/historyserver,3655651328,4059013120,4322062336,512932309
1786043938747784969,historyserver-demo-67d55cff85-p2zn7/historyserver,3655651328,4059275264,4322062336,513445757
1786043939778719303,historyserver-demo-67d55cff85-p2zn7/historyserver,3655651328,4059017216,4322062336,513976199
1786043940813633554,historyserver-demo-67d55cff85-p2zn7/historyserver,3655651328,4059013120,4322062336,514482485
1786043941848687262,historyserver-demo-67d55cff85-p2zn7/historyserver,3655651328,4059013120,4322062336,514995290
1786043942882599471,historyserver-demo-67d55cff85-p2zn7/historyserver,3655651328,4059017216,4322062336,515529793
1786043943915653722,historyserver-demo-67d55cff85-p2zn7/historyserver,3655651328,4059017216,4322062336,516030519
1786043944948830208,historyserver-demo-67d55cff85-p2zn7/historyserver,3655651328,4059013120,4322062336,516546427
1786043945981856125,historyserver-demo-67d55cff85-p2zn7/historyserver,3655651328,4059279360,4322062336,517080347
1786043947015726084,historyserver-demo-67d55cff85-p2zn7/historyserver,3655651328,4059013120,4322062336,517581381
1786043948050784751,historyserver-demo-67d55cff85-p2zn7/historyserver,3655651328,4059013120,4322062336,518102261
1786043949086758877,historyserver-demo-67d55cff85-p2zn7/historyserver,3655651328,4059013120,4322062336,518632329
1786043950123822085,historyserver-demo-67d55cff85-p2zn7/historyserver,3655651328,4059009024,4322062336,519000946
1786043951162893919,historyserver-demo-67d55cff85-p2zn7/historyserver,3655651328,4059009024,4322062336,519000946
1786043952203868045,historyserver-demo-67d55cff85-p2zn7/historyserver,3655651328,4059009024,4322062336,519000946
1786043953245135129,historyserver-demo-67d55cff85-p2zn7/historyserver,3655651328,4059009024,4322062336,519000946
1786043954297044921,historyserver-demo-67d55cff85-p2zn7/historyserver,3655651328,4059009024,4322062336,519000946
1786043955348173296,historyserver-demo-67d55cff85-p2zn7/historyserver,3655651328,4059009024,4322062336,519000946
1786043956402063797,historyserver-demo-67d55cff85-p2zn7/historyserver,3655651328,4059009024,4322062336,519000946
1786043957453088756,historyserver-demo-67d55cff85-p2zn7/historyserver,3655651328,4059009024,4322062336,519000946
1786043958507674423,historyserver-demo-67d55cff85-p2zn7/historyserver,3655655424,4062638080,4322062336,519153344
1786043959552820465,historyserver-demo-67d55cff85-p2zn7/historyserver,3658817536,4062183424,4322062336,519678271
1786043960594813382,historyserver-demo-67d55cff85-p2zn7/historyserver,3658817536,4062183424,4322062336,520201893
1786043961639833883,historyserver-demo-67d55cff85-p2zn7/historyserver,3658817536,4062183424,4322062336,520716523
1786043962681761841,historyserver-demo-67d55cff85-p2zn7/historyserver,3658817536,4062183424,4322062336,521252337
1786043963724806759,historyserver-demo-67d55cff85-p2zn7/historyserver,3658817536,4062187520,4322062336,521760619
1786043964767787134,historyserver-demo-67d55cff85-p2zn7/historyserver,3658817536,4062191616,4322062336,522295791
1786043965810795718,historyserver-demo-67d55cff85-p2zn7/historyserver,3658817536,4062183424,4322062336,522800560
1786043966852767260,historyserver-demo-67d55cff85-p2zn7/historyserver,3658817536,4062183424,4322062336,523327408
1786043967895785511,historyserver-demo-67d55cff85-p2zn7/historyserver,3658817536,4062183424,4322062336,523852011
1786043968938822803,historyserver-demo-67d55cff85-p2zn7/historyserver,3658817536,4062183424,4322062336,524363565
1786043969979844220,historyserver-demo-67d55cff85-p2zn7/historyserver,3658817536,4062187520,4322062336,524901821
1786043971021840220,historyserver-demo-67d55cff85-p2zn7/historyserver,3658817536,4062183424,4322062336,525407040
1786043972062737429,historyserver-demo-67d55cff85-p2zn7/historyserver,3658817536,4062187520,4322062336,525938751
1786043973104825430,historyserver-demo-67d55cff85-p2zn7/historyserver,3658817536,4062183424,4322062336,526450456
1786043974143903597,historyserver-demo-67d55cff85-p2zn7/historyserver,3658817536,4062183424,4322062336,526967508
1786043975184915250,historyserver-demo-67d55cff85-p2zn7/historyserver,3658817536,4062183424,4322062336,527503048
1786043976225173500,historyserver-demo-67d55cff85-p2zn7/historyserver,3658817536,4062183424,4322062336,528006896
1786043977266236584,historyserver-demo-67d55cff85-p2zn7/historyserver,3658817536,4062183424,4322062336,528539419
1786043978306279460,historyserver-demo-67d55cff85-p2zn7/historyserver,3658817536,4062187520,4322062336,529052925
1786043979346229252,historyserver-demo-67d55cff85-p2zn7/historyserver,3658817536,4062183424,4322062336,529568656
1786043980383473836,historyserver-demo-67d55cff85-p2zn7/historyserver,3658817536,4062187520,4322062336,530102925
1786043981424563586,historyserver-demo-67d55cff85-p2zn7/historyserver,3658817536,4062183424,4322062336,530607968
1786043982465239087,historyserver-demo-67d55cff85-p2zn7/historyserver,3658817536,4062191616,4322062336,531138179
1786043983504547004,historyserver-demo-67d55cff85-p2zn7/historyserver,3658817536,4062187520,4322062336,531653833
1786043984542921713,historyserver-demo-67d55cff85-p2zn7/historyserver,3658817536,4062183424,4322062336,532162805
1786043985579615505,historyserver-demo-67d55cff85-p2zn7/historyserver,3658817536,4062183424,4322062336,532698579
1786043986617058380,historyserver-demo-67d55cff85-p2zn7/historyserver,3658817536,4062187520,4322062336,533202306
1786043987653963964,historyserver-demo-67d55cff85-p2zn7/historyserver,3658817536,4062183424,4322062336,533723221
1786043988690949340,historyserver-demo-67d55cff85-p2zn7/historyserver,3658817536,4062187520,4322062336,534252365
1786043989727546465,historyserver-demo-67d55cff85-p2zn7/historyserver,3658817536,4062179328,4322062336,534757175
1786043990763288007,historyserver-demo-67d55cff85-p2zn7/historyserver,3658817536,4062183424,4322062336,535286006
1786043991801038674,historyserver-demo-67d55cff85-p2zn7/historyserver,3658817536,4062179328,4322062336,535802802
1786043992835972633,historyserver-demo-67d55cff85-p2zn7/historyserver,3658817536,4062179328,4322062336,536314674
1786043993872907634,historyserver-demo-67d55cff85-p2zn7/historyserver,3658817536,4062183424,4322062336,536843102
1786043994910156634,historyserver-demo-67d55cff85-p2zn7/historyserver,3658817536,4062179328,4322062336,537352459
1786043995948217426,historyserver-demo-67d55cff85-p2zn7/historyserver,3658817536,4062179328,4322062336,537872447
1786043996988433843,historyserver-demo-67d55cff85-p2zn7/historyserver,3658817536,4062179328,4322062336,538406027
1786043998029933594,historyserver-demo-67d55cff85-p2zn7/historyserver,3658817536,4062183424,4322062336,538916200
1786043999078186219,historyserver-demo-67d55cff85-p2zn7/historyserver,3658817536,4062179328,4322062336,539452666
1786044000122252595,historyserver-demo-67d55cff85-p2zn7/historyserver,3658817536,4062179328,4322062336,539955727
1786044001166096512,historyserver-demo-67d55cff85-p2zn7/historyserver,3658825728,4062445568,4322062336,540495030
1786044002213281763,historyserver-demo-67d55cff85-p2zn7/historyserver,3673075712,4076691456,4322062336,541008530
1786044003265929930,historyserver-demo-67d55cff85-p2zn7/historyserver,3702394880,4106006528,4322062336,541542038
1786044004311587097,historyserver-demo-67d55cff85-p2zn7/historyserver,3729584128,4133208064,4322062336,542056192
1786044005362070917,historyserver-demo-67d55cff85-p2zn7/historyserver,3789766656,4193509376,4322062336,542586007
1786044006403049209,historyserver-demo-67d55cff85-p2zn7/historyserver,3802112000,4205481984,4322062336,543103249
1786044007447100501,historyserver-demo-67d55cff85-p2zn7/historyserver,3807035392,4210405376,4322062336,543632018
1786044008492172001,historyserver-demo-67d55cff85-p2zn7/historyserver,3807399936,4210769920,4322062336,544152374
1786044009535250585,historyserver-demo-67d55cff85-p2zn7/historyserver,3807399936,4210769920,4322062336,544664396
1786044010578167002,historyserver-demo-67d55cff85-p2zn7/historyserver,3807383552,4211019776,4322062336,545200950
1786044011621062378,historyserver-demo-67d55cff85-p2zn7/historyserver,3807391744,4211019776,4322062336,545708009
1786044012663134587,historyserver-demo-67d55cff85-p2zn7/historyserver,3681513472,4084883456,4322062336,546235221
1786044013705214254,historyserver-demo-67d55cff85-p2zn7/historyserver,3662639104,4066013184,4322062336,546749339
1786044014747283421,historyserver-demo-67d55cff85-p2zn7/historyserver,3662639104,4066009088,4322062336,547269934
1786044015790295255,historyserver-demo-67d55cff85-p2zn7/historyserver,3662639104,4066009088,4322062336,547800441
1786044016832415505,historyserver-demo-67d55cff85-p2zn7/historyserver,3392684032,3803136000,4322062336,548312892
1786044017874239631,historyserver-demo-67d55cff85-p2zn7/historyserver,3365421056,3775873024,4322062336,548846245
1786044018916872965,historyserver-demo-67d55cff85-p2zn7/historyserver,3277193216,3689029632,4322062336,549349807
1786044019958274715,historyserver-demo-67d55cff85-p2zn7/historyserver,3271163904,3683229696,4322062336,549882027
1786044020998160049,historyserver-demo-67d55cff85-p2zn7/historyserver,3197435904,3635548160,4322062336,550396056
1786044022038152341,historyserver-demo-67d55cff85-p2zn7/historyserver,3193372672,3633868800,4322062336,550912137
1786044023077384008,historyserver-demo-67d55cff85-p2zn7/historyserver,3193372672,3633872896,4322062336,551445990
1786044024115954759,historyserver-demo-67d55cff85-p2zn7/historyserver,3193372672,3633872896,4322062336,551948520
1786044025154056301,historyserver-demo-67d55cff85-p2zn7/historyserver,3193372672,3633868800,4322062336,552472637
1786044026190172676,historyserver-demo-67d55cff85-p2zn7/historyserver,3193372672,3633872896,4322062336,553001052
1786044027225714219,historyserver-demo-67d55cff85-p2zn7/historyserver,3193372672,3633868800,4322062336,553501293
1786044028260163886,historyserver-demo-67d55cff85-p2zn7/historyserver,3193376768,3633876992,4322062336,554034415
1786044029295063845,historyserver-demo-67d55cff85-p2zn7/historyserver,3193376768,3633881088,4322062336,554550881
1786044030327585512,historyserver-demo-67d55cff85-p2zn7/historyserver,3193376768,3633881088,4322062336,555053525
1786044031358191721,historyserver-demo-67d55cff85-p2zn7/historyserver,3193376768,3633876992,4322062336,555573375
1786044032388119679,historyserver-demo-67d55cff85-p2zn7/historyserver,3193376768,3633881088,4322062336,556099566
1786044033419734763,historyserver-demo-67d55cff85-p2zn7/historyserver,3193376768,3633876992,4322062336,556600015
1786044034451453930,historyserver-demo-67d55cff85-p2zn7/historyserver,3193376768,3633881088,4322062336,557117828
1786044035483010167,historyserver-demo-67d55cff85-p2zn7/historyserver,3193376768,3633881088,4322062336,557649970
1786044036514958959,historyserver-demo-67d55cff85-p2zn7/historyserver,3193376768,3633876992,4322062336,558147661
1786044037546415918,historyserver-demo-67d55cff85-p2zn7/historyserver,3193376768,3633881088,4322062336,558662251
1786044038578344418,historyserver-demo-67d55cff85-p2zn7/historyserver,3193376768,3633881088,4322062336,559195021
1786044039611394502,historyserver-demo-67d55cff85-p2zn7/historyserver,3193376768,3633876992,4322062336,559698919
1786044040643429044,historyserver-demo-67d55cff85-p2zn7/historyserver,3193376768,3633876992,4322062336,560213475
1786044041675436211,historyserver-demo-67d55cff85-p2zn7/historyserver,3193376768,3633885184,4322062336,560744728
1786044042708456462,historyserver-demo-67d55cff85-p2zn7/historyserver,3193376768,3633881088,4322062336,561251265
1786044043739410670,historyserver-demo-67d55cff85-p2zn7/historyserver,3193376768,3633876992,4322062336,561762991
1786044044770206504,historyserver-demo-67d55cff85-p2zn7/historyserver,3193376768,3634139136,4322062336,562288879
1786044045802162880,historyserver-demo-67d55cff85-p2zn7/historyserver,3193376768,3633881088,4322062336,562799842
1786044046834224797,historyserver-demo-67d55cff85-p2zn7/historyserver,3193376768,3633876992,4322062336,563312475
1786044047869190714,historyserver-demo-67d55cff85-p2zn7/historyserver,3193376768,3633881088,4322062336,563840496
1786044048904179256,historyserver-demo-67d55cff85-p2zn7/historyserver,3193376768,3633872896,4322062336,564349378
1786044049942233423,historyserver-demo-67d55cff85-p2zn7/historyserver,3193376768,3633876992,4322062336,564865562
1786044050980296132,historyserver-demo-67d55cff85-p2zn7/historyserver,3193376768,3633872896,4322062336,565401164
1786044052018251883,historyserver-demo-67d55cff85-p2zn7/historyserver,3193376768,3633872896,4322062336,565903613
1786044053057243675,historyserver-demo-67d55cff85-p2zn7/historyserver,3193376768,3633872896,4322062336,566432705
1786044054096492050,historyserver-demo-67d55cff85-p2zn7/historyserver,3193376768,3633872896,4322062336,566950947
1786044055136318759,historyserver-demo-67d55cff85-p2zn7/historyserver,2946248704,3544657920,4322062336,567462893
1786044056177195926,historyserver-demo-67d55cff85-p2zn7/historyserver,2658603008,3253882880,4322062336,567998688
1786044057218204802,historyserver-demo-67d55cff85-p2zn7/historyserver,2658603008,3253878784,4322062336,568500906
1786044058259249469,historyserver-demo-67d55cff85-p2zn7/historyserver,2658603008,3253874688,4322062336,569034137
1786044059301176595,historyserver-demo-67d55cff85-p2zn7/historyserver,2658603008,3253870592,4322062336,569549684
1786044060341092720,historyserver-demo-67d55cff85-p2zn7/historyserver,2658603008,3253870592,4322062336,570064229
1786044061381226429,historyserver-demo-67d55cff85-p2zn7/historyserver,2658603008,3253870592,4322062336,570599606
1786044062421187013,historyserver-demo-67d55cff85-p2zn7/historyserver,2658603008,3253874688,4322062336,571102180
1786044063461173722,historyserver-demo-67d55cff85-p2zn7/historyserver,2658603008,3253870592,4322062336,571634063
1786044064501263680,historyserver-demo-67d55cff85-p2zn7/historyserver,2658603008,3253870592,4322062336,572152734
1786044065541337958,historyserver-demo-67d55cff85-p2zn7/historyserver,2658603008,3253874688,4322062336,572665097
1786044066581478042,historyserver-demo-67d55cff85-p2zn7/historyserver,2658603008,3253870592,4322062336,573197703
1786044067622388251,historyserver-demo-67d55cff85-p2zn7/historyserver,2658603008,3253870592,4322062336,573704347
1786044068663451751,historyserver-demo-67d55cff85-p2zn7/historyserver,2658603008,3253870592,4322062336,574236410
1786044069704432419,historyserver-demo-67d55cff85-p2zn7/historyserver,2658611200,3253882880,4322062336,574752075
1786044070744472627,historyserver-demo-67d55cff85-p2zn7/historyserver,2658611200,3253882880,4322062336,575273224
1786044071785396003,historyserver-demo-67d55cff85-p2zn7/historyserver,2122960896,2716827648,4322062336,575798672
1786044072826491295,historyserver-demo-67d55cff85-p2zn7/historyserver,2119471104,2713337856,4322062336,576310290
1786044073870500296,historyserver-demo-67d55cff85-p2zn7/historyserver,2119471104,2713341952,4322062336,576847356
1786044074912410671,historyserver-demo-67d55cff85-p2zn7/historyserver,2119471104,2713337856,4322062336,577350412
1786044075952756338,historyserver-demo-67d55cff85-p2zn7/historyserver,2119471104,2713337856,4322062336,577876632
1786044076994411464,historyserver-demo-67d55cff85-p2zn7/historyserver,2119471104,2713337856,4322062336,578400357
1786044078035735673,historyserver-demo-67d55cff85-p2zn7/historyserver,2119471104,2713337856,4322062336,578912593
1786044079077689756,historyserver-demo-67d55cff85-p2zn7/historyserver,2119471104,2713341952,4322062336,579448752
1786044080119708049,historyserver-demo-67d55cff85-p2zn7/historyserver,2119471104,2713337856,4322062336,579950270
1786044081161433924,historyserver-demo-67d55cff85-p2zn7/historyserver,2119471104,2713337856,4322062336,580484929
1786044082203446175,historyserver-demo-67d55cff85-p2zn7/historyserver,2119471104,2713337856,4322062336,581002608
1786044083243842842,historyserver-demo-67d55cff85-p2zn7/historyserver,2119471104,2713337856,4322062336,581517951
1786044084285335217,historyserver-demo-67d55cff85-p2zn7/historyserver,2119471104,2713337856,4322062336,582050711
1786044085327448384,historyserver-demo-67d55cff85-p2zn7/historyserver,2119471104,2713337856,4322062336,582560297
1786044086370538718,historyserver-demo-67d55cff85-p2zn7/historyserver,2119471104,2713337856,4322062336,583093773
1786044087411383177,historyserver-demo-67d55cff85-p2zn7/historyserver,2119471104,2713341952,4322062336,583600752
1786044088452468761,historyserver-demo-67d55cff85-p2zn7/historyserver,2119471104,2713341952,4322062336,584127524
1786044089495437470,historyserver-demo-67d55cff85-p2zn7/historyserver,2119471104,2713333760,4322062336,584650520
1786044090535354595,historyserver-demo-67d55cff85-p2zn7/historyserver,2119471104,2713333760,4322062336,585163839
1786044091575373304,historyserver-demo-67d55cff85-p2zn7/historyserver,2119471104,2713337856,4322062336,585696574
1786044092615437388,historyserver-demo-67d55cff85-p2zn7/historyserver,2119471104,2713333760,4322062336,586200957
1786044093656507513,historyserver-demo-67d55cff85-p2zn7/historyserver,2119471104,2713333760,4322062336,586730763
1786044094697622125,historyserver-demo-67d55cff85-p2zn7/historyserver,2119471104,2713333760,4322062336,586996393
1786044095738520708,historyserver-demo-67d55cff85-p2zn7/historyserver,2119471104,2713333760,4322062336,586996393
1786044096781633959,historyserver-demo-67d55cff85-p2zn7/historyserver,2119471104,2713333760,4322062336,586996393
1786044097821582918,historyserver-demo-67d55cff85-p2zn7/historyserver,2119471104,2713333760,4322062336,586996393
1786044098861525001,historyserver-demo-67d55cff85-p2zn7/historyserver,2359730176,2953764864,4322062336,587349837
1786044099904530585,historyserver-demo-67d55cff85-p2zn7/historyserver,2079055872,2572066816,4322062336,587846466
1786044100943522294,historyserver-demo-67d55cff85-p2zn7/historyserver,1375649792,1490259968,4322062336,588355037
1786044101982488878,historyserver-demo-67d55cff85-p2zn7/historyserver,1360969728,1470590976,4322062336,588896121
1786044103022567670,historyserver-demo-67d55cff85-p2zn7/historyserver,1151721472,1238056960,4322062336,589401394
1786044104070528587,historyserver-demo-67d55cff85-p2zn7/historyserver,1151721472,1238056960,4322062336,589935107
1786044105109558671,historyserver-demo-67d55cff85-p2zn7/historyserver,1151721472,1238056960,4322062336,590451564
1786044106146565422,historyserver-demo-67d55cff85-p2zn7/historyserver,1151721472,1238052864,4322062336,590960952
1786044107183437505,historyserver-demo-67d55cff85-p2zn7/historyserver,1151721472,1238052864,4322062336,591493173
1786044108216456839,historyserver-demo-67d55cff85-p2zn7/historyserver,1151721472,1238052864,4322062336,591998103
1786044109250491465,historyserver-demo-67d55cff85-p2zn7/historyserver,1151721472,1238052864,4322062336,592512524
1786044110285465882,historyserver-demo-67d55cff85-p2zn7/historyserver,1151721472,1238052864,4322062336,593047936
1786044111320597591,historyserver-demo-67d55cff85-p2zn7/historyserver,1151725568,1238056960,4322062336,593548902
1786044112353541591,historyserver-demo-67d55cff85-p2zn7/historyserver,1151725568,1238056960,4322062336,594063890
1786044113386513258,historyserver-demo-67d55cff85-p2zn7/historyserver,1151725568,1238061056,4322062336,594596339
1786044114420534967,historyserver-demo-67d55cff85-p2zn7/historyserver,1151725568,1238056960,4322062336,595098841
1786044115456563593,historyserver-demo-67d55cff85-p2zn7/historyserver,1151725568,1238056960,4322062336,595638152
1786044116508657302,historyserver-demo-67d55cff85-p2zn7/historyserver,1151725568,1238056960,4322062336,596151160
1786044117544501802,historyserver-demo-67d55cff85-p2zn7/historyserver,1151725568,1238056960,4322062336,596659208
1786044118579474261,historyserver-demo-67d55cff85-p2zn7/historyserver,1151725568,1238061056,4322062336,597194715
1786044119614612220,historyserver-demo-67d55cff85-p2zn7/historyserver,1163608064,1249939456,4322062336,597698580
1786044120649463929,historyserver-demo-67d55cff85-p2zn7/historyserver,1188388864,1274982400,4322062336,598213966
1786044121684483554,historyserver-demo-67d55cff85-p2zn7/historyserver,1216241664,1302736896,4322062336,598751013
1786044122723444221,historyserver-demo-67d55cff85-p2zn7/historyserver,1240875008,1327468544,4322062336,599250011
1786044123765866597,historyserver-demo-67d55cff85-p2zn7/historyserver,1261146112,1347477504,4322062336,599797126
1786044124823781583,historyserver-demo-67d55cff85-p2zn7/historyserver,1267462144,1353793536,4322062336,600307131
1786044125865531583,historyserver-demo-67d55cff85-p2zn7/historyserver,1290395648,1377435648,4322062336,600832991
1786044126906601626,historyserver-demo-67d55cff85-p2zn7/historyserver,1317986304,1404317696,4322062336,601350608
1786044127947715793,historyserver-demo-67d55cff85-p2zn7/historyserver,1343791104,1430204416,4322062336,601867122
1786044128991925877,historyserver-demo-67d55cff85-p2zn7/historyserver,1370185728,1456517120,4322062336,602400629
1786044130034664419,historyserver-demo-67d55cff85-p2zn7/historyserver,1395023872,1481351168,4322062336,602908001
1786044131075541919,historyserver-demo-67d55cff85-p2zn7/historyserver,1421893632,1508421632,4322062336,603443686
1786044132116608211,historyserver-demo-67d55cff85-p2zn7/historyserver,1446567936,1532895232,4322062336,603949437
1786044133157675045,historyserver-demo-67d55cff85-p2zn7/historyserver,1472602112,1558933504,4322062336,604478102
1786044134197577671,historyserver-demo-67d55cff85-p2zn7/historyserver,1500299264,1586630656,4322062336,604999406
1786044135234659588,historyserver-demo-67d55cff85-p2zn7/historyserver,1527054336,1613381632,4322062336,605507869
1786044136274576963,historyserver-demo-67d55cff85-p2zn7/historyserver,1554284544,1640624128,4322062336,606041833
1786044137314572839,historyserver-demo-67d55cff85-p2zn7/historyserver,1580531712,1666859008,4322062336,606550267
1786044138353615214,historyserver-demo-67d55cff85-p2zn7/historyserver,1606598656,1693007872,4322062336,607068586
1786044139390510465,historyserver-demo-67d55cff85-p2zn7/historyserver,1633828864,1720156160,4322062336,607600058
1786044140428621674,historyserver-demo-67d55cff85-p2zn7/historyserver,1659797504,1746370560,4322062336,608106145
1786044141464610466,historyserver-demo-67d55cff85-p2zn7/historyserver,1687502848,1773854720,4322062336,608628016
1786044142499571341,historyserver-demo-67d55cff85-p2zn7/historyserver,1718239232,1804570624,4322062336,609147415
1786044143533484050,historyserver-demo-67d55cff85-p2zn7/historyserver,1745813504,1832230912,4322062336,609659536
1786044144568728509,historyserver-demo-67d55cff85-p2zn7/historyserver,1773510656,1859993600,4322062336,610182497
1786044145604540218,historyserver-demo-67d55cff85-p2zn7/historyserver,1800986624,1887318016,4322062336,610699760
1786044146640031635,historyserver-demo-67d55cff85-p2zn7/historyserver,1826643968,1913470976,4322062336,611210822
1786044147676672427,historyserver-demo-67d55cff85-p2zn7/historyserver,1855479808,1941987328,4322062336,611742804
1786044148713003136,historyserver-demo-67d55cff85-p2zn7/historyserver,1882144768,1968472064,4322062336,612249489
1786044149746783886,historyserver-demo-67d55cff85-p2zn7/historyserver,1908805632,1996066816,4322062336,612760613
1786044150782416720,historyserver-demo-67d55cff85-p2zn7/historyserver,1922707456,2009755648,4322062336,613300292
1786044151820194971,historyserver-demo-67d55cff85-p2zn7/historyserver,1929842688,2016264192,4322062336,613799884
1786044152855634846,historyserver-demo-67d55cff85-p2zn7/historyserver,1929981952,2016309248,4322062336,614331426
1786044153890926513,historyserver-demo-67d55cff85-p2zn7/historyserver,1935872000,2023010304,4322062336,614850770
1786044154927391625,historyserver-demo-67d55cff85-p2zn7/historyserver,1942745088,2029072384,4322062336,615357696
1786044155964451458,historyserver-demo-67d55cff85-p2zn7/historyserver,1954312192,2040643584,4322062336,615888076
1786044157000963459,historyserver-demo-67d55cff85-p2zn7/historyserver,1954312192,2040643584,4322062336,616399479
1786044158037101626,historyserver-demo-67d55cff85-p2zn7/historyserver,1954312192,2040643584,4322062336,616908222
1786044159073057877,historyserver-demo-67d55cff85-p2zn7/historyserver,2214633472,2301059072,4322062336,617437530
1786044160110802627,historyserver-demo-67d55cff85-p2zn7/historyserver,2214645760,2300977152,4322062336,617947971
1786044161147837253,historyserver-demo-67d55cff85-p2zn7/historyserver,2214674432,2301001728,4322062336,618458931
1786044162183205045,historyserver-demo-67d55cff85-p2zn7/historyserver,2215108608,2301505536,4322062336,618996229
1786044163218914920,historyserver-demo-67d55cff85-p2zn7/historyserver,2215514112,2301841408,4322062336,619499823
1786044164253901879,historyserver-demo-67d55cff85-p2zn7/historyserver,2215882752,2302210048,4322062336,620018507
1786044165290775630,historyserver-demo-67d55cff85-p2zn7/historyserver,2216202240,2302533632,4322062336,620547448
1786044166325954547,historyserver-demo-67d55cff85-p2zn7/historyserver,2216648704,2302976000,4322062336,621050103
1786044167362021256,historyserver-demo-67d55cff85-p2zn7/historyserver,2217197568,2303528960,4322062336,621576442
1786044168398868339,historyserver-demo-67d55cff85-p2zn7/historyserver,2217259008,2303594496,4322062336,622098791
1786044169436801965,historyserver-demo-67d55cff85-p2zn7/historyserver,2217930752,2304262144,4322062336,622606798
1786044170474904424,historyserver-demo-67d55cff85-p2zn7/historyserver,2217996288,2304585728,4322062336,623139929
1786044171512817383,historyserver-demo-67d55cff85-p2zn7/historyserver,2218819584,2305150976,4322062336,623648405
1786044172550815091,historyserver-demo-67d55cff85-p2zn7/historyserver,2218885120,2305216512,4322062336,624164987
1786044173589841509,historyserver-demo-67d55cff85-p2zn7/historyserver,2246705152,2333036544,4322062336,624698471
1786044174627808884,historyserver-demo-67d55cff85-p2zn7/historyserver,2264301568,2350632960,4322062336,625207665
1786044175666896843,historyserver-demo-67d55cff85-p2zn7/historyserver,2264453120,2351050752,4322062336,625736931
1786044176707992468,historyserver-demo-67d55cff85-p2zn7/historyserver,2295468032,2381799424,4322062336,626249451
1786044177748901719,historyserver-demo-67d55cff85-p2zn7/historyserver,2299187200,2385518592,4322062336,626767608
1786044178789946094,historyserver-demo-67d55cff85-p2zn7/historyserver,2317389824,2403995648,4322062336,627297835
1786044179831812220,historyserver-demo-67d55cff85-p2zn7/historyserver,2348449792,2435256320,4322062336,627807204
1786044180871757929,historyserver-demo-67d55cff85-p2zn7/historyserver,2380058624,2466983936,4322062336,628339505
1786044181911777346,historyserver-demo-67d55cff85-p2zn7/historyserver,2397573120,2483904512,4322062336,628847872
1786044182950926930,historyserver-demo-67d55cff85-p2zn7/historyserver,2415161344,2501517312,4322062336,629373954
1786044183999130097,historyserver-demo-67d55cff85-p2zn7/historyserver,2430644224,2516975616,4322062336,629899020
1786044185043058791,historyserver-demo-67d55cff85-p2zn7/historyserver,2447183872,2533724160,4322062336,630410922
1786044186084941542,historyserver-demo-67d55cff85-p2zn7/historyserver,2464264192,2550849536,4322062336,630949092
1786044187128929792,historyserver-demo-67d55cff85-p2zn7/historyserver,2482573312,2568904704,4322062336,631456918
1786044188169921626,historyserver-demo-67d55cff85-p2zn7/historyserver,2501632000,2588577792,4322062336,631989614
1786044189214043377,historyserver-demo-67d55cff85-p2zn7/historyserver,2519859200,2606186496,4322062336,632499029
1786044190256034752,historyserver-demo-67d55cff85-p2zn7/historyserver,2537705472,2624663552,4322062336,633025595
1786044191297963669,historyserver-demo-67d55cff85-p2zn7/historyserver,2556952576,2643279872,4322062336,633548210
1786044192339000878,historyserver-demo-67d55cff85-p2zn7/historyserver,2575728640,2662113280,4322062336,634057469
1786044193378911295,historyserver-demo-67d55cff85-p2zn7/historyserver,2594983936,2681761792,4322062336,634596553
1786044194418885587,historyserver-demo-67d55cff85-p2zn7/historyserver,2614075392,2700402688,4322062336,635099735
1786044195457925963,historyserver-demo-67d55cff85-p2zn7/historyserver,2633875456,2720362496,4322062336,635625024
1786044196497987213,historyserver-demo-67d55cff85-p2zn7/historyserver,2654081024,2740408320,4322062336,636148590
1786044197537002714,historyserver-demo-67d55cff85-p2zn7/historyserver,2673504256,2759831552,4322062336,636658007
1786044198576971589,historyserver-demo-67d55cff85-p2zn7/historyserver,2693877760,2780205056,4322062336,637195086
1786044199618979048,historyserver-demo-67d55cff85-p2zn7/historyserver,2705022976,2791350272,4322062336,637700564
1786044200658985882,historyserver-demo-67d55cff85-p2zn7/historyserver,2709368832,2795692032,4322062336,638252165
1786044201704974299,historyserver-demo-67d55cff85-p2zn7/historyserver,2713104384,2799431680,4322062336,638749047
1786044202744929466,historyserver-demo-67d55cff85-p2zn7/historyserver,2717687808,2804207616,4322062336,639266557
1786044203785954050,historyserver-demo-67d55cff85-p2zn7/historyserver,2722324480,2808647680,4322062336,639801526
1786044204825005759,historyserver-demo-67d55cff85-p2zn7/historyserver,2727280640,2813603840,4322062336,640310807
1786044205864009926,historyserver-demo-67d55cff85-p2zn7/historyserver,2732449792,2818772992,4322062336,640851440
1786044206903998593,historyserver-demo-67d55cff85-p2zn7/historyserver,2734100480,2820423680,4322062336,641351073
1786044207943152011,historyserver-demo-67d55cff85-p2zn7/historyserver,2734182400,2820505600,4322062336,641860507
1786044208982003511,historyserver-demo-67d55cff85-p2zn7/historyserver,2734182400,2820505600,4322062336,642399420
1786044210021965178,historyserver-demo-67d55cff85-p2zn7/historyserver,2734182400,2820505600,4322062336,642902280
1786044211060882637,historyserver-demo-67d55cff85-p2zn7/historyserver,2734182400,2820505600,4322062336,643430113
1786044212099974054,historyserver-demo-67d55cff85-p2zn7/historyserver,2734182400,2820505600,4322062336,643947174
1786044213138007346,historyserver-demo-67d55cff85-p2zn7/historyserver,2734182400,2820505600,4322062336,644457040
1786044214178117930,historyserver-demo-67d55cff85-p2zn7/historyserver,2734182400,2820509696,4322062336,644994728
1786044215219009583,historyserver-demo-67d55cff85-p2zn7/historyserver,2734182400,2820505600,4322062336,645497363
1786044216259019584,historyserver-demo-67d55cff85-p2zn7/historyserver,2734182400,2820505600,4322062336,646023605
1786044217300072667,historyserver-demo-67d55cff85-p2zn7/historyserver,2734182400,2820513792,4322062336,646549029
1786044218341014835,historyserver-demo-67d55cff85-p2zn7/historyserver,2734182400,2820509696,4322062336,647054156
1786044219382146960,historyserver-demo-67d55cff85-p2zn7/historyserver,2734182400,2820509696,4322062336,647599162
1786044220424013877,historyserver-demo-67d55cff85-p2zn7/historyserver,2734182400,2820509696,4322062336,648104126
1786044221465176753,historyserver-demo-67d55cff85-p2zn7/historyserver,2734182400,2820513792,4322062336,648628181
1786044222505011795,historyserver-demo-67d55cff85-p2zn7/historyserver,2734182400,2820509696,4322062336,649148289
1786044223544094045,historyserver-demo-67d55cff85-p2zn7/historyserver,2734182400,2820513792,4322062336,649676522
1786044224608008588,historyserver-demo-67d55cff85-p2zn7/historyserver,2734182400,2820509696,4322062336,650200812
1786044225646003713,historyserver-demo-67d55cff85-p2zn7/historyserver,2734182400,2820509696,4322062336,650710668
1786044226684110589,historyserver-demo-67d55cff85-p2zn7/historyserver,2734182400,2820513792,4322062336,651246435
1786044227722209172,historyserver-demo-67d55cff85-p2zn7/historyserver,2734182400,2820509696,4322062336,651747168
1786044228757217423,historyserver-demo-67d55cff85-p2zn7/historyserver,2734182400,2820509696,4322062336,652263287
1786044229790082632,historyserver-demo-67d55cff85-p2zn7/historyserver,2734182400,2820509696,4322062336,652797631
1786044230821044174,historyserver-demo-67d55cff85-p2zn7/historyserver,2734182400,2820505600,4322062336,653298614
1786044231853011216,historyserver-demo-67d55cff85-p2zn7/historyserver,2734182400,2820505600,4322062336,653811252
1786044232885013675,historyserver-demo-67d55cff85-p2zn7/historyserver,2734182400,2820771840,4322062336,654345134
1786044233919446884,historyserver-demo-67d55cff85-p2zn7/historyserver,2734182400,2820509696,4322062336,654855699
1786044234963071843,historyserver-demo-67d55cff85-p2zn7/historyserver,2734182400,2820505600,4322062336,655377626
1786044236002069760,historyserver-demo-67d55cff85-p2zn7/historyserver,2734182400,2820505600,4322062336,655899558
1786044237040047260,historyserver-demo-67d55cff85-p2zn7/historyserver,2734563328,2820886528,4322062336,656406328
1786044238080114594,historyserver-demo-67d55cff85-p2zn7/historyserver,2734563328,2820886528,4322062336,656948330
1786044239130561428,historyserver-demo-67d55cff85-p2zn7/historyserver,2734563328,2820890624,4322062336,657196849
1786044240189236178,historyserver-demo-67d55cff85-p2zn7/historyserver,2734563328,2820890624,4322062336,657196849
1786044241252054012,historyserver-demo-67d55cff85-p2zn7/historyserver,2734563328,2820890624,4322062336,657196849
1786044242296092721,historyserver-demo-67d55cff85-p2zn7/historyserver,2734563328,2820890624,4322062336,657196849
1786044243338034930,historyserver-demo-67d55cff85-p2zn7/historyserver,2734563328,2820890624,4322062336,657196849
1786044244379090889,historyserver-demo-67d55cff85-p2zn7/historyserver,2734563328,2820890624,4322062336,657196849
1786044245421937083,historyserver-demo-67d55cff85-p2zn7/historyserver,2734563328,2820890624,4322062336,657196849
1786044246461941417,historyserver-demo-67d55cff85-p2zn7/historyserver,2734563328,2820890624,4322062336,657196849
1786044247503686543,historyserver-demo-67d55cff85-p2zn7/historyserver,2734563328,2820890624,4322062336,657196849
1786044248563989751,historyserver-demo-67d55cff85-p2zn7/historyserver,2734563328,2820890624,4322062336,657196849
1786044249604884752,historyserver-demo-67d55cff85-p2zn7/historyserver,2908684288,2995015680,4322062336,657730205
1786044250644973961,historyserver-demo-67d55cff85-p2zn7/historyserver,2908684288,2995015680,4322062336,658247126
1786044251682055295,historyserver-demo-67d55cff85-p2zn7/historyserver,2908684288,2995019776,4322062336,658780054
1786044252719911212,historyserver-demo-67d55cff85-p2zn7/historyserver,2908684288,2995019776,4322062336,659279724
1786044253755959462,historyserver-demo-67d55cff85-p2zn7/historyserver,2908684288,2995019776,4322062336,659803753
1786044254789944629,historyserver-demo-67d55cff85-p2zn7/historyserver,2908684288,2995015680,4322062336,660329184
1786044255828974088,historyserver-demo-67d55cff85-p2zn7/historyserver,2908684288,2995015680,4322062336,660838687
1786044256868031630,historyserver-demo-67d55cff85-p2zn7/historyserver,2908684288,2995015680,4322062336,661371462
1786044257910077172,historyserver-demo-67d55cff85-p2zn7/historyserver,2908684288,2995015680,4322062336,661885237
1786044258969039965,historyserver-demo-67d55cff85-p2zn7/historyserver,2909294592,2995806208,4322062336,662422126
1786044260008954882,historyserver-demo-67d55cff85-p2zn7/historyserver,2934620160,3020951552,4322062336,662933636
1786044261050955799,historyserver-demo-67d55cff85-p2zn7/historyserver,2960756736,3047653376,4322062336,663455450
1786044262090107299,historyserver-demo-67d55cff85-p2zn7/historyserver,2987945984,3074281472,4322062336,663979566
1786044263128947258,historyserver-demo-67d55cff85-p2zn7/historyserver,3012644864,3099500544,4322062336,664489149
1786044264169079467,historyserver-demo-67d55cff85-p2zn7/historyserver,3039653888,3126681600,4322062336,665021681
1786044265208070009,historyserver-demo-67d55cff85-p2zn7/historyserver,3066912768,3153244160,4322062336,665530705
1786044266249933510,historyserver-demo-67d55cff85-p2zn7/historyserver,3067887616,3154223104,4322062336,666053864
1786044267289963635,historyserver-demo-67d55cff85-p2zn7/historyserver,3067953152,3154284544,4322062336,666577920
1786044268329009386,historyserver-demo-67d55cff85-p2zn7/historyserver,3068006400,3154337792,4322062336,667095796
1786044269370112428,historyserver-demo-67d55cff85-p2zn7/historyserver,3068022784,3154354176,4322062336,667630245
1786044270410046678,historyserver-demo-67d55cff85-p2zn7/historyserver,3068035072,3154366464,4322062336,668131346
1786044271450043429,historyserver-demo-67d55cff85-p2zn7/historyserver,3068035072,3154366464,4322062336,668662739
1786044272490925929,historyserver-demo-67d55cff85-p2zn7/historyserver,3028770816,3113594880,4322062336,669179048
1786044273531157680,historyserver-demo-67d55cff85-p2zn7/historyserver,3028770816,3113594880,4322062336,669689668
1786044274570143930,historyserver-demo-67d55cff85-p2zn7/historyserver,3028770816,3113594880,4322062336,670220839
1786044275608425375,historyserver-demo-67d55cff85-p2zn7/historyserver,3028770816,3113594880,4322062336,670730366
1786044276648391792,historyserver-demo-67d55cff85-p2zn7/historyserver,3028770816,3113598976,4322062336,671249321
1786044277685419334,historyserver-demo-67d55cff85-p2zn7/historyserver,3028770816,3113598976,4322062336,671780658
1786044278724489751,historyserver-demo-67d55cff85-p2zn7/historyserver,3028770816,3113594880,4322062336,672281934
1786044279761558627,historyserver-demo-67d55cff85-p2zn7/historyserver,3028770816,3113590784,4322062336,672812321
1786044280799544211,historyserver-demo-67d55cff85-p2zn7/historyserver,3028770816,3113590784,4322062336,673330328
1786044281837424420,historyserver-demo-67d55cff85-p2zn7/historyserver,3028770816,3113590784,4322062336,673845014
1786044282874543920,historyserver-demo-67d55cff85-p2zn7/historyserver,3028770816,3113590784,4322062336,674376397
1786044283912799462,historyserver-demo-67d55cff85-p2zn7/historyserver,3028770816,3113590784,4322062336,674886007
1786044284969438838,historyserver-demo-67d55cff85-p2zn7/historyserver,3028770816,3113590784,4322062336,675422795
1786044286009390755,historyserver-demo-67d55cff85-p2zn7/historyserver,3028770816,3113590784,4322062336,675930255
1786044287049598505,historyserver-demo-67d55cff85-p2zn7/historyserver,3028770816,3113590784,4322062336,676450182
1786044288088393923,historyserver-demo-67d55cff85-p2zn7/historyserver,3028770816,3113590784,4322062336,676978489
1786044289126419756,historyserver-demo-67d55cff85-p2zn7/historyserver,3028770816,3113590784,4322062336,677483068
1786044290163454757,historyserver-demo-67d55cff85-p2zn7/historyserver,3028770816,3113590784,4322062336,678029028
1786044291229361466,historyserver-demo-67d55cff85-p2zn7/historyserver,3028770816,3113590784,4322062336,678536952
1786044292268409841,historyserver-demo-67d55cff85-p2zn7/historyserver,3028770816,3113598976,4322062336,679067739
1786044293306458883,historyserver-demo-67d55cff85-p2zn7/historyserver,3028770816,3113590784,4322062336,679579890
1786044294340388509,historyserver-demo-67d55cff85-p2zn7/historyserver,3028770816,3113590784,4322062336,680094155
1786044295375436718,historyserver-demo-67d55cff85-p2zn7/historyserver,3028770816,3113594880,4322062336,680626385
1786044296409402843,historyserver-demo-67d55cff85-p2zn7/historyserver,3028770816,3113590784,4322062336,681129327
1786044297445392635,historyserver-demo-67d55cff85-p2zn7/historyserver,3028770816,3113590784,4322062336,681646379
1786044298482559386,historyserver-demo-67d55cff85-p2zn7/historyserver,3028770816,3113590784,4322062336,682179614
1786044299531375845,historyserver-demo-67d55cff85-p2zn7/historyserver,3028770816,3113590784,4322062336,682690756
1786044300567443512,historyserver-demo-67d55cff85-p2zn7/historyserver,3028770816,3113590784,4322062336,683219182
1786044301604397096,historyserver-demo-67d55cff85-p2zn7/historyserver,3028770816,3113590784,4322062336,683730076
1786044302641515471,historyserver-demo-67d55cff85-p2zn7/historyserver,3028770816,3113590784,4322062336,684245747
1786044303679862847,historyserver-demo-67d55cff85-p2zn7/historyserver,3028770816,3113590784,4322062336,684778908
1786044304719545333,historyserver-demo-67d55cff85-p2zn7/historyserver,3028770816,3113590784,4322062336,685280323
1786044305758602458,historyserver-demo-67d55cff85-p2zn7/historyserver,3028770816,3113857024,4322062336,685813672
1786044306799377126,historyserver-demo-67d55cff85-p2zn7/historyserver,3028770816,3113594880,4322062336,686329712
1786044307839427793,historyserver-demo-67d55cff85-p2zn7/historyserver,3028770816,3113594880,4322062336,686845875
1786044308882995501,historyserver-demo-67d55cff85-p2zn7/historyserver,3286417408,3371241472,4322062336,687381243
1786044309932335419,historyserver-demo-67d55cff85-p2zn7/historyserver,3286417408,3371237376,4322062336,687891423
1786044310973385794,historyserver-demo-67d55cff85-p2zn7/historyserver,3286417408,3371237376,4322062336,688431331
1786044312020444295,historyserver-demo-67d55cff85-p2zn7/historyserver,2970050560,3082260480,4322062336,688932897
1786044313061537378,historyserver-demo-67d55cff85-p2zn7/historyserver,2404397056,2514522112,4322062336,689461638
1786044314103403879,historyserver-demo-67d55cff85-p2zn7/historyserver,2404397056,2514518016,4322062336,689980918
1786044315144455296,historyserver-demo-67d55cff85-p2zn7/historyserver,2404397056,2514518016,4322062336,690493426
1786044316185368672,historyserver-demo-67d55cff85-p2zn7/historyserver,2404397056,2514518016,4322062336,691028484
1786044317227401922,historyserver-demo-67d55cff85-p2zn7/historyserver,2404413440,2514534400,4322062336,691538489
1786044318268469631,historyserver-demo-67d55cff85-p2zn7/historyserver,2404413440,2514538496,4322062336,692068116
1786044319311415548,historyserver-demo-67d55cff85-p2zn7/historyserver,2404413440,2514538496,4322062336,692581321
1786044320354380549,historyserver-demo-67d55cff85-p2zn7/historyserver,1824722944,1929166848,4322062336,693101050
1786044321395544382,historyserver-demo-67d55cff85-p2zn7/historyserver,1825374208,1929818112,4322062336,693628439
1786044322438479508,historyserver-demo-67d55cff85-p2zn7/historyserver,1825439744,1929883648,4322062336,694140566
1786044323480407592,historyserver-demo-67d55cff85-p2zn7/historyserver,1826267136,1930711040,4322062336,694679237
1786044324524421384,historyserver-demo-67d55cff85-p2zn7/historyserver,1826328576,1930772480,4322062336,695185886
1786044325567425593,historyserver-demo-67d55cff85-p2zn7/historyserver,1826394112,1931096064,4322062336,695719164
1786044326611444510,historyserver-demo-67d55cff85-p2zn7/historyserver,1827409920,1931853824,4322062336,696229332
1786044327653475552,historyserver-demo-67d55cff85-p2zn7/historyserver,1827475456,1931919360,4322062336,696751757
1786044328696383428,historyserver-demo-67d55cff85-p2zn7/historyserver,1827540992,1931984896,4322062336,697279822
1786044329741477011,historyserver-demo-67d55cff85-p2zn7/historyserver,1827602432,1932308480,4322062336,697793125
1786044330786520512,historyserver-demo-67d55cff85-p2zn7/historyserver,1828872192,1933316096,4322062336,698328579
1786044331829463929,historyserver-demo-67d55cff85-p2zn7/historyserver,1828933632,1933377536,4322062336,698839799
1786044332871454138,historyserver-demo-67d55cff85-p2zn7/historyserver,1828970496,1933422592,4322062336,699368905
1786044333912421888,historyserver-demo-67d55cff85-p2zn7/historyserver,1828978688,1933422592,4322062336,699879242
1786044334953598958,historyserver-demo-67d55cff85-p2zn7/historyserver,1836986368,1941954560,4322062336,700402773
1786044335994648792,historyserver-demo-67d55cff85-p2zn7/historyserver,1853882368,1958535168,4322062336,700930625
1786044337033693667,historyserver-demo-67d55cff85-p2zn7/historyserver,1870053376,1974808576,4322062336,701441278
1786044338073652834,historyserver-demo-67d55cff85-p2zn7/historyserver,1886568448,1991806976,4322062336,701969119
1786044339113597793,historyserver-demo-67d55cff85-p2zn7/historyserver,1903538176,2007977984,4322062336,702480669
1786044340151682669,historyserver-demo-67d55cff85-p2zn7/historyserver,1920028672,2025037824,4322062336,702995228
1786044341187737961,historyserver-demo-67d55cff85-p2zn7/historyserver,1937989632,2043342848,4322062336,703528556
1786044342223606878,historyserver-demo-67d55cff85-p2zn7/historyserver,1956196352,2060636160,4322062336,704031341
1786044343255642212,historyserver-demo-67d55cff85-p2zn7/historyserver,1969647616,2074087424,4322062336,704548002
1786044344287689046,historyserver-demo-67d55cff85-p2zn7/historyserver,1982922752,2087997440,4322062336,705077761
1786044345316707963,historyserver-demo-67d55cff85-p2zn7/historyserver,2000850944,2105290752,4322062336,705578395
1786044346350692630,historyserver-demo-67d55cff85-p2zn7/historyserver,2018459648,2123161600,4322062336,706097606
1786044347385714422,historyserver-demo-67d55cff85-p2zn7/historyserver,2037067776,2141675520,4322062336,706629604
1786044348420654964,historyserver-demo-67d55cff85-p2zn7/historyserver,2054701056,2159140864,4322062336,707130554
1786044349457670965,historyserver-demo-67d55cff85-p2zn7/historyserver,2073194496,2177966080,4322062336,707654772
1786044350495567257,historyserver-demo-67d55cff85-p2zn7/historyserver,2090770432,2195206144,4322062336,708178782
1786044351537866841,historyserver-demo-67d55cff85-p2zn7/historyserver,2091106304,2195542016,4322062336,708690546
1786044352576678008,historyserver-demo-67d55cff85-p2zn7/historyserver,2094690304,2199314432,4322062336,709224598
1786044353614736675,historyserver-demo-67d55cff85-p2zn7/historyserver,2103517184,2207952896,4322062336,709730632
1786044354654753592,historyserver-demo-67d55cff85-p2zn7/historyserver,2103517184,2207952896,4322062336,710252516
1786044355694761051,historyserver-demo-67d55cff85-p2zn7/historyserver,2103517184,2207952896,4322062336,710779721
1786044356733727802,historyserver-demo-67d55cff85-p2zn7/historyserver,2115604480,2220040192,4322062336,711290571
1786044357772681969,historyserver-demo-67d55cff85-p2zn7/historyserver,2116067328,2220507136,4322062336,711822461
1786044358813726719,historyserver-demo-67d55cff85-p2zn7/historyserver,2122625024,2227060736,4322062336,712329931
1786044359851685761,historyserver-demo-67d55cff85-p2zn7/historyserver,2141114368,2245545984,4322062336,712864881
1786044360912749720,historyserver-demo-67d55cff85-p2zn7/historyserver,2141134848,2245574656,4322062336,713381760
1786044361951706137,historyserver-demo-67d55cff85-p2zn7/historyserver,2141134848,2245570560,4322062336,713898709
1786044362992649971,historyserver-demo-67d55cff85-p2zn7/historyserver,2141134848,2245570560,4322062336,714429700
1786044364034480305,historyserver-demo-67d55cff85-p2zn7/historyserver,2141134848,2245570560,4322062336,714942047
1786044365073269833,historyserver-demo-67d55cff85-p2zn7/historyserver,2241593344,2346033152,4322062336,715479942
1786044366115424000,historyserver-demo-67d55cff85-p2zn7/historyserver,2296127488,2400571392,4322062336,715978366
1786044367156362292,historyserver-demo-67d55cff85-p2zn7/historyserver,2261262336,2350407680,4322062336,716503596
1786044368196229585,historyserver-demo-67d55cff85-p2zn7/historyserver,2261262336,2350407680,4322062336,717030149
1786044369235349877,historyserver-demo-67d55cff85-p2zn7/historyserver,2261262336,2350407680,4322062336,717540360
1786044370276242335,historyserver-demo-67d55cff85-p2zn7/historyserver,2261262336,2350407680,4322062336,718074217
1786044371316374794,historyserver-demo-67d55cff85-p2zn7/historyserver,2261262336,2350407680,4322062336,718580291
1786044372356747253,historyserver-demo-67d55cff85-p2zn7/historyserver,2261262336,2350407680,4322062336,719102241
1786044373396345379,historyserver-demo-67d55cff85-p2zn7/historyserver,2261262336,2350407680,4322062336,719629885
1786044374437949546,historyserver-demo-67d55cff85-p2zn7/historyserver,2261262336,2350407680,4322062336,720140612
1786044375477730713,historyserver-demo-67d55cff85-p2zn7/historyserver,2261262336,2350407680,4322062336,720679742
1786044376537297338,historyserver-demo-67d55cff85-p2zn7/historyserver,2261262336,2350407680,4322062336,721191132
1786044377582163214,historyserver-demo-67d55cff85-p2zn7/historyserver,2261262336,2350407680,4322062336,721729390
1786044378622198506,historyserver-demo-67d55cff85-p2zn7/historyserver,2261262336,2350407680,4322062336,722232598
1786044379665106590,historyserver-demo-67d55cff85-p2zn7/historyserver,2261262336,2350403584,4322062336,722764821
1786044380709331132,historyserver-demo-67d55cff85-p2zn7/historyserver,2261262336,2350403584,4322062336,723278978
1786044381754172299,historyserver-demo-67d55cff85-p2zn7/historyserver,2261262336,2350403584,4322062336,723803982
1786044382798253633,historyserver-demo-67d55cff85-p2zn7/historyserver,2261262336,2350403584,4322062336,724329445
1786044383842339175,historyserver-demo-67d55cff85-p2zn7/historyserver,2261262336,2350403584,4322062336,724841584
1786044384884244301,historyserver-demo-67d55cff85-p2zn7/historyserver,2261262336,2350407680,4322062336,725379561
1786044385927212926,historyserver-demo-67d55cff85-p2zn7/historyserver,2261262336,2350403584,4322062336,725883564
1786044386964217593,historyserver-demo-67d55cff85-p2zn7/historyserver,2261262336,2350403584,4322062336,726407926
1786044387998307177,historyserver-demo-67d55cff85-p2zn7/historyserver,2261262336,2350403584,4322062336,726929776
