time="2026-08-06T19:01:02Z" level=info msg="create client manager successfully, clients: 1"
time="2026-08-06T19:01:02Z" level=info msg="Begin to create s3 client ..."
time="2026-08-06T19:01:02Z" level=info msg="Checking if bucket ray-historyserver exists..."
time="2026-08-06T19:01:03Z" level=info msg="Bucket ray-historyserver already exists"
time="2026-08-06T19:01:03Z" level=info msg="Clean logdir is logs"
time="2026-08-06T19:01:03Z" level=info msg="Starting server on :8080"
time="2026-08-06T19:01:03Z" level=info msg="Received request: GET /readz"
time="2026-08-06T19:01:03Z" level=info msg="live clusters: []"
time="2026-08-06T19:01:03Z" level=info msg="[List]Returned objects in log/cluster-metadata/. length of page.Contents: 2, length of page.CommonPrefixes: 0"
time="2026-08-06T19:01:03Z" level=error msg="Failed to parse meta file path: log/cluster-metadata/raycluster/test-ns-4zz46_raycluster-historyserver/, error: invalid path segment count for cluster metadata structure: log/cluster-metadata/raycluster/test-ns-4zz46_raycluster-historyserver/"
time="2026-08-06T19:01:03Z" level=info msg="Parsed cluster raycluster-historyserver for session session_2026-08-06_11-59-17_917219_1 to list"
time="2026-08-06T19:01:03Z" level=info msg="live clusters: []"
time="2026-08-06T19:01:03Z" level=info msg="[List]Returned objects in log/cluster-metadata/. length of page.Contents: 2, length of page.CommonPrefixes: 0"
time="2026-08-06T19:01:03Z" level=error msg="Failed to parse meta file path: log/cluster-metadata/raycluster/test-ns-4zz46_raycluster-historyserver/, error: invalid path segment count for cluster metadata structure: log/cluster-metadata/raycluster/test-ns-4zz46_raycluster-historyserver/"
time="2026-08-06T19:01:03Z" level=info msg="Parsed cluster raycluster-historyserver for session session_2026-08-06_11-59-17_917219_1 to list"
time="2026-08-06T19:01:03Z" level=info msg="live clusters: []"
time="2026-08-06T19:01:03Z" level=info msg="[List]Returned objects in log/cluster-metadata/. length of page.Contents: 2, length of page.CommonPrefixes: 0"
time="2026-08-06T19:01:03Z" level=error msg="Failed to parse meta file path: log/cluster-metadata/raycluster/test-ns-4zz46_raycluster-historyserver/, error: invalid path segment count for cluster metadata structure: log/cluster-metadata/raycluster/test-ns-4zz46_raycluster-historyserver/"
time="2026-08-06T19:01:03Z" level=info msg="Parsed cluster raycluster-historyserver for session session_2026-08-06_11-59-17_917219_1 to list"
time="2026-08-06T19:01:03Z" level=info msg="live clusters: []"
time="2026-08-06T19:01:03Z" level=info msg="[List]Returned objects in log/cluster-metadata/. length of page.Contents: 2, length of page.CommonPrefixes: 0"
time="2026-08-06T19:01:03Z" level=error msg="Failed to parse meta file path: log/cluster-metadata/raycluster/test-ns-4zz46_raycluster-historyserver/, error: invalid path segment count for cluster metadata structure: log/cluster-metadata/raycluster/test-ns-4zz46_raycluster-historyserver/"
time="2026-08-06T19:01:03Z" level=info msg="Parsed cluster raycluster-historyserver for session session_2026-08-06_11-59-17_917219_1 to list"
time="2026-08-06T19:01:03Z" level=info msg="live clusters: []"
time="2026-08-06T19:01:03Z" level=info msg="[List]Returned objects in log/cluster-metadata/. length of page.Contents: 2, length of page.CommonPrefixes: 0"
time="2026-08-06T19:01:03Z" level=error msg="Failed to parse meta file path: log/cluster-metadata/raycluster/test-ns-4zz46_raycluster-historyserver/, error: invalid path segment count for cluster metadata structure: log/cluster-metadata/raycluster/test-ns-4zz46_raycluster-historyserver/"
time="2026-08-06T19:01:03Z" level=info msg="Parsed cluster raycluster-historyserver for session session_2026-08-06_11-59-17_917219_1 to list"
time="2026-08-06T19:01:03Z" level=info msg="Received request: GET /enter_cluster/test-ns-4zz46/raycluster/raycluster-historyserver/session_2026-08-06_11-59-17_917219_1"
time="2026-08-06T19:01:03Z" level=info msg="[List]Returned objects in log/cluster-metadata/. length of page.Contents: 2, length of page.CommonPrefixes: 0"
time="2026-08-06T19:01:03Z" level=error msg="Failed to parse meta file path: log/cluster-metadata/raycluster/test-ns-4zz46_raycluster-historyserver/, error: invalid path segment count for cluster metadata structure: log/cluster-metadata/raycluster/test-ns-4zz46_raycluster-historyserver/"
time="2026-08-06T19:01:03Z" level=info msg="Parsed cluster raycluster-historyserver for session session_2026-08-06_11-59-17_917219_1 to list"
time="2026-08-06T19:01:03Z" level=info msg="[ListFiles]Returned objects in log/cluster-history/raycluster/test-ns-4zz46/raycluster-historyserver/session_2026-08-06_11-59-17_917219_1/. length of page.Contents: 0, length of page.CommonPrefixes: 3"
time="2026-08-06T19:01:03Z" level=info msg="[ListFiles]Returned objects in log/cluster-history/raycluster/test-ns-4zz46/raycluster-historyserver/session_2026-08-06_11-59-17_917219_1/3b94a5ba3d741ac419a7e7718d432deb97d0dc2f77dde0469ccde0f5/logs/events/. length of page.Contents: 13, length of page.CommonPrefixes: 0"
time="2026-08-06T19:01:03Z" level=info msg="Prepare to get object log/cluster-history/raycluster/test-ns-4zz46/raycluster-historyserver/session_2026-08-06_11-59-17_917219_1/3b94a5ba3d741ac419a7e7718d432deb97d0dc2f77dde0469ccde0f5/logs/events/event_CORE_WORKER_228.log info ..."
time="2026-08-06T19:01:03Z" level=info msg="Prepare to get object log/cluster-history/raycluster/test-ns-4zz46/raycluster-historyserver/session_2026-08-06_11-59-17_917219_1/3b94a5ba3d741ac419a7e7718d432deb97d0dc2f77dde0469ccde0f5/logs/events/event_CORE_WORKER_229.log info ..."
time="2026-08-06T19:01:03Z" level=info msg="Prepare to get object log/cluster-history/raycluster/test-ns-4zz46/raycluster-historyserver/session_2026-08-06_11-59-17_917219_1/3b94a5ba3d741ac419a7e7718d432deb97d0dc2f77dde0469ccde0f5/logs/events/event_CORE_WORKER_321.log info ..."
time="2026-08-06T19:01:03Z" level=info msg="Prepare to get object log/cluster-history/raycluster/test-ns-4zz46/raycluster-historyserver/session_2026-08-06_11-59-17_917219_1/3b94a5ba3d741ac419a7e7718d432deb97d0dc2f77dde0469ccde0f5/logs/events/event_CORE_WORKER_325.log info ..."
time="2026-08-06T19:01:03Z" level=info msg="Prepare to get object log/cluster-history/raycluster/test-ns-4zz46/raycluster-historyserver/session_2026-08-06_11-59-17_917219_1/3b94a5ba3d741ac419a7e7718d432deb97d0dc2f77dde0469ccde0f5/logs/events/event_CORE_WORKER_399.log info ..."
time="2026-08-06T19:01:03Z" level=info msg="Prepare to get object log/cluster-history/raycluster/test-ns-4zz46/raycluster-historyserver/session_2026-08-06_11-59-17_917219_1/3b94a5ba3d741ac419a7e7718d432deb97d0dc2f77dde0469ccde0f5/logs/events/event_CORE_WORKER_419.log info ..."
time="2026-08-06T19:01:03Z" level=info msg="Prepare to get object log/cluster-history/raycluster/test-ns-4zz46/raycluster-historyserver/session_2026-08-06_11-59-17_917219_1/3b94a5ba3d741ac419a7e7718d432deb97d0dc2f77dde0469ccde0f5/logs/events/event_CORE_WORKER_492.log info ..."
time="2026-08-06T19:01:03Z" level=info msg="Prepare to get object log/cluster-history/raycluster/test-ns-4zz46/raycluster-historyserver/session_2026-08-06_11-59-17_917219_1/3b94a5ba3d741ac419a7e7718d432deb97d0dc2f77dde0469ccde0f5/logs/events/event_CORE_WORKER_513.log info ..."
time="2026-08-06T19:01:03Z" level=info msg="Prepare to get object log/cluster-history/raycluster/test-ns-4zz46/raycluster-historyserver/session_2026-08-06_11-59-17_917219_1/3b94a5ba3d741ac419a7e7718d432deb97d0dc2f77dde0469ccde0f5/logs/events/event_CORE_WORKER_591.log info ..."
time="2026-08-06T19:01:03Z" level=info msg="Prepare to get object log/cluster-history/raycluster/test-ns-4zz46/raycluster-historyserver/session_2026-08-06_11-59-17_917219_1/3b94a5ba3d741ac419a7e7718d432deb97d0dc2f77dde0469ccde0f5/logs/events/event_CORE_WORKER_609.log info ..."
time="2026-08-06T19:01:03Z" level=info msg="Prepare to get object log/cluster-history/raycluster/test-ns-4zz46/raycluster-historyserver/session_2026-08-06_11-59-17_917219_1/3b94a5ba3d741ac419a7e7718d432deb97d0dc2f77dde0469ccde0f5/logs/events/event_CORE_WORKER_697.log info ..."
time="2026-08-06T19:01:03Z" level=info msg="Prepare to get object log/cluster-history/raycluster/test-ns-4zz46/raycluster-historyserver/session_2026-08-06_11-59-17_917219_1/3b94a5ba3d741ac419a7e7718d432deb97d0dc2f77dde0469ccde0f5/logs/events/event_RAYLET.log info ..."
time="2026-08-06T19:01:03Z" level=info msg="[ListFiles]Returned objects in log/cluster-history/raycluster/test-ns-4zz46/raycluster-historyserver/session_2026-08-06_11-59-17_917219_1/ce2ef96af9711ffcdda1d27dbe75784897675832656bc6b7b1fa9be8/logs/events/. length of page.Contents: 11, length of page.CommonPrefixes: 0"
time="2026-08-06T19:01:03Z" level=info msg="Prepare to get object log/cluster-history/raycluster/test-ns-4zz46/raycluster-historyserver/session_2026-08-06_11-59-17_917219_1/ce2ef96af9711ffcdda1d27dbe75784897675832656bc6b7b1fa9be8/logs/events/event_AUTOSCALER.log info ..."
time="2026-08-06T19:01:03Z" level=info msg="Prepare to get object log/cluster-history/raycluster/test-ns-4zz46/raycluster-historyserver/session_2026-08-06_11-59-17_917219_1/ce2ef96af9711ffcdda1d27dbe75784897675832656bc6b7b1fa9be8/logs/events/event_CORE_WORKER_1020.log info ..."
time="2026-08-06T19:01:03Z" level=info msg="Prepare to get object log/cluster-history/raycluster/test-ns-4zz46/raycluster-historyserver/session_2026-08-06_11-59-17_917219_1/ce2ef96af9711ffcdda1d27dbe75784897675832656bc6b7b1fa9be8/logs/events/event_CORE_WORKER_1176.log info ..."
time="2026-08-06T19:01:03Z" level=info msg="Prepare to get object log/cluster-history/raycluster/test-ns-4zz46/raycluster-historyserver/session_2026-08-06_11-59-17_917219_1/ce2ef96af9711ffcdda1d27dbe75784897675832656bc6b7b1fa9be8/logs/events/event_CORE_WORKER_201.log info ..."
time="2026-08-06T19:01:03Z" level=info msg="Prepare to get object log/cluster-history/raycluster/test-ns-4zz46/raycluster-historyserver/session_2026-08-06_11-59-17_917219_1/ce2ef96af9711ffcdda1d27dbe75784897675832656bc6b7b1fa9be8/logs/events/event_CORE_WORKER_206.log info ..."
time="2026-08-06T19:01:03Z" level=info msg="Prepare to get object log/cluster-history/raycluster/test-ns-4zz46/raycluster-historyserver/session_2026-08-06_11-59-17_917219_1/ce2ef96af9711ffcdda1d27dbe75784897675832656bc6b7b1fa9be8/logs/events/event_CORE_WORKER_680.log info ..."
time="2026-08-06T19:01:03Z" level=info msg="Prepare to get object log/cluster-history/raycluster/test-ns-4zz46/raycluster-historyserver/session_2026-08-06_11-59-17_917219_1/ce2ef96af9711ffcdda1d27dbe75784897675832656bc6b7b1fa9be8/logs/events/event_CORE_WORKER_963.log info ..."
time="2026-08-06T19:01:03Z" level=info msg="Prepare to get object log/cluster-history/raycluster/test-ns-4zz46/raycluster-historyserver/session_2026-08-06_11-59-17_917219_1/ce2ef96af9711ffcdda1d27dbe75784897675832656bc6b7b1fa9be8/logs/events/event_GCS.log info ..."
time="2026-08-06T19:01:03Z" level=info msg="Prepare to get object log/cluster-history/raycluster/test-ns-4zz46/raycluster-historyserver/session_2026-08-06_11-59-17_917219_1/ce2ef96af9711ffcdda1d27dbe75784897675832656bc6b7b1fa9be8/logs/events/event_JOBS.log info ..."
time="2026-08-06T19:01:03Z" level=info msg="Prepare to get object log/cluster-history/raycluster/test-ns-4zz46/raycluster-historyserver/session_2026-08-06_11-59-17_917219_1/ce2ef96af9711ffcdda1d27dbe75784897675832656bc6b7b1fa9be8/logs/events/event_RAYLET.log info ..."
time="2026-08-06T19:01:03Z" level=info msg="[ListFiles]Returned objects in log/cluster-history/raycluster/test-ns-4zz46/raycluster-historyserver/session_2026-08-06_11-59-17_917219_1/fetched_endpoints/logs/events/. length of page.Contents: 0, length of page.CommonPrefixes: 0"
time="2026-08-06T19:01:03Z" level=info msg="[ListFiles]Returned objects in log/cluster-history/raycluster/test-ns-4zz46/raycluster-historyserver/session_2026-08-06_11-59-17_917219_1/. length of page.Contents: 0, length of page.CommonPrefixes: 3"
time="2026-08-06T19:01:03Z" level=info msg="[ListFiles]Returned objects in log/cluster-history/raycluster/test-ns-4zz46/raycluster-historyserver/session_2026-08-06_11-59-17_917219_1/3b94a5ba3d741ac419a7e7718d432deb97d0dc2f77dde0469ccde0f5/job_events/. length of page.Contents: 0, length of page.CommonPrefixes: 1"
time="2026-08-06T19:01:03Z" level=info msg="[ListFiles]Returned objects in log/cluster-history/raycluster/test-ns-4zz46/raycluster-historyserver/session_2026-08-06_11-59-17_917219_1/3b94a5ba3d741ac419a7e7718d432deb97d0dc2f77dde0469ccde0f5/job_events/03000000/. length of page.Contents: 3, length of page.CommonPrefixes: 0"
time="2026-08-06T19:01:03Z" level=info msg="[ListFiles]Returned objects in log/cluster-history/raycluster/test-ns-4zz46/raycluster-historyserver/session_2026-08-06_11-59-17_917219_1/ce2ef96af9711ffcdda1d27dbe75784897675832656bc6b7b1fa9be8/job_events/. length of page.Contents: 0, length of page.CommonPrefixes: 4"
time="2026-08-06T19:01:03Z" level=info msg="[ListFiles]Returned objects in log/cluster-history/raycluster/test-ns-4zz46/raycluster-historyserver/session_2026-08-06_11-59-17_917219_1/ce2ef96af9711ffcdda1d27dbe75784897675832656bc6b7b1fa9be8/job_events/01000000/. length of page.Contents: 2, length of page.CommonPrefixes: 0"
time="2026-08-06T19:01:03Z" level=info msg="[ListFiles]Returned objects in log/cluster-history/raycluster/test-ns-4zz46/raycluster-historyserver/session_2026-08-06_11-59-17_917219_1/ce2ef96af9711ffcdda1d27dbe75784897675832656bc6b7b1fa9be8/job_events/02000000/. length of page.Contents: 2, length of page.CommonPrefixes: 0"
time="2026-08-06T19:01:03Z" level=info msg="[ListFiles]Returned objects in log/cluster-history/raycluster/test-ns-4zz46/raycluster-historyserver/session_2026-08-06_11-59-17_917219_1/ce2ef96af9711ffcdda1d27dbe75784897675832656bc6b7b1fa9be8/job_events/03000000/. length of page.Contents: 3, length of page.CommonPrefixes: 0"
time="2026-08-06T19:01:03Z" level=info msg="[ListFiles]Returned objects in log/cluster-history/raycluster/test-ns-4zz46/raycluster-historyserver/session_2026-08-06_11-59-17_917219_1/ce2ef96af9711ffcdda1d27dbe75784897675832656bc6b7b1fa9be8/job_events/04000000/. length of page.Contents: 2, length of page.CommonPrefixes: 0"
time="2026-08-06T19:01:03Z" level=info msg="[ListFiles]Returned objects in log/cluster-history/raycluster/test-ns-4zz46/raycluster-historyserver/session_2026-08-06_11-59-17_917219_1/fetched_endpoints/job_events/. length of page.Contents: 0, length of page.CommonPrefixes: 0"
time="2026-08-06T19:01:03Z" level=info msg="[ListFiles]Returned objects in log/cluster-history/raycluster/test-ns-4zz46/raycluster-historyserver/session_2026-08-06_11-59-17_917219_1/. length of page.Contents: 0, length of page.CommonPrefixes: 3"
time="2026-08-06T19:01:03Z" level=info msg="[ListFiles]Returned objects in log/cluster-history/raycluster/test-ns-4zz46/raycluster-historyserver/session_2026-08-06_11-59-17_917219_1/3b94a5ba3d741ac419a7e7718d432deb97d0dc2f77dde0469ccde0f5/node_events/. length of page.Contents: 0, length of page.CommonPrefixes: 0"
time="2026-08-06T19:01:03Z" level=info msg="[ListFiles]Returned objects in log/cluster-history/raycluster/test-ns-4zz46/raycluster-historyserver/session_2026-08-06_11-59-17_917219_1/ce2ef96af9711ffcdda1d27dbe75784897675832656bc6b7b1fa9be8/node_events/. length of page.Contents: 2, length of page.CommonPrefixes: 0"
time="2026-08-06T19:01:03Z" level=info msg="[ListFiles]Returned objects in log/cluster-history/raycluster/test-ns-4zz46/raycluster-historyserver/session_2026-08-06_11-59-17_917219_1/fetched_endpoints/node_events/. length of page.Contents: 0, length of page.CommonPrefixes: 0"
time="2026-08-06T19:01:03Z" level=info msg="Prepare to get object log/cluster-history/raycluster/test-ns-4zz46/raycluster-historyserver/session_2026-08-06_11-59-17_917219_1/3b94a5ba3d741ac419a7e7718d432deb97d0dc2f77dde0469ccde0f5/job_events/03000000/3b94a5ba3d741ac419a7e7718d432deb97d0dc2f77dde0469ccde0f5-2026-08-06-18-1786042783481825420.jsonl info ..."
gc 1 @1.807s 0%: 1.3+20+0.75 ms clock, 2.6+10/12/7.1+1.5 ms cpu, 15->20->12 MB, 16 MB goal, 0 MB stacks, 0 MB globals, 2 P
gc 2 @1.925s 2%: 0.19+71+0.11 ms clock, 0.38+0/66/64+0.22 ms cpu, 69->69->69 MB, 69 MB goal, 0 MB stacks, 0 MB globals, 2 P
gc 3 @2.209s 2%: 0.16+88+0.14 ms clock, 0.33+0.019/9.6/14+0.28 ms cpu, 329->329->188 MB, 347 MB goal, 0 MB stacks, 0 MB globals, 2 P
gc 4 @21.330s 3%: 0.14+3094+0.12 ms clock, 0.29+0.22/1561/1949+0.24 ms cpu, 922->945->543 MB, 943 MB goal, 0 MB stacks, 0 MB globals, 2 P
time="2026-08-06T19:01:28Z" level=error msg="Failed to store events for file session_2026-08-06_11-59-17_917219_1/3b94a5ba3d741ac419a7e7718d432deb97d0dc2f77dde0469ccde0f5/job_events/03000000/3b94a5ba3d741ac419a7e7718d432deb97d0dc2f77dde0469ccde0f5-2026-08-06-18-1786042783481825420.jsonl: TASK_LIFECYCLE_EVENT must have at least one state transition"
time="2026-08-06T19:01:29Z" level=error msg="Failed to store events for file session_2026-08-06_11-59-17_917219_1/3b94a5ba3d741ac419a7e7718d432deb97d0dc2f77dde0469ccde0f5/job_events/03000000/3b94a5ba3d741ac419a7e7718d432deb97d0dc2f77dde0469ccde0f5-2026-08-06-18-1786042783481825420.jsonl: TASK_LIFECYCLE_EVENT must have at least one state transition"
time="2026-08-06T19:01:29Z" level=error msg="Failed to store events for file session_2026-08-06_11-59-17_917219_1/3b94a5ba3d741ac419a7e7718d432deb97d0dc2f77dde0469ccde0f5/job_events/03000000/3b94a5ba3d741ac419a7e7718d432deb97d0dc2f77dde0469ccde0f5-2026-08-06-18-1786042783481825420.jsonl: TASK_LIFECYCLE_EVENT must have at least one state transition"
time="2026-08-06T19:01:29Z" level=error msg="Failed to store events for file session_2026-08-06_11-59-17_917219_1/3b94a5ba3d741ac419a7e7718d432deb97d0dc2f77dde0469ccde0f5/job_events/03000000/3b94a5ba3d741ac419a7e7718d432deb97d0dc2f77dde0469ccde0f5-2026-08-06-18-1786042783481825420.jsonl: TASK_LIFECYCLE_EVENT must have at least one state transition"
time="2026-08-06T19:01:30Z" level=error msg="Failed to store events for file session_2026-08-06_11-59-17_917219_1/3b94a5ba3d741ac419a7e7718d432deb97d0dc2f77dde0469ccde0f5/job_events/03000000/3b94a5ba3d741ac419a7e7718d432deb97d0dc2f77dde0469ccde0f5-2026-08-06-18-1786042783481825420.jsonl: TASK_LIFECYCLE_EVENT must have at least one state transition"
time="2026-08-06T19:01:31Z" level=error msg="Failed to store events for file session_2026-08-06_11-59-17_917219_1/3b94a5ba3d741ac419a7e7718d432deb97d0dc2f77dde0469ccde0f5/job_events/03000000/3b94a5ba3d741ac419a7e7718d432deb97d0dc2f77dde0469ccde0f5-2026-08-06-18-1786042783481825420.jsonl: TASK_LIFECYCLE_EVENT must have at least one state transition"
time="2026-08-06T19:01:32Z" level=error msg="Failed to store events for file session_2026-08-06_11-59-17_917219_1/3b94a5ba3d741ac419a7e7718d432deb97d0dc2f77dde0469ccde0f5/job_events/03000000/3b94a5ba3d741ac419a7e7718d432deb97d0dc2f77dde0469ccde0f5-2026-08-06-18-1786042783481825420.jsonl: TASK_LIFECYCLE_EVENT must have at least one state transition"
time="2026-08-06T19:01:33Z" level=error msg="Failed to store events for file session_2026-08-06_11-59-17_917219_1/3b94a5ba3d741ac419a7e7718d432deb97d0dc2f77dde0469ccde0f5/job_events/03000000/3b94a5ba3d741ac419a7e7718d432deb97d0dc2f77dde0469ccde0f5-2026-08-06-18-1786042783481825420.jsonl: TASK_LIFECYCLE_EVENT must have at least one state transition"
time="2026-08-06T19:01:33Z" level=error msg="Failed to store events for file session_2026-08-06_11-59-17_917219_1/3b94a5ba3d741ac419a7e7718d432deb97d0dc2f77dde0469ccde0f5/job_events/03000000/3b94a5ba3d741ac419a7e7718d432deb97d0dc2f77dde0469ccde0f5-2026-08-06-18-1786042783481825420.jsonl: TASK_LIFECYCLE_EVENT must have at least one state transition"
time="2026-08-06T19:01:33Z" level=error msg="Failed to store events for file session_2026-08-06_11-59-17_917219_1/3b94a5ba3d741ac419a7e7718d432deb97d0dc2f77dde0469ccde0f5/job_events/03000000/3b94a5ba3d741ac419a7e7718d432deb97d0dc2f77dde0469ccde0f5-2026-08-06-18-1786042783481825420.jsonl: TASK_LIFECYCLE_EVENT must have at least one state transition"
time="2026-08-06T19:01:34Z" level=error msg="Failed to store events for file session_2026-08-06_11-59-17_917219_1/3b94a5ba3d741ac419a7e7718d432deb97d0dc2f77dde0469ccde0f5/job_events/03000000/3b94a5ba3d741ac419a7e7718d432deb97d0dc2f77dde0469ccde0f5-2026-08-06-18-1786042783481825420.jsonl: TASK_LIFECYCLE_EVENT must have at least one state transition"
time="2026-08-06T19:01:34Z" level=error msg="Failed to store events for file session_2026-08-06_11-59-17_917219_1/3b94a5ba3d741ac419a7e7718d432deb97d0dc2f77dde0469ccde0f5/job_events/03000000/3b94a5ba3d741ac419a7e7718d432deb97d0dc2f77dde0469ccde0f5-2026-08-06-18-1786042783481825420.jsonl: TASK_LIFECYCLE_EVENT must have at least one state transition"
time="2026-08-06T19:01:34Z" level=error msg="Failed to store events for file session_2026-08-06_11-59-17_917219_1/3b94a5ba3d741ac419a7e7718d432deb97d0dc2f77dde0469ccde0f5/job_events/03000000/3b94a5ba3d741ac419a7e7718d432deb97d0dc2f77dde0469ccde0f5-2026-08-06-18-1786042783481825420.jsonl: TASK_LIFECYCLE_EVENT must have at least one state transition"
time="2026-08-06T19:01:34Z" level=error msg="Failed to store events for file session_2026-08-06_11-59-17_917219_1/3b94a5ba3d741ac419a7e7718d432deb97d0dc2f77dde0469ccde0f5/job_events/03000000/3b94a5ba3d741ac419a7e7718d432deb97d0dc2f77dde0469ccde0f5-2026-08-06-18-1786042783481825420.jsonl: TASK_LIFECYCLE_EVENT must have at least one state transition"
time="2026-08-06T19:01:35Z" level=error msg="Failed to store events for file session_2026-08-06_11-59-17_917219_1/3b94a5ba3d741ac419a7e7718d432deb97d0dc2f77dde0469ccde0f5/job_events/03000000/3b94a5ba3d741ac419a7e7718d432deb97d0dc2f77dde0469ccde0f5-2026-08-06-18-1786042783481825420.jsonl: TASK_LIFECYCLE_EVENT must have at least one state transition"
time="2026-08-06T19:01:35Z" level=error msg="Failed to store events for file session_2026-08-06_11-59-17_917219_1/3b94a5ba3d741ac419a7e7718d432deb97d0dc2f77dde0469ccde0f5/job_events/03000000/3b94a5ba3d741ac419a7e7718d432deb97d0dc2f77dde0469ccde0f5-2026-08-06-18-1786042783481825420.jsonl: TASK_LIFECYCLE_EVENT must have at least one state transition"
time="2026-08-06T19:01:36Z" level=error msg="Failed to store events for file session_2026-08-06_11-59-17_917219_1/3b94a5ba3d741ac419a7e7718d432deb97d0dc2f77dde0469ccde0f5/job_events/03000000/3b94a5ba3d741ac419a7e7718d432deb97d0dc2f77dde0469ccde0f5-2026-08-06-18-1786042783481825420.jsonl: TASK_LIFECYCLE_EVENT must have at least one state transition"
time="2026-08-06T19:01:36Z" level=error msg="Failed to store events for file session_2026-08-06_11-59-17_917219_1/3b94a5ba3d741ac419a7e7718d432deb97d0dc2f77dde0469ccde0f5/job_events/03000000/3b94a5ba3d741ac419a7e7718d432deb97d0dc2f77dde0469ccde0f5-2026-08-06-18-1786042783481825420.jsonl: TASK_LIFECYCLE_EVENT must have at least one state transition"
time="2026-08-06T19:01:36Z" level=error msg="Failed to store events for file session_2026-08-06_11-59-17_917219_1/3b94a5ba3d741ac419a7e7718d432deb97d0dc2f77dde0469ccde0f5/job_events/03000000/3b94a5ba3d741ac419a7e7718d432deb97d0dc2f77dde0469ccde0f5-2026-08-06-18-1786042783481825420.jsonl: TASK_LIFECYCLE_EVENT must have at least one state transition"
time="2026-08-06T19:01:37Z" level=error msg="Failed to store events for file session_2026-08-06_11-59-17_917219_1/3b94a5ba3d741ac419a7e7718d432deb97d0dc2f77dde0469ccde0f5/job_events/03000000/3b94a5ba3d741ac419a7e7718d432deb97d0dc2f77dde0469ccde0f5-2026-08-06-18-1786042783481825420.jsonl: TASK_LIFECYCLE_EVENT must have at least one state transition"
time="2026-08-06T19:01:37Z" level=error msg="Failed to store events for file session_2026-08-06_11-59-17_917219_1/3b94a5ba3d741ac419a7e7718d432deb97d0dc2f77dde0469ccde0f5/job_events/03000000/3b94a5ba3d741ac419a7e7718d432deb97d0dc2f77dde0469ccde0f5-2026-08-06-18-1786042783481825420.jsonl: TASK_LIFECYCLE_EVENT must have at least one state transition"
time="2026-08-06T19:01:37Z" level=error msg="Failed to store events for file session_2026-08-06_11-59-17_917219_1/3b94a5ba3d741ac419a7e7718d432deb97d0dc2f77dde0469ccde0f5/job_events/03000000/3b94a5ba3d741ac419a7e7718d432deb97d0dc2f77dde0469ccde0f5-2026-08-06-18-1786042783481825420.jsonl: TASK_LIFECYCLE_EVENT must have at least one state transition"
time="2026-08-06T19:01:37Z" level=error msg="Failed to store events for file session_2026-08-06_11-59-17_917219_1/3b94a5ba3d741ac419a7e7718d432deb97d0dc2f77dde0469ccde0f5/job_events/03000000/3b94a5ba3d741ac419a7e7718d432deb97d0dc2f77dde0469ccde0f5-2026-08-06-18-1786042783481825420.jsonl: TASK_LIFECYCLE_EVENT must have at least one state transition"
time="2026-08-06T19:01:38Z" level=error msg="Failed to store events for file session_2026-08-06_11-59-17_917219_1/3b94a5ba3d741ac419a7e7718d432deb97d0dc2f77dde0469ccde0f5/job_events/03000000/3b94a5ba3d741ac419a7e7718d432deb97d0dc2f77dde0469ccde0f5-2026-08-06-18-1786042783481825420.jsonl: TASK_LIFECYCLE_EVENT must have at least one state transition"
time="2026-08-06T19:01:39Z" level=error msg="Failed to store events for file session_2026-08-06_11-59-17_917219_1/3b94a5ba3d741ac419a7e7718d432deb97d0dc2f77dde0469ccde0f5/job_events/03000000/3b94a5ba3d741ac419a7e7718d432deb97d0dc2f77dde0469ccde0f5-2026-08-06-18-1786042783481825420.jsonl: TASK_LIFECYCLE_EVENT must have at least one state transition"
time="2026-08-06T19:01:39Z" level=error msg="Failed to store events for file session_2026-08-06_11-59-17_917219_1/3b94a5ba3d741ac419a7e7718d432deb97d0dc2f77dde0469ccde0f5/job_events/03000000/3b94a5ba3d741ac419a7e7718d432deb97d0dc2f77dde0469ccde0f5-2026-08-06-18-1786042783481825420.jsonl: TASK_LIFECYCLE_EVENT must have at least one state transition"
time="2026-08-06T19:01:40Z" level=error msg="Failed to store events for file session_2026-08-06_11-59-17_917219_1/3b94a5ba3d741ac419a7e7718d432deb97d0dc2f77dde0469ccde0f5/job_events/03000000/3b94a5ba3d741ac419a7e7718d432deb97d0dc2f77dde0469ccde0f5-2026-08-06-18-1786042783481825420.jsonl: TASK_LIFECYCLE_EVENT must have at least one state transition"
time="2026-08-06T19:01:41Z" level=error msg="Failed to store events for file session_2026-08-06_11-59-17_917219_1/3b94a5ba3d741ac419a7e7718d432deb97d0dc2f77dde0469ccde0f5/job_events/03000000/3b94a5ba3d741ac419a7e7718d432deb97d0dc2f77dde0469ccde0f5-2026-08-06-18-1786042783481825420.jsonl: TASK_LIFECYCLE_EVENT must have at least one state transition"
time="2026-08-06T19:01:41Z" level=error msg="Failed to store events for file session_2026-08-06_11-59-17_917219_1/3b94a5ba3d741ac419a7e7718d432deb97d0dc2f77dde0469ccde0f5/job_events/03000000/3b94a5ba3d741ac419a7e7718d432deb97d0dc2f77dde0469ccde0f5-2026-08-06-18-1786042783481825420.jsonl: TASK_LIFECYCLE_EVENT must have at least one state transition"
time="2026-08-06T19:01:41Z" level=error msg="Failed to store events for file session_2026-08-06_11-59-17_917219_1/3b94a5ba3d741ac419a7e7718d432deb97d0dc2f77dde0469ccde0f5/job_events/03000000/3b94a5ba3d741ac419a7e7718d432deb97d0dc2f77dde0469ccde0f5-2026-08-06-18-1786042783481825420.jsonl: TASK_LIFECYCLE_EVENT must have at least one state transition"
time="2026-08-06T19:01:42Z" level=error msg="Failed to store events for file session_2026-08-06_11-59-17_917219_1/3b94a5ba3d741ac419a7e7718d432deb97d0dc2f77dde0469ccde0f5/job_events/03000000/3b94a5ba3d741ac419a7e7718d432deb97d0dc2f77dde0469ccde0f5-2026-08-06-18-1786042783481825420.jsonl: TASK_LIFECYCLE_EVENT must have at least one state transition"
time="2026-08-06T19:01:43Z" level=error msg="Failed to store events for file session_2026-08-06_11-59-17_917219_1/3b94a5ba3d741ac419a7e7718d432deb97d0dc2f77dde0469ccde0f5/job_events/03000000/3b94a5ba3d741ac419a7e7718d432deb97d0dc2f77dde0469ccde0f5-2026-08-06-18-1786042783481825420.jsonl: TASK_LIFECYCLE_EVENT must have at least one state transition"
time="2026-08-06T19:01:43Z" level=error msg="Failed to store events for file session_2026-08-06_11-59-17_917219_1/3b94a5ba3d741ac419a7e7718d432deb97d0dc2f77dde0469ccde0f5/job_events/03000000/3b94a5ba3d741ac419a7e7718d432deb97d0dc2f77dde0469ccde0f5-2026-08-06-18-1786042783481825420.jsonl: TASK_LIFECYCLE_EVENT must have at least one state transition"
time="2026-08-06T19:01:44Z" level=error msg="Failed to store events for file session_2026-08-06_11-59-17_917219_1/3b94a5ba3d741ac419a7e7718d432deb97d0dc2f77dde0469ccde0f5/job_events/03000000/3b94a5ba3d741ac419a7e7718d432deb97d0dc2f77dde0469ccde0f5-2026-08-06-18-1786042783481825420.jsonl: TASK_LIFECYCLE_EVENT must have at least one state transition"
time="2026-08-06T19:01:44Z" level=error msg="Failed to store events for file session_2026-08-06_11-59-17_917219_1/3b94a5ba3d741ac419a7e7718d432deb97d0dc2f77dde0469ccde0f5/job_events/03000000/3b94a5ba3d741ac419a7e7718d432deb97d0dc2f77dde0469ccde0f5-2026-08-06-18-1786042783481825420.jsonl: TASK_LIFECYCLE_EVENT must have at least one state transition"
time="2026-08-06T19:01:44Z" level=error msg="Failed to store events for file session_2026-08-06_11-59-17_917219_1/3b94a5ba3d741ac419a7e7718d432deb97d0dc2f77dde0469ccde0f5/job_events/03000000/3b94a5ba3d741ac419a7e7718d432deb97d0dc2f77dde0469ccde0f5-2026-08-06-18-1786042783481825420.jsonl: TASK_LIFECYCLE_EVENT must have at least one state transition"
time="2026-08-06T19:01:44Z" level=error msg="Failed to store events for file session_2026-08-06_11-59-17_917219_1/3b94a5ba3d741ac419a7e7718d432deb97d0dc2f77dde0469ccde0f5/job_events/03000000/3b94a5ba3d741ac419a7e7718d432deb97d0dc2f77dde0469ccde0f5-2026-08-06-18-1786042783481825420.jsonl: TASK_LIFECYCLE_EVENT must have at least one state transition"
time="2026-08-06T19:01:45Z" level=error msg="Failed to store events for file session_2026-08-06_11-59-17_917219_1/3b94a5ba3d741ac419a7e7718d432deb97d0dc2f77dde0469ccde0f5/job_events/03000000/3b94a5ba3d741ac419a7e7718d432deb97d0dc2f77dde0469ccde0f5-2026-08-06-18-1786042783481825420.jsonl: TASK_LIFECYCLE_EVENT must have at least one state transition"
time="2026-08-06T19:01:45Z" level=error msg="Failed to store events for file session_2026-08-06_11-59-17_917219_1/3b94a5ba3d741ac419a7e7718d432deb97d0dc2f77dde0469ccde0f5/job_events/03000000/3b94a5ba3d741ac419a7e7718d432deb97d0dc2f77dde0469ccde0f5-2026-08-06-18-1786042783481825420.jsonl: TASK_LIFECYCLE_EVENT must have at least one state transition"
time="2026-08-06T19:01:46Z" level=error msg="Failed to store events for file session_2026-08-06_11-59-17_917219_1/3b94a5ba3d741ac419a7e7718d432deb97d0dc2f77dde0469ccde0f5/job_events/03000000/3b94a5ba3d741ac419a7e7718d432deb97d0dc2f77dde0469ccde0f5-2026-08-06-18-1786042783481825420.jsonl: TASK_LIFECYCLE_EVENT must have at least one state transition"
time="2026-08-06T19:01:46Z" level=error msg="Failed to store events for file session_2026-08-06_11-59-17_917219_1/3b94a5ba3d741ac419a7e7718d432deb97d0dc2f77dde0469ccde0f5/job_events/03000000/3b94a5ba3d741ac419a7e7718d432deb97d0dc2f77dde0469ccde0f5-2026-08-06-18-1786042783481825420.jsonl: TASK_LIFECYCLE_EVENT must have at least one state transition"
time="2026-08-06T19:01:46Z" level=error msg="Failed to store events for file session_2026-08-06_11-59-17_917219_1/3b94a5ba3d741ac419a7e7718d432deb97d0dc2f77dde0469ccde0f5/job_events/03000000/3b94a5ba3d741ac419a7e7718d432deb97d0dc2f77dde0469ccde0f5-2026-08-06-18-1786042783481825420.jsonl: TASK_LIFECYCLE_EVENT must have at least one state transition"
time="2026-08-06T19:01:47Z" level=error msg="Failed to store events for file session_2026-08-06_11-59-17_917219_1/3b94a5ba3d741ac419a7e7718d432deb97d0dc2f77dde0469ccde0f5/job_events/03000000/3b94a5ba3d741ac419a7e7718d432deb97d0dc2f77dde0469ccde0f5-2026-08-06-18-1786042783481825420.jsonl: TASK_LIFECYCLE_EVENT must have at least one state transition"
time="2026-08-06T19:01:47Z" level=error msg="Failed to store events for file session_2026-08-06_11-59-17_917219_1/3b94a5ba3d741ac419a7e7718d432deb97d0dc2f77dde0469ccde0f5/job_events/03000000/3b94a5ba3d741ac419a7e7718d432deb97d0dc2f77dde0469ccde0f5-2026-08-06-18-1786042783481825420.jsonl: TASK_LIFECYCLE_EVENT must have at least one state transition"
time="2026-08-06T19:01:48Z" level=error msg="Failed to store events for file session_2026-08-06_11-59-17_917219_1/3b94a5ba3d741ac419a7e7718d432deb97d0dc2f77dde0469ccde0f5/job_events/03000000/3b94a5ba3d741ac419a7e7718d432deb97d0dc2f77dde0469ccde0f5-2026-08-06-18-1786042783481825420.jsonl: TASK_LIFECYCLE_EVENT must have at least one state transition"
time="2026-08-06T19:01:49Z" level=error msg="Failed to store events for file session_2026-08-06_11-59-17_917219_1/3b94a5ba3d741ac419a7e7718d432deb97d0dc2f77dde0469ccde0f5/job_events/03000000/3b94a5ba3d741ac419a7e7718d432deb97d0dc2f77dde0469ccde0f5-2026-08-06-18-1786042783481825420.jsonl: TASK_LIFECYCLE_EVENT must have at least one state transition"
time="2026-08-06T19:01:50Z" level=error msg="Failed to store events for file session_2026-08-06_11-59-17_917219_1/3b94a5ba3d741ac419a7e7718d432deb97d0dc2f77dde0469ccde0f5/job_events/03000000/3b94a5ba3d741ac419a7e7718d432deb97d0dc2f77dde0469ccde0f5-2026-08-06-18-1786042783481825420.jsonl: TASK_LIFECYCLE_EVENT must have at least one state transition"
time="2026-08-06T19:01:51Z" level=error msg="Failed to store events for file session_2026-08-06_11-59-17_917219_1/3b94a5ba3d741ac419a7e7718d432deb97d0dc2f77dde0469ccde0f5/job_events/03000000/3b94a5ba3d741ac419a7e7718d432deb97d0dc2f77dde0469ccde0f5-2026-08-06-18-1786042783481825420.jsonl: TASK_LIFECYCLE_EVENT must have at least one state transition"
time="2026-08-06T19:01:53Z" level=error msg="Failed to store events for file session_2026-08-06_11-59-17_917219_1/3b94a5ba3d741ac419a7e7718d432deb97d0dc2f77dde0469ccde0f5/job_events/03000000/3b94a5ba3d741ac419a7e7718d432deb97d0dc2f77dde0469ccde0f5-2026-08-06-18-1786042783481825420.jsonl: TASK_LIFECYCLE_EVENT must have at least one state transition"
time="2026-08-06T19:01:53Z" level=error msg="Failed to store events for file session_2026-08-06_11-59-17_917219_1/3b94a5ba3d741ac419a7e7718d432deb97d0dc2f77dde0469ccde0f5/job_events/03000000/3b94a5ba3d741ac419a7e7718d432deb97d0dc2f77dde0469ccde0f5-2026-08-06-18-1786042783481825420.jsonl: TASK_LIFECYCLE_EVENT must have at least one state transition"
time="2026-08-06T19:01:54Z" level=error msg="Failed to store events for file session_2026-08-06_11-59-17_917219_1/3b94a5ba3d741ac419a7e7718d432deb97d0dc2f77dde0469ccde0f5/job_events/03000000/3b94a5ba3d741ac419a7e7718d432deb97d0dc2f77dde0469ccde0f5-2026-08-06-18-1786042783481825420.jsonl: TASK_LIFECYCLE_EVENT must have at least one state transition"
time="2026-08-06T19:01:54Z" level=error msg="Failed to store events for file session_2026-08-06_11-59-17_917219_1/3b94a5ba3d741ac419a7e7718d432deb97d0dc2f77dde0469ccde0f5/job_events/03000000/3b94a5ba3d741ac419a7e7718d432deb97d0dc2f77dde0469ccde0f5-2026-08-06-18-1786042783481825420.jsonl: TASK_LIFECYCLE_EVENT must have at least one state transition"
time="2026-08-06T19:01:54Z" level=error msg="Failed to store events for file session_2026-08-06_11-59-17_917219_1/3b94a5ba3d741ac419a7e7718d432deb97d0dc2f77dde0469ccde0f5/job_events/03000000/3b94a5ba3d741ac419a7e7718d432deb97d0dc2f77dde0469ccde0f5-2026-08-06-18-1786042783481825420.jsonl: TASK_LIFECYCLE_EVENT must have at least one state transition"
time="2026-08-06T19:01:54Z" level=error msg="Failed to store events for file session_2026-08-06_11-59-17_917219_1/3b94a5ba3d741ac419a7e7718d432deb97d0dc2f77dde0469ccde0f5/job_events/03000000/3b94a5ba3d741ac419a7e7718d432deb97d0dc2f77dde0469ccde0f5-2026-08-06-18-1786042783481825420.jsonl: TASK_LIFECYCLE_EVENT must have at least one state transition"
time="2026-08-06T19:01:55Z" level=error msg="Failed to store events for file session_2026-08-06_11-59-17_917219_1/3b94a5ba3d741ac419a7e7718d432deb97d0dc2f77dde0469ccde0f5/job_events/03000000/3b94a5ba3d741ac419a7e7718d432deb97d0dc2f77dde0469ccde0f5-2026-08-06-18-1786042783481825420.jsonl: TASK_LIFECYCLE_EVENT must have at least one state transition"
time="2026-08-06T19:01:56Z" level=error msg="Failed to store events for file session_2026-08-06_11-59-17_917219_1/3b94a5ba3d741ac419a7e7718d432deb97d0dc2f77dde0469ccde0f5/job_events/03000000/3b94a5ba3d741ac419a7e7718d432deb97d0dc2f77dde0469ccde0f5-2026-08-06-18-1786042783481825420.jsonl: TASK_LIFECYCLE_EVENT must have at least one state transition"
time="2026-08-06T19:01:56Z" level=error msg="Failed to store events for file session_2026-08-06_11-59-17_917219_1/3b94a5ba3d741ac419a7e7718d432deb97d0dc2f77dde0469ccde0f5/job_events/03000000/3b94a5ba3d741ac419a7e7718d432deb97d0dc2f77dde0469ccde0f5-2026-08-06-18-1786042783481825420.jsonl: TASK_LIFECYCLE_EVENT must have at least one state transition"
time="2026-08-06T19:01:56Z" level=error msg="Failed to store events for file session_2026-08-06_11-59-17_917219_1/3b94a5ba3d741ac419a7e7718d432deb97d0dc2f77dde0469ccde0f5/job_events/03000000/3b94a5ba3d741ac419a7e7718d432deb97d0dc2f77dde0469ccde0f5-2026-08-06-18-1786042783481825420.jsonl: TASK_LIFECYCLE_EVENT must have at least one state transition"
time="2026-08-06T19:01:57Z" level=error msg="Failed to store events for file session_2026-08-06_11-59-17_917219_1/3b94a5ba3d741ac419a7e7718d432deb97d0dc2f77dde0469ccde0f5/job_events/03000000/3b94a5ba3d741ac419a7e7718d432deb97d0dc2f77dde0469ccde0f5-2026-08-06-18-1786042783481825420.jsonl: TASK_LIFECYCLE_EVENT must have at least one state transition"
time="2026-08-06T19:01:57Z" level=info msg="Prepare to get object log/cluster-history/raycluster/test-ns-4zz46/raycluster-historyserver/session_2026-08-06_11-59-17_917219_1/3b94a5ba3d741ac419a7e7718d432deb97d0dc2f77dde0469ccde0f5/job_events/03000000/3b94a5ba3d741ac419a7e7718d432deb97d0dc2f77dde0469ccde0f5-2026-08-06-19-1786042831439945512.jsonl info ..."
time="2026-08-06T19:02:00Z" level=error msg="Failed to store events for file session_2026-08-06_11-59-17_917219_1/3b94a5ba3d741ac419a7e7718d432deb97d0dc2f77dde0469ccde0f5/job_events/03000000/3b94a5ba3d741ac419a7e7718d432deb97d0dc2f77dde0469ccde0f5-2026-08-06-19-1786042831439945512.jsonl: TASK_LIFECYCLE_EVENT must have at least one state transition"
time="2026-08-06T19:02:00Z" level=error msg="Failed to store events for file session_2026-08-06_11-59-17_917219_1/3b94a5ba3d741ac419a7e7718d432deb97d0dc2f77dde0469ccde0f5/job_events/03000000/3b94a5ba3d741ac419a7e7718d432deb97d0dc2f77dde0469ccde0f5-2026-08-06-19-1786042831439945512.jsonl: TASK_LIFECYCLE_EVENT must have at least one state transition"
time="2026-08-06T19:02:01Z" level=error msg="Failed to store events for file session_2026-08-06_11-59-17_917219_1/3b94a5ba3d741ac419a7e7718d432deb97d0dc2f77dde0469ccde0f5/job_events/03000000/3b94a5ba3d741ac419a7e7718d432deb97d0dc2f77dde0469ccde0f5-2026-08-06-19-1786042831439945512.jsonl: TASK_LIFECYCLE_EVENT must have at least one state transition"
time="2026-08-06T19:02:01Z" level=error msg="Failed to store events for file session_2026-08-06_11-59-17_917219_1/3b94a5ba3d741ac419a7e7718d432deb97d0dc2f77dde0469ccde0f5/job_events/03000000/3b94a5ba3d741ac419a7e7718d432deb97d0dc2f77dde0469ccde0f5-2026-08-06-19-1786042831439945512.jsonl: TASK_LIFECYCLE_EVENT must have at least one state transition"
time="2026-08-06T19:02:01Z" level=error msg="Failed to store events for file session_2026-08-06_11-59-17_917219_1/3b94a5ba3d741ac419a7e7718d432deb97d0dc2f77dde0469ccde0f5/job_events/03000000/3b94a5ba3d741ac419a7e7718d432deb97d0dc2f77dde0469ccde0f5-2026-08-06-19-1786042831439945512.jsonl: TASK_LIFECYCLE_EVENT must have at least one state transition"
time="2026-08-06T19:02:01Z" level=info msg="Prepare to get object log/cluster-history/raycluster/test-ns-4zz46/raycluster-historyserver/session_2026-08-06_11-59-17_917219_1/ce2ef96af9711ffcdda1d27dbe75784897675832656bc6b7b1fa9be8/job_events/01000000/ce2ef96af9711ffcdda1d27dbe75784897675832656bc6b7b1fa9be8-2026-08-06-18-1786042763251598175.jsonl info ..."
time="2026-08-06T19:02:01Z" level=info msg="Prepare to get object log/cluster-history/raycluster/test-ns-4zz46/raycluster-historyserver/session_2026-08-06_11-59-17_917219_1/ce2ef96af9711ffcdda1d27dbe75784897675832656bc6b7b1fa9be8/job_events/02000000/ce2ef96af9711ffcdda1d27dbe75784897675832656bc6b7b1fa9be8-2026-08-06-18-1786042780492624044.jsonl info ..."
time="2026-08-06T19:02:01Z" level=info msg="Prepare to get object log/cluster-history/raycluster/test-ns-4zz46/raycluster-historyserver/session_2026-08-06_11-59-17_917219_1/ce2ef96af9711ffcdda1d27dbe75784897675832656bc6b7b1fa9be8/job_events/03000000/ce2ef96af9711ffcdda1d27dbe75784897675832656bc6b7b1fa9be8-2026-08-06-18-1786042781491851669.jsonl info ..."
gc 5 @68.224s 2%: 0.53+2701+0.10 ms clock, 1.0+0.22/1356/1955+0.21 ms cpu, 2074->2092->416 MB, 2721 MB goal, 0 MB stacks, 0 MB globals, 2 P
time="2026-08-06T19:03:00Z" level=info msg="Prepare to get object log/cluster-history/raycluster/test-ns-4zz46/raycluster-historyserver/session_2026-08-06_11-59-17_917219_1/ce2ef96af9711ffcdda1d27dbe75784897675832656bc6b7b1fa9be8/job_events/03000000/ce2ef96af9711ffcdda1d27dbe75784897675832656bc6b7b1fa9be8-2026-08-06-19-1786042823473666134.jsonl info ..."
gc 6 @118.821s 1%: 0.25+2409+0.082 ms clock, 0.51+255/1235/1465+0.16 ms cpu, 1593->1693->361 MB, 2086 MB goal, 0 MB stacks, 0 MB globals, 2 P
time="2026-08-06T19:03:28Z" level=error msg="Failed to load session test-ns-4zz46/raycluster-historyserver/session_2026-08-06_11-59-17_917219_1: context deadline exceeded"
time="2026-08-06T19:03:29Z" level=info msg="Received request: GET /enter_cluster/test-ns-4zz46/raycluster/raycluster-historyserver/session_2026-08-06_11-59-17_917219_1"
time="2026-08-06T19:03:29Z" level=info msg="[List]Returned objects in log/cluster-metadata/. length of page.Contents: 2, length of page.CommonPrefixes: 0"
time="2026-08-06T19:03:29Z" level=error msg="Failed to parse meta file path: log/cluster-metadata/raycluster/test-ns-4zz46_raycluster-historyserver/, error: invalid path segment count for cluster metadata structure: log/cluster-metadata/raycluster/test-ns-4zz46_raycluster-historyserver/"
time="2026-08-06T19:03:29Z" level=info msg="Parsed cluster raycluster-historyserver for session session_2026-08-06_11-59-17_917219_1 to list"
time="2026-08-06T19:03:29Z" level=info msg="[ListFiles]Returned objects in log/cluster-history/raycluster/test-ns-4zz46/raycluster-historyserver/session_2026-08-06_11-59-17_917219_1/. length of page.Contents: 0, length of page.CommonPrefixes: 3"
time="2026-08-06T19:03:29Z" level=info msg="[ListFiles]Returned objects in log/cluster-history/raycluster/test-ns-4zz46/raycluster-historyserver/session_2026-08-06_11-59-17_917219_1/3b94a5ba3d741ac419a7e7718d432deb97d0dc2f77dde0469ccde0f5/logs/events/. length of page.Contents: 13, length of page.CommonPrefixes: 0"
time="2026-08-06T19:03:29Z" level=info msg="Prepare to get object log/cluster-history/raycluster/test-ns-4zz46/raycluster-historyserver/session_2026-08-06_11-59-17_917219_1/3b94a5ba3d741ac419a7e7718d432deb97d0dc2f77dde0469ccde0f5/logs/events/event_CORE_WORKER_228.log info ..."
time="2026-08-06T19:03:29Z" level=info msg="Prepare to get object log/cluster-history/raycluster/test-ns-4zz46/raycluster-historyserver/session_2026-08-06_11-59-17_917219_1/3b94a5ba3d741ac419a7e7718d432deb97d0dc2f77dde0469ccde0f5/logs/events/event_CORE_WORKER_229.log info ..."
time="2026-08-06T19:03:29Z" level=info msg="Prepare to get object log/cluster-history/raycluster/test-ns-4zz46/raycluster-historyserver/session_2026-08-06_11-59-17_917219_1/3b94a5ba3d741ac419a7e7718d432deb97d0dc2f77dde0469ccde0f5/logs/events/event_CORE_WORKER_321.log info ..."
time="2026-08-06T19:03:29Z" level=info msg="Prepare to get object log/cluster-history/raycluster/test-ns-4zz46/raycluster-historyserver/session_2026-08-06_11-59-17_917219_1/3b94a5ba3d741ac419a7e7718d432deb97d0dc2f77dde0469ccde0f5/logs/events/event_CORE_WORKER_325.log info ..."
time="2026-08-06T19:03:29Z" level=info msg="Prepare to get object log/cluster-history/raycluster/test-ns-4zz46/raycluster-historyserver/session_2026-08-06_11-59-17_917219_1/3b94a5ba3d741ac419a7e7718d432deb97d0dc2f77dde0469ccde0f5/logs/events/event_CORE_WORKER_399.log info ..."
time="2026-08-06T19:03:29Z" level=info msg="Prepare to get object log/cluster-history/raycluster/test-ns-4zz46/raycluster-historyserver/session_2026-08-06_11-59-17_917219_1/3b94a5ba3d741ac419a7e7718d432deb97d0dc2f77dde0469ccde0f5/logs/events/event_CORE_WORKER_419.log info ..."
time="2026-08-06T19:03:29Z" level=info msg="Prepare to get object log/cluster-history/raycluster/test-ns-4zz46/raycluster-historyserver/session_2026-08-06_11-59-17_917219_1/3b94a5ba3d741ac419a7e7718d432deb97d0dc2f77dde0469ccde0f5/logs/events/event_CORE_WORKER_492.log info ..."
time="2026-08-06T19:03:29Z" level=info msg="Prepare to get object log/cluster-history/raycluster/test-ns-4zz46/raycluster-historyserver/session_2026-08-06_11-59-17_917219_1/3b94a5ba3d741ac419a7e7718d432deb97d0dc2f77dde0469ccde0f5/logs/events/event_CORE_WORKER_513.log info ..."
time="2026-08-06T19:03:29Z" level=info msg="Prepare to get object log/cluster-history/raycluster/test-ns-4zz46/raycluster-historyserver/session_2026-08-06_11-59-17_917219_1/3b94a5ba3d741ac419a7e7718d432deb97d0dc2f77dde0469ccde0f5/logs/events/event_CORE_WORKER_591.log info ..."
time="2026-08-06T19:03:29Z" level=info msg="Prepare to get object log/cluster-history/raycluster/test-ns-4zz46/raycluster-historyserver/session_2026-08-06_11-59-17_917219_1/3b94a5ba3d741ac419a7e7718d432deb97d0dc2f77dde0469ccde0f5/logs/events/event_CORE_WORKER_609.log info ..."
time="2026-08-06T19:03:29Z" level=info msg="Prepare to get object log/cluster-history/raycluster/test-ns-4zz46/raycluster-historyserver/session_2026-08-06_11-59-17_917219_1/3b94a5ba3d741ac419a7e7718d432deb97d0dc2f77dde0469ccde0f5/logs/events/event_CORE_WORKER_697.log info ..."
time="2026-08-06T19:03:29Z" level=info msg="Prepare to get object log/cluster-history/raycluster/test-ns-4zz46/raycluster-historyserver/session_2026-08-06_11-59-17_917219_1/3b94a5ba3d741ac419a7e7718d432deb97d0dc2f77dde0469ccde0f5/logs/events/event_RAYLET.log info ..."
time="2026-08-06T19:03:29Z" level=info msg="[ListFiles]Returned objects in log/cluster-history/raycluster/test-ns-4zz46/raycluster-historyserver/session_2026-08-06_11-59-17_917219_1/ce2ef96af9711ffcdda1d27dbe75784897675832656bc6b7b1fa9be8/logs/events/. length of page.Contents: 11, length of page.CommonPrefixes: 0"
time="2026-08-06T19:03:29Z" level=info msg="Prepare to get object log/cluster-history/raycluster/test-ns-4zz46/raycluster-historyserver/session_2026-08-06_11-59-17_917219_1/ce2ef96af9711ffcdda1d27dbe75784897675832656bc6b7b1fa9be8/logs/events/event_AUTOSCALER.log info ..."
time="2026-08-06T19:03:29Z" level=info msg="Prepare to get object log/cluster-history/raycluster/test-ns-4zz46/raycluster-historyserver/session_2026-08-06_11-59-17_917219_1/ce2ef96af9711ffcdda1d27dbe75784897675832656bc6b7b1fa9be8/logs/events/event_CORE_WORKER_1020.log info ..."
time="2026-08-06T19:03:29Z" level=info msg="Prepare to get object log/cluster-history/raycluster/test-ns-4zz46/raycluster-historyserver/session_2026-08-06_11-59-17_917219_1/ce2ef96af9711ffcdda1d27dbe75784897675832656bc6b7b1fa9be8/logs/events/event_CORE_WORKER_1176.log info ..."
time="2026-08-06T19:03:29Z" level=info msg="Prepare to get object log/cluster-history/raycluster/test-ns-4zz46/raycluster-historyserver/session_2026-08-06_11-59-17_917219_1/ce2ef96af9711ffcdda1d27dbe75784897675832656bc6b7b1fa9be8/logs/events/event_CORE_WORKER_201.log info ..."
time="2026-08-06T19:03:29Z" level=info msg="Prepare to get object log/cluster-history/raycluster/test-ns-4zz46/raycluster-historyserver/session_2026-08-06_11-59-17_917219_1/ce2ef96af9711ffcdda1d27dbe75784897675832656bc6b7b1fa9be8/logs/events/event_CORE_WORKER_206.log info ..."
time="2026-08-06T19:03:29Z" level=info msg="Prepare to get object log/cluster-history/raycluster/test-ns-4zz46/raycluster-historyserver/session_2026-08-06_11-59-17_917219_1/ce2ef96af9711ffcdda1d27dbe75784897675832656bc6b7b1fa9be8/logs/events/event_CORE_WORKER_680.log info ..."
time="2026-08-06T19:03:29Z" level=info msg="Prepare to get object log/cluster-history/raycluster/test-ns-4zz46/raycluster-historyserver/session_2026-08-06_11-59-17_917219_1/ce2ef96af9711ffcdda1d27dbe75784897675832656bc6b7b1fa9be8/logs/events/event_CORE_WORKER_963.log info ..."
time="2026-08-06T19:03:29Z" level=info msg="Prepare to get object log/cluster-history/raycluster/test-ns-4zz46/raycluster-historyserver/session_2026-08-06_11-59-17_917219_1/ce2ef96af9711ffcdda1d27dbe75784897675832656bc6b7b1fa9be8/logs/events/event_GCS.log info ..."
time="2026-08-06T19:03:29Z" level=info msg="Prepare to get object log/cluster-history/raycluster/test-ns-4zz46/raycluster-historyserver/session_2026-08-06_11-59-17_917219_1/ce2ef96af9711ffcdda1d27dbe75784897675832656bc6b7b1fa9be8/logs/events/event_JOBS.log info ..."
time="2026-08-06T19:03:29Z" level=info msg="Prepare to get object log/cluster-history/raycluster/test-ns-4zz46/raycluster-historyserver/session_2026-08-06_11-59-17_917219_1/ce2ef96af9711ffcdda1d27dbe75784897675832656bc6b7b1fa9be8/logs/events/event_RAYLET.log info ..."
time="2026-08-06T19:03:29Z" level=info msg="[ListFiles]Returned objects in log/cluster-history/raycluster/test-ns-4zz46/raycluster-historyserver/session_2026-08-06_11-59-17_917219_1/fetched_endpoints/logs/events/. length of page.Contents: 0, length of page.CommonPrefixes: 0"
time="2026-08-06T19:03:29Z" level=info msg="[ListFiles]Returned objects in log/cluster-history/raycluster/test-ns-4zz46/raycluster-historyserver/session_2026-08-06_11-59-17_917219_1/. length of page.Contents: 0, length of page.CommonPrefixes: 3"
time="2026-08-06T19:03:29Z" level=info msg="[ListFiles]Returned objects in log/cluster-history/raycluster/test-ns-4zz46/raycluster-historyserver/session_2026-08-06_11-59-17_917219_1/3b94a5ba3d741ac419a7e7718d432deb97d0dc2f77dde0469ccde0f5/job_events/. length of page.Contents: 0, length of page.CommonPrefixes: 1"
time="2026-08-06T19:03:29Z" level=info msg="[ListFiles]Returned objects in log/cluster-history/raycluster/test-ns-4zz46/raycluster-historyserver/session_2026-08-06_11-59-17_917219_1/3b94a5ba3d741ac419a7e7718d432deb97d0dc2f77dde0469ccde0f5/job_events/03000000/. length of page.Contents: 3, length of page.CommonPrefixes: 0"
time="2026-08-06T19:03:29Z" level=info msg="[ListFiles]Returned objects in log/cluster-history/raycluster/test-ns-4zz46/raycluster-historyserver/session_2026-08-06_11-59-17_917219_1/ce2ef96af9711ffcdda1d27dbe75784897675832656bc6b7b1fa9be8/job_events/. length of page.Contents: 0, length of page.CommonPrefixes: 4"
time="2026-08-06T19:03:29Z" level=info msg="[ListFiles]Returned objects in log/cluster-history/raycluster/test-ns-4zz46/raycluster-historyserver/session_2026-08-06_11-59-17_917219_1/ce2ef96af9711ffcdda1d27dbe75784897675832656bc6b7b1fa9be8/job_events/01000000/. length of page.Contents: 2, length of page.CommonPrefixes: 0"
time="2026-08-06T19:03:29Z" level=info msg="[ListFiles]Returned objects in log/cluster-history/raycluster/test-ns-4zz46/raycluster-historyserver/session_2026-08-06_11-59-17_917219_1/ce2ef96af9711ffcdda1d27dbe75784897675832656bc6b7b1fa9be8/job_events/02000000/. length of page.Contents: 2, length of page.CommonPrefixes: 0"
time="2026-08-06T19:03:29Z" level=info msg="[ListFiles]Returned objects in log/cluster-history/raycluster/test-ns-4zz46/raycluster-historyserver/session_2026-08-06_11-59-17_917219_1/ce2ef96af9711ffcdda1d27dbe75784897675832656bc6b7b1fa9be8/job_events/03000000/. length of page.Contents: 3, length of page.CommonPrefixes: 0"
time="2026-08-06T19:03:29Z" level=info msg="[ListFiles]Returned objects in log/cluster-history/raycluster/test-ns-4zz46/raycluster-historyserver/session_2026-08-06_11-59-17_917219_1/ce2ef96af9711ffcdda1d27dbe75784897675832656bc6b7b1fa9be8/job_events/04000000/. length of page.Contents: 2, length of page.CommonPrefixes: 0"
time="2026-08-06T19:03:29Z" level=info msg="[ListFiles]Returned objects in log/cluster-history/raycluster/test-ns-4zz46/raycluster-historyserver/session_2026-08-06_11-59-17_917219_1/fetched_endpoints/job_events/. length of page.Contents: 0, length of page.CommonPrefixes: 0"
time="2026-08-06T19:03:29Z" level=info msg="[ListFiles]Returned objects in log/cluster-history/raycluster/test-ns-4zz46/raycluster-historyserver/session_2026-08-06_11-59-17_917219_1/. length of page.Contents: 0, length of page.CommonPrefixes: 3"
time="2026-08-06T19:03:29Z" level=info msg="[ListFiles]Returned objects in log/cluster-history/raycluster/test-ns-4zz46/raycluster-historyserver/session_2026-08-06_11-59-17_917219_1/3b94a5ba3d741ac419a7e7718d432deb97d0dc2f77dde0469ccde0f5/node_events/. length of page.Contents: 0, length of page.CommonPrefixes: 0"
time="2026-08-06T19:03:29Z" level=info msg="[ListFiles]Returned objects in log/cluster-history/raycluster/test-ns-4zz46/raycluster-historyserver/session_2026-08-06_11-59-17_917219_1/ce2ef96af9711ffcdda1d27dbe75784897675832656bc6b7b1fa9be8/node_events/. length of page.Contents: 2, length of page.CommonPrefixes: 0"
time="2026-08-06T19:03:29Z" level=info msg="[ListFiles]Returned objects in log/cluster-history/raycluster/test-ns-4zz46/raycluster-historyserver/session_2026-08-06_11-59-17_917219_1/fetched_endpoints/node_events/. length of page.Contents: 0, length of page.CommonPrefixes: 0"
time="2026-08-06T19:03:29Z" level=info msg="Prepare to get object log/cluster-history/raycluster/test-ns-4zz46/raycluster-historyserver/session_2026-08-06_11-59-17_917219_1/3b94a5ba3d741ac419a7e7718d432deb97d0dc2f77dde0469ccde0f5/job_events/03000000/3b94a5ba3d741ac419a7e7718d432deb97d0dc2f77dde0469ccde0f5-2026-08-06-18-1786042783481825420.jsonl info ..."
gc 7 @148.932s 1%: 0.22+198+0.089 ms clock, 0.45+0.13/139/60+0.17 ms cpu, 1432->1434->145 MB, 1808 MB goal, 0 MB stacks, 0 MB globals, 2 P
gc 8 @172.222s 1%: 0.62+3409+0.10 ms clock, 1.2+0.30/1746/1948+0.21 ms cpu, 670->693->553 MB, 730 MB goal, 0 MB stacks, 0 MB globals, 2 P
time="2026-08-06T19:03:59Z" level=error msg="Failed to store events for file session_2026-08-06_11-59-17_917219_1/3b94a5ba3d741ac419a7e7718d432deb97d0dc2f77dde0469ccde0f5/job_events/03000000/3b94a5ba3d741ac419a7e7718d432deb97d0dc2f77dde0469ccde0f5-2026-08-06-18-1786042783481825420.jsonl: TASK_LIFECYCLE_EVENT must have at least one state transition"
time="2026-08-06T19:04:00Z" level=error msg="Failed to store events for file session_2026-08-06_11-59-17_917219_1/3b94a5ba3d741ac419a7e7718d432deb97d0dc2f77dde0469ccde0f5/job_events/03000000/3b94a5ba3d741ac419a7e7718d432deb97d0dc2f77dde0469ccde0f5-2026-08-06-18-1786042783481825420.jsonl: TASK_LIFECYCLE_EVENT must have at least one state transition"
time="2026-08-06T19:04:00Z" level=error msg="Failed to store events for file session_2026-08-06_11-59-17_917219_1/3b94a5ba3d741ac419a7e7718d432deb97d0dc2f77dde0469ccde0f5/job_events/03000000/3b94a5ba3d741ac419a7e7718d432deb97d0dc2f77dde0469ccde0f5-2026-08-06-18-1786042783481825420.jsonl: TASK_LIFECYCLE_EVENT must have at least one state transition"
time="2026-08-06T19:04:00Z" level=error msg="Failed to store events for file session_2026-08-06_11-59-17_917219_1/3b94a5ba3d741ac419a7e7718d432deb97d0dc2f77dde0469ccde0f5/job_events/03000000/3b94a5ba3d741ac419a7e7718d432deb97d0dc2f77dde0469ccde0f5-2026-08-06-18-1786042783481825420.jsonl: TASK_LIFECYCLE_EVENT must have at least one state transition"
time="2026-08-06T19:04:01Z" level=error msg="Failed to store events for file session_2026-08-06_11-59-17_917219_1/3b94a5ba3d741ac419a7e7718d432deb97d0dc2f77dde0469ccde0f5/job_events/03000000/3b94a5ba3d741ac419a7e7718d432deb97d0dc2f77dde0469ccde0f5-2026-08-06-18-1786042783481825420.jsonl: TASK_LIFECYCLE_EVENT must have at least one state transition"
time="2026-08-06T19:04:02Z" level=error msg="Failed to store events for file session_2026-08-06_11-59-17_917219_1/3b94a5ba3d741ac419a7e7718d432deb97d0dc2f77dde0469ccde0f5/job_events/03000000/3b94a5ba3d741ac419a7e7718d432deb97d0dc2f77dde0469ccde0f5-2026-08-06-18-1786042783481825420.jsonl: TASK_LIFECYCLE_EVENT must have at least one state transition"
time="2026-08-06T19:04:03Z" level=error msg="Failed to store events for file session_2026-08-06_11-59-17_917219_1/3b94a5ba3d741ac419a7e7718d432deb97d0dc2f77dde0469ccde0f5/job_events/03000000/3b94a5ba3d741ac419a7e7718d432deb97d0dc2f77dde0469ccde0f5-2026-08-06-18-1786042783481825420.jsonl: TASK_LIFECYCLE_EVENT must have at least one state transition"
time="2026-08-06T19:04:04Z" level=error msg="Failed to store events for file session_2026-08-06_11-59-17_917219_1/3b94a5ba3d741ac419a7e7718d432deb97d0dc2f77dde0469ccde0f5/job_events/03000000/3b94a5ba3d741ac419a7e7718d432deb97d0dc2f77dde0469ccde0f5-2026-08-06-18-1786042783481825420.jsonl: TASK_LIFECYCLE_EVENT must have at least one state transition"
time="2026-08-06T19:04:04Z" level=error msg="Failed to store events for file session_2026-08-06_11-59-17_917219_1/3b94a5ba3d741ac419a7e7718d432deb97d0dc2f77dde0469ccde0f5/job_events/03000000/3b94a5ba3d741ac419a7e7718d432deb97d0dc2f77dde0469ccde0f5-2026-08-06-18-1786042783481825420.jsonl: TASK_LIFECYCLE_EVENT must have at least one state transition"
time="2026-08-06T19:04:04Z" level=error msg="Failed to store events for file session_2026-08-06_11-59-17_917219_1/3b94a5ba3d741ac419a7e7718d432deb97d0dc2f77dde0469ccde0f5/job_events/03000000/3b94a5ba3d741ac419a7e7718d432deb97d0dc2f77dde0469ccde0f5-2026-08-06-18-1786042783481825420.jsonl: TASK_LIFECYCLE_EVENT must have at least one state transition"
time="2026-08-06T19:04:05Z" level=error msg="Failed to store events for file session_2026-08-06_11-59-17_917219_1/3b94a5ba3d741ac419a7e7718d432deb97d0dc2f77dde0469ccde0f5/job_events/03000000/3b94a5ba3d741ac419a7e7718d432deb97d0dc2f77dde0469ccde0f5-2026-08-06-18-1786042783481825420.jsonl: TASK_LIFECYCLE_EVENT must have at least one state transition"
time="2026-08-06T19:04:05Z" level=error msg="Failed to store events for file session_2026-08-06_11-59-17_917219_1/3b94a5ba3d741ac419a7e7718d432deb97d0dc2f77dde0469ccde0f5/job_events/03000000/3b94a5ba3d741ac419a7e7718d432deb97d0dc2f77dde0469ccde0f5-2026-08-06-18-1786042783481825420.jsonl: TASK_LIFECYCLE_EVENT must have at least one state transition"
time="2026-08-06T19:04:05Z" level=error msg="Failed to store events for file session_2026-08-06_11-59-17_917219_1/3b94a5ba3d741ac419a7e7718d432deb97d0dc2f77dde0469ccde0f5/job_events/03000000/3b94a5ba3d741ac419a7e7718d432deb97d0dc2f77dde0469ccde0f5-2026-08-06-18-1786042783481825420.jsonl: TASK_LIFECYCLE_EVENT must have at least one state transition"
time="2026-08-06T19:04:05Z" level=error msg="Failed to store events for file session_2026-08-06_11-59-17_917219_1/3b94a5ba3d741ac419a7e7718d432deb97d0dc2f77dde0469ccde0f5/job_events/03000000/3b94a5ba3d741ac419a7e7718d432deb97d0dc2f77dde0469ccde0f5-2026-08-06-18-1786042783481825420.jsonl: TASK_LIFECYCLE_EVENT must have at least one state transition"
time="2026-08-06T19:04:06Z" level=error msg="Failed to store events for file session_2026-08-06_11-59-17_917219_1/3b94a5ba3d741ac419a7e7718d432deb97d0dc2f77dde0469ccde0f5/job_events/03000000/3b94a5ba3d741ac419a7e7718d432deb97d0dc2f77dde0469ccde0f5-2026-08-06-18-1786042783481825420.jsonl: TASK_LIFECYCLE_EVENT must have at least one state transition"
time="2026-08-06T19:04:06Z" level=error msg="Failed to store events for file session_2026-08-06_11-59-17_917219_1/3b94a5ba3d741ac419a7e7718d432deb97d0dc2f77dde0469ccde0f5/job_events/03000000/3b94a5ba3d741ac419a7e7718d432deb97d0dc2f77dde0469ccde0f5-2026-08-06-18-1786042783481825420.jsonl: TASK_LIFECYCLE_EVENT must have at least one state transition"
time="2026-08-06T19:04:07Z" level=error msg="Failed to store events for file session_2026-08-06_11-59-17_917219_1/3b94a5ba3d741ac419a7e7718d432deb97d0dc2f77dde0469ccde0f5/job_events/03000000/3b94a5ba3d741ac419a7e7718d432deb97d0dc2f77dde0469ccde0f5-2026-08-06-18-1786042783481825420.jsonl: TASK_LIFECYCLE_EVENT must have at least one state transition"
time="2026-08-06T19:04:07Z" level=error msg="Failed to store events for file session_2026-08-06_11-59-17_917219_1/3b94a5ba3d741ac419a7e7718d432deb97d0dc2f77dde0469ccde0f5/job_events/03000000/3b94a5ba3d741ac419a7e7718d432deb97d0dc2f77dde0469ccde0f5-2026-08-06-18-1786042783481825420.jsonl: TASK_LIFECYCLE_EVENT must have at least one state transition"
time="2026-08-06T19:04:07Z" level=error msg="Failed to store events for file session_2026-08-06_11-59-17_917219_1/3b94a5ba3d741ac419a7e7718d432deb97d0dc2f77dde0469ccde0f5/job_events/03000000/3b94a5ba3d741ac419a7e7718d432deb97d0dc2f77dde0469ccde0f5-2026-08-06-18-1786042783481825420.jsonl: TASK_LIFECYCLE_EVENT must have at least one state transition"
time="2026-08-06T19:04:08Z" level=error msg="Failed to store events for file session_2026-08-06_11-59-17_917219_1/3b94a5ba3d741ac419a7e7718d432deb97d0dc2f77dde0469ccde0f5/job_events/03000000/3b94a5ba3d741ac419a7e7718d432deb97d0dc2f77dde0469ccde0f5-2026-08-06-18-1786042783481825420.jsonl: TASK_LIFECYCLE_EVENT must have at least one state transition"
time="2026-08-06T19:04:08Z" level=error msg="Failed to store events for file session_2026-08-06_11-59-17_917219_1/3b94a5ba3d741ac419a7e7718d432deb97d0dc2f77dde0469ccde0f5/job_events/03000000/3b94a5ba3d741ac419a7e7718d432deb97d0dc2f77dde0469ccde0f5-2026-08-06-18-1786042783481825420.jsonl: TASK_LIFECYCLE_EVENT must have at least one state transition"
time="2026-08-06T19:04:08Z" level=error msg="Failed to store events for file session_2026-08-06_11-59-17_917219_1/3b94a5ba3d741ac419a7e7718d432deb97d0dc2f77dde0469ccde0f5/job_events/03000000/3b94a5ba3d741ac419a7e7718d432deb97d0dc2f77dde0469ccde0f5-2026-08-06-18-1786042783481825420.jsonl: TASK_LIFECYCLE_EVENT must have at least one state transition"
time="2026-08-06T19:04:08Z" level=error msg="Failed to store events for file session_2026-08-06_11-59-17_917219_1/3b94a5ba3d741ac419a7e7718d432deb97d0dc2f77dde0469ccde0f5/job_events/03000000/3b94a5ba3d741ac419a7e7718d432deb97d0dc2f77dde0469ccde0f5-2026-08-06-18-1786042783481825420.jsonl: TASK_LIFECYCLE_EVENT must have at least one state transition"
time="2026-08-06T19:04:09Z" level=error msg="Failed to store events for file session_2026-08-06_11-59-17_917219_1/3b94a5ba3d741ac419a7e7718d432deb97d0dc2f77dde0469ccde0f5/job_events/03000000/3b94a5ba3d741ac419a7e7718d432deb97d0dc2f77dde0469ccde0f5-2026-08-06-18-1786042783481825420.jsonl: TASK_LIFECYCLE_EVENT must have at least one state transition"
time="2026-08-06T19:04:10Z" level=error msg="Failed to store events for file session_2026-08-06_11-59-17_917219_1/3b94a5ba3d741ac419a7e7718d432deb97d0dc2f77dde0469ccde0f5/job_events/03000000/3b94a5ba3d741ac419a7e7718d432deb97d0dc2f77dde0469ccde0f5-2026-08-06-18-1786042783481825420.jsonl: TASK_LIFECYCLE_EVENT must have at least one state transition"
time="2026-08-06T19:04:10Z" level=error msg="Failed to store events for file session_2026-08-06_11-59-17_917219_1/3b94a5ba3d741ac419a7e7718d432deb97d0dc2f77dde0469ccde0f5/job_events/03000000/3b94a5ba3d741ac419a7e7718d432deb97d0dc2f77dde0469ccde0f5-2026-08-06-18-1786042783481825420.jsonl: TASK_LIFECYCLE_EVENT must have at least one state transition"
time="2026-08-06T19:04:11Z" level=error msg="Failed to store events for file session_2026-08-06_11-59-17_917219_1/3b94a5ba3d741ac419a7e7718d432deb97d0dc2f77dde0469ccde0f5/job_events/03000000/3b94a5ba3d741ac419a7e7718d432deb97d0dc2f77dde0469ccde0f5-2026-08-06-18-1786042783481825420.jsonl: TASK_LIFECYCLE_EVENT must have at least one state transition"
time="2026-08-06T19:04:12Z" level=error msg="Failed to store events for file session_2026-08-06_11-59-17_917219_1/3b94a5ba3d741ac419a7e7718d432deb97d0dc2f77dde0469ccde0f5/job_events/03000000/3b94a5ba3d741ac419a7e7718d432deb97d0dc2f77dde0469ccde0f5-2026-08-06-18-1786042783481825420.jsonl: TASK_LIFECYCLE_EVENT must have at least one state transition"
time="2026-08-06T19:04:12Z" level=error msg="Failed to store events for file session_2026-08-06_11-59-17_917219_1/3b94a5ba3d741ac419a7e7718d432deb97d0dc2f77dde0469ccde0f5/job_events/03000000/3b94a5ba3d741ac419a7e7718d432deb97d0dc2f77dde0469ccde0f5-2026-08-06-18-1786042783481825420.jsonl: TASK_LIFECYCLE_EVENT must have at least one state transition"
time="2026-08-06T19:04:12Z" level=error msg="Failed to store events for file session_2026-08-06_11-59-17_917219_1/3b94a5ba3d741ac419a7e7718d432deb97d0dc2f77dde0469ccde0f5/job_events/03000000/3b94a5ba3d741ac419a7e7718d432deb97d0dc2f77dde0469ccde0f5-2026-08-06-18-1786042783481825420.jsonl: TASK_LIFECYCLE_EVENT must have at least one state transition"
time="2026-08-06T19:04:13Z" level=error msg="Failed to store events for file session_2026-08-06_11-59-17_917219_1/3b94a5ba3d741ac419a7e7718d432deb97d0dc2f77dde0469ccde0f5/job_events/03000000/3b94a5ba3d741ac419a7e7718d432deb97d0dc2f77dde0469ccde0f5-2026-08-06-18-1786042783481825420.jsonl: TASK_LIFECYCLE_EVENT must have at least one state transition"
time="2026-08-06T19:04:14Z" level=error msg="Failed to store events for file session_2026-08-06_11-59-17_917219_1/3b94a5ba3d741ac419a7e7718d432deb97d0dc2f77dde0469ccde0f5/job_events/03000000/3b94a5ba3d741ac419a7e7718d432deb97d0dc2f77dde0469ccde0f5-2026-08-06-18-1786042783481825420.jsonl: TASK_LIFECYCLE_EVENT must have at least one state transition"
time="2026-08-06T19:04:14Z" level=error msg="Failed to store events for file session_2026-08-06_11-59-17_917219_1/3b94a5ba3d741ac419a7e7718d432deb97d0dc2f77dde0469ccde0f5/job_events/03000000/3b94a5ba3d741ac419a7e7718d432deb97d0dc2f77dde0469ccde0f5-2026-08-06-18-1786042783481825420.jsonl: TASK_LIFECYCLE_EVENT must have at least one state transition"
time="2026-08-06T19:04:14Z" level=error msg="Failed to store events for file session_2026-08-06_11-59-17_917219_1/3b94a5ba3d741ac419a7e7718d432deb97d0dc2f77dde0469ccde0f5/job_events/03000000/3b94a5ba3d741ac419a7e7718d432deb97d0dc2f77dde0469ccde0f5-2026-08-06-18-1786042783481825420.jsonl: TASK_LIFECYCLE_EVENT must have at least one state transition"
time="2026-08-06T19:04:15Z" level=error msg="Failed to store events for file session_2026-08-06_11-59-17_917219_1/3b94a5ba3d741ac419a7e7718d432deb97d0dc2f77dde0469ccde0f5/job_events/03000000/3b94a5ba3d741ac419a7e7718d432deb97d0dc2f77dde0469ccde0f5-2026-08-06-18-1786042783481825420.jsonl: TASK_LIFECYCLE_EVENT must have at least one state transition"
time="2026-08-06T19:04:15Z" level=error msg="Failed to store events for file session_2026-08-06_11-59-17_917219_1/3b94a5ba3d741ac419a7e7718d432deb97d0dc2f77dde0469ccde0f5/job_events/03000000/3b94a5ba3d741ac419a7e7718d432deb97d0dc2f77dde0469ccde0f5-2026-08-06-18-1786042783481825420.jsonl: TASK_LIFECYCLE_EVENT must have at least one state transition"
time="2026-08-06T19:04:15Z" level=error msg="Failed to store events for file session_2026-08-06_11-59-17_917219_1/3b94a5ba3d741ac419a7e7718d432deb97d0dc2f77dde0469ccde0f5/job_events/03000000/3b94a5ba3d741ac419a7e7718d432deb97d0dc2f77dde0469ccde0f5-2026-08-06-18-1786042783481825420.jsonl: TASK_LIFECYCLE_EVENT must have at least one state transition"
time="2026-08-06T19:04:16Z" level=error msg="Failed to store events for file session_2026-08-06_11-59-17_917219_1/3b94a5ba3d741ac419a7e7718d432deb97d0dc2f77dde0469ccde0f5/job_events/03000000/3b94a5ba3d741ac419a7e7718d432deb97d0dc2f77dde0469ccde0f5-2026-08-06-18-1786042783481825420.jsonl: TASK_LIFECYCLE_EVENT must have at least one state transition"
time="2026-08-06T19:04:16Z" level=error msg="Failed to store events for file session_2026-08-06_11-59-17_917219_1/3b94a5ba3d741ac419a7e7718d432deb97d0dc2f77dde0469ccde0f5/job_events/03000000/3b94a5ba3d741ac419a7e7718d432deb97d0dc2f77dde0469ccde0f5-2026-08-06-18-1786042783481825420.jsonl: TASK_LIFECYCLE_EVENT must have at least one state transition"
time="2026-08-06T19:04:17Z" level=error msg="Failed to store events for file session_2026-08-06_11-59-17_917219_1/3b94a5ba3d741ac419a7e7718d432deb97d0dc2f77dde0469ccde0f5/job_events/03000000/3b94a5ba3d741ac419a7e7718d432deb97d0dc2f77dde0469ccde0f5-2026-08-06-18-1786042783481825420.jsonl: TASK_LIFECYCLE_EVENT must have at least one state transition"
time="2026-08-06T19:04:17Z" level=error msg="Failed to store events for file session_2026-08-06_11-59-17_917219_1/3b94a5ba3d741ac419a7e7718d432deb97d0dc2f77dde0469ccde0f5/job_events/03000000/3b94a5ba3d741ac419a7e7718d432deb97d0dc2f77dde0469ccde0f5-2026-08-06-18-1786042783481825420.jsonl: TASK_LIFECYCLE_EVENT must have at least one state transition"
time="2026-08-06T19:04:17Z" level=error msg="Failed to store events for file session_2026-08-06_11-59-17_917219_1/3b94a5ba3d741ac419a7e7718d432deb97d0dc2f77dde0469ccde0f5/job_events/03000000/3b94a5ba3d741ac419a7e7718d432deb97d0dc2f77dde0469ccde0f5-2026-08-06-18-1786042783481825420.jsonl: TASK_LIFECYCLE_EVENT must have at least one state transition"
time="2026-08-06T19:04:17Z" level=error msg="Failed to store events for file session_2026-08-06_11-59-17_917219_1/3b94a5ba3d741ac419a7e7718d432deb97d0dc2f77dde0469ccde0f5/job_events/03000000/3b94a5ba3d741ac419a7e7718d432deb97d0dc2f77dde0469ccde0f5-2026-08-06-18-1786042783481825420.jsonl: TASK_LIFECYCLE_EVENT must have at least one state transition"
time="2026-08-06T19:04:18Z" level=error msg="Failed to store events for file session_2026-08-06_11-59-17_917219_1/3b94a5ba3d741ac419a7e7718d432deb97d0dc2f77dde0469ccde0f5/job_events/03000000/3b94a5ba3d741ac419a7e7718d432deb97d0dc2f77dde0469ccde0f5-2026-08-06-18-1786042783481825420.jsonl: TASK_LIFECYCLE_EVENT must have at least one state transition"
time="2026-08-06T19:04:19Z" level=error msg="Failed to store events for file session_2026-08-06_11-59-17_917219_1/3b94a5ba3d741ac419a7e7718d432deb97d0dc2f77dde0469ccde0f5/job_events/03000000/3b94a5ba3d741ac419a7e7718d432deb97d0dc2f77dde0469ccde0f5-2026-08-06-18-1786042783481825420.jsonl: TASK_LIFECYCLE_EVENT must have at least one state transition"
time="2026-08-06T19:04:20Z" level=error msg="Failed to store events for file session_2026-08-06_11-59-17_917219_1/3b94a5ba3d741ac419a7e7718d432deb97d0dc2f77dde0469ccde0f5/job_events/03000000/3b94a5ba3d741ac419a7e7718d432deb97d0dc2f77dde0469ccde0f5-2026-08-06-18-1786042783481825420.jsonl: TASK_LIFECYCLE_EVENT must have at least one state transition"
time="2026-08-06T19:04:21Z" level=error msg="Failed to store events for file session_2026-08-06_11-59-17_917219_1/3b94a5ba3d741ac419a7e7718d432deb97d0dc2f77dde0469ccde0f5/job_events/03000000/3b94a5ba3d741ac419a7e7718d432deb97d0dc2f77dde0469ccde0f5-2026-08-06-18-1786042783481825420.jsonl: TASK_LIFECYCLE_EVENT must have at least one state transition"
time="2026-08-06T19:04:22Z" level=error msg="Failed to store events for file session_2026-08-06_11-59-17_917219_1/3b94a5ba3d741ac419a7e7718d432deb97d0dc2f77dde0469ccde0f5/job_events/03000000/3b94a5ba3d741ac419a7e7718d432deb97d0dc2f77dde0469ccde0f5-2026-08-06-18-1786042783481825420.jsonl: TASK_LIFECYCLE_EVENT must have at least one state transition"
time="2026-08-06T19:04:24Z" level=error msg="Failed to store events for file session_2026-08-06_11-59-17_917219_1/3b94a5ba3d741ac419a7e7718d432deb97d0dc2f77dde0469ccde0f5/job_events/03000000/3b94a5ba3d741ac419a7e7718d432deb97d0dc2f77dde0469ccde0f5-2026-08-06-18-1786042783481825420.jsonl: TASK_LIFECYCLE_EVENT must have at least one state transition"
time="2026-08-06T19:04:24Z" level=error msg="Failed to store events for file session_2026-08-06_11-59-17_917219_1/3b94a5ba3d741ac419a7e7718d432deb97d0dc2f77dde0469ccde0f5/job_events/03000000/3b94a5ba3d741ac419a7e7718d432deb97d0dc2f77dde0469ccde0f5-2026-08-06-18-1786042783481825420.jsonl: TASK_LIFECYCLE_EVENT must have at least one state transition"
time="2026-08-06T19:04:25Z" level=error msg="Failed to store events for file session_2026-08-06_11-59-17_917219_1/3b94a5ba3d741ac419a7e7718d432deb97d0dc2f77dde0469ccde0f5/job_events/03000000/3b94a5ba3d741ac419a7e7718d432deb97d0dc2f77dde0469ccde0f5-2026-08-06-18-1786042783481825420.jsonl: TASK_LIFECYCLE_EVENT must have at least one state transition"
time="2026-08-06T19:04:25Z" level=error msg="Failed to store events for file session_2026-08-06_11-59-17_917219_1/3b94a5ba3d741ac419a7e7718d432deb97d0dc2f77dde0469ccde0f5/job_events/03000000/3b94a5ba3d741ac419a7e7718d432deb97d0dc2f77dde0469ccde0f5-2026-08-06-18-1786042783481825420.jsonl: TASK_LIFECYCLE_EVENT must have at least one state transition"
time="2026-08-06T19:04:25Z" level=error msg="Failed to store events for file session_2026-08-06_11-59-17_917219_1/3b94a5ba3d741ac419a7e7718d432deb97d0dc2f77dde0469ccde0f5/job_events/03000000/3b94a5ba3d741ac419a7e7718d432deb97d0dc2f77dde0469ccde0f5-2026-08-06-18-1786042783481825420.jsonl: TASK_LIFECYCLE_EVENT must have at least one state transition"
time="2026-08-06T19:04:25Z" level=error msg="Failed to store events for file session_2026-08-06_11-59-17_917219_1/3b94a5ba3d741ac419a7e7718d432deb97d0dc2f77dde0469ccde0f5/job_events/03000000/3b94a5ba3d741ac419a7e7718d432deb97d0dc2f77dde0469ccde0f5-2026-08-06-18-1786042783481825420.jsonl: TASK_LIFECYCLE_EVENT must have at least one state transition"
time="2026-08-06T19:04:26Z" level=error msg="Failed to store events for file session_2026-08-06_11-59-17_917219_1/3b94a5ba3d741ac419a7e7718d432deb97d0dc2f77dde0469ccde0f5/job_events/03000000/3b94a5ba3d741ac419a7e7718d432deb97d0dc2f77dde0469ccde0f5-2026-08-06-18-1786042783481825420.jsonl: TASK_LIFECYCLE_EVENT must have at least one state transition"
time="2026-08-06T19:04:26Z" level=error msg="Failed to store events for file session_2026-08-06_11-59-17_917219_1/3b94a5ba3d741ac419a7e7718d432deb97d0dc2f77dde0469ccde0f5/job_events/03000000/3b94a5ba3d741ac419a7e7718d432deb97d0dc2f77dde0469ccde0f5-2026-08-06-18-1786042783481825420.jsonl: TASK_LIFECYCLE_EVENT must have at least one state transition"
time="2026-08-06T19:04:27Z" level=error msg="Failed to store events for file session_2026-08-06_11-59-17_917219_1/3b94a5ba3d741ac419a7e7718d432deb97d0dc2f77dde0469ccde0f5/job_events/03000000/3b94a5ba3d741ac419a7e7718d432deb97d0dc2f77dde0469ccde0f5-2026-08-06-18-1786042783481825420.jsonl: TASK_LIFECYCLE_EVENT must have at least one state transition"
time="2026-08-06T19:04:27Z" level=error msg="Failed to store events for file session_2026-08-06_11-59-17_917219_1/3b94a5ba3d741ac419a7e7718d432deb97d0dc2f77dde0469ccde0f5/job_events/03000000/3b94a5ba3d741ac419a7e7718d432deb97d0dc2f77dde0469ccde0f5-2026-08-06-18-1786042783481825420.jsonl: TASK_LIFECYCLE_EVENT must have at least one state transition"
time="2026-08-06T19:04:27Z" level=error msg="Failed to store events for file session_2026-08-06_11-59-17_917219_1/3b94a5ba3d741ac419a7e7718d432deb97d0dc2f77dde0469ccde0f5/job_events/03000000/3b94a5ba3d741ac419a7e7718d432deb97d0dc2f77dde0469ccde0f5-2026-08-06-18-1786042783481825420.jsonl: TASK_LIFECYCLE_EVENT must have at least one state transition"
time="2026-08-06T19:04:28Z" level=info msg="Prepare to get object log/cluster-history/raycluster/test-ns-4zz46/raycluster-historyserver/session_2026-08-06_11-59-17_917219_1/3b94a5ba3d741ac419a7e7718d432deb97d0dc2f77dde0469ccde0f5/job_events/03000000/3b94a5ba3d741ac419a7e7718d432deb97d0dc2f77dde0469ccde0f5-2026-08-06-19-1786042831439945512.jsonl info ..."
time="2026-08-06T19:04:30Z" level=error msg="Failed to store events for file session_2026-08-06_11-59-17_917219_1/3b94a5ba3d741ac419a7e7718d432deb97d0dc2f77dde0469ccde0f5/job_events/03000000/3b94a5ba3d741ac419a7e7718d432deb97d0dc2f77dde0469ccde0f5-2026-08-06-19-1786042831439945512.jsonl: TASK_LIFECYCLE_EVENT must have at least one state transition"
time="2026-08-06T19:04:31Z" level=error msg="Failed to store events for file session_2026-08-06_11-59-17_917219_1/3b94a5ba3d741ac419a7e7718d432deb97d0dc2f77dde0469ccde0f5/job_events/03000000/3b94a5ba3d741ac419a7e7718d432deb97d0dc2f77dde0469ccde0f5-2026-08-06-19-1786042831439945512.jsonl: TASK_LIFECYCLE_EVENT must have at least one state transition"
time="2026-08-06T19:04:31Z" level=error msg="Failed to store events for file session_2026-08-06_11-59-17_917219_1/3b94a5ba3d741ac419a7e7718d432deb97d0dc2f77dde0469ccde0f5/job_events/03000000/3b94a5ba3d741ac419a7e7718d432deb97d0dc2f77dde0469ccde0f5-2026-08-06-19-1786042831439945512.jsonl: TASK_LIFECYCLE_EVENT must have at least one state transition"
time="2026-08-06T19:04:31Z" level=error msg="Failed to store events for file session_2026-08-06_11-59-17_917219_1/3b94a5ba3d741ac419a7e7718d432deb97d0dc2f77dde0469ccde0f5/job_events/03000000/3b94a5ba3d741ac419a7e7718d432deb97d0dc2f77dde0469ccde0f5-2026-08-06-19-1786042831439945512.jsonl: TASK_LIFECYCLE_EVENT must have at least one state transition"
time="2026-08-06T19:04:31Z" level=error msg="Failed to store events for file session_2026-08-06_11-59-17_917219_1/3b94a5ba3d741ac419a7e7718d432deb97d0dc2f77dde0469ccde0f5/job_events/03000000/3b94a5ba3d741ac419a7e7718d432deb97d0dc2f77dde0469ccde0f5-2026-08-06-19-1786042831439945512.jsonl: TASK_LIFECYCLE_EVENT must have at least one state transition"
time="2026-08-06T19:04:31Z" level=info msg="Prepare to get object log/cluster-history/raycluster/test-ns-4zz46/raycluster-historyserver/session_2026-08-06_11-59-17_917219_1/ce2ef96af9711ffcdda1d27dbe75784897675832656bc6b7b1fa9be8/job_events/01000000/ce2ef96af9711ffcdda1d27dbe75784897675832656bc6b7b1fa9be8-2026-08-06-18-1786042763251598175.jsonl info ..."
time="2026-08-06T19:04:31Z" level=info msg="Prepare to get object log/cluster-history/raycluster/test-ns-4zz46/raycluster-historyserver/session_2026-08-06_11-59-17_917219_1/ce2ef96af9711ffcdda1d27dbe75784897675832656bc6b7b1fa9be8/job_events/02000000/ce2ef96af9711ffcdda1d27dbe75784897675832656bc6b7b1fa9be8-2026-08-06-18-1786042780492624044.jsonl info ..."
time="2026-08-06T19:04:31Z" level=info msg="Prepare to get object log/cluster-history/raycluster/test-ns-4zz46/raycluster-historyserver/session_2026-08-06_11-59-17_917219_1/ce2ef96af9711ffcdda1d27dbe75784897675832656bc6b7b1fa9be8/job_events/03000000/ce2ef96af9711ffcdda1d27dbe75784897675832656bc6b7b1fa9be8-2026-08-06-18-1786042781491851669.jsonl info ..."
gc 9 @221.096s 1%: 0.22+3427+0.096 ms clock, 0.45+0.10/1748/2283+0.19 ms cpu, 2143->2169->480 MB, 2770 MB goal, 0 MB stacks, 0 MB globals, 2 P
time="2026-08-06T19:05:32Z" level=error msg="Failed to load session test-ns-4zz46/raycluster-historyserver/session_2026-08-06_11-59-17_917219_1: context deadline exceeded"
time="2026-08-06T19:05:33Z" level=info msg="Received request: GET /enter_cluster/test-ns-4zz46/raycluster/raycluster-historyserver/session_2026-08-06_11-59-17_917219_1"
time="2026-08-06T19:05:33Z" level=info msg="[List]Returned objects in log/cluster-metadata/. length of page.Contents: 2, length of page.CommonPrefixes: 0"
time="2026-08-06T19:05:33Z" level=error msg="Failed to parse meta file path: log/cluster-metadata/raycluster/test-ns-4zz46_raycluster-historyserver/, error: invalid path segment count for cluster metadata structure: log/cluster-metadata/raycluster/test-ns-4zz46_raycluster-historyserver/"
time="2026-08-06T19:05:33Z" level=info msg="Parsed cluster raycluster-historyserver for session session_2026-08-06_11-59-17_917219_1 to list"
time="2026-08-06T19:05:33Z" level=info msg="[ListFiles]Returned objects in log/cluster-history/raycluster/test-ns-4zz46/raycluster-historyserver/session_2026-08-06_11-59-17_917219_1/. length of page.Contents: 0, length of page.CommonPrefixes: 3"
time="2026-08-06T19:05:33Z" level=info msg="[ListFiles]Returned objects in log/cluster-history/raycluster/test-ns-4zz46/raycluster-historyserver/session_2026-08-06_11-59-17_917219_1/3b94a5ba3d741ac419a7e7718d432deb97d0dc2f77dde0469ccde0f5/logs/events/. length of page.Contents: 13, length of page.CommonPrefixes: 0"
time="2026-08-06T19:05:33Z" level=info msg="Prepare to get object log/cluster-history/raycluster/test-ns-4zz46/raycluster-historyserver/session_2026-08-06_11-59-17_917219_1/3b94a5ba3d741ac419a7e7718d432deb97d0dc2f77dde0469ccde0f5/logs/events/event_CORE_WORKER_228.log info ..."
time="2026-08-06T19:05:33Z" level=info msg="Prepare to get object log/cluster-history/raycluster/test-ns-4zz46/raycluster-historyserver/session_2026-08-06_11-59-17_917219_1/3b94a5ba3d741ac419a7e7718d432deb97d0dc2f77dde0469ccde0f5/logs/events/event_CORE_WORKER_229.log info ..."
time="2026-08-06T19:05:33Z" level=info msg="Prepare to get object log/cluster-history/raycluster/test-ns-4zz46/raycluster-historyserver/session_2026-08-06_11-59-17_917219_1/3b94a5ba3d741ac419a7e7718d432deb97d0dc2f77dde0469ccde0f5/logs/events/event_CORE_WORKER_321.log info ..."
time="2026-08-06T19:05:33Z" level=info msg="Prepare to get object log/cluster-history/raycluster/test-ns-4zz46/raycluster-historyserver/session_2026-08-06_11-59-17_917219_1/3b94a5ba3d741ac419a7e7718d432deb97d0dc2f77dde0469ccde0f5/logs/events/event_CORE_WORKER_325.log info ..."
time="2026-08-06T19:05:33Z" level=info msg="Prepare to get object log/cluster-history/raycluster/test-ns-4zz46/raycluster-historyserver/session_2026-08-06_11-59-17_917219_1/3b94a5ba3d741ac419a7e7718d432deb97d0dc2f77dde0469ccde0f5/logs/events/event_CORE_WORKER_399.log info ..."
time="2026-08-06T19:05:33Z" level=info msg="Prepare to get object log/cluster-history/raycluster/test-ns-4zz46/raycluster-historyserver/session_2026-08-06_11-59-17_917219_1/3b94a5ba3d741ac419a7e7718d432deb97d0dc2f77dde0469ccde0f5/logs/events/event_CORE_WORKER_419.log info ..."
time="2026-08-06T19:05:33Z" level=info msg="Prepare to get object log/cluster-history/raycluster/test-ns-4zz46/raycluster-historyserver/session_2026-08-06_11-59-17_917219_1/3b94a5ba3d741ac419a7e7718d432deb97d0dc2f77dde0469ccde0f5/logs/events/event_CORE_WORKER_492.log info ..."
time="2026-08-06T19:05:33Z" level=info msg="Prepare to get object log/cluster-history/raycluster/test-ns-4zz46/raycluster-historyserver/session_2026-08-06_11-59-17_917219_1/3b94a5ba3d741ac419a7e7718d432deb97d0dc2f77dde0469ccde0f5/logs/events/event_CORE_WORKER_513.log info ..."
time="2026-08-06T19:05:33Z" level=info msg="Prepare to get object log/cluster-history/raycluster/test-ns-4zz46/raycluster-historyserver/session_2026-08-06_11-59-17_917219_1/3b94a5ba3d741ac419a7e7718d432deb97d0dc2f77dde0469ccde0f5/logs/events/event_CORE_WORKER_591.log info ..."
time="2026-08-06T19:05:33Z" level=info msg="Prepare to get object log/cluster-history/raycluster/test-ns-4zz46/raycluster-historyserver/session_2026-08-06_11-59-17_917219_1/3b94a5ba3d741ac419a7e7718d432deb97d0dc2f77dde0469ccde0f5/logs/events/event_CORE_WORKER_609.log info ..."
time="2026-08-06T19:05:33Z" level=info msg="Prepare to get object log/cluster-history/raycluster/test-ns-4zz46/raycluster-historyserver/session_2026-08-06_11-59-17_917219_1/3b94a5ba3d741ac419a7e7718d432deb97d0dc2f77dde0469ccde0f5/logs/events/event_CORE_WORKER_697.log info ..."
time="2026-08-06T19:05:33Z" level=info msg="Prepare to get object log/cluster-history/raycluster/test-ns-4zz46/raycluster-historyserver/session_2026-08-06_11-59-17_917219_1/3b94a5ba3d741ac419a7e7718d432deb97d0dc2f77dde0469ccde0f5/logs/events/event_RAYLET.log info ..."
time="2026-08-06T19:05:33Z" level=info msg="[ListFiles]Returned objects in log/cluster-history/raycluster/test-ns-4zz46/raycluster-historyserver/session_2026-08-06_11-59-17_917219_1/ce2ef96af9711ffcdda1d27dbe75784897675832656bc6b7b1fa9be8/logs/events/. length of page.Contents: 11, length of page.CommonPrefixes: 0"
time="2026-08-06T19:05:33Z" level=info msg="Prepare to get object log/cluster-history/raycluster/test-ns-4zz46/raycluster-historyserver/session_2026-08-06_11-59-17_917219_1/ce2ef96af9711ffcdda1d27dbe75784897675832656bc6b7b1fa9be8/logs/events/event_AUTOSCALER.log info ..."
time="2026-08-06T19:05:33Z" level=info msg="Prepare to get object log/cluster-history/raycluster/test-ns-4zz46/raycluster-historyserver/session_2026-08-06_11-59-17_917219_1/ce2ef96af9711ffcdda1d27dbe75784897675832656bc6b7b1fa9be8/logs/events/event_CORE_WORKER_1020.log info ..."
time="2026-08-06T19:05:33Z" level=info msg="Prepare to get object log/cluster-history/raycluster/test-ns-4zz46/raycluster-historyserver/session_2026-08-06_11-59-17_917219_1/ce2ef96af9711ffcdda1d27dbe75784897675832656bc6b7b1fa9be8/logs/events/event_CORE_WORKER_1176.log info ..."
time="2026-08-06T19:05:33Z" level=info msg="Prepare to get object log/cluster-history/raycluster/test-ns-4zz46/raycluster-historyserver/session_2026-08-06_11-59-17_917219_1/ce2ef96af9711ffcdda1d27dbe75784897675832656bc6b7b1fa9be8/logs/events/event_CORE_WORKER_201.log info ..."
time="2026-08-06T19:05:33Z" level=info msg="Prepare to get object log/cluster-history/raycluster/test-ns-4zz46/raycluster-historyserver/session_2026-08-06_11-59-17_917219_1/ce2ef96af9711ffcdda1d27dbe75784897675832656bc6b7b1fa9be8/logs/events/event_CORE_WORKER_206.log info ..."
time="2026-08-06T19:05:33Z" level=info msg="Prepare to get object log/cluster-history/raycluster/test-ns-4zz46/raycluster-historyserver/session_2026-08-06_11-59-17_917219_1/ce2ef96af9711ffcdda1d27dbe75784897675832656bc6b7b1fa9be8/logs/events/event_CORE_WORKER_680.log info ..."
time="2026-08-06T19:05:33Z" level=info msg="Prepare to get object log/cluster-history/raycluster/test-ns-4zz46/raycluster-historyserver/session_2026-08-06_11-59-17_917219_1/ce2ef96af9711ffcdda1d27dbe75784897675832656bc6b7b1fa9be8/logs/events/event_CORE_WORKER_963.log info ..."
time="2026-08-06T19:05:33Z" level=info msg="Prepare to get object log/cluster-history/raycluster/test-ns-4zz46/raycluster-historyserver/session_2026-08-06_11-59-17_917219_1/ce2ef96af9711ffcdda1d27dbe75784897675832656bc6b7b1fa9be8/logs/events/event_GCS.log info ..."
time="2026-08-06T19:05:33Z" level=info msg="Prepare to get object log/cluster-history/raycluster/test-ns-4zz46/raycluster-historyserver/session_2026-08-06_11-59-17_917219_1/ce2ef96af9711ffcdda1d27dbe75784897675832656bc6b7b1fa9be8/logs/events/event_JOBS.log info ..."
time="2026-08-06T19:05:33Z" level=info msg="Prepare to get object log/cluster-history/raycluster/test-ns-4zz46/raycluster-historyserver/session_2026-08-06_11-59-17_917219_1/ce2ef96af9711ffcdda1d27dbe75784897675832656bc6b7b1fa9be8/logs/events/event_RAYLET.log info ..."
time="2026-08-06T19:05:33Z" level=info msg="[ListFiles]Returned objects in log/cluster-history/raycluster/test-ns-4zz46/raycluster-historyserver/session_2026-08-06_11-59-17_917219_1/fetched_endpoints/logs/events/. length of page.Contents: 0, length of page.CommonPrefixes: 0"
time="2026-08-06T19:05:33Z" level=info msg="[ListFiles]Returned objects in log/cluster-history/raycluster/test-ns-4zz46/raycluster-historyserver/session_2026-08-06_11-59-17_917219_1/. length of page.Contents: 0, length of page.CommonPrefixes: 3"
time="2026-08-06T19:05:33Z" level=info msg="[ListFiles]Returned objects in log/cluster-history/raycluster/test-ns-4zz46/raycluster-historyserver/session_2026-08-06_11-59-17_917219_1/3b94a5ba3d741ac419a7e7718d432deb97d0dc2f77dde0469ccde0f5/job_events/. length of page.Contents: 0, length of page.CommonPrefixes: 1"
time="2026-08-06T19:05:33Z" level=info msg="[ListFiles]Returned objects in log/cluster-history/raycluster/test-ns-4zz46/raycluster-historyserver/session_2026-08-06_11-59-17_917219_1/3b94a5ba3d741ac419a7e7718d432deb97d0dc2f77dde0469ccde0f5/job_events/03000000/. length of page.Contents: 3, length of page.CommonPrefixes: 0"
time="2026-08-06T19:05:33Z" level=info msg="[ListFiles]Returned objects in log/cluster-history/raycluster/test-ns-4zz46/raycluster-historyserver/session_2026-08-06_11-59-17_917219_1/ce2ef96af9711ffcdda1d27dbe75784897675832656bc6b7b1fa9be8/job_events/. length of page.Contents: 0, length of page.CommonPrefixes: 4"
time="2026-08-06T19:05:33Z" level=info msg="[ListFiles]Returned objects in log/cluster-history/raycluster/test-ns-4zz46/raycluster-historyserver/session_2026-08-06_11-59-17_917219_1/ce2ef96af9711ffcdda1d27dbe75784897675832656bc6b7b1fa9be8/job_events/01000000/. length of page.Contents: 2, length of page.CommonPrefixes: 0"
time="2026-08-06T19:05:33Z" level=info msg="[ListFiles]Returned objects in log/cluster-history/raycluster/test-ns-4zz46/raycluster-historyserver/session_2026-08-06_11-59-17_917219_1/ce2ef96af9711ffcdda1d27dbe75784897675832656bc6b7b1fa9be8/job_events/02000000/. length of page.Contents: 2, length of page.CommonPrefixes: 0"
time="2026-08-06T19:05:33Z" level=info msg="[ListFiles]Returned objects in log/cluster-history/raycluster/test-ns-4zz46/raycluster-historyserver/session_2026-08-06_11-59-17_917219_1/ce2ef96af9711ffcdda1d27dbe75784897675832656bc6b7b1fa9be8/job_events/03000000/. length of page.Contents: 3, length of page.CommonPrefixes: 0"
time="2026-08-06T19:05:33Z" level=info msg="[ListFiles]Returned objects in log/cluster-history/raycluster/test-ns-4zz46/raycluster-historyserver/session_2026-08-06_11-59-17_917219_1/ce2ef96af9711ffcdda1d27dbe75784897675832656bc6b7b1fa9be8/job_events/04000000/. length of page.Contents: 2, length of page.CommonPrefixes: 0"
time="2026-08-06T19:05:33Z" level=info msg="[ListFiles]Returned objects in log/cluster-history/raycluster/test-ns-4zz46/raycluster-historyserver/session_2026-08-06_11-59-17_917219_1/fetched_endpoints/job_events/. length of page.Contents: 0, length of page.CommonPrefixes: 0"
time="2026-08-06T19:05:33Z" level=info msg="[ListFiles]Returned objects in log/cluster-history/raycluster/test-ns-4zz46/raycluster-historyserver/session_2026-08-06_11-59-17_917219_1/. length of page.Contents: 0, length of page.CommonPrefixes: 3"
time="2026-08-06T19:05:33Z" level=info msg="[ListFiles]Returned objects in log/cluster-history/raycluster/test-ns-4zz46/raycluster-historyserver/session_2026-08-06_11-59-17_917219_1/3b94a5ba3d741ac419a7e7718d432deb97d0dc2f77dde0469ccde0f5/node_events/. length of page.Contents: 0, length of page.CommonPrefixes: 0"
time="2026-08-06T19:05:33Z" level=info msg="[ListFiles]Returned objects in log/cluster-history/raycluster/test-ns-4zz46/raycluster-historyserver/session_2026-08-06_11-59-17_917219_1/ce2ef96af9711ffcdda1d27dbe75784897675832656bc6b7b1fa9be8/node_events/. length of page.Contents: 2, length of page.CommonPrefixes: 0"
time="2026-08-06T19:05:33Z" level=info msg="[ListFiles]Returned objects in log/cluster-history/raycluster/test-ns-4zz46/raycluster-historyserver/session_2026-08-06_11-59-17_917219_1/fetched_endpoints/node_events/. length of page.Contents: 0, length of page.CommonPrefixes: 0"
time="2026-08-06T19:05:33Z" level=info msg="Prepare to get object log/cluster-history/raycluster/test-ns-4zz46/raycluster-historyserver/session_2026-08-06_11-59-17_917219_1/3b94a5ba3d741ac419a7e7718d432deb97d0dc2f77dde0469ccde0f5/job_events/03000000/3b94a5ba3d741ac419a7e7718d432deb97d0dc2f77dde0469ccde0f5-2026-08-06-18-1786042783481825420.jsonl info ..."
gc 10 @271.755s 1%: 0.22+179+0.13 ms clock, 0.44+0/11/168+0.26 ms cpu, 1958->1959->245 MB, 2403 MB goal, 0 MB stacks, 0 MB globals, 2 P
time="2026-08-06T19:05:56Z" level=error msg="Failed to store events for file session_2026-08-06_11-59-17_917219_1/3b94a5ba3d741ac419a7e7718d432deb97d0dc2f77dde0469ccde0f5/job_events/03000000/3b94a5ba3d741ac419a7e7718d432deb97d0dc2f77dde0469ccde0f5-2026-08-06-18-1786042783481825420.jsonl: TASK_LIFECYCLE_EVENT must have at least one state transition"
time="2026-08-06T19:05:57Z" level=error msg="Failed to store events for file session_2026-08-06_11-59-17_917219_1/3b94a5ba3d741ac419a7e7718d432deb97d0dc2f77dde0469ccde0f5/job_events/03000000/3b94a5ba3d741ac419a7e7718d432deb97d0dc2f77dde0469ccde0f5-2026-08-06-18-1786042783481825420.jsonl: TASK_LIFECYCLE_EVENT must have at least one state transition"
time="2026-08-06T19:05:57Z" level=error msg="Failed to store events for file session_2026-08-06_11-59-17_917219_1/3b94a5ba3d741ac419a7e7718d432deb97d0dc2f77dde0469ccde0f5/job_events/03000000/3b94a5ba3d741ac419a7e7718d432deb97d0dc2f77dde0469ccde0f5-2026-08-06-18-1786042783481825420.jsonl: TASK_LIFECYCLE_EVENT must have at least one state transition"
time="2026-08-06T19:05:57Z" level=error msg="Failed to store events for file session_2026-08-06_11-59-17_917219_1/3b94a5ba3d741ac419a7e7718d432deb97d0dc2f77dde0469ccde0f5/job_events/03000000/3b94a5ba3d741ac419a7e7718d432deb97d0dc2f77dde0469ccde0f5-2026-08-06-18-1786042783481825420.jsonl: TASK_LIFECYCLE_EVENT must have at least one state transition"
time="2026-08-06T19:05:58Z" level=error msg="Failed to store events for file session_2026-08-06_11-59-17_917219_1/3b94a5ba3d741ac419a7e7718d432deb97d0dc2f77dde0469ccde0f5/job_events/03000000/3b94a5ba3d741ac419a7e7718d432deb97d0dc2f77dde0469ccde0f5-2026-08-06-18-1786042783481825420.jsonl: TASK_LIFECYCLE_EVENT must have at least one state transition"
time="2026-08-06T19:05:59Z" level=error msg="Failed to store events for file session_2026-08-06_11-59-17_917219_1/3b94a5ba3d741ac419a7e7718d432deb97d0dc2f77dde0469ccde0f5/job_events/03000000/3b94a5ba3d741ac419a7e7718d432deb97d0dc2f77dde0469ccde0f5-2026-08-06-18-1786042783481825420.jsonl: TASK_LIFECYCLE_EVENT must have at least one state transition"
time="2026-08-06T19:06:00Z" level=error msg="Failed to store events for file session_2026-08-06_11-59-17_917219_1/3b94a5ba3d741ac419a7e7718d432deb97d0dc2f77dde0469ccde0f5/job_events/03000000/3b94a5ba3d741ac419a7e7718d432deb97d0dc2f77dde0469ccde0f5-2026-08-06-18-1786042783481825420.jsonl: TASK_LIFECYCLE_EVENT must have at least one state transition"
time="2026-08-06T19:06:01Z" level=error msg="Failed to store events for file session_2026-08-06_11-59-17_917219_1/3b94a5ba3d741ac419a7e7718d432deb97d0dc2f77dde0469ccde0f5/job_events/03000000/3b94a5ba3d741ac419a7e7718d432deb97d0dc2f77dde0469ccde0f5-2026-08-06-18-1786042783481825420.jsonl: TASK_LIFECYCLE_EVENT must have at least one state transition"
time="2026-08-06T19:06:01Z" level=error msg="Failed to store events for file session_2026-08-06_11-59-17_917219_1/3b94a5ba3d741ac419a7e7718d432deb97d0dc2f77dde0469ccde0f5/job_events/03000000/3b94a5ba3d741ac419a7e7718d432deb97d0dc2f77dde0469ccde0f5-2026-08-06-18-1786042783481825420.jsonl: TASK_LIFECYCLE_EVENT must have at least one state transition"
time="2026-08-06T19:06:01Z" level=error msg="Failed to store events for file session_2026-08-06_11-59-17_917219_1/3b94a5ba3d741ac419a7e7718d432deb97d0dc2f77dde0469ccde0f5/job_events/03000000/3b94a5ba3d741ac419a7e7718d432deb97d0dc2f77dde0469ccde0f5-2026-08-06-18-1786042783481825420.jsonl: TASK_LIFECYCLE_EVENT must have at least one state transition"
time="2026-08-06T19:06:02Z" level=error msg="Failed to store events for file session_2026-08-06_11-59-17_917219_1/3b94a5ba3d741ac419a7e7718d432deb97d0dc2f77dde0469ccde0f5/job_events/03000000/3b94a5ba3d741ac419a7e7718d432deb97d0dc2f77dde0469ccde0f5-2026-08-06-18-1786042783481825420.jsonl: TASK_LIFECYCLE_EVENT must have at least one state transition"
time="2026-08-06T19:06:02Z" level=error msg="Failed to store events for file session_2026-08-06_11-59-17_917219_1/3b94a5ba3d741ac419a7e7718d432deb97d0dc2f77dde0469ccde0f5/job_events/03000000/3b94a5ba3d741ac419a7e7718d432deb97d0dc2f77dde0469ccde0f5-2026-08-06-18-1786042783481825420.jsonl: TASK_LIFECYCLE_EVENT must have at least one state transition"
time="2026-08-06T19:06:02Z" level=error msg="Failed to store events for file session_2026-08-06_11-59-17_917219_1/3b94a5ba3d741ac419a7e7718d432deb97d0dc2f77dde0469ccde0f5/job_events/03000000/3b94a5ba3d741ac419a7e7718d432deb97d0dc2f77dde0469ccde0f5-2026-08-06-18-1786042783481825420.jsonl: TASK_LIFECYCLE_EVENT must have at least one state transition"
time="2026-08-06T19:06:02Z" level=error msg="Failed to store events for file session_2026-08-06_11-59-17_917219_1/3b94a5ba3d741ac419a7e7718d432deb97d0dc2f77dde0469ccde0f5/job_events/03000000/3b94a5ba3d741ac419a7e7718d432deb97d0dc2f77dde0469ccde0f5-2026-08-06-18-1786042783481825420.jsonl: TASK_LIFECYCLE_EVENT must have at least one state transition"
time="2026-08-06T19:06:03Z" level=error msg="Failed to store events for file session_2026-08-06_11-59-17_917219_1/3b94a5ba3d741ac419a7e7718d432deb97d0dc2f77dde0469ccde0f5/job_events/03000000/3b94a5ba3d741ac419a7e7718d432deb97d0dc2f77dde0469ccde0f5-2026-08-06-18-1786042783481825420.jsonl: TASK_LIFECYCLE_EVENT must have at least one state transition"
time="2026-08-06T19:06:03Z" level=error msg="Failed to store events for file session_2026-08-06_11-59-17_917219_1/3b94a5ba3d741ac419a7e7718d432deb97d0dc2f77dde0469ccde0f5/job_events/03000000/3b94a5ba3d741ac419a7e7718d432deb97d0dc2f77dde0469ccde0f5-2026-08-06-18-1786042783481825420.jsonl: TASK_LIFECYCLE_EVENT must have at least one state transition"
time="2026-08-06T19:06:04Z" level=error msg="Failed to store events for file session_2026-08-06_11-59-17_917219_1/3b94a5ba3d741ac419a7e7718d432deb97d0dc2f77dde0469ccde0f5/job_events/03000000/3b94a5ba3d741ac419a7e7718d432deb97d0dc2f77dde0469ccde0f5-2026-08-06-18-1786042783481825420.jsonl: TASK_LIFECYCLE_EVENT must have at least one state transition"
time="2026-08-06T19:06:04Z" level=error msg="Failed to store events for file session_2026-08-06_11-59-17_917219_1/3b94a5ba3d741ac419a7e7718d432deb97d0dc2f77dde0469ccde0f5/job_events/03000000/3b94a5ba3d741ac419a7e7718d432deb97d0dc2f77dde0469ccde0f5-2026-08-06-18-1786042783481825420.jsonl: TASK_LIFECYCLE_EVENT must have at least one state transition"
time="2026-08-06T19:06:04Z" level=error msg="Failed to store events for file session_2026-08-06_11-59-17_917219_1/3b94a5ba3d741ac419a7e7718d432deb97d0dc2f77dde0469ccde0f5/job_events/03000000/3b94a5ba3d741ac419a7e7718d432deb97d0dc2f77dde0469ccde0f5-2026-08-06-18-1786042783481825420.jsonl: TASK_LIFECYCLE_EVENT must have at least one state transition"
time="2026-08-06T19:06:04Z" level=error msg="Failed to store events for file session_2026-08-06_11-59-17_917219_1/3b94a5ba3d741ac419a7e7718d432deb97d0dc2f77dde0469ccde0f5/job_events/03000000/3b94a5ba3d741ac419a7e7718d432deb97d0dc2f77dde0469ccde0f5-2026-08-06-18-1786042783481825420.jsonl: TASK_LIFECYCLE_EVENT must have at least one state transition"
time="2026-08-06T19:06:04Z" level=error msg="Failed to store events for file session_2026-08-06_11-59-17_917219_1/3b94a5ba3d741ac419a7e7718d432deb97d0dc2f77dde0469ccde0f5/job_events/03000000/3b94a5ba3d741ac419a7e7718d432deb97d0dc2f77dde0469ccde0f5-2026-08-06-18-1786042783481825420.jsonl: TASK_LIFECYCLE_EVENT must have at least one state transition"
time="2026-08-06T19:06:04Z" level=error msg="Failed to store events for file session_2026-08-06_11-59-17_917219_1/3b94a5ba3d741ac419a7e7718d432deb97d0dc2f77dde0469ccde0f5/job_events/03000000/3b94a5ba3d741ac419a7e7718d432deb97d0dc2f77dde0469ccde0f5-2026-08-06-18-1786042783481825420.jsonl: TASK_LIFECYCLE_EVENT must have at least one state transition"
time="2026-08-06T19:06:05Z" level=error msg="Failed to store events for file session_2026-08-06_11-59-17_917219_1/3b94a5ba3d741ac419a7e7718d432deb97d0dc2f77dde0469ccde0f5/job_events/03000000/3b94a5ba3d741ac419a7e7718d432deb97d0dc2f77dde0469ccde0f5-2026-08-06-18-1786042783481825420.jsonl: TASK_LIFECYCLE_EVENT must have at least one state transition"
time="2026-08-06T19:06:05Z" level=error msg="Failed to store events for file session_2026-08-06_11-59-17_917219_1/3b94a5ba3d741ac419a7e7718d432deb97d0dc2f77dde0469ccde0f5/job_events/03000000/3b94a5ba3d741ac419a7e7718d432deb97d0dc2f77dde0469ccde0f5-2026-08-06-18-1786042783481825420.jsonl: TASK_LIFECYCLE_EVENT must have at least one state transition"
time="2026-08-06T19:06:06Z" level=error msg="Failed to store events for file session_2026-08-06_11-59-17_917219_1/3b94a5ba3d741ac419a7e7718d432deb97d0dc2f77dde0469ccde0f5/job_events/03000000/3b94a5ba3d741ac419a7e7718d432deb97d0dc2f77dde0469ccde0f5-2026-08-06-18-1786042783481825420.jsonl: TASK_LIFECYCLE_EVENT must have at least one state transition"
time="2026-08-06T19:06:07Z" level=error msg="Failed to store events for file session_2026-08-06_11-59-17_917219_1/3b94a5ba3d741ac419a7e7718d432deb97d0dc2f77dde0469ccde0f5/job_events/03000000/3b94a5ba3d741ac419a7e7718d432deb97d0dc2f77dde0469ccde0f5-2026-08-06-18-1786042783481825420.jsonl: TASK_LIFECYCLE_EVENT must have at least one state transition"
time="2026-08-06T19:06:08Z" level=error msg="Failed to store events for file session_2026-08-06_11-59-17_917219_1/3b94a5ba3d741ac419a7e7718d432deb97d0dc2f77dde0469ccde0f5/job_events/03000000/3b94a5ba3d741ac419a7e7718d432deb97d0dc2f77dde0469ccde0f5-2026-08-06-18-1786042783481825420.jsonl: TASK_LIFECYCLE_EVENT must have at least one state transition"
time="2026-08-06T19:06:08Z" level=error msg="Failed to store events for file session_2026-08-06_11-59-17_917219_1/3b94a5ba3d741ac419a7e7718d432deb97d0dc2f77dde0469ccde0f5/job_events/03000000/3b94a5ba3d741ac419a7e7718d432deb97d0dc2f77dde0469ccde0f5-2026-08-06-18-1786042783481825420.jsonl: TASK_LIFECYCLE_EVENT must have at least one state transition"
time="2026-08-06T19:06:08Z" level=error msg="Failed to store events for file session_2026-08-06_11-59-17_917219_1/3b94a5ba3d741ac419a7e7718d432deb97d0dc2f77dde0469ccde0f5/job_events/03000000/3b94a5ba3d741ac419a7e7718d432deb97d0dc2f77dde0469ccde0f5-2026-08-06-18-1786042783481825420.jsonl: TASK_LIFECYCLE_EVENT must have at least one state transition"
time="2026-08-06T19:06:09Z" level=error msg="Failed to store events for file session_2026-08-06_11-59-17_917219_1/3b94a5ba3d741ac419a7e7718d432deb97d0dc2f77dde0469ccde0f5/job_events/03000000/3b94a5ba3d741ac419a7e7718d432deb97d0dc2f77dde0469ccde0f5-2026-08-06-18-1786042783481825420.jsonl: TASK_LIFECYCLE_EVENT must have at least one state transition"
time="2026-08-06T19:06:09Z" level=error msg="Failed to store events for file session_2026-08-06_11-59-17_917219_1/3b94a5ba3d741ac419a7e7718d432deb97d0dc2f77dde0469ccde0f5/job_events/03000000/3b94a5ba3d741ac419a7e7718d432deb97d0dc2f77dde0469ccde0f5-2026-08-06-18-1786042783481825420.jsonl: TASK_LIFECYCLE_EVENT must have at least one state transition"
time="2026-08-06T19:06:10Z" level=error msg="Failed to store events for file session_2026-08-06_11-59-17_917219_1/3b94a5ba3d741ac419a7e7718d432deb97d0dc2f77dde0469ccde0f5/job_events/03000000/3b94a5ba3d741ac419a7e7718d432deb97d0dc2f77dde0469ccde0f5-2026-08-06-18-1786042783481825420.jsonl: TASK_LIFECYCLE_EVENT must have at least one state transition"
time="2026-08-06T19:06:11Z" level=error msg="Failed to store events for file session_2026-08-06_11-59-17_917219_1/3b94a5ba3d741ac419a7e7718d432deb97d0dc2f77dde0469ccde0f5/job_events/03000000/3b94a5ba3d741ac419a7e7718d432deb97d0dc2f77dde0469ccde0f5-2026-08-06-18-1786042783481825420.jsonl: TASK_LIFECYCLE_EVENT must have at least one state transition"
time="2026-08-06T19:06:11Z" level=error msg="Failed to store events for file session_2026-08-06_11-59-17_917219_1/3b94a5ba3d741ac419a7e7718d432deb97d0dc2f77dde0469ccde0f5/job_events/03000000/3b94a5ba3d741ac419a7e7718d432deb97d0dc2f77dde0469ccde0f5-2026-08-06-18-1786042783481825420.jsonl: TASK_LIFECYCLE_EVENT must have at least one state transition"
time="2026-08-06T19:06:11Z" level=error msg="Failed to store events for file session_2026-08-06_11-59-17_917219_1/3b94a5ba3d741ac419a7e7718d432deb97d0dc2f77dde0469ccde0f5/job_events/03000000/3b94a5ba3d741ac419a7e7718d432deb97d0dc2f77dde0469ccde0f5-2026-08-06-18-1786042783481825420.jsonl: TASK_LIFECYCLE_EVENT must have at least one state transition"
time="2026-08-06T19:06:11Z" level=error msg="Failed to store events for file session_2026-08-06_11-59-17_917219_1/3b94a5ba3d741ac419a7e7718d432deb97d0dc2f77dde0469ccde0f5/job_events/03000000/3b94a5ba3d741ac419a7e7718d432deb97d0dc2f77dde0469ccde0f5-2026-08-06-18-1786042783481825420.jsonl: TASK_LIFECYCLE_EVENT must have at least one state transition"
time="2026-08-06T19:06:12Z" level=error msg="Failed to store events for file session_2026-08-06_11-59-17_917219_1/3b94a5ba3d741ac419a7e7718d432deb97d0dc2f77dde0469ccde0f5/job_events/03000000/3b94a5ba3d741ac419a7e7718d432deb97d0dc2f77dde0469ccde0f5-2026-08-06-18-1786042783481825420.jsonl: TASK_LIFECYCLE_EVENT must have at least one state transition"
time="2026-08-06T19:06:14Z" level=error msg="Failed to store events for file session_2026-08-06_11-59-17_917219_1/3b94a5ba3d741ac419a7e7718d432deb97d0dc2f77dde0469ccde0f5/job_events/03000000/3b94a5ba3d741ac419a7e7718d432deb97d0dc2f77dde0469ccde0f5-2026-08-06-18-1786042783481825420.jsonl: TASK_LIFECYCLE_EVENT must have at least one state transition"
time="2026-08-06T19:06:14Z" level=error msg="Failed to store events for file session_2026-08-06_11-59-17_917219_1/3b94a5ba3d741ac419a7e7718d432deb97d0dc2f77dde0469ccde0f5/job_events/03000000/3b94a5ba3d741ac419a7e7718d432deb97d0dc2f77dde0469ccde0f5-2026-08-06-18-1786042783481825420.jsonl: TASK_LIFECYCLE_EVENT must have at least one state transition"
time="2026-08-06T19:06:16Z" level=error msg="Failed to store events for file session_2026-08-06_11-59-17_917219_1/3b94a5ba3d741ac419a7e7718d432deb97d0dc2f77dde0469ccde0f5/job_events/03000000/3b94a5ba3d741ac419a7e7718d432deb97d0dc2f77dde0469ccde0f5-2026-08-06-18-1786042783481825420.jsonl: TASK_LIFECYCLE_EVENT must have at least one state transition"
time="2026-08-06T19:06:16Z" level=error msg="Failed to store events for file session_2026-08-06_11-59-17_917219_1/3b94a5ba3d741ac419a7e7718d432deb97d0dc2f77dde0469ccde0f5/job_events/03000000/3b94a5ba3d741ac419a7e7718d432deb97d0dc2f77dde0469ccde0f5-2026-08-06-18-1786042783481825420.jsonl: TASK_LIFECYCLE_EVENT must have at least one state transition"
time="2026-08-06T19:06:16Z" level=error msg="Failed to store events for file session_2026-08-06_11-59-17_917219_1/3b94a5ba3d741ac419a7e7718d432deb97d0dc2f77dde0469ccde0f5/job_events/03000000/3b94a5ba3d741ac419a7e7718d432deb97d0dc2f77dde0469ccde0f5-2026-08-06-18-1786042783481825420.jsonl: TASK_LIFECYCLE_EVENT must have at least one state transition"
gc 11 @310.531s 1%: 0.16+4799+0.10 ms clock, 0.32+0.084/2400/2562+0.21 ms cpu, 1215->1249->535 MB, 1230 MB goal, 0 MB stacks, 0 MB globals, 2 P
time="2026-08-06T19:06:18Z" level=error msg="Failed to store events for file session_2026-08-06_11-59-17_917219_1/3b94a5ba3d741ac419a7e7718d432deb97d0dc2f77dde0469ccde0f5/job_events/03000000/3b94a5ba3d741ac419a7e7718d432deb97d0dc2f77dde0469ccde0f5-2026-08-06-18-1786042783481825420.jsonl: TASK_LIFECYCLE_EVENT must have at least one state transition"
time="2026-08-06T19:06:18Z" level=error msg="Failed to store events for file session_2026-08-06_11-59-17_917219_1/3b94a5ba3d741ac419a7e7718d432deb97d0dc2f77dde0469ccde0f5/job_events/03000000/3b94a5ba3d741ac419a7e7718d432deb97d0dc2f77dde0469ccde0f5-2026-08-06-18-1786042783481825420.jsonl: TASK_LIFECYCLE_EVENT must have at least one state transition"
time="2026-08-06T19:06:19Z" level=error msg="Failed to store events for file session_2026-08-06_11-59-17_917219_1/3b94a5ba3d741ac419a7e7718d432deb97d0dc2f77dde0469ccde0f5/job_events/03000000/3b94a5ba3d741ac419a7e7718d432deb97d0dc2f77dde0469ccde0f5-2026-08-06-18-1786042783481825420.jsonl: TASK_LIFECYCLE_EVENT must have at least one state transition"
time="2026-08-06T19:06:20Z" level=error msg="Failed to store events for file session_2026-08-06_11-59-17_917219_1/3b94a5ba3d741ac419a7e7718d432deb97d0dc2f77dde0469ccde0f5/job_events/03000000/3b94a5ba3d741ac419a7e7718d432deb97d0dc2f77dde0469ccde0f5-2026-08-06-18-1786042783481825420.jsonl: TASK_LIFECYCLE_EVENT must have at least one state transition"
time="2026-08-06T19:06:21Z" level=error msg="Failed to store events for file session_2026-08-06_11-59-17_917219_1/3b94a5ba3d741ac419a7e7718d432deb97d0dc2f77dde0469ccde0f5/job_events/03000000/3b94a5ba3d741ac419a7e7718d432deb97d0dc2f77dde0469ccde0f5-2026-08-06-18-1786042783481825420.jsonl: TASK_LIFECYCLE_EVENT must have at least one state transition"
time="2026-08-06T19:06:22Z" level=error msg="Failed to store events for file session_2026-08-06_11-59-17_917219_1/3b94a5ba3d741ac419a7e7718d432deb97d0dc2f77dde0469ccde0f5/job_events/03000000/3b94a5ba3d741ac419a7e7718d432deb97d0dc2f77dde0469ccde0f5-2026-08-06-18-1786042783481825420.jsonl: TASK_LIFECYCLE_EVENT must have at least one state transition"
time="2026-08-06T19:06:24Z" level=error msg="Failed to store events for file session_2026-08-06_11-59-17_917219_1/3b94a5ba3d741ac419a7e7718d432deb97d0dc2f77dde0469ccde0f5/job_events/03000000/3b94a5ba3d741ac419a7e7718d432deb97d0dc2f77dde0469ccde0f5-2026-08-06-18-1786042783481825420.jsonl: TASK_LIFECYCLE_EVENT must have at least one state transition"
time="2026-08-06T19:06:24Z" level=error msg="Failed to store events for file session_2026-08-06_11-59-17_917219_1/3b94a5ba3d741ac419a7e7718d432deb97d0dc2f77dde0469ccde0f5/job_events/03000000/3b94a5ba3d741ac419a7e7718d432deb97d0dc2f77dde0469ccde0f5-2026-08-06-18-1786042783481825420.jsonl: TASK_LIFECYCLE_EVENT must have at least one state transition"
time="2026-08-06T19:06:25Z" level=error msg="Failed to store events for file session_2026-08-06_11-59-17_917219_1/3b94a5ba3d741ac419a7e7718d432deb97d0dc2f77dde0469ccde0f5/job_events/03000000/3b94a5ba3d741ac419a7e7718d432deb97d0dc2f77dde0469ccde0f5-2026-08-06-18-1786042783481825420.jsonl: TASK_LIFECYCLE_EVENT must have at least one state transition"
time="2026-08-06T19:06:25Z" level=error msg="Failed to store events for file session_2026-08-06_11-59-17_917219_1/3b94a5ba3d741ac419a7e7718d432deb97d0dc2f77dde0469ccde0f5/job_events/03000000/3b94a5ba3d741ac419a7e7718d432deb97d0dc2f77dde0469ccde0f5-2026-08-06-18-1786042783481825420.jsonl: TASK_LIFECYCLE_EVENT must have at least one state transition"
time="2026-08-06T19:06:25Z" level=error msg="Failed to store events for file session_2026-08-06_11-59-17_917219_1/3b94a5ba3d741ac419a7e7718d432deb97d0dc2f77dde0469ccde0f5/job_events/03000000/3b94a5ba3d741ac419a7e7718d432deb97d0dc2f77dde0469ccde0f5-2026-08-06-18-1786042783481825420.jsonl: TASK_LIFECYCLE_EVENT must have at least one state transition"
time="2026-08-06T19:06:25Z" level=error msg="Failed to store events for file session_2026-08-06_11-59-17_917219_1/3b94a5ba3d741ac419a7e7718d432deb97d0dc2f77dde0469ccde0f5/job_events/03000000/3b94a5ba3d741ac419a7e7718d432deb97d0dc2f77dde0469ccde0f5-2026-08-06-18-1786042783481825420.jsonl: TASK_LIFECYCLE_EVENT must have at least one state transition"
time="2026-08-06T19:06:26Z" level=error msg="Failed to store events for file session_2026-08-06_11-59-17_917219_1/3b94a5ba3d741ac419a7e7718d432deb97d0dc2f77dde0469ccde0f5/job_events/03000000/3b94a5ba3d741ac419a7e7718d432deb97d0dc2f77dde0469ccde0f5-2026-08-06-18-1786042783481825420.jsonl: TASK_LIFECYCLE_EVENT must have at least one state transition"
time="2026-08-06T19:06:27Z" level=error msg="Failed to store events for file session_2026-08-06_11-59-17_917219_1/3b94a5ba3d741ac419a7e7718d432deb97d0dc2f77dde0469ccde0f5/job_events/03000000/3b94a5ba3d741ac419a7e7718d432deb97d0dc2f77dde0469ccde0f5-2026-08-06-18-1786042783481825420.jsonl: TASK_LIFECYCLE_EVENT must have at least one state transition"
time="2026-08-06T19:06:27Z" level=error msg="Failed to store events for file session_2026-08-06_11-59-17_917219_1/3b94a5ba3d741ac419a7e7718d432deb97d0dc2f77dde0469ccde0f5/job_events/03000000/3b94a5ba3d741ac419a7e7718d432deb97d0dc2f77dde0469ccde0f5-2026-08-06-18-1786042783481825420.jsonl: TASK_LIFECYCLE_EVENT must have at least one state transition"
time="2026-08-06T19:06:27Z" level=error msg="Failed to store events for file session_2026-08-06_11-59-17_917219_1/3b94a5ba3d741ac419a7e7718d432deb97d0dc2f77dde0469ccde0f5/job_events/03000000/3b94a5ba3d741ac419a7e7718d432deb97d0dc2f77dde0469ccde0f5-2026-08-06-18-1786042783481825420.jsonl: TASK_LIFECYCLE_EVENT must have at least one state transition"
time="2026-08-06T19:06:28Z" level=error msg="Failed to store events for file session_2026-08-06_11-59-17_917219_1/3b94a5ba3d741ac419a7e7718d432deb97d0dc2f77dde0469ccde0f5/job_events/03000000/3b94a5ba3d741ac419a7e7718d432deb97d0dc2f77dde0469ccde0f5-2026-08-06-18-1786042783481825420.jsonl: TASK_LIFECYCLE_EVENT must have at least one state transition"
time="2026-08-06T19:06:28Z" level=info msg="Prepare to get object log/cluster-history/raycluster/test-ns-4zz46/raycluster-historyserver/session_2026-08-06_11-59-17_917219_1/3b94a5ba3d741ac419a7e7718d432deb97d0dc2f77dde0469ccde0f5/job_events/03000000/3b94a5ba3d741ac419a7e7718d432deb97d0dc2f77dde0469ccde0f5-2026-08-06-19-1786042831439945512.jsonl info ..."
time="2026-08-06T19:06:31Z" level=error msg="Failed to store events for file session_2026-08-06_11-59-17_917219_1/3b94a5ba3d741ac419a7e7718d432deb97d0dc2f77dde0469ccde0f5/job_events/03000000/3b94a5ba3d741ac419a7e7718d432deb97d0dc2f77dde0469ccde0f5-2026-08-06-19-1786042831439945512.jsonl: TASK_LIFECYCLE_EVENT must have at least one state transition"
time="2026-08-06T19:06:31Z" level=error msg="Failed to store events for file session_2026-08-06_11-59-17_917219_1/3b94a5ba3d741ac419a7e7718d432deb97d0dc2f77dde0469ccde0f5/job_events/03000000/3b94a5ba3d741ac419a7e7718d432deb97d0dc2f77dde0469ccde0f5-2026-08-06-19-1786042831439945512.jsonl: TASK_LIFECYCLE_EVENT must have at least one state transition"
time="2026-08-06T19:06:31Z" level=error msg="Failed to store events for file session_2026-08-06_11-59-17_917219_1/3b94a5ba3d741ac419a7e7718d432deb97d0dc2f77dde0469ccde0f5/job_events/03000000/3b94a5ba3d741ac419a7e7718d432deb97d0dc2f77dde0469ccde0f5-2026-08-06-19-1786042831439945512.jsonl: TASK_LIFECYCLE_EVENT must have at least one state transition"
time="2026-08-06T19:06:31Z" level=error msg="Failed to store events for file session_2026-08-06_11-59-17_917219_1/3b94a5ba3d741ac419a7e7718d432deb97d0dc2f77dde0469ccde0f5/job_events/03000000/3b94a5ba3d741ac419a7e7718d432deb97d0dc2f77dde0469ccde0f5-2026-08-06-19-1786042831439945512.jsonl: TASK_LIFECYCLE_EVENT must have at least one state transition"
time="2026-08-06T19:06:31Z" level=error msg="Failed to store events for file session_2026-08-06_11-59-17_917219_1/3b94a5ba3d741ac419a7e7718d432deb97d0dc2f77dde0469ccde0f5/job_events/03000000/3b94a5ba3d741ac419a7e7718d432deb97d0dc2f77dde0469ccde0f5-2026-08-06-19-1786042831439945512.jsonl: TASK_LIFECYCLE_EVENT must have at least one state transition"
time="2026-08-06T19:06:31Z" level=info msg="Prepare to get object log/cluster-history/raycluster/test-ns-4zz46/raycluster-historyserver/session_2026-08-06_11-59-17_917219_1/ce2ef96af9711ffcdda1d27dbe75784897675832656bc6b7b1fa9be8/job_events/01000000/ce2ef96af9711ffcdda1d27dbe75784897675832656bc6b7b1fa9be8-2026-08-06-18-1786042763251598175.jsonl info ..."
time="2026-08-06T19:06:31Z" level=info msg="Prepare to get object log/cluster-history/raycluster/test-ns-4zz46/raycluster-historyserver/session_2026-08-06_11-59-17_917219_1/ce2ef96af9711ffcdda1d27dbe75784897675832656bc6b7b1fa9be8/job_events/02000000/ce2ef96af9711ffcdda1d27dbe75784897675832656bc6b7b1fa9be8-2026-08-06-18-1786042780492624044.jsonl info ..."
time="2026-08-06T19:06:31Z" level=info msg="Prepare to get object log/cluster-history/raycluster/test-ns-4zz46/raycluster-historyserver/session_2026-08-06_11-59-17_917219_1/ce2ef96af9711ffcdda1d27dbe75784897675832656bc6b7b1fa9be8/job_events/03000000/ce2ef96af9711ffcdda1d27dbe75784897675832656bc6b7b1fa9be8-2026-08-06-18-1786042781491851669.jsonl info ..."
time="2026-08-06T19:06:34Z" level=error msg="Failed to load session test-ns-4zz46/raycluster-historyserver/session_2026-08-06_11-59-17_917219_1: context canceled"
time="2026-08-06T19:06:43Z" level=info msg="Received request: GET /enter_cluster/test-ns-4zz46/raycluster/raycluster-historyserver/session_2026-08-06_11-59-17_917219_1"
time="2026-08-06T19:06:43Z" level=info msg="[List]Returned objects in log/cluster-metadata/. length of page.Contents: 2, length of page.CommonPrefixes: 0"
time="2026-08-06T19:06:43Z" level=error msg="Failed to parse meta file path: log/cluster-metadata/raycluster/test-ns-4zz46_raycluster-historyserver/, error: invalid path segment count for cluster metadata structure: log/cluster-metadata/raycluster/test-ns-4zz46_raycluster-historyserver/"
time="2026-08-06T19:06:43Z" level=info msg="Parsed cluster raycluster-historyserver for session session_2026-08-06_11-59-17_917219_1 to list"
gc 12 @383.531s 1%: 0.25+7194+0.093 ms clock, 0.51+0.15/3666/4260+0.18 ms cpu, 2591->2627->721 MB, 2679 MB goal, 0 MB stacks, 0 MB globals, 2 P
time="2026-08-06T19:07:35Z" level=error msg="Failed to load session test-ns-4zz46/raycluster-historyserver/session_2026-08-06_11-59-17_917219_1: context deadline exceeded"
time="2026-08-06T19:07:46Z" level=info msg="Received request: GET /enter_cluster/test-ns-4zz46/raycluster/raycluster-historyserver/session_2026-08-06_11-59-17_917219_1"
time="2026-08-06T19:07:46Z" level=info msg="[List]Returned objects in log/cluster-metadata/. length of page.Contents: 2, length of page.CommonPrefixes: 0"
time="2026-08-06T19:07:46Z" level=error msg="Failed to parse meta file path: log/cluster-metadata/raycluster/test-ns-4zz46_raycluster-historyserver/, error: invalid path segment count for cluster metadata structure: log/cluster-metadata/raycluster/test-ns-4zz46_raycluster-historyserver/"
time="2026-08-06T19:07:46Z" level=info msg="Parsed cluster raycluster-historyserver for session session_2026-08-06_11-59-17_917219_1 to list"
time="2026-08-06T19:07:46Z" level=info msg="[ListFiles]Returned objects in log/cluster-history/raycluster/test-ns-4zz46/raycluster-historyserver/session_2026-08-06_11-59-17_917219_1/. length of page.Contents: 0, length of page.CommonPrefixes: 3"
time="2026-08-06T19:07:47Z" level=info msg="[ListFiles]Returned objects in log/cluster-history/raycluster/test-ns-4zz46/raycluster-historyserver/session_2026-08-06_11-59-17_917219_1/3b94a5ba3d741ac419a7e7718d432deb97d0dc2f77dde0469ccde0f5/logs/events/. length of page.Contents: 13, length of page.CommonPrefixes: 0"
time="2026-08-06T19:07:47Z" level=info msg="Prepare to get object log/cluster-history/raycluster/test-ns-4zz46/raycluster-historyserver/session_2026-08-06_11-59-17_917219_1/3b94a5ba3d741ac419a7e7718d432deb97d0dc2f77dde0469ccde0f5/logs/events/event_CORE_WORKER_228.log info ..."
time="2026-08-06T19:07:47Z" level=info msg="Prepare to get object log/cluster-history/raycluster/test-ns-4zz46/raycluster-historyserver/session_2026-08-06_11-59-17_917219_1/3b94a5ba3d741ac419a7e7718d432deb97d0dc2f77dde0469ccde0f5/logs/events/event_CORE_WORKER_229.log info ..."
time="2026-08-06T19:07:47Z" level=info msg="Prepare to get object log/cluster-history/raycluster/test-ns-4zz46/raycluster-historyserver/session_2026-08-06_11-59-17_917219_1/3b94a5ba3d741ac419a7e7718d432deb97d0dc2f77dde0469ccde0f5/logs/events/event_CORE_WORKER_321.log info ..."
time="2026-08-06T19:07:47Z" level=info msg="Prepare to get object log/cluster-history/raycluster/test-ns-4zz46/raycluster-historyserver/session_2026-08-06_11-59-17_917219_1/3b94a5ba3d741ac419a7e7718d432deb97d0dc2f77dde0469ccde0f5/logs/events/event_CORE_WORKER_325.log info ..."
time="2026-08-06T19:07:47Z" level=info msg="Prepare to get object log/cluster-history/raycluster/test-ns-4zz46/raycluster-historyserver/session_2026-08-06_11-59-17_917219_1/3b94a5ba3d741ac419a7e7718d432deb97d0dc2f77dde0469ccde0f5/logs/events/event_CORE_WORKER_399.log info ..."
time="2026-08-06T19:07:47Z" level=info msg="Prepare to get object log/cluster-history/raycluster/test-ns-4zz46/raycluster-historyserver/session_2026-08-06_11-59-17_917219_1/3b94a5ba3d741ac419a7e7718d432deb97d0dc2f77dde0469ccde0f5/logs/events/event_CORE_WORKER_419.log info ..."
time="2026-08-06T19:07:47Z" level=info msg="Prepare to get object log/cluster-history/raycluster/test-ns-4zz46/raycluster-historyserver/session_2026-08-06_11-59-17_917219_1/3b94a5ba3d741ac419a7e7718d432deb97d0dc2f77dde0469ccde0f5/logs/events/event_CORE_WORKER_492.log info ..."
time="2026-08-06T19:07:47Z" level=info msg="Prepare to get object log/cluster-history/raycluster/test-ns-4zz46/raycluster-historyserver/session_2026-08-06_11-59-17_917219_1/3b94a5ba3d741ac419a7e7718d432deb97d0dc2f77dde0469ccde0f5/logs/events/event_CORE_WORKER_513.log info ..."
time="2026-08-06T19:07:47Z" level=info msg="Prepare to get object log/cluster-history/raycluster/test-ns-4zz46/raycluster-historyserver/session_2026-08-06_11-59-17_917219_1/3b94a5ba3d741ac419a7e7718d432deb97d0dc2f77dde0469ccde0f5/logs/events/event_CORE_WORKER_591.log info ..."
time="2026-08-06T19:07:47Z" level=info msg="Prepare to get object log/cluster-history/raycluster/test-ns-4zz46/raycluster-historyserver/session_2026-08-06_11-59-17_917219_1/3b94a5ba3d741ac419a7e7718d432deb97d0dc2f77dde0469ccde0f5/logs/events/event_CORE_WORKER_609.log info ..."
time="2026-08-06T19:07:47Z" level=info msg="Prepare to get object log/cluster-history/raycluster/test-ns-4zz46/raycluster-historyserver/session_2026-08-06_11-59-17_917219_1/3b94a5ba3d741ac419a7e7718d432deb97d0dc2f77dde0469ccde0f5/logs/events/event_CORE_WORKER_697.log info ..."
time="2026-08-06T19:07:47Z" level=info msg="Prepare to get object log/cluster-history/raycluster/test-ns-4zz46/raycluster-historyserver/session_2026-08-06_11-59-17_917219_1/3b94a5ba3d741ac419a7e7718d432deb97d0dc2f77dde0469ccde0f5/logs/events/event_RAYLET.log info ..."
time="2026-08-06T19:07:47Z" level=info msg="[ListFiles]Returned objects in log/cluster-history/raycluster/test-ns-4zz46/raycluster-historyserver/session_2026-08-06_11-59-17_917219_1/ce2ef96af9711ffcdda1d27dbe75784897675832656bc6b7b1fa9be8/logs/events/. length of page.Contents: 11, length of page.CommonPrefixes: 0"
time="2026-08-06T19:07:47Z" level=info msg="Prepare to get object log/cluster-history/raycluster/test-ns-4zz46/raycluster-historyserver/session_2026-08-06_11-59-17_917219_1/ce2ef96af9711ffcdda1d27dbe75784897675832656bc6b7b1fa9be8/logs/events/event_AUTOSCALER.log info ..."
time="2026-08-06T19:07:47Z" level=info msg="Prepare to get object log/cluster-history/raycluster/test-ns-4zz46/raycluster-historyserver/session_2026-08-06_11-59-17_917219_1/ce2ef96af9711ffcdda1d27dbe75784897675832656bc6b7b1fa9be8/logs/events/event_CORE_WORKER_1020.log info ..."
time="2026-08-06T19:07:47Z" level=info msg="Prepare to get object log/cluster-history/raycluster/test-ns-4zz46/raycluster-historyserver/session_2026-08-06_11-59-17_917219_1/ce2ef96af9711ffcdda1d27dbe75784897675832656bc6b7b1fa9be8/logs/events/event_CORE_WORKER_1176.log info ..."
time="2026-08-06T19:07:47Z" level=info msg="Prepare to get object log/cluster-history/raycluster/test-ns-4zz46/raycluster-historyserver/session_2026-08-06_11-59-17_917219_1/ce2ef96af9711ffcdda1d27dbe75784897675832656bc6b7b1fa9be8/logs/events/event_CORE_WORKER_201.log info ..."
time="2026-08-06T19:07:47Z" level=info msg="Prepare to get object log/cluster-history/raycluster/test-ns-4zz46/raycluster-historyserver/session_2026-08-06_11-59-17_917219_1/ce2ef96af9711ffcdda1d27dbe75784897675832656bc6b7b1fa9be8/logs/events/event_CORE_WORKER_206.log info ..."
time="2026-08-06T19:07:47Z" level=info msg="Prepare to get object log/cluster-history/raycluster/test-ns-4zz46/raycluster-historyserver/session_2026-08-06_11-59-17_917219_1/ce2ef96af9711ffcdda1d27dbe75784897675832656bc6b7b1fa9be8/logs/events/event_CORE_WORKER_680.log info ..."
time="2026-08-06T19:07:47Z" level=info msg="Prepare to get object log/cluster-history/raycluster/test-ns-4zz46/raycluster-historyserver/session_2026-08-06_11-59-17_917219_1/ce2ef96af9711ffcdda1d27dbe75784897675832656bc6b7b1fa9be8/logs/events/event_CORE_WORKER_963.log info ..."
time="2026-08-06T19:07:47Z" level=info msg="Prepare to get object log/cluster-history/raycluster/test-ns-4zz46/raycluster-historyserver/session_2026-08-06_11-59-17_917219_1/ce2ef96af9711ffcdda1d27dbe75784897675832656bc6b7b1fa9be8/logs/events/event_GCS.log info ..."
time="2026-08-06T19:07:47Z" level=info msg="Prepare to get object log/cluster-history/raycluster/test-ns-4zz46/raycluster-historyserver/session_2026-08-06_11-59-17_917219_1/ce2ef96af9711ffcdda1d27dbe75784897675832656bc6b7b1fa9be8/logs/events/event_JOBS.log info ..."
time="2026-08-06T19:07:47Z" level=info msg="Prepare to get object log/cluster-history/raycluster/test-ns-4zz46/raycluster-historyserver/session_2026-08-06_11-59-17_917219_1/ce2ef96af9711ffcdda1d27dbe75784897675832656bc6b7b1fa9be8/logs/events/event_RAYLET.log info ..."
time="2026-08-06T19:07:47Z" level=info msg="[ListFiles]Returned objects in log/cluster-history/raycluster/test-ns-4zz46/raycluster-historyserver/session_2026-08-06_11-59-17_917219_1/fetched_endpoints/logs/events/. length of page.Contents: 0, length of page.CommonPrefixes: 0"
time="2026-08-06T19:07:47Z" level=info msg="[ListFiles]Returned objects in log/cluster-history/raycluster/test-ns-4zz46/raycluster-historyserver/session_2026-08-06_11-59-17_917219_1/. length of page.Contents: 0, length of page.CommonPrefixes: 3"
time="2026-08-06T19:07:47Z" level=info msg="[ListFiles]Returned objects in log/cluster-history/raycluster/test-ns-4zz46/raycluster-historyserver/session_2026-08-06_11-59-17_917219_1/3b94a5ba3d741ac419a7e7718d432deb97d0dc2f77dde0469ccde0f5/job_events/. length of page.Contents: 0, length of page.CommonPrefixes: 1"
time="2026-08-06T19:07:47Z" level=info msg="[ListFiles]Returned objects in log/cluster-history/raycluster/test-ns-4zz46/raycluster-historyserver/session_2026-08-06_11-59-17_917219_1/3b94a5ba3d741ac419a7e7718d432deb97d0dc2f77dde0469ccde0f5/job_events/03000000/. length of page.Contents: 3, length of page.CommonPrefixes: 0"
time="2026-08-06T19:07:47Z" level=info msg="[ListFiles]Returned objects in log/cluster-history/raycluster/test-ns-4zz46/raycluster-historyserver/session_2026-08-06_11-59-17_917219_1/ce2ef96af9711ffcdda1d27dbe75784897675832656bc6b7b1fa9be8/job_events/. length of page.Contents: 0, length of page.CommonPrefixes: 4"
time="2026-08-06T19:07:47Z" level=info msg="[ListFiles]Returned objects in log/cluster-history/raycluster/test-ns-4zz46/raycluster-historyserver/session_2026-08-06_11-59-17_917219_1/ce2ef96af9711ffcdda1d27dbe75784897675832656bc6b7b1fa9be8/job_events/01000000/. length of page.Contents: 2, length of page.CommonPrefixes: 0"
time="2026-08-06T19:07:47Z" level=info msg="[ListFiles]Returned objects in log/cluster-history/raycluster/test-ns-4zz46/raycluster-historyserver/session_2026-08-06_11-59-17_917219_1/ce2ef96af9711ffcdda1d27dbe75784897675832656bc6b7b1fa9be8/job_events/02000000/. length of page.Contents: 2, length of page.CommonPrefixes: 0"
time="2026-08-06T19:07:47Z" level=info msg="[ListFiles]Returned objects in log/cluster-history/raycluster/test-ns-4zz46/raycluster-historyserver/session_2026-08-06_11-59-17_917219_1/ce2ef96af9711ffcdda1d27dbe75784897675832656bc6b7b1fa9be8/job_events/03000000/. length of page.Contents: 3, length of page.CommonPrefixes: 0"
time="2026-08-06T19:07:47Z" level=info msg="[ListFiles]Returned objects in log/cluster-history/raycluster/test-ns-4zz46/raycluster-historyserver/session_2026-08-06_11-59-17_917219_1/ce2ef96af9711ffcdda1d27dbe75784897675832656bc6b7b1fa9be8/job_events/04000000/. length of page.Contents: 2, length of page.CommonPrefixes: 0"
time="2026-08-06T19:07:47Z" level=info msg="[ListFiles]Returned objects in log/cluster-history/raycluster/test-ns-4zz46/raycluster-historyserver/session_2026-08-06_11-59-17_917219_1/fetched_endpoints/job_events/. length of page.Contents: 0, length of page.CommonPrefixes: 0"
time="2026-08-06T19:07:47Z" level=info msg="[ListFiles]Returned objects in log/cluster-history/raycluster/test-ns-4zz46/raycluster-historyserver/session_2026-08-06_11-59-17_917219_1/. length of page.Contents: 0, length of page.CommonPrefixes: 3"
time="2026-08-06T19:07:47Z" level=info msg="[ListFiles]Returned objects in log/cluster-history/raycluster/test-ns-4zz46/raycluster-historyserver/session_2026-08-06_11-59-17_917219_1/3b94a5ba3d741ac419a7e7718d432deb97d0dc2f77dde0469ccde0f5/node_events/. length of page.Contents: 0, length of page.CommonPrefixes: 0"
time="2026-08-06T19:07:47Z" level=info msg="[ListFiles]Returned objects in log/cluster-history/raycluster/test-ns-4zz46/raycluster-historyserver/session_2026-08-06_11-59-17_917219_1/ce2ef96af9711ffcdda1d27dbe75784897675832656bc6b7b1fa9be8/node_events/. length of page.Contents: 2, length of page.CommonPrefixes: 0"
time="2026-08-06T19:07:47Z" level=info msg="[ListFiles]Returned objects in log/cluster-history/raycluster/test-ns-4zz46/raycluster-historyserver/session_2026-08-06_11-59-17_917219_1/fetched_endpoints/node_events/. length of page.Contents: 0, length of page.CommonPrefixes: 0"
time="2026-08-06T19:07:47Z" level=info msg="Prepare to get object log/cluster-history/raycluster/test-ns-4zz46/raycluster-historyserver/session_2026-08-06_11-59-17_917219_1/3b94a5ba3d741ac419a7e7718d432deb97d0dc2f77dde0469ccde0f5/job_events/03000000/3b94a5ba3d741ac419a7e7718d432deb97d0dc2f77dde0469ccde0f5-2026-08-06-18-1786042783481825420.jsonl info ..."
time="2026-08-06T19:08:13Z" level=error msg="Failed to store events for file session_2026-08-06_11-59-17_917219_1/3b94a5ba3d741ac419a7e7718d432deb97d0dc2f77dde0469ccde0f5/job_events/03000000/3b94a5ba3d741ac419a7e7718d432deb97d0dc2f77dde0469ccde0f5-2026-08-06-18-1786042783481825420.jsonl: TASK_LIFECYCLE_EVENT must have at least one state transition"
time="2026-08-06T19:08:13Z" level=error msg="Failed to store events for file session_2026-08-06_11-59-17_917219_1/3b94a5ba3d741ac419a7e7718d432deb97d0dc2f77dde0469ccde0f5/job_events/03000000/3b94a5ba3d741ac419a7e7718d432deb97d0dc2f77dde0469ccde0f5-2026-08-06-18-1786042783481825420.jsonl: TASK_LIFECYCLE_EVENT must have at least one state transition"
time="2026-08-06T19:08:14Z" level=error msg="Failed to store events for file session_2026-08-06_11-59-17_917219_1/3b94a5ba3d741ac419a7e7718d432deb97d0dc2f77dde0469ccde0f5/job_events/03000000/3b94a5ba3d741ac419a7e7718d432deb97d0dc2f77dde0469ccde0f5-2026-08-06-18-1786042783481825420.jsonl: TASK_LIFECYCLE_EVENT must have at least one state transition"
time="2026-08-06T19:08:14Z" level=error msg="Failed to store events for file session_2026-08-06_11-59-17_917219_1/3b94a5ba3d741ac419a7e7718d432deb97d0dc2f77dde0469ccde0f5/job_events/03000000/3b94a5ba3d741ac419a7e7718d432deb97d0dc2f77dde0469ccde0f5-2026-08-06-18-1786042783481825420.jsonl: TASK_LIFECYCLE_EVENT must have at least one state transition"
time="2026-08-06T19:08:15Z" level=error msg="Failed to store events for file session_2026-08-06_11-59-17_917219_1/3b94a5ba3d741ac419a7e7718d432deb97d0dc2f77dde0469ccde0f5/job_events/03000000/3b94a5ba3d741ac419a7e7718d432deb97d0dc2f77dde0469ccde0f5-2026-08-06-18-1786042783481825420.jsonl: TASK_LIFECYCLE_EVENT must have at least one state transition"
time="2026-08-06T19:08:16Z" level=error msg="Failed to store events for file session_2026-08-06_11-59-17_917219_1/3b94a5ba3d741ac419a7e7718d432deb97d0dc2f77dde0469ccde0f5/job_events/03000000/3b94a5ba3d741ac419a7e7718d432deb97d0dc2f77dde0469ccde0f5-2026-08-06-18-1786042783481825420.jsonl: TASK_LIFECYCLE_EVENT must have at least one state transition"
time="2026-08-06T19:08:16Z" level=error msg="Failed to store events for file session_2026-08-06_11-59-17_917219_1/3b94a5ba3d741ac419a7e7718d432deb97d0dc2f77dde0469ccde0f5/job_events/03000000/3b94a5ba3d741ac419a7e7718d432deb97d0dc2f77dde0469ccde0f5-2026-08-06-18-1786042783481825420.jsonl: TASK_LIFECYCLE_EVENT must have at least one state transition"
time="2026-08-06T19:08:17Z" level=error msg="Failed to store events for file session_2026-08-06_11-59-17_917219_1/3b94a5ba3d741ac419a7e7718d432deb97d0dc2f77dde0469ccde0f5/job_events/03000000/3b94a5ba3d741ac419a7e7718d432deb97d0dc2f77dde0469ccde0f5-2026-08-06-18-1786042783481825420.jsonl: TASK_LIFECYCLE_EVENT must have at least one state transition"
time="2026-08-06T19:08:18Z" level=error msg="Failed to store events for file session_2026-08-06_11-59-17_917219_1/3b94a5ba3d741ac419a7e7718d432deb97d0dc2f77dde0469ccde0f5/job_events/03000000/3b94a5ba3d741ac419a7e7718d432deb97d0dc2f77dde0469ccde0f5-2026-08-06-18-1786042783481825420.jsonl: TASK_LIFECYCLE_EVENT must have at least one state transition"
time="2026-08-06T19:08:18Z" level=error msg="Failed to store events for file session_2026-08-06_11-59-17_917219_1/3b94a5ba3d741ac419a7e7718d432deb97d0dc2f77dde0469ccde0f5/job_events/03000000/3b94a5ba3d741ac419a7e7718d432deb97d0dc2f77dde0469ccde0f5-2026-08-06-18-1786042783481825420.jsonl: TASK_LIFECYCLE_EVENT must have at least one state transition"
time="2026-08-06T19:08:19Z" level=error msg="Failed to store events for file session_2026-08-06_11-59-17_917219_1/3b94a5ba3d741ac419a7e7718d432deb97d0dc2f77dde0469ccde0f5/job_events/03000000/3b94a5ba3d741ac419a7e7718d432deb97d0dc2f77dde0469ccde0f5-2026-08-06-18-1786042783481825420.jsonl: TASK_LIFECYCLE_EVENT must have at least one state transition"
time="2026-08-06T19:08:19Z" level=error msg="Failed to store events for file session_2026-08-06_11-59-17_917219_1/3b94a5ba3d741ac419a7e7718d432deb97d0dc2f77dde0469ccde0f5/job_events/03000000/3b94a5ba3d741ac419a7e7718d432deb97d0dc2f77dde0469ccde0f5-2026-08-06-18-1786042783481825420.jsonl: TASK_LIFECYCLE_EVENT must have at least one state transition"
time="2026-08-06T19:08:19Z" level=error msg="Failed to store events for file session_2026-08-06_11-59-17_917219_1/3b94a5ba3d741ac419a7e7718d432deb97d0dc2f77dde0469ccde0f5/job_events/03000000/3b94a5ba3d741ac419a7e7718d432deb97d0dc2f77dde0469ccde0f5-2026-08-06-18-1786042783481825420.jsonl: TASK_LIFECYCLE_EVENT must have at least one state transition"
time="2026-08-06T19:08:19Z" level=error msg="Failed to store events for file session_2026-08-06_11-59-17_917219_1/3b94a5ba3d741ac419a7e7718d432deb97d0dc2f77dde0469ccde0f5/job_events/03000000/3b94a5ba3d741ac419a7e7718d432deb97d0dc2f77dde0469ccde0f5-2026-08-06-18-1786042783481825420.jsonl: TASK_LIFECYCLE_EVENT must have at least one state transition"
time="2026-08-06T19:08:20Z" level=error msg="Failed to store events for file session_2026-08-06_11-59-17_917219_1/3b94a5ba3d741ac419a7e7718d432deb97d0dc2f77dde0469ccde0f5/job_events/03000000/3b94a5ba3d741ac419a7e7718d432deb97d0dc2f77dde0469ccde0f5-2026-08-06-18-1786042783481825420.jsonl: TASK_LIFECYCLE_EVENT must have at least one state transition"
time="2026-08-06T19:08:20Z" level=error msg="Failed to store events for file session_2026-08-06_11-59-17_917219_1/3b94a5ba3d741ac419a7e7718d432deb97d0dc2f77dde0469ccde0f5/job_events/03000000/3b94a5ba3d741ac419a7e7718d432deb97d0dc2f77dde0469ccde0f5-2026-08-06-18-1786042783481825420.jsonl: TASK_LIFECYCLE_EVENT must have at least one state transition"
time="2026-08-06T19:08:21Z" level=error msg="Failed to store events for file session_2026-08-06_11-59-17_917219_1/3b94a5ba3d741ac419a7e7718d432deb97d0dc2f77dde0469ccde0f5/job_events/03000000/3b94a5ba3d741ac419a7e7718d432deb97d0dc2f77dde0469ccde0f5-2026-08-06-18-1786042783481825420.jsonl: TASK_LIFECYCLE_EVENT must have at least one state transition"
time="2026-08-06T19:08:21Z" level=error msg="Failed to store events for file session_2026-08-06_11-59-17_917219_1/3b94a5ba3d741ac419a7e7718d432deb97d0dc2f77dde0469ccde0f5/job_events/03000000/3b94a5ba3d741ac419a7e7718d432deb97d0dc2f77dde0469ccde0f5-2026-08-06-18-1786042783481825420.jsonl: TASK_LIFECYCLE_EVENT must have at least one state transition"
time="2026-08-06T19:08:21Z" level=error msg="Failed to store events for file session_2026-08-06_11-59-17_917219_1/3b94a5ba3d741ac419a7e7718d432deb97d0dc2f77dde0469ccde0f5/job_events/03000000/3b94a5ba3d741ac419a7e7718d432deb97d0dc2f77dde0469ccde0f5-2026-08-06-18-1786042783481825420.jsonl: TASK_LIFECYCLE_EVENT must have at least one state transition"
time="2026-08-06T19:08:21Z" level=error msg="Failed to store events for file session_2026-08-06_11-59-17_917219_1/3b94a5ba3d741ac419a7e7718d432deb97d0dc2f77dde0469ccde0f5/job_events/03000000/3b94a5ba3d741ac419a7e7718d432deb97d0dc2f77dde0469ccde0f5-2026-08-06-18-1786042783481825420.jsonl: TASK_LIFECYCLE_EVENT must have at least one state transition"
time="2026-08-06T19:08:21Z" level=error msg="Failed to store events for file session_2026-08-06_11-59-17_917219_1/3b94a5ba3d741ac419a7e7718d432deb97d0dc2f77dde0469ccde0f5/job_events/03000000/3b94a5ba3d741ac419a7e7718d432deb97d0dc2f77dde0469ccde0f5-2026-08-06-18-1786042783481825420.jsonl: TASK_LIFECYCLE_EVENT must have at least one state transition"
time="2026-08-06T19:08:21Z" level=error msg="Failed to store events for file session_2026-08-06_11-59-17_917219_1/3b94a5ba3d741ac419a7e7718d432deb97d0dc2f77dde0469ccde0f5/job_events/03000000/3b94a5ba3d741ac419a7e7718d432deb97d0dc2f77dde0469ccde0f5-2026-08-06-18-1786042783481825420.jsonl: TASK_LIFECYCLE_EVENT must have at least one state transition"
time="2026-08-06T19:08:22Z" level=error msg="Failed to store events for file session_2026-08-06_11-59-17_917219_1/3b94a5ba3d741ac419a7e7718d432deb97d0dc2f77dde0469ccde0f5/job_events/03000000/3b94a5ba3d741ac419a7e7718d432deb97d0dc2f77dde0469ccde0f5-2026-08-06-18-1786042783481825420.jsonl: TASK_LIFECYCLE_EVENT must have at least one state transition"
time="2026-08-06T19:08:22Z" level=error msg="Failed to store events for file session_2026-08-06_11-59-17_917219_1/3b94a5ba3d741ac419a7e7718d432deb97d0dc2f77dde0469ccde0f5/job_events/03000000/3b94a5ba3d741ac419a7e7718d432deb97d0dc2f77dde0469ccde0f5-2026-08-06-18-1786042783481825420.jsonl: TASK_LIFECYCLE_EVENT must have at least one state transition"
time="2026-08-06T19:08:23Z" level=error msg="Failed to store events for file session_2026-08-06_11-59-17_917219_1/3b94a5ba3d741ac419a7e7718d432deb97d0dc2f77dde0469ccde0f5/job_events/03000000/3b94a5ba3d741ac419a7e7718d432deb97d0dc2f77dde0469ccde0f5-2026-08-06-18-1786042783481825420.jsonl: TASK_LIFECYCLE_EVENT must have at least one state transition"
time="2026-08-06T19:08:24Z" level=error msg="Failed to store events for file session_2026-08-06_11-59-17_917219_1/3b94a5ba3d741ac419a7e7718d432deb97d0dc2f77dde0469ccde0f5/job_events/03000000/3b94a5ba3d741ac419a7e7718d432deb97d0dc2f77dde0469ccde0f5-2026-08-06-18-1786042783481825420.jsonl: TASK_LIFECYCLE_EVENT must have at least one state transition"
time="2026-08-06T19:08:25Z" level=error msg="Failed to store events for file session_2026-08-06_11-59-17_917219_1/3b94a5ba3d741ac419a7e7718d432deb97d0dc2f77dde0469ccde0f5/job_events/03000000/3b94a5ba3d741ac419a7e7718d432deb97d0dc2f77dde0469ccde0f5-2026-08-06-18-1786042783481825420.jsonl: TASK_LIFECYCLE_EVENT must have at least one state transition"
time="2026-08-06T19:08:25Z" level=error msg="Failed to store events for file session_2026-08-06_11-59-17_917219_1/3b94a5ba3d741ac419a7e7718d432deb97d0dc2f77dde0469ccde0f5/job_events/03000000/3b94a5ba3d741ac419a7e7718d432deb97d0dc2f77dde0469ccde0f5-2026-08-06-18-1786042783481825420.jsonl: TASK_LIFECYCLE_EVENT must have at least one state transition"
time="2026-08-06T19:08:25Z" level=error msg="Failed to store events for file session_2026-08-06_11-59-17_917219_1/3b94a5ba3d741ac419a7e7718d432deb97d0dc2f77dde0469ccde0f5/job_events/03000000/3b94a5ba3d741ac419a7e7718d432deb97d0dc2f77dde0469ccde0f5-2026-08-06-18-1786042783481825420.jsonl: TASK_LIFECYCLE_EVENT must have at least one state transition"
time="2026-08-06T19:08:26Z" level=error msg="Failed to store events for file session_2026-08-06_11-59-17_917219_1/3b94a5ba3d741ac419a7e7718d432deb97d0dc2f77dde0469ccde0f5/job_events/03000000/3b94a5ba3d741ac419a7e7718d432deb97d0dc2f77dde0469ccde0f5-2026-08-06-18-1786042783481825420.jsonl: TASK_LIFECYCLE_EVENT must have at least one state transition"
time="2026-08-06T19:08:26Z" level=error msg="Failed to store events for file session_2026-08-06_11-59-17_917219_1/3b94a5ba3d741ac419a7e7718d432deb97d0dc2f77dde0469ccde0f5/job_events/03000000/3b94a5ba3d741ac419a7e7718d432deb97d0dc2f77dde0469ccde0f5-2026-08-06-18-1786042783481825420.jsonl: TASK_LIFECYCLE_EVENT must have at least one state transition"
time="2026-08-06T19:08:28Z" level=error msg="Failed to store events for file session_2026-08-06_11-59-17_917219_1/3b94a5ba3d741ac419a7e7718d432deb97d0dc2f77dde0469ccde0f5/job_events/03000000/3b94a5ba3d741ac419a7e7718d432deb97d0dc2f77dde0469ccde0f5-2026-08-06-18-1786042783481825420.jsonl: TASK_LIFECYCLE_EVENT must have at least one state transition"
time="2026-08-06T19:08:28Z" level=error msg="Failed to store events for file session_2026-08-06_11-59-17_917219_1/3b94a5ba3d741ac419a7e7718d432deb97d0dc2f77dde0469ccde0f5/job_events/03000000/3b94a5ba3d741ac419a7e7718d432deb97d0dc2f77dde0469ccde0f5-2026-08-06-18-1786042783481825420.jsonl: TASK_LIFECYCLE_EVENT must have at least one state transition"
time="2026-08-06T19:08:28Z" level=error msg="Failed to store events for file session_2026-08-06_11-59-17_917219_1/3b94a5ba3d741ac419a7e7718d432deb97d0dc2f77dde0469ccde0f5/job_events/03000000/3b94a5ba3d741ac419a7e7718d432deb97d0dc2f77dde0469ccde0f5-2026-08-06-18-1786042783481825420.jsonl: TASK_LIFECYCLE_EVENT must have at least one state transition"
time="2026-08-06T19:08:29Z" level=error msg="Failed to store events for file session_2026-08-06_11-59-17_917219_1/3b94a5ba3d741ac419a7e7718d432deb97d0dc2f77dde0469ccde0f5/job_events/03000000/3b94a5ba3d741ac419a7e7718d432deb97d0dc2f77dde0469ccde0f5-2026-08-06-18-1786042783481825420.jsonl: TASK_LIFECYCLE_EVENT must have at least one state transition"
time="2026-08-06T19:08:29Z" level=error msg="Failed to store events for file session_2026-08-06_11-59-17_917219_1/3b94a5ba3d741ac419a7e7718d432deb97d0dc2f77dde0469ccde0f5/job_events/03000000/3b94a5ba3d741ac419a7e7718d432deb97d0dc2f77dde0469ccde0f5-2026-08-06-18-1786042783481825420.jsonl: TASK_LIFECYCLE_EVENT must have at least one state transition"
time="2026-08-06T19:08:29Z" level=error msg="Failed to store events for file session_2026-08-06_11-59-17_917219_1/3b94a5ba3d741ac419a7e7718d432deb97d0dc2f77dde0469ccde0f5/job_events/03000000/3b94a5ba3d741ac419a7e7718d432deb97d0dc2f77dde0469ccde0f5-2026-08-06-18-1786042783481825420.jsonl: TASK_LIFECYCLE_EVENT must have at least one state transition"
time="2026-08-06T19:08:30Z" level=error msg="Failed to store events for file session_2026-08-06_11-59-17_917219_1/3b94a5ba3d741ac419a7e7718d432deb97d0dc2f77dde0469ccde0f5/job_events/03000000/3b94a5ba3d741ac419a7e7718d432deb97d0dc2f77dde0469ccde0f5-2026-08-06-18-1786042783481825420.jsonl: TASK_LIFECYCLE_EVENT must have at least one state transition"
time="2026-08-06T19:08:30Z" level=error msg="Failed to store events for file session_2026-08-06_11-59-17_917219_1/3b94a5ba3d741ac419a7e7718d432deb97d0dc2f77dde0469ccde0f5/job_events/03000000/3b94a5ba3d741ac419a7e7718d432deb97d0dc2f77dde0469ccde0f5-2026-08-06-18-1786042783481825420.jsonl: TASK_LIFECYCLE_EVENT must have at least one state transition"
time="2026-08-06T19:08:31Z" level=error msg="Failed to store events for file session_2026-08-06_11-59-17_917219_1/3b94a5ba3d741ac419a7e7718d432deb97d0dc2f77dde0469ccde0f5/job_events/03000000/3b94a5ba3d741ac419a7e7718d432deb97d0dc2f77dde0469ccde0f5-2026-08-06-18-1786042783481825420.jsonl: TASK_LIFECYCLE_EVENT must have at least one state transition"
time="2026-08-06T19:08:31Z" level=error msg="Failed to store events for file session_2026-08-06_11-59-17_917219_1/3b94a5ba3d741ac419a7e7718d432deb97d0dc2f77dde0469ccde0f5/job_events/03000000/3b94a5ba3d741ac419a7e7718d432deb97d0dc2f77dde0469ccde0f5-2026-08-06-18-1786042783481825420.jsonl: TASK_LIFECYCLE_EVENT must have at least one state transition"
time="2026-08-06T19:08:31Z" level=error msg="Failed to store events for file session_2026-08-06_11-59-17_917219_1/3b94a5ba3d741ac419a7e7718d432deb97d0dc2f77dde0469ccde0f5/job_events/03000000/3b94a5ba3d741ac419a7e7718d432deb97d0dc2f77dde0469ccde0f5-2026-08-06-18-1786042783481825420.jsonl: TASK_LIFECYCLE_EVENT must have at least one state transition"
time="2026-08-06T19:08:31Z" level=error msg="Failed to store events for file session_2026-08-06_11-59-17_917219_1/3b94a5ba3d741ac419a7e7718d432deb97d0dc2f77dde0469ccde0f5/job_events/03000000/3b94a5ba3d741ac419a7e7718d432deb97d0dc2f77dde0469ccde0f5-2026-08-06-18-1786042783481825420.jsonl: TASK_LIFECYCLE_EVENT must have at least one state transition"
time="2026-08-06T19:08:32Z" level=error msg="Failed to store events for file session_2026-08-06_11-59-17_917219_1/3b94a5ba3d741ac419a7e7718d432deb97d0dc2f77dde0469ccde0f5/job_events/03000000/3b94a5ba3d741ac419a7e7718d432deb97d0dc2f77dde0469ccde0f5-2026-08-06-18-1786042783481825420.jsonl: TASK_LIFECYCLE_EVENT must have at least one state transition"
time="2026-08-06T19:08:33Z" level=error msg="Failed to store events for file session_2026-08-06_11-59-17_917219_1/3b94a5ba3d741ac419a7e7718d432deb97d0dc2f77dde0469ccde0f5/job_events/03000000/3b94a5ba3d741ac419a7e7718d432deb97d0dc2f77dde0469ccde0f5-2026-08-06-18-1786042783481825420.jsonl: TASK_LIFECYCLE_EVENT must have at least one state transition"
time="2026-08-06T19:08:34Z" level=error msg="Failed to store events for file session_2026-08-06_11-59-17_917219_1/3b94a5ba3d741ac419a7e7718d432deb97d0dc2f77dde0469ccde0f5/job_events/03000000/3b94a5ba3d741ac419a7e7718d432deb97d0dc2f77dde0469ccde0f5-2026-08-06-18-1786042783481825420.jsonl: TASK_LIFECYCLE_EVENT must have at least one state transition"
time="2026-08-06T19:08:35Z" level=error msg="Failed to store events for file session_2026-08-06_11-59-17_917219_1/3b94a5ba3d741ac419a7e7718d432deb97d0dc2f77dde0469ccde0f5/job_events/03000000/3b94a5ba3d741ac419a7e7718d432deb97d0dc2f77dde0469ccde0f5-2026-08-06-18-1786042783481825420.jsonl: TASK_LIFECYCLE_EVENT must have at least one state transition"
time="2026-08-06T19:08:36Z" level=error msg="Failed to store events for file session_2026-08-06_11-59-17_917219_1/3b94a5ba3d741ac419a7e7718d432deb97d0dc2f77dde0469ccde0f5/job_events/03000000/3b94a5ba3d741ac419a7e7718d432deb97d0dc2f77dde0469ccde0f5-2026-08-06-18-1786042783481825420.jsonl: TASK_LIFECYCLE_EVENT must have at least one state transition"
time="2026-08-06T19:08:38Z" level=error msg="Failed to store events for file session_2026-08-06_11-59-17_917219_1/3b94a5ba3d741ac419a7e7718d432deb97d0dc2f77dde0469ccde0f5/job_events/03000000/3b94a5ba3d741ac419a7e7718d432deb97d0dc2f77dde0469ccde0f5-2026-08-06-18-1786042783481825420.jsonl: TASK_LIFECYCLE_EVENT must have at least one state transition"
time="2026-08-06T19:08:38Z" level=error msg="Failed to store events for file session_2026-08-06_11-59-17_917219_1/3b94a5ba3d741ac419a7e7718d432deb97d0dc2f77dde0469ccde0f5/job_events/03000000/3b94a5ba3d741ac419a7e7718d432deb97d0dc2f77dde0469ccde0f5-2026-08-06-18-1786042783481825420.jsonl: TASK_LIFECYCLE_EVENT must have at least one state transition"
time="2026-08-06T19:08:39Z" level=error msg="Failed to store events for file session_2026-08-06_11-59-17_917219_1/3b94a5ba3d741ac419a7e7718d432deb97d0dc2f77dde0469ccde0f5/job_events/03000000/3b94a5ba3d741ac419a7e7718d432deb97d0dc2f77dde0469ccde0f5-2026-08-06-18-1786042783481825420.jsonl: TASK_LIFECYCLE_EVENT must have at least one state transition"
time="2026-08-06T19:08:39Z" level=error msg="Failed to store events for file session_2026-08-06_11-59-17_917219_1/3b94a5ba3d741ac419a7e7718d432deb97d0dc2f77dde0469ccde0f5/job_events/03000000/3b94a5ba3d741ac419a7e7718d432deb97d0dc2f77dde0469ccde0f5-2026-08-06-18-1786042783481825420.jsonl: TASK_LIFECYCLE_EVENT must have at least one state transition"
time="2026-08-06T19:08:39Z" level=error msg="Failed to store events for file session_2026-08-06_11-59-17_917219_1/3b94a5ba3d741ac419a7e7718d432deb97d0dc2f77dde0469ccde0f5/job_events/03000000/3b94a5ba3d741ac419a7e7718d432deb97d0dc2f77dde0469ccde0f5-2026-08-06-18-1786042783481825420.jsonl: TASK_LIFECYCLE_EVENT must have at least one state transition"
time="2026-08-06T19:08:39Z" level=error msg="Failed to store events for file session_2026-08-06_11-59-17_917219_1/3b94a5ba3d741ac419a7e7718d432deb97d0dc2f77dde0469ccde0f5/job_events/03000000/3b94a5ba3d741ac419a7e7718d432deb97d0dc2f77dde0469ccde0f5-2026-08-06-18-1786042783481825420.jsonl: TASK_LIFECYCLE_EVENT must have at least one state transition"
time="2026-08-06T19:08:40Z" level=error msg="Failed to store events for file session_2026-08-06_11-59-17_917219_1/3b94a5ba3d741ac419a7e7718d432deb97d0dc2f77dde0469ccde0f5/job_events/03000000/3b94a5ba3d741ac419a7e7718d432deb97d0dc2f77dde0469ccde0f5-2026-08-06-18-1786042783481825420.jsonl: TASK_LIFECYCLE_EVENT must have at least one state transition"
time="2026-08-06T19:08:40Z" level=error msg="Failed to store events for file session_2026-08-06_11-59-17_917219_1/3b94a5ba3d741ac419a7e7718d432deb97d0dc2f77dde0469ccde0f5/job_events/03000000/3b94a5ba3d741ac419a7e7718d432deb97d0dc2f77dde0469ccde0f5-2026-08-06-18-1786042783481825420.jsonl: TASK_LIFECYCLE_EVENT must have at least one state transition"
time="2026-08-06T19:08:41Z" level=error msg="Failed to store events for file session_2026-08-06_11-59-17_917219_1/3b94a5ba3d741ac419a7e7718d432deb97d0dc2f77dde0469ccde0f5/job_events/03000000/3b94a5ba3d741ac419a7e7718d432deb97d0dc2f77dde0469ccde0f5-2026-08-06-18-1786042783481825420.jsonl: TASK_LIFECYCLE_EVENT must have at least one state transition"
time="2026-08-06T19:08:41Z" level=error msg="Failed to store events for file session_2026-08-06_11-59-17_917219_1/3b94a5ba3d741ac419a7e7718d432deb97d0dc2f77dde0469ccde0f5/job_events/03000000/3b94a5ba3d741ac419a7e7718d432deb97d0dc2f77dde0469ccde0f5-2026-08-06-18-1786042783481825420.jsonl: TASK_LIFECYCLE_EVENT must have at least one state transition"
time="2026-08-06T19:08:42Z" level=error msg="Failed to store events for file session_2026-08-06_11-59-17_917219_1/3b94a5ba3d741ac419a7e7718d432deb97d0dc2f77dde0469ccde0f5/job_events/03000000/3b94a5ba3d741ac419a7e7718d432deb97d0dc2f77dde0469ccde0f5-2026-08-06-18-1786042783481825420.jsonl: TASK_LIFECYCLE_EVENT must have at least one state transition"
time="2026-08-06T19:08:42Z" level=info msg="Prepare to get object log/cluster-history/raycluster/test-ns-4zz46/raycluster-historyserver/session_2026-08-06_11-59-17_917219_1/3b94a5ba3d741ac419a7e7718d432deb97d0dc2f77dde0469ccde0f5/job_events/03000000/3b94a5ba3d741ac419a7e7718d432deb97d0dc2f77dde0469ccde0f5-2026-08-06-19-1786042831439945512.jsonl info ..."
time="2026-08-06T19:08:44Z" level=error msg="Failed to store events for file session_2026-08-06_11-59-17_917219_1/3b94a5ba3d741ac419a7e7718d432deb97d0dc2f77dde0469ccde0f5/job_events/03000000/3b94a5ba3d741ac419a7e7718d432deb97d0dc2f77dde0469ccde0f5-2026-08-06-19-1786042831439945512.jsonl: TASK_LIFECYCLE_EVENT must have at least one state transition"
time="2026-08-06T19:08:45Z" level=error msg="Failed to store events for file session_2026-08-06_11-59-17_917219_1/3b94a5ba3d741ac419a7e7718d432deb97d0dc2f77dde0469ccde0f5/job_events/03000000/3b94a5ba3d741ac419a7e7718d432deb97d0dc2f77dde0469ccde0f5-2026-08-06-19-1786042831439945512.jsonl: TASK_LIFECYCLE_EVENT must have at least one state transition"
time="2026-08-06T19:08:45Z" level=error msg="Failed to store events for file session_2026-08-06_11-59-17_917219_1/3b94a5ba3d741ac419a7e7718d432deb97d0dc2f77dde0469ccde0f5/job_events/03000000/3b94a5ba3d741ac419a7e7718d432deb97d0dc2f77dde0469ccde0f5-2026-08-06-19-1786042831439945512.jsonl: TASK_LIFECYCLE_EVENT must have at least one state transition"
time="2026-08-06T19:08:45Z" level=error msg="Failed to store events for file session_2026-08-06_11-59-17_917219_1/3b94a5ba3d741ac419a7e7718d432deb97d0dc2f77dde0469ccde0f5/job_events/03000000/3b94a5ba3d741ac419a7e7718d432deb97d0dc2f77dde0469ccde0f5-2026-08-06-19-1786042831439945512.jsonl: TASK_LIFECYCLE_EVENT must have at least one state transition"
time="2026-08-06T19:08:45Z" level=error msg="Failed to store events for file session_2026-08-06_11-59-17_917219_1/3b94a5ba3d741ac419a7e7718d432deb97d0dc2f77dde0469ccde0f5/job_events/03000000/3b94a5ba3d741ac419a7e7718d432deb97d0dc2f77dde0469ccde0f5-2026-08-06-19-1786042831439945512.jsonl: TASK_LIFECYCLE_EVENT must have at least one state transition"
time="2026-08-06T19:08:45Z" level=info msg="Prepare to get object log/cluster-history/raycluster/test-ns-4zz46/raycluster-historyserver/session_2026-08-06_11-59-17_917219_1/ce2ef96af9711ffcdda1d27dbe75784897675832656bc6b7b1fa9be8/job_events/01000000/ce2ef96af9711ffcdda1d27dbe75784897675832656bc6b7b1fa9be8-2026-08-06-18-1786042763251598175.jsonl info ..."
time="2026-08-06T19:08:45Z" level=info msg="Prepare to get object log/cluster-history/raycluster/test-ns-4zz46/raycluster-historyserver/session_2026-08-06_11-59-17_917219_1/ce2ef96af9711ffcdda1d27dbe75784897675832656bc6b7b1fa9be8/job_events/02000000/ce2ef96af9711ffcdda1d27dbe75784897675832656bc6b7b1fa9be8-2026-08-06-18-1786042780492624044.jsonl info ..."
time="2026-08-06T19:08:45Z" level=info msg="Prepare to get object log/cluster-history/raycluster/test-ns-4zz46/raycluster-historyserver/session_2026-08-06_11-59-17_917219_1/ce2ef96af9711ffcdda1d27dbe75784897675832656bc6b7b1fa9be8/job_events/03000000/ce2ef96af9711ffcdda1d27dbe75784897675832656bc6b7b1fa9be8-2026-08-06-18-1786042781491851669.jsonl info ..."
time="2026-08-06T19:08:47Z" level=error msg="Failed to load session test-ns-4zz46/raycluster-historyserver/session_2026-08-06_11-59-17_917219_1: context canceled"
time="2026-08-06T19:08:56Z" level=info msg="Received request: GET /enter_cluster/test-ns-4zz46/raycluster/raycluster-historyserver/session_2026-08-06_11-59-17_917219_1"
time="2026-08-06T19:08:56Z" level=info msg="[List]Returned objects in log/cluster-metadata/. length of page.Contents: 2, length of page.CommonPrefixes: 0"
time="2026-08-06T19:08:56Z" level=error msg="Failed to parse meta file path: log/cluster-metadata/raycluster/test-ns-4zz46_raycluster-historyserver/, error: invalid path segment count for cluster metadata structure: log/cluster-metadata/raycluster/test-ns-4zz46_raycluster-historyserver/"
time="2026-08-06T19:08:56Z" level=info msg="Parsed cluster raycluster-historyserver for session session_2026-08-06_11-59-17_917219_1 to list"
gc 13 @476.922s 1%: 0.51+4096+0.11 ms clock, 1.0+0.92/2057/2164+0.22 ms cpu, 3483->3513->504 MB, 3607 MB goal, 0 MB stacks, 0 MB globals, 2 P
time="2026-08-06T19:09:49Z" level=error msg="Failed to load session test-ns-4zz46/raycluster-historyserver/session_2026-08-06_11-59-17_917219_1: context deadline exceeded"
time="2026-08-06T19:10:00Z" level=info msg="Received request: GET /enter_cluster/test-ns-4zz46/raycluster/raycluster-historyserver/session_2026-08-06_11-59-17_917219_1"
time="2026-08-06T19:10:00Z" level=info msg="[List]Returned objects in log/cluster-metadata/. length of page.Contents: 2, length of page.CommonPrefixes: 0"
time="2026-08-06T19:10:00Z" level=error msg="Failed to parse meta file path: log/cluster-metadata/raycluster/test-ns-4zz46_raycluster-historyserver/, error: invalid path segment count for cluster metadata structure: log/cluster-metadata/raycluster/test-ns-4zz46_raycluster-historyserver/"
time="2026-08-06T19:10:00Z" level=info msg="Parsed cluster raycluster-historyserver for session session_2026-08-06_11-59-17_917219_1 to list"
time="2026-08-06T19:10:00Z" level=info msg="[ListFiles]Returned objects in log/cluster-history/raycluster/test-ns-4zz46/raycluster-historyserver/session_2026-08-06_11-59-17_917219_1/. length of page.Contents: 0, length of page.CommonPrefixes: 3"
time="2026-08-06T19:10:00Z" level=info msg="[ListFiles]Returned objects in log/cluster-history/raycluster/test-ns-4zz46/raycluster-historyserver/session_2026-08-06_11-59-17_917219_1/3b94a5ba3d741ac419a7e7718d432deb97d0dc2f77dde0469ccde0f5/logs/events/. length of page.Contents: 13, length of page.CommonPrefixes: 0"
time="2026-08-06T19:10:00Z" level=info msg="Prepare to get object log/cluster-history/raycluster/test-ns-4zz46/raycluster-historyserver/session_2026-08-06_11-59-17_917219_1/3b94a5ba3d741ac419a7e7718d432deb97d0dc2f77dde0469ccde0f5/logs/events/event_CORE_WORKER_228.log info ..."
time="2026-08-06T19:10:00Z" level=info msg="Prepare to get object log/cluster-history/raycluster/test-ns-4zz46/raycluster-historyserver/session_2026-08-06_11-59-17_917219_1/3b94a5ba3d741ac419a7e7718d432deb97d0dc2f77dde0469ccde0f5/logs/events/event_CORE_WORKER_229.log info ..."
time="2026-08-06T19:10:00Z" level=info msg="Prepare to get object log/cluster-history/raycluster/test-ns-4zz46/raycluster-historyserver/session_2026-08-06_11-59-17_917219_1/3b94a5ba3d741ac419a7e7718d432deb97d0dc2f77dde0469ccde0f5/logs/events/event_CORE_WORKER_321.log info ..."
time="2026-08-06T19:10:00Z" level=info msg="Prepare to get object log/cluster-history/raycluster/test-ns-4zz46/raycluster-historyserver/session_2026-08-06_11-59-17_917219_1/3b94a5ba3d741ac419a7e7718d432deb97d0dc2f77dde0469ccde0f5/logs/events/event_CORE_WORKER_325.log info ..."
time="2026-08-06T19:10:00Z" level=info msg="Prepare to get object log/cluster-history/raycluster/test-ns-4zz46/raycluster-historyserver/session_2026-08-06_11-59-17_917219_1/3b94a5ba3d741ac419a7e7718d432deb97d0dc2f77dde0469ccde0f5/logs/events/event_CORE_WORKER_399.log info ..."
time="2026-08-06T19:10:00Z" level=info msg="Prepare to get object log/cluster-history/raycluster/test-ns-4zz46/raycluster-historyserver/session_2026-08-06_11-59-17_917219_1/3b94a5ba3d741ac419a7e7718d432deb97d0dc2f77dde0469ccde0f5/logs/events/event_CORE_WORKER_419.log info ..."
time="2026-08-06T19:10:00Z" level=info msg="Prepare to get object log/cluster-history/raycluster/test-ns-4zz46/raycluster-historyserver/session_2026-08-06_11-59-17_917219_1/3b94a5ba3d741ac419a7e7718d432deb97d0dc2f77dde0469ccde0f5/logs/events/event_CORE_WORKER_492.log info ..."
time="2026-08-06T19:10:00Z" level=info msg="Prepare to get object log/cluster-history/raycluster/test-ns-4zz46/raycluster-historyserver/session_2026-08-06_11-59-17_917219_1/3b94a5ba3d741ac419a7e7718d432deb97d0dc2f77dde0469ccde0f5/logs/events/event_CORE_WORKER_513.log info ..."
time="2026-08-06T19:10:00Z" level=info msg="Prepare to get object log/cluster-history/raycluster/test-ns-4zz46/raycluster-historyserver/session_2026-08-06_11-59-17_917219_1/3b94a5ba3d741ac419a7e7718d432deb97d0dc2f77dde0469ccde0f5/logs/events/event_CORE_WORKER_591.log info ..."
time="2026-08-06T19:10:00Z" level=info msg="Prepare to get object log/cluster-history/raycluster/test-ns-4zz46/raycluster-historyserver/session_2026-08-06_11-59-17_917219_1/3b94a5ba3d741ac419a7e7718d432deb97d0dc2f77dde0469ccde0f5/logs/events/event_CORE_WORKER_609.log info ..."
time="2026-08-06T19:10:00Z" level=info msg="Prepare to get object log/cluster-history/raycluster/test-ns-4zz46/raycluster-historyserver/session_2026-08-06_11-59-17_917219_1/3b94a5ba3d741ac419a7e7718d432deb97d0dc2f77dde0469ccde0f5/logs/events/event_CORE_WORKER_697.log info ..."
time="2026-08-06T19:10:00Z" level=info msg="Prepare to get object log/cluster-history/raycluster/test-ns-4zz46/raycluster-historyserver/session_2026-08-06_11-59-17_917219_1/3b94a5ba3d741ac419a7e7718d432deb97d0dc2f77dde0469ccde0f5/logs/events/event_RAYLET.log info ..."
time="2026-08-06T19:10:00Z" level=info msg="[ListFiles]Returned objects in log/cluster-history/raycluster/test-ns-4zz46/raycluster-historyserver/session_2026-08-06_11-59-17_917219_1/ce2ef96af9711ffcdda1d27dbe75784897675832656bc6b7b1fa9be8/logs/events/. length of page.Contents: 11, length of page.CommonPrefixes: 0"
time="2026-08-06T19:10:00Z" level=info msg="Prepare to get object log/cluster-history/raycluster/test-ns-4zz46/raycluster-historyserver/session_2026-08-06_11-59-17_917219_1/ce2ef96af9711ffcdda1d27dbe75784897675832656bc6b7b1fa9be8/logs/events/event_AUTOSCALER.log info ..."
time="2026-08-06T19:10:00Z" level=info msg="Prepare to get object log/cluster-history/raycluster/test-ns-4zz46/raycluster-historyserver/session_2026-08-06_11-59-17_917219_1/ce2ef96af9711ffcdda1d27dbe75784897675832656bc6b7b1fa9be8/logs/events/event_CORE_WORKER_1020.log info ..."
time="2026-08-06T19:10:00Z" level=info msg="Prepare to get object log/cluster-history/raycluster/test-ns-4zz46/raycluster-historyserver/session_2026-08-06_11-59-17_917219_1/ce2ef96af9711ffcdda1d27dbe75784897675832656bc6b7b1fa9be8/logs/events/event_CORE_WORKER_1176.log info ..."
time="2026-08-06T19:10:00Z" level=info msg="Prepare to get object log/cluster-history/raycluster/test-ns-4zz46/raycluster-historyserver/session_2026-08-06_11-59-17_917219_1/ce2ef96af9711ffcdda1d27dbe75784897675832656bc6b7b1fa9be8/logs/events/event_CORE_WORKER_201.log info ..."
time="2026-08-06T19:10:00Z" level=info msg="Prepare to get object log/cluster-history/raycluster/test-ns-4zz46/raycluster-historyserver/session_2026-08-06_11-59-17_917219_1/ce2ef96af9711ffcdda1d27dbe75784897675832656bc6b7b1fa9be8/logs/events/event_CORE_WORKER_206.log info ..."
time="2026-08-06T19:10:00Z" level=info msg="Prepare to get object log/cluster-history/raycluster/test-ns-4zz46/raycluster-historyserver/session_2026-08-06_11-59-17_917219_1/ce2ef96af9711ffcdda1d27dbe75784897675832656bc6b7b1fa9be8/logs/events/event_CORE_WORKER_680.log info ..."
time="2026-08-06T19:10:00Z" level=info msg="Prepare to get object log/cluster-history/raycluster/test-ns-4zz46/raycluster-historyserver/session_2026-08-06_11-59-17_917219_1/ce2ef96af9711ffcdda1d27dbe75784897675832656bc6b7b1fa9be8/logs/events/event_CORE_WORKER_963.log info ..."
time="2026-08-06T19:10:00Z" level=info msg="Prepare to get object log/cluster-history/raycluster/test-ns-4zz46/raycluster-historyserver/session_2026-08-06_11-59-17_917219_1/ce2ef96af9711ffcdda1d27dbe75784897675832656bc6b7b1fa9be8/logs/events/event_GCS.log info ..."
time="2026-08-06T19:10:00Z" level=info msg="Prepare to get object log/cluster-history/raycluster/test-ns-4zz46/raycluster-historyserver/session_2026-08-06_11-59-17_917219_1/ce2ef96af9711ffcdda1d27dbe75784897675832656bc6b7b1fa9be8/logs/events/event_JOBS.log info ..."
time="2026-08-06T19:10:00Z" level=info msg="Prepare to get object log/cluster-history/raycluster/test-ns-4zz46/raycluster-historyserver/session_2026-08-06_11-59-17_917219_1/ce2ef96af9711ffcdda1d27dbe75784897675832656bc6b7b1fa9be8/logs/events/event_RAYLET.log info ..."
time="2026-08-06T19:10:00Z" level=info msg="[ListFiles]Returned objects in log/cluster-history/raycluster/test-ns-4zz46/raycluster-historyserver/session_2026-08-06_11-59-17_917219_1/fetched_endpoints/logs/events/. length of page.Contents: 0, length of page.CommonPrefixes: 0"
time="2026-08-06T19:10:00Z" level=info msg="[ListFiles]Returned objects in log/cluster-history/raycluster/test-ns-4zz46/raycluster-historyserver/session_2026-08-06_11-59-17_917219_1/. length of page.Contents: 0, length of page.CommonPrefixes: 3"
time="2026-08-06T19:10:00Z" level=info msg="[ListFiles]Returned objects in log/cluster-history/raycluster/test-ns-4zz46/raycluster-historyserver/session_2026-08-06_11-59-17_917219_1/3b94a5ba3d741ac419a7e7718d432deb97d0dc2f77dde0469ccde0f5/job_events/. length of page.Contents: 0, length of page.CommonPrefixes: 1"
time="2026-08-06T19:10:00Z" level=info msg="[ListFiles]Returned objects in log/cluster-history/raycluster/test-ns-4zz46/raycluster-historyserver/session_2026-08-06_11-59-17_917219_1/3b94a5ba3d741ac419a7e7718d432deb97d0dc2f77dde0469ccde0f5/job_events/03000000/. length of page.Contents: 3, length of page.CommonPrefixes: 0"
time="2026-08-06T19:10:00Z" level=info msg="[ListFiles]Returned objects in log/cluster-history/raycluster/test-ns-4zz46/raycluster-historyserver/session_2026-08-06_11-59-17_917219_1/ce2ef96af9711ffcdda1d27dbe75784897675832656bc6b7b1fa9be8/job_events/. length of page.Contents: 0, length of page.CommonPrefixes: 4"
time="2026-08-06T19:10:00Z" level=info msg="[ListFiles]Returned objects in log/cluster-history/raycluster/test-ns-4zz46/raycluster-historyserver/session_2026-08-06_11-59-17_917219_1/ce2ef96af9711ffcdda1d27dbe75784897675832656bc6b7b1fa9be8/job_events/01000000/. length of page.Contents: 2, length of page.CommonPrefixes: 0"
time="2026-08-06T19:10:00Z" level=info msg="[ListFiles]Returned objects in log/cluster-history/raycluster/test-ns-4zz46/raycluster-historyserver/session_2026-08-06_11-59-17_917219_1/ce2ef96af9711ffcdda1d27dbe75784897675832656bc6b7b1fa9be8/job_events/02000000/. length of page.Contents: 2, length of page.CommonPrefixes: 0"
time="2026-08-06T19:10:00Z" level=info msg="[ListFiles]Returned objects in log/cluster-history/raycluster/test-ns-4zz46/raycluster-historyserver/session_2026-08-06_11-59-17_917219_1/ce2ef96af9711ffcdda1d27dbe75784897675832656bc6b7b1fa9be8/job_events/03000000/. length of page.Contents: 3, length of page.CommonPrefixes: 0"
time="2026-08-06T19:10:00Z" level=info msg="[ListFiles]Returned objects in log/cluster-history/raycluster/test-ns-4zz46/raycluster-historyserver/session_2026-08-06_11-59-17_917219_1/ce2ef96af9711ffcdda1d27dbe75784897675832656bc6b7b1fa9be8/job_events/04000000/. length of page.Contents: 2, length of page.CommonPrefixes: 0"
time="2026-08-06T19:10:00Z" level=info msg="[ListFiles]Returned objects in log/cluster-history/raycluster/test-ns-4zz46/raycluster-historyserver/session_2026-08-06_11-59-17_917219_1/fetched_endpoints/job_events/. length of page.Contents: 0, length of page.CommonPrefixes: 0"
time="2026-08-06T19:10:00Z" level=info msg="[ListFiles]Returned objects in log/cluster-history/raycluster/test-ns-4zz46/raycluster-historyserver/session_2026-08-06_11-59-17_917219_1/. length of page.Contents: 0, length of page.CommonPrefixes: 3"
time="2026-08-06T19:10:00Z" level=info msg="[ListFiles]Returned objects in log/cluster-history/raycluster/test-ns-4zz46/raycluster-historyserver/session_2026-08-06_11-59-17_917219_1/3b94a5ba3d741ac419a7e7718d432deb97d0dc2f77dde0469ccde0f5/node_events/. length of page.Contents: 0, length of page.CommonPrefixes: 0"
time="2026-08-06T19:10:00Z" level=info msg="[ListFiles]Returned objects in log/cluster-history/raycluster/test-ns-4zz46/raycluster-historyserver/session_2026-08-06_11-59-17_917219_1/ce2ef96af9711ffcdda1d27dbe75784897675832656bc6b7b1fa9be8/node_events/. length of page.Contents: 2, length of page.CommonPrefixes: 0"
time="2026-08-06T19:10:00Z" level=info msg="[ListFiles]Returned objects in log/cluster-history/raycluster/test-ns-4zz46/raycluster-historyserver/session_2026-08-06_11-59-17_917219_1/fetched_endpoints/node_events/. length of page.Contents: 0, length of page.CommonPrefixes: 0"
time="2026-08-06T19:10:00Z" level=info msg="Prepare to get object log/cluster-history/raycluster/test-ns-4zz46/raycluster-historyserver/session_2026-08-06_11-59-17_917219_1/3b94a5ba3d741ac419a7e7718d432deb97d0dc2f77dde0469ccde0f5/job_events/03000000/3b94a5ba3d741ac419a7e7718d432deb97d0dc2f77dde0469ccde0f5-2026-08-06-18-1786042783481825420.jsonl info ..."
gc 14 @557.198s 1%: 0.23+2998+0.086 ms clock, 0.46+13/1539/1966+0.17 ms cpu, 2461->2482->522 MB, 2526 MB goal, 0 MB stacks, 0 MB globals, 2 P
time="2026-08-06T19:10:26Z" level=error msg="Failed to store events for file session_2026-08-06_11-59-17_917219_1/3b94a5ba3d741ac419a7e7718d432deb97d0dc2f77dde0469ccde0f5/job_events/03000000/3b94a5ba3d741ac419a7e7718d432deb97d0dc2f77dde0469ccde0f5-2026-08-06-18-1786042783481825420.jsonl: TASK_LIFECYCLE_EVENT must have at least one state transition"
time="2026-08-06T19:10:26Z" level=error msg="Failed to store events for file session_2026-08-06_11-59-17_917219_1/3b94a5ba3d741ac419a7e7718d432deb97d0dc2f77dde0469ccde0f5/job_events/03000000/3b94a5ba3d741ac419a7e7718d432deb97d0dc2f77dde0469ccde0f5-2026-08-06-18-1786042783481825420.jsonl: TASK_LIFECYCLE_EVENT must have at least one state transition"
time="2026-08-06T19:10:26Z" level=error msg="Failed to store events for file session_2026-08-06_11-59-17_917219_1/3b94a5ba3d741ac419a7e7718d432deb97d0dc2f77dde0469ccde0f5/job_events/03000000/3b94a5ba3d741ac419a7e7718d432deb97d0dc2f77dde0469ccde0f5-2026-08-06-18-1786042783481825420.jsonl: TASK_LIFECYCLE_EVENT must have at least one state transition"
time="2026-08-06T19:10:27Z" level=error msg="Failed to store events for file session_2026-08-06_11-59-17_917219_1/3b94a5ba3d741ac419a7e7718d432deb97d0dc2f77dde0469ccde0f5/job_events/03000000/3b94a5ba3d741ac419a7e7718d432deb97d0dc2f77dde0469ccde0f5-2026-08-06-18-1786042783481825420.jsonl: TASK_LIFECYCLE_EVENT must have at least one state transition"
time="2026-08-06T19:10:27Z" level=error msg="Failed to store events for file session_2026-08-06_11-59-17_917219_1/3b94a5ba3d741ac419a7e7718d432deb97d0dc2f77dde0469ccde0f5/job_events/03000000/3b94a5ba3d741ac419a7e7718d432deb97d0dc2f77dde0469ccde0f5-2026-08-06-18-1786042783481825420.jsonl: TASK_LIFECYCLE_EVENT must have at least one state transition"
time="2026-08-06T19:10:28Z" level=error msg="Failed to store events for file session_2026-08-06_11-59-17_917219_1/3b94a5ba3d741ac419a7e7718d432deb97d0dc2f77dde0469ccde0f5/job_events/03000000/3b94a5ba3d741ac419a7e7718d432deb97d0dc2f77dde0469ccde0f5-2026-08-06-18-1786042783481825420.jsonl: TASK_LIFECYCLE_EVENT must have at least one state transition"
time="2026-08-06T19:10:29Z" level=error msg="Failed to store events for file session_2026-08-06_11-59-17_917219_1/3b94a5ba3d741ac419a7e7718d432deb97d0dc2f77dde0469ccde0f5/job_events/03000000/3b94a5ba3d741ac419a7e7718d432deb97d0dc2f77dde0469ccde0f5-2026-08-06-18-1786042783481825420.jsonl: TASK_LIFECYCLE_EVENT must have at least one state transition"
time="2026-08-06T19:10:30Z" level=error msg="Failed to store events for file session_2026-08-06_11-59-17_917219_1/3b94a5ba3d741ac419a7e7718d432deb97d0dc2f77dde0469ccde0f5/job_events/03000000/3b94a5ba3d741ac419a7e7718d432deb97d0dc2f77dde0469ccde0f5-2026-08-06-18-1786042783481825420.jsonl: TASK_LIFECYCLE_EVENT must have at least one state transition"
time="2026-08-06T19:10:30Z" level=error msg="Failed to store events for file session_2026-08-06_11-59-17_917219_1/3b94a5ba3d741ac419a7e7718d432deb97d0dc2f77dde0469ccde0f5/job_events/03000000/3b94a5ba3d741ac419a7e7718d432deb97d0dc2f77dde0469ccde0f5-2026-08-06-18-1786042783481825420.jsonl: TASK_LIFECYCLE_EVENT must have at least one state transition"
time="2026-08-06T19:10:30Z" level=error msg="Failed to store events for file session_2026-08-06_11-59-17_917219_1/3b94a5ba3d741ac419a7e7718d432deb97d0dc2f77dde0469ccde0f5/job_events/03000000/3b94a5ba3d741ac419a7e7718d432deb97d0dc2f77dde0469ccde0f5-2026-08-06-18-1786042783481825420.jsonl: TASK_LIFECYCLE_EVENT must have at least one state transition"
time="2026-08-06T19:10:31Z" level=error msg="Failed to store events for file session_2026-08-06_11-59-17_917219_1/3b94a5ba3d741ac419a7e7718d432deb97d0dc2f77dde0469ccde0f5/job_events/03000000/3b94a5ba3d741ac419a7e7718d432deb97d0dc2f77dde0469ccde0f5-2026-08-06-18-1786042783481825420.jsonl: TASK_LIFECYCLE_EVENT must have at least one state transition"
time="2026-08-06T19:10:31Z" level=error msg="Failed to store events for file session_2026-08-06_11-59-17_917219_1/3b94a5ba3d741ac419a7e7718d432deb97d0dc2f77dde0469ccde0f5/job_events/03000000/3b94a5ba3d741ac419a7e7718d432deb97d0dc2f77dde0469ccde0f5-2026-08-06-18-1786042783481825420.jsonl: TASK_LIFECYCLE_EVENT must have at least one state transition"
time="2026-08-06T19:10:31Z" level=error msg="Failed to store events for file session_2026-08-06_11-59-17_917219_1/3b94a5ba3d741ac419a7e7718d432deb97d0dc2f77dde0469ccde0f5/job_events/03000000/3b94a5ba3d741ac419a7e7718d432deb97d0dc2f77dde0469ccde0f5-2026-08-06-18-1786042783481825420.jsonl: TASK_LIFECYCLE_EVENT must have at least one state transition"
time="2026-08-06T19:10:31Z" level=error msg="Failed to store events for file session_2026-08-06_11-59-17_917219_1/3b94a5ba3d741ac419a7e7718d432deb97d0dc2f77dde0469ccde0f5/job_events/03000000/3b94a5ba3d741ac419a7e7718d432deb97d0dc2f77dde0469ccde0f5-2026-08-06-18-1786042783481825420.jsonl: TASK_LIFECYCLE_EVENT must have at least one state transition"
time="2026-08-06T19:10:32Z" level=error msg="Failed to store events for file session_2026-08-06_11-59-17_917219_1/3b94a5ba3d741ac419a7e7718d432deb97d0dc2f77dde0469ccde0f5/job_events/03000000/3b94a5ba3d741ac419a7e7718d432deb97d0dc2f77dde0469ccde0f5-2026-08-06-18-1786042783481825420.jsonl: TASK_LIFECYCLE_EVENT must have at least one state transition"
time="2026-08-06T19:10:32Z" level=error msg="Failed to store events for file session_2026-08-06_11-59-17_917219_1/3b94a5ba3d741ac419a7e7718d432deb97d0dc2f77dde0469ccde0f5/job_events/03000000/3b94a5ba3d741ac419a7e7718d432deb97d0dc2f77dde0469ccde0f5-2026-08-06-18-1786042783481825420.jsonl: TASK_LIFECYCLE_EVENT must have at least one state transition"
time="2026-08-06T19:10:32Z" level=error msg="Failed to store events for file session_2026-08-06_11-59-17_917219_1/3b94a5ba3d741ac419a7e7718d432deb97d0dc2f77dde0469ccde0f5/job_events/03000000/3b94a5ba3d741ac419a7e7718d432deb97d0dc2f77dde0469ccde0f5-2026-08-06-18-1786042783481825420.jsonl: TASK_LIFECYCLE_EVENT must have at least one state transition"
time="2026-08-06T19:10:32Z" level=error msg="Failed to store events for file session_2026-08-06_11-59-17_917219_1/3b94a5ba3d741ac419a7e7718d432deb97d0dc2f77dde0469ccde0f5/job_events/03000000/3b94a5ba3d741ac419a7e7718d432deb97d0dc2f77dde0469ccde0f5-2026-08-06-18-1786042783481825420.jsonl: TASK_LIFECYCLE_EVENT must have at least one state transition"
time="2026-08-06T19:10:33Z" level=error msg="Failed to store events for file session_2026-08-06_11-59-17_917219_1/3b94a5ba3d741ac419a7e7718d432deb97d0dc2f77dde0469ccde0f5/job_events/03000000/3b94a5ba3d741ac419a7e7718d432deb97d0dc2f77dde0469ccde0f5-2026-08-06-18-1786042783481825420.jsonl: TASK_LIFECYCLE_EVENT must have at least one state transition"
time="2026-08-06T19:10:33Z" level=error msg="Failed to store events for file session_2026-08-06_11-59-17_917219_1/3b94a5ba3d741ac419a7e7718d432deb97d0dc2f77dde0469ccde0f5/job_events/03000000/3b94a5ba3d741ac419a7e7718d432deb97d0dc2f77dde0469ccde0f5-2026-08-06-18-1786042783481825420.jsonl: TASK_LIFECYCLE_EVENT must have at least one state transition"
time="2026-08-06T19:10:33Z" level=error msg="Failed to store events for file session_2026-08-06_11-59-17_917219_1/3b94a5ba3d741ac419a7e7718d432deb97d0dc2f77dde0469ccde0f5/job_events/03000000/3b94a5ba3d741ac419a7e7718d432deb97d0dc2f77dde0469ccde0f5-2026-08-06-18-1786042783481825420.jsonl: TASK_LIFECYCLE_EVENT must have at least one state transition"
time="2026-08-06T19:10:33Z" level=error msg="Failed to store events for file session_2026-08-06_11-59-17_917219_1/3b94a5ba3d741ac419a7e7718d432deb97d0dc2f77dde0469ccde0f5/job_events/03000000/3b94a5ba3d741ac419a7e7718d432deb97d0dc2f77dde0469ccde0f5-2026-08-06-18-1786042783481825420.jsonl: TASK_LIFECYCLE_EVENT must have at least one state transition"
time="2026-08-06T19:10:34Z" level=error msg="Failed to store events for file session_2026-08-06_11-59-17_917219_1/3b94a5ba3d741ac419a7e7718d432deb97d0dc2f77dde0469ccde0f5/job_events/03000000/3b94a5ba3d741ac419a7e7718d432deb97d0dc2f77dde0469ccde0f5-2026-08-06-18-1786042783481825420.jsonl: TASK_LIFECYCLE_EVENT must have at least one state transition"
time="2026-08-06T19:10:34Z" level=error msg="Failed to store events for file session_2026-08-06_11-59-17_917219_1/3b94a5ba3d741ac419a7e7718d432deb97d0dc2f77dde0469ccde0f5/job_events/03000000/3b94a5ba3d741ac419a7e7718d432deb97d0dc2f77dde0469ccde0f5-2026-08-06-18-1786042783481825420.jsonl: TASK_LIFECYCLE_EVENT must have at least one state transition"
time="2026-08-06T19:10:35Z" level=error msg="Failed to store events for file session_2026-08-06_11-59-17_917219_1/3b94a5ba3d741ac419a7e7718d432deb97d0dc2f77dde0469ccde0f5/job_events/03000000/3b94a5ba3d741ac419a7e7718d432deb97d0dc2f77dde0469ccde0f5-2026-08-06-18-1786042783481825420.jsonl: TASK_LIFECYCLE_EVENT must have at least one state transition"
time="2026-08-06T19:10:35Z" level=error msg="Failed to store events for file session_2026-08-06_11-59-17_917219_1/3b94a5ba3d741ac419a7e7718d432deb97d0dc2f77dde0469ccde0f5/job_events/03000000/3b94a5ba3d741ac419a7e7718d432deb97d0dc2f77dde0469ccde0f5-2026-08-06-18-1786042783481825420.jsonl: TASK_LIFECYCLE_EVENT must have at least one state transition"
time="2026-08-06T19:10:36Z" level=error msg="Failed to store events for file session_2026-08-06_11-59-17_917219_1/3b94a5ba3d741ac419a7e7718d432deb97d0dc2f77dde0469ccde0f5/job_events/03000000/3b94a5ba3d741ac419a7e7718d432deb97d0dc2f77dde0469ccde0f5-2026-08-06-18-1786042783481825420.jsonl: TASK_LIFECYCLE_EVENT must have at least one state transition"
time="2026-08-06T19:10:37Z" level=error msg="Failed to store events for file session_2026-08-06_11-59-17_917219_1/3b94a5ba3d741ac419a7e7718d432deb97d0dc2f77dde0469ccde0f5/job_events/03000000/3b94a5ba3d741ac419a7e7718d432deb97d0dc2f77dde0469ccde0f5-2026-08-06-18-1786042783481825420.jsonl: TASK_LIFECYCLE_EVENT must have at least one state transition"
time="2026-08-06T19:10:37Z" level=error msg="Failed to store events for file session_2026-08-06_11-59-17_917219_1/3b94a5ba3d741ac419a7e7718d432deb97d0dc2f77dde0469ccde0f5/job_events/03000000/3b94a5ba3d741ac419a7e7718d432deb97d0dc2f77dde0469ccde0f5-2026-08-06-18-1786042783481825420.jsonl: TASK_LIFECYCLE_EVENT must have at least one state transition"
time="2026-08-06T19:10:37Z" level=error msg="Failed to store events for file session_2026-08-06_11-59-17_917219_1/3b94a5ba3d741ac419a7e7718d432deb97d0dc2f77dde0469ccde0f5/job_events/03000000/3b94a5ba3d741ac419a7e7718d432deb97d0dc2f77dde0469ccde0f5-2026-08-06-18-1786042783481825420.jsonl: TASK_LIFECYCLE_EVENT must have at least one state transition"
time="2026-08-06T19:10:37Z" level=error msg="Failed to store events for file session_2026-08-06_11-59-17_917219_1/3b94a5ba3d741ac419a7e7718d432deb97d0dc2f77dde0469ccde0f5/job_events/03000000/3b94a5ba3d741ac419a7e7718d432deb97d0dc2f77dde0469ccde0f5-2026-08-06-18-1786042783481825420.jsonl: TASK_LIFECYCLE_EVENT must have at least one state transition"
time="2026-08-06T19:10:39Z" level=error msg="Failed to store events for file session_2026-08-06_11-59-17_917219_1/3b94a5ba3d741ac419a7e7718d432deb97d0dc2f77dde0469ccde0f5/job_events/03000000/3b94a5ba3d741ac419a7e7718d432deb97d0dc2f77dde0469ccde0f5-2026-08-06-18-1786042783481825420.jsonl: TASK_LIFECYCLE_EVENT must have at least one state transition"
time="2026-08-06T19:10:39Z" level=error msg="Failed to store events for file session_2026-08-06_11-59-17_917219_1/3b94a5ba3d741ac419a7e7718d432deb97d0dc2f77dde0469ccde0f5/job_events/03000000/3b94a5ba3d741ac419a7e7718d432deb97d0dc2f77dde0469ccde0f5-2026-08-06-18-1786042783481825420.jsonl: TASK_LIFECYCLE_EVENT must have at least one state transition"
time="2026-08-06T19:10:39Z" level=error msg="Failed to store events for file session_2026-08-06_11-59-17_917219_1/3b94a5ba3d741ac419a7e7718d432deb97d0dc2f77dde0469ccde0f5/job_events/03000000/3b94a5ba3d741ac419a7e7718d432deb97d0dc2f77dde0469ccde0f5-2026-08-06-18-1786042783481825420.jsonl: TASK_LIFECYCLE_EVENT must have at least one state transition"
time="2026-08-06T19:10:39Z" level=error msg="Failed to store events for file session_2026-08-06_11-59-17_917219_1/3b94a5ba3d741ac419a7e7718d432deb97d0dc2f77dde0469ccde0f5/job_events/03000000/3b94a5ba3d741ac419a7e7718d432deb97d0dc2f77dde0469ccde0f5-2026-08-06-18-1786042783481825420.jsonl: TASK_LIFECYCLE_EVENT must have at least one state transition"
time="2026-08-06T19:10:40Z" level=error msg="Failed to store events for file session_2026-08-06_11-59-17_917219_1/3b94a5ba3d741ac419a7e7718d432deb97d0dc2f77dde0469ccde0f5/job_events/03000000/3b94a5ba3d741ac419a7e7718d432deb97d0dc2f77dde0469ccde0f5-2026-08-06-18-1786042783481825420.jsonl: TASK_LIFECYCLE_EVENT must have at least one state transition"
time="2026-08-06T19:10:40Z" level=error msg="Failed to store events for file session_2026-08-06_11-59-17_917219_1/3b94a5ba3d741ac419a7e7718d432deb97d0dc2f77dde0469ccde0f5/job_events/03000000/3b94a5ba3d741ac419a7e7718d432deb97d0dc2f77dde0469ccde0f5-2026-08-06-18-1786042783481825420.jsonl: TASK_LIFECYCLE_EVENT must have at least one state transition"
time="2026-08-06T19:10:41Z" level=error msg="Failed to store events for file session_2026-08-06_11-59-17_917219_1/3b94a5ba3d741ac419a7e7718d432deb97d0dc2f77dde0469ccde0f5/job_events/03000000/3b94a5ba3d741ac419a7e7718d432deb97d0dc2f77dde0469ccde0f5-2026-08-06-18-1786042783481825420.jsonl: TASK_LIFECYCLE_EVENT must have at least one state transition"
time="2026-08-06T19:10:41Z" level=error msg="Failed to store events for file session_2026-08-06_11-59-17_917219_1/3b94a5ba3d741ac419a7e7718d432deb97d0dc2f77dde0469ccde0f5/job_events/03000000/3b94a5ba3d741ac419a7e7718d432deb97d0dc2f77dde0469ccde0f5-2026-08-06-18-1786042783481825420.jsonl: TASK_LIFECYCLE_EVENT must have at least one state transition"
time="2026-08-06T19:10:41Z" level=error msg="Failed to store events for file session_2026-08-06_11-59-17_917219_1/3b94a5ba3d741ac419a7e7718d432deb97d0dc2f77dde0469ccde0f5/job_events/03000000/3b94a5ba3d741ac419a7e7718d432deb97d0dc2f77dde0469ccde0f5-2026-08-06-18-1786042783481825420.jsonl: TASK_LIFECYCLE_EVENT must have at least one state transition"
time="2026-08-06T19:10:41Z" level=error msg="Failed to store events for file session_2026-08-06_11-59-17_917219_1/3b94a5ba3d741ac419a7e7718d432deb97d0dc2f77dde0469ccde0f5/job_events/03000000/3b94a5ba3d741ac419a7e7718d432deb97d0dc2f77dde0469ccde0f5-2026-08-06-18-1786042783481825420.jsonl: TASK_LIFECYCLE_EVENT must have at least one state transition"
time="2026-08-06T19:10:41Z" level=error msg="Failed to store events for file session_2026-08-06_11-59-17_917219_1/3b94a5ba3d741ac419a7e7718d432deb97d0dc2f77dde0469ccde0f5/job_events/03000000/3b94a5ba3d741ac419a7e7718d432deb97d0dc2f77dde0469ccde0f5-2026-08-06-18-1786042783481825420.jsonl: TASK_LIFECYCLE_EVENT must have at least one state transition"
time="2026-08-06T19:10:42Z" level=error msg="Failed to store events for file session_2026-08-06_11-59-17_917219_1/3b94a5ba3d741ac419a7e7718d432deb97d0dc2f77dde0469ccde0f5/job_events/03000000/3b94a5ba3d741ac419a7e7718d432deb97d0dc2f77dde0469ccde0f5-2026-08-06-18-1786042783481825420.jsonl: TASK_LIFECYCLE_EVENT must have at least one state transition"
time="2026-08-06T19:10:42Z" level=error msg="Failed to store events for file session_2026-08-06_11-59-17_917219_1/3b94a5ba3d741ac419a7e7718d432deb97d0dc2f77dde0469ccde0f5/job_events/03000000/3b94a5ba3d741ac419a7e7718d432deb97d0dc2f77dde0469ccde0f5-2026-08-06-18-1786042783481825420.jsonl: TASK_LIFECYCLE_EVENT must have at least one state transition"
time="2026-08-06T19:10:43Z" level=error msg="Failed to store events for file session_2026-08-06_11-59-17_917219_1/3b94a5ba3d741ac419a7e7718d432deb97d0dc2f77dde0469ccde0f5/job_events/03000000/3b94a5ba3d741ac419a7e7718d432deb97d0dc2f77dde0469ccde0f5-2026-08-06-18-1786042783481825420.jsonl: TASK_LIFECYCLE_EVENT must have at least one state transition"
time="2026-08-06T19:10:44Z" level=error msg="Failed to store events for file session_2026-08-06_11-59-17_917219_1/3b94a5ba3d741ac419a7e7718d432deb97d0dc2f77dde0469ccde0f5/job_events/03000000/3b94a5ba3d741ac419a7e7718d432deb97d0dc2f77dde0469ccde0f5-2026-08-06-18-1786042783481825420.jsonl: TASK_LIFECYCLE_EVENT must have at least one state transition"
time="2026-08-06T19:10:44Z" level=error msg="Failed to store events for file session_2026-08-06_11-59-17_917219_1/3b94a5ba3d741ac419a7e7718d432deb97d0dc2f77dde0469ccde0f5/job_events/03000000/3b94a5ba3d741ac419a7e7718d432deb97d0dc2f77dde0469ccde0f5-2026-08-06-18-1786042783481825420.jsonl: TASK_LIFECYCLE_EVENT must have at least one state transition"
time="2026-08-06T19:10:45Z" level=error msg="Failed to store events for file session_2026-08-06_11-59-17_917219_1/3b94a5ba3d741ac419a7e7718d432deb97d0dc2f77dde0469ccde0f5/job_events/03000000/3b94a5ba3d741ac419a7e7718d432deb97d0dc2f77dde0469ccde0f5-2026-08-06-18-1786042783481825420.jsonl: TASK_LIFECYCLE_EVENT must have at least one state transition"
time="2026-08-06T19:10:47Z" level=error msg="Failed to store events for file session_2026-08-06_11-59-17_917219_1/3b94a5ba3d741ac419a7e7718d432deb97d0dc2f77dde0469ccde0f5/job_events/03000000/3b94a5ba3d741ac419a7e7718d432deb97d0dc2f77dde0469ccde0f5-2026-08-06-18-1786042783481825420.jsonl: TASK_LIFECYCLE_EVENT must have at least one state transition"
time="2026-08-06T19:10:47Z" level=error msg="Failed to store events for file session_2026-08-06_11-59-17_917219_1/3b94a5ba3d741ac419a7e7718d432deb97d0dc2f77dde0469ccde0f5/job_events/03000000/3b94a5ba3d741ac419a7e7718d432deb97d0dc2f77dde0469ccde0f5-2026-08-06-18-1786042783481825420.jsonl: TASK_LIFECYCLE_EVENT must have at least one state transition"
time="2026-08-06T19:10:48Z" level=error msg="Failed to store events for file session_2026-08-06_11-59-17_917219_1/3b94a5ba3d741ac419a7e7718d432deb97d0dc2f77dde0469ccde0f5/job_events/03000000/3b94a5ba3d741ac419a7e7718d432deb97d0dc2f77dde0469ccde0f5-2026-08-06-18-1786042783481825420.jsonl: TASK_LIFECYCLE_EVENT must have at least one state transition"
time="2026-08-06T19:10:48Z" level=error msg="Failed to store events for file session_2026-08-06_11-59-17_917219_1/3b94a5ba3d741ac419a7e7718d432deb97d0dc2f77dde0469ccde0f5/job_events/03000000/3b94a5ba3d741ac419a7e7718d432deb97d0dc2f77dde0469ccde0f5-2026-08-06-18-1786042783481825420.jsonl: TASK_LIFECYCLE_EVENT must have at least one state transition"
time="2026-08-06T19:10:48Z" level=error msg="Failed to store events for file session_2026-08-06_11-59-17_917219_1/3b94a5ba3d741ac419a7e7718d432deb97d0dc2f77dde0469ccde0f5/job_events/03000000/3b94a5ba3d741ac419a7e7718d432deb97d0dc2f77dde0469ccde0f5-2026-08-06-18-1786042783481825420.jsonl: TASK_LIFECYCLE_EVENT must have at least one state transition"
time="2026-08-06T19:10:48Z" level=error msg="Failed to store events for file session_2026-08-06_11-59-17_917219_1/3b94a5ba3d741ac419a7e7718d432deb97d0dc2f77dde0469ccde0f5/job_events/03000000/3b94a5ba3d741ac419a7e7718d432deb97d0dc2f77dde0469ccde0f5-2026-08-06-18-1786042783481825420.jsonl: TASK_LIFECYCLE_EVENT must have at least one state transition"
time="2026-08-06T19:10:49Z" level=error msg="Failed to store events for file session_2026-08-06_11-59-17_917219_1/3b94a5ba3d741ac419a7e7718d432deb97d0dc2f77dde0469ccde0f5/job_events/03000000/3b94a5ba3d741ac419a7e7718d432deb97d0dc2f77dde0469ccde0f5-2026-08-06-18-1786042783481825420.jsonl: TASK_LIFECYCLE_EVENT must have at least one state transition"
time="2026-08-06T19:10:50Z" level=error msg="Failed to store events for file session_2026-08-06_11-59-17_917219_1/3b94a5ba3d741ac419a7e7718d432deb97d0dc2f77dde0469ccde0f5/job_events/03000000/3b94a5ba3d741ac419a7e7718d432deb97d0dc2f77dde0469ccde0f5-2026-08-06-18-1786042783481825420.jsonl: TASK_LIFECYCLE_EVENT must have at least one state transition"
time="2026-08-06T19:10:50Z" level=error msg="Failed to store events for file session_2026-08-06_11-59-17_917219_1/3b94a5ba3d741ac419a7e7718d432deb97d0dc2f77dde0469ccde0f5/job_events/03000000/3b94a5ba3d741ac419a7e7718d432deb97d0dc2f77dde0469ccde0f5-2026-08-06-18-1786042783481825420.jsonl: TASK_LIFECYCLE_EVENT must have at least one state transition"
time="2026-08-06T19:10:50Z" level=error msg="Failed to store events for file session_2026-08-06_11-59-17_917219_1/3b94a5ba3d741ac419a7e7718d432deb97d0dc2f77dde0469ccde0f5/job_events/03000000/3b94a5ba3d741ac419a7e7718d432deb97d0dc2f77dde0469ccde0f5-2026-08-06-18-1786042783481825420.jsonl: TASK_LIFECYCLE_EVENT must have at least one state transition"
time="2026-08-06T19:10:51Z" level=error msg="Failed to store events for file session_2026-08-06_11-59-17_917219_1/3b94a5ba3d741ac419a7e7718d432deb97d0dc2f77dde0469ccde0f5/job_events/03000000/3b94a5ba3d741ac419a7e7718d432deb97d0dc2f77dde0469ccde0f5-2026-08-06-18-1786042783481825420.jsonl: TASK_LIFECYCLE_EVENT must have at least one state transition"
time="2026-08-06T19:10:51Z" level=info msg="Prepare to get object log/cluster-history/raycluster/test-ns-4zz46/raycluster-historyserver/session_2026-08-06_11-59-17_917219_1/3b94a5ba3d741ac419a7e7718d432deb97d0dc2f77dde0469ccde0f5/job_events/03000000/3b94a5ba3d741ac419a7e7718d432deb97d0dc2f77dde0469ccde0f5-2026-08-06-19-1786042831439945512.jsonl info ..."
time="2026-08-06T19:10:53Z" level=error msg="Failed to store events for file session_2026-08-06_11-59-17_917219_1/3b94a5ba3d741ac419a7e7718d432deb97d0dc2f77dde0469ccde0f5/job_events/03000000/3b94a5ba3d741ac419a7e7718d432deb97d0dc2f77dde0469ccde0f5-2026-08-06-19-1786042831439945512.jsonl: TASK_LIFECYCLE_EVENT must have at least one state transition"
time="2026-08-06T19:10:53Z" level=error msg="Failed to store events for file session_2026-08-06_11-59-17_917219_1/3b94a5ba3d741ac419a7e7718d432deb97d0dc2f77dde0469ccde0f5/job_events/03000000/3b94a5ba3d741ac419a7e7718d432deb97d0dc2f77dde0469ccde0f5-2026-08-06-19-1786042831439945512.jsonl: TASK_LIFECYCLE_EVENT must have at least one state transition"
time="2026-08-06T19:10:54Z" level=error msg="Failed to store events for file session_2026-08-06_11-59-17_917219_1/3b94a5ba3d741ac419a7e7718d432deb97d0dc2f77dde0469ccde0f5/job_events/03000000/3b94a5ba3d741ac419a7e7718d432deb97d0dc2f77dde0469ccde0f5-2026-08-06-19-1786042831439945512.jsonl: TASK_LIFECYCLE_EVENT must have at least one state transition"
time="2026-08-06T19:10:54Z" level=error msg="Failed to store events for file session_2026-08-06_11-59-17_917219_1/3b94a5ba3d741ac419a7e7718d432deb97d0dc2f77dde0469ccde0f5/job_events/03000000/3b94a5ba3d741ac419a7e7718d432deb97d0dc2f77dde0469ccde0f5-2026-08-06-19-1786042831439945512.jsonl: TASK_LIFECYCLE_EVENT must have at least one state transition"
time="2026-08-06T19:10:54Z" level=error msg="Failed to store events for file session_2026-08-06_11-59-17_917219_1/3b94a5ba3d741ac419a7e7718d432deb97d0dc2f77dde0469ccde0f5/job_events/03000000/3b94a5ba3d741ac419a7e7718d432deb97d0dc2f77dde0469ccde0f5-2026-08-06-19-1786042831439945512.jsonl: TASK_LIFECYCLE_EVENT must have at least one state transition"
time="2026-08-06T19:10:54Z" level=info msg="Prepare to get object log/cluster-history/raycluster/test-ns-4zz46/raycluster-historyserver/session_2026-08-06_11-59-17_917219_1/ce2ef96af9711ffcdda1d27dbe75784897675832656bc6b7b1fa9be8/job_events/01000000/ce2ef96af9711ffcdda1d27dbe75784897675832656bc6b7b1fa9be8-2026-08-06-18-1786042763251598175.jsonl info ..."
time="2026-08-06T19:10:54Z" level=info msg="Prepare to get object log/cluster-history/raycluster/test-ns-4zz46/raycluster-historyserver/session_2026-08-06_11-59-17_917219_1/ce2ef96af9711ffcdda1d27dbe75784897675832656bc6b7b1fa9be8/job_events/02000000/ce2ef96af9711ffcdda1d27dbe75784897675832656bc6b7b1fa9be8-2026-08-06-18-1786042780492624044.jsonl info ..."
time="2026-08-06T19:10:54Z" level=info msg="Prepare to get object log/cluster-history/raycluster/test-ns-4zz46/raycluster-historyserver/session_2026-08-06_11-59-17_917219_1/ce2ef96af9711ffcdda1d27dbe75784897675832656bc6b7b1fa9be8/job_events/03000000/ce2ef96af9711ffcdda1d27dbe75784897675832656bc6b7b1fa9be8-2026-08-06-18-1786042781491851669.jsonl info ..."
time="2026-08-06T19:11:01Z" level=error msg="Failed to load session test-ns-4zz46/raycluster-historyserver/session_2026-08-06_11-59-17_917219_1: context canceled"
time="2026-08-06T19:11:10Z" level=info msg="Received request: GET /enter_cluster/test-ns-4zz46/raycluster/raycluster-historyserver/session_2026-08-06_11-59-17_917219_1"
time="2026-08-06T19:11:10Z" level=info msg="[List]Returned objects in log/cluster-metadata/. length of page.Contents: 2, length of page.CommonPrefixes: 0"
time="2026-08-06T19:11:10Z" level=error msg="Failed to parse meta file path: log/cluster-metadata/raycluster/test-ns-4zz46_raycluster-historyserver/, error: invalid path segment count for cluster metadata structure: log/cluster-metadata/raycluster/test-ns-4zz46_raycluster-historyserver/"
time="2026-08-06T19:11:10Z" level=info msg="Parsed cluster raycluster-historyserver for session session_2026-08-06_11-59-17_917219_1 to list"
gc 15 @615.449s 1%: 0.32+5246+0.13 ms clock, 0.64+0.25/2598/3538+0.26 ms cpu, 2551->2575->647 MB, 2616 MB goal, 0 MB stacks, 0 MB globals, 2 P
time="2026-08-06T19:11:49Z" level=info msg="Prepare to get object log/cluster-history/raycluster/test-ns-4zz46/raycluster-historyserver/session_2026-08-06_11-59-17_917219_1/ce2ef96af9711ffcdda1d27dbe75784897675832656bc6b7b1fa9be8/job_events/03000000/ce2ef96af9711ffcdda1d27dbe75784897675832656bc6b7b1fa9be8-2026-08-06-19-1786042823473666134.jsonl info ..."
time="2026-08-06T19:12:10Z" level=error msg="Failed to load session test-ns-4zz46/raycluster-historyserver/session_2026-08-06_11-59-17_917219_1: context deadline exceeded"
time="2026-08-06T19:12:20Z" level=info msg="Received request: GET /enter_cluster/test-ns-4zz46/raycluster/raycluster-historyserver/session_2026-08-06_11-59-17_917219_1"
time="2026-08-06T19:12:20Z" level=info msg="[List]Returned objects in log/cluster-metadata/. length of page.Contents: 2, length of page.CommonPrefixes: 0"
time="2026-08-06T19:12:20Z" level=error msg="Failed to parse meta file path: log/cluster-metadata/raycluster/test-ns-4zz46_raycluster-historyserver/, error: invalid path segment count for cluster metadata structure: log/cluster-metadata/raycluster/test-ns-4zz46_raycluster-historyserver/"
time="2026-08-06T19:12:20Z" level=info msg="Parsed cluster raycluster-historyserver for session session_2026-08-06_11-59-17_917219_1 to list"
time="2026-08-06T19:12:20Z" level=info msg="[ListFiles]Returned objects in log/cluster-history/raycluster/test-ns-4zz46/raycluster-historyserver/session_2026-08-06_11-59-17_917219_1/. length of page.Contents: 0, length of page.CommonPrefixes: 3"
time="2026-08-06T19:12:20Z" level=info msg="[ListFiles]Returned objects in log/cluster-history/raycluster/test-ns-4zz46/raycluster-historyserver/session_2026-08-06_11-59-17_917219_1/3b94a5ba3d741ac419a7e7718d432deb97d0dc2f77dde0469ccde0f5/logs/events/. length of page.Contents: 13, length of page.CommonPrefixes: 0"
time="2026-08-06T19:12:20Z" level=info msg="Prepare to get object log/cluster-history/raycluster/test-ns-4zz46/raycluster-historyserver/session_2026-08-06_11-59-17_917219_1/3b94a5ba3d741ac419a7e7718d432deb97d0dc2f77dde0469ccde0f5/logs/events/event_CORE_WORKER_228.log info ..."
time="2026-08-06T19:12:20Z" level=info msg="Prepare to get object log/cluster-history/raycluster/test-ns-4zz46/raycluster-historyserver/session_2026-08-06_11-59-17_917219_1/3b94a5ba3d741ac419a7e7718d432deb97d0dc2f77dde0469ccde0f5/logs/events/event_CORE_WORKER_229.log info ..."
time="2026-08-06T19:12:20Z" level=info msg="Prepare to get object log/cluster-history/raycluster/test-ns-4zz46/raycluster-historyserver/session_2026-08-06_11-59-17_917219_1/3b94a5ba3d741ac419a7e7718d432deb97d0dc2f77dde0469ccde0f5/logs/events/event_CORE_WORKER_321.log info ..."
time="2026-08-06T19:12:20Z" level=info msg="Prepare to get object log/cluster-history/raycluster/test-ns-4zz46/raycluster-historyserver/session_2026-08-06_11-59-17_917219_1/3b94a5ba3d741ac419a7e7718d432deb97d0dc2f77dde0469ccde0f5/logs/events/event_CORE_WORKER_325.log info ..."
time="2026-08-06T19:12:20Z" level=info msg="Prepare to get object log/cluster-history/raycluster/test-ns-4zz46/raycluster-historyserver/session_2026-08-06_11-59-17_917219_1/3b94a5ba3d741ac419a7e7718d432deb97d0dc2f77dde0469ccde0f5/logs/events/event_CORE_WORKER_399.log info ..."
time="2026-08-06T19:12:20Z" level=info msg="Prepare to get object log/cluster-history/raycluster/test-ns-4zz46/raycluster-historyserver/session_2026-08-06_11-59-17_917219_1/3b94a5ba3d741ac419a7e7718d432deb97d0dc2f77dde0469ccde0f5/logs/events/event_CORE_WORKER_419.log info ..."
time="2026-08-06T19:12:20Z" level=info msg="Prepare to get object log/cluster-history/raycluster/test-ns-4zz46/raycluster-historyserver/session_2026-08-06_11-59-17_917219_1/3b94a5ba3d741ac419a7e7718d432deb97d0dc2f77dde0469ccde0f5/logs/events/event_CORE_WORKER_492.log info ..."
time="2026-08-06T19:12:20Z" level=info msg="Prepare to get object log/cluster-history/raycluster/test-ns-4zz46/raycluster-historyserver/session_2026-08-06_11-59-17_917219_1/3b94a5ba3d741ac419a7e7718d432deb97d0dc2f77dde0469ccde0f5/logs/events/event_CORE_WORKER_513.log info ..."
time="2026-08-06T19:12:20Z" level=info msg="Prepare to get object log/cluster-history/raycluster/test-ns-4zz46/raycluster-historyserver/session_2026-08-06_11-59-17_917219_1/3b94a5ba3d741ac419a7e7718d432deb97d0dc2f77dde0469ccde0f5/logs/events/event_CORE_WORKER_591.log info ..."
time="2026-08-06T19:12:20Z" level=info msg="Prepare to get object log/cluster-history/raycluster/test-ns-4zz46/raycluster-historyserver/session_2026-08-06_11-59-17_917219_1/3b94a5ba3d741ac419a7e7718d432deb97d0dc2f77dde0469ccde0f5/logs/events/event_CORE_WORKER_609.log info ..."
time="2026-08-06T19:12:20Z" level=info msg="Prepare to get object log/cluster-history/raycluster/test-ns-4zz46/raycluster-historyserver/session_2026-08-06_11-59-17_917219_1/3b94a5ba3d741ac419a7e7718d432deb97d0dc2f77dde0469ccde0f5/logs/events/event_CORE_WORKER_697.log info ..."
time="2026-08-06T19:12:20Z" level=info msg="Prepare to get object log/cluster-history/raycluster/test-ns-4zz46/raycluster-historyserver/session_2026-08-06_11-59-17_917219_1/3b94a5ba3d741ac419a7e7718d432deb97d0dc2f77dde0469ccde0f5/logs/events/event_RAYLET.log info ..."
time="2026-08-06T19:12:20Z" level=info msg="[ListFiles]Returned objects in log/cluster-history/raycluster/test-ns-4zz46/raycluster-historyserver/session_2026-08-06_11-59-17_917219_1/ce2ef96af9711ffcdda1d27dbe75784897675832656bc6b7b1fa9be8/logs/events/. length of page.Contents: 11, length of page.CommonPrefixes: 0"
time="2026-08-06T19:12:20Z" level=info msg="Prepare to get object log/cluster-history/raycluster/test-ns-4zz46/raycluster-historyserver/session_2026-08-06_11-59-17_917219_1/ce2ef96af9711ffcdda1d27dbe75784897675832656bc6b7b1fa9be8/logs/events/event_AUTOSCALER.log info ..."
time="2026-08-06T19:12:20Z" level=info msg="Prepare to get object log/cluster-history/raycluster/test-ns-4zz46/raycluster-historyserver/session_2026-08-06_11-59-17_917219_1/ce2ef96af9711ffcdda1d27dbe75784897675832656bc6b7b1fa9be8/logs/events/event_CORE_WORKER_1020.log info ..."
time="2026-08-06T19:12:20Z" level=info msg="Prepare to get object log/cluster-history/raycluster/test-ns-4zz46/raycluster-historyserver/session_2026-08-06_11-59-17_917219_1/ce2ef96af9711ffcdda1d27dbe75784897675832656bc6b7b1fa9be8/logs/events/event_CORE_WORKER_1176.log info ..."
time="2026-08-06T19:12:20Z" level=info msg="Prepare to get object log/cluster-history/raycluster/test-ns-4zz46/raycluster-historyserver/session_2026-08-06_11-59-17_917219_1/ce2ef96af9711ffcdda1d27dbe75784897675832656bc6b7b1fa9be8/logs/events/event_CORE_WORKER_201.log info ..."
time="2026-08-06T19:12:20Z" level=info msg="Prepare to get object log/cluster-history/raycluster/test-ns-4zz46/raycluster-historyserver/session_2026-08-06_11-59-17_917219_1/ce2ef96af9711ffcdda1d27dbe75784897675832656bc6b7b1fa9be8/logs/events/event_CORE_WORKER_206.log info ..."
time="2026-08-06T19:12:20Z" level=info msg="Prepare to get object log/cluster-history/raycluster/test-ns-4zz46/raycluster-historyserver/session_2026-08-06_11-59-17_917219_1/ce2ef96af9711ffcdda1d27dbe75784897675832656bc6b7b1fa9be8/logs/events/event_CORE_WORKER_680.log info ..."
time="2026-08-06T19:12:20Z" level=info msg="Prepare to get object log/cluster-history/raycluster/test-ns-4zz46/raycluster-historyserver/session_2026-08-06_11-59-17_917219_1/ce2ef96af9711ffcdda1d27dbe75784897675832656bc6b7b1fa9be8/logs/events/event_CORE_WORKER_963.log info ..."
time="2026-08-06T19:12:20Z" level=info msg="Prepare to get object log/cluster-history/raycluster/test-ns-4zz46/raycluster-historyserver/session_2026-08-06_11-59-17_917219_1/ce2ef96af9711ffcdda1d27dbe75784897675832656bc6b7b1fa9be8/logs/events/event_GCS.log info ..."
time="2026-08-06T19:12:20Z" level=info msg="Prepare to get object log/cluster-history/raycluster/test-ns-4zz46/raycluster-historyserver/session_2026-08-06_11-59-17_917219_1/ce2ef96af9711ffcdda1d27dbe75784897675832656bc6b7b1fa9be8/logs/events/event_JOBS.log info ..."
time="2026-08-06T19:12:20Z" level=info msg="Prepare to get object log/cluster-history/raycluster/test-ns-4zz46/raycluster-historyserver/session_2026-08-06_11-59-17_917219_1/ce2ef96af9711ffcdda1d27dbe75784897675832656bc6b7b1fa9be8/logs/events/event_RAYLET.log info ..."
time="2026-08-06T19:12:20Z" level=info msg="[ListFiles]Returned objects in log/cluster-history/raycluster/test-ns-4zz46/raycluster-historyserver/session_2026-08-06_11-59-17_917219_1/fetched_endpoints/logs/events/. length of page.Contents: 0, length of page.CommonPrefixes: 0"
time="2026-08-06T19:12:20Z" level=info msg="[ListFiles]Returned objects in log/cluster-history/raycluster/test-ns-4zz46/raycluster-historyserver/session_2026-08-06_11-59-17_917219_1/. length of page.Contents: 0, length of page.CommonPrefixes: 3"
time="2026-08-06T19:12:20Z" level=info msg="[ListFiles]Returned objects in log/cluster-history/raycluster/test-ns-4zz46/raycluster-historyserver/session_2026-08-06_11-59-17_917219_1/3b94a5ba3d741ac419a7e7718d432deb97d0dc2f77dde0469ccde0f5/job_events/. length of page.Contents: 0, length of page.CommonPrefixes: 1"
time="2026-08-06T19:12:20Z" level=info msg="[ListFiles]Returned objects in log/cluster-history/raycluster/test-ns-4zz46/raycluster-historyserver/session_2026-08-06_11-59-17_917219_1/3b94a5ba3d741ac419a7e7718d432deb97d0dc2f77dde0469ccde0f5/job_events/03000000/. length of page.Contents: 3, length of page.CommonPrefixes: 0"
time="2026-08-06T19:12:20Z" level=info msg="[ListFiles]Returned objects in log/cluster-history/raycluster/test-ns-4zz46/raycluster-historyserver/session_2026-08-06_11-59-17_917219_1/ce2ef96af9711ffcdda1d27dbe75784897675832656bc6b7b1fa9be8/job_events/. length of page.Contents: 0, length of page.CommonPrefixes: 4"
time="2026-08-06T19:12:20Z" level=info msg="[ListFiles]Returned objects in log/cluster-history/raycluster/test-ns-4zz46/raycluster-historyserver/session_2026-08-06_11-59-17_917219_1/ce2ef96af9711ffcdda1d27dbe75784897675832656bc6b7b1fa9be8/job_events/01000000/. length of page.Contents: 2, length of page.CommonPrefixes: 0"
time="2026-08-06T19:12:20Z" level=info msg="[ListFiles]Returned objects in log/cluster-history/raycluster/test-ns-4zz46/raycluster-historyserver/session_2026-08-06_11-59-17_917219_1/ce2ef96af9711ffcdda1d27dbe75784897675832656bc6b7b1fa9be8/job_events/02000000/. length of page.Contents: 2, length of page.CommonPrefixes: 0"
time="2026-08-06T19:12:20Z" level=info msg="[ListFiles]Returned objects in log/cluster-history/raycluster/test-ns-4zz46/raycluster-historyserver/session_2026-08-06_11-59-17_917219_1/ce2ef96af9711ffcdda1d27dbe75784897675832656bc6b7b1fa9be8/job_events/03000000/. length of page.Contents: 3, length of page.CommonPrefixes: 0"
time="2026-08-06T19:12:20Z" level=info msg="[ListFiles]Returned objects in log/cluster-history/raycluster/test-ns-4zz46/raycluster-historyserver/session_2026-08-06_11-59-17_917219_1/ce2ef96af9711ffcdda1d27dbe75784897675832656bc6b7b1fa9be8/job_events/04000000/. length of page.Contents: 2, length of page.CommonPrefixes: 0"
time="2026-08-06T19:12:20Z" level=info msg="[ListFiles]Returned objects in log/cluster-history/raycluster/test-ns-4zz46/raycluster-historyserver/session_2026-08-06_11-59-17_917219_1/fetched_endpoints/job_events/. length of page.Contents: 0, length of page.CommonPrefixes: 0"
time="2026-08-06T19:12:20Z" level=info msg="[ListFiles]Returned objects in log/cluster-history/raycluster/test-ns-4zz46/raycluster-historyserver/session_2026-08-06_11-59-17_917219_1/. length of page.Contents: 0, length of page.CommonPrefixes: 3"
time="2026-08-06T19:12:20Z" level=info msg="[ListFiles]Returned objects in log/cluster-history/raycluster/test-ns-4zz46/raycluster-historyserver/session_2026-08-06_11-59-17_917219_1/3b94a5ba3d741ac419a7e7718d432deb97d0dc2f77dde0469ccde0f5/node_events/. length of page.Contents: 0, length of page.CommonPrefixes: 0"
time="2026-08-06T19:12:20Z" level=info msg="[ListFiles]Returned objects in log/cluster-history/raycluster/test-ns-4zz46/raycluster-historyserver/session_2026-08-06_11-59-17_917219_1/ce2ef96af9711ffcdda1d27dbe75784897675832656bc6b7b1fa9be8/node_events/. length of page.Contents: 2, length of page.CommonPrefixes: 0"
time="2026-08-06T19:12:20Z" level=info msg="[ListFiles]Returned objects in log/cluster-history/raycluster/test-ns-4zz46/raycluster-historyserver/session_2026-08-06_11-59-17_917219_1/fetched_endpoints/node_events/. length of page.Contents: 0, length of page.CommonPrefixes: 0"
time="2026-08-06T19:12:20Z" level=info msg="Prepare to get object log/cluster-history/raycluster/test-ns-4zz46/raycluster-historyserver/session_2026-08-06_11-59-17_917219_1/3b94a5ba3d741ac419a7e7718d432deb97d0dc2f77dde0469ccde0f5/job_events/03000000/3b94a5ba3d741ac419a7e7718d432deb97d0dc2f77dde0469ccde0f5-2026-08-06-18-1786042783481825420.jsonl info ..."
time="2026-08-06T19:12:46Z" level=error msg="Failed to store events for file session_2026-08-06_11-59-17_917219_1/3b94a5ba3d741ac419a7e7718d432deb97d0dc2f77dde0469ccde0f5/job_events/03000000/3b94a5ba3d741ac419a7e7718d432deb97d0dc2f77dde0469ccde0f5-2026-08-06-18-1786042783481825420.jsonl: TASK_LIFECYCLE_EVENT must have at least one state transition"
time="2026-08-06T19:12:47Z" level=error msg="Failed to store events for file session_2026-08-06_11-59-17_917219_1/3b94a5ba3d741ac419a7e7718d432deb97d0dc2f77dde0469ccde0f5/job_events/03000000/3b94a5ba3d741ac419a7e7718d432deb97d0dc2f77dde0469ccde0f5-2026-08-06-18-1786042783481825420.jsonl: TASK_LIFECYCLE_EVENT must have at least one state transition"
time="2026-08-06T19:12:47Z" level=error msg="Failed to store events for file session_2026-08-06_11-59-17_917219_1/3b94a5ba3d741ac419a7e7718d432deb97d0dc2f77dde0469ccde0f5/job_events/03000000/3b94a5ba3d741ac419a7e7718d432deb97d0dc2f77dde0469ccde0f5-2026-08-06-18-1786042783481825420.jsonl: TASK_LIFECYCLE_EVENT must have at least one state transition"
time="2026-08-06T19:12:48Z" level=error msg="Failed to store events for file session_2026-08-06_11-59-17_917219_1/3b94a5ba3d741ac419a7e7718d432deb97d0dc2f77dde0469ccde0f5/job_events/03000000/3b94a5ba3d741ac419a7e7718d432deb97d0dc2f77dde0469ccde0f5-2026-08-06-18-1786042783481825420.jsonl: TASK_LIFECYCLE_EVENT must have at least one state transition"
gc 16 @705.236s 1%: 0.18+3459+0.078 ms clock, 0.36+0.24/1718/2076+0.15 ms cpu, 3130->3151->471 MB, 3241 MB goal, 0 MB stacks, 0 MB globals, 2 P
time="2026-08-06T19:12:51Z" level=error msg="Failed to store events for file session_2026-08-06_11-59-17_917219_1/3b94a5ba3d741ac419a7e7718d432deb97d0dc2f77dde0469ccde0f5/job_events/03000000/3b94a5ba3d741ac419a7e7718d432deb97d0dc2f77dde0469ccde0f5-2026-08-06-18-1786042783481825420.jsonl: TASK_LIFECYCLE_EVENT must have at least one state transition"
time="2026-08-06T19:12:53Z" level=error msg="Failed to store events for file session_2026-08-06_11-59-17_917219_1/3b94a5ba3d741ac419a7e7718d432deb97d0dc2f77dde0469ccde0f5/job_events/03000000/3b94a5ba3d741ac419a7e7718d432deb97d0dc2f77dde0469ccde0f5-2026-08-06-18-1786042783481825420.jsonl: TASK_LIFECYCLE_EVENT must have at least one state transition"
time="2026-08-06T19:12:53Z" level=error msg="Failed to store events for file session_2026-08-06_11-59-17_917219_1/3b94a5ba3d741ac419a7e7718d432deb97d0dc2f77dde0469ccde0f5/job_events/03000000/3b94a5ba3d741ac419a7e7718d432deb97d0dc2f77dde0469ccde0f5-2026-08-06-18-1786042783481825420.jsonl: TASK_LIFECYCLE_EVENT must have at least one state transition"
time="2026-08-06T19:12:54Z" level=error msg="Failed to store events for file session_2026-08-06_11-59-17_917219_1/3b94a5ba3d741ac419a7e7718d432deb97d0dc2f77dde0469ccde0f5/job_events/03000000/3b94a5ba3d741ac419a7e7718d432deb97d0dc2f77dde0469ccde0f5-2026-08-06-18-1786042783481825420.jsonl: TASK_LIFECYCLE_EVENT must have at least one state transition"
time="2026-08-06T19:12:55Z" level=error msg="Failed to store events for file session_2026-08-06_11-59-17_917219_1/3b94a5ba3d741ac419a7e7718d432deb97d0dc2f77dde0469ccde0f5/job_events/03000000/3b94a5ba3d741ac419a7e7718d432deb97d0dc2f77dde0469ccde0f5-2026-08-06-18-1786042783481825420.jsonl: TASK_LIFECYCLE_EVENT must have at least one state transition"
time="2026-08-06T19:12:55Z" level=error msg="Failed to store events for file session_2026-08-06_11-59-17_917219_1/3b94a5ba3d741ac419a7e7718d432deb97d0dc2f77dde0469ccde0f5/job_events/03000000/3b94a5ba3d741ac419a7e7718d432deb97d0dc2f77dde0469ccde0f5-2026-08-06-18-1786042783481825420.jsonl: TASK_LIFECYCLE_EVENT must have at least one state transition"
time="2026-08-06T19:12:56Z" level=error msg="Failed to store events for file session_2026-08-06_11-59-17_917219_1/3b94a5ba3d741ac419a7e7718d432deb97d0dc2f77dde0469ccde0f5/job_events/03000000/3b94a5ba3d741ac419a7e7718d432deb97d0dc2f77dde0469ccde0f5-2026-08-06-18-1786042783481825420.jsonl: TASK_LIFECYCLE_EVENT must have at least one state transition"
time="2026-08-06T19:12:56Z" level=error msg="Failed to store events for file session_2026-08-06_11-59-17_917219_1/3b94a5ba3d741ac419a7e7718d432deb97d0dc2f77dde0469ccde0f5/job_events/03000000/3b94a5ba3d741ac419a7e7718d432deb97d0dc2f77dde0469ccde0f5-2026-08-06-18-1786042783481825420.jsonl: TASK_LIFECYCLE_EVENT must have at least one state transition"
time="2026-08-06T19:12:56Z" level=error msg="Failed to store events for file session_2026-08-06_11-59-17_917219_1/3b94a5ba3d741ac419a7e7718d432deb97d0dc2f77dde0469ccde0f5/job_events/03000000/3b94a5ba3d741ac419a7e7718d432deb97d0dc2f77dde0469ccde0f5-2026-08-06-18-1786042783481825420.jsonl: TASK_LIFECYCLE_EVENT must have at least one state transition"
time="2026-08-06T19:12:56Z" level=error msg="Failed to store events for file session_2026-08-06_11-59-17_917219_1/3b94a5ba3d741ac419a7e7718d432deb97d0dc2f77dde0469ccde0f5/job_events/03000000/3b94a5ba3d741ac419a7e7718d432deb97d0dc2f77dde0469ccde0f5-2026-08-06-18-1786042783481825420.jsonl: TASK_LIFECYCLE_EVENT must have at least one state transition"
time="2026-08-06T19:12:57Z" level=error msg="Failed to store events for file session_2026-08-06_11-59-17_917219_1/3b94a5ba3d741ac419a7e7718d432deb97d0dc2f77dde0469ccde0f5/job_events/03000000/3b94a5ba3d741ac419a7e7718d432deb97d0dc2f77dde0469ccde0f5-2026-08-06-18-1786042783481825420.jsonl: TASK_LIFECYCLE_EVENT must have at least one state transition"
time="2026-08-06T19:12:57Z" level=error msg="Failed to store events for file session_2026-08-06_11-59-17_917219_1/3b94a5ba3d741ac419a7e7718d432deb97d0dc2f77dde0469ccde0f5/job_events/03000000/3b94a5ba3d741ac419a7e7718d432deb97d0dc2f77dde0469ccde0f5-2026-08-06-18-1786042783481825420.jsonl: TASK_LIFECYCLE_EVENT must have at least one state transition"
time="2026-08-06T19:12:58Z" level=error msg="Failed to store events for file session_2026-08-06_11-59-17_917219_1/3b94a5ba3d741ac419a7e7718d432deb97d0dc2f77dde0469ccde0f5/job_events/03000000/3b94a5ba3d741ac419a7e7718d432deb97d0dc2f77dde0469ccde0f5-2026-08-06-18-1786042783481825420.jsonl: TASK_LIFECYCLE_EVENT must have at least one state transition"
time="2026-08-06T19:12:58Z" level=error msg="Failed to store events for file session_2026-08-06_11-59-17_917219_1/3b94a5ba3d741ac419a7e7718d432deb97d0dc2f77dde0469ccde0f5/job_events/03000000/3b94a5ba3d741ac419a7e7718d432deb97d0dc2f77dde0469ccde0f5-2026-08-06-18-1786042783481825420.jsonl: TASK_LIFECYCLE_EVENT must have at least one state transition"
time="2026-08-06T19:12:58Z" level=error msg="Failed to store events for file session_2026-08-06_11-59-17_917219_1/3b94a5ba3d741ac419a7e7718d432deb97d0dc2f77dde0469ccde0f5/job_events/03000000/3b94a5ba3d741ac419a7e7718d432deb97d0dc2f77dde0469ccde0f5-2026-08-06-18-1786042783481825420.jsonl: TASK_LIFECYCLE_EVENT must have at least one state transition"
time="2026-08-06T19:12:58Z" level=error msg="Failed to store events for file session_2026-08-06_11-59-17_917219_1/3b94a5ba3d741ac419a7e7718d432deb97d0dc2f77dde0469ccde0f5/job_events/03000000/3b94a5ba3d741ac419a7e7718d432deb97d0dc2f77dde0469ccde0f5-2026-08-06-18-1786042783481825420.jsonl: TASK_LIFECYCLE_EVENT must have at least one state transition"
time="2026-08-06T19:12:58Z" level=error msg="Failed to store events for file session_2026-08-06_11-59-17_917219_1/3b94a5ba3d741ac419a7e7718d432deb97d0dc2f77dde0469ccde0f5/job_events/03000000/3b94a5ba3d741ac419a7e7718d432deb97d0dc2f77dde0469ccde0f5-2026-08-06-18-1786042783481825420.jsonl: TASK_LIFECYCLE_EVENT must have at least one state transition"
time="2026-08-06T19:12:58Z" level=error msg="Failed to store events for file session_2026-08-06_11-59-17_917219_1/3b94a5ba3d741ac419a7e7718d432deb97d0dc2f77dde0469ccde0f5/job_events/03000000/3b94a5ba3d741ac419a7e7718d432deb97d0dc2f77dde0469ccde0f5-2026-08-06-18-1786042783481825420.jsonl: TASK_LIFECYCLE_EVENT must have at least one state transition"
time="2026-08-06T19:12:59Z" level=error msg="Failed to store events for file session_2026-08-06_11-59-17_917219_1/3b94a5ba3d741ac419a7e7718d432deb97d0dc2f77dde0469ccde0f5/job_events/03000000/3b94a5ba3d741ac419a7e7718d432deb97d0dc2f77dde0469ccde0f5-2026-08-06-18-1786042783481825420.jsonl: TASK_LIFECYCLE_EVENT must have at least one state transition"
time="2026-08-06T19:12:59Z" level=error msg="Failed to store events for file session_2026-08-06_11-59-17_917219_1/3b94a5ba3d741ac419a7e7718d432deb97d0dc2f77dde0469ccde0f5/job_events/03000000/3b94a5ba3d741ac419a7e7718d432deb97d0dc2f77dde0469ccde0f5-2026-08-06-18-1786042783481825420.jsonl: TASK_LIFECYCLE_EVENT must have at least one state transition"
time="2026-08-06T19:13:00Z" level=error msg="Failed to store events for file session_2026-08-06_11-59-17_917219_1/3b94a5ba3d741ac419a7e7718d432deb97d0dc2f77dde0469ccde0f5/job_events/03000000/3b94a5ba3d741ac419a7e7718d432deb97d0dc2f77dde0469ccde0f5-2026-08-06-18-1786042783481825420.jsonl: TASK_LIFECYCLE_EVENT must have at least one state transition"
time="2026-08-06T19:13:01Z" level=error msg="Failed to store events for file session_2026-08-06_11-59-17_917219_1/3b94a5ba3d741ac419a7e7718d432deb97d0dc2f77dde0469ccde0f5/job_events/03000000/3b94a5ba3d741ac419a7e7718d432deb97d0dc2f77dde0469ccde0f5-2026-08-06-18-1786042783481825420.jsonl: TASK_LIFECYCLE_EVENT must have at least one state transition"
time="2026-08-06T19:13:02Z" level=error msg="Failed to store events for file session_2026-08-06_11-59-17_917219_1/3b94a5ba3d741ac419a7e7718d432deb97d0dc2f77dde0469ccde0f5/job_events/03000000/3b94a5ba3d741ac419a7e7718d432deb97d0dc2f77dde0469ccde0f5-2026-08-06-18-1786042783481825420.jsonl: TASK_LIFECYCLE_EVENT must have at least one state transition"
time="2026-08-06T19:13:02Z" level=error msg="Failed to store events for file session_2026-08-06_11-59-17_917219_1/3b94a5ba3d741ac419a7e7718d432deb97d0dc2f77dde0469ccde0f5/job_events/03000000/3b94a5ba3d741ac419a7e7718d432deb97d0dc2f77dde0469ccde0f5-2026-08-06-18-1786042783481825420.jsonl: TASK_LIFECYCLE_EVENT must have at least one state transition"
time="2026-08-06T19:13:02Z" level=error msg="Failed to store events for file session_2026-08-06_11-59-17_917219_1/3b94a5ba3d741ac419a7e7718d432deb97d0dc2f77dde0469ccde0f5/job_events/03000000/3b94a5ba3d741ac419a7e7718d432deb97d0dc2f77dde0469ccde0f5-2026-08-06-18-1786042783481825420.jsonl: TASK_LIFECYCLE_EVENT must have at least one state transition"
time="2026-08-06T19:13:03Z" level=error msg="Failed to store events for file session_2026-08-06_11-59-17_917219_1/3b94a5ba3d741ac419a7e7718d432deb97d0dc2f77dde0469ccde0f5/job_events/03000000/3b94a5ba3d741ac419a7e7718d432deb97d0dc2f77dde0469ccde0f5-2026-08-06-18-1786042783481825420.jsonl: TASK_LIFECYCLE_EVENT must have at least one state transition"
time="2026-08-06T19:13:03Z" level=error msg="Failed to store events for file session_2026-08-06_11-59-17_917219_1/3b94a5ba3d741ac419a7e7718d432deb97d0dc2f77dde0469ccde0f5/job_events/03000000/3b94a5ba3d741ac419a7e7718d432deb97d0dc2f77dde0469ccde0f5-2026-08-06-18-1786042783481825420.jsonl: TASK_LIFECYCLE_EVENT must have at least one state transition"
time="2026-08-06T19:13:05Z" level=error msg="Failed to store events for file session_2026-08-06_11-59-17_917219_1/3b94a5ba3d741ac419a7e7718d432deb97d0dc2f77dde0469ccde0f5/job_events/03000000/3b94a5ba3d741ac419a7e7718d432deb97d0dc2f77dde0469ccde0f5-2026-08-06-18-1786042783481825420.jsonl: TASK_LIFECYCLE_EVENT must have at least one state transition"
time="2026-08-06T19:13:05Z" level=error msg="Failed to store events for file session_2026-08-06_11-59-17_917219_1/3b94a5ba3d741ac419a7e7718d432deb97d0dc2f77dde0469ccde0f5/job_events/03000000/3b94a5ba3d741ac419a7e7718d432deb97d0dc2f77dde0469ccde0f5-2026-08-06-18-1786042783481825420.jsonl: TASK_LIFECYCLE_EVENT must have at least one state transition"
time="2026-08-06T19:13:05Z" level=error msg="Failed to store events for file session_2026-08-06_11-59-17_917219_1/3b94a5ba3d741ac419a7e7718d432deb97d0dc2f77dde0469ccde0f5/job_events/03000000/3b94a5ba3d741ac419a7e7718d432deb97d0dc2f77dde0469ccde0f5-2026-08-06-18-1786042783481825420.jsonl: TASK_LIFECYCLE_EVENT must have at least one state transition"
time="2026-08-06T19:13:06Z" level=error msg="Failed to store events for file session_2026-08-06_11-59-17_917219_1/3b94a5ba3d741ac419a7e7718d432deb97d0dc2f77dde0469ccde0f5/job_events/03000000/3b94a5ba3d741ac419a7e7718d432deb97d0dc2f77dde0469ccde0f5-2026-08-06-18-1786042783481825420.jsonl: TASK_LIFECYCLE_EVENT must have at least one state transition"
time="2026-08-06T19:13:06Z" level=error msg="Failed to store events for file session_2026-08-06_11-59-17_917219_1/3b94a5ba3d741ac419a7e7718d432deb97d0dc2f77dde0469ccde0f5/job_events/03000000/3b94a5ba3d741ac419a7e7718d432deb97d0dc2f77dde0469ccde0f5-2026-08-06-18-1786042783481825420.jsonl: TASK_LIFECYCLE_EVENT must have at least one state transition"
time="2026-08-06T19:13:06Z" level=error msg="Failed to store events for file session_2026-08-06_11-59-17_917219_1/3b94a5ba3d741ac419a7e7718d432deb97d0dc2f77dde0469ccde0f5/job_events/03000000/3b94a5ba3d741ac419a7e7718d432deb97d0dc2f77dde0469ccde0f5-2026-08-06-18-1786042783481825420.jsonl: TASK_LIFECYCLE_EVENT must have at least one state transition"
time="2026-08-06T19:13:07Z" level=error msg="Failed to store events for file session_2026-08-06_11-59-17_917219_1/3b94a5ba3d741ac419a7e7718d432deb97d0dc2f77dde0469ccde0f5/job_events/03000000/3b94a5ba3d741ac419a7e7718d432deb97d0dc2f77dde0469ccde0f5-2026-08-06-18-1786042783481825420.jsonl: TASK_LIFECYCLE_EVENT must have at least one state transition"
time="2026-08-06T19:13:07Z" level=error msg="Failed to store events for file session_2026-08-06_11-59-17_917219_1/3b94a5ba3d741ac419a7e7718d432deb97d0dc2f77dde0469ccde0f5/job_events/03000000/3b94a5ba3d741ac419a7e7718d432deb97d0dc2f77dde0469ccde0f5-2026-08-06-18-1786042783481825420.jsonl: TASK_LIFECYCLE_EVENT must have at least one state transition"
time="2026-08-06T19:13:08Z" level=error msg="Failed to store events for file session_2026-08-06_11-59-17_917219_1/3b94a5ba3d741ac419a7e7718d432deb97d0dc2f77dde0469ccde0f5/job_events/03000000/3b94a5ba3d741ac419a7e7718d432deb97d0dc2f77dde0469ccde0f5-2026-08-06-18-1786042783481825420.jsonl: TASK_LIFECYCLE_EVENT must have at least one state transition"
time="2026-08-06T19:13:08Z" level=error msg="Failed to store events for file session_2026-08-06_11-59-17_917219_1/3b94a5ba3d741ac419a7e7718d432deb97d0dc2f77dde0469ccde0f5/job_events/03000000/3b94a5ba3d741ac419a7e7718d432deb97d0dc2f77dde0469ccde0f5-2026-08-06-18-1786042783481825420.jsonl: TASK_LIFECYCLE_EVENT must have at least one state transition"
time="2026-08-06T19:13:08Z" level=error msg="Failed to store events for file session_2026-08-06_11-59-17_917219_1/3b94a5ba3d741ac419a7e7718d432deb97d0dc2f77dde0469ccde0f5/job_events/03000000/3b94a5ba3d741ac419a7e7718d432deb97d0dc2f77dde0469ccde0f5-2026-08-06-18-1786042783481825420.jsonl: TASK_LIFECYCLE_EVENT must have at least one state transition"
time="2026-08-06T19:13:08Z" level=error msg="Failed to store events for file session_2026-08-06_11-59-17_917219_1/3b94a5ba3d741ac419a7e7718d432deb97d0dc2f77dde0469ccde0f5/job_events/03000000/3b94a5ba3d741ac419a7e7718d432deb97d0dc2f77dde0469ccde0f5-2026-08-06-18-1786042783481825420.jsonl: TASK_LIFECYCLE_EVENT must have at least one state transition"
time="2026-08-06T19:13:09Z" level=error msg="Failed to store events for file session_2026-08-06_11-59-17_917219_1/3b94a5ba3d741ac419a7e7718d432deb97d0dc2f77dde0469ccde0f5/job_events/03000000/3b94a5ba3d741ac419a7e7718d432deb97d0dc2f77dde0469ccde0f5-2026-08-06-18-1786042783481825420.jsonl: TASK_LIFECYCLE_EVENT must have at least one state transition"
time="2026-08-06T19:13:10Z" level=error msg="Failed to store events for file session_2026-08-06_11-59-17_917219_1/3b94a5ba3d741ac419a7e7718d432deb97d0dc2f77dde0469ccde0f5/job_events/03000000/3b94a5ba3d741ac419a7e7718d432deb97d0dc2f77dde0469ccde0f5-2026-08-06-18-1786042783481825420.jsonl: TASK_LIFECYCLE_EVENT must have at least one state transition"
time="2026-08-06T19:13:11Z" level=error msg="Failed to store events for file session_2026-08-06_11-59-17_917219_1/3b94a5ba3d741ac419a7e7718d432deb97d0dc2f77dde0469ccde0f5/job_events/03000000/3b94a5ba3d741ac419a7e7718d432deb97d0dc2f77dde0469ccde0f5-2026-08-06-18-1786042783481825420.jsonl: TASK_LIFECYCLE_EVENT must have at least one state transition"
time="2026-08-06T19:13:12Z" level=error msg="Failed to store events for file session_2026-08-06_11-59-17_917219_1/3b94a5ba3d741ac419a7e7718d432deb97d0dc2f77dde0469ccde0f5/job_events/03000000/3b94a5ba3d741ac419a7e7718d432deb97d0dc2f77dde0469ccde0f5-2026-08-06-18-1786042783481825420.jsonl: TASK_LIFECYCLE_EVENT must have at least one state transition"
time="2026-08-06T19:13:13Z" level=error msg="Failed to store events for file session_2026-08-06_11-59-17_917219_1/3b94a5ba3d741ac419a7e7718d432deb97d0dc2f77dde0469ccde0f5/job_events/03000000/3b94a5ba3d741ac419a7e7718d432deb97d0dc2f77dde0469ccde0f5-2026-08-06-18-1786042783481825420.jsonl: TASK_LIFECYCLE_EVENT must have at least one state transition"
time="2026-08-06T19:13:15Z" level=error msg="Failed to store events for file session_2026-08-06_11-59-17_917219_1/3b94a5ba3d741ac419a7e7718d432deb97d0dc2f77dde0469ccde0f5/job_events/03000000/3b94a5ba3d741ac419a7e7718d432deb97d0dc2f77dde0469ccde0f5-2026-08-06-18-1786042783481825420.jsonl: TASK_LIFECYCLE_EVENT must have at least one state transition"
time="2026-08-06T19:13:15Z" level=error msg="Failed to store events for file session_2026-08-06_11-59-17_917219_1/3b94a5ba3d741ac419a7e7718d432deb97d0dc2f77dde0469ccde0f5/job_events/03000000/3b94a5ba3d741ac419a7e7718d432deb97d0dc2f77dde0469ccde0f5-2026-08-06-18-1786042783481825420.jsonl: TASK_LIFECYCLE_EVENT must have at least one state transition"
time="2026-08-06T19:13:16Z" level=error msg="Failed to store events for file session_2026-08-06_11-59-17_917219_1/3b94a5ba3d741ac419a7e7718d432deb97d0dc2f77dde0469ccde0f5/job_events/03000000/3b94a5ba3d741ac419a7e7718d432deb97d0dc2f77dde0469ccde0f5-2026-08-06-18-1786042783481825420.jsonl: TASK_LIFECYCLE_EVENT must have at least one state transition"
time="2026-08-06T19:13:16Z" level=error msg="Failed to store events for file session_2026-08-06_11-59-17_917219_1/3b94a5ba3d741ac419a7e7718d432deb97d0dc2f77dde0469ccde0f5/job_events/03000000/3b94a5ba3d741ac419a7e7718d432deb97d0dc2f77dde0469ccde0f5-2026-08-06-18-1786042783481825420.jsonl: TASK_LIFECYCLE_EVENT must have at least one state transition"
time="2026-08-06T19:13:16Z" level=error msg="Failed to store events for file session_2026-08-06_11-59-17_917219_1/3b94a5ba3d741ac419a7e7718d432deb97d0dc2f77dde0469ccde0f5/job_events/03000000/3b94a5ba3d741ac419a7e7718d432deb97d0dc2f77dde0469ccde0f5-2026-08-06-18-1786042783481825420.jsonl: TASK_LIFECYCLE_EVENT must have at least one state transition"
time="2026-08-06T19:13:16Z" level=error msg="Failed to store events for file session_2026-08-06_11-59-17_917219_1/3b94a5ba3d741ac419a7e7718d432deb97d0dc2f77dde0469ccde0f5/job_events/03000000/3b94a5ba3d741ac419a7e7718d432deb97d0dc2f77dde0469ccde0f5-2026-08-06-18-1786042783481825420.jsonl: TASK_LIFECYCLE_EVENT must have at least one state transition"
time="2026-08-06T19:13:17Z" level=error msg="Failed to store events for file session_2026-08-06_11-59-17_917219_1/3b94a5ba3d741ac419a7e7718d432deb97d0dc2f77dde0469ccde0f5/job_events/03000000/3b94a5ba3d741ac419a7e7718d432deb97d0dc2f77dde0469ccde0f5-2026-08-06-18-1786042783481825420.jsonl: TASK_LIFECYCLE_EVENT must have at least one state transition"
time="2026-08-06T19:13:18Z" level=error msg="Failed to store events for file session_2026-08-06_11-59-17_917219_1/3b94a5ba3d741ac419a7e7718d432deb97d0dc2f77dde0469ccde0f5/job_events/03000000/3b94a5ba3d741ac419a7e7718d432deb97d0dc2f77dde0469ccde0f5-2026-08-06-18-1786042783481825420.jsonl: TASK_LIFECYCLE_EVENT must have at least one state transition"
time="2026-08-06T19:13:18Z" level=error msg="Failed to store events for file session_2026-08-06_11-59-17_917219_1/3b94a5ba3d741ac419a7e7718d432deb97d0dc2f77dde0469ccde0f5/job_events/03000000/3b94a5ba3d741ac419a7e7718d432deb97d0dc2f77dde0469ccde0f5-2026-08-06-18-1786042783481825420.jsonl: TASK_LIFECYCLE_EVENT must have at least one state transition"
time="2026-08-06T19:13:18Z" level=error msg="Failed to store events for file session_2026-08-06_11-59-17_917219_1/3b94a5ba3d741ac419a7e7718d432deb97d0dc2f77dde0469ccde0f5/job_events/03000000/3b94a5ba3d741ac419a7e7718d432deb97d0dc2f77dde0469ccde0f5-2026-08-06-18-1786042783481825420.jsonl: TASK_LIFECYCLE_EVENT must have at least one state transition"
time="2026-08-06T19:13:19Z" level=error msg="Failed to store events for file session_2026-08-06_11-59-17_917219_1/3b94a5ba3d741ac419a7e7718d432deb97d0dc2f77dde0469ccde0f5/job_events/03000000/3b94a5ba3d741ac419a7e7718d432deb97d0dc2f77dde0469ccde0f5-2026-08-06-18-1786042783481825420.jsonl: TASK_LIFECYCLE_EVENT must have at least one state transition"
time="2026-08-06T19:13:19Z" level=info msg="Prepare to get object log/cluster-history/raycluster/test-ns-4zz46/raycluster-historyserver/session_2026-08-06_11-59-17_917219_1/3b94a5ba3d741ac419a7e7718d432deb97d0dc2f77dde0469ccde0f5/job_events/03000000/3b94a5ba3d741ac419a7e7718d432deb97d0dc2f77dde0469ccde0f5-2026-08-06-19-1786042831439945512.jsonl info ..."
time="2026-08-06T19:13:21Z" level=error msg="Failed to load session test-ns-4zz46/raycluster-historyserver/session_2026-08-06_11-59-17_917219_1: context canceled"
time="2026-08-06T19:13:22Z" level=error msg="Failed to store events for file session_2026-08-06_11-59-17_917219_1/3b94a5ba3d741ac419a7e7718d432deb97d0dc2f77dde0469ccde0f5/job_events/03000000/3b94a5ba3d741ac419a7e7718d432deb97d0dc2f77dde0469ccde0f5-2026-08-06-19-1786042831439945512.jsonl: TASK_LIFECYCLE_EVENT must have at least one state transition"
time="2026-08-06T19:13:22Z" level=error msg="Failed to store events for file session_2026-08-06_11-59-17_917219_1/3b94a5ba3d741ac419a7e7718d432deb97d0dc2f77dde0469ccde0f5/job_events/03000000/3b94a5ba3d741ac419a7e7718d432deb97d0dc2f77dde0469ccde0f5-2026-08-06-19-1786042831439945512.jsonl: TASK_LIFECYCLE_EVENT must have at least one state transition"
time="2026-08-06T19:13:22Z" level=error msg="Failed to store events for file session_2026-08-06_11-59-17_917219_1/3b94a5ba3d741ac419a7e7718d432deb97d0dc2f77dde0469ccde0f5/job_events/03000000/3b94a5ba3d741ac419a7e7718d432deb97d0dc2f77dde0469ccde0f5-2026-08-06-19-1786042831439945512.jsonl: TASK_LIFECYCLE_EVENT must have at least one state transition"
time="2026-08-06T19:13:23Z" level=error msg="Failed to store events for file session_2026-08-06_11-59-17_917219_1/3b94a5ba3d741ac419a7e7718d432deb97d0dc2f77dde0469ccde0f5/job_events/03000000/3b94a5ba3d741ac419a7e7718d432deb97d0dc2f77dde0469ccde0f5-2026-08-06-19-1786042831439945512.jsonl: TASK_LIFECYCLE_EVENT must have at least one state transition"
time="2026-08-06T19:13:23Z" level=error msg="Failed to store events for file session_2026-08-06_11-59-17_917219_1/3b94a5ba3d741ac419a7e7718d432deb97d0dc2f77dde0469ccde0f5/job_events/03000000/3b94a5ba3d741ac419a7e7718d432deb97d0dc2f77dde0469ccde0f5-2026-08-06-19-1786042831439945512.jsonl: TASK_LIFECYCLE_EVENT must have at least one state transition"
time="2026-08-06T19:13:23Z" level=info msg="Prepare to get object log/cluster-history/raycluster/test-ns-4zz46/raycluster-historyserver/session_2026-08-06_11-59-17_917219_1/ce2ef96af9711ffcdda1d27dbe75784897675832656bc6b7b1fa9be8/job_events/01000000/ce2ef96af9711ffcdda1d27dbe75784897675832656bc6b7b1fa9be8-2026-08-06-18-1786042763251598175.jsonl info ..."
time="2026-08-06T19:13:23Z" level=info msg="Prepare to get object log/cluster-history/raycluster/test-ns-4zz46/raycluster-historyserver/session_2026-08-06_11-59-17_917219_1/ce2ef96af9711ffcdda1d27dbe75784897675832656bc6b7b1fa9be8/job_events/02000000/ce2ef96af9711ffcdda1d27dbe75784897675832656bc6b7b1fa9be8-2026-08-06-18-1786042780492624044.jsonl info ..."
time="2026-08-06T19:13:23Z" level=info msg="Prepare to get object log/cluster-history/raycluster/test-ns-4zz46/raycluster-historyserver/session_2026-08-06_11-59-17_917219_1/ce2ef96af9711ffcdda1d27dbe75784897675832656bc6b7b1fa9be8/job_events/03000000/ce2ef96af9711ffcdda1d27dbe75784897675832656bc6b7b1fa9be8-2026-08-06-18-1786042781491851669.jsonl info ..."
time="2026-08-06T19:13:30Z" level=info msg="Received request: GET /enter_cluster/test-ns-4zz46/raycluster/raycluster-historyserver/session_2026-08-06_11-59-17_917219_1"
time="2026-08-06T19:13:30Z" level=info msg="[List]Returned objects in log/cluster-metadata/. length of page.Contents: 2, length of page.CommonPrefixes: 0"
time="2026-08-06T19:13:30Z" level=error msg="Failed to parse meta file path: log/cluster-metadata/raycluster/test-ns-4zz46_raycluster-historyserver/, error: invalid path segment count for cluster metadata structure: log/cluster-metadata/raycluster/test-ns-4zz46_raycluster-historyserver/"
time="2026-08-06T19:13:30Z" level=info msg="Parsed cluster raycluster-historyserver for session session_2026-08-06_11-59-17_917219_1 to list"
gc 17 @765.196s 1%: 0.53+5222+0.070 ms clock, 1.0+1.1/2617/3105+0.14 ms cpu, 2285->2325->725 MB, 2361 MB goal, 0 MB stacks, 0 MB globals, 2 P
time="2026-08-06T19:14:27Z" level=error msg="Failed to load session test-ns-4zz46/raycluster-historyserver/session_2026-08-06_11-59-17_917219_1: context deadline exceeded"
time="2026-08-06T19:14:38Z" level=info msg="Received request: GET /enter_cluster/test-ns-4zz46/raycluster/raycluster-historyserver/session_2026-08-06_11-59-17_917219_1"
time="2026-08-06T19:14:38Z" level=info msg="[List]Returned objects in log/cluster-metadata/. length of page.Contents: 2, length of page.CommonPrefixes: 0"
time="2026-08-06T19:14:38Z" level=error msg="Failed to parse meta file path: log/cluster-metadata/raycluster/test-ns-4zz46_raycluster-historyserver/, error: invalid path segment count for cluster metadata structure: log/cluster-metadata/raycluster/test-ns-4zz46_raycluster-historyserver/"
time="2026-08-06T19:14:38Z" level=info msg="Parsed cluster raycluster-historyserver for session session_2026-08-06_11-59-17_917219_1 to list"
time="2026-08-06T19:14:38Z" level=info msg="[ListFiles]Returned objects in log/cluster-history/raycluster/test-ns-4zz46/raycluster-historyserver/session_2026-08-06_11-59-17_917219_1/. length of page.Contents: 0, length of page.CommonPrefixes: 3"
time="2026-08-06T19:14:38Z" level=info msg="[ListFiles]Returned objects in log/cluster-history/raycluster/test-ns-4zz46/raycluster-historyserver/session_2026-08-06_11-59-17_917219_1/3b94a5ba3d741ac419a7e7718d432deb97d0dc2f77dde0469ccde0f5/logs/events/. length of page.Contents: 13, length of page.CommonPrefixes: 0"
time="2026-08-06T19:14:38Z" level=info msg="Prepare to get object log/cluster-history/raycluster/test-ns-4zz46/raycluster-historyserver/session_2026-08-06_11-59-17_917219_1/3b94a5ba3d741ac419a7e7718d432deb97d0dc2f77dde0469ccde0f5/logs/events/event_CORE_WORKER_228.log info ..."
time="2026-08-06T19:14:38Z" level=info msg="Prepare to get object log/cluster-history/raycluster/test-ns-4zz46/raycluster-historyserver/session_2026-08-06_11-59-17_917219_1/3b94a5ba3d741ac419a7e7718d432deb97d0dc2f77dde0469ccde0f5/logs/events/event_CORE_WORKER_229.log info ..."
time="2026-08-06T19:14:38Z" level=info msg="Prepare to get object log/cluster-history/raycluster/test-ns-4zz46/raycluster-historyserver/session_2026-08-06_11-59-17_917219_1/3b94a5ba3d741ac419a7e7718d432deb97d0dc2f77dde0469ccde0f5/logs/events/event_CORE_WORKER_321.log info ..."
time="2026-08-06T19:14:38Z" level=info msg="Prepare to get object log/cluster-history/raycluster/test-ns-4zz46/raycluster-historyserver/session_2026-08-06_11-59-17_917219_1/3b94a5ba3d741ac419a7e7718d432deb97d0dc2f77dde0469ccde0f5/logs/events/event_CORE_WORKER_325.log info ..."
time="2026-08-06T19:14:38Z" level=info msg="Prepare to get object log/cluster-history/raycluster/test-ns-4zz46/raycluster-historyserver/session_2026-08-06_11-59-17_917219_1/3b94a5ba3d741ac419a7e7718d432deb97d0dc2f77dde0469ccde0f5/logs/events/event_CORE_WORKER_399.log info ..."
time="2026-08-06T19:14:38Z" level=info msg="Prepare to get object log/cluster-history/raycluster/test-ns-4zz46/raycluster-historyserver/session_2026-08-06_11-59-17_917219_1/3b94a5ba3d741ac419a7e7718d432deb97d0dc2f77dde0469ccde0f5/logs/events/event_CORE_WORKER_419.log info ..."
time="2026-08-06T19:14:38Z" level=info msg="Prepare to get object log/cluster-history/raycluster/test-ns-4zz46/raycluster-historyserver/session_2026-08-06_11-59-17_917219_1/3b94a5ba3d741ac419a7e7718d432deb97d0dc2f77dde0469ccde0f5/logs/events/event_CORE_WORKER_492.log info ..."
time="2026-08-06T19:14:38Z" level=info msg="Prepare to get object log/cluster-history/raycluster/test-ns-4zz46/raycluster-historyserver/session_2026-08-06_11-59-17_917219_1/3b94a5ba3d741ac419a7e7718d432deb97d0dc2f77dde0469ccde0f5/logs/events/event_CORE_WORKER_513.log info ..."
time="2026-08-06T19:14:38Z" level=info msg="Prepare to get object log/cluster-history/raycluster/test-ns-4zz46/raycluster-historyserver/session_2026-08-06_11-59-17_917219_1/3b94a5ba3d741ac419a7e7718d432deb97d0dc2f77dde0469ccde0f5/logs/events/event_CORE_WORKER_591.log info ..."
time="2026-08-06T19:14:38Z" level=info msg="Prepare to get object log/cluster-history/raycluster/test-ns-4zz46/raycluster-historyserver/session_2026-08-06_11-59-17_917219_1/3b94a5ba3d741ac419a7e7718d432deb97d0dc2f77dde0469ccde0f5/logs/events/event_CORE_WORKER_609.log info ..."
time="2026-08-06T19:14:38Z" level=info msg="Prepare to get object log/cluster-history/raycluster/test-ns-4zz46/raycluster-historyserver/session_2026-08-06_11-59-17_917219_1/3b94a5ba3d741ac419a7e7718d432deb97d0dc2f77dde0469ccde0f5/logs/events/event_CORE_WORKER_697.log info ..."
time="2026-08-06T19:14:38Z" level=info msg="Prepare to get object log/cluster-history/raycluster/test-ns-4zz46/raycluster-historyserver/session_2026-08-06_11-59-17_917219_1/3b94a5ba3d741ac419a7e7718d432deb97d0dc2f77dde0469ccde0f5/logs/events/event_RAYLET.log info ..."
time="2026-08-06T19:14:38Z" level=info msg="[ListFiles]Returned objects in log/cluster-history/raycluster/test-ns-4zz46/raycluster-historyserver/session_2026-08-06_11-59-17_917219_1/ce2ef96af9711ffcdda1d27dbe75784897675832656bc6b7b1fa9be8/logs/events/. length of page.Contents: 11, length of page.CommonPrefixes: 0"
time="2026-08-06T19:14:38Z" level=info msg="Prepare to get object log/cluster-history/raycluster/test-ns-4zz46/raycluster-historyserver/session_2026-08-06_11-59-17_917219_1/ce2ef96af9711ffcdda1d27dbe75784897675832656bc6b7b1fa9be8/logs/events/event_AUTOSCALER.log info ..."
time="2026-08-06T19:14:38Z" level=info msg="Prepare to get object log/cluster-history/raycluster/test-ns-4zz46/raycluster-historyserver/session_2026-08-06_11-59-17_917219_1/ce2ef96af9711ffcdda1d27dbe75784897675832656bc6b7b1fa9be8/logs/events/event_CORE_WORKER_1020.log info ..."
time="2026-08-06T19:14:38Z" level=info msg="Prepare to get object log/cluster-history/raycluster/test-ns-4zz46/raycluster-historyserver/session_2026-08-06_11-59-17_917219_1/ce2ef96af9711ffcdda1d27dbe75784897675832656bc6b7b1fa9be8/logs/events/event_CORE_WORKER_1176.log info ..."
time="2026-08-06T19:14:38Z" level=info msg="Prepare to get object log/cluster-history/raycluster/test-ns-4zz46/raycluster-historyserver/session_2026-08-06_11-59-17_917219_1/ce2ef96af9711ffcdda1d27dbe75784897675832656bc6b7b1fa9be8/logs/events/event_CORE_WORKER_201.log info ..."
time="2026-08-06T19:14:38Z" level=info msg="Prepare to get object log/cluster-history/raycluster/test-ns-4zz46/raycluster-historyserver/session_2026-08-06_11-59-17_917219_1/ce2ef96af9711ffcdda1d27dbe75784897675832656bc6b7b1fa9be8/logs/events/event_CORE_WORKER_206.log info ..."
time="2026-08-06T19:14:38Z" level=info msg="Prepare to get object log/cluster-history/raycluster/test-ns-4zz46/raycluster-historyserver/session_2026-08-06_11-59-17_917219_1/ce2ef96af9711ffcdda1d27dbe75784897675832656bc6b7b1fa9be8/logs/events/event_CORE_WORKER_680.log info ..."
time="2026-08-06T19:14:38Z" level=info msg="Prepare to get object log/cluster-history/raycluster/test-ns-4zz46/raycluster-historyserver/session_2026-08-06_11-59-17_917219_1/ce2ef96af9711ffcdda1d27dbe75784897675832656bc6b7b1fa9be8/logs/events/event_CORE_WORKER_963.log info ..."
time="2026-08-06T19:14:38Z" level=info msg="Prepare to get object log/cluster-history/raycluster/test-ns-4zz46/raycluster-historyserver/session_2026-08-06_11-59-17_917219_1/ce2ef96af9711ffcdda1d27dbe75784897675832656bc6b7b1fa9be8/logs/events/event_GCS.log info ..."
time="2026-08-06T19:14:38Z" level=info msg="Prepare to get object log/cluster-history/raycluster/test-ns-4zz46/raycluster-historyserver/session_2026-08-06_11-59-17_917219_1/ce2ef96af9711ffcdda1d27dbe75784897675832656bc6b7b1fa9be8/logs/events/event_JOBS.log info ..."
time="2026-08-06T19:14:38Z" level=info msg="Prepare to get object log/cluster-history/raycluster/test-ns-4zz46/raycluster-historyserver/session_2026-08-06_11-59-17_917219_1/ce2ef96af9711ffcdda1d27dbe75784897675832656bc6b7b1fa9be8/logs/events/event_RAYLET.log info ..."
time="2026-08-06T19:14:38Z" level=info msg="[ListFiles]Returned objects in log/cluster-history/raycluster/test-ns-4zz46/raycluster-historyserver/session_2026-08-06_11-59-17_917219_1/fetched_endpoints/logs/events/. length of page.Contents: 0, length of page.CommonPrefixes: 0"
time="2026-08-06T19:14:38Z" level=info msg="[ListFiles]Returned objects in log/cluster-history/raycluster/test-ns-4zz46/raycluster-historyserver/session_2026-08-06_11-59-17_917219_1/. length of page.Contents: 0, length of page.CommonPrefixes: 3"
time="2026-08-06T19:14:38Z" level=info msg="[ListFiles]Returned objects in log/cluster-history/raycluster/test-ns-4zz46/raycluster-historyserver/session_2026-08-06_11-59-17_917219_1/3b94a5ba3d741ac419a7e7718d432deb97d0dc2f77dde0469ccde0f5/job_events/. length of page.Contents: 0, length of page.CommonPrefixes: 1"
time="2026-08-06T19:14:38Z" level=info msg="[ListFiles]Returned objects in log/cluster-history/raycluster/test-ns-4zz46/raycluster-historyserver/session_2026-08-06_11-59-17_917219_1/3b94a5ba3d741ac419a7e7718d432deb97d0dc2f77dde0469ccde0f5/job_events/03000000/. length of page.Contents: 3, length of page.CommonPrefixes: 0"
time="2026-08-06T19:14:38Z" level=info msg="[ListFiles]Returned objects in log/cluster-history/raycluster/test-ns-4zz46/raycluster-historyserver/session_2026-08-06_11-59-17_917219_1/ce2ef96af9711ffcdda1d27dbe75784897675832656bc6b7b1fa9be8/job_events/. length of page.Contents: 0, length of page.CommonPrefixes: 4"
time="2026-08-06T19:14:38Z" level=info msg="[ListFiles]Returned objects in log/cluster-history/raycluster/test-ns-4zz46/raycluster-historyserver/session_2026-08-06_11-59-17_917219_1/ce2ef96af9711ffcdda1d27dbe75784897675832656bc6b7b1fa9be8/job_events/01000000/. length of page.Contents: 2, length of page.CommonPrefixes: 0"
time="2026-08-06T19:14:38Z" level=info msg="[ListFiles]Returned objects in log/cluster-history/raycluster/test-ns-4zz46/raycluster-historyserver/session_2026-08-06_11-59-17_917219_1/ce2ef96af9711ffcdda1d27dbe75784897675832656bc6b7b1fa9be8/job_events/02000000/. length of page.Contents: 2, length of page.CommonPrefixes: 0"
time="2026-08-06T19:14:38Z" level=info msg="[ListFiles]Returned objects in log/cluster-history/raycluster/test-ns-4zz46/raycluster-historyserver/session_2026-08-06_11-59-17_917219_1/ce2ef96af9711ffcdda1d27dbe75784897675832656bc6b7b1fa9be8/job_events/03000000/. length of page.Contents: 3, length of page.CommonPrefixes: 0"
time="2026-08-06T19:14:38Z" level=info msg="[ListFiles]Returned objects in log/cluster-history/raycluster/test-ns-4zz46/raycluster-historyserver/session_2026-08-06_11-59-17_917219_1/ce2ef96af9711ffcdda1d27dbe75784897675832656bc6b7b1fa9be8/job_events/04000000/. length of page.Contents: 2, length of page.CommonPrefixes: 0"
time="2026-08-06T19:14:38Z" level=info msg="[ListFiles]Returned objects in log/cluster-history/raycluster/test-ns-4zz46/raycluster-historyserver/session_2026-08-06_11-59-17_917219_1/fetched_endpoints/job_events/. length of page.Contents: 0, length of page.CommonPrefixes: 0"
time="2026-08-06T19:14:38Z" level=info msg="[ListFiles]Returned objects in log/cluster-history/raycluster/test-ns-4zz46/raycluster-historyserver/session_2026-08-06_11-59-17_917219_1/. length of page.Contents: 0, length of page.CommonPrefixes: 3"
time="2026-08-06T19:14:38Z" level=info msg="[ListFiles]Returned objects in log/cluster-history/raycluster/test-ns-4zz46/raycluster-historyserver/session_2026-08-06_11-59-17_917219_1/3b94a5ba3d741ac419a7e7718d432deb97d0dc2f77dde0469ccde0f5/node_events/. length of page.Contents: 0, length of page.CommonPrefixes: 0"
time="2026-08-06T19:14:38Z" level=info msg="[ListFiles]Returned objects in log/cluster-history/raycluster/test-ns-4zz46/raycluster-historyserver/session_2026-08-06_11-59-17_917219_1/ce2ef96af9711ffcdda1d27dbe75784897675832656bc6b7b1fa9be8/node_events/. length of page.Contents: 2, length of page.CommonPrefixes: 0"
time="2026-08-06T19:14:38Z" level=info msg="[ListFiles]Returned objects in log/cluster-history/raycluster/test-ns-4zz46/raycluster-historyserver/session_2026-08-06_11-59-17_917219_1/fetched_endpoints/node_events/. length of page.Contents: 0, length of page.CommonPrefixes: 0"
time="2026-08-06T19:14:38Z" level=info msg="Prepare to get object log/cluster-history/raycluster/test-ns-4zz46/raycluster-historyserver/session_2026-08-06_11-59-17_917219_1/3b94a5ba3d741ac419a7e7718d432deb97d0dc2f77dde0469ccde0f5/job_events/03000000/3b94a5ba3d741ac419a7e7718d432deb97d0dc2f77dde0469ccde0f5-2026-08-06-18-1786042783481825420.jsonl info ..."
time="2026-08-06T19:15:04Z" level=error msg="Failed to store events for file session_2026-08-06_11-59-17_917219_1/3b94a5ba3d741ac419a7e7718d432deb97d0dc2f77dde0469ccde0f5/job_events/03000000/3b94a5ba3d741ac419a7e7718d432deb97d0dc2f77dde0469ccde0f5-2026-08-06-18-1786042783481825420.jsonl: TASK_LIFECYCLE_EVENT must have at least one state transition"
time="2026-08-06T19:15:04Z" level=error msg="Failed to store events for file session_2026-08-06_11-59-17_917219_1/3b94a5ba3d741ac419a7e7718d432deb97d0dc2f77dde0469ccde0f5/job_events/03000000/3b94a5ba3d741ac419a7e7718d432deb97d0dc2f77dde0469ccde0f5-2026-08-06-18-1786042783481825420.jsonl: TASK_LIFECYCLE_EVENT must have at least one state transition"
time="2026-08-06T19:15:05Z" level=error msg="Failed to store events for file session_2026-08-06_11-59-17_917219_1/3b94a5ba3d741ac419a7e7718d432deb97d0dc2f77dde0469ccde0f5/job_events/03000000/3b94a5ba3d741ac419a7e7718d432deb97d0dc2f77dde0469ccde0f5-2026-08-06-18-1786042783481825420.jsonl: TASK_LIFECYCLE_EVENT must have at least one state transition"
time="2026-08-06T19:15:05Z" level=error msg="Failed to store events for file session_2026-08-06_11-59-17_917219_1/3b94a5ba3d741ac419a7e7718d432deb97d0dc2f77dde0469ccde0f5/job_events/03000000/3b94a5ba3d741ac419a7e7718d432deb97d0dc2f77dde0469ccde0f5-2026-08-06-18-1786042783481825420.jsonl: TASK_LIFECYCLE_EVENT must have at least one state transition"
time="2026-08-06T19:15:06Z" level=error msg="Failed to store events for file session_2026-08-06_11-59-17_917219_1/3b94a5ba3d741ac419a7e7718d432deb97d0dc2f77dde0469ccde0f5/job_events/03000000/3b94a5ba3d741ac419a7e7718d432deb97d0dc2f77dde0469ccde0f5-2026-08-06-18-1786042783481825420.jsonl: TASK_LIFECYCLE_EVENT must have at least one state transition"
time="2026-08-06T19:15:07Z" level=error msg="Failed to store events for file session_2026-08-06_11-59-17_917219_1/3b94a5ba3d741ac419a7e7718d432deb97d0dc2f77dde0469ccde0f5/job_events/03000000/3b94a5ba3d741ac419a7e7718d432deb97d0dc2f77dde0469ccde0f5-2026-08-06-18-1786042783481825420.jsonl: TASK_LIFECYCLE_EVENT must have at least one state transition"
time="2026-08-06T19:15:07Z" level=error msg="Failed to store events for file session_2026-08-06_11-59-17_917219_1/3b94a5ba3d741ac419a7e7718d432deb97d0dc2f77dde0469ccde0f5/job_events/03000000/3b94a5ba3d741ac419a7e7718d432deb97d0dc2f77dde0469ccde0f5-2026-08-06-18-1786042783481825420.jsonl: TASK_LIFECYCLE_EVENT must have at least one state transition"
time="2026-08-06T19:15:08Z" level=error msg="Failed to store events for file session_2026-08-06_11-59-17_917219_1/3b94a5ba3d741ac419a7e7718d432deb97d0dc2f77dde0469ccde0f5/job_events/03000000/3b94a5ba3d741ac419a7e7718d432deb97d0dc2f77dde0469ccde0f5-2026-08-06-18-1786042783481825420.jsonl: TASK_LIFECYCLE_EVENT must have at least one state transition"
time="2026-08-06T19:15:09Z" level=error msg="Failed to store events for file session_2026-08-06_11-59-17_917219_1/3b94a5ba3d741ac419a7e7718d432deb97d0dc2f77dde0469ccde0f5/job_events/03000000/3b94a5ba3d741ac419a7e7718d432deb97d0dc2f77dde0469ccde0f5-2026-08-06-18-1786042783481825420.jsonl: TASK_LIFECYCLE_EVENT must have at least one state transition"
time="2026-08-06T19:15:09Z" level=error msg="Failed to store events for file session_2026-08-06_11-59-17_917219_1/3b94a5ba3d741ac419a7e7718d432deb97d0dc2f77dde0469ccde0f5/job_events/03000000/3b94a5ba3d741ac419a7e7718d432deb97d0dc2f77dde0469ccde0f5-2026-08-06-18-1786042783481825420.jsonl: TASK_LIFECYCLE_EVENT must have at least one state transition"
time="2026-08-06T19:15:10Z" level=error msg="Failed to store events for file session_2026-08-06_11-59-17_917219_1/3b94a5ba3d741ac419a7e7718d432deb97d0dc2f77dde0469ccde0f5/job_events/03000000/3b94a5ba3d741ac419a7e7718d432deb97d0dc2f77dde0469ccde0f5-2026-08-06-18-1786042783481825420.jsonl: TASK_LIFECYCLE_EVENT must have at least one state transition"
time="2026-08-06T19:15:10Z" level=error msg="Failed to store events for file session_2026-08-06_11-59-17_917219_1/3b94a5ba3d741ac419a7e7718d432deb97d0dc2f77dde0469ccde0f5/job_events/03000000/3b94a5ba3d741ac419a7e7718d432deb97d0dc2f77dde0469ccde0f5-2026-08-06-18-1786042783481825420.jsonl: TASK_LIFECYCLE_EVENT must have at least one state transition"
time="2026-08-06T19:15:10Z" level=error msg="Failed to store events for file session_2026-08-06_11-59-17_917219_1/3b94a5ba3d741ac419a7e7718d432deb97d0dc2f77dde0469ccde0f5/job_events/03000000/3b94a5ba3d741ac419a7e7718d432deb97d0dc2f77dde0469ccde0f5-2026-08-06-18-1786042783481825420.jsonl: TASK_LIFECYCLE_EVENT must have at least one state transition"
time="2026-08-06T19:15:10Z" level=error msg="Failed to store events for file session_2026-08-06_11-59-17_917219_1/3b94a5ba3d741ac419a7e7718d432deb97d0dc2f77dde0469ccde0f5/job_events/03000000/3b94a5ba3d741ac419a7e7718d432deb97d0dc2f77dde0469ccde0f5-2026-08-06-18-1786042783481825420.jsonl: TASK_LIFECYCLE_EVENT must have at least one state transition"
time="2026-08-06T19:15:11Z" level=error msg="Failed to store events for file session_2026-08-06_11-59-17_917219_1/3b94a5ba3d741ac419a7e7718d432deb97d0dc2f77dde0469ccde0f5/job_events/03000000/3b94a5ba3d741ac419a7e7718d432deb97d0dc2f77dde0469ccde0f5-2026-08-06-18-1786042783481825420.jsonl: TASK_LIFECYCLE_EVENT must have at least one state transition"
time="2026-08-06T19:15:11Z" level=error msg="Failed to store events for file session_2026-08-06_11-59-17_917219_1/3b94a5ba3d741ac419a7e7718d432deb97d0dc2f77dde0469ccde0f5/job_events/03000000/3b94a5ba3d741ac419a7e7718d432deb97d0dc2f77dde0469ccde0f5-2026-08-06-18-1786042783481825420.jsonl: TASK_LIFECYCLE_EVENT must have at least one state transition"
time="2026-08-06T19:15:12Z" level=error msg="Failed to store events for file session_2026-08-06_11-59-17_917219_1/3b94a5ba3d741ac419a7e7718d432deb97d0dc2f77dde0469ccde0f5/job_events/03000000/3b94a5ba3d741ac419a7e7718d432deb97d0dc2f77dde0469ccde0f5-2026-08-06-18-1786042783481825420.jsonl: TASK_LIFECYCLE_EVENT must have at least one state transition"
time="2026-08-06T19:15:12Z" level=error msg="Failed to store events for file session_2026-08-06_11-59-17_917219_1/3b94a5ba3d741ac419a7e7718d432deb97d0dc2f77dde0469ccde0f5/job_events/03000000/3b94a5ba3d741ac419a7e7718d432deb97d0dc2f77dde0469ccde0f5-2026-08-06-18-1786042783481825420.jsonl: TASK_LIFECYCLE_EVENT must have at least one state transition"
time="2026-08-06T19:15:12Z" level=error msg="Failed to store events for file session_2026-08-06_11-59-17_917219_1/3b94a5ba3d741ac419a7e7718d432deb97d0dc2f77dde0469ccde0f5/job_events/03000000/3b94a5ba3d741ac419a7e7718d432deb97d0dc2f77dde0469ccde0f5-2026-08-06-18-1786042783481825420.jsonl: TASK_LIFECYCLE_EVENT must have at least one state transition"
time="2026-08-06T19:15:12Z" level=error msg="Failed to store events for file session_2026-08-06_11-59-17_917219_1/3b94a5ba3d741ac419a7e7718d432deb97d0dc2f77dde0469ccde0f5/job_events/03000000/3b94a5ba3d741ac419a7e7718d432deb97d0dc2f77dde0469ccde0f5-2026-08-06-18-1786042783481825420.jsonl: TASK_LIFECYCLE_EVENT must have at least one state transition"
time="2026-08-06T19:15:12Z" level=error msg="Failed to store events for file session_2026-08-06_11-59-17_917219_1/3b94a5ba3d741ac419a7e7718d432deb97d0dc2f77dde0469ccde0f5/job_events/03000000/3b94a5ba3d741ac419a7e7718d432deb97d0dc2f77dde0469ccde0f5-2026-08-06-18-1786042783481825420.jsonl: TASK_LIFECYCLE_EVENT must have at least one state transition"
time="2026-08-06T19:15:13Z" level=error msg="Failed to store events for file session_2026-08-06_11-59-17_917219_1/3b94a5ba3d741ac419a7e7718d432deb97d0dc2f77dde0469ccde0f5/job_events/03000000/3b94a5ba3d741ac419a7e7718d432deb97d0dc2f77dde0469ccde0f5-2026-08-06-18-1786042783481825420.jsonl: TASK_LIFECYCLE_EVENT must have at least one state transition"
time="2026-08-06T19:15:13Z" level=error msg="Failed to store events for file session_2026-08-06_11-59-17_917219_1/3b94a5ba3d741ac419a7e7718d432deb97d0dc2f77dde0469ccde0f5/job_events/03000000/3b94a5ba3d741ac419a7e7718d432deb97d0dc2f77dde0469ccde0f5-2026-08-06-18-1786042783481825420.jsonl: TASK_LIFECYCLE_EVENT must have at least one state transition"
time="2026-08-06T19:15:14Z" level=error msg="Failed to store events for file session_2026-08-06_11-59-17_917219_1/3b94a5ba3d741ac419a7e7718d432deb97d0dc2f77dde0469ccde0f5/job_events/03000000/3b94a5ba3d741ac419a7e7718d432deb97d0dc2f77dde0469ccde0f5-2026-08-06-18-1786042783481825420.jsonl: TASK_LIFECYCLE_EVENT must have at least one state transition"
time="2026-08-06T19:15:15Z" level=error msg="Failed to store events for file session_2026-08-06_11-59-17_917219_1/3b94a5ba3d741ac419a7e7718d432deb97d0dc2f77dde0469ccde0f5/job_events/03000000/3b94a5ba3d741ac419a7e7718d432deb97d0dc2f77dde0469ccde0f5-2026-08-06-18-1786042783481825420.jsonl: TASK_LIFECYCLE_EVENT must have at least one state transition"
time="2026-08-06T19:15:15Z" level=error msg="Failed to store events for file session_2026-08-06_11-59-17_917219_1/3b94a5ba3d741ac419a7e7718d432deb97d0dc2f77dde0469ccde0f5/job_events/03000000/3b94a5ba3d741ac419a7e7718d432deb97d0dc2f77dde0469ccde0f5-2026-08-06-18-1786042783481825420.jsonl: TASK_LIFECYCLE_EVENT must have at least one state transition"
time="2026-08-06T19:15:16Z" level=error msg="Failed to store events for file session_2026-08-06_11-59-17_917219_1/3b94a5ba3d741ac419a7e7718d432deb97d0dc2f77dde0469ccde0f5/job_events/03000000/3b94a5ba3d741ac419a7e7718d432deb97d0dc2f77dde0469ccde0f5-2026-08-06-18-1786042783481825420.jsonl: TASK_LIFECYCLE_EVENT must have at least one state transition"
time="2026-08-06T19:15:16Z" level=error msg="Failed to store events for file session_2026-08-06_11-59-17_917219_1/3b94a5ba3d741ac419a7e7718d432deb97d0dc2f77dde0469ccde0f5/job_events/03000000/3b94a5ba3d741ac419a7e7718d432deb97d0dc2f77dde0469ccde0f5-2026-08-06-18-1786042783481825420.jsonl: TASK_LIFECYCLE_EVENT must have at least one state transition"
time="2026-08-06T19:15:17Z" level=error msg="Failed to store events for file session_2026-08-06_11-59-17_917219_1/3b94a5ba3d741ac419a7e7718d432deb97d0dc2f77dde0469ccde0f5/job_events/03000000/3b94a5ba3d741ac419a7e7718d432deb97d0dc2f77dde0469ccde0f5-2026-08-06-18-1786042783481825420.jsonl: TASK_LIFECYCLE_EVENT must have at least one state transition"
time="2026-08-06T19:15:17Z" level=error msg="Failed to store events for file session_2026-08-06_11-59-17_917219_1/3b94a5ba3d741ac419a7e7718d432deb97d0dc2f77dde0469ccde0f5/job_events/03000000/3b94a5ba3d741ac419a7e7718d432deb97d0dc2f77dde0469ccde0f5-2026-08-06-18-1786042783481825420.jsonl: TASK_LIFECYCLE_EVENT must have at least one state transition"
time="2026-08-06T19:15:17Z" level=error msg="Failed to store events for file session_2026-08-06_11-59-17_917219_1/3b94a5ba3d741ac419a7e7718d432deb97d0dc2f77dde0469ccde0f5/job_events/03000000/3b94a5ba3d741ac419a7e7718d432deb97d0dc2f77dde0469ccde0f5-2026-08-06-18-1786042783481825420.jsonl: TASK_LIFECYCLE_EVENT must have at least one state transition"
time="2026-08-06T19:15:19Z" level=error msg="Failed to store events for file session_2026-08-06_11-59-17_917219_1/3b94a5ba3d741ac419a7e7718d432deb97d0dc2f77dde0469ccde0f5/job_events/03000000/3b94a5ba3d741ac419a7e7718d432deb97d0dc2f77dde0469ccde0f5-2026-08-06-18-1786042783481825420.jsonl: TASK_LIFECYCLE_EVENT must have at least one state transition"
time="2026-08-06T19:15:19Z" level=error msg="Failed to store events for file session_2026-08-06_11-59-17_917219_1/3b94a5ba3d741ac419a7e7718d432deb97d0dc2f77dde0469ccde0f5/job_events/03000000/3b94a5ba3d741ac419a7e7718d432deb97d0dc2f77dde0469ccde0f5-2026-08-06-18-1786042783481825420.jsonl: TASK_LIFECYCLE_EVENT must have at least one state transition"
time="2026-08-06T19:15:19Z" level=error msg="Failed to store events for file session_2026-08-06_11-59-17_917219_1/3b94a5ba3d741ac419a7e7718d432deb97d0dc2f77dde0469ccde0f5/job_events/03000000/3b94a5ba3d741ac419a7e7718d432deb97d0dc2f77dde0469ccde0f5-2026-08-06-18-1786042783481825420.jsonl: TASK_LIFECYCLE_EVENT must have at least one state transition"
time="2026-08-06T19:15:20Z" level=error msg="Failed to store events for file session_2026-08-06_11-59-17_917219_1/3b94a5ba3d741ac419a7e7718d432deb97d0dc2f77dde0469ccde0f5/job_events/03000000/3b94a5ba3d741ac419a7e7718d432deb97d0dc2f77dde0469ccde0f5-2026-08-06-18-1786042783481825420.jsonl: TASK_LIFECYCLE_EVENT must have at least one state transition"
time="2026-08-06T19:15:20Z" level=error msg="Failed to store events for file session_2026-08-06_11-59-17_917219_1/3b94a5ba3d741ac419a7e7718d432deb97d0dc2f77dde0469ccde0f5/job_events/03000000/3b94a5ba3d741ac419a7e7718d432deb97d0dc2f77dde0469ccde0f5-2026-08-06-18-1786042783481825420.jsonl: TASK_LIFECYCLE_EVENT must have at least one state transition"
time="2026-08-06T19:15:20Z" level=error msg="Failed to store events for file session_2026-08-06_11-59-17_917219_1/3b94a5ba3d741ac419a7e7718d432deb97d0dc2f77dde0469ccde0f5/job_events/03000000/3b94a5ba3d741ac419a7e7718d432deb97d0dc2f77dde0469ccde0f5-2026-08-06-18-1786042783481825420.jsonl: TASK_LIFECYCLE_EVENT must have at least one state transition"
time="2026-08-06T19:15:21Z" level=error msg="Failed to store events for file session_2026-08-06_11-59-17_917219_1/3b94a5ba3d741ac419a7e7718d432deb97d0dc2f77dde0469ccde0f5/job_events/03000000/3b94a5ba3d741ac419a7e7718d432deb97d0dc2f77dde0469ccde0f5-2026-08-06-18-1786042783481825420.jsonl: TASK_LIFECYCLE_EVENT must have at least one state transition"
time="2026-08-06T19:15:21Z" level=error msg="Failed to store events for file session_2026-08-06_11-59-17_917219_1/3b94a5ba3d741ac419a7e7718d432deb97d0dc2f77dde0469ccde0f5/job_events/03000000/3b94a5ba3d741ac419a7e7718d432deb97d0dc2f77dde0469ccde0f5-2026-08-06-18-1786042783481825420.jsonl: TASK_LIFECYCLE_EVENT must have at least one state transition"
time="2026-08-06T19:15:22Z" level=error msg="Failed to store events for file session_2026-08-06_11-59-17_917219_1/3b94a5ba3d741ac419a7e7718d432deb97d0dc2f77dde0469ccde0f5/job_events/03000000/3b94a5ba3d741ac419a7e7718d432deb97d0dc2f77dde0469ccde0f5-2026-08-06-18-1786042783481825420.jsonl: TASK_LIFECYCLE_EVENT must have at least one state transition"
time="2026-08-06T19:15:22Z" level=error msg="Failed to store events for file session_2026-08-06_11-59-17_917219_1/3b94a5ba3d741ac419a7e7718d432deb97d0dc2f77dde0469ccde0f5/job_events/03000000/3b94a5ba3d741ac419a7e7718d432deb97d0dc2f77dde0469ccde0f5-2026-08-06-18-1786042783481825420.jsonl: TASK_LIFECYCLE_EVENT must have at least one state transition"
time="2026-08-06T19:15:22Z" level=error msg="Failed to store events for file session_2026-08-06_11-59-17_917219_1/3b94a5ba3d741ac419a7e7718d432deb97d0dc2f77dde0469ccde0f5/job_events/03000000/3b94a5ba3d741ac419a7e7718d432deb97d0dc2f77dde0469ccde0f5-2026-08-06-18-1786042783481825420.jsonl: TASK_LIFECYCLE_EVENT must have at least one state transition"
time="2026-08-06T19:15:22Z" level=error msg="Failed to store events for file session_2026-08-06_11-59-17_917219_1/3b94a5ba3d741ac419a7e7718d432deb97d0dc2f77dde0469ccde0f5/job_events/03000000/3b94a5ba3d741ac419a7e7718d432deb97d0dc2f77dde0469ccde0f5-2026-08-06-18-1786042783481825420.jsonl: TASK_LIFECYCLE_EVENT must have at least one state transition"
time="2026-08-06T19:15:23Z" level=error msg="Failed to store events for file session_2026-08-06_11-59-17_917219_1/3b94a5ba3d741ac419a7e7718d432deb97d0dc2f77dde0469ccde0f5/job_events/03000000/3b94a5ba3d741ac419a7e7718d432deb97d0dc2f77dde0469ccde0f5-2026-08-06-18-1786042783481825420.jsonl: TASK_LIFECYCLE_EVENT must have at least one state transition"
time="2026-08-06T19:15:24Z" level=error msg="Failed to store events for file session_2026-08-06_11-59-17_917219_1/3b94a5ba3d741ac419a7e7718d432deb97d0dc2f77dde0469ccde0f5/job_events/03000000/3b94a5ba3d741ac419a7e7718d432deb97d0dc2f77dde0469ccde0f5-2026-08-06-18-1786042783481825420.jsonl: TASK_LIFECYCLE_EVENT must have at least one state transition"
time="2026-08-06T19:15:25Z" level=error msg="Failed to store events for file session_2026-08-06_11-59-17_917219_1/3b94a5ba3d741ac419a7e7718d432deb97d0dc2f77dde0469ccde0f5/job_events/03000000/3b94a5ba3d741ac419a7e7718d432deb97d0dc2f77dde0469ccde0f5-2026-08-06-18-1786042783481825420.jsonl: TASK_LIFECYCLE_EVENT must have at least one state transition"
time="2026-08-06T19:15:26Z" level=error msg="Failed to store events for file session_2026-08-06_11-59-17_917219_1/3b94a5ba3d741ac419a7e7718d432deb97d0dc2f77dde0469ccde0f5/job_events/03000000/3b94a5ba3d741ac419a7e7718d432deb97d0dc2f77dde0469ccde0f5-2026-08-06-18-1786042783481825420.jsonl: TASK_LIFECYCLE_EVENT must have at least one state transition"
time="2026-08-06T19:15:27Z" level=error msg="Failed to store events for file session_2026-08-06_11-59-17_917219_1/3b94a5ba3d741ac419a7e7718d432deb97d0dc2f77dde0469ccde0f5/job_events/03000000/3b94a5ba3d741ac419a7e7718d432deb97d0dc2f77dde0469ccde0f5-2026-08-06-18-1786042783481825420.jsonl: TASK_LIFECYCLE_EVENT must have at least one state transition"
time="2026-08-06T19:15:29Z" level=error msg="Failed to store events for file session_2026-08-06_11-59-17_917219_1/3b94a5ba3d741ac419a7e7718d432deb97d0dc2f77dde0469ccde0f5/job_events/03000000/3b94a5ba3d741ac419a7e7718d432deb97d0dc2f77dde0469ccde0f5-2026-08-06-18-1786042783481825420.jsonl: TASK_LIFECYCLE_EVENT must have at least one state transition"
time="2026-08-06T19:15:29Z" level=error msg="Failed to store events for file session_2026-08-06_11-59-17_917219_1/3b94a5ba3d741ac419a7e7718d432deb97d0dc2f77dde0469ccde0f5/job_events/03000000/3b94a5ba3d741ac419a7e7718d432deb97d0dc2f77dde0469ccde0f5-2026-08-06-18-1786042783481825420.jsonl: TASK_LIFECYCLE_EVENT must have at least one state transition"
time="2026-08-06T19:15:29Z" level=error msg="Failed to store events for file session_2026-08-06_11-59-17_917219_1/3b94a5ba3d741ac419a7e7718d432deb97d0dc2f77dde0469ccde0f5/job_events/03000000/3b94a5ba3d741ac419a7e7718d432deb97d0dc2f77dde0469ccde0f5-2026-08-06-18-1786042783481825420.jsonl: TASK_LIFECYCLE_EVENT must have at least one state transition"
time="2026-08-06T19:15:29Z" level=error msg="Failed to store events for file session_2026-08-06_11-59-17_917219_1/3b94a5ba3d741ac419a7e7718d432deb97d0dc2f77dde0469ccde0f5/job_events/03000000/3b94a5ba3d741ac419a7e7718d432deb97d0dc2f77dde0469ccde0f5-2026-08-06-18-1786042783481825420.jsonl: TASK_LIFECYCLE_EVENT must have at least one state transition"
time="2026-08-06T19:15:30Z" level=error msg="Failed to store events for file session_2026-08-06_11-59-17_917219_1/3b94a5ba3d741ac419a7e7718d432deb97d0dc2f77dde0469ccde0f5/job_events/03000000/3b94a5ba3d741ac419a7e7718d432deb97d0dc2f77dde0469ccde0f5-2026-08-06-18-1786042783481825420.jsonl: TASK_LIFECYCLE_EVENT must have at least one state transition"
time="2026-08-06T19:15:30Z" level=error msg="Failed to store events for file session_2026-08-06_11-59-17_917219_1/3b94a5ba3d741ac419a7e7718d432deb97d0dc2f77dde0469ccde0f5/job_events/03000000/3b94a5ba3d741ac419a7e7718d432deb97d0dc2f77dde0469ccde0f5-2026-08-06-18-1786042783481825420.jsonl: TASK_LIFECYCLE_EVENT must have at least one state transition"
time="2026-08-06T19:15:31Z" level=error msg="Failed to store events for file session_2026-08-06_11-59-17_917219_1/3b94a5ba3d741ac419a7e7718d432deb97d0dc2f77dde0469ccde0f5/job_events/03000000/3b94a5ba3d741ac419a7e7718d432deb97d0dc2f77dde0469ccde0f5-2026-08-06-18-1786042783481825420.jsonl: TASK_LIFECYCLE_EVENT must have at least one state transition"
time="2026-08-06T19:15:31Z" level=error msg="Failed to store events for file session_2026-08-06_11-59-17_917219_1/3b94a5ba3d741ac419a7e7718d432deb97d0dc2f77dde0469ccde0f5/job_events/03000000/3b94a5ba3d741ac419a7e7718d432deb97d0dc2f77dde0469ccde0f5-2026-08-06-18-1786042783481825420.jsonl: TASK_LIFECYCLE_EVENT must have at least one state transition"
time="2026-08-06T19:15:32Z" level=error msg="Failed to store events for file session_2026-08-06_11-59-17_917219_1/3b94a5ba3d741ac419a7e7718d432deb97d0dc2f77dde0469ccde0f5/job_events/03000000/3b94a5ba3d741ac419a7e7718d432deb97d0dc2f77dde0469ccde0f5-2026-08-06-18-1786042783481825420.jsonl: TASK_LIFECYCLE_EVENT must have at least one state transition"
time="2026-08-06T19:15:32Z" level=error msg="Failed to store events for file session_2026-08-06_11-59-17_917219_1/3b94a5ba3d741ac419a7e7718d432deb97d0dc2f77dde0469ccde0f5/job_events/03000000/3b94a5ba3d741ac419a7e7718d432deb97d0dc2f77dde0469ccde0f5-2026-08-06-18-1786042783481825420.jsonl: TASK_LIFECYCLE_EVENT must have at least one state transition"
time="2026-08-06T19:15:32Z" level=error msg="Failed to store events for file session_2026-08-06_11-59-17_917219_1/3b94a5ba3d741ac419a7e7718d432deb97d0dc2f77dde0469ccde0f5/job_events/03000000/3b94a5ba3d741ac419a7e7718d432deb97d0dc2f77dde0469ccde0f5-2026-08-06-18-1786042783481825420.jsonl: TASK_LIFECYCLE_EVENT must have at least one state transition"
time="2026-08-06T19:15:33Z" level=info msg="Prepare to get object log/cluster-history/raycluster/test-ns-4zz46/raycluster-historyserver/session_2026-08-06_11-59-17_917219_1/3b94a5ba3d741ac419a7e7718d432deb97d0dc2f77dde0469ccde0f5/job_events/03000000/3b94a5ba3d741ac419a7e7718d432deb97d0dc2f77dde0469ccde0f5-2026-08-06-19-1786042831439945512.jsonl info ..."
time="2026-08-06T19:15:35Z" level=error msg="Failed to store events for file session_2026-08-06_11-59-17_917219_1/3b94a5ba3d741ac419a7e7718d432deb97d0dc2f77dde0469ccde0f5/job_events/03000000/3b94a5ba3d741ac419a7e7718d432deb97d0dc2f77dde0469ccde0f5-2026-08-06-19-1786042831439945512.jsonl: TASK_LIFECYCLE_EVENT must have at least one state transition"
time="2026-08-06T19:15:36Z" level=error msg="Failed to store events for file session_2026-08-06_11-59-17_917219_1/3b94a5ba3d741ac419a7e7718d432deb97d0dc2f77dde0469ccde0f5/job_events/03000000/3b94a5ba3d741ac419a7e7718d432deb97d0dc2f77dde0469ccde0f5-2026-08-06-19-1786042831439945512.jsonl: TASK_LIFECYCLE_EVENT must have at least one state transition"
time="2026-08-06T19:15:36Z" level=error msg="Failed to store events for file session_2026-08-06_11-59-17_917219_1/3b94a5ba3d741ac419a7e7718d432deb97d0dc2f77dde0469ccde0f5/job_events/03000000/3b94a5ba3d741ac419a7e7718d432deb97d0dc2f77dde0469ccde0f5-2026-08-06-19-1786042831439945512.jsonl: TASK_LIFECYCLE_EVENT must have at least one state transition"
time="2026-08-06T19:15:36Z" level=error msg="Failed to store events for file session_2026-08-06_11-59-17_917219_1/3b94a5ba3d741ac419a7e7718d432deb97d0dc2f77dde0469ccde0f5/job_events/03000000/3b94a5ba3d741ac419a7e7718d432deb97d0dc2f77dde0469ccde0f5-2026-08-06-19-1786042831439945512.jsonl: TASK_LIFECYCLE_EVENT must have at least one state transition"
time="2026-08-06T19:15:36Z" level=error msg="Failed to store events for file session_2026-08-06_11-59-17_917219_1/3b94a5ba3d741ac419a7e7718d432deb97d0dc2f77dde0469ccde0f5/job_events/03000000/3b94a5ba3d741ac419a7e7718d432deb97d0dc2f77dde0469ccde0f5-2026-08-06-19-1786042831439945512.jsonl: TASK_LIFECYCLE_EVENT must have at least one state transition"
time="2026-08-06T19:15:36Z" level=info msg="Prepare to get object log/cluster-history/raycluster/test-ns-4zz46/raycluster-historyserver/session_2026-08-06_11-59-17_917219_1/ce2ef96af9711ffcdda1d27dbe75784897675832656bc6b7b1fa9be8/job_events/01000000/ce2ef96af9711ffcdda1d27dbe75784897675832656bc6b7b1fa9be8-2026-08-06-18-1786042763251598175.jsonl info ..."
time="2026-08-06T19:15:36Z" level=info msg="Prepare to get object log/cluster-history/raycluster/test-ns-4zz46/raycluster-historyserver/session_2026-08-06_11-59-17_917219_1/ce2ef96af9711ffcdda1d27dbe75784897675832656bc6b7b1fa9be8/job_events/02000000/ce2ef96af9711ffcdda1d27dbe75784897675832656bc6b7b1fa9be8-2026-08-06-18-1786042780492624044.jsonl info ..."
time="2026-08-06T19:15:36Z" level=info msg="Prepare to get object log/cluster-history/raycluster/test-ns-4zz46/raycluster-historyserver/session_2026-08-06_11-59-17_917219_1/ce2ef96af9711ffcdda1d27dbe75784897675832656bc6b7b1fa9be8/job_events/03000000/ce2ef96af9711ffcdda1d27dbe75784897675832656bc6b7b1fa9be8-2026-08-06-18-1786042781491851669.jsonl info ..."
gc 18 @874.552s 1%: 0.21+767+0.044 ms clock, 0.43+2.0/378/1081+0.088 ms cpu, 3535->3535->270 MB, 3630 MB goal, 0 MB stacks, 0 MB globals, 2 P
time="2026-08-06T19:15:39Z" level=error msg="Failed to load session test-ns-4zz46/raycluster-historyserver/session_2026-08-06_11-59-17_917219_1: context canceled"
time="2026-08-06T19:15:48Z" level=info msg="Received request: GET /enter_cluster/test-ns-4zz46/raycluster/raycluster-historyserver/session_2026-08-06_11-59-17_917219_1"
time="2026-08-06T19:15:48Z" level=info msg="[List]Returned objects in log/cluster-metadata/. length of page.Contents: 2, length of page.CommonPrefixes: 0"
time="2026-08-06T19:15:48Z" level=error msg="Failed to parse meta file path: log/cluster-metadata/raycluster/test-ns-4zz46_raycluster-historyserver/, error: invalid path segment count for cluster metadata structure: log/cluster-metadata/raycluster/test-ns-4zz46_raycluster-historyserver/"
time="2026-08-06T19:15:48Z" level=info msg="Parsed cluster raycluster-historyserver for session session_2026-08-06_11-59-17_917219_1 to list"
gc 19 @906.559s 1%: 0.26+6065+0.088 ms clock, 0.53+0.10/3044/3643+0.17 ms cpu, 1336->1371->676 MB, 1354 MB goal, 0 MB stacks, 0 MB globals, 2 P
time="2026-08-06T19:16:32Z" level=info msg="Prepare to get object log/cluster-history/raycluster/test-ns-4zz46/raycluster-historyserver/session_2026-08-06_11-59-17_917219_1/ce2ef96af9711ffcdda1d27dbe75784897675832656bc6b7b1fa9be8/job_events/03000000/ce2ef96af9711ffcdda1d27dbe75784897675832656bc6b7b1fa9be8-2026-08-06-19-1786042823473666134.jsonl info ..."
time="2026-08-06T19:16:49Z" level=error msg="Failed to load session test-ns-4zz46/raycluster-historyserver/session_2026-08-06_11-59-17_917219_1: context canceled"
time="2026-08-06T19:16:58Z" level=info msg="Received request: GET /enter_cluster/test-ns-4zz46/raycluster/raycluster-historyserver/session_2026-08-06_11-59-17_917219_1"
time="2026-08-06T19:16:58Z" level=info msg="[List]Returned objects in log/cluster-metadata/. length of page.Contents: 2, length of page.CommonPrefixes: 0"
time="2026-08-06T19:16:58Z" level=error msg="Failed to parse meta file path: log/cluster-metadata/raycluster/test-ns-4zz46_raycluster-historyserver/, error: invalid path segment count for cluster metadata structure: log/cluster-metadata/raycluster/test-ns-4zz46_raycluster-historyserver/"
time="2026-08-06T19:16:58Z" level=info msg="Parsed cluster raycluster-historyserver for session session_2026-08-06_11-59-17_917219_1 to list"
time="2026-08-06T19:16:58Z" level=info msg="[ListFiles]Returned objects in log/cluster-history/raycluster/test-ns-4zz46/raycluster-historyserver/session_2026-08-06_11-59-17_917219_1/. length of page.Contents: 0, length of page.CommonPrefixes: 3"
time="2026-08-06T19:16:58Z" level=info msg="[ListFiles]Returned objects in log/cluster-history/raycluster/test-ns-4zz46/raycluster-historyserver/session_2026-08-06_11-59-17_917219_1/3b94a5ba3d741ac419a7e7718d432deb97d0dc2f77dde0469ccde0f5/logs/events/. length of page.Contents: 13, length of page.CommonPrefixes: 0"
time="2026-08-06T19:16:58Z" level=info msg="Prepare to get object log/cluster-history/raycluster/test-ns-4zz46/raycluster-historyserver/session_2026-08-06_11-59-17_917219_1/3b94a5ba3d741ac419a7e7718d432deb97d0dc2f77dde0469ccde0f5/logs/events/event_CORE_WORKER_228.log info ..."
time="2026-08-06T19:16:58Z" level=info msg="Prepare to get object log/cluster-history/raycluster/test-ns-4zz46/raycluster-historyserver/session_2026-08-06_11-59-17_917219_1/3b94a5ba3d741ac419a7e7718d432deb97d0dc2f77dde0469ccde0f5/logs/events/event_CORE_WORKER_229.log info ..."
time="2026-08-06T19:16:58Z" level=info msg="Prepare to get object log/cluster-history/raycluster/test-ns-4zz46/raycluster-historyserver/session_2026-08-06_11-59-17_917219_1/3b94a5ba3d741ac419a7e7718d432deb97d0dc2f77dde0469ccde0f5/logs/events/event_CORE_WORKER_321.log info ..."
time="2026-08-06T19:16:58Z" level=info msg="Prepare to get object log/cluster-history/raycluster/test-ns-4zz46/raycluster-historyserver/session_2026-08-06_11-59-17_917219_1/3b94a5ba3d741ac419a7e7718d432deb97d0dc2f77dde0469ccde0f5/logs/events/event_CORE_WORKER_325.log info ..."
time="2026-08-06T19:16:58Z" level=info msg="Prepare to get object log/cluster-history/raycluster/test-ns-4zz46/raycluster-historyserver/session_2026-08-06_11-59-17_917219_1/3b94a5ba3d741ac419a7e7718d432deb97d0dc2f77dde0469ccde0f5/logs/events/event_CORE_WORKER_399.log info ..."
time="2026-08-06T19:16:58Z" level=info msg="Prepare to get object log/cluster-history/raycluster/test-ns-4zz46/raycluster-historyserver/session_2026-08-06_11-59-17_917219_1/3b94a5ba3d741ac419a7e7718d432deb97d0dc2f77dde0469ccde0f5/logs/events/event_CORE_WORKER_419.log info ..."
time="2026-08-06T19:16:58Z" level=info msg="Prepare to get object log/cluster-history/raycluster/test-ns-4zz46/raycluster-historyserver/session_2026-08-06_11-59-17_917219_1/3b94a5ba3d741ac419a7e7718d432deb97d0dc2f77dde0469ccde0f5/logs/events/event_CORE_WORKER_492.log info ..."
time="2026-08-06T19:16:58Z" level=info msg="Prepare to get object log/cluster-history/raycluster/test-ns-4zz46/raycluster-historyserver/session_2026-08-06_11-59-17_917219_1/3b94a5ba3d741ac419a7e7718d432deb97d0dc2f77dde0469ccde0f5/logs/events/event_CORE_WORKER_513.log info ..."
time="2026-08-06T19:16:58Z" level=info msg="Prepare to get object log/cluster-history/raycluster/test-ns-4zz46/raycluster-historyserver/session_2026-08-06_11-59-17_917219_1/3b94a5ba3d741ac419a7e7718d432deb97d0dc2f77dde0469ccde0f5/logs/events/event_CORE_WORKER_591.log info ..."
time="2026-08-06T19:16:58Z" level=info msg="Prepare to get object log/cluster-history/raycluster/test-ns-4zz46/raycluster-historyserver/session_2026-08-06_11-59-17_917219_1/3b94a5ba3d741ac419a7e7718d432deb97d0dc2f77dde0469ccde0f5/logs/events/event_CORE_WORKER_609.log info ..."
time="2026-08-06T19:16:58Z" level=info msg="Prepare to get object log/cluster-history/raycluster/test-ns-4zz46/raycluster-historyserver/session_2026-08-06_11-59-17_917219_1/3b94a5ba3d741ac419a7e7718d432deb97d0dc2f77dde0469ccde0f5/logs/events/event_CORE_WORKER_697.log info ..."
time="2026-08-06T19:16:58Z" level=info msg="Prepare to get object log/cluster-history/raycluster/test-ns-4zz46/raycluster-historyserver/session_2026-08-06_11-59-17_917219_1/3b94a5ba3d741ac419a7e7718d432deb97d0dc2f77dde0469ccde0f5/logs/events/event_RAYLET.log info ..."
time="2026-08-06T19:16:58Z" level=info msg="[ListFiles]Returned objects in log/cluster-history/raycluster/test-ns-4zz46/raycluster-historyserver/session_2026-08-06_11-59-17_917219_1/ce2ef96af9711ffcdda1d27dbe75784897675832656bc6b7b1fa9be8/logs/events/. length of page.Contents: 11, length of page.CommonPrefixes: 0"
time="2026-08-06T19:16:58Z" level=info msg="Prepare to get object log/cluster-history/raycluster/test-ns-4zz46/raycluster-historyserver/session_2026-08-06_11-59-17_917219_1/ce2ef96af9711ffcdda1d27dbe75784897675832656bc6b7b1fa9be8/logs/events/event_AUTOSCALER.log info ..."
time="2026-08-06T19:16:58Z" level=info msg="Prepare to get object log/cluster-history/raycluster/test-ns-4zz46/raycluster-historyserver/session_2026-08-06_11-59-17_917219_1/ce2ef96af9711ffcdda1d27dbe75784897675832656bc6b7b1fa9be8/logs/events/event_CORE_WORKER_1020.log info ..."
time="2026-08-06T19:16:58Z" level=info msg="Prepare to get object log/cluster-history/raycluster/test-ns-4zz46/raycluster-historyserver/session_2026-08-06_11-59-17_917219_1/ce2ef96af9711ffcdda1d27dbe75784897675832656bc6b7b1fa9be8/logs/events/event_CORE_WORKER_1176.log info ..."
time="2026-08-06T19:16:58Z" level=info msg="Prepare to get object log/cluster-history/raycluster/test-ns-4zz46/raycluster-historyserver/session_2026-08-06_11-59-17_917219_1/ce2ef96af9711ffcdda1d27dbe75784897675832656bc6b7b1fa9be8/logs/events/event_CORE_WORKER_201.log info ..."
time="2026-08-06T19:16:58Z" level=info msg="Prepare to get object log/cluster-history/raycluster/test-ns-4zz46/raycluster-historyserver/session_2026-08-06_11-59-17_917219_1/ce2ef96af9711ffcdda1d27dbe75784897675832656bc6b7b1fa9be8/logs/events/event_CORE_WORKER_206.log info ..."
time="2026-08-06T19:16:58Z" level=info msg="Prepare to get object log/cluster-history/raycluster/test-ns-4zz46/raycluster-historyserver/session_2026-08-06_11-59-17_917219_1/ce2ef96af9711ffcdda1d27dbe75784897675832656bc6b7b1fa9be8/logs/events/event_CORE_WORKER_680.log info ..."
time="2026-08-06T19:16:58Z" level=info msg="Prepare to get object log/cluster-history/raycluster/test-ns-4zz46/raycluster-historyserver/session_2026-08-06_11-59-17_917219_1/ce2ef96af9711ffcdda1d27dbe75784897675832656bc6b7b1fa9be8/logs/events/event_CORE_WORKER_963.log info ..."
time="2026-08-06T19:16:58Z" level=info msg="Prepare to get object log/cluster-history/raycluster/test-ns-4zz46/raycluster-historyserver/session_2026-08-06_11-59-17_917219_1/ce2ef96af9711ffcdda1d27dbe75784897675832656bc6b7b1fa9be8/logs/events/event_GCS.log info ..."
time="2026-08-06T19:16:58Z" level=info msg="Prepare to get object log/cluster-history/raycluster/test-ns-4zz46/raycluster-historyserver/session_2026-08-06_11-59-17_917219_1/ce2ef96af9711ffcdda1d27dbe75784897675832656bc6b7b1fa9be8/logs/events/event_JOBS.log info ..."
time="2026-08-06T19:16:58Z" level=info msg="Prepare to get object log/cluster-history/raycluster/test-ns-4zz46/raycluster-historyserver/session_2026-08-06_11-59-17_917219_1/ce2ef96af9711ffcdda1d27dbe75784897675832656bc6b7b1fa9be8/logs/events/event_RAYLET.log info ..."
time="2026-08-06T19:16:58Z" level=info msg="[ListFiles]Returned objects in log/cluster-history/raycluster/test-ns-4zz46/raycluster-historyserver/session_2026-08-06_11-59-17_917219_1/fetched_endpoints/logs/events/. length of page.Contents: 0, length of page.CommonPrefixes: 0"
time="2026-08-06T19:16:58Z" level=info msg="[ListFiles]Returned objects in log/cluster-history/raycluster/test-ns-4zz46/raycluster-historyserver/session_2026-08-06_11-59-17_917219_1/. length of page.Contents: 0, length of page.CommonPrefixes: 3"
time="2026-08-06T19:16:58Z" level=info msg="[ListFiles]Returned objects in log/cluster-history/raycluster/test-ns-4zz46/raycluster-historyserver/session_2026-08-06_11-59-17_917219_1/3b94a5ba3d741ac419a7e7718d432deb97d0dc2f77dde0469ccde0f5/job_events/. length of page.Contents: 0, length of page.CommonPrefixes: 1"
time="2026-08-06T19:16:58Z" level=info msg="[ListFiles]Returned objects in log/cluster-history/raycluster/test-ns-4zz46/raycluster-historyserver/session_2026-08-06_11-59-17_917219_1/3b94a5ba3d741ac419a7e7718d432deb97d0dc2f77dde0469ccde0f5/job_events/03000000/. length of page.Contents: 3, length of page.CommonPrefixes: 0"
time="2026-08-06T19:16:58Z" level=info msg="[ListFiles]Returned objects in log/cluster-history/raycluster/test-ns-4zz46/raycluster-historyserver/session_2026-08-06_11-59-17_917219_1/ce2ef96af9711ffcdda1d27dbe75784897675832656bc6b7b1fa9be8/job_events/. length of page.Contents: 0, length of page.CommonPrefixes: 4"
time="2026-08-06T19:16:58Z" level=info msg="[ListFiles]Returned objects in log/cluster-history/raycluster/test-ns-4zz46/raycluster-historyserver/session_2026-08-06_11-59-17_917219_1/ce2ef96af9711ffcdda1d27dbe75784897675832656bc6b7b1fa9be8/job_events/01000000/. length of page.Contents: 2, length of page.CommonPrefixes: 0"
time="2026-08-06T19:16:58Z" level=info msg="[ListFiles]Returned objects in log/cluster-history/raycluster/test-ns-4zz46/raycluster-historyserver/session_2026-08-06_11-59-17_917219_1/ce2ef96af9711ffcdda1d27dbe75784897675832656bc6b7b1fa9be8/job_events/02000000/. length of page.Contents: 2, length of page.CommonPrefixes: 0"
time="2026-08-06T19:16:58Z" level=info msg="[ListFiles]Returned objects in log/cluster-history/raycluster/test-ns-4zz46/raycluster-historyserver/session_2026-08-06_11-59-17_917219_1/ce2ef96af9711ffcdda1d27dbe75784897675832656bc6b7b1fa9be8/job_events/03000000/. length of page.Contents: 3, length of page.CommonPrefixes: 0"
time="2026-08-06T19:16:58Z" level=info msg="[ListFiles]Returned objects in log/cluster-history/raycluster/test-ns-4zz46/raycluster-historyserver/session_2026-08-06_11-59-17_917219_1/ce2ef96af9711ffcdda1d27dbe75784897675832656bc6b7b1fa9be8/job_events/04000000/. length of page.Contents: 2, length of page.CommonPrefixes: 0"
time="2026-08-06T19:16:58Z" level=info msg="[ListFiles]Returned objects in log/cluster-history/raycluster/test-ns-4zz46/raycluster-historyserver/session_2026-08-06_11-59-17_917219_1/fetched_endpoints/job_events/. length of page.Contents: 0, length of page.CommonPrefixes: 0"
time="2026-08-06T19:16:58Z" level=info msg="[ListFiles]Returned objects in log/cluster-history/raycluster/test-ns-4zz46/raycluster-historyserver/session_2026-08-06_11-59-17_917219_1/. length of page.Contents: 0, length of page.CommonPrefixes: 3"
time="2026-08-06T19:16:58Z" level=info msg="[ListFiles]Returned objects in log/cluster-history/raycluster/test-ns-4zz46/raycluster-historyserver/session_2026-08-06_11-59-17_917219_1/3b94a5ba3d741ac419a7e7718d432deb97d0dc2f77dde0469ccde0f5/node_events/. length of page.Contents: 0, length of page.CommonPrefixes: 0"
time="2026-08-06T19:16:58Z" level=info msg="[ListFiles]Returned objects in log/cluster-history/raycluster/test-ns-4zz46/raycluster-historyserver/session_2026-08-06_11-59-17_917219_1/ce2ef96af9711ffcdda1d27dbe75784897675832656bc6b7b1fa9be8/node_events/. length of page.Contents: 2, length of page.CommonPrefixes: 0"
time="2026-08-06T19:16:58Z" level=info msg="[ListFiles]Returned objects in log/cluster-history/raycluster/test-ns-4zz46/raycluster-historyserver/session_2026-08-06_11-59-17_917219_1/fetched_endpoints/node_events/. length of page.Contents: 0, length of page.CommonPrefixes: 0"
time="2026-08-06T19:16:58Z" level=info msg="Prepare to get object log/cluster-history/raycluster/test-ns-4zz46/raycluster-historyserver/session_2026-08-06_11-59-17_917219_1/3b94a5ba3d741ac419a7e7718d432deb97d0dc2f77dde0469ccde0f5/job_events/03000000/3b94a5ba3d741ac419a7e7718d432deb97d0dc2f77dde0469ccde0f5-2026-08-06-18-1786042783481825420.jsonl info ..."
time="2026-08-06T19:17:20Z" level=error msg="Failed to store events for file session_2026-08-06_11-59-17_917219_1/3b94a5ba3d741ac419a7e7718d432deb97d0dc2f77dde0469ccde0f5/job_events/03000000/3b94a5ba3d741ac419a7e7718d432deb97d0dc2f77dde0469ccde0f5-2026-08-06-18-1786042783481825420.jsonl: TASK_LIFECYCLE_EVENT must have at least one state transition"
time="2026-08-06T19:17:20Z" level=error msg="Failed to store events for file session_2026-08-06_11-59-17_917219_1/3b94a5ba3d741ac419a7e7718d432deb97d0dc2f77dde0469ccde0f5/job_events/03000000/3b94a5ba3d741ac419a7e7718d432deb97d0dc2f77dde0469ccde0f5-2026-08-06-18-1786042783481825420.jsonl: TASK_LIFECYCLE_EVENT must have at least one state transition"
time="2026-08-06T19:17:20Z" level=error msg="Failed to store events for file session_2026-08-06_11-59-17_917219_1/3b94a5ba3d741ac419a7e7718d432deb97d0dc2f77dde0469ccde0f5/job_events/03000000/3b94a5ba3d741ac419a7e7718d432deb97d0dc2f77dde0469ccde0f5-2026-08-06-18-1786042783481825420.jsonl: TASK_LIFECYCLE_EVENT must have at least one state transition"
time="2026-08-06T19:17:20Z" level=error msg="Failed to store events for file session_2026-08-06_11-59-17_917219_1/3b94a5ba3d741ac419a7e7718d432deb97d0dc2f77dde0469ccde0f5/job_events/03000000/3b94a5ba3d741ac419a7e7718d432deb97d0dc2f77dde0469ccde0f5-2026-08-06-18-1786042783481825420.jsonl: TASK_LIFECYCLE_EVENT must have at least one state transition"
time="2026-08-06T19:17:21Z" level=error msg="Failed to store events for file session_2026-08-06_11-59-17_917219_1/3b94a5ba3d741ac419a7e7718d432deb97d0dc2f77dde0469ccde0f5/job_events/03000000/3b94a5ba3d741ac419a7e7718d432deb97d0dc2f77dde0469ccde0f5-2026-08-06-18-1786042783481825420.jsonl: TASK_LIFECYCLE_EVENT must have at least one state transition"
time="2026-08-06T19:17:22Z" level=error msg="Failed to store events for file session_2026-08-06_11-59-17_917219_1/3b94a5ba3d741ac419a7e7718d432deb97d0dc2f77dde0469ccde0f5/job_events/03000000/3b94a5ba3d741ac419a7e7718d432deb97d0dc2f77dde0469ccde0f5-2026-08-06-18-1786042783481825420.jsonl: TASK_LIFECYCLE_EVENT must have at least one state transition"
time="2026-08-06T19:17:23Z" level=error msg="Failed to store events for file session_2026-08-06_11-59-17_917219_1/3b94a5ba3d741ac419a7e7718d432deb97d0dc2f77dde0469ccde0f5/job_events/03000000/3b94a5ba3d741ac419a7e7718d432deb97d0dc2f77dde0469ccde0f5-2026-08-06-18-1786042783481825420.jsonl: TASK_LIFECYCLE_EVENT must have at least one state transition"
time="2026-08-06T19:17:23Z" level=error msg="Failed to store events for file session_2026-08-06_11-59-17_917219_1/3b94a5ba3d741ac419a7e7718d432deb97d0dc2f77dde0469ccde0f5/job_events/03000000/3b94a5ba3d741ac419a7e7718d432deb97d0dc2f77dde0469ccde0f5-2026-08-06-18-1786042783481825420.jsonl: TASK_LIFECYCLE_EVENT must have at least one state transition"
time="2026-08-06T19:17:24Z" level=error msg="Failed to store events for file session_2026-08-06_11-59-17_917219_1/3b94a5ba3d741ac419a7e7718d432deb97d0dc2f77dde0469ccde0f5/job_events/03000000/3b94a5ba3d741ac419a7e7718d432deb97d0dc2f77dde0469ccde0f5-2026-08-06-18-1786042783481825420.jsonl: TASK_LIFECYCLE_EVENT must have at least one state transition"
time="2026-08-06T19:17:24Z" level=error msg="Failed to store events for file session_2026-08-06_11-59-17_917219_1/3b94a5ba3d741ac419a7e7718d432deb97d0dc2f77dde0469ccde0f5/job_events/03000000/3b94a5ba3d741ac419a7e7718d432deb97d0dc2f77dde0469ccde0f5-2026-08-06-18-1786042783481825420.jsonl: TASK_LIFECYCLE_EVENT must have at least one state transition"
time="2026-08-06T19:17:24Z" level=error msg="Failed to store events for file session_2026-08-06_11-59-17_917219_1/3b94a5ba3d741ac419a7e7718d432deb97d0dc2f77dde0469ccde0f5/job_events/03000000/3b94a5ba3d741ac419a7e7718d432deb97d0dc2f77dde0469ccde0f5-2026-08-06-18-1786042783481825420.jsonl: TASK_LIFECYCLE_EVENT must have at least one state transition"
time="2026-08-06T19:17:24Z" level=error msg="Failed to store events for file session_2026-08-06_11-59-17_917219_1/3b94a5ba3d741ac419a7e7718d432deb97d0dc2f77dde0469ccde0f5/job_events/03000000/3b94a5ba3d741ac419a7e7718d432deb97d0dc2f77dde0469ccde0f5-2026-08-06-18-1786042783481825420.jsonl: TASK_LIFECYCLE_EVENT must have at least one state transition"
time="2026-08-06T19:17:25Z" level=error msg="Failed to store events for file session_2026-08-06_11-59-17_917219_1/3b94a5ba3d741ac419a7e7718d432deb97d0dc2f77dde0469ccde0f5/job_events/03000000/3b94a5ba3d741ac419a7e7718d432deb97d0dc2f77dde0469ccde0f5-2026-08-06-18-1786042783481825420.jsonl: TASK_LIFECYCLE_EVENT must have at least one state transition"
time="2026-08-06T19:17:25Z" level=error msg="Failed to store events for file session_2026-08-06_11-59-17_917219_1/3b94a5ba3d741ac419a7e7718d432deb97d0dc2f77dde0469ccde0f5/job_events/03000000/3b94a5ba3d741ac419a7e7718d432deb97d0dc2f77dde0469ccde0f5-2026-08-06-18-1786042783481825420.jsonl: TASK_LIFECYCLE_EVENT must have at least one state transition"
time="2026-08-06T19:17:25Z" level=error msg="Failed to store events for file session_2026-08-06_11-59-17_917219_1/3b94a5ba3d741ac419a7e7718d432deb97d0dc2f77dde0469ccde0f5/job_events/03000000/3b94a5ba3d741ac419a7e7718d432deb97d0dc2f77dde0469ccde0f5-2026-08-06-18-1786042783481825420.jsonl: TASK_LIFECYCLE_EVENT must have at least one state transition"
time="2026-08-06T19:17:25Z" level=error msg="Failed to store events for file session_2026-08-06_11-59-17_917219_1/3b94a5ba3d741ac419a7e7718d432deb97d0dc2f77dde0469ccde0f5/job_events/03000000/3b94a5ba3d741ac419a7e7718d432deb97d0dc2f77dde0469ccde0f5-2026-08-06-18-1786042783481825420.jsonl: TASK_LIFECYCLE_EVENT must have at least one state transition"
time="2026-08-06T19:17:26Z" level=error msg="Failed to store events for file session_2026-08-06_11-59-17_917219_1/3b94a5ba3d741ac419a7e7718d432deb97d0dc2f77dde0469ccde0f5/job_events/03000000/3b94a5ba3d741ac419a7e7718d432deb97d0dc2f77dde0469ccde0f5-2026-08-06-18-1786042783481825420.jsonl: TASK_LIFECYCLE_EVENT must have at least one state transition"
time="2026-08-06T19:17:26Z" level=error msg="Failed to store events for file session_2026-08-06_11-59-17_917219_1/3b94a5ba3d741ac419a7e7718d432deb97d0dc2f77dde0469ccde0f5/job_events/03000000/3b94a5ba3d741ac419a7e7718d432deb97d0dc2f77dde0469ccde0f5-2026-08-06-18-1786042783481825420.jsonl: TASK_LIFECYCLE_EVENT must have at least one state transition"
time="2026-08-06T19:17:26Z" level=error msg="Failed to store events for file session_2026-08-06_11-59-17_917219_1/3b94a5ba3d741ac419a7e7718d432deb97d0dc2f77dde0469ccde0f5/job_events/03000000/3b94a5ba3d741ac419a7e7718d432deb97d0dc2f77dde0469ccde0f5-2026-08-06-18-1786042783481825420.jsonl: TASK_LIFECYCLE_EVENT must have at least one state transition"
time="2026-08-06T19:17:27Z" level=error msg="Failed to store events for file session_2026-08-06_11-59-17_917219_1/3b94a5ba3d741ac419a7e7718d432deb97d0dc2f77dde0469ccde0f5/job_events/03000000/3b94a5ba3d741ac419a7e7718d432deb97d0dc2f77dde0469ccde0f5-2026-08-06-18-1786042783481825420.jsonl: TASK_LIFECYCLE_EVENT must have at least one state transition"
time="2026-08-06T19:17:27Z" level=error msg="Failed to store events for file session_2026-08-06_11-59-17_917219_1/3b94a5ba3d741ac419a7e7718d432deb97d0dc2f77dde0469ccde0f5/job_events/03000000/3b94a5ba3d741ac419a7e7718d432deb97d0dc2f77dde0469ccde0f5-2026-08-06-18-1786042783481825420.jsonl: TASK_LIFECYCLE_EVENT must have at least one state transition"
time="2026-08-06T19:17:27Z" level=error msg="Failed to store events for file session_2026-08-06_11-59-17_917219_1/3b94a5ba3d741ac419a7e7718d432deb97d0dc2f77dde0469ccde0f5/job_events/03000000/3b94a5ba3d741ac419a7e7718d432deb97d0dc2f77dde0469ccde0f5-2026-08-06-18-1786042783481825420.jsonl: TASK_LIFECYCLE_EVENT must have at least one state transition"
time="2026-08-06T19:17:27Z" level=error msg="Failed to store events for file session_2026-08-06_11-59-17_917219_1/3b94a5ba3d741ac419a7e7718d432deb97d0dc2f77dde0469ccde0f5/job_events/03000000/3b94a5ba3d741ac419a7e7718d432deb97d0dc2f77dde0469ccde0f5-2026-08-06-18-1786042783481825420.jsonl: TASK_LIFECYCLE_EVENT must have at least one state transition"
time="2026-08-06T19:17:28Z" level=error msg="Failed to store events for file session_2026-08-06_11-59-17_917219_1/3b94a5ba3d741ac419a7e7718d432deb97d0dc2f77dde0469ccde0f5/job_events/03000000/3b94a5ba3d741ac419a7e7718d432deb97d0dc2f77dde0469ccde0f5-2026-08-06-18-1786042783481825420.jsonl: TASK_LIFECYCLE_EVENT must have at least one state transition"
time="2026-08-06T19:17:28Z" level=error msg="Failed to store events for file session_2026-08-06_11-59-17_917219_1/3b94a5ba3d741ac419a7e7718d432deb97d0dc2f77dde0469ccde0f5/job_events/03000000/3b94a5ba3d741ac419a7e7718d432deb97d0dc2f77dde0469ccde0f5-2026-08-06-18-1786042783481825420.jsonl: TASK_LIFECYCLE_EVENT must have at least one state transition"
time="2026-08-06T19:17:29Z" level=error msg="Failed to store events for file session_2026-08-06_11-59-17_917219_1/3b94a5ba3d741ac419a7e7718d432deb97d0dc2f77dde0469ccde0f5/job_events/03000000/3b94a5ba3d741ac419a7e7718d432deb97d0dc2f77dde0469ccde0f5-2026-08-06-18-1786042783481825420.jsonl: TASK_LIFECYCLE_EVENT must have at least one state transition"
time="2026-08-06T19:17:30Z" level=error msg="Failed to store events for file session_2026-08-06_11-59-17_917219_1/3b94a5ba3d741ac419a7e7718d432deb97d0dc2f77dde0469ccde0f5/job_events/03000000/3b94a5ba3d741ac419a7e7718d432deb97d0dc2f77dde0469ccde0f5-2026-08-06-18-1786042783481825420.jsonl: TASK_LIFECYCLE_EVENT must have at least one state transition"
time="2026-08-06T19:17:30Z" level=error msg="Failed to store events for file session_2026-08-06_11-59-17_917219_1/3b94a5ba3d741ac419a7e7718d432deb97d0dc2f77dde0469ccde0f5/job_events/03000000/3b94a5ba3d741ac419a7e7718d432deb97d0dc2f77dde0469ccde0f5-2026-08-06-18-1786042783481825420.jsonl: TASK_LIFECYCLE_EVENT must have at least one state transition"
time="2026-08-06T19:17:30Z" level=error msg="Failed to store events for file session_2026-08-06_11-59-17_917219_1/3b94a5ba3d741ac419a7e7718d432deb97d0dc2f77dde0469ccde0f5/job_events/03000000/3b94a5ba3d741ac419a7e7718d432deb97d0dc2f77dde0469ccde0f5-2026-08-06-18-1786042783481825420.jsonl: TASK_LIFECYCLE_EVENT must have at least one state transition"
time="2026-08-06T19:17:30Z" level=error msg="Failed to store events for file session_2026-08-06_11-59-17_917219_1/3b94a5ba3d741ac419a7e7718d432deb97d0dc2f77dde0469ccde0f5/job_events/03000000/3b94a5ba3d741ac419a7e7718d432deb97d0dc2f77dde0469ccde0f5-2026-08-06-18-1786042783481825420.jsonl: TASK_LIFECYCLE_EVENT must have at least one state transition"
time="2026-08-06T19:17:31Z" level=error msg="Failed to store events for file session_2026-08-06_11-59-17_917219_1/3b94a5ba3d741ac419a7e7718d432deb97d0dc2f77dde0469ccde0f5/job_events/03000000/3b94a5ba3d741ac419a7e7718d432deb97d0dc2f77dde0469ccde0f5-2026-08-06-18-1786042783481825420.jsonl: TASK_LIFECYCLE_EVENT must have at least one state transition"
time="2026-08-06T19:17:34Z" level=error msg="Failed to store events for file session_2026-08-06_11-59-17_917219_1/3b94a5ba3d741ac419a7e7718d432deb97d0dc2f77dde0469ccde0f5/job_events/03000000/3b94a5ba3d741ac419a7e7718d432deb97d0dc2f77dde0469ccde0f5-2026-08-06-18-1786042783481825420.jsonl: TASK_LIFECYCLE_EVENT must have at least one state transition"
time="2026-08-06T19:17:35Z" level=error msg="Failed to store events for file session_2026-08-06_11-59-17_917219_1/3b94a5ba3d741ac419a7e7718d432deb97d0dc2f77dde0469ccde0f5/job_events/03000000/3b94a5ba3d741ac419a7e7718d432deb97d0dc2f77dde0469ccde0f5-2026-08-06-18-1786042783481825420.jsonl: TASK_LIFECYCLE_EVENT must have at least one state transition"
time="2026-08-06T19:17:35Z" level=error msg="Failed to store events for file session_2026-08-06_11-59-17_917219_1/3b94a5ba3d741ac419a7e7718d432deb97d0dc2f77dde0469ccde0f5/job_events/03000000/3b94a5ba3d741ac419a7e7718d432deb97d0dc2f77dde0469ccde0f5-2026-08-06-18-1786042783481825420.jsonl: TASK_LIFECYCLE_EVENT must have at least one state transition"
gc 20 @989.804s 1%: 0.35+4194+0.10 ms clock, 0.70+0.72/2107/2684+0.21 ms cpu, 3286->3311->519 MB, 3385 MB goal, 0 MB stacks, 0 MB globals, 2 P
time="2026-08-06T19:17:36Z" level=error msg="Failed to store events for file session_2026-08-06_11-59-17_917219_1/3b94a5ba3d741ac419a7e7718d432deb97d0dc2f77dde0469ccde0f5/job_events/03000000/3b94a5ba3d741ac419a7e7718d432deb97d0dc2f77dde0469ccde0f5-2026-08-06-18-1786042783481825420.jsonl: TASK_LIFECYCLE_EVENT must have at least one state transition"
time="2026-08-06T19:17:37Z" level=error msg="Failed to store events for file session_2026-08-06_11-59-17_917219_1/3b94a5ba3d741ac419a7e7718d432deb97d0dc2f77dde0469ccde0f5/job_events/03000000/3b94a5ba3d741ac419a7e7718d432deb97d0dc2f77dde0469ccde0f5-2026-08-06-18-1786042783481825420.jsonl: TASK_LIFECYCLE_EVENT must have at least one state transition"
time="2026-08-06T19:17:37Z" level=error msg="Failed to store events for file session_2026-08-06_11-59-17_917219_1/3b94a5ba3d741ac419a7e7718d432deb97d0dc2f77dde0469ccde0f5/job_events/03000000/3b94a5ba3d741ac419a7e7718d432deb97d0dc2f77dde0469ccde0f5-2026-08-06-18-1786042783481825420.jsonl: TASK_LIFECYCLE_EVENT must have at least one state transition"
time="2026-08-06T19:17:38Z" level=error msg="Failed to store events for file session_2026-08-06_11-59-17_917219_1/3b94a5ba3d741ac419a7e7718d432deb97d0dc2f77dde0469ccde0f5/job_events/03000000/3b94a5ba3d741ac419a7e7718d432deb97d0dc2f77dde0469ccde0f5-2026-08-06-18-1786042783481825420.jsonl: TASK_LIFECYCLE_EVENT must have at least one state transition"
time="2026-08-06T19:17:38Z" level=error msg="Failed to store events for file session_2026-08-06_11-59-17_917219_1/3b94a5ba3d741ac419a7e7718d432deb97d0dc2f77dde0469ccde0f5/job_events/03000000/3b94a5ba3d741ac419a7e7718d432deb97d0dc2f77dde0469ccde0f5-2026-08-06-18-1786042783481825420.jsonl: TASK_LIFECYCLE_EVENT must have at least one state transition"
time="2026-08-06T19:17:39Z" level=error msg="Failed to store events for file session_2026-08-06_11-59-17_917219_1/3b94a5ba3d741ac419a7e7718d432deb97d0dc2f77dde0469ccde0f5/job_events/03000000/3b94a5ba3d741ac419a7e7718d432deb97d0dc2f77dde0469ccde0f5-2026-08-06-18-1786042783481825420.jsonl: TASK_LIFECYCLE_EVENT must have at least one state transition"
time="2026-08-06T19:17:39Z" level=error msg="Failed to store events for file session_2026-08-06_11-59-17_917219_1/3b94a5ba3d741ac419a7e7718d432deb97d0dc2f77dde0469ccde0f5/job_events/03000000/3b94a5ba3d741ac419a7e7718d432deb97d0dc2f77dde0469ccde0f5-2026-08-06-18-1786042783481825420.jsonl: TASK_LIFECYCLE_EVENT must have at least one state transition"
time="2026-08-06T19:17:39Z" level=error msg="Failed to store events for file session_2026-08-06_11-59-17_917219_1/3b94a5ba3d741ac419a7e7718d432deb97d0dc2f77dde0469ccde0f5/job_events/03000000/3b94a5ba3d741ac419a7e7718d432deb97d0dc2f77dde0469ccde0f5-2026-08-06-18-1786042783481825420.jsonl: TASK_LIFECYCLE_EVENT must have at least one state transition"
time="2026-08-06T19:17:39Z" level=error msg="Failed to store events for file session_2026-08-06_11-59-17_917219_1/3b94a5ba3d741ac419a7e7718d432deb97d0dc2f77dde0469ccde0f5/job_events/03000000/3b94a5ba3d741ac419a7e7718d432deb97d0dc2f77dde0469ccde0f5-2026-08-06-18-1786042783481825420.jsonl: TASK_LIFECYCLE_EVENT must have at least one state transition"
time="2026-08-06T19:17:40Z" level=error msg="Failed to store events for file session_2026-08-06_11-59-17_917219_1/3b94a5ba3d741ac419a7e7718d432deb97d0dc2f77dde0469ccde0f5/job_events/03000000/3b94a5ba3d741ac419a7e7718d432deb97d0dc2f77dde0469ccde0f5-2026-08-06-18-1786042783481825420.jsonl: TASK_LIFECYCLE_EVENT must have at least one state transition"
time="2026-08-06T19:17:41Z" level=error msg="Failed to store events for file session_2026-08-06_11-59-17_917219_1/3b94a5ba3d741ac419a7e7718d432deb97d0dc2f77dde0469ccde0f5/job_events/03000000/3b94a5ba3d741ac419a7e7718d432deb97d0dc2f77dde0469ccde0f5-2026-08-06-18-1786042783481825420.jsonl: TASK_LIFECYCLE_EVENT must have at least one state transition"
time="2026-08-06T19:17:41Z" level=error msg="Failed to store events for file session_2026-08-06_11-59-17_917219_1/3b94a5ba3d741ac419a7e7718d432deb97d0dc2f77dde0469ccde0f5/job_events/03000000/3b94a5ba3d741ac419a7e7718d432deb97d0dc2f77dde0469ccde0f5-2026-08-06-18-1786042783481825420.jsonl: TASK_LIFECYCLE_EVENT must have at least one state transition"
time="2026-08-06T19:17:42Z" level=error msg="Failed to store events for file session_2026-08-06_11-59-17_917219_1/3b94a5ba3d741ac419a7e7718d432deb97d0dc2f77dde0469ccde0f5/job_events/03000000/3b94a5ba3d741ac419a7e7718d432deb97d0dc2f77dde0469ccde0f5-2026-08-06-18-1786042783481825420.jsonl: TASK_LIFECYCLE_EVENT must have at least one state transition"
time="2026-08-06T19:17:43Z" level=error msg="Failed to store events for file session_2026-08-06_11-59-17_917219_1/3b94a5ba3d741ac419a7e7718d432deb97d0dc2f77dde0469ccde0f5/job_events/03000000/3b94a5ba3d741ac419a7e7718d432deb97d0dc2f77dde0469ccde0f5-2026-08-06-18-1786042783481825420.jsonl: TASK_LIFECYCLE_EVENT must have at least one state transition"
time="2026-08-06T19:17:45Z" level=error msg="Failed to store events for file session_2026-08-06_11-59-17_917219_1/3b94a5ba3d741ac419a7e7718d432deb97d0dc2f77dde0469ccde0f5/job_events/03000000/3b94a5ba3d741ac419a7e7718d432deb97d0dc2f77dde0469ccde0f5-2026-08-06-18-1786042783481825420.jsonl: TASK_LIFECYCLE_EVENT must have at least one state transition"
time="2026-08-06T19:17:45Z" level=error msg="Failed to store events for file session_2026-08-06_11-59-17_917219_1/3b94a5ba3d741ac419a7e7718d432deb97d0dc2f77dde0469ccde0f5/job_events/03000000/3b94a5ba3d741ac419a7e7718d432deb97d0dc2f77dde0469ccde0f5-2026-08-06-18-1786042783481825420.jsonl: TASK_LIFECYCLE_EVENT must have at least one state transition"
time="2026-08-06T19:17:45Z" level=error msg="Failed to store events for file session_2026-08-06_11-59-17_917219_1/3b94a5ba3d741ac419a7e7718d432deb97d0dc2f77dde0469ccde0f5/job_events/03000000/3b94a5ba3d741ac419a7e7718d432deb97d0dc2f77dde0469ccde0f5-2026-08-06-18-1786042783481825420.jsonl: TASK_LIFECYCLE_EVENT must have at least one state transition"
time="2026-08-06T19:17:45Z" level=error msg="Failed to store events for file session_2026-08-06_11-59-17_917219_1/3b94a5ba3d741ac419a7e7718d432deb97d0dc2f77dde0469ccde0f5/job_events/03000000/3b94a5ba3d741ac419a7e7718d432deb97d0dc2f77dde0469ccde0f5-2026-08-06-18-1786042783481825420.jsonl: TASK_LIFECYCLE_EVENT must have at least one state transition"
time="2026-08-06T19:17:45Z" level=error msg="Failed to store events for file session_2026-08-06_11-59-17_917219_1/3b94a5ba3d741ac419a7e7718d432deb97d0dc2f77dde0469ccde0f5/job_events/03000000/3b94a5ba3d741ac419a7e7718d432deb97d0dc2f77dde0469ccde0f5-2026-08-06-18-1786042783481825420.jsonl: TASK_LIFECYCLE_EVENT must have at least one state transition"
time="2026-08-06T19:17:46Z" level=error msg="Failed to store events for file session_2026-08-06_11-59-17_917219_1/3b94a5ba3d741ac419a7e7718d432deb97d0dc2f77dde0469ccde0f5/job_events/03000000/3b94a5ba3d741ac419a7e7718d432deb97d0dc2f77dde0469ccde0f5-2026-08-06-18-1786042783481825420.jsonl: TASK_LIFECYCLE_EVENT must have at least one state transition"
time="2026-08-06T19:17:46Z" level=error msg="Failed to store events for file session_2026-08-06_11-59-17_917219_1/3b94a5ba3d741ac419a7e7718d432deb97d0dc2f77dde0469ccde0f5/job_events/03000000/3b94a5ba3d741ac419a7e7718d432deb97d0dc2f77dde0469ccde0f5-2026-08-06-18-1786042783481825420.jsonl: TASK_LIFECYCLE_EVENT must have at least one state transition"
time="2026-08-06T19:17:47Z" level=error msg="Failed to store events for file session_2026-08-06_11-59-17_917219_1/3b94a5ba3d741ac419a7e7718d432deb97d0dc2f77dde0469ccde0f5/job_events/03000000/3b94a5ba3d741ac419a7e7718d432deb97d0dc2f77dde0469ccde0f5-2026-08-06-18-1786042783481825420.jsonl: TASK_LIFECYCLE_EVENT must have at least one state transition"
time="2026-08-06T19:17:47Z" level=error msg="Failed to store events for file session_2026-08-06_11-59-17_917219_1/3b94a5ba3d741ac419a7e7718d432deb97d0dc2f77dde0469ccde0f5/job_events/03000000/3b94a5ba3d741ac419a7e7718d432deb97d0dc2f77dde0469ccde0f5-2026-08-06-18-1786042783481825420.jsonl: TASK_LIFECYCLE_EVENT must have at least one state transition"
time="2026-08-06T19:17:47Z" level=error msg="Failed to store events for file session_2026-08-06_11-59-17_917219_1/3b94a5ba3d741ac419a7e7718d432deb97d0dc2f77dde0469ccde0f5/job_events/03000000/3b94a5ba3d741ac419a7e7718d432deb97d0dc2f77dde0469ccde0f5-2026-08-06-18-1786042783481825420.jsonl: TASK_LIFECYCLE_EVENT must have at least one state transition"
time="2026-08-06T19:17:48Z" level=error msg="Failed to store events for file session_2026-08-06_11-59-17_917219_1/3b94a5ba3d741ac419a7e7718d432deb97d0dc2f77dde0469ccde0f5/job_events/03000000/3b94a5ba3d741ac419a7e7718d432deb97d0dc2f77dde0469ccde0f5-2026-08-06-18-1786042783481825420.jsonl: TASK_LIFECYCLE_EVENT must have at least one state transition"
time="2026-08-06T19:17:48Z" level=info msg="Prepare to get object log/cluster-history/raycluster/test-ns-4zz46/raycluster-historyserver/session_2026-08-06_11-59-17_917219_1/3b94a5ba3d741ac419a7e7718d432deb97d0dc2f77dde0469ccde0f5/job_events/03000000/3b94a5ba3d741ac419a7e7718d432deb97d0dc2f77dde0469ccde0f5-2026-08-06-19-1786042831439945512.jsonl info ..."
time="2026-08-06T19:17:50Z" level=error msg="Failed to store events for file session_2026-08-06_11-59-17_917219_1/3b94a5ba3d741ac419a7e7718d432deb97d0dc2f77dde0469ccde0f5/job_events/03000000/3b94a5ba3d741ac419a7e7718d432deb97d0dc2f77dde0469ccde0f5-2026-08-06-19-1786042831439945512.jsonl: TASK_LIFECYCLE_EVENT must have at least one state transition"
time="2026-08-06T19:17:51Z" level=error msg="Failed to store events for file session_2026-08-06_11-59-17_917219_1/3b94a5ba3d741ac419a7e7718d432deb97d0dc2f77dde0469ccde0f5/job_events/03000000/3b94a5ba3d741ac419a7e7718d432deb97d0dc2f77dde0469ccde0f5-2026-08-06-19-1786042831439945512.jsonl: TASK_LIFECYCLE_EVENT must have at least one state transition"
time="2026-08-06T19:17:51Z" level=error msg="Failed to store events for file session_2026-08-06_11-59-17_917219_1/3b94a5ba3d741ac419a7e7718d432deb97d0dc2f77dde0469ccde0f5/job_events/03000000/3b94a5ba3d741ac419a7e7718d432deb97d0dc2f77dde0469ccde0f5-2026-08-06-19-1786042831439945512.jsonl: TASK_LIFECYCLE_EVENT must have at least one state transition"
time="2026-08-06T19:17:51Z" level=error msg="Failed to store events for file session_2026-08-06_11-59-17_917219_1/3b94a5ba3d741ac419a7e7718d432deb97d0dc2f77dde0469ccde0f5/job_events/03000000/3b94a5ba3d741ac419a7e7718d432deb97d0dc2f77dde0469ccde0f5-2026-08-06-19-1786042831439945512.jsonl: TASK_LIFECYCLE_EVENT must have at least one state transition"
time="2026-08-06T19:17:51Z" level=error msg="Failed to store events for file session_2026-08-06_11-59-17_917219_1/3b94a5ba3d741ac419a7e7718d432deb97d0dc2f77dde0469ccde0f5/job_events/03000000/3b94a5ba3d741ac419a7e7718d432deb97d0dc2f77dde0469ccde0f5-2026-08-06-19-1786042831439945512.jsonl: TASK_LIFECYCLE_EVENT must have at least one state transition"
time="2026-08-06T19:17:51Z" level=info msg="Prepare to get object log/cluster-history/raycluster/test-ns-4zz46/raycluster-historyserver/session_2026-08-06_11-59-17_917219_1/ce2ef96af9711ffcdda1d27dbe75784897675832656bc6b7b1fa9be8/job_events/01000000/ce2ef96af9711ffcdda1d27dbe75784897675832656bc6b7b1fa9be8-2026-08-06-18-1786042763251598175.jsonl info ..."
time="2026-08-06T19:17:51Z" level=info msg="Prepare to get object log/cluster-history/raycluster/test-ns-4zz46/raycluster-historyserver/session_2026-08-06_11-59-17_917219_1/ce2ef96af9711ffcdda1d27dbe75784897675832656bc6b7b1fa9be8/job_events/02000000/ce2ef96af9711ffcdda1d27dbe75784897675832656bc6b7b1fa9be8-2026-08-06-18-1786042780492624044.jsonl info ..."
time="2026-08-06T19:17:51Z" level=info msg="Prepare to get object log/cluster-history/raycluster/test-ns-4zz46/raycluster-historyserver/session_2026-08-06_11-59-17_917219_1/ce2ef96af9711ffcdda1d27dbe75784897675832656bc6b7b1fa9be8/job_events/03000000/ce2ef96af9711ffcdda1d27dbe75784897675832656bc6b7b1fa9be8-2026-08-06-18-1786042781491851669.jsonl info ..."
time="2026-08-06T19:17:59Z" level=error msg="Failed to load session test-ns-4zz46/raycluster-historyserver/session_2026-08-06_11-59-17_917219_1: context canceled"
time="2026-08-06T19:18:08Z" level=info msg="Received request: GET /enter_cluster/test-ns-4zz46/raycluster/raycluster-historyserver/session_2026-08-06_11-59-17_917219_1"
time="2026-08-06T19:18:08Z" level=info msg="[List]Returned objects in log/cluster-metadata/. length of page.Contents: 2, length of page.CommonPrefixes: 0"
time="2026-08-06T19:18:08Z" level=error msg="Failed to parse meta file path: log/cluster-metadata/raycluster/test-ns-4zz46_raycluster-historyserver/, error: invalid path segment count for cluster metadata structure: log/cluster-metadata/raycluster/test-ns-4zz46_raycluster-historyserver/"
time="2026-08-06T19:18:08Z" level=info msg="Parsed cluster raycluster-historyserver for session session_2026-08-06_11-59-17_917219_1 to list"
gc 21 @1051.329s 1%: 0.36+6895+0.085 ms clock, 0.73+0.61/3496/4151+0.17 ms cpu, 2527->2563->708 MB, 2600 MB goal, 0 MB stacks, 0 MB globals, 2 P
time="2026-08-06T19:18:48Z" level=info msg="Prepare to get object log/cluster-history/raycluster/test-ns-4zz46/raycluster-historyserver/session_2026-08-06_11-59-17_917219_1/ce2ef96af9711ffcdda1d27dbe75784897675832656bc6b7b1fa9be8/job_events/03000000/ce2ef96af9711ffcdda1d27dbe75784897675832656bc6b7b1fa9be8-2026-08-06-19-1786042823473666134.jsonl info ..."
time="2026-08-06T19:19:09Z" level=error msg="Failed to load session test-ns-4zz46/raycluster-historyserver/session_2026-08-06_11-59-17_917219_1: context canceled"
time="2026-08-06T19:19:18Z" level=info msg="Received request: GET /enter_cluster/test-ns-4zz46/raycluster/raycluster-historyserver/session_2026-08-06_11-59-17_917219_1"
time="2026-08-06T19:19:18Z" level=info msg="[List]Returned objects in log/cluster-metadata/. length of page.Contents: 2, length of page.CommonPrefixes: 0"
time="2026-08-06T19:19:18Z" level=error msg="Failed to parse meta file path: log/cluster-metadata/raycluster/test-ns-4zz46_raycluster-historyserver/, error: invalid path segment count for cluster metadata structure: log/cluster-metadata/raycluster/test-ns-4zz46_raycluster-historyserver/"
time="2026-08-06T19:19:18Z" level=info msg="Parsed cluster raycluster-historyserver for session session_2026-08-06_11-59-17_917219_1 to list"
time="2026-08-06T19:19:18Z" level=info msg="[ListFiles]Returned objects in log/cluster-history/raycluster/test-ns-4zz46/raycluster-historyserver/session_2026-08-06_11-59-17_917219_1/. length of page.Contents: 0, length of page.CommonPrefixes: 3"
time="2026-08-06T19:19:18Z" level=info msg="[ListFiles]Returned objects in log/cluster-history/raycluster/test-ns-4zz46/raycluster-historyserver/session_2026-08-06_11-59-17_917219_1/3b94a5ba3d741ac419a7e7718d432deb97d0dc2f77dde0469ccde0f5/logs/events/. length of page.Contents: 13, length of page.CommonPrefixes: 0"
time="2026-08-06T19:19:18Z" level=info msg="Prepare to get object log/cluster-history/raycluster/test-ns-4zz46/raycluster-historyserver/session_2026-08-06_11-59-17_917219_1/3b94a5ba3d741ac419a7e7718d432deb97d0dc2f77dde0469ccde0f5/logs/events/event_CORE_WORKER_228.log info ..."
time="2026-08-06T19:19:18Z" level=info msg="Prepare to get object log/cluster-history/raycluster/test-ns-4zz46/raycluster-historyserver/session_2026-08-06_11-59-17_917219_1/3b94a5ba3d741ac419a7e7718d432deb97d0dc2f77dde0469ccde0f5/logs/events/event_CORE_WORKER_229.log info ..."
time="2026-08-06T19:19:18Z" level=info msg="Prepare to get object log/cluster-history/raycluster/test-ns-4zz46/raycluster-historyserver/session_2026-08-06_11-59-17_917219_1/3b94a5ba3d741ac419a7e7718d432deb97d0dc2f77dde0469ccde0f5/logs/events/event_CORE_WORKER_321.log info ..."
time="2026-08-06T19:19:18Z" level=info msg="Prepare to get object log/cluster-history/raycluster/test-ns-4zz46/raycluster-historyserver/session_2026-08-06_11-59-17_917219_1/3b94a5ba3d741ac419a7e7718d432deb97d0dc2f77dde0469ccde0f5/logs/events/event_CORE_WORKER_325.log info ..."
time="2026-08-06T19:19:18Z" level=info msg="Prepare to get object log/cluster-history/raycluster/test-ns-4zz46/raycluster-historyserver/session_2026-08-06_11-59-17_917219_1/3b94a5ba3d741ac419a7e7718d432deb97d0dc2f77dde0469ccde0f5/logs/events/event_CORE_WORKER_399.log info ..."
time="2026-08-06T19:19:18Z" level=info msg="Prepare to get object log/cluster-history/raycluster/test-ns-4zz46/raycluster-historyserver/session_2026-08-06_11-59-17_917219_1/3b94a5ba3d741ac419a7e7718d432deb97d0dc2f77dde0469ccde0f5/logs/events/event_CORE_WORKER_419.log info ..."
time="2026-08-06T19:19:18Z" level=info msg="Prepare to get object log/cluster-history/raycluster/test-ns-4zz46/raycluster-historyserver/session_2026-08-06_11-59-17_917219_1/3b94a5ba3d741ac419a7e7718d432deb97d0dc2f77dde0469ccde0f5/logs/events/event_CORE_WORKER_492.log info ..."
time="2026-08-06T19:19:18Z" level=info msg="Prepare to get object log/cluster-history/raycluster/test-ns-4zz46/raycluster-historyserver/session_2026-08-06_11-59-17_917219_1/3b94a5ba3d741ac419a7e7718d432deb97d0dc2f77dde0469ccde0f5/logs/events/event_CORE_WORKER_513.log info ..."
time="2026-08-06T19:19:18Z" level=info msg="Prepare to get object log/cluster-history/raycluster/test-ns-4zz46/raycluster-historyserver/session_2026-08-06_11-59-17_917219_1/3b94a5ba3d741ac419a7e7718d432deb97d0dc2f77dde0469ccde0f5/logs/events/event_CORE_WORKER_591.log info ..."
time="2026-08-06T19:19:18Z" level=info msg="Prepare to get object log/cluster-history/raycluster/test-ns-4zz46/raycluster-historyserver/session_2026-08-06_11-59-17_917219_1/3b94a5ba3d741ac419a7e7718d432deb97d0dc2f77dde0469ccde0f5/logs/events/event_CORE_WORKER_609.log info ..."
time="2026-08-06T19:19:18Z" level=info msg="Prepare to get object log/cluster-history/raycluster/test-ns-4zz46/raycluster-historyserver/session_2026-08-06_11-59-17_917219_1/3b94a5ba3d741ac419a7e7718d432deb97d0dc2f77dde0469ccde0f5/logs/events/event_CORE_WORKER_697.log info ..."
time="2026-08-06T19:19:18Z" level=info msg="Prepare to get object log/cluster-history/raycluster/test-ns-4zz46/raycluster-historyserver/session_2026-08-06_11-59-17_917219_1/3b94a5ba3d741ac419a7e7718d432deb97d0dc2f77dde0469ccde0f5/logs/events/event_RAYLET.log info ..."
time="2026-08-06T19:19:18Z" level=info msg="[ListFiles]Returned objects in log/cluster-history/raycluster/test-ns-4zz46/raycluster-historyserver/session_2026-08-06_11-59-17_917219_1/ce2ef96af9711ffcdda1d27dbe75784897675832656bc6b7b1fa9be8/logs/events/. length of page.Contents: 11, length of page.CommonPrefixes: 0"
time="2026-08-06T19:19:18Z" level=info msg="Prepare to get object log/cluster-history/raycluster/test-ns-4zz46/raycluster-historyserver/session_2026-08-06_11-59-17_917219_1/ce2ef96af9711ffcdda1d27dbe75784897675832656bc6b7b1fa9be8/logs/events/event_AUTOSCALER.log info ..."
time="2026-08-06T19:19:18Z" level=info msg="Prepare to get object log/cluster-history/raycluster/test-ns-4zz46/raycluster-historyserver/session_2026-08-06_11-59-17_917219_1/ce2ef96af9711ffcdda1d27dbe75784897675832656bc6b7b1fa9be8/logs/events/event_CORE_WORKER_1020.log info ..."
time="2026-08-06T19:19:18Z" level=info msg="Prepare to get object log/cluster-history/raycluster/test-ns-4zz46/raycluster-historyserver/session_2026-08-06_11-59-17_917219_1/ce2ef96af9711ffcdda1d27dbe75784897675832656bc6b7b1fa9be8/logs/events/event_CORE_WORKER_1176.log info ..."
time="2026-08-06T19:19:18Z" level=info msg="Prepare to get object log/cluster-history/raycluster/test-ns-4zz46/raycluster-historyserver/session_2026-08-06_11-59-17_917219_1/ce2ef96af9711ffcdda1d27dbe75784897675832656bc6b7b1fa9be8/logs/events/event_CORE_WORKER_201.log info ..."
time="2026-08-06T19:19:18Z" level=info msg="Prepare to get object log/cluster-history/raycluster/test-ns-4zz46/raycluster-historyserver/session_2026-08-06_11-59-17_917219_1/ce2ef96af9711ffcdda1d27dbe75784897675832656bc6b7b1fa9be8/logs/events/event_CORE_WORKER_206.log info ..."
time="2026-08-06T19:19:18Z" level=info msg="Prepare to get object log/cluster-history/raycluster/test-ns-4zz46/raycluster-historyserver/session_2026-08-06_11-59-17_917219_1/ce2ef96af9711ffcdda1d27dbe75784897675832656bc6b7b1fa9be8/logs/events/event_CORE_WORKER_680.log info ..."
time="2026-08-06T19:19:18Z" level=info msg="Prepare to get object log/cluster-history/raycluster/test-ns-4zz46/raycluster-historyserver/session_2026-08-06_11-59-17_917219_1/ce2ef96af9711ffcdda1d27dbe75784897675832656bc6b7b1fa9be8/logs/events/event_CORE_WORKER_963.log info ..."
time="2026-08-06T19:19:18Z" level=info msg="Prepare to get object log/cluster-history/raycluster/test-ns-4zz46/raycluster-historyserver/session_2026-08-06_11-59-17_917219_1/ce2ef96af9711ffcdda1d27dbe75784897675832656bc6b7b1fa9be8/logs/events/event_GCS.log info ..."
time="2026-08-06T19:19:18Z" level=info msg="Prepare to get object log/cluster-history/raycluster/test-ns-4zz46/raycluster-historyserver/session_2026-08-06_11-59-17_917219_1/ce2ef96af9711ffcdda1d27dbe75784897675832656bc6b7b1fa9be8/logs/events/event_JOBS.log info ..."
time="2026-08-06T19:19:18Z" level=info msg="Prepare to get object log/cluster-history/raycluster/test-ns-4zz46/raycluster-historyserver/session_2026-08-06_11-59-17_917219_1/ce2ef96af9711ffcdda1d27dbe75784897675832656bc6b7b1fa9be8/logs/events/event_RAYLET.log info ..."
time="2026-08-06T19:19:18Z" level=info msg="[ListFiles]Returned objects in log/cluster-history/raycluster/test-ns-4zz46/raycluster-historyserver/session_2026-08-06_11-59-17_917219_1/fetched_endpoints/logs/events/. length of page.Contents: 0, length of page.CommonPrefixes: 0"
time="2026-08-06T19:19:18Z" level=info msg="[ListFiles]Returned objects in log/cluster-history/raycluster/test-ns-4zz46/raycluster-historyserver/session_2026-08-06_11-59-17_917219_1/. length of page.Contents: 0, length of page.CommonPrefixes: 3"
time="2026-08-06T19:19:18Z" level=info msg="[ListFiles]Returned objects in log/cluster-history/raycluster/test-ns-4zz46/raycluster-historyserver/session_2026-08-06_11-59-17_917219_1/3b94a5ba3d741ac419a7e7718d432deb97d0dc2f77dde0469ccde0f5/job_events/. length of page.Contents: 0, length of page.CommonPrefixes: 1"
time="2026-08-06T19:19:18Z" level=info msg="[ListFiles]Returned objects in log/cluster-history/raycluster/test-ns-4zz46/raycluster-historyserver/session_2026-08-06_11-59-17_917219_1/3b94a5ba3d741ac419a7e7718d432deb97d0dc2f77dde0469ccde0f5/job_events/03000000/. length of page.Contents: 3, length of page.CommonPrefixes: 0"
time="2026-08-06T19:19:18Z" level=info msg="[ListFiles]Returned objects in log/cluster-history/raycluster/test-ns-4zz46/raycluster-historyserver/session_2026-08-06_11-59-17_917219_1/ce2ef96af9711ffcdda1d27dbe75784897675832656bc6b7b1fa9be8/job_events/. length of page.Contents: 0, length of page.CommonPrefixes: 4"
time="2026-08-06T19:19:18Z" level=info msg="[ListFiles]Returned objects in log/cluster-history/raycluster/test-ns-4zz46/raycluster-historyserver/session_2026-08-06_11-59-17_917219_1/ce2ef96af9711ffcdda1d27dbe75784897675832656bc6b7b1fa9be8/job_events/01000000/. length of page.Contents: 2, length of page.CommonPrefixes: 0"
time="2026-08-06T19:19:18Z" level=info msg="[ListFiles]Returned objects in log/cluster-history/raycluster/test-ns-4zz46/raycluster-historyserver/session_2026-08-06_11-59-17_917219_1/ce2ef96af9711ffcdda1d27dbe75784897675832656bc6b7b1fa9be8/job_events/02000000/. length of page.Contents: 2, length of page.CommonPrefixes: 0"
time="2026-08-06T19:19:18Z" level=info msg="[ListFiles]Returned objects in log/cluster-history/raycluster/test-ns-4zz46/raycluster-historyserver/session_2026-08-06_11-59-17_917219_1/ce2ef96af9711ffcdda1d27dbe75784897675832656bc6b7b1fa9be8/job_events/03000000/. length of page.Contents: 3, length of page.CommonPrefixes: 0"
time="2026-08-06T19:19:18Z" level=info msg="[ListFiles]Returned objects in log/cluster-history/raycluster/test-ns-4zz46/raycluster-historyserver/session_2026-08-06_11-59-17_917219_1/ce2ef96af9711ffcdda1d27dbe75784897675832656bc6b7b1fa9be8/job_events/04000000/. length of page.Contents: 2, length of page.CommonPrefixes: 0"
time="2026-08-06T19:19:18Z" level=info msg="[ListFiles]Returned objects in log/cluster-history/raycluster/test-ns-4zz46/raycluster-historyserver/session_2026-08-06_11-59-17_917219_1/fetched_endpoints/job_events/. length of page.Contents: 0, length of page.CommonPrefixes: 0"
time="2026-08-06T19:19:18Z" level=info msg="[ListFiles]Returned objects in log/cluster-history/raycluster/test-ns-4zz46/raycluster-historyserver/session_2026-08-06_11-59-17_917219_1/. length of page.Contents: 0, length of page.CommonPrefixes: 3"
time="2026-08-06T19:19:18Z" level=info msg="[ListFiles]Returned objects in log/cluster-history/raycluster/test-ns-4zz46/raycluster-historyserver/session_2026-08-06_11-59-17_917219_1/3b94a5ba3d741ac419a7e7718d432deb97d0dc2f77dde0469ccde0f5/node_events/. length of page.Contents: 0, length of page.CommonPrefixes: 0"
time="2026-08-06T19:19:18Z" level=info msg="[ListFiles]Returned objects in log/cluster-history/raycluster/test-ns-4zz46/raycluster-historyserver/session_2026-08-06_11-59-17_917219_1/ce2ef96af9711ffcdda1d27dbe75784897675832656bc6b7b1fa9be8/node_events/. length of page.Contents: 2, length of page.CommonPrefixes: 0"
time="2026-08-06T19:19:18Z" level=info msg="[ListFiles]Returned objects in log/cluster-history/raycluster/test-ns-4zz46/raycluster-historyserver/session_2026-08-06_11-59-17_917219_1/fetched_endpoints/node_events/. length of page.Contents: 0, length of page.CommonPrefixes: 0"
time="2026-08-06T19:19:18Z" level=info msg="Prepare to get object log/cluster-history/raycluster/test-ns-4zz46/raycluster-historyserver/session_2026-08-06_11-59-17_917219_1/3b94a5ba3d741ac419a7e7718d432deb97d0dc2f77dde0469ccde0f5/job_events/03000000/3b94a5ba3d741ac419a7e7718d432deb97d0dc2f77dde0469ccde0f5-2026-08-06-18-1786042783481825420.jsonl info ..."
time="2026-08-06T19:19:40Z" level=error msg="Failed to store events for file session_2026-08-06_11-59-17_917219_1/3b94a5ba3d741ac419a7e7718d432deb97d0dc2f77dde0469ccde0f5/job_events/03000000/3b94a5ba3d741ac419a7e7718d432deb97d0dc2f77dde0469ccde0f5-2026-08-06-18-1786042783481825420.jsonl: TASK_LIFECYCLE_EVENT must have at least one state transition"
time="2026-08-06T19:19:40Z" level=error msg="Failed to store events for file session_2026-08-06_11-59-17_917219_1/3b94a5ba3d741ac419a7e7718d432deb97d0dc2f77dde0469ccde0f5/job_events/03000000/3b94a5ba3d741ac419a7e7718d432deb97d0dc2f77dde0469ccde0f5-2026-08-06-18-1786042783481825420.jsonl: TASK_LIFECYCLE_EVENT must have at least one state transition"
time="2026-08-06T19:19:41Z" level=error msg="Failed to store events for file session_2026-08-06_11-59-17_917219_1/3b94a5ba3d741ac419a7e7718d432deb97d0dc2f77dde0469ccde0f5/job_events/03000000/3b94a5ba3d741ac419a7e7718d432deb97d0dc2f77dde0469ccde0f5-2026-08-06-18-1786042783481825420.jsonl: TASK_LIFECYCLE_EVENT must have at least one state transition"
time="2026-08-06T19:19:41Z" level=error msg="Failed to store events for file session_2026-08-06_11-59-17_917219_1/3b94a5ba3d741ac419a7e7718d432deb97d0dc2f77dde0469ccde0f5/job_events/03000000/3b94a5ba3d741ac419a7e7718d432deb97d0dc2f77dde0469ccde0f5-2026-08-06-18-1786042783481825420.jsonl: TASK_LIFECYCLE_EVENT must have at least one state transition"
time="2026-08-06T19:19:42Z" level=error msg="Failed to store events for file session_2026-08-06_11-59-17_917219_1/3b94a5ba3d741ac419a7e7718d432deb97d0dc2f77dde0469ccde0f5/job_events/03000000/3b94a5ba3d741ac419a7e7718d432deb97d0dc2f77dde0469ccde0f5-2026-08-06-18-1786042783481825420.jsonl: TASK_LIFECYCLE_EVENT must have at least one state transition"
time="2026-08-06T19:19:43Z" level=error msg="Failed to store events for file session_2026-08-06_11-59-17_917219_1/3b94a5ba3d741ac419a7e7718d432deb97d0dc2f77dde0469ccde0f5/job_events/03000000/3b94a5ba3d741ac419a7e7718d432deb97d0dc2f77dde0469ccde0f5-2026-08-06-18-1786042783481825420.jsonl: TASK_LIFECYCLE_EVENT must have at least one state transition"
time="2026-08-06T19:19:43Z" level=error msg="Failed to store events for file session_2026-08-06_11-59-17_917219_1/3b94a5ba3d741ac419a7e7718d432deb97d0dc2f77dde0469ccde0f5/job_events/03000000/3b94a5ba3d741ac419a7e7718d432deb97d0dc2f77dde0469ccde0f5-2026-08-06-18-1786042783481825420.jsonl: TASK_LIFECYCLE_EVENT must have at least one state transition"
time="2026-08-06T19:19:44Z" level=error msg="Failed to store events for file session_2026-08-06_11-59-17_917219_1/3b94a5ba3d741ac419a7e7718d432deb97d0dc2f77dde0469ccde0f5/job_events/03000000/3b94a5ba3d741ac419a7e7718d432deb97d0dc2f77dde0469ccde0f5-2026-08-06-18-1786042783481825420.jsonl: TASK_LIFECYCLE_EVENT must have at least one state transition"
time="2026-08-06T19:19:44Z" level=error msg="Failed to store events for file session_2026-08-06_11-59-17_917219_1/3b94a5ba3d741ac419a7e7718d432deb97d0dc2f77dde0469ccde0f5/job_events/03000000/3b94a5ba3d741ac419a7e7718d432deb97d0dc2f77dde0469ccde0f5-2026-08-06-18-1786042783481825420.jsonl: TASK_LIFECYCLE_EVENT must have at least one state transition"
time="2026-08-06T19:19:44Z" level=error msg="Failed to store events for file session_2026-08-06_11-59-17_917219_1/3b94a5ba3d741ac419a7e7718d432deb97d0dc2f77dde0469ccde0f5/job_events/03000000/3b94a5ba3d741ac419a7e7718d432deb97d0dc2f77dde0469ccde0f5-2026-08-06-18-1786042783481825420.jsonl: TASK_LIFECYCLE_EVENT must have at least one state transition"
time="2026-08-06T19:19:45Z" level=error msg="Failed to store events for file session_2026-08-06_11-59-17_917219_1/3b94a5ba3d741ac419a7e7718d432deb97d0dc2f77dde0469ccde0f5/job_events/03000000/3b94a5ba3d741ac419a7e7718d432deb97d0dc2f77dde0469ccde0f5-2026-08-06-18-1786042783481825420.jsonl: TASK_LIFECYCLE_EVENT must have at least one state transition"
time="2026-08-06T19:19:45Z" level=error msg="Failed to store events for file session_2026-08-06_11-59-17_917219_1/3b94a5ba3d741ac419a7e7718d432deb97d0dc2f77dde0469ccde0f5/job_events/03000000/3b94a5ba3d741ac419a7e7718d432deb97d0dc2f77dde0469ccde0f5-2026-08-06-18-1786042783481825420.jsonl: TASK_LIFECYCLE_EVENT must have at least one state transition"
time="2026-08-06T19:19:45Z" level=error msg="Failed to store events for file session_2026-08-06_11-59-17_917219_1/3b94a5ba3d741ac419a7e7718d432deb97d0dc2f77dde0469ccde0f5/job_events/03000000/3b94a5ba3d741ac419a7e7718d432deb97d0dc2f77dde0469ccde0f5-2026-08-06-18-1786042783481825420.jsonl: TASK_LIFECYCLE_EVENT must have at least one state transition"
time="2026-08-06T19:19:45Z" level=error msg="Failed to store events for file session_2026-08-06_11-59-17_917219_1/3b94a5ba3d741ac419a7e7718d432deb97d0dc2f77dde0469ccde0f5/job_events/03000000/3b94a5ba3d741ac419a7e7718d432deb97d0dc2f77dde0469ccde0f5-2026-08-06-18-1786042783481825420.jsonl: TASK_LIFECYCLE_EVENT must have at least one state transition"
time="2026-08-06T19:19:46Z" level=error msg="Failed to store events for file session_2026-08-06_11-59-17_917219_1/3b94a5ba3d741ac419a7e7718d432deb97d0dc2f77dde0469ccde0f5/job_events/03000000/3b94a5ba3d741ac419a7e7718d432deb97d0dc2f77dde0469ccde0f5-2026-08-06-18-1786042783481825420.jsonl: TASK_LIFECYCLE_EVENT must have at least one state transition"
time="2026-08-06T19:19:46Z" level=error msg="Failed to store events for file session_2026-08-06_11-59-17_917219_1/3b94a5ba3d741ac419a7e7718d432deb97d0dc2f77dde0469ccde0f5/job_events/03000000/3b94a5ba3d741ac419a7e7718d432deb97d0dc2f77dde0469ccde0f5-2026-08-06-18-1786042783481825420.jsonl: TASK_LIFECYCLE_EVENT must have at least one state transition"
time="2026-08-06T19:19:47Z" level=error msg="Failed to store events for file session_2026-08-06_11-59-17_917219_1/3b94a5ba3d741ac419a7e7718d432deb97d0dc2f77dde0469ccde0f5/job_events/03000000/3b94a5ba3d741ac419a7e7718d432deb97d0dc2f77dde0469ccde0f5-2026-08-06-18-1786042783481825420.jsonl: TASK_LIFECYCLE_EVENT must have at least one state transition"
time="2026-08-06T19:19:47Z" level=error msg="Failed to store events for file session_2026-08-06_11-59-17_917219_1/3b94a5ba3d741ac419a7e7718d432deb97d0dc2f77dde0469ccde0f5/job_events/03000000/3b94a5ba3d741ac419a7e7718d432deb97d0dc2f77dde0469ccde0f5-2026-08-06-18-1786042783481825420.jsonl: TASK_LIFECYCLE_EVENT must have at least one state transition"
time="2026-08-06T19:19:47Z" level=error msg="Failed to store events for file session_2026-08-06_11-59-17_917219_1/3b94a5ba3d741ac419a7e7718d432deb97d0dc2f77dde0469ccde0f5/job_events/03000000/3b94a5ba3d741ac419a7e7718d432deb97d0dc2f77dde0469ccde0f5-2026-08-06-18-1786042783481825420.jsonl: TASK_LIFECYCLE_EVENT must have at least one state transition"
time="2026-08-06T19:19:47Z" level=error msg="Failed to store events for file session_2026-08-06_11-59-17_917219_1/3b94a5ba3d741ac419a7e7718d432deb97d0dc2f77dde0469ccde0f5/job_events/03000000/3b94a5ba3d741ac419a7e7718d432deb97d0dc2f77dde0469ccde0f5-2026-08-06-18-1786042783481825420.jsonl: TASK_LIFECYCLE_EVENT must have at least one state transition"
time="2026-08-06T19:19:47Z" level=error msg="Failed to store events for file session_2026-08-06_11-59-17_917219_1/3b94a5ba3d741ac419a7e7718d432deb97d0dc2f77dde0469ccde0f5/job_events/03000000/3b94a5ba3d741ac419a7e7718d432deb97d0dc2f77dde0469ccde0f5-2026-08-06-18-1786042783481825420.jsonl: TASK_LIFECYCLE_EVENT must have at least one state transition"
time="2026-08-06T19:19:47Z" level=error msg="Failed to store events for file session_2026-08-06_11-59-17_917219_1/3b94a5ba3d741ac419a7e7718d432deb97d0dc2f77dde0469ccde0f5/job_events/03000000/3b94a5ba3d741ac419a7e7718d432deb97d0dc2f77dde0469ccde0f5-2026-08-06-18-1786042783481825420.jsonl: TASK_LIFECYCLE_EVENT must have at least one state transition"
time="2026-08-06T19:19:48Z" level=error msg="Failed to store events for file session_2026-08-06_11-59-17_917219_1/3b94a5ba3d741ac419a7e7718d432deb97d0dc2f77dde0469ccde0f5/job_events/03000000/3b94a5ba3d741ac419a7e7718d432deb97d0dc2f77dde0469ccde0f5-2026-08-06-18-1786042783481825420.jsonl: TASK_LIFECYCLE_EVENT must have at least one state transition"
time="2026-08-06T19:19:48Z" level=error msg="Failed to store events for file session_2026-08-06_11-59-17_917219_1/3b94a5ba3d741ac419a7e7718d432deb97d0dc2f77dde0469ccde0f5/job_events/03000000/3b94a5ba3d741ac419a7e7718d432deb97d0dc2f77dde0469ccde0f5-2026-08-06-18-1786042783481825420.jsonl: TASK_LIFECYCLE_EVENT must have at least one state transition"
time="2026-08-06T19:19:49Z" level=error msg="Failed to store events for file session_2026-08-06_11-59-17_917219_1/3b94a5ba3d741ac419a7e7718d432deb97d0dc2f77dde0469ccde0f5/job_events/03000000/3b94a5ba3d741ac419a7e7718d432deb97d0dc2f77dde0469ccde0f5-2026-08-06-18-1786042783481825420.jsonl: TASK_LIFECYCLE_EVENT must have at least one state transition"
time="2026-08-06T19:19:49Z" level=error msg="Failed to store events for file session_2026-08-06_11-59-17_917219_1/3b94a5ba3d741ac419a7e7718d432deb97d0dc2f77dde0469ccde0f5/job_events/03000000/3b94a5ba3d741ac419a7e7718d432deb97d0dc2f77dde0469ccde0f5-2026-08-06-18-1786042783481825420.jsonl: TASK_LIFECYCLE_EVENT must have at least one state transition"
time="2026-08-06T19:19:50Z" level=error msg="Failed to store events for file session_2026-08-06_11-59-17_917219_1/3b94a5ba3d741ac419a7e7718d432deb97d0dc2f77dde0469ccde0f5/job_events/03000000/3b94a5ba3d741ac419a7e7718d432deb97d0dc2f77dde0469ccde0f5-2026-08-06-18-1786042783481825420.jsonl: TASK_LIFECYCLE_EVENT must have at least one state transition"
time="2026-08-06T19:19:51Z" level=error msg="Failed to store events for file session_2026-08-06_11-59-17_917219_1/3b94a5ba3d741ac419a7e7718d432deb97d0dc2f77dde0469ccde0f5/job_events/03000000/3b94a5ba3d741ac419a7e7718d432deb97d0dc2f77dde0469ccde0f5-2026-08-06-18-1786042783481825420.jsonl: TASK_LIFECYCLE_EVENT must have at least one state transition"
time="2026-08-06T19:19:51Z" level=error msg="Failed to store events for file session_2026-08-06_11-59-17_917219_1/3b94a5ba3d741ac419a7e7718d432deb97d0dc2f77dde0469ccde0f5/job_events/03000000/3b94a5ba3d741ac419a7e7718d432deb97d0dc2f77dde0469ccde0f5-2026-08-06-18-1786042783481825420.jsonl: TASK_LIFECYCLE_EVENT must have at least one state transition"
time="2026-08-06T19:19:51Z" level=error msg="Failed to store events for file session_2026-08-06_11-59-17_917219_1/3b94a5ba3d741ac419a7e7718d432deb97d0dc2f77dde0469ccde0f5/job_events/03000000/3b94a5ba3d741ac419a7e7718d432deb97d0dc2f77dde0469ccde0f5-2026-08-06-18-1786042783481825420.jsonl: TASK_LIFECYCLE_EVENT must have at least one state transition"
time="2026-08-06T19:19:51Z" level=error msg="Failed to store events for file session_2026-08-06_11-59-17_917219_1/3b94a5ba3d741ac419a7e7718d432deb97d0dc2f77dde0469ccde0f5/job_events/03000000/3b94a5ba3d741ac419a7e7718d432deb97d0dc2f77dde0469ccde0f5-2026-08-06-18-1786042783481825420.jsonl: TASK_LIFECYCLE_EVENT must have at least one state transition"
time="2026-08-06T19:19:53Z" level=error msg="Failed to store events for file session_2026-08-06_11-59-17_917219_1/3b94a5ba3d741ac419a7e7718d432deb97d0dc2f77dde0469ccde0f5/job_events/03000000/3b94a5ba3d741ac419a7e7718d432deb97d0dc2f77dde0469ccde0f5-2026-08-06-18-1786042783481825420.jsonl: TASK_LIFECYCLE_EVENT must have at least one state transition"
time="2026-08-06T19:19:53Z" level=error msg="Failed to store events for file session_2026-08-06_11-59-17_917219_1/3b94a5ba3d741ac419a7e7718d432deb97d0dc2f77dde0469ccde0f5/job_events/03000000/3b94a5ba3d741ac419a7e7718d432deb97d0dc2f77dde0469ccde0f5-2026-08-06-18-1786042783481825420.jsonl: TASK_LIFECYCLE_EVENT must have at least one state transition"
time="2026-08-06T19:19:53Z" level=error msg="Failed to store events for file session_2026-08-06_11-59-17_917219_1/3b94a5ba3d741ac419a7e7718d432deb97d0dc2f77dde0469ccde0f5/job_events/03000000/3b94a5ba3d741ac419a7e7718d432deb97d0dc2f77dde0469ccde0f5-2026-08-06-18-1786042783481825420.jsonl: TASK_LIFECYCLE_EVENT must have at least one state transition"
time="2026-08-06T19:19:54Z" level=error msg="Failed to store events for file session_2026-08-06_11-59-17_917219_1/3b94a5ba3d741ac419a7e7718d432deb97d0dc2f77dde0469ccde0f5/job_events/03000000/3b94a5ba3d741ac419a7e7718d432deb97d0dc2f77dde0469ccde0f5-2026-08-06-18-1786042783481825420.jsonl: TASK_LIFECYCLE_EVENT must have at least one state transition"
time="2026-08-06T19:19:54Z" level=error msg="Failed to store events for file session_2026-08-06_11-59-17_917219_1/3b94a5ba3d741ac419a7e7718d432deb97d0dc2f77dde0469ccde0f5/job_events/03000000/3b94a5ba3d741ac419a7e7718d432deb97d0dc2f77dde0469ccde0f5-2026-08-06-18-1786042783481825420.jsonl: TASK_LIFECYCLE_EVENT must have at least one state transition"
time="2026-08-06T19:19:54Z" level=error msg="Failed to store events for file session_2026-08-06_11-59-17_917219_1/3b94a5ba3d741ac419a7e7718d432deb97d0dc2f77dde0469ccde0f5/job_events/03000000/3b94a5ba3d741ac419a7e7718d432deb97d0dc2f77dde0469ccde0f5-2026-08-06-18-1786042783481825420.jsonl: TASK_LIFECYCLE_EVENT must have at least one state transition"
time="2026-08-06T19:19:55Z" level=error msg="Failed to store events for file session_2026-08-06_11-59-17_917219_1/3b94a5ba3d741ac419a7e7718d432deb97d0dc2f77dde0469ccde0f5/job_events/03000000/3b94a5ba3d741ac419a7e7718d432deb97d0dc2f77dde0469ccde0f5-2026-08-06-18-1786042783481825420.jsonl: TASK_LIFECYCLE_EVENT must have at least one state transition"
time="2026-08-06T19:19:55Z" level=error msg="Failed to store events for file session_2026-08-06_11-59-17_917219_1/3b94a5ba3d741ac419a7e7718d432deb97d0dc2f77dde0469ccde0f5/job_events/03000000/3b94a5ba3d741ac419a7e7718d432deb97d0dc2f77dde0469ccde0f5-2026-08-06-18-1786042783481825420.jsonl: TASK_LIFECYCLE_EVENT must have at least one state transition"
time="2026-08-06T19:19:55Z" level=error msg="Failed to store events for file session_2026-08-06_11-59-17_917219_1/3b94a5ba3d741ac419a7e7718d432deb97d0dc2f77dde0469ccde0f5/job_events/03000000/3b94a5ba3d741ac419a7e7718d432deb97d0dc2f77dde0469ccde0f5-2026-08-06-18-1786042783481825420.jsonl: TASK_LIFECYCLE_EVENT must have at least one state transition"
time="2026-08-06T19:19:55Z" level=error msg="Failed to store events for file session_2026-08-06_11-59-17_917219_1/3b94a5ba3d741ac419a7e7718d432deb97d0dc2f77dde0469ccde0f5/job_events/03000000/3b94a5ba3d741ac419a7e7718d432deb97d0dc2f77dde0469ccde0f5-2026-08-06-18-1786042783481825420.jsonl: TASK_LIFECYCLE_EVENT must have at least one state transition"
time="2026-08-06T19:19:55Z" level=error msg="Failed to store events for file session_2026-08-06_11-59-17_917219_1/3b94a5ba3d741ac419a7e7718d432deb97d0dc2f77dde0469ccde0f5/job_events/03000000/3b94a5ba3d741ac419a7e7718d432deb97d0dc2f77dde0469ccde0f5-2026-08-06-18-1786042783481825420.jsonl: TASK_LIFECYCLE_EVENT must have at least one state transition"
time="2026-08-06T19:19:56Z" level=error msg="Failed to store events for file session_2026-08-06_11-59-17_917219_1/3b94a5ba3d741ac419a7e7718d432deb97d0dc2f77dde0469ccde0f5/job_events/03000000/3b94a5ba3d741ac419a7e7718d432deb97d0dc2f77dde0469ccde0f5-2026-08-06-18-1786042783481825420.jsonl: TASK_LIFECYCLE_EVENT must have at least one state transition"
time="2026-08-06T19:19:56Z" level=error msg="Failed to store events for file session_2026-08-06_11-59-17_917219_1/3b94a5ba3d741ac419a7e7718d432deb97d0dc2f77dde0469ccde0f5/job_events/03000000/3b94a5ba3d741ac419a7e7718d432deb97d0dc2f77dde0469ccde0f5-2026-08-06-18-1786042783481825420.jsonl: TASK_LIFECYCLE_EVENT must have at least one state transition"
time="2026-08-06T19:19:57Z" level=error msg="Failed to store events for file session_2026-08-06_11-59-17_917219_1/3b94a5ba3d741ac419a7e7718d432deb97d0dc2f77dde0469ccde0f5/job_events/03000000/3b94a5ba3d741ac419a7e7718d432deb97d0dc2f77dde0469ccde0f5-2026-08-06-18-1786042783481825420.jsonl: TASK_LIFECYCLE_EVENT must have at least one state transition"
time="2026-08-06T19:19:58Z" level=error msg="Failed to store events for file session_2026-08-06_11-59-17_917219_1/3b94a5ba3d741ac419a7e7718d432deb97d0dc2f77dde0469ccde0f5/job_events/03000000/3b94a5ba3d741ac419a7e7718d432deb97d0dc2f77dde0469ccde0f5-2026-08-06-18-1786042783481825420.jsonl: TASK_LIFECYCLE_EVENT must have at least one state transition"
time="2026-08-06T19:19:58Z" level=error msg="Failed to store events for file session_2026-08-06_11-59-17_917219_1/3b94a5ba3d741ac419a7e7718d432deb97d0dc2f77dde0469ccde0f5/job_events/03000000/3b94a5ba3d741ac419a7e7718d432deb97d0dc2f77dde0469ccde0f5-2026-08-06-18-1786042783481825420.jsonl: TASK_LIFECYCLE_EVENT must have at least one state transition"
time="2026-08-06T19:19:59Z" level=error msg="Failed to store events for file session_2026-08-06_11-59-17_917219_1/3b94a5ba3d741ac419a7e7718d432deb97d0dc2f77dde0469ccde0f5/job_events/03000000/3b94a5ba3d741ac419a7e7718d432deb97d0dc2f77dde0469ccde0f5-2026-08-06-18-1786042783481825420.jsonl: TASK_LIFECYCLE_EVENT must have at least one state transition"
time="2026-08-06T19:20:01Z" level=error msg="Failed to store events for file session_2026-08-06_11-59-17_917219_1/3b94a5ba3d741ac419a7e7718d432deb97d0dc2f77dde0469ccde0f5/job_events/03000000/3b94a5ba3d741ac419a7e7718d432deb97d0dc2f77dde0469ccde0f5-2026-08-06-18-1786042783481825420.jsonl: TASK_LIFECYCLE_EVENT must have at least one state transition"
time="2026-08-06T19:20:01Z" level=error msg="Failed to store events for file session_2026-08-06_11-59-17_917219_1/3b94a5ba3d741ac419a7e7718d432deb97d0dc2f77dde0469ccde0f5/job_events/03000000/3b94a5ba3d741ac419a7e7718d432deb97d0dc2f77dde0469ccde0f5-2026-08-06-18-1786042783481825420.jsonl: TASK_LIFECYCLE_EVENT must have at least one state transition"
time="2026-08-06T19:20:02Z" level=error msg="Failed to store events for file session_2026-08-06_11-59-17_917219_1/3b94a5ba3d741ac419a7e7718d432deb97d0dc2f77dde0469ccde0f5/job_events/03000000/3b94a5ba3d741ac419a7e7718d432deb97d0dc2f77dde0469ccde0f5-2026-08-06-18-1786042783481825420.jsonl: TASK_LIFECYCLE_EVENT must have at least one state transition"
time="2026-08-06T19:20:02Z" level=error msg="Failed to store events for file session_2026-08-06_11-59-17_917219_1/3b94a5ba3d741ac419a7e7718d432deb97d0dc2f77dde0469ccde0f5/job_events/03000000/3b94a5ba3d741ac419a7e7718d432deb97d0dc2f77dde0469ccde0f5-2026-08-06-18-1786042783481825420.jsonl: TASK_LIFECYCLE_EVENT must have at least one state transition"
time="2026-08-06T19:20:02Z" level=error msg="Failed to store events for file session_2026-08-06_11-59-17_917219_1/3b94a5ba3d741ac419a7e7718d432deb97d0dc2f77dde0469ccde0f5/job_events/03000000/3b94a5ba3d741ac419a7e7718d432deb97d0dc2f77dde0469ccde0f5-2026-08-06-18-1786042783481825420.jsonl: TASK_LIFECYCLE_EVENT must have at least one state transition"
time="2026-08-06T19:20:02Z" level=error msg="Failed to store events for file session_2026-08-06_11-59-17_917219_1/3b94a5ba3d741ac419a7e7718d432deb97d0dc2f77dde0469ccde0f5/job_events/03000000/3b94a5ba3d741ac419a7e7718d432deb97d0dc2f77dde0469ccde0f5-2026-08-06-18-1786042783481825420.jsonl: TASK_LIFECYCLE_EVENT must have at least one state transition"
time="2026-08-06T19:20:03Z" level=error msg="Failed to store events for file session_2026-08-06_11-59-17_917219_1/3b94a5ba3d741ac419a7e7718d432deb97d0dc2f77dde0469ccde0f5/job_events/03000000/3b94a5ba3d741ac419a7e7718d432deb97d0dc2f77dde0469ccde0f5-2026-08-06-18-1786042783481825420.jsonl: TASK_LIFECYCLE_EVENT must have at least one state transition"
time="2026-08-06T19:20:03Z" level=error msg="Failed to store events for file session_2026-08-06_11-59-17_917219_1/3b94a5ba3d741ac419a7e7718d432deb97d0dc2f77dde0469ccde0f5/job_events/03000000/3b94a5ba3d741ac419a7e7718d432deb97d0dc2f77dde0469ccde0f5-2026-08-06-18-1786042783481825420.jsonl: TASK_LIFECYCLE_EVENT must have at least one state transition"
time="2026-08-06T19:20:04Z" level=error msg="Failed to store events for file session_2026-08-06_11-59-17_917219_1/3b94a5ba3d741ac419a7e7718d432deb97d0dc2f77dde0469ccde0f5/job_events/03000000/3b94a5ba3d741ac419a7e7718d432deb97d0dc2f77dde0469ccde0f5-2026-08-06-18-1786042783481825420.jsonl: TASK_LIFECYCLE_EVENT must have at least one state transition"
time="2026-08-06T19:20:04Z" level=error msg="Failed to store events for file session_2026-08-06_11-59-17_917219_1/3b94a5ba3d741ac419a7e7718d432deb97d0dc2f77dde0469ccde0f5/job_events/03000000/3b94a5ba3d741ac419a7e7718d432deb97d0dc2f77dde0469ccde0f5-2026-08-06-18-1786042783481825420.jsonl: TASK_LIFECYCLE_EVENT must have at least one state transition"
time="2026-08-06T19:20:04Z" level=error msg="Failed to store events for file session_2026-08-06_11-59-17_917219_1/3b94a5ba3d741ac419a7e7718d432deb97d0dc2f77dde0469ccde0f5/job_events/03000000/3b94a5ba3d741ac419a7e7718d432deb97d0dc2f77dde0469ccde0f5-2026-08-06-18-1786042783481825420.jsonl: TASK_LIFECYCLE_EVENT must have at least one state transition"
time="2026-08-06T19:20:04Z" level=info msg="Prepare to get object log/cluster-history/raycluster/test-ns-4zz46/raycluster-historyserver/session_2026-08-06_11-59-17_917219_1/3b94a5ba3d741ac419a7e7718d432deb97d0dc2f77dde0469ccde0f5/job_events/03000000/3b94a5ba3d741ac419a7e7718d432deb97d0dc2f77dde0469ccde0f5-2026-08-06-19-1786042831439945512.jsonl info ..."
gc 22 @1143.439s 1%: 0.38+1555+0.088 ms clock, 0.77+0.41/834/1044+0.17 ms cpu, 3439->3449->129 MB, 3542 MB goal, 0 MB stacks, 0 MB globals, 2 P
time="2026-08-06T19:20:09Z" level=error msg="Failed to store events for file session_2026-08-06_11-59-17_917219_1/3b94a5ba3d741ac419a7e7718d432deb97d0dc2f77dde0469ccde0f5/job_events/03000000/3b94a5ba3d741ac419a7e7718d432deb97d0dc2f77dde0469ccde0f5-2026-08-06-19-1786042831439945512.jsonl: TASK_LIFECYCLE_EVENT must have at least one state transition"
time="2026-08-06T19:20:10Z" level=error msg="Failed to store events for file session_2026-08-06_11-59-17_917219_1/3b94a5ba3d741ac419a7e7718d432deb97d0dc2f77dde0469ccde0f5/job_events/03000000/3b94a5ba3d741ac419a7e7718d432deb97d0dc2f77dde0469ccde0f5-2026-08-06-19-1786042831439945512.jsonl: TASK_LIFECYCLE_EVENT must have at least one state transition"
time="2026-08-06T19:20:10Z" level=error msg="Failed to store events for file session_2026-08-06_11-59-17_917219_1/3b94a5ba3d741ac419a7e7718d432deb97d0dc2f77dde0469ccde0f5/job_events/03000000/3b94a5ba3d741ac419a7e7718d432deb97d0dc2f77dde0469ccde0f5-2026-08-06-19-1786042831439945512.jsonl: TASK_LIFECYCLE_EVENT must have at least one state transition"
time="2026-08-06T19:20:10Z" level=error msg="Failed to store events for file session_2026-08-06_11-59-17_917219_1/3b94a5ba3d741ac419a7e7718d432deb97d0dc2f77dde0469ccde0f5/job_events/03000000/3b94a5ba3d741ac419a7e7718d432deb97d0dc2f77dde0469ccde0f5-2026-08-06-19-1786042831439945512.jsonl: TASK_LIFECYCLE_EVENT must have at least one state transition"
time="2026-08-06T19:20:10Z" level=error msg="Failed to store events for file session_2026-08-06_11-59-17_917219_1/3b94a5ba3d741ac419a7e7718d432deb97d0dc2f77dde0469ccde0f5/job_events/03000000/3b94a5ba3d741ac419a7e7718d432deb97d0dc2f77dde0469ccde0f5-2026-08-06-19-1786042831439945512.jsonl: TASK_LIFECYCLE_EVENT must have at least one state transition"
time="2026-08-06T19:20:10Z" level=info msg="Prepare to get object log/cluster-history/raycluster/test-ns-4zz46/raycluster-historyserver/session_2026-08-06_11-59-17_917219_1/ce2ef96af9711ffcdda1d27dbe75784897675832656bc6b7b1fa9be8/job_events/01000000/ce2ef96af9711ffcdda1d27dbe75784897675832656bc6b7b1fa9be8-2026-08-06-18-1786042763251598175.jsonl info ..."
time="2026-08-06T19:20:10Z" level=info msg="Prepare to get object log/cluster-history/raycluster/test-ns-4zz46/raycluster-historyserver/session_2026-08-06_11-59-17_917219_1/ce2ef96af9711ffcdda1d27dbe75784897675832656bc6b7b1fa9be8/job_events/02000000/ce2ef96af9711ffcdda1d27dbe75784897675832656bc6b7b1fa9be8-2026-08-06-18-1786042780492624044.jsonl info ..."
time="2026-08-06T19:20:10Z" level=info msg="Prepare to get object log/cluster-history/raycluster/test-ns-4zz46/raycluster-historyserver/session_2026-08-06_11-59-17_917219_1/ce2ef96af9711ffcdda1d27dbe75784897675832656bc6b7b1fa9be8/job_events/03000000/ce2ef96af9711ffcdda1d27dbe75784897675832656bc6b7b1fa9be8-2026-08-06-18-1786042781491851669.jsonl info ..."
gc 23 @1148.537s 1%: 0.29+958+0.040 ms clock, 0.58+0.044/459/1216+0.081 ms cpu, 704->704->351 MB, 704 MB goal, 0 MB stacks, 0 MB globals, 2 P
time="2026-08-06T19:20:19Z" level=error msg="Failed to load session test-ns-4zz46/raycluster-historyserver/session_2026-08-06_11-59-17_917219_1: context canceled"
time="2026-08-06T19:20:28Z" level=info msg="Received request: GET /enter_cluster/test-ns-4zz46/raycluster/raycluster-historyserver/session_2026-08-06_11-59-17_917219_1"
time="2026-08-06T19:20:28Z" level=info msg="[List]Returned objects in log/cluster-metadata/. length of page.Contents: 2, length of page.CommonPrefixes: 0"
time="2026-08-06T19:20:28Z" level=error msg="Failed to parse meta file path: log/cluster-metadata/raycluster/test-ns-4zz46_raycluster-historyserver/, error: invalid path segment count for cluster metadata structure: log/cluster-metadata/raycluster/test-ns-4zz46_raycluster-historyserver/"
time="2026-08-06T19:20:28Z" level=info msg="Parsed cluster raycluster-historyserver for session session_2026-08-06_11-59-17_917219_1 to list"
time="2026-08-06T19:21:08Z" level=info msg="Prepare to get object log/cluster-history/raycluster/test-ns-4zz46/raycluster-historyserver/session_2026-08-06_11-59-17_917219_1/ce2ef96af9711ffcdda1d27dbe75784897675832656bc6b7b1fa9be8/job_events/03000000/ce2ef96af9711ffcdda1d27dbe75784897675832656bc6b7b1fa9be8-2026-08-06-19-1786042823473666134.jsonl info ..."
gc 24 @1206.919s 1%: 0.24+1580+0.052 ms clock, 0.48+1122/773/1191+0.10 ms cpu, 1737->1763->261 MB, 1759 MB goal, 0 MB stacks, 0 MB globals, 2 P
time="2026-08-06T19:21:29Z" level=error msg="Failed to load session test-ns-4zz46/raycluster-historyserver/session_2026-08-06_11-59-17_917219_1: context canceled"
time="2026-08-06T19:21:38Z" level=info msg="Received request: GET /enter_cluster/test-ns-4zz46/raycluster/raycluster-historyserver/session_2026-08-06_11-59-17_917219_1"
time="2026-08-06T19:21:38Z" level=info msg="[List]Returned objects in log/cluster-metadata/. length of page.Contents: 2, length of page.CommonPrefixes: 0"
time="2026-08-06T19:21:38Z" level=error msg="Failed to parse meta file path: log/cluster-metadata/raycluster/test-ns-4zz46_raycluster-historyserver/, error: invalid path segment count for cluster metadata structure: log/cluster-metadata/raycluster/test-ns-4zz46_raycluster-historyserver/"
time="2026-08-06T19:21:38Z" level=info msg="Parsed cluster raycluster-historyserver for session session_2026-08-06_11-59-17_917219_1 to list"
time="2026-08-06T19:21:38Z" level=info msg="[ListFiles]Returned objects in log/cluster-history/raycluster/test-ns-4zz46/raycluster-historyserver/session_2026-08-06_11-59-17_917219_1/. length of page.Contents: 0, length of page.CommonPrefixes: 3"
time="2026-08-06T19:21:38Z" level=info msg="[ListFiles]Returned objects in log/cluster-history/raycluster/test-ns-4zz46/raycluster-historyserver/session_2026-08-06_11-59-17_917219_1/3b94a5ba3d741ac419a7e7718d432deb97d0dc2f77dde0469ccde0f5/logs/events/. length of page.Contents: 13, length of page.CommonPrefixes: 0"
time="2026-08-06T19:21:38Z" level=info msg="Prepare to get object log/cluster-history/raycluster/test-ns-4zz46/raycluster-historyserver/session_2026-08-06_11-59-17_917219_1/3b94a5ba3d741ac419a7e7718d432deb97d0dc2f77dde0469ccde0f5/logs/events/event_CORE_WORKER_228.log info ..."
time="2026-08-06T19:21:38Z" level=info msg="Prepare to get object log/cluster-history/raycluster/test-ns-4zz46/raycluster-historyserver/session_2026-08-06_11-59-17_917219_1/3b94a5ba3d741ac419a7e7718d432deb97d0dc2f77dde0469ccde0f5/logs/events/event_CORE_WORKER_229.log info ..."
time="2026-08-06T19:21:38Z" level=info msg="Prepare to get object log/cluster-history/raycluster/test-ns-4zz46/raycluster-historyserver/session_2026-08-06_11-59-17_917219_1/3b94a5ba3d741ac419a7e7718d432deb97d0dc2f77dde0469ccde0f5/logs/events/event_CORE_WORKER_321.log info ..."
time="2026-08-06T19:21:38Z" level=info msg="Prepare to get object log/cluster-history/raycluster/test-ns-4zz46/raycluster-historyserver/session_2026-08-06_11-59-17_917219_1/3b94a5ba3d741ac419a7e7718d432deb97d0dc2f77dde0469ccde0f5/logs/events/event_CORE_WORKER_325.log info ..."
time="2026-08-06T19:21:38Z" level=info msg="Prepare to get object log/cluster-history/raycluster/test-ns-4zz46/raycluster-historyserver/session_2026-08-06_11-59-17_917219_1/3b94a5ba3d741ac419a7e7718d432deb97d0dc2f77dde0469ccde0f5/logs/events/event_CORE_WORKER_399.log info ..."
time="2026-08-06T19:21:38Z" level=info msg="Prepare to get object log/cluster-history/raycluster/test-ns-4zz46/raycluster-historyserver/session_2026-08-06_11-59-17_917219_1/3b94a5ba3d741ac419a7e7718d432deb97d0dc2f77dde0469ccde0f5/logs/events/event_CORE_WORKER_419.log info ..."
time="2026-08-06T19:21:38Z" level=info msg="Prepare to get object log/cluster-history/raycluster/test-ns-4zz46/raycluster-historyserver/session_2026-08-06_11-59-17_917219_1/3b94a5ba3d741ac419a7e7718d432deb97d0dc2f77dde0469ccde0f5/logs/events/event_CORE_WORKER_492.log info ..."
time="2026-08-06T19:21:38Z" level=info msg="Prepare to get object log/cluster-history/raycluster/test-ns-4zz46/raycluster-historyserver/session_2026-08-06_11-59-17_917219_1/3b94a5ba3d741ac419a7e7718d432deb97d0dc2f77dde0469ccde0f5/logs/events/event_CORE_WORKER_513.log info ..."
time="2026-08-06T19:21:38Z" level=info msg="Prepare to get object log/cluster-history/raycluster/test-ns-4zz46/raycluster-historyserver/session_2026-08-06_11-59-17_917219_1/3b94a5ba3d741ac419a7e7718d432deb97d0dc2f77dde0469ccde0f5/logs/events/event_CORE_WORKER_591.log info ..."
time="2026-08-06T19:21:38Z" level=info msg="Prepare to get object log/cluster-history/raycluster/test-ns-4zz46/raycluster-historyserver/session_2026-08-06_11-59-17_917219_1/3b94a5ba3d741ac419a7e7718d432deb97d0dc2f77dde0469ccde0f5/logs/events/event_CORE_WORKER_609.log info ..."
time="2026-08-06T19:21:38Z" level=info msg="Prepare to get object log/cluster-history/raycluster/test-ns-4zz46/raycluster-historyserver/session_2026-08-06_11-59-17_917219_1/3b94a5ba3d741ac419a7e7718d432deb97d0dc2f77dde0469ccde0f5/logs/events/event_CORE_WORKER_697.log info ..."
time="2026-08-06T19:21:38Z" level=info msg="Prepare to get object log/cluster-history/raycluster/test-ns-4zz46/raycluster-historyserver/session_2026-08-06_11-59-17_917219_1/3b94a5ba3d741ac419a7e7718d432deb97d0dc2f77dde0469ccde0f5/logs/events/event_RAYLET.log info ..."
time="2026-08-06T19:21:38Z" level=info msg="[ListFiles]Returned objects in log/cluster-history/raycluster/test-ns-4zz46/raycluster-historyserver/session_2026-08-06_11-59-17_917219_1/ce2ef96af9711ffcdda1d27dbe75784897675832656bc6b7b1fa9be8/logs/events/. length of page.Contents: 11, length of page.CommonPrefixes: 0"
time="2026-08-06T19:21:38Z" level=info msg="Prepare to get object log/cluster-history/raycluster/test-ns-4zz46/raycluster-historyserver/session_2026-08-06_11-59-17_917219_1/ce2ef96af9711ffcdda1d27dbe75784897675832656bc6b7b1fa9be8/logs/events/event_AUTOSCALER.log info ..."
time="2026-08-06T19:21:38Z" level=info msg="Prepare to get object log/cluster-history/raycluster/test-ns-4zz46/raycluster-historyserver/session_2026-08-06_11-59-17_917219_1/ce2ef96af9711ffcdda1d27dbe75784897675832656bc6b7b1fa9be8/logs/events/event_CORE_WORKER_1020.log info ..."
time="2026-08-06T19:21:38Z" level=info msg="Prepare to get object log/cluster-history/raycluster/test-ns-4zz46/raycluster-historyserver/session_2026-08-06_11-59-17_917219_1/ce2ef96af9711ffcdda1d27dbe75784897675832656bc6b7b1fa9be8/logs/events/event_CORE_WORKER_1176.log info ..."
time="2026-08-06T19:21:38Z" level=info msg="Prepare to get object log/cluster-history/raycluster/test-ns-4zz46/raycluster-historyserver/session_2026-08-06_11-59-17_917219_1/ce2ef96af9711ffcdda1d27dbe75784897675832656bc6b7b1fa9be8/logs/events/event_CORE_WORKER_201.log info ..."
time="2026-08-06T19:21:38Z" level=info msg="Prepare to get object log/cluster-history/raycluster/test-ns-4zz46/raycluster-historyserver/session_2026-08-06_11-59-17_917219_1/ce2ef96af9711ffcdda1d27dbe75784897675832656bc6b7b1fa9be8/logs/events/event_CORE_WORKER_206.log info ..."
time="2026-08-06T19:21:38Z" level=info msg="Prepare to get object log/cluster-history/raycluster/test-ns-4zz46/raycluster-historyserver/session_2026-08-06_11-59-17_917219_1/ce2ef96af9711ffcdda1d27dbe75784897675832656bc6b7b1fa9be8/logs/events/event_CORE_WORKER_680.log info ..."
time="2026-08-06T19:21:38Z" level=info msg="Prepare to get object log/cluster-history/raycluster/test-ns-4zz46/raycluster-historyserver/session_2026-08-06_11-59-17_917219_1/ce2ef96af9711ffcdda1d27dbe75784897675832656bc6b7b1fa9be8/logs/events/event_CORE_WORKER_963.log info ..."
time="2026-08-06T19:21:38Z" level=info msg="Prepare to get object log/cluster-history/raycluster/test-ns-4zz46/raycluster-historyserver/session_2026-08-06_11-59-17_917219_1/ce2ef96af9711ffcdda1d27dbe75784897675832656bc6b7b1fa9be8/logs/events/event_GCS.log info ..."
time="2026-08-06T19:21:38Z" level=info msg="Prepare to get object log/cluster-history/raycluster/test-ns-4zz46/raycluster-historyserver/session_2026-08-06_11-59-17_917219_1/ce2ef96af9711ffcdda1d27dbe75784897675832656bc6b7b1fa9be8/logs/events/event_JOBS.log info ..."
time="2026-08-06T19:21:38Z" level=info msg="Prepare to get object log/cluster-history/raycluster/test-ns-4zz46/raycluster-historyserver/session_2026-08-06_11-59-17_917219_1/ce2ef96af9711ffcdda1d27dbe75784897675832656bc6b7b1fa9be8/logs/events/event_RAYLET.log info ..."
time="2026-08-06T19:21:38Z" level=info msg="[ListFiles]Returned objects in log/cluster-history/raycluster/test-ns-4zz46/raycluster-historyserver/session_2026-08-06_11-59-17_917219_1/fetched_endpoints/logs/events/. length of page.Contents: 0, length of page.CommonPrefixes: 0"
time="2026-08-06T19:21:38Z" level=info msg="[ListFiles]Returned objects in log/cluster-history/raycluster/test-ns-4zz46/raycluster-historyserver/session_2026-08-06_11-59-17_917219_1/. length of page.Contents: 0, length of page.CommonPrefixes: 3"
time="2026-08-06T19:21:38Z" level=info msg="[ListFiles]Returned objects in log/cluster-history/raycluster/test-ns-4zz46/raycluster-historyserver/session_2026-08-06_11-59-17_917219_1/3b94a5ba3d741ac419a7e7718d432deb97d0dc2f77dde0469ccde0f5/job_events/. length of page.Contents: 0, length of page.CommonPrefixes: 1"
time="2026-08-06T19:21:38Z" level=info msg="[ListFiles]Returned objects in log/cluster-history/raycluster/test-ns-4zz46/raycluster-historyserver/session_2026-08-06_11-59-17_917219_1/3b94a5ba3d741ac419a7e7718d432deb97d0dc2f77dde0469ccde0f5/job_events/03000000/. length of page.Contents: 3, length of page.CommonPrefixes: 0"
time="2026-08-06T19:21:38Z" level=info msg="[ListFiles]Returned objects in log/cluster-history/raycluster/test-ns-4zz46/raycluster-historyserver/session_2026-08-06_11-59-17_917219_1/ce2ef96af9711ffcdda1d27dbe75784897675832656bc6b7b1fa9be8/job_events/. length of page.Contents: 0, length of page.CommonPrefixes: 4"
time="2026-08-06T19:21:38Z" level=info msg="[ListFiles]Returned objects in log/cluster-history/raycluster/test-ns-4zz46/raycluster-historyserver/session_2026-08-06_11-59-17_917219_1/ce2ef96af9711ffcdda1d27dbe75784897675832656bc6b7b1fa9be8/job_events/01000000/. length of page.Contents: 2, length of page.CommonPrefixes: 0"
time="2026-08-06T19:21:38Z" level=info msg="[ListFiles]Returned objects in log/cluster-history/raycluster/test-ns-4zz46/raycluster-historyserver/session_2026-08-06_11-59-17_917219_1/ce2ef96af9711ffcdda1d27dbe75784897675832656bc6b7b1fa9be8/job_events/02000000/. length of page.Contents: 2, length of page.CommonPrefixes: 0"
time="2026-08-06T19:21:38Z" level=info msg="[ListFiles]Returned objects in log/cluster-history/raycluster/test-ns-4zz46/raycluster-historyserver/session_2026-08-06_11-59-17_917219_1/ce2ef96af9711ffcdda1d27dbe75784897675832656bc6b7b1fa9be8/job_events/03000000/. length of page.Contents: 3, length of page.CommonPrefixes: 0"
time="2026-08-06T19:21:38Z" level=info msg="[ListFiles]Returned objects in log/cluster-history/raycluster/test-ns-4zz46/raycluster-historyserver/session_2026-08-06_11-59-17_917219_1/ce2ef96af9711ffcdda1d27dbe75784897675832656bc6b7b1fa9be8/job_events/04000000/. length of page.Contents: 2, length of page.CommonPrefixes: 0"
time="2026-08-06T19:21:38Z" level=info msg="[ListFiles]Returned objects in log/cluster-history/raycluster/test-ns-4zz46/raycluster-historyserver/session_2026-08-06_11-59-17_917219_1/fetched_endpoints/job_events/. length of page.Contents: 0, length of page.CommonPrefixes: 0"
time="2026-08-06T19:21:38Z" level=info msg="[ListFiles]Returned objects in log/cluster-history/raycluster/test-ns-4zz46/raycluster-historyserver/session_2026-08-06_11-59-17_917219_1/. length of page.Contents: 0, length of page.CommonPrefixes: 3"
time="2026-08-06T19:21:38Z" level=info msg="[ListFiles]Returned objects in log/cluster-history/raycluster/test-ns-4zz46/raycluster-historyserver/session_2026-08-06_11-59-17_917219_1/3b94a5ba3d741ac419a7e7718d432deb97d0dc2f77dde0469ccde0f5/node_events/. length of page.Contents: 0, length of page.CommonPrefixes: 0"
time="2026-08-06T19:21:38Z" level=info msg="[ListFiles]Returned objects in log/cluster-history/raycluster/test-ns-4zz46/raycluster-historyserver/session_2026-08-06_11-59-17_917219_1/ce2ef96af9711ffcdda1d27dbe75784897675832656bc6b7b1fa9be8/node_events/. length of page.Contents: 2, length of page.CommonPrefixes: 0"
time="2026-08-06T19:21:38Z" level=info msg="[ListFiles]Returned objects in log/cluster-history/raycluster/test-ns-4zz46/raycluster-historyserver/session_2026-08-06_11-59-17_917219_1/fetched_endpoints/node_events/. length of page.Contents: 0, length of page.CommonPrefixes: 0"
time="2026-08-06T19:21:38Z" level=info msg="Prepare to get object log/cluster-history/raycluster/test-ns-4zz46/raycluster-historyserver/session_2026-08-06_11-59-17_917219_1/3b94a5ba3d741ac419a7e7718d432deb97d0dc2f77dde0469ccde0f5/job_events/03000000/3b94a5ba3d741ac419a7e7718d432deb97d0dc2f77dde0469ccde0f5-2026-08-06-18-1786042783481825420.jsonl info ..."
gc 25 @1236.419s 1%: 0.42+214+0.049 ms clock, 0.85+0.030/11/206+0.099 ms cpu, 1149->1157->134 MB, 1307 MB goal, 0 MB stacks, 0 MB globals, 2 P
gc 26 @1248.498s 1%: 0.25+1499+0.092 ms clock, 0.50+0.10/761/1044+0.18 ms cpu, 649->658->328 MB, 674 MB goal, 0 MB stacks, 0 MB globals, 2 P
time="2026-08-06T19:22:06Z" level=error msg="Failed to store events for file session_2026-08-06_11-59-17_917219_1/3b94a5ba3d741ac419a7e7718d432deb97d0dc2f77dde0469ccde0f5/job_events/03000000/3b94a5ba3d741ac419a7e7718d432deb97d0dc2f77dde0469ccde0f5-2026-08-06-18-1786042783481825420.jsonl: TASK_LIFECYCLE_EVENT must have at least one state transition"
time="2026-08-06T19:22:07Z" level=error msg="Failed to store events for file session_2026-08-06_11-59-17_917219_1/3b94a5ba3d741ac419a7e7718d432deb97d0dc2f77dde0469ccde0f5/job_events/03000000/3b94a5ba3d741ac419a7e7718d432deb97d0dc2f77dde0469ccde0f5-2026-08-06-18-1786042783481825420.jsonl: TASK_LIFECYCLE_EVENT must have at least one state transition"
time="2026-08-06T19:22:07Z" level=error msg="Failed to store events for file session_2026-08-06_11-59-17_917219_1/3b94a5ba3d741ac419a7e7718d432deb97d0dc2f77dde0469ccde0f5/job_events/03000000/3b94a5ba3d741ac419a7e7718d432deb97d0dc2f77dde0469ccde0f5-2026-08-06-18-1786042783481825420.jsonl: TASK_LIFECYCLE_EVENT must have at least one state transition"
time="2026-08-06T19:22:07Z" level=error msg="Failed to store events for file session_2026-08-06_11-59-17_917219_1/3b94a5ba3d741ac419a7e7718d432deb97d0dc2f77dde0469ccde0f5/job_events/03000000/3b94a5ba3d741ac419a7e7718d432deb97d0dc2f77dde0469ccde0f5-2026-08-06-18-1786042783481825420.jsonl: TASK_LIFECYCLE_EVENT must have at least one state transition"
time="2026-08-06T19:22:08Z" level=error msg="Failed to store events for file session_2026-08-06_11-59-17_917219_1/3b94a5ba3d741ac419a7e7718d432deb97d0dc2f77dde0469ccde0f5/job_events/03000000/3b94a5ba3d741ac419a7e7718d432deb97d0dc2f77dde0469ccde0f5-2026-08-06-18-1786042783481825420.jsonl: TASK_LIFECYCLE_EVENT must have at least one state transition"
time="2026-08-06T19:22:09Z" level=error msg="Failed to store events for file session_2026-08-06_11-59-17_917219_1/3b94a5ba3d741ac419a7e7718d432deb97d0dc2f77dde0469ccde0f5/job_events/03000000/3b94a5ba3d741ac419a7e7718d432deb97d0dc2f77dde0469ccde0f5-2026-08-06-18-1786042783481825420.jsonl: TASK_LIFECYCLE_EVENT must have at least one state transition"
time="2026-08-06T19:22:09Z" level=error msg="Failed to store events for file session_2026-08-06_11-59-17_917219_1/3b94a5ba3d741ac419a7e7718d432deb97d0dc2f77dde0469ccde0f5/job_events/03000000/3b94a5ba3d741ac419a7e7718d432deb97d0dc2f77dde0469ccde0f5-2026-08-06-18-1786042783481825420.jsonl: TASK_LIFECYCLE_EVENT must have at least one state transition"
time="2026-08-06T19:22:10Z" level=error msg="Failed to store events for file session_2026-08-06_11-59-17_917219_1/3b94a5ba3d741ac419a7e7718d432deb97d0dc2f77dde0469ccde0f5/job_events/03000000/3b94a5ba3d741ac419a7e7718d432deb97d0dc2f77dde0469ccde0f5-2026-08-06-18-1786042783481825420.jsonl: TASK_LIFECYCLE_EVENT must have at least one state transition"
time="2026-08-06T19:22:11Z" level=error msg="Failed to store events for file session_2026-08-06_11-59-17_917219_1/3b94a5ba3d741ac419a7e7718d432deb97d0dc2f77dde0469ccde0f5/job_events/03000000/3b94a5ba3d741ac419a7e7718d432deb97d0dc2f77dde0469ccde0f5-2026-08-06-18-1786042783481825420.jsonl: TASK_LIFECYCLE_EVENT must have at least one state transition"
time="2026-08-06T19:22:11Z" level=error msg="Failed to store events for file session_2026-08-06_11-59-17_917219_1/3b94a5ba3d741ac419a7e7718d432deb97d0dc2f77dde0469ccde0f5/job_events/03000000/3b94a5ba3d741ac419a7e7718d432deb97d0dc2f77dde0469ccde0f5-2026-08-06-18-1786042783481825420.jsonl: TASK_LIFECYCLE_EVENT must have at least one state transition"
time="2026-08-06T19:22:11Z" level=error msg="Failed to store events for file session_2026-08-06_11-59-17_917219_1/3b94a5ba3d741ac419a7e7718d432deb97d0dc2f77dde0469ccde0f5/job_events/03000000/3b94a5ba3d741ac419a7e7718d432deb97d0dc2f77dde0469ccde0f5-2026-08-06-18-1786042783481825420.jsonl: TASK_LIFECYCLE_EVENT must have at least one state transition"
time="2026-08-06T19:22:11Z" level=error msg="Failed to store events for file session_2026-08-06_11-59-17_917219_1/3b94a5ba3d741ac419a7e7718d432deb97d0dc2f77dde0469ccde0f5/job_events/03000000/3b94a5ba3d741ac419a7e7718d432deb97d0dc2f77dde0469ccde0f5-2026-08-06-18-1786042783481825420.jsonl: TASK_LIFECYCLE_EVENT must have at least one state transition"
time="2026-08-06T19:22:12Z" level=error msg="Failed to store events for file session_2026-08-06_11-59-17_917219_1/3b94a5ba3d741ac419a7e7718d432deb97d0dc2f77dde0469ccde0f5/job_events/03000000/3b94a5ba3d741ac419a7e7718d432deb97d0dc2f77dde0469ccde0f5-2026-08-06-18-1786042783481825420.jsonl: TASK_LIFECYCLE_EVENT must have at least one state transition"
time="2026-08-06T19:22:12Z" level=error msg="Failed to store events for file session_2026-08-06_11-59-17_917219_1/3b94a5ba3d741ac419a7e7718d432deb97d0dc2f77dde0469ccde0f5/job_events/03000000/3b94a5ba3d741ac419a7e7718d432deb97d0dc2f77dde0469ccde0f5-2026-08-06-18-1786042783481825420.jsonl: TASK_LIFECYCLE_EVENT must have at least one state transition"
time="2026-08-06T19:22:12Z" level=error msg="Failed to store events for file session_2026-08-06_11-59-17_917219_1/3b94a5ba3d741ac419a7e7718d432deb97d0dc2f77dde0469ccde0f5/job_events/03000000/3b94a5ba3d741ac419a7e7718d432deb97d0dc2f77dde0469ccde0f5-2026-08-06-18-1786042783481825420.jsonl: TASK_LIFECYCLE_EVENT must have at least one state transition"
time="2026-08-06T19:22:12Z" level=error msg="Failed to store events for file session_2026-08-06_11-59-17_917219_1/3b94a5ba3d741ac419a7e7718d432deb97d0dc2f77dde0469ccde0f5/job_events/03000000/3b94a5ba3d741ac419a7e7718d432deb97d0dc2f77dde0469ccde0f5-2026-08-06-18-1786042783481825420.jsonl: TASK_LIFECYCLE_EVENT must have at least one state transition"
time="2026-08-06T19:22:13Z" level=error msg="Failed to store events for file session_2026-08-06_11-59-17_917219_1/3b94a5ba3d741ac419a7e7718d432deb97d0dc2f77dde0469ccde0f5/job_events/03000000/3b94a5ba3d741ac419a7e7718d432deb97d0dc2f77dde0469ccde0f5-2026-08-06-18-1786042783481825420.jsonl: TASK_LIFECYCLE_EVENT must have at least one state transition"
time="2026-08-06T19:22:13Z" level=error msg="Failed to store events for file session_2026-08-06_11-59-17_917219_1/3b94a5ba3d741ac419a7e7718d432deb97d0dc2f77dde0469ccde0f5/job_events/03000000/3b94a5ba3d741ac419a7e7718d432deb97d0dc2f77dde0469ccde0f5-2026-08-06-18-1786042783481825420.jsonl: TASK_LIFECYCLE_EVENT must have at least one state transition"
time="2026-08-06T19:22:13Z" level=error msg="Failed to store events for file session_2026-08-06_11-59-17_917219_1/3b94a5ba3d741ac419a7e7718d432deb97d0dc2f77dde0469ccde0f5/job_events/03000000/3b94a5ba3d741ac419a7e7718d432deb97d0dc2f77dde0469ccde0f5-2026-08-06-18-1786042783481825420.jsonl: TASK_LIFECYCLE_EVENT must have at least one state transition"
time="2026-08-06T19:22:14Z" level=error msg="Failed to store events for file session_2026-08-06_11-59-17_917219_1/3b94a5ba3d741ac419a7e7718d432deb97d0dc2f77dde0469ccde0f5/job_events/03000000/3b94a5ba3d741ac419a7e7718d432deb97d0dc2f77dde0469ccde0f5-2026-08-06-18-1786042783481825420.jsonl: TASK_LIFECYCLE_EVENT must have at least one state transition"
time="2026-08-06T19:22:14Z" level=error msg="Failed to store events for file session_2026-08-06_11-59-17_917219_1/3b94a5ba3d741ac419a7e7718d432deb97d0dc2f77dde0469ccde0f5/job_events/03000000/3b94a5ba3d741ac419a7e7718d432deb97d0dc2f77dde0469ccde0f5-2026-08-06-18-1786042783481825420.jsonl: TASK_LIFECYCLE_EVENT must have at least one state transition"
time="2026-08-06T19:22:14Z" level=error msg="Failed to store events for file session_2026-08-06_11-59-17_917219_1/3b94a5ba3d741ac419a7e7718d432deb97d0dc2f77dde0469ccde0f5/job_events/03000000/3b94a5ba3d741ac419a7e7718d432deb97d0dc2f77dde0469ccde0f5-2026-08-06-18-1786042783481825420.jsonl: TASK_LIFECYCLE_EVENT must have at least one state transition"
time="2026-08-06T19:22:14Z" level=error msg="Failed to store events for file session_2026-08-06_11-59-17_917219_1/3b94a5ba3d741ac419a7e7718d432deb97d0dc2f77dde0469ccde0f5/job_events/03000000/3b94a5ba3d741ac419a7e7718d432deb97d0dc2f77dde0469ccde0f5-2026-08-06-18-1786042783481825420.jsonl: TASK_LIFECYCLE_EVENT must have at least one state transition"
time="2026-08-06T19:22:15Z" level=error msg="Failed to store events for file session_2026-08-06_11-59-17_917219_1/3b94a5ba3d741ac419a7e7718d432deb97d0dc2f77dde0469ccde0f5/job_events/03000000/3b94a5ba3d741ac419a7e7718d432deb97d0dc2f77dde0469ccde0f5-2026-08-06-18-1786042783481825420.jsonl: TASK_LIFECYCLE_EVENT must have at least one state transition"
time="2026-08-06T19:22:16Z" level=error msg="Failed to store events for file session_2026-08-06_11-59-17_917219_1/3b94a5ba3d741ac419a7e7718d432deb97d0dc2f77dde0469ccde0f5/job_events/03000000/3b94a5ba3d741ac419a7e7718d432deb97d0dc2f77dde0469ccde0f5-2026-08-06-18-1786042783481825420.jsonl: TASK_LIFECYCLE_EVENT must have at least one state transition"
time="2026-08-06T19:22:16Z" level=error msg="Failed to store events for file session_2026-08-06_11-59-17_917219_1/3b94a5ba3d741ac419a7e7718d432deb97d0dc2f77dde0469ccde0f5/job_events/03000000/3b94a5ba3d741ac419a7e7718d432deb97d0dc2f77dde0469ccde0f5-2026-08-06-18-1786042783481825420.jsonl: TASK_LIFECYCLE_EVENT must have at least one state transition"
time="2026-08-06T19:22:17Z" level=error msg="Failed to store events for file session_2026-08-06_11-59-17_917219_1/3b94a5ba3d741ac419a7e7718d432deb97d0dc2f77dde0469ccde0f5/job_events/03000000/3b94a5ba3d741ac419a7e7718d432deb97d0dc2f77dde0469ccde0f5-2026-08-06-18-1786042783481825420.jsonl: TASK_LIFECYCLE_EVENT must have at least one state transition"
time="2026-08-06T19:22:17Z" level=error msg="Failed to store events for file session_2026-08-06_11-59-17_917219_1/3b94a5ba3d741ac419a7e7718d432deb97d0dc2f77dde0469ccde0f5/job_events/03000000/3b94a5ba3d741ac419a7e7718d432deb97d0dc2f77dde0469ccde0f5-2026-08-06-18-1786042783481825420.jsonl: TASK_LIFECYCLE_EVENT must have at least one state transition"
time="2026-08-06T19:22:17Z" level=error msg="Failed to store events for file session_2026-08-06_11-59-17_917219_1/3b94a5ba3d741ac419a7e7718d432deb97d0dc2f77dde0469ccde0f5/job_events/03000000/3b94a5ba3d741ac419a7e7718d432deb97d0dc2f77dde0469ccde0f5-2026-08-06-18-1786042783481825420.jsonl: TASK_LIFECYCLE_EVENT must have at least one state transition"
time="2026-08-06T19:22:18Z" level=error msg="Failed to store events for file session_2026-08-06_11-59-17_917219_1/3b94a5ba3d741ac419a7e7718d432deb97d0dc2f77dde0469ccde0f5/job_events/03000000/3b94a5ba3d741ac419a7e7718d432deb97d0dc2f77dde0469ccde0f5-2026-08-06-18-1786042783481825420.jsonl: TASK_LIFECYCLE_EVENT must have at least one state transition"
time="2026-08-06T19:22:18Z" level=error msg="Failed to store events for file session_2026-08-06_11-59-17_917219_1/3b94a5ba3d741ac419a7e7718d432deb97d0dc2f77dde0469ccde0f5/job_events/03000000/3b94a5ba3d741ac419a7e7718d432deb97d0dc2f77dde0469ccde0f5-2026-08-06-18-1786042783481825420.jsonl: TASK_LIFECYCLE_EVENT must have at least one state transition"
time="2026-08-06T19:22:19Z" level=error msg="Failed to store events for file session_2026-08-06_11-59-17_917219_1/3b94a5ba3d741ac419a7e7718d432deb97d0dc2f77dde0469ccde0f5/job_events/03000000/3b94a5ba3d741ac419a7e7718d432deb97d0dc2f77dde0469ccde0f5-2026-08-06-18-1786042783481825420.jsonl: TASK_LIFECYCLE_EVENT must have at least one state transition"
time="2026-08-06T19:22:20Z" level=error msg="Failed to store events for file session_2026-08-06_11-59-17_917219_1/3b94a5ba3d741ac419a7e7718d432deb97d0dc2f77dde0469ccde0f5/job_events/03000000/3b94a5ba3d741ac419a7e7718d432deb97d0dc2f77dde0469ccde0f5-2026-08-06-18-1786042783481825420.jsonl: TASK_LIFECYCLE_EVENT must have at least one state transition"
time="2026-08-06T19:22:20Z" level=error msg="Failed to store events for file session_2026-08-06_11-59-17_917219_1/3b94a5ba3d741ac419a7e7718d432deb97d0dc2f77dde0469ccde0f5/job_events/03000000/3b94a5ba3d741ac419a7e7718d432deb97d0dc2f77dde0469ccde0f5-2026-08-06-18-1786042783481825420.jsonl: TASK_LIFECYCLE_EVENT must have at least one state transition"
time="2026-08-06T19:22:20Z" level=error msg="Failed to store events for file session_2026-08-06_11-59-17_917219_1/3b94a5ba3d741ac419a7e7718d432deb97d0dc2f77dde0469ccde0f5/job_events/03000000/3b94a5ba3d741ac419a7e7718d432deb97d0dc2f77dde0469ccde0f5-2026-08-06-18-1786042783481825420.jsonl: TASK_LIFECYCLE_EVENT must have at least one state transition"
time="2026-08-06T19:22:20Z" level=error msg="Failed to store events for file session_2026-08-06_11-59-17_917219_1/3b94a5ba3d741ac419a7e7718d432deb97d0dc2f77dde0469ccde0f5/job_events/03000000/3b94a5ba3d741ac419a7e7718d432deb97d0dc2f77dde0469ccde0f5-2026-08-06-18-1786042783481825420.jsonl: TASK_LIFECYCLE_EVENT must have at least one state transition"
time="2026-08-06T19:22:20Z" level=error msg="Failed to store events for file session_2026-08-06_11-59-17_917219_1/3b94a5ba3d741ac419a7e7718d432deb97d0dc2f77dde0469ccde0f5/job_events/03000000/3b94a5ba3d741ac419a7e7718d432deb97d0dc2f77dde0469ccde0f5-2026-08-06-18-1786042783481825420.jsonl: TASK_LIFECYCLE_EVENT must have at least one state transition"
time="2026-08-06T19:22:21Z" level=error msg="Failed to store events for file session_2026-08-06_11-59-17_917219_1/3b94a5ba3d741ac419a7e7718d432deb97d0dc2f77dde0469ccde0f5/job_events/03000000/3b94a5ba3d741ac419a7e7718d432deb97d0dc2f77dde0469ccde0f5-2026-08-06-18-1786042783481825420.jsonl: TASK_LIFECYCLE_EVENT must have at least one state transition"
time="2026-08-06T19:22:21Z" level=error msg="Failed to store events for file session_2026-08-06_11-59-17_917219_1/3b94a5ba3d741ac419a7e7718d432deb97d0dc2f77dde0469ccde0f5/job_events/03000000/3b94a5ba3d741ac419a7e7718d432deb97d0dc2f77dde0469ccde0f5-2026-08-06-18-1786042783481825420.jsonl: TASK_LIFECYCLE_EVENT must have at least one state transition"
time="2026-08-06T19:22:22Z" level=error msg="Failed to store events for file session_2026-08-06_11-59-17_917219_1/3b94a5ba3d741ac419a7e7718d432deb97d0dc2f77dde0469ccde0f5/job_events/03000000/3b94a5ba3d741ac419a7e7718d432deb97d0dc2f77dde0469ccde0f5-2026-08-06-18-1786042783481825420.jsonl: TASK_LIFECYCLE_EVENT must have at least one state transition"
time="2026-08-06T19:22:22Z" level=error msg="Failed to store events for file session_2026-08-06_11-59-17_917219_1/3b94a5ba3d741ac419a7e7718d432deb97d0dc2f77dde0469ccde0f5/job_events/03000000/3b94a5ba3d741ac419a7e7718d432deb97d0dc2f77dde0469ccde0f5-2026-08-06-18-1786042783481825420.jsonl: TASK_LIFECYCLE_EVENT must have at least one state transition"
time="2026-08-06T19:22:22Z" level=error msg="Failed to store events for file session_2026-08-06_11-59-17_917219_1/3b94a5ba3d741ac419a7e7718d432deb97d0dc2f77dde0469ccde0f5/job_events/03000000/3b94a5ba3d741ac419a7e7718d432deb97d0dc2f77dde0469ccde0f5-2026-08-06-18-1786042783481825420.jsonl: TASK_LIFECYCLE_EVENT must have at least one state transition"
time="2026-08-06T19:22:22Z" level=error msg="Failed to store events for file session_2026-08-06_11-59-17_917219_1/3b94a5ba3d741ac419a7e7718d432deb97d0dc2f77dde0469ccde0f5/job_events/03000000/3b94a5ba3d741ac419a7e7718d432deb97d0dc2f77dde0469ccde0f5-2026-08-06-18-1786042783481825420.jsonl: TASK_LIFECYCLE_EVENT must have at least one state transition"
time="2026-08-06T19:22:23Z" level=error msg="Failed to store events for file session_2026-08-06_11-59-17_917219_1/3b94a5ba3d741ac419a7e7718d432deb97d0dc2f77dde0469ccde0f5/job_events/03000000/3b94a5ba3d741ac419a7e7718d432deb97d0dc2f77dde0469ccde0f5-2026-08-06-18-1786042783481825420.jsonl: TASK_LIFECYCLE_EVENT must have at least one state transition"
time="2026-08-06T19:22:23Z" level=error msg="Failed to store events for file session_2026-08-06_11-59-17_917219_1/3b94a5ba3d741ac419a7e7718d432deb97d0dc2f77dde0469ccde0f5/job_events/03000000/3b94a5ba3d741ac419a7e7718d432deb97d0dc2f77dde0469ccde0f5-2026-08-06-18-1786042783481825420.jsonl: TASK_LIFECYCLE_EVENT must have at least one state transition"
time="2026-08-06T19:22:24Z" level=error msg="Failed to store events for file session_2026-08-06_11-59-17_917219_1/3b94a5ba3d741ac419a7e7718d432deb97d0dc2f77dde0469ccde0f5/job_events/03000000/3b94a5ba3d741ac419a7e7718d432deb97d0dc2f77dde0469ccde0f5-2026-08-06-18-1786042783481825420.jsonl: TASK_LIFECYCLE_EVENT must have at least one state transition"
time="2026-08-06T19:22:25Z" level=error msg="Failed to store events for file session_2026-08-06_11-59-17_917219_1/3b94a5ba3d741ac419a7e7718d432deb97d0dc2f77dde0469ccde0f5/job_events/03000000/3b94a5ba3d741ac419a7e7718d432deb97d0dc2f77dde0469ccde0f5-2026-08-06-18-1786042783481825420.jsonl: TASK_LIFECYCLE_EVENT must have at least one state transition"
time="2026-08-06T19:22:26Z" level=error msg="Failed to store events for file session_2026-08-06_11-59-17_917219_1/3b94a5ba3d741ac419a7e7718d432deb97d0dc2f77dde0469ccde0f5/job_events/03000000/3b94a5ba3d741ac419a7e7718d432deb97d0dc2f77dde0469ccde0f5-2026-08-06-18-1786042783481825420.jsonl: TASK_LIFECYCLE_EVENT must have at least one state transition"
time="2026-08-06T19:22:28Z" level=error msg="Failed to store events for file session_2026-08-06_11-59-17_917219_1/3b94a5ba3d741ac419a7e7718d432deb97d0dc2f77dde0469ccde0f5/job_events/03000000/3b94a5ba3d741ac419a7e7718d432deb97d0dc2f77dde0469ccde0f5-2026-08-06-18-1786042783481825420.jsonl: TASK_LIFECYCLE_EVENT must have at least one state transition"
time="2026-08-06T19:22:28Z" level=error msg="Failed to store events for file session_2026-08-06_11-59-17_917219_1/3b94a5ba3d741ac419a7e7718d432deb97d0dc2f77dde0469ccde0f5/job_events/03000000/3b94a5ba3d741ac419a7e7718d432deb97d0dc2f77dde0469ccde0f5-2026-08-06-18-1786042783481825420.jsonl: TASK_LIFECYCLE_EVENT must have at least one state transition"
time="2026-08-06T19:22:28Z" level=error msg="Failed to store events for file session_2026-08-06_11-59-17_917219_1/3b94a5ba3d741ac419a7e7718d432deb97d0dc2f77dde0469ccde0f5/job_events/03000000/3b94a5ba3d741ac419a7e7718d432deb97d0dc2f77dde0469ccde0f5-2026-08-06-18-1786042783481825420.jsonl: TASK_LIFECYCLE_EVENT must have at least one state transition"
time="2026-08-06T19:22:28Z" level=error msg="Failed to store events for file session_2026-08-06_11-59-17_917219_1/3b94a5ba3d741ac419a7e7718d432deb97d0dc2f77dde0469ccde0f5/job_events/03000000/3b94a5ba3d741ac419a7e7718d432deb97d0dc2f77dde0469ccde0f5-2026-08-06-18-1786042783481825420.jsonl: TASK_LIFECYCLE_EVENT must have at least one state transition"
time="2026-08-06T19:22:28Z" level=error msg="Failed to store events for file session_2026-08-06_11-59-17_917219_1/3b94a5ba3d741ac419a7e7718d432deb97d0dc2f77dde0469ccde0f5/job_events/03000000/3b94a5ba3d741ac419a7e7718d432deb97d0dc2f77dde0469ccde0f5-2026-08-06-18-1786042783481825420.jsonl: TASK_LIFECYCLE_EVENT must have at least one state transition"
time="2026-08-06T19:22:29Z" level=error msg="Failed to store events for file session_2026-08-06_11-59-17_917219_1/3b94a5ba3d741ac419a7e7718d432deb97d0dc2f77dde0469ccde0f5/job_events/03000000/3b94a5ba3d741ac419a7e7718d432deb97d0dc2f77dde0469ccde0f5-2026-08-06-18-1786042783481825420.jsonl: TASK_LIFECYCLE_EVENT must have at least one state transition"
time="2026-08-06T19:22:29Z" level=error msg="Failed to store events for file session_2026-08-06_11-59-17_917219_1/3b94a5ba3d741ac419a7e7718d432deb97d0dc2f77dde0469ccde0f5/job_events/03000000/3b94a5ba3d741ac419a7e7718d432deb97d0dc2f77dde0469ccde0f5-2026-08-06-18-1786042783481825420.jsonl: TASK_LIFECYCLE_EVENT must have at least one state transition"
time="2026-08-06T19:22:30Z" level=error msg="Failed to store events for file session_2026-08-06_11-59-17_917219_1/3b94a5ba3d741ac419a7e7718d432deb97d0dc2f77dde0469ccde0f5/job_events/03000000/3b94a5ba3d741ac419a7e7718d432deb97d0dc2f77dde0469ccde0f5-2026-08-06-18-1786042783481825420.jsonl: TASK_LIFECYCLE_EVENT must have at least one state transition"
time="2026-08-06T19:22:32Z" level=error msg="Failed to store events for file session_2026-08-06_11-59-17_917219_1/3b94a5ba3d741ac419a7e7718d432deb97d0dc2f77dde0469ccde0f5/job_events/03000000/3b94a5ba3d741ac419a7e7718d432deb97d0dc2f77dde0469ccde0f5-2026-08-06-18-1786042783481825420.jsonl: TASK_LIFECYCLE_EVENT must have at least one state transition"
time="2026-08-06T19:22:32Z" level=error msg="Failed to store events for file session_2026-08-06_11-59-17_917219_1/3b94a5ba3d741ac419a7e7718d432deb97d0dc2f77dde0469ccde0f5/job_events/03000000/3b94a5ba3d741ac419a7e7718d432deb97d0dc2f77dde0469ccde0f5-2026-08-06-18-1786042783481825420.jsonl: TASK_LIFECYCLE_EVENT must have at least one state transition"
time="2026-08-06T19:22:34Z" level=error msg="Failed to store events for file session_2026-08-06_11-59-17_917219_1/3b94a5ba3d741ac419a7e7718d432deb97d0dc2f77dde0469ccde0f5/job_events/03000000/3b94a5ba3d741ac419a7e7718d432deb97d0dc2f77dde0469ccde0f5-2026-08-06-18-1786042783481825420.jsonl: TASK_LIFECYCLE_EVENT must have at least one state transition"
time="2026-08-06T19:22:35Z" level=info msg="Prepare to get object log/cluster-history/raycluster/test-ns-4zz46/raycluster-historyserver/session_2026-08-06_11-59-17_917219_1/3b94a5ba3d741ac419a7e7718d432deb97d0dc2f77dde0469ccde0f5/job_events/03000000/3b94a5ba3d741ac419a7e7718d432deb97d0dc2f77dde0469ccde0f5-2026-08-06-19-1786042831439945512.jsonl info ..."
gc 27 @1287.926s 1%: 0.24+5194+0.15 ms clock, 0.48+0.095/2605/3055+0.31 ms cpu, 1254->1307->588 MB, 1644 MB goal, 0 MB stacks, 0 MB globals, 2 P
time="2026-08-06T19:22:37Z" level=error msg="Failed to store events for file session_2026-08-06_11-59-17_917219_1/3b94a5ba3d741ac419a7e7718d432deb97d0dc2f77dde0469ccde0f5/job_events/03000000/3b94a5ba3d741ac419a7e7718d432deb97d0dc2f77dde0469ccde0f5-2026-08-06-19-1786042831439945512.jsonl: TASK_LIFECYCLE_EVENT must have at least one state transition"
time="2026-08-06T19:22:38Z" level=error msg="Failed to store events for file session_2026-08-06_11-59-17_917219_1/3b94a5ba3d741ac419a7e7718d432deb97d0dc2f77dde0469ccde0f5/job_events/03000000/3b94a5ba3d741ac419a7e7718d432deb97d0dc2f77dde0469ccde0f5-2026-08-06-19-1786042831439945512.jsonl: TASK_LIFECYCLE_EVENT must have at least one state transition"
time="2026-08-06T19:22:38Z" level=error msg="Failed to store events for file session_2026-08-06_11-59-17_917219_1/3b94a5ba3d741ac419a7e7718d432deb97d0dc2f77dde0469ccde0f5/job_events/03000000/3b94a5ba3d741ac419a7e7718d432deb97d0dc2f77dde0469ccde0f5-2026-08-06-19-1786042831439945512.jsonl: TASK_LIFECYCLE_EVENT must have at least one state transition"
time="2026-08-06T19:22:38Z" level=error msg="Failed to store events for file session_2026-08-06_11-59-17_917219_1/3b94a5ba3d741ac419a7e7718d432deb97d0dc2f77dde0469ccde0f5/job_events/03000000/3b94a5ba3d741ac419a7e7718d432deb97d0dc2f77dde0469ccde0f5-2026-08-06-19-1786042831439945512.jsonl: TASK_LIFECYCLE_EVENT must have at least one state transition"
time="2026-08-06T19:22:38Z" level=error msg="Failed to store events for file session_2026-08-06_11-59-17_917219_1/3b94a5ba3d741ac419a7e7718d432deb97d0dc2f77dde0469ccde0f5/job_events/03000000/3b94a5ba3d741ac419a7e7718d432deb97d0dc2f77dde0469ccde0f5-2026-08-06-19-1786042831439945512.jsonl: TASK_LIFECYCLE_EVENT must have at least one state transition"
time="2026-08-06T19:22:38Z" level=info msg="Prepare to get object log/cluster-history/raycluster/test-ns-4zz46/raycluster-historyserver/session_2026-08-06_11-59-17_917219_1/ce2ef96af9711ffcdda1d27dbe75784897675832656bc6b7b1fa9be8/job_events/01000000/ce2ef96af9711ffcdda1d27dbe75784897675832656bc6b7b1fa9be8-2026-08-06-18-1786042763251598175.jsonl info ..."
time="2026-08-06T19:22:38Z" level=info msg="Prepare to get object log/cluster-history/raycluster/test-ns-4zz46/raycluster-historyserver/session_2026-08-06_11-59-17_917219_1/ce2ef96af9711ffcdda1d27dbe75784897675832656bc6b7b1fa9be8/job_events/02000000/ce2ef96af9711ffcdda1d27dbe75784897675832656bc6b7b1fa9be8-2026-08-06-18-1786042780492624044.jsonl info ..."
time="2026-08-06T19:22:38Z" level=info msg="Prepare to get object log/cluster-history/raycluster/test-ns-4zz46/raycluster-historyserver/session_2026-08-06_11-59-17_917219_1/ce2ef96af9711ffcdda1d27dbe75784897675832656bc6b7b1fa9be8/job_events/03000000/ce2ef96af9711ffcdda1d27dbe75784897675832656bc6b7b1fa9be8-2026-08-06-18-1786042781491851669.jsonl info ..."
time="2026-08-06T19:22:39Z" level=error msg="Failed to load session test-ns-4zz46/raycluster-historyserver/session_2026-08-06_11-59-17_917219_1: context canceled"
time="2026-08-06T19:22:48Z" level=info msg="Received request: GET /enter_cluster/test-ns-4zz46/raycluster/raycluster-historyserver/session_2026-08-06_11-59-17_917219_1"
time="2026-08-06T19:22:48Z" level=info msg="[List]Returned objects in log/cluster-metadata/. length of page.Contents: 2, length of page.CommonPrefixes: 0"
time="2026-08-06T19:22:48Z" level=error msg="Failed to parse meta file path: log/cluster-metadata/raycluster/test-ns-4zz46_raycluster-historyserver/, error: invalid path segment count for cluster metadata structure: log/cluster-metadata/raycluster/test-ns-4zz46_raycluster-historyserver/"
time="2026-08-06T19:22:48Z" level=info msg="Parsed cluster raycluster-historyserver for session session_2026-08-06_11-59-17_917219_1 to list"
gc 28 @1336.940s 1%: 0.58+7158+0.13 ms clock, 1.1+0.39/3553/4855+0.27 ms cpu, 2243->2277->699 MB, 2942 MB goal, 0 MB stacks, 0 MB globals, 2 P
time="2026-08-06T19:23:36Z" level=info msg="Prepare to get object log/cluster-history/raycluster/test-ns-4zz46/raycluster-historyserver/session_2026-08-06_11-59-17_917219_1/ce2ef96af9711ffcdda1d27dbe75784897675832656bc6b7b1fa9be8/job_events/03000000/ce2ef96af9711ffcdda1d27dbe75784897675832656bc6b7b1fa9be8-2026-08-06-19-1786042823473666134.jsonl info ..."
time="2026-08-06T19:23:49Z" level=error msg="Failed to load session test-ns-4zz46/raycluster-historyserver/session_2026-08-06_11-59-17_917219_1: context canceled"
time="2026-08-06T19:23:58Z" level=info msg="Received request: GET /enter_cluster/test-ns-4zz46/raycluster/raycluster-historyserver/session_2026-08-06_11-59-17_917219_1"
time="2026-08-06T19:23:58Z" level=info msg="[List]Returned objects in log/cluster-metadata/. length of page.Contents: 2, length of page.CommonPrefixes: 0"
time="2026-08-06T19:23:58Z" level=error msg="Failed to parse meta file path: log/cluster-metadata/raycluster/test-ns-4zz46_raycluster-historyserver/, error: invalid path segment count for cluster metadata structure: log/cluster-metadata/raycluster/test-ns-4zz46_raycluster-historyserver/"
time="2026-08-06T19:23:58Z" level=info msg="Parsed cluster raycluster-historyserver for session session_2026-08-06_11-59-17_917219_1 to list"
time="2026-08-06T19:23:58Z" level=error msg="Failed to load session test-ns-4zz46/raycluster-historyserver/session_2026-08-06_11-59-17_917219_1: context deadline exceeded"
time="2026-08-06T19:24:08Z" level=info msg="Received request: GET /enter_cluster/test-ns-4zz46/raycluster/raycluster-historyserver/session_2026-08-06_11-59-17_917219_1"
time="2026-08-06T19:24:08Z" level=info msg="[List]Returned objects in log/cluster-metadata/. length of page.Contents: 2, length of page.CommonPrefixes: 0"
time="2026-08-06T19:24:08Z" level=error msg="Failed to parse meta file path: log/cluster-metadata/raycluster/test-ns-4zz46_raycluster-historyserver/, error: invalid path segment count for cluster metadata structure: log/cluster-metadata/raycluster/test-ns-4zz46_raycluster-historyserver/"
time="2026-08-06T19:24:08Z" level=info msg="Parsed cluster raycluster-historyserver for session session_2026-08-06_11-59-17_917219_1 to list"
time="2026-08-06T19:24:08Z" level=info msg="[ListFiles]Returned objects in log/cluster-history/raycluster/test-ns-4zz46/raycluster-historyserver/session_2026-08-06_11-59-17_917219_1/. length of page.Contents: 0, length of page.CommonPrefixes: 3"
time="2026-08-06T19:24:08Z" level=info msg="[ListFiles]Returned objects in log/cluster-history/raycluster/test-ns-4zz46/raycluster-historyserver/session_2026-08-06_11-59-17_917219_1/3b94a5ba3d741ac419a7e7718d432deb97d0dc2f77dde0469ccde0f5/logs/events/. length of page.Contents: 13, length of page.CommonPrefixes: 0"
time="2026-08-06T19:24:08Z" level=info msg="Prepare to get object log/cluster-history/raycluster/test-ns-4zz46/raycluster-historyserver/session_2026-08-06_11-59-17_917219_1/3b94a5ba3d741ac419a7e7718d432deb97d0dc2f77dde0469ccde0f5/logs/events/event_CORE_WORKER_228.log info ..."
time="2026-08-06T19:24:08Z" level=info msg="Prepare to get object log/cluster-history/raycluster/test-ns-4zz46/raycluster-historyserver/session_2026-08-06_11-59-17_917219_1/3b94a5ba3d741ac419a7e7718d432deb97d0dc2f77dde0469ccde0f5/logs/events/event_CORE_WORKER_229.log info ..."
time="2026-08-06T19:24:08Z" level=info msg="Prepare to get object log/cluster-history/raycluster/test-ns-4zz46/raycluster-historyserver/session_2026-08-06_11-59-17_917219_1/3b94a5ba3d741ac419a7e7718d432deb97d0dc2f77dde0469ccde0f5/logs/events/event_CORE_WORKER_321.log info ..."
time="2026-08-06T19:24:08Z" level=info msg="Prepare to get object log/cluster-history/raycluster/test-ns-4zz46/raycluster-historyserver/session_2026-08-06_11-59-17_917219_1/3b94a5ba3d741ac419a7e7718d432deb97d0dc2f77dde0469ccde0f5/logs/events/event_CORE_WORKER_325.log info ..."
time="2026-08-06T19:24:08Z" level=info msg="Prepare to get object log/cluster-history/raycluster/test-ns-4zz46/raycluster-historyserver/session_2026-08-06_11-59-17_917219_1/3b94a5ba3d741ac419a7e7718d432deb97d0dc2f77dde0469ccde0f5/logs/events/event_CORE_WORKER_399.log info ..."
time="2026-08-06T19:24:08Z" level=info msg="Prepare to get object log/cluster-history/raycluster/test-ns-4zz46/raycluster-historyserver/session_2026-08-06_11-59-17_917219_1/3b94a5ba3d741ac419a7e7718d432deb97d0dc2f77dde0469ccde0f5/logs/events/event_CORE_WORKER_419.log info ..."
time="2026-08-06T19:24:08Z" level=info msg="Prepare to get object log/cluster-history/raycluster/test-ns-4zz46/raycluster-historyserver/session_2026-08-06_11-59-17_917219_1/3b94a5ba3d741ac419a7e7718d432deb97d0dc2f77dde0469ccde0f5/logs/events/event_CORE_WORKER_492.log info ..."
time="2026-08-06T19:24:08Z" level=info msg="Prepare to get object log/cluster-history/raycluster/test-ns-4zz46/raycluster-historyserver/session_2026-08-06_11-59-17_917219_1/3b94a5ba3d741ac419a7e7718d432deb97d0dc2f77dde0469ccde0f5/logs/events/event_CORE_WORKER_513.log info ..."
time="2026-08-06T19:24:08Z" level=info msg="Prepare to get object log/cluster-history/raycluster/test-ns-4zz46/raycluster-historyserver/session_2026-08-06_11-59-17_917219_1/3b94a5ba3d741ac419a7e7718d432deb97d0dc2f77dde0469ccde0f5/logs/events/event_CORE_WORKER_591.log info ..."
time="2026-08-06T19:24:08Z" level=info msg="Prepare to get object log/cluster-history/raycluster/test-ns-4zz46/raycluster-historyserver/session_2026-08-06_11-59-17_917219_1/3b94a5ba3d741ac419a7e7718d432deb97d0dc2f77dde0469ccde0f5/logs/events/event_CORE_WORKER_609.log info ..."
time="2026-08-06T19:24:08Z" level=info msg="Prepare to get object log/cluster-history/raycluster/test-ns-4zz46/raycluster-historyserver/session_2026-08-06_11-59-17_917219_1/3b94a5ba3d741ac419a7e7718d432deb97d0dc2f77dde0469ccde0f5/logs/events/event_CORE_WORKER_697.log info ..."
time="2026-08-06T19:24:08Z" level=info msg="Prepare to get object log/cluster-history/raycluster/test-ns-4zz46/raycluster-historyserver/session_2026-08-06_11-59-17_917219_1/3b94a5ba3d741ac419a7e7718d432deb97d0dc2f77dde0469ccde0f5/logs/events/event_RAYLET.log info ..."
time="2026-08-06T19:24:08Z" level=info msg="[ListFiles]Returned objects in log/cluster-history/raycluster/test-ns-4zz46/raycluster-historyserver/session_2026-08-06_11-59-17_917219_1/ce2ef96af9711ffcdda1d27dbe75784897675832656bc6b7b1fa9be8/logs/events/. length of page.Contents: 11, length of page.CommonPrefixes: 0"
time="2026-08-06T19:24:08Z" level=info msg="Prepare to get object log/cluster-history/raycluster/test-ns-4zz46/raycluster-historyserver/session_2026-08-06_11-59-17_917219_1/ce2ef96af9711ffcdda1d27dbe75784897675832656bc6b7b1fa9be8/logs/events/event_AUTOSCALER.log info ..."
time="2026-08-06T19:24:08Z" level=info msg="Prepare to get object log/cluster-history/raycluster/test-ns-4zz46/raycluster-historyserver/session_2026-08-06_11-59-17_917219_1/ce2ef96af9711ffcdda1d27dbe75784897675832656bc6b7b1fa9be8/logs/events/event_CORE_WORKER_1020.log info ..."
time="2026-08-06T19:24:08Z" level=info msg="Prepare to get object log/cluster-history/raycluster/test-ns-4zz46/raycluster-historyserver/session_2026-08-06_11-59-17_917219_1/ce2ef96af9711ffcdda1d27dbe75784897675832656bc6b7b1fa9be8/logs/events/event_CORE_WORKER_1176.log info ..."
time="2026-08-06T19:24:08Z" level=info msg="Prepare to get object log/cluster-history/raycluster/test-ns-4zz46/raycluster-historyserver/session_2026-08-06_11-59-17_917219_1/ce2ef96af9711ffcdda1d27dbe75784897675832656bc6b7b1fa9be8/logs/events/event_CORE_WORKER_201.log info ..."
time="2026-08-06T19:24:08Z" level=info msg="Prepare to get object log/cluster-history/raycluster/test-ns-4zz46/raycluster-historyserver/session_2026-08-06_11-59-17_917219_1/ce2ef96af9711ffcdda1d27dbe75784897675832656bc6b7b1fa9be8/logs/events/event_CORE_WORKER_206.log info ..."
time="2026-08-06T19:24:08Z" level=info msg="Prepare to get object log/cluster-history/raycluster/test-ns-4zz46/raycluster-historyserver/session_2026-08-06_11-59-17_917219_1/ce2ef96af9711ffcdda1d27dbe75784897675832656bc6b7b1fa9be8/logs/events/event_CORE_WORKER_680.log info ..."
time="2026-08-06T19:24:08Z" level=info msg="Prepare to get object log/cluster-history/raycluster/test-ns-4zz46/raycluster-historyserver/session_2026-08-06_11-59-17_917219_1/ce2ef96af9711ffcdda1d27dbe75784897675832656bc6b7b1fa9be8/logs/events/event_CORE_WORKER_963.log info ..."
time="2026-08-06T19:24:08Z" level=info msg="Prepare to get object log/cluster-history/raycluster/test-ns-4zz46/raycluster-historyserver/session_2026-08-06_11-59-17_917219_1/ce2ef96af9711ffcdda1d27dbe75784897675832656bc6b7b1fa9be8/logs/events/event_GCS.log info ..."
time="2026-08-06T19:24:08Z" level=info msg="Prepare to get object log/cluster-history/raycluster/test-ns-4zz46/raycluster-historyserver/session_2026-08-06_11-59-17_917219_1/ce2ef96af9711ffcdda1d27dbe75784897675832656bc6b7b1fa9be8/logs/events/event_JOBS.log info ..."
time="2026-08-06T19:24:08Z" level=info msg="Prepare to get object log/cluster-history/raycluster/test-ns-4zz46/raycluster-historyserver/session_2026-08-06_11-59-17_917219_1/ce2ef96af9711ffcdda1d27dbe75784897675832656bc6b7b1fa9be8/logs/events/event_RAYLET.log info ..."
time="2026-08-06T19:24:08Z" level=info msg="[ListFiles]Returned objects in log/cluster-history/raycluster/test-ns-4zz46/raycluster-historyserver/session_2026-08-06_11-59-17_917219_1/fetched_endpoints/logs/events/. length of page.Contents: 0, length of page.CommonPrefixes: 0"
time="2026-08-06T19:24:08Z" level=info msg="[ListFiles]Returned objects in log/cluster-history/raycluster/test-ns-4zz46/raycluster-historyserver/session_2026-08-06_11-59-17_917219_1/. length of page.Contents: 0, length of page.CommonPrefixes: 3"
time="2026-08-06T19:24:08Z" level=info msg="[ListFiles]Returned objects in log/cluster-history/raycluster/test-ns-4zz46/raycluster-historyserver/session_2026-08-06_11-59-17_917219_1/3b94a5ba3d741ac419a7e7718d432deb97d0dc2f77dde0469ccde0f5/job_events/. length of page.Contents: 0, length of page.CommonPrefixes: 1"
time="2026-08-06T19:24:08Z" level=info msg="[ListFiles]Returned objects in log/cluster-history/raycluster/test-ns-4zz46/raycluster-historyserver/session_2026-08-06_11-59-17_917219_1/3b94a5ba3d741ac419a7e7718d432deb97d0dc2f77dde0469ccde0f5/job_events/03000000/. length of page.Contents: 3, length of page.CommonPrefixes: 0"
time="2026-08-06T19:24:08Z" level=info msg="[ListFiles]Returned objects in log/cluster-history/raycluster/test-ns-4zz46/raycluster-historyserver/session_2026-08-06_11-59-17_917219_1/ce2ef96af9711ffcdda1d27dbe75784897675832656bc6b7b1fa9be8/job_events/. length of page.Contents: 0, length of page.CommonPrefixes: 4"
time="2026-08-06T19:24:08Z" level=info msg="[ListFiles]Returned objects in log/cluster-history/raycluster/test-ns-4zz46/raycluster-historyserver/session_2026-08-06_11-59-17_917219_1/ce2ef96af9711ffcdda1d27dbe75784897675832656bc6b7b1fa9be8/job_events/01000000/. length of page.Contents: 2, length of page.CommonPrefixes: 0"
time="2026-08-06T19:24:08Z" level=info msg="[ListFiles]Returned objects in log/cluster-history/raycluster/test-ns-4zz46/raycluster-historyserver/session_2026-08-06_11-59-17_917219_1/ce2ef96af9711ffcdda1d27dbe75784897675832656bc6b7b1fa9be8/job_events/02000000/. length of page.Contents: 2, length of page.CommonPrefixes: 0"
time="2026-08-06T19:24:08Z" level=info msg="[ListFiles]Returned objects in log/cluster-history/raycluster/test-ns-4zz46/raycluster-historyserver/session_2026-08-06_11-59-17_917219_1/ce2ef96af9711ffcdda1d27dbe75784897675832656bc6b7b1fa9be8/job_events/03000000/. length of page.Contents: 3, length of page.CommonPrefixes: 0"
time="2026-08-06T19:24:08Z" level=info msg="[ListFiles]Returned objects in log/cluster-history/raycluster/test-ns-4zz46/raycluster-historyserver/session_2026-08-06_11-59-17_917219_1/ce2ef96af9711ffcdda1d27dbe75784897675832656bc6b7b1fa9be8/job_events/04000000/. length of page.Contents: 2, length of page.CommonPrefixes: 0"
time="2026-08-06T19:24:08Z" level=info msg="[ListFiles]Returned objects in log/cluster-history/raycluster/test-ns-4zz46/raycluster-historyserver/session_2026-08-06_11-59-17_917219_1/fetched_endpoints/job_events/. length of page.Contents: 0, length of page.CommonPrefixes: 0"
time="2026-08-06T19:24:08Z" level=info msg="[ListFiles]Returned objects in log/cluster-history/raycluster/test-ns-4zz46/raycluster-historyserver/session_2026-08-06_11-59-17_917219_1/. length of page.Contents: 0, length of page.CommonPrefixes: 3"
time="2026-08-06T19:24:08Z" level=info msg="[ListFiles]Returned objects in log/cluster-history/raycluster/test-ns-4zz46/raycluster-historyserver/session_2026-08-06_11-59-17_917219_1/3b94a5ba3d741ac419a7e7718d432deb97d0dc2f77dde0469ccde0f5/node_events/. length of page.Contents: 0, length of page.CommonPrefixes: 0"
time="2026-08-06T19:24:08Z" level=info msg="[ListFiles]Returned objects in log/cluster-history/raycluster/test-ns-4zz46/raycluster-historyserver/session_2026-08-06_11-59-17_917219_1/ce2ef96af9711ffcdda1d27dbe75784897675832656bc6b7b1fa9be8/node_events/. length of page.Contents: 2, length of page.CommonPrefixes: 0"
time="2026-08-06T19:24:08Z" level=info msg="[ListFiles]Returned objects in log/cluster-history/raycluster/test-ns-4zz46/raycluster-historyserver/session_2026-08-06_11-59-17_917219_1/fetched_endpoints/node_events/. length of page.Contents: 0, length of page.CommonPrefixes: 0"
time="2026-08-06T19:24:08Z" level=info msg="Prepare to get object log/cluster-history/raycluster/test-ns-4zz46/raycluster-historyserver/session_2026-08-06_11-59-17_917219_1/3b94a5ba3d741ac419a7e7718d432deb97d0dc2f77dde0469ccde0f5/job_events/03000000/3b94a5ba3d741ac419a7e7718d432deb97d0dc2f77dde0469ccde0f5-2026-08-06-18-1786042783481825420.jsonl info ..."
gc 29 @1406.024s 1%: 0.30+2397+0.079 ms clock, 0.60+0.10/1198/1731+0.15 ms cpu, 2668->2682->481 MB, 3500 MB goal, 0 MB stacks, 0 MB globals, 2 P
time="2026-08-06T19:24:37Z" level=error msg="Failed to store events for file session_2026-08-06_11-59-17_917219_1/3b94a5ba3d741ac419a7e7718d432deb97d0dc2f77dde0469ccde0f5/job_events/03000000/3b94a5ba3d741ac419a7e7718d432deb97d0dc2f77dde0469ccde0f5-2026-08-06-18-1786042783481825420.jsonl: TASK_LIFECYCLE_EVENT must have at least one state transition"
time="2026-08-06T19:24:37Z" level=error msg="Failed to store events for file session_2026-08-06_11-59-17_917219_1/3b94a5ba3d741ac419a7e7718d432deb97d0dc2f77dde0469ccde0f5/job_events/03000000/3b94a5ba3d741ac419a7e7718d432deb97d0dc2f77dde0469ccde0f5-2026-08-06-18-1786042783481825420.jsonl: TASK_LIFECYCLE_EVENT must have at least one state transition"
time="2026-08-06T19:24:38Z" level=error msg="Failed to store events for file session_2026-08-06_11-59-17_917219_1/3b94a5ba3d741ac419a7e7718d432deb97d0dc2f77dde0469ccde0f5/job_events/03000000/3b94a5ba3d741ac419a7e7718d432deb97d0dc2f77dde0469ccde0f5-2026-08-06-18-1786042783481825420.jsonl: TASK_LIFECYCLE_EVENT must have at least one state transition"
time="2026-08-06T19:24:38Z" level=error msg="Failed to store events for file session_2026-08-06_11-59-17_917219_1/3b94a5ba3d741ac419a7e7718d432deb97d0dc2f77dde0469ccde0f5/job_events/03000000/3b94a5ba3d741ac419a7e7718d432deb97d0dc2f77dde0469ccde0f5-2026-08-06-18-1786042783481825420.jsonl: TASK_LIFECYCLE_EVENT must have at least one state transition"
time="2026-08-06T19:24:38Z" level=error msg="Failed to store events for file session_2026-08-06_11-59-17_917219_1/3b94a5ba3d741ac419a7e7718d432deb97d0dc2f77dde0469ccde0f5/job_events/03000000/3b94a5ba3d741ac419a7e7718d432deb97d0dc2f77dde0469ccde0f5-2026-08-06-18-1786042783481825420.jsonl: TASK_LIFECYCLE_EVENT must have at least one state transition"
time="2026-08-06T19:24:40Z" level=error msg="Failed to store events for file session_2026-08-06_11-59-17_917219_1/3b94a5ba3d741ac419a7e7718d432deb97d0dc2f77dde0469ccde0f5/job_events/03000000/3b94a5ba3d741ac419a7e7718d432deb97d0dc2f77dde0469ccde0f5-2026-08-06-18-1786042783481825420.jsonl: TASK_LIFECYCLE_EVENT must have at least one state transition"
time="2026-08-06T19:24:40Z" level=error msg="Failed to store events for file session_2026-08-06_11-59-17_917219_1/3b94a5ba3d741ac419a7e7718d432deb97d0dc2f77dde0469ccde0f5/job_events/03000000/3b94a5ba3d741ac419a7e7718d432deb97d0dc2f77dde0469ccde0f5-2026-08-06-18-1786042783481825420.jsonl: TASK_LIFECYCLE_EVENT must have at least one state transition"
time="2026-08-06T19:24:41Z" level=error msg="Failed to store events for file session_2026-08-06_11-59-17_917219_1/3b94a5ba3d741ac419a7e7718d432deb97d0dc2f77dde0469ccde0f5/job_events/03000000/3b94a5ba3d741ac419a7e7718d432deb97d0dc2f77dde0469ccde0f5-2026-08-06-18-1786042783481825420.jsonl: TASK_LIFECYCLE_EVENT must have at least one state transition"
time="2026-08-06T19:24:41Z" level=error msg="Failed to store events for file session_2026-08-06_11-59-17_917219_1/3b94a5ba3d741ac419a7e7718d432deb97d0dc2f77dde0469ccde0f5/job_events/03000000/3b94a5ba3d741ac419a7e7718d432deb97d0dc2f77dde0469ccde0f5-2026-08-06-18-1786042783481825420.jsonl: TASK_LIFECYCLE_EVENT must have at least one state transition"
time="2026-08-06T19:24:41Z" level=error msg="Failed to store events for file session_2026-08-06_11-59-17_917219_1/3b94a5ba3d741ac419a7e7718d432deb97d0dc2f77dde0469ccde0f5/job_events/03000000/3b94a5ba3d741ac419a7e7718d432deb97d0dc2f77dde0469ccde0f5-2026-08-06-18-1786042783481825420.jsonl: TASK_LIFECYCLE_EVENT must have at least one state transition"
time="2026-08-06T19:24:42Z" level=error msg="Failed to store events for file session_2026-08-06_11-59-17_917219_1/3b94a5ba3d741ac419a7e7718d432deb97d0dc2f77dde0469ccde0f5/job_events/03000000/3b94a5ba3d741ac419a7e7718d432deb97d0dc2f77dde0469ccde0f5-2026-08-06-18-1786042783481825420.jsonl: TASK_LIFECYCLE_EVENT must have at least one state transition"
time="2026-08-06T19:24:42Z" level=error msg="Failed to store events for file session_2026-08-06_11-59-17_917219_1/3b94a5ba3d741ac419a7e7718d432deb97d0dc2f77dde0469ccde0f5/job_events/03000000/3b94a5ba3d741ac419a7e7718d432deb97d0dc2f77dde0469ccde0f5-2026-08-06-18-1786042783481825420.jsonl: TASK_LIFECYCLE_EVENT must have at least one state transition"
time="2026-08-06T19:24:42Z" level=error msg="Failed to store events for file session_2026-08-06_11-59-17_917219_1/3b94a5ba3d741ac419a7e7718d432deb97d0dc2f77dde0469ccde0f5/job_events/03000000/3b94a5ba3d741ac419a7e7718d432deb97d0dc2f77dde0469ccde0f5-2026-08-06-18-1786042783481825420.jsonl: TASK_LIFECYCLE_EVENT must have at least one state transition"
time="2026-08-06T19:24:43Z" level=error msg="Failed to store events for file session_2026-08-06_11-59-17_917219_1/3b94a5ba3d741ac419a7e7718d432deb97d0dc2f77dde0469ccde0f5/job_events/03000000/3b94a5ba3d741ac419a7e7718d432deb97d0dc2f77dde0469ccde0f5-2026-08-06-18-1786042783481825420.jsonl: TASK_LIFECYCLE_EVENT must have at least one state transition"
time="2026-08-06T19:24:43Z" level=error msg="Failed to store events for file session_2026-08-06_11-59-17_917219_1/3b94a5ba3d741ac419a7e7718d432deb97d0dc2f77dde0469ccde0f5/job_events/03000000/3b94a5ba3d741ac419a7e7718d432deb97d0dc2f77dde0469ccde0f5-2026-08-06-18-1786042783481825420.jsonl: TASK_LIFECYCLE_EVENT must have at least one state transition"
time="2026-08-06T19:24:43Z" level=error msg="Failed to store events for file session_2026-08-06_11-59-17_917219_1/3b94a5ba3d741ac419a7e7718d432deb97d0dc2f77dde0469ccde0f5/job_events/03000000/3b94a5ba3d741ac419a7e7718d432deb97d0dc2f77dde0469ccde0f5-2026-08-06-18-1786042783481825420.jsonl: TASK_LIFECYCLE_EVENT must have at least one state transition"
time="2026-08-06T19:24:44Z" level=error msg="Failed to store events for file session_2026-08-06_11-59-17_917219_1/3b94a5ba3d741ac419a7e7718d432deb97d0dc2f77dde0469ccde0f5/job_events/03000000/3b94a5ba3d741ac419a7e7718d432deb97d0dc2f77dde0469ccde0f5-2026-08-06-18-1786042783481825420.jsonl: TASK_LIFECYCLE_EVENT must have at least one state transition"
time="2026-08-06T19:24:44Z" level=error msg="Failed to store events for file session_2026-08-06_11-59-17_917219_1/3b94a5ba3d741ac419a7e7718d432deb97d0dc2f77dde0469ccde0f5/job_events/03000000/3b94a5ba3d741ac419a7e7718d432deb97d0dc2f77dde0469ccde0f5-2026-08-06-18-1786042783481825420.jsonl: TASK_LIFECYCLE_EVENT must have at least one state transition"
time="2026-08-06T19:24:44Z" level=error msg="Failed to store events for file session_2026-08-06_11-59-17_917219_1/3b94a5ba3d741ac419a7e7718d432deb97d0dc2f77dde0469ccde0f5/job_events/03000000/3b94a5ba3d741ac419a7e7718d432deb97d0dc2f77dde0469ccde0f5-2026-08-06-18-1786042783481825420.jsonl: TASK_LIFECYCLE_EVENT must have at least one state transition"
time="2026-08-06T19:24:45Z" level=error msg="Failed to store events for file session_2026-08-06_11-59-17_917219_1/3b94a5ba3d741ac419a7e7718d432deb97d0dc2f77dde0469ccde0f5/job_events/03000000/3b94a5ba3d741ac419a7e7718d432deb97d0dc2f77dde0469ccde0f5-2026-08-06-18-1786042783481825420.jsonl: TASK_LIFECYCLE_EVENT must have at least one state transition"
time="2026-08-06T19:24:45Z" level=error msg="Failed to store events for file session_2026-08-06_11-59-17_917219_1/3b94a5ba3d741ac419a7e7718d432deb97d0dc2f77dde0469ccde0f5/job_events/03000000/3b94a5ba3d741ac419a7e7718d432deb97d0dc2f77dde0469ccde0f5-2026-08-06-18-1786042783481825420.jsonl: TASK_LIFECYCLE_EVENT must have at least one state transition"
time="2026-08-06T19:24:45Z" level=error msg="Failed to store events for file session_2026-08-06_11-59-17_917219_1/3b94a5ba3d741ac419a7e7718d432deb97d0dc2f77dde0469ccde0f5/job_events/03000000/3b94a5ba3d741ac419a7e7718d432deb97d0dc2f77dde0469ccde0f5-2026-08-06-18-1786042783481825420.jsonl: TASK_LIFECYCLE_EVENT must have at least one state transition"
time="2026-08-06T19:24:45Z" level=error msg="Failed to store events for file session_2026-08-06_11-59-17_917219_1/3b94a5ba3d741ac419a7e7718d432deb97d0dc2f77dde0469ccde0f5/job_events/03000000/3b94a5ba3d741ac419a7e7718d432deb97d0dc2f77dde0469ccde0f5-2026-08-06-18-1786042783481825420.jsonl: TASK_LIFECYCLE_EVENT must have at least one state transition"
time="2026-08-06T19:24:46Z" level=error msg="Failed to store events for file session_2026-08-06_11-59-17_917219_1/3b94a5ba3d741ac419a7e7718d432deb97d0dc2f77dde0469ccde0f5/job_events/03000000/3b94a5ba3d741ac419a7e7718d432deb97d0dc2f77dde0469ccde0f5-2026-08-06-18-1786042783481825420.jsonl: TASK_LIFECYCLE_EVENT must have at least one state transition"
time="2026-08-06T19:24:47Z" level=error msg="Failed to store events for file session_2026-08-06_11-59-17_917219_1/3b94a5ba3d741ac419a7e7718d432deb97d0dc2f77dde0469ccde0f5/job_events/03000000/3b94a5ba3d741ac419a7e7718d432deb97d0dc2f77dde0469ccde0f5-2026-08-06-18-1786042783481825420.jsonl: TASK_LIFECYCLE_EVENT must have at least one state transition"
time="2026-08-06T19:24:47Z" level=error msg="Failed to store events for file session_2026-08-06_11-59-17_917219_1/3b94a5ba3d741ac419a7e7718d432deb97d0dc2f77dde0469ccde0f5/job_events/03000000/3b94a5ba3d741ac419a7e7718d432deb97d0dc2f77dde0469ccde0f5-2026-08-06-18-1786042783481825420.jsonl: TASK_LIFECYCLE_EVENT must have at least one state transition"
time="2026-08-06T19:24:48Z" level=error msg="Failed to store events for file session_2026-08-06_11-59-17_917219_1/3b94a5ba3d741ac419a7e7718d432deb97d0dc2f77dde0469ccde0f5/job_events/03000000/3b94a5ba3d741ac419a7e7718d432deb97d0dc2f77dde0469ccde0f5-2026-08-06-18-1786042783481825420.jsonl: TASK_LIFECYCLE_EVENT must have at least one state transition"
time="2026-08-06T19:24:49Z" level=error msg="Failed to store events for file session_2026-08-06_11-59-17_917219_1/3b94a5ba3d741ac419a7e7718d432deb97d0dc2f77dde0469ccde0f5/job_events/03000000/3b94a5ba3d741ac419a7e7718d432deb97d0dc2f77dde0469ccde0f5-2026-08-06-18-1786042783481825420.jsonl: TASK_LIFECYCLE_EVENT must have at least one state transition"
time="2026-08-06T19:24:49Z" level=error msg="Failed to store events for file session_2026-08-06_11-59-17_917219_1/3b94a5ba3d741ac419a7e7718d432deb97d0dc2f77dde0469ccde0f5/job_events/03000000/3b94a5ba3d741ac419a7e7718d432deb97d0dc2f77dde0469ccde0f5-2026-08-06-18-1786042783481825420.jsonl: TASK_LIFECYCLE_EVENT must have at least one state transition"
time="2026-08-06T19:24:49Z" level=error msg="Failed to store events for file session_2026-08-06_11-59-17_917219_1/3b94a5ba3d741ac419a7e7718d432deb97d0dc2f77dde0469ccde0f5/job_events/03000000/3b94a5ba3d741ac419a7e7718d432deb97d0dc2f77dde0469ccde0f5-2026-08-06-18-1786042783481825420.jsonl: TASK_LIFECYCLE_EVENT must have at least one state transition"
time="2026-08-06T19:24:49Z" level=error msg="Failed to store events for file session_2026-08-06_11-59-17_917219_1/3b94a5ba3d741ac419a7e7718d432deb97d0dc2f77dde0469ccde0f5/job_events/03000000/3b94a5ba3d741ac419a7e7718d432deb97d0dc2f77dde0469ccde0f5-2026-08-06-18-1786042783481825420.jsonl: TASK_LIFECYCLE_EVENT must have at least one state transition"
time="2026-08-06T19:24:51Z" level=error msg="Failed to store events for file session_2026-08-06_11-59-17_917219_1/3b94a5ba3d741ac419a7e7718d432deb97d0dc2f77dde0469ccde0f5/job_events/03000000/3b94a5ba3d741ac419a7e7718d432deb97d0dc2f77dde0469ccde0f5-2026-08-06-18-1786042783481825420.jsonl: TASK_LIFECYCLE_EVENT must have at least one state transition"
time="2026-08-06T19:24:51Z" level=error msg="Failed to store events for file session_2026-08-06_11-59-17_917219_1/3b94a5ba3d741ac419a7e7718d432deb97d0dc2f77dde0469ccde0f5/job_events/03000000/3b94a5ba3d741ac419a7e7718d432deb97d0dc2f77dde0469ccde0f5-2026-08-06-18-1786042783481825420.jsonl: TASK_LIFECYCLE_EVENT must have at least one state transition"
time="2026-08-06T19:24:51Z" level=error msg="Failed to store events for file session_2026-08-06_11-59-17_917219_1/3b94a5ba3d741ac419a7e7718d432deb97d0dc2f77dde0469ccde0f5/job_events/03000000/3b94a5ba3d741ac419a7e7718d432deb97d0dc2f77dde0469ccde0f5-2026-08-06-18-1786042783481825420.jsonl: TASK_LIFECYCLE_EVENT must have at least one state transition"
time="2026-08-06T19:24:52Z" level=error msg="Failed to store events for file session_2026-08-06_11-59-17_917219_1/3b94a5ba3d741ac419a7e7718d432deb97d0dc2f77dde0469ccde0f5/job_events/03000000/3b94a5ba3d741ac419a7e7718d432deb97d0dc2f77dde0469ccde0f5-2026-08-06-18-1786042783481825420.jsonl: TASK_LIFECYCLE_EVENT must have at least one state transition"
time="2026-08-06T19:24:52Z" level=error msg="Failed to store events for file session_2026-08-06_11-59-17_917219_1/3b94a5ba3d741ac419a7e7718d432deb97d0dc2f77dde0469ccde0f5/job_events/03000000/3b94a5ba3d741ac419a7e7718d432deb97d0dc2f77dde0469ccde0f5-2026-08-06-18-1786042783481825420.jsonl: TASK_LIFECYCLE_EVENT must have at least one state transition"
time="2026-08-06T19:24:52Z" level=error msg="Failed to store events for file session_2026-08-06_11-59-17_917219_1/3b94a5ba3d741ac419a7e7718d432deb97d0dc2f77dde0469ccde0f5/job_events/03000000/3b94a5ba3d741ac419a7e7718d432deb97d0dc2f77dde0469ccde0f5-2026-08-06-18-1786042783481825420.jsonl: TASK_LIFECYCLE_EVENT must have at least one state transition"
time="2026-08-06T19:24:53Z" level=error msg="Failed to store events for file session_2026-08-06_11-59-17_917219_1/3b94a5ba3d741ac419a7e7718d432deb97d0dc2f77dde0469ccde0f5/job_events/03000000/3b94a5ba3d741ac419a7e7718d432deb97d0dc2f77dde0469ccde0f5-2026-08-06-18-1786042783481825420.jsonl: TASK_LIFECYCLE_EVENT must have at least one state transition"
time="2026-08-06T19:24:53Z" level=error msg="Failed to store events for file session_2026-08-06_11-59-17_917219_1/3b94a5ba3d741ac419a7e7718d432deb97d0dc2f77dde0469ccde0f5/job_events/03000000/3b94a5ba3d741ac419a7e7718d432deb97d0dc2f77dde0469ccde0f5-2026-08-06-18-1786042783481825420.jsonl: TASK_LIFECYCLE_EVENT must have at least one state transition"
time="2026-08-06T19:24:54Z" level=error msg="Failed to store events for file session_2026-08-06_11-59-17_917219_1/3b94a5ba3d741ac419a7e7718d432deb97d0dc2f77dde0469ccde0f5/job_events/03000000/3b94a5ba3d741ac419a7e7718d432deb97d0dc2f77dde0469ccde0f5-2026-08-06-18-1786042783481825420.jsonl: TASK_LIFECYCLE_EVENT must have at least one state transition"
time="2026-08-06T19:24:54Z" level=error msg="Failed to store events for file session_2026-08-06_11-59-17_917219_1/3b94a5ba3d741ac419a7e7718d432deb97d0dc2f77dde0469ccde0f5/job_events/03000000/3b94a5ba3d741ac419a7e7718d432deb97d0dc2f77dde0469ccde0f5-2026-08-06-18-1786042783481825420.jsonl: TASK_LIFECYCLE_EVENT must have at least one state transition"
time="2026-08-06T19:24:54Z" level=error msg="Failed to store events for file session_2026-08-06_11-59-17_917219_1/3b94a5ba3d741ac419a7e7718d432deb97d0dc2f77dde0469ccde0f5/job_events/03000000/3b94a5ba3d741ac419a7e7718d432deb97d0dc2f77dde0469ccde0f5-2026-08-06-18-1786042783481825420.jsonl: TASK_LIFECYCLE_EVENT must have at least one state transition"
time="2026-08-06T19:24:54Z" level=error msg="Failed to store events for file session_2026-08-06_11-59-17_917219_1/3b94a5ba3d741ac419a7e7718d432deb97d0dc2f77dde0469ccde0f5/job_events/03000000/3b94a5ba3d741ac419a7e7718d432deb97d0dc2f77dde0469ccde0f5-2026-08-06-18-1786042783481825420.jsonl: TASK_LIFECYCLE_EVENT must have at least one state transition"
time="2026-08-06T19:24:55Z" level=error msg="Failed to store events for file session_2026-08-06_11-59-17_917219_1/3b94a5ba3d741ac419a7e7718d432deb97d0dc2f77dde0469ccde0f5/job_events/03000000/3b94a5ba3d741ac419a7e7718d432deb97d0dc2f77dde0469ccde0f5-2026-08-06-18-1786042783481825420.jsonl: TASK_LIFECYCLE_EVENT must have at least one state transition"
time="2026-08-06T19:24:56Z" level=error msg="Failed to store events for file session_2026-08-06_11-59-17_917219_1/3b94a5ba3d741ac419a7e7718d432deb97d0dc2f77dde0469ccde0f5/job_events/03000000/3b94a5ba3d741ac419a7e7718d432deb97d0dc2f77dde0469ccde0f5-2026-08-06-18-1786042783481825420.jsonl: TASK_LIFECYCLE_EVENT must have at least one state transition"
time="2026-08-06T19:24:57Z" level=error msg="Failed to store events for file session_2026-08-06_11-59-17_917219_1/3b94a5ba3d741ac419a7e7718d432deb97d0dc2f77dde0469ccde0f5/job_events/03000000/3b94a5ba3d741ac419a7e7718d432deb97d0dc2f77dde0469ccde0f5-2026-08-06-18-1786042783481825420.jsonl: TASK_LIFECYCLE_EVENT must have at least one state transition"
time="2026-08-06T19:24:57Z" level=error msg="Failed to store events for file session_2026-08-06_11-59-17_917219_1/3b94a5ba3d741ac419a7e7718d432deb97d0dc2f77dde0469ccde0f5/job_events/03000000/3b94a5ba3d741ac419a7e7718d432deb97d0dc2f77dde0469ccde0f5-2026-08-06-18-1786042783481825420.jsonl: TASK_LIFECYCLE_EVENT must have at least one state transition"
time="2026-08-06T19:24:58Z" level=error msg="Failed to store events for file session_2026-08-06_11-59-17_917219_1/3b94a5ba3d741ac419a7e7718d432deb97d0dc2f77dde0469ccde0f5/job_events/03000000/3b94a5ba3d741ac419a7e7718d432deb97d0dc2f77dde0469ccde0f5-2026-08-06-18-1786042783481825420.jsonl: TASK_LIFECYCLE_EVENT must have at least one state transition"
time="2026-08-06T19:25:01Z" level=error msg="Failed to store events for file session_2026-08-06_11-59-17_917219_1/3b94a5ba3d741ac419a7e7718d432deb97d0dc2f77dde0469ccde0f5/job_events/03000000/3b94a5ba3d741ac419a7e7718d432deb97d0dc2f77dde0469ccde0f5-2026-08-06-18-1786042783481825420.jsonl: TASK_LIFECYCLE_EVENT must have at least one state transition"
time="2026-08-06T19:25:01Z" level=error msg="Failed to store events for file session_2026-08-06_11-59-17_917219_1/3b94a5ba3d741ac419a7e7718d432deb97d0dc2f77dde0469ccde0f5/job_events/03000000/3b94a5ba3d741ac419a7e7718d432deb97d0dc2f77dde0469ccde0f5-2026-08-06-18-1786042783481825420.jsonl: TASK_LIFECYCLE_EVENT must have at least one state transition"
time="2026-08-06T19:25:01Z" level=error msg="Failed to store events for file session_2026-08-06_11-59-17_917219_1/3b94a5ba3d741ac419a7e7718d432deb97d0dc2f77dde0469ccde0f5/job_events/03000000/3b94a5ba3d741ac419a7e7718d432deb97d0dc2f77dde0469ccde0f5-2026-08-06-18-1786042783481825420.jsonl: TASK_LIFECYCLE_EVENT must have at least one state transition"
time="2026-08-06T19:25:01Z" level=error msg="Failed to store events for file session_2026-08-06_11-59-17_917219_1/3b94a5ba3d741ac419a7e7718d432deb97d0dc2f77dde0469ccde0f5/job_events/03000000/3b94a5ba3d741ac419a7e7718d432deb97d0dc2f77dde0469ccde0f5-2026-08-06-18-1786042783481825420.jsonl: TASK_LIFECYCLE_EVENT must have at least one state transition"
time="2026-08-06T19:25:01Z" level=error msg="Failed to store events for file session_2026-08-06_11-59-17_917219_1/3b94a5ba3d741ac419a7e7718d432deb97d0dc2f77dde0469ccde0f5/job_events/03000000/3b94a5ba3d741ac419a7e7718d432deb97d0dc2f77dde0469ccde0f5-2026-08-06-18-1786042783481825420.jsonl: TASK_LIFECYCLE_EVENT must have at least one state transition"
time="2026-08-06T19:25:02Z" level=error msg="Failed to store events for file session_2026-08-06_11-59-17_917219_1/3b94a5ba3d741ac419a7e7718d432deb97d0dc2f77dde0469ccde0f5/job_events/03000000/3b94a5ba3d741ac419a7e7718d432deb97d0dc2f77dde0469ccde0f5-2026-08-06-18-1786042783481825420.jsonl: TASK_LIFECYCLE_EVENT must have at least one state transition"
time="2026-08-06T19:25:02Z" level=error msg="Failed to store events for file session_2026-08-06_11-59-17_917219_1/3b94a5ba3d741ac419a7e7718d432deb97d0dc2f77dde0469ccde0f5/job_events/03000000/3b94a5ba3d741ac419a7e7718d432deb97d0dc2f77dde0469ccde0f5-2026-08-06-18-1786042783481825420.jsonl: TASK_LIFECYCLE_EVENT must have at least one state transition"
time="2026-08-06T19:25:03Z" level=error msg="Failed to store events for file session_2026-08-06_11-59-17_917219_1/3b94a5ba3d741ac419a7e7718d432deb97d0dc2f77dde0469ccde0f5/job_events/03000000/3b94a5ba3d741ac419a7e7718d432deb97d0dc2f77dde0469ccde0f5-2026-08-06-18-1786042783481825420.jsonl: TASK_LIFECYCLE_EVENT must have at least one state transition"
time="2026-08-06T19:25:03Z" level=error msg="Failed to store events for file session_2026-08-06_11-59-17_917219_1/3b94a5ba3d741ac419a7e7718d432deb97d0dc2f77dde0469ccde0f5/job_events/03000000/3b94a5ba3d741ac419a7e7718d432deb97d0dc2f77dde0469ccde0f5-2026-08-06-18-1786042783481825420.jsonl: TASK_LIFECYCLE_EVENT must have at least one state transition"
time="2026-08-06T19:25:04Z" level=error msg="Failed to store events for file session_2026-08-06_11-59-17_917219_1/3b94a5ba3d741ac419a7e7718d432deb97d0dc2f77dde0469ccde0f5/job_events/03000000/3b94a5ba3d741ac419a7e7718d432deb97d0dc2f77dde0469ccde0f5-2026-08-06-18-1786042783481825420.jsonl: TASK_LIFECYCLE_EVENT must have at least one state transition"
time="2026-08-06T19:25:04Z" level=error msg="Failed to store events for file session_2026-08-06_11-59-17_917219_1/3b94a5ba3d741ac419a7e7718d432deb97d0dc2f77dde0469ccde0f5/job_events/03000000/3b94a5ba3d741ac419a7e7718d432deb97d0dc2f77dde0469ccde0f5-2026-08-06-18-1786042783481825420.jsonl: TASK_LIFECYCLE_EVENT must have at least one state transition"
time="2026-08-06T19:25:04Z" level=info msg="Prepare to get object log/cluster-history/raycluster/test-ns-4zz46/raycluster-historyserver/session_2026-08-06_11-59-17_917219_1/3b94a5ba3d741ac419a7e7718d432deb97d0dc2f77dde0469ccde0f5/job_events/03000000/3b94a5ba3d741ac419a7e7718d432deb97d0dc2f77dde0469ccde0f5-2026-08-06-19-1786042831439945512.jsonl info ..."
time="2026-08-06T19:25:07Z" level=error msg="Failed to store events for file session_2026-08-06_11-59-17_917219_1/3b94a5ba3d741ac419a7e7718d432deb97d0dc2f77dde0469ccde0f5/job_events/03000000/3b94a5ba3d741ac419a7e7718d432deb97d0dc2f77dde0469ccde0f5-2026-08-06-19-1786042831439945512.jsonl: TASK_LIFECYCLE_EVENT must have at least one state transition"
time="2026-08-06T19:25:07Z" level=error msg="Failed to store events for file session_2026-08-06_11-59-17_917219_1/3b94a5ba3d741ac419a7e7718d432deb97d0dc2f77dde0469ccde0f5/job_events/03000000/3b94a5ba3d741ac419a7e7718d432deb97d0dc2f77dde0469ccde0f5-2026-08-06-19-1786042831439945512.jsonl: TASK_LIFECYCLE_EVENT must have at least one state transition"
time="2026-08-06T19:25:08Z" level=error msg="Failed to store events for file session_2026-08-06_11-59-17_917219_1/3b94a5ba3d741ac419a7e7718d432deb97d0dc2f77dde0469ccde0f5/job_events/03000000/3b94a5ba3d741ac419a7e7718d432deb97d0dc2f77dde0469ccde0f5-2026-08-06-19-1786042831439945512.jsonl: TASK_LIFECYCLE_EVENT must have at least one state transition"
time="2026-08-06T19:25:08Z" level=error msg="Failed to store events for file session_2026-08-06_11-59-17_917219_1/3b94a5ba3d741ac419a7e7718d432deb97d0dc2f77dde0469ccde0f5/job_events/03000000/3b94a5ba3d741ac419a7e7718d432deb97d0dc2f77dde0469ccde0f5-2026-08-06-19-1786042831439945512.jsonl: TASK_LIFECYCLE_EVENT must have at least one state transition"
time="2026-08-06T19:25:08Z" level=error msg="Failed to store events for file session_2026-08-06_11-59-17_917219_1/3b94a5ba3d741ac419a7e7718d432deb97d0dc2f77dde0469ccde0f5/job_events/03000000/3b94a5ba3d741ac419a7e7718d432deb97d0dc2f77dde0469ccde0f5-2026-08-06-19-1786042831439945512.jsonl: TASK_LIFECYCLE_EVENT must have at least one state transition"
time="2026-08-06T19:25:08Z" level=info msg="Prepare to get object log/cluster-history/raycluster/test-ns-4zz46/raycluster-historyserver/session_2026-08-06_11-59-17_917219_1/ce2ef96af9711ffcdda1d27dbe75784897675832656bc6b7b1fa9be8/job_events/01000000/ce2ef96af9711ffcdda1d27dbe75784897675832656bc6b7b1fa9be8-2026-08-06-18-1786042763251598175.jsonl info ..."
time="2026-08-06T19:25:08Z" level=info msg="Prepare to get object log/cluster-history/raycluster/test-ns-4zz46/raycluster-historyserver/session_2026-08-06_11-59-17_917219_1/ce2ef96af9711ffcdda1d27dbe75784897675832656bc6b7b1fa9be8/job_events/02000000/ce2ef96af9711ffcdda1d27dbe75784897675832656bc6b7b1fa9be8-2026-08-06-18-1786042780492624044.jsonl info ..."
time="2026-08-06T19:25:08Z" level=info msg="Prepare to get object log/cluster-history/raycluster/test-ns-4zz46/raycluster-historyserver/session_2026-08-06_11-59-17_917219_1/ce2ef96af9711ffcdda1d27dbe75784897675832656bc6b7b1fa9be8/job_events/03000000/ce2ef96af9711ffcdda1d27dbe75784897675832656bc6b7b1fa9be8-2026-08-06-18-1786042781491851669.jsonl info ..."
time="2026-08-06T19:25:09Z" level=error msg="Failed to load session test-ns-4zz46/raycluster-historyserver/session_2026-08-06_11-59-17_917219_1: context canceled"
gc 30 @1446.354s 1%: 0.27+1763+0.064 ms clock, 0.55+0/907/965+0.12 ms cpu, 1872->1884->362 MB, 2411 MB goal, 0 MB stacks, 0 MB globals, 2 P
time="2026-08-06T19:25:18Z" level=info msg="Received request: GET /enter_cluster/test-ns-4zz46/raycluster/raycluster-historyserver/session_2026-08-06_11-59-17_917219_1"
time="2026-08-06T19:25:18Z" level=info msg="[List]Returned objects in log/cluster-metadata/. length of page.Contents: 2, length of page.CommonPrefixes: 0"
time="2026-08-06T19:25:18Z" level=error msg="Failed to parse meta file path: log/cluster-metadata/raycluster/test-ns-4zz46_raycluster-historyserver/, error: invalid path segment count for cluster metadata structure: log/cluster-metadata/raycluster/test-ns-4zz46_raycluster-historyserver/"
time="2026-08-06T19:25:18Z" level=info msg="Parsed cluster raycluster-historyserver for session session_2026-08-06_11-59-17_917219_1 to list"
time="2026-08-06T19:26:04Z" level=info msg="Prepare to get object log/cluster-history/raycluster/test-ns-4zz46/raycluster-historyserver/session_2026-08-06_11-59-17_917219_1/ce2ef96af9711ffcdda1d27dbe75784897675832656bc6b7b1fa9be8/job_events/03000000/ce2ef96af9711ffcdda1d27dbe75784897675832656bc6b7b1fa9be8-2026-08-06-19-1786042823473666134.jsonl info ..."
gc 31 @1502.233s 1%: 0.26+1566+0.047 ms clock, 0.53+1315/787/934+0.095 ms cpu, 1797->1849->347 MB, 1817 MB goal, 0 MB stacks, 0 MB globals, 2 P
time="2026-08-06T19:26:19Z" level=error msg="Failed to load session test-ns-4zz46/raycluster-historyserver/session_2026-08-06_11-59-17_917219_1: context canceled"
