time,phase,pod,container,cpu_stat_time,cpu_usage_core_nanoseconds,working_set_bytes
2026-08-06T13:59:38.24948-05:00,job,raycluster-historyserver-cpu-worker-ddp9j,ray-worker,2026-08-06T18:59:38Z,3065218000,296701952
2026-08-06T13:59:38.24948-05:00,job,raycluster-historyserver-cpu-worker-ddp9j,collector,2026-08-06T18:59:38Z,604252000,55951360
2026-08-06T13:59:38.24948-05:00,job,raycluster-historyserver-head-2mqnh,ray-head,2026-08-06T18:59:30Z,11621036000,3110379520
2026-08-06T13:59:38.24948-05:00,job,raycluster-historyserver-head-2mqnh,collector,2026-08-06T18:59:35Z,635141000,61263872
2026-08-06T13:59:39.249532-05:00,job,raycluster-historyserver-cpu-worker-ddp9j,collector,2026-08-06T18:59:39Z,604252000,55951360
2026-08-06T13:59:39.249532-05:00,job,raycluster-historyserver-cpu-worker-ddp9j,ray-worker,2026-08-06T18:59:39Z,3075301000,296902656
2026-08-06T13:59:39.249532-05:00,job,raycluster-historyserver-head-2mqnh,collector,2026-08-06T18:59:35Z,635141000,61263872
2026-08-06T13:59:39.249532-05:00,job,raycluster-historyserver-head-2mqnh,ray-head,2026-08-06T18:59:30Z,11621036000,3110379520
2026-08-06T13:59:40.249554-05:00,job,raycluster-historyserver-head-2mqnh,ray-head,2026-08-06T18:59:30Z,11621036000,3110379520
2026-08-06T13:59:40.249554-05:00,job,raycluster-historyserver-head-2mqnh,collector,2026-08-06T18:59:35Z,635141000,61263872
2026-08-06T13:59:40.249554-05:00,job,raycluster-historyserver-cpu-worker-ddp9j,ray-worker,2026-08-06T18:59:40Z,3085381000,297103360
2026-08-06T13:59:40.249554-05:00,job,raycluster-historyserver-cpu-worker-ddp9j,collector,2026-08-06T18:59:40Z,621636000,56762368
2026-08-06T13:59:41.249649-05:00,job,raycluster-historyserver-cpu-worker-ddp9j,ray-worker,2026-08-06T18:59:41Z,3097241000,297361408
2026-08-06T13:59:41.249649-05:00,job,raycluster-historyserver-cpu-worker-ddp9j,collector,2026-08-06T18:59:41Z,621836000,56762368
2026-08-06T13:59:41.249649-05:00,job,raycluster-historyserver-head-2mqnh,collector,2026-08-06T18:59:35Z,635141000,61263872
2026-08-06T13:59:41.249649-05:00,job,raycluster-historyserver-head-2mqnh,ray-head,2026-08-06T18:59:30Z,11621036000,3110379520
2026-08-06T13:59:42.249557-05:00,job,raycluster-historyserver-cpu-worker-ddp9j,ray-worker,2026-08-06T18:59:41Z,3629550000,393478144
2026-08-06T13:59:42.249557-05:00,job,raycluster-historyserver-cpu-worker-ddp9j,collector,2026-08-06T18:59:42Z,621836000,56762368
2026-08-06T13:59:42.249557-05:00,job,raycluster-historyserver-head-2mqnh,ray-head,2026-08-06T18:59:30Z,11621036000,3110379520
2026-08-06T13:59:42.249557-05:00,job,raycluster-historyserver-head-2mqnh,collector,2026-08-06T18:59:35Z,635141000,61263872
2026-08-06T13:59:43.24959-05:00,job,raycluster-historyserver-head-2mqnh,ray-head,2026-08-06T18:59:30Z,11621036000,3110379520
2026-08-06T13:59:43.24959-05:00,job,raycluster-historyserver-head-2mqnh,collector,2026-08-06T18:59:35Z,635141000,61263872
2026-08-06T13:59:43.24959-05:00,job,raycluster-historyserver-cpu-worker-ddp9j,ray-worker,2026-08-06T18:59:41Z,3629550000,393478144
2026-08-06T13:59:43.24959-05:00,job,raycluster-historyserver-cpu-worker-ddp9j,collector,2026-08-06T18:59:43Z,623394000,56926208
2026-08-06T13:59:44.249635-05:00,job,raycluster-historyserver-head-2mqnh,collector,2026-08-06T18:59:35Z,635141000,61263872
2026-08-06T13:59:44.249635-05:00,job,raycluster-historyserver-head-2mqnh,ray-head,2026-08-06T18:59:30Z,11621036000,3110379520
2026-08-06T13:59:44.249635-05:00,job,raycluster-historyserver-cpu-worker-ddp9j,collector,2026-08-06T18:59:43Z,901839000,67465216
2026-08-06T13:59:44.249635-05:00,job,raycluster-historyserver-cpu-worker-ddp9j,ray-worker,2026-08-06T18:59:41Z,3629550000,393478144
2026-08-06T13:59:45.249563-05:00,job,raycluster-historyserver-head-2mqnh,ray-head,2026-08-06T18:59:30Z,11621036000,3110379520
2026-08-06T13:59:45.249563-05:00,job,raycluster-historyserver-head-2mqnh,collector,2026-08-06T18:59:35Z,635141000,61263872
2026-08-06T13:59:45.249563-05:00,job,raycluster-historyserver-cpu-worker-ddp9j,ray-worker,2026-08-06T18:59:41Z,3629550000,393478144
2026-08-06T13:59:45.249563-05:00,job,raycluster-historyserver-cpu-worker-ddp9j,collector,2026-08-06T18:59:43Z,901839000,67465216
2026-08-06T13:59:46.249646-05:00,job,raycluster-historyserver-head-2mqnh,ray-head,2026-08-06T18:59:45Z,17011771000,3362201600
2026-08-06T13:59:46.249646-05:00,job,raycluster-historyserver-head-2mqnh,collector,2026-08-06T18:59:35Z,635141000,61263872
2026-08-06T13:59:46.249646-05:00,job,raycluster-historyserver-cpu-worker-ddp9j,ray-worker,2026-08-06T18:59:41Z,3629550000,393478144
2026-08-06T13:59:46.249646-05:00,job,raycluster-historyserver-cpu-worker-ddp9j,collector,2026-08-06T18:59:43Z,901839000,67465216
2026-08-06T13:59:47.24962-05:00,job,raycluster-historyserver-head-2mqnh,collector,2026-08-06T18:59:35Z,635141000,61263872
2026-08-06T13:59:47.24962-05:00,job,raycluster-historyserver-head-2mqnh,ray-head,2026-08-06T18:59:45Z,17011771000,3362201600
2026-08-06T13:59:47.24962-05:00,job,raycluster-historyserver-cpu-worker-ddp9j,collector,2026-08-06T18:59:43Z,901839000,67465216
2026-08-06T13:59:47.24962-05:00,job,raycluster-historyserver-cpu-worker-ddp9j,ray-worker,2026-08-06T18:59:41Z,3629550000,393478144
2026-08-06T13:59:48.249605-05:00,job,raycluster-historyserver-cpu-worker-ddp9j,ray-worker,2026-08-06T18:59:41Z,3629550000,393478144
2026-08-06T13:59:48.249605-05:00,job,raycluster-historyserver-cpu-worker-ddp9j,collector,2026-08-06T18:59:43Z,901839000,67465216
2026-08-06T13:59:48.249605-05:00,job,raycluster-historyserver-head-2mqnh,collector,2026-08-06T18:59:35Z,635141000,61263872
2026-08-06T13:59:48.249605-05:00,job,raycluster-historyserver-head-2mqnh,ray-head,2026-08-06T18:59:45Z,17011771000,3362201600
2026-08-06T13:59:49.24963-05:00,job,raycluster-historyserver-head-2mqnh,ray-head,2026-08-06T18:59:45Z,17011771000,3362201600
2026-08-06T13:59:49.24963-05:00,job,raycluster-historyserver-head-2mqnh,collector,2026-08-06T18:59:35Z,635141000,61263872
2026-08-06T13:59:49.24963-05:00,job,raycluster-historyserver-cpu-worker-ddp9j,ray-worker,2026-08-06T18:59:41Z,3629550000,393478144
2026-08-06T13:59:49.24963-05:00,job,raycluster-historyserver-cpu-worker-ddp9j,collector,2026-08-06T18:59:43Z,901839000,67465216
2026-08-06T13:59:50.249601-05:00,job,raycluster-historyserver-cpu-worker-ddp9j,collector,2026-08-06T18:59:43Z,901839000,67465216
2026-08-06T13:59:50.249601-05:00,job,raycluster-historyserver-cpu-worker-ddp9j,ray-worker,2026-08-06T18:59:41Z,3629550000,393478144
2026-08-06T13:59:50.249601-05:00,job,raycluster-historyserver-head-2mqnh,collector,2026-08-06T18:59:35Z,635141000,61263872
2026-08-06T13:59:50.249601-05:00,job,raycluster-historyserver-head-2mqnh,ray-head,2026-08-06T18:59:45Z,17011771000,3362201600
2026-08-06T13:59:51.2496-05:00,job,raycluster-historyserver-head-2mqnh,ray-head,2026-08-06T18:59:45Z,17011771000,3362201600
2026-08-06T13:59:51.2496-05:00,job,raycluster-historyserver-head-2mqnh,collector,2026-08-06T18:59:35Z,635141000,61263872
2026-08-06T13:59:51.2496-05:00,job,raycluster-historyserver-cpu-worker-ddp9j,ray-worker,2026-08-06T18:59:41Z,3629550000,393478144
2026-08-06T13:59:51.2496-05:00,job,raycluster-historyserver-cpu-worker-ddp9j,collector,2026-08-06T18:59:43Z,901839000,67465216
2026-08-06T13:59:52.249131-05:00,job,raycluster-historyserver-head-2mqnh,collector,2026-08-06T18:59:35Z,635141000,61263872
2026-08-06T13:59:52.249131-05:00,job,raycluster-historyserver-head-2mqnh,ray-head,2026-08-06T18:59:45Z,17011771000,3362201600
2026-08-06T13:59:52.249131-05:00,job,raycluster-historyserver-cpu-worker-ddp9j,ray-worker,2026-08-06T18:59:41Z,3629550000,393478144
2026-08-06T13:59:52.249131-05:00,job,raycluster-historyserver-cpu-worker-ddp9j,collector,2026-08-06T18:59:43Z,901839000,67465216
2026-08-06T13:59:53.248798-05:00,job,raycluster-historyserver-head-2mqnh,ray-head,2026-08-06T18:59:45Z,17011771000,3362201600
2026-08-06T13:59:53.248798-05:00,job,raycluster-historyserver-head-2mqnh,collector,2026-08-06T18:59:35Z,635141000,61263872
2026-08-06T13:59:53.248798-05:00,job,raycluster-historyserver-cpu-worker-ddp9j,ray-worker,2026-08-06T18:59:41Z,3629550000,393478144
2026-08-06T13:59:53.248798-05:00,job,raycluster-historyserver-cpu-worker-ddp9j,collector,2026-08-06T18:59:43Z,901839000,67465216
2026-08-06T13:59:54.249277-05:00,job,raycluster-historyserver-head-2mqnh,ray-head,2026-08-06T18:59:45Z,17011771000,3362201600
2026-08-06T13:59:54.249277-05:00,job,raycluster-historyserver-head-2mqnh,collector,2026-08-06T18:59:35Z,635141000,61263872
2026-08-06T13:59:54.249277-05:00,job,raycluster-historyserver-cpu-worker-ddp9j,ray-worker,2026-08-06T18:59:41Z,3629550000,393478144
2026-08-06T13:59:54.249277-05:00,job,raycluster-historyserver-cpu-worker-ddp9j,collector,2026-08-06T18:59:43Z,901839000,67465216
2026-08-06T13:59:55.249637-05:00,job,raycluster-historyserver-cpu-worker-ddp9j,collector,2026-08-06T18:59:43Z,901839000,67465216
2026-08-06T13:59:55.249637-05:00,job,raycluster-historyserver-cpu-worker-ddp9j,ray-worker,2026-08-06T18:59:41Z,3629550000,393478144
2026-08-06T13:59:55.249637-05:00,job,raycluster-historyserver-head-2mqnh,collector,2026-08-06T18:59:55Z,8334307000,131436544
2026-08-06T13:59:55.249637-05:00,job,raycluster-historyserver-head-2mqnh,ray-head,2026-08-06T18:59:45Z,17011771000,3362201600
2026-08-06T13:59:56.249022-05:00,job,raycluster-historyserver-head-2mqnh,ray-head,2026-08-06T18:59:45Z,17011771000,3362201600
2026-08-06T13:59:56.249022-05:00,job,raycluster-historyserver-head-2mqnh,collector,2026-08-06T18:59:55Z,8334307000,131436544
2026-08-06T13:59:56.249022-05:00,job,raycluster-historyserver-cpu-worker-ddp9j,ray-worker,2026-08-06T18:59:55Z,31890342000,1025830912
2026-08-06T13:59:56.249022-05:00,job,raycluster-historyserver-cpu-worker-ddp9j,collector,2026-08-06T18:59:43Z,901839000,67465216
2026-08-06T13:59:57.249011-05:00,job,raycluster-historyserver-cpu-worker-ddp9j,ray-worker,2026-08-06T18:59:55Z,31890342000,1025830912
2026-08-06T13:59:57.249011-05:00,job,raycluster-historyserver-cpu-worker-ddp9j,collector,2026-08-06T18:59:56Z,5606204000,103079936
2026-08-06T13:59:57.249011-05:00,job,raycluster-historyserver-head-2mqnh,ray-head,2026-08-06T18:59:45Z,17011771000,3362201600
2026-08-06T13:59:57.249011-05:00,job,raycluster-historyserver-head-2mqnh,collector,2026-08-06T18:59:55Z,8334307000,131436544
2026-08-06T13:59:58.249156-05:00,job,raycluster-historyserver-head-2mqnh,collector,2026-08-06T18:59:55Z,8334307000,131436544
2026-08-06T13:59:58.249156-05:00,job,raycluster-historyserver-head-2mqnh,ray-head,2026-08-06T18:59:45Z,17011771000,3362201600
2026-08-06T13:59:58.249156-05:00,job,raycluster-historyserver-cpu-worker-ddp9j,collector,2026-08-06T18:59:56Z,5606204000,103079936
2026-08-06T13:59:58.249156-05:00,job,raycluster-historyserver-cpu-worker-ddp9j,ray-worker,2026-08-06T18:59:55Z,31890342000,1025830912
2026-08-06T13:59:59.249655-05:00,job,raycluster-historyserver-cpu-worker-ddp9j,collector,2026-08-06T18:59:56Z,5606204000,103079936
2026-08-06T13:59:59.249655-05:00,job,raycluster-historyserver-cpu-worker-ddp9j,ray-worker,2026-08-06T18:59:55Z,31890342000,1025830912
2026-08-06T13:59:59.249655-05:00,job,raycluster-historyserver-head-2mqnh,collector,2026-08-06T18:59:55Z,8334307000,131436544
2026-08-06T13:59:59.249655-05:00,job,raycluster-historyserver-head-2mqnh,ray-head,2026-08-06T18:59:45Z,17011771000,3362201600
2026-08-06T14:00:00.249628-05:00,job,raycluster-historyserver-cpu-worker-ddp9j,collector,2026-08-06T18:59:56Z,5606204000,103079936
2026-08-06T14:00:00.249628-05:00,job,raycluster-historyserver-cpu-worker-ddp9j,ray-worker,2026-08-06T18:59:55Z,31890342000,1025830912
2026-08-06T14:00:00.249628-05:00,job,raycluster-historyserver-head-2mqnh,collector,2026-08-06T18:59:55Z,8334307000,131436544
2026-08-06T14:00:00.249628-05:00,job,raycluster-historyserver-head-2mqnh,ray-head,2026-08-06T18:59:59Z,33796425000,3787554816
2026-08-06T14:00:01.24926-05:00,job,raycluster-historyserver-cpu-worker-ddp9j,ray-worker,2026-08-06T18:59:55Z,31890342000,1025830912
2026-08-06T14:00:01.24926-05:00,job,raycluster-historyserver-cpu-worker-ddp9j,collector,2026-08-06T18:59:56Z,5606204000,103079936
2026-08-06T14:00:01.24926-05:00,job,raycluster-historyserver-head-2mqnh,ray-head,2026-08-06T18:59:59Z,33796425000,3787554816
2026-08-06T14:00:01.24926-05:00,job,raycluster-historyserver-head-2mqnh,collector,2026-08-06T18:59:55Z,8334307000,131436544
2026-08-06T14:00:02.24929-05:00,job,raycluster-historyserver-head-2mqnh,ray-head,2026-08-06T18:59:59Z,33796425000,3787554816
2026-08-06T14:00:02.24929-05:00,job,raycluster-historyserver-head-2mqnh,collector,2026-08-06T18:59:55Z,8334307000,131436544
2026-08-06T14:00:02.24929-05:00,job,raycluster-historyserver-cpu-worker-ddp9j,ray-worker,2026-08-06T18:59:55Z,31890342000,1025830912
2026-08-06T14:00:02.24929-05:00,job,raycluster-historyserver-cpu-worker-ddp9j,collector,2026-08-06T18:59:56Z,5606204000,103079936
2026-08-06T14:00:03.249668-05:00,job,raycluster-historyserver-cpu-worker-ddp9j,collector,2026-08-06T18:59:56Z,5606204000,103079936
2026-08-06T14:00:03.249668-05:00,job,raycluster-historyserver-cpu-worker-ddp9j,ray-worker,2026-08-06T18:59:55Z,31890342000,1025830912
2026-08-06T14:00:03.249668-05:00,job,raycluster-historyserver-head-2mqnh,collector,2026-08-06T18:59:55Z,8334307000,131436544
2026-08-06T14:00:03.249668-05:00,job,raycluster-historyserver-head-2mqnh,ray-head,2026-08-06T18:59:59Z,33796425000,3787554816
2026-08-06T14:00:04.249398-05:00,job,raycluster-historyserver-head-2mqnh,ray-head,2026-08-06T18:59:59Z,33796425000,3787554816
2026-08-06T14:00:04.249398-05:00,job,raycluster-historyserver-head-2mqnh,collector,2026-08-06T18:59:55Z,8334307000,131436544
2026-08-06T14:00:04.249398-05:00,job,raycluster-historyserver-cpu-worker-ddp9j,ray-worker,2026-08-06T18:59:55Z,31890342000,1025830912
2026-08-06T14:00:04.249398-05:00,job,raycluster-historyserver-cpu-worker-ddp9j,collector,2026-08-06T18:59:56Z,5606204000,103079936
2026-08-06T14:00:05.249712-05:00,job,raycluster-historyserver-head-2mqnh,collector,2026-08-06T18:59:55Z,8334307000,131436544
2026-08-06T14:00:05.249712-05:00,job,raycluster-historyserver-head-2mqnh,ray-head,2026-08-06T18:59:59Z,33796425000,3787554816
2026-08-06T14:00:05.249712-05:00,job,raycluster-historyserver-cpu-worker-ddp9j,ray-worker,2026-08-06T18:59:55Z,31890342000,1025830912
2026-08-06T14:00:05.249712-05:00,job,raycluster-historyserver-cpu-worker-ddp9j,collector,2026-08-06T18:59:56Z,5606204000,103079936
2026-08-06T14:00:06.248877-05:00,job,raycluster-historyserver-cpu-worker-ddp9j,ray-worker,2026-08-06T18:59:55Z,31890342000,1025830912
2026-08-06T14:00:06.248877-05:00,job,raycluster-historyserver-cpu-worker-ddp9j,collector,2026-08-06T18:59:56Z,5606204000,103079936
2026-08-06T14:00:06.248877-05:00,job,raycluster-historyserver-head-2mqnh,ray-head,2026-08-06T18:59:59Z,33796425000,3787554816
2026-08-06T14:00:06.248877-05:00,job,raycluster-historyserver-head-2mqnh,collector,2026-08-06T18:59:55Z,8334307000,131436544
2026-08-06T14:00:07.249675-05:00,job,raycluster-historyserver-head-2mqnh,collector,2026-08-06T18:59:55Z,8334307000,131436544
2026-08-06T14:00:07.249675-05:00,job,raycluster-historyserver-head-2mqnh,ray-head,2026-08-06T18:59:59Z,33796425000,3787554816
2026-08-06T14:00:07.249675-05:00,job,raycluster-historyserver-cpu-worker-ddp9j,ray-worker,2026-08-06T18:59:55Z,31890342000,1025830912
2026-08-06T14:00:07.249675-05:00,job,raycluster-historyserver-cpu-worker-ddp9j,collector,2026-08-06T18:59:56Z,5606204000,103079936
2026-08-06T14:00:08.249142-05:00,job,raycluster-historyserver-cpu-worker-ddp9j,collector,2026-08-06T18:59:56Z,5606204000,103079936
2026-08-06T14:00:08.249142-05:00,job,raycluster-historyserver-cpu-worker-ddp9j,ray-worker,2026-08-06T18:59:55Z,31890342000,1025830912
2026-08-06T14:00:08.249142-05:00,job,raycluster-historyserver-head-2mqnh,collector,2026-08-06T19:00:07Z,17572635000,123363328
2026-08-06T14:00:08.249142-05:00,job,raycluster-historyserver-head-2mqnh,ray-head,2026-08-06T18:59:59Z,33796425000,3787554816
2026-08-06T14:00:09.248686-05:00,job,raycluster-historyserver-head-2mqnh,collector,2026-08-06T19:00:07Z,17572635000,123363328
2026-08-06T14:00:09.248686-05:00,job,raycluster-historyserver-head-2mqnh,ray-head,2026-08-06T18:59:59Z,33796425000,3787554816
2026-08-06T14:00:09.248686-05:00,job,raycluster-historyserver-cpu-worker-ddp9j,collector,2026-08-06T18:59:56Z,5606204000,103079936
2026-08-06T14:00:09.248686-05:00,job,raycluster-historyserver-cpu-worker-ddp9j,ray-worker,2026-08-06T18:59:55Z,31890342000,1025830912
2026-08-06T14:00:10.249697-05:00,job,raycluster-historyserver-head-2mqnh,ray-head,2026-08-06T18:59:59Z,33796425000,3787554816
2026-08-06T14:00:10.249697-05:00,job,raycluster-historyserver-head-2mqnh,collector,2026-08-06T19:00:07Z,17572635000,123363328
2026-08-06T14:00:10.249697-05:00,job,raycluster-historyserver-cpu-worker-ddp9j,ray-worker,2026-08-06T18:59:55Z,31890342000,1025830912
2026-08-06T14:00:10.249697-05:00,job,raycluster-historyserver-cpu-worker-ddp9j,collector,2026-08-06T18:59:56Z,5606204000,103079936
2026-08-06T14:00:11.249129-05:00,job,raycluster-historyserver-head-2mqnh,ray-head,2026-08-06T18:59:59Z,33796425000,3787554816
2026-08-06T14:00:11.249129-05:00,job,raycluster-historyserver-head-2mqnh,collector,2026-08-06T19:00:07Z,17572635000,123363328
2026-08-06T14:00:11.249129-05:00,job,raycluster-historyserver-cpu-worker-ddp9j,ray-worker,2026-08-06T18:59:55Z,31890342000,1025830912
2026-08-06T14:00:11.249129-05:00,job,raycluster-historyserver-cpu-worker-ddp9j,collector,2026-08-06T18:59:56Z,5606204000,103079936
2026-08-06T14:00:12.249878-05:00,job,raycluster-historyserver-head-2mqnh,ray-head,2026-08-06T19:00:11Z,47076292000,3990261760
2026-08-06T14:00:12.249878-05:00,job,raycluster-historyserver-head-2mqnh,collector,2026-08-06T19:00:07Z,17572635000,123363328
2026-08-06T14:00:12.249878-05:00,job,raycluster-historyserver-cpu-worker-ddp9j,ray-worker,2026-08-06T18:59:55Z,31890342000,1025830912
2026-08-06T14:00:12.249878-05:00,job,raycluster-historyserver-cpu-worker-ddp9j,collector,2026-08-06T19:00:11Z,12416237000,117846016
2026-08-06T14:00:13.24931-05:00,job,raycluster-historyserver-head-2mqnh,collector,2026-08-06T19:00:07Z,17572635000,123363328
2026-08-06T14:00:13.24931-05:00,job,raycluster-historyserver-head-2mqnh,ray-head,2026-08-06T19:00:11Z,47076292000,3990261760
2026-08-06T14:00:13.24931-05:00,job,raycluster-historyserver-cpu-worker-ddp9j,ray-worker,2026-08-06T19:00:12Z,65482366000,1079676928
2026-08-06T14:00:13.24931-05:00,job,raycluster-historyserver-cpu-worker-ddp9j,collector,2026-08-06T19:00:11Z,12416237000,117846016
2026-08-06T14:00:14.249732-05:00,job,raycluster-historyserver-cpu-worker-ddp9j,collector,2026-08-06T19:00:11Z,12416237000,117846016
2026-08-06T14:00:14.249732-05:00,job,raycluster-historyserver-cpu-worker-ddp9j,ray-worker,2026-08-06T19:00:12Z,65482366000,1079676928
2026-08-06T14:00:14.249732-05:00,job,raycluster-historyserver-head-2mqnh,collector,2026-08-06T19:00:07Z,17572635000,123363328
2026-08-06T14:00:14.249732-05:00,job,raycluster-historyserver-head-2mqnh,ray-head,2026-08-06T19:00:11Z,47076292000,3990261760
2026-08-06T14:00:15.249255-05:00,job,raycluster-historyserver-head-2mqnh,collector,2026-08-06T19:00:07Z,17572635000,123363328
2026-08-06T14:00:15.249255-05:00,job,raycluster-historyserver-head-2mqnh,ray-head,2026-08-06T19:00:11Z,47076292000,3990261760
2026-08-06T14:00:15.249255-05:00,job,raycluster-historyserver-cpu-worker-ddp9j,collector,2026-08-06T19:00:11Z,12416237000,117846016
2026-08-06T14:00:15.249255-05:00,job,raycluster-historyserver-cpu-worker-ddp9j,ray-worker,2026-08-06T19:00:12Z,65482366000,1079676928
2026-08-06T14:00:16.249727-05:00,job,raycluster-historyserver-cpu-worker-ddp9j,collector,2026-08-06T19:00:11Z,12416237000,117846016
2026-08-06T14:00:16.249727-05:00,job,raycluster-historyserver-cpu-worker-ddp9j,ray-worker,2026-08-06T19:00:12Z,65482366000,1079676928
2026-08-06T14:00:16.249727-05:00,job,raycluster-historyserver-head-2mqnh,collector,2026-08-06T19:00:07Z,17572635000,123363328
2026-08-06T14:00:16.249727-05:00,job,raycluster-historyserver-head-2mqnh,ray-head,2026-08-06T19:00:11Z,47076292000,3990261760
2026-08-06T14:00:17.24973-05:00,job,raycluster-historyserver-cpu-worker-ddp9j,ray-worker,2026-08-06T19:00:12Z,65482366000,1079676928
2026-08-06T14:00:17.24973-05:00,job,raycluster-historyserver-cpu-worker-ddp9j,collector,2026-08-06T19:00:11Z,12416237000,117846016
2026-08-06T14:00:17.24973-05:00,job,raycluster-historyserver-head-2mqnh,ray-head,2026-08-06T19:00:11Z,47076292000,3990261760
2026-08-06T14:00:17.24973-05:00,job,raycluster-historyserver-head-2mqnh,collector,2026-08-06T19:00:07Z,17572635000,123363328
2026-08-06T14:00:18.249773-05:00,job,raycluster-historyserver-head-2mqnh,ray-head,2026-08-06T19:00:11Z,47076292000,3990261760
2026-08-06T14:00:18.249773-05:00,job,raycluster-historyserver-head-2mqnh,collector,2026-08-06T19:00:07Z,17572635000,123363328
2026-08-06T14:00:18.249773-05:00,job,raycluster-historyserver-cpu-worker-ddp9j,ray-worker,2026-08-06T19:00:12Z,65482366000,1079676928
2026-08-06T14:00:18.249773-05:00,job,raycluster-historyserver-cpu-worker-ddp9j,collector,2026-08-06T19:00:11Z,12416237000,117846016
2026-08-06T14:00:19.24974-05:00,job,raycluster-historyserver-cpu-worker-ddp9j,ray-worker,2026-08-06T19:00:12Z,65482366000,1079676928
2026-08-06T14:00:19.24974-05:00,job,raycluster-historyserver-cpu-worker-ddp9j,collector,2026-08-06T19:00:11Z,12416237000,117846016
2026-08-06T14:00:19.24974-05:00,job,raycluster-historyserver-head-2mqnh,collector,2026-08-06T19:00:07Z,17572635000,123363328
2026-08-06T14:00:19.24974-05:00,job,raycluster-historyserver-head-2mqnh,ray-head,2026-08-06T19:00:11Z,47076292000,3990261760
2026-08-06T14:00:20.249764-05:00,job,raycluster-historyserver-head-2mqnh,collector,2026-08-06T19:00:07Z,17572635000,123363328
2026-08-06T14:00:20.249764-05:00,job,raycluster-historyserver-head-2mqnh,ray-head,2026-08-06T19:00:11Z,47076292000,3990261760
2026-08-06T14:00:20.249764-05:00,job,raycluster-historyserver-cpu-worker-ddp9j,collector,2026-08-06T19:00:11Z,12416237000,117846016
2026-08-06T14:00:20.249764-05:00,job,raycluster-historyserver-cpu-worker-ddp9j,ray-worker,2026-08-06T19:00:12Z,65482366000,1079676928
2026-08-06T14:00:21.249754-05:00,job,raycluster-historyserver-head-2mqnh,ray-head,2026-08-06T19:00:11Z,47076292000,3990261760
2026-08-06T14:00:21.249754-05:00,job,raycluster-historyserver-head-2mqnh,collector,2026-08-06T19:00:07Z,17572635000,123363328
2026-08-06T14:00:21.249754-05:00,job,raycluster-historyserver-cpu-worker-ddp9j,ray-worker,2026-08-06T19:00:12Z,65482366000,1079676928
2026-08-06T14:00:21.249754-05:00,job,raycluster-historyserver-cpu-worker-ddp9j,collector,2026-08-06T19:00:11Z,12416237000,117846016
2026-08-06T14:00:22.249781-05:00,job,raycluster-historyserver-head-2mqnh,ray-head,2026-08-06T19:00:11Z,47076292000,3990261760
2026-08-06T14:00:22.249781-05:00,job,raycluster-historyserver-head-2mqnh,collector,2026-08-06T19:00:07Z,17572635000,123363328
2026-08-06T14:00:22.249781-05:00,job,raycluster-historyserver-cpu-worker-ddp9j,ray-worker,2026-08-06T19:00:12Z,65482366000,1079676928
2026-08-06T14:00:22.249781-05:00,job,raycluster-historyserver-cpu-worker-ddp9j,collector,2026-08-06T19:00:11Z,12416237000,117846016
2026-08-06T14:00:23.249543-05:00,job,raycluster-historyserver-cpu-worker-ddp9j,collector,2026-08-06T19:00:11Z,12416237000,117846016
2026-08-06T14:00:23.249543-05:00,job,raycluster-historyserver-cpu-worker-ddp9j,ray-worker,2026-08-06T19:00:12Z,65482366000,1079676928
2026-08-06T14:00:23.249543-05:00,job,raycluster-historyserver-head-2mqnh,collector,2026-08-06T19:00:07Z,17572635000,123363328
2026-08-06T14:00:23.249543-05:00,job,raycluster-historyserver-head-2mqnh,ray-head,2026-08-06T19:00:11Z,47076292000,3990261760
2026-08-06T14:00:24.248815-05:00,job,raycluster-historyserver-head-2mqnh,collector,2026-08-06T19:00:07Z,17572635000,123363328
2026-08-06T14:00:24.248815-05:00,job,raycluster-historyserver-head-2mqnh,ray-head,2026-08-06T19:00:11Z,47076292000,3990261760
2026-08-06T14:00:24.248815-05:00,job,raycluster-historyserver-cpu-worker-ddp9j,collector,2026-08-06T19:00:11Z,12416237000,117846016
2026-08-06T14:00:24.248815-05:00,job,raycluster-historyserver-cpu-worker-ddp9j,ray-worker,2026-08-06T19:00:12Z,65482366000,1079676928
2026-08-06T14:00:25.249427-05:00,job,raycluster-historyserver-head-2mqnh,collector,2026-08-06T19:00:07Z,17572635000,123363328
2026-08-06T14:00:25.249427-05:00,job,raycluster-historyserver-head-2mqnh,ray-head,2026-08-06T19:00:11Z,47076292000,3990261760
2026-08-06T14:00:25.249427-05:00,job,raycluster-historyserver-cpu-worker-ddp9j,ray-worker,2026-08-06T19:00:12Z,65482366000,1079676928
2026-08-06T14:00:25.249427-05:00,job,raycluster-historyserver-cpu-worker-ddp9j,collector,2026-08-06T19:00:11Z,12416237000,117846016
2026-08-06T14:00:26.249464-05:00,job,raycluster-historyserver-head-2mqnh,ray-head,2026-08-06T19:00:11Z,47076292000,3990261760
2026-08-06T14:00:26.249464-05:00,job,raycluster-historyserver-head-2mqnh,collector,2026-08-06T19:00:07Z,17572635000,123363328
2026-08-06T14:00:26.249464-05:00,job,raycluster-historyserver-cpu-worker-ddp9j,ray-worker,2026-08-06T19:00:12Z,65482366000,1079676928
2026-08-06T14:00:26.249464-05:00,job,raycluster-historyserver-cpu-worker-ddp9j,collector,2026-08-06T19:00:11Z,12416237000,117846016
2026-08-06T14:00:27.249808-05:00,job,raycluster-historyserver-cpu-worker-ddp9j,collector,2026-08-06T19:00:11Z,12416237000,117846016
2026-08-06T14:00:27.249808-05:00,job,raycluster-historyserver-cpu-worker-ddp9j,ray-worker,2026-08-06T19:00:26Z,82097419000,604655616
2026-08-06T14:00:27.249808-05:00,job,raycluster-historyserver-head-2mqnh,collector,2026-08-06T19:00:07Z,17572635000,123363328
2026-08-06T14:00:27.249808-05:00,job,raycluster-historyserver-head-2mqnh,ray-head,2026-08-06T19:00:27Z,59681398000,4147920896
2026-08-06T14:00:28.249334-05:00,job,raycluster-historyserver-head-2mqnh,ray-head,2026-08-06T19:00:27Z,59681398000,4147920896
2026-08-06T14:00:28.249334-05:00,job,raycluster-historyserver-head-2mqnh,collector,2026-08-06T19:00:27Z,32620651000,111808512
2026-08-06T14:00:28.249334-05:00,job,raycluster-historyserver-cpu-worker-ddp9j,ray-worker,2026-08-06T19:00:26Z,82097419000,604655616
2026-08-06T14:00:28.249334-05:00,job,raycluster-historyserver-cpu-worker-ddp9j,collector,2026-08-06T19:00:11Z,12416237000,117846016
2026-08-06T14:00:29.249833-05:00,job,raycluster-historyserver-head-2mqnh,collector,2026-08-06T19:00:27Z,32620651000,111808512
2026-08-06T14:00:29.249833-05:00,job,raycluster-historyserver-head-2mqnh,ray-head,2026-08-06T19:00:27Z,59681398000,4147920896
2026-08-06T14:00:29.249833-05:00,job,raycluster-historyserver-cpu-worker-ddp9j,collector,2026-08-06T19:00:29Z,21856823000,121212928
2026-08-06T14:00:29.249833-05:00,job,raycluster-historyserver-cpu-worker-ddp9j,ray-worker,2026-08-06T19:00:26Z,82097419000,604655616
2026-08-06T14:00:30.249798-05:00,job,raycluster-historyserver-cpu-worker-ddp9j,ray-worker,2026-08-06T19:00:26Z,82097419000,604655616
2026-08-06T14:00:30.249798-05:00,job,raycluster-historyserver-cpu-worker-ddp9j,collector,2026-08-06T19:00:29Z,21856823000,121212928
2026-08-06T14:00:30.249798-05:00,job,raycluster-historyserver-head-2mqnh,ray-head,2026-08-06T19:00:27Z,59681398000,4147920896
2026-08-06T14:00:30.249798-05:00,job,raycluster-historyserver-head-2mqnh,collector,2026-08-06T19:00:27Z,32620651000,111808512
2026-08-06T14:00:31.249534-05:00,job,raycluster-historyserver-head-2mqnh,ray-head,2026-08-06T19:00:27Z,59681398000,4147920896
2026-08-06T14:00:31.249534-05:00,job,raycluster-historyserver-head-2mqnh,collector,2026-08-06T19:00:27Z,32620651000,111808512
2026-08-06T14:00:31.249534-05:00,job,raycluster-historyserver-cpu-worker-ddp9j,ray-worker,2026-08-06T19:00:26Z,82097419000,604655616
2026-08-06T14:00:31.249534-05:00,job,raycluster-historyserver-cpu-worker-ddp9j,collector,2026-08-06T19:00:29Z,21856823000,121212928
2026-08-06T14:00:32.249167-05:00,job,raycluster-historyserver-cpu-worker-ddp9j,ray-worker,2026-08-06T19:00:26Z,82097419000,604655616
2026-08-06T14:00:32.249167-05:00,job,raycluster-historyserver-cpu-worker-ddp9j,collector,2026-08-06T19:00:29Z,21856823000,121212928
2026-08-06T14:00:32.249167-05:00,job,raycluster-historyserver-head-2mqnh,ray-head,2026-08-06T19:00:27Z,59681398000,4147920896
2026-08-06T14:00:32.249167-05:00,job,raycluster-historyserver-head-2mqnh,collector,2026-08-06T19:00:27Z,32620651000,111808512
2026-08-06T14:00:33.249705-05:00,job,raycluster-historyserver-head-2mqnh,ray-head,2026-08-06T19:00:27Z,59681398000,4147920896
2026-08-06T14:00:33.249705-05:00,job,raycluster-historyserver-head-2mqnh,collector,2026-08-06T19:00:27Z,32620651000,111808512
2026-08-06T14:00:33.249705-05:00,job,raycluster-historyserver-cpu-worker-ddp9j,ray-worker,2026-08-06T19:00:26Z,82097419000,604655616
2026-08-06T14:00:33.249705-05:00,job,raycluster-historyserver-cpu-worker-ddp9j,collector,2026-08-06T19:00:29Z,21856823000,121212928
2026-08-06T14:00:34.249883-05:00,job,raycluster-historyserver-cpu-worker-ddp9j,ray-worker,2026-08-06T19:00:26Z,82097419000,604655616
2026-08-06T14:00:34.249883-05:00,job,raycluster-historyserver-cpu-worker-ddp9j,collector,2026-08-06T19:00:29Z,21856823000,121212928
2026-08-06T14:00:34.249883-05:00,job,raycluster-historyserver-head-2mqnh,ray-head,2026-08-06T19:00:27Z,59681398000,4147920896
2026-08-06T14:00:34.249883-05:00,job,raycluster-historyserver-head-2mqnh,collector,2026-08-06T19:00:27Z,32620651000,111808512
2026-08-06T14:00:35.249825-05:00,job,raycluster-historyserver-head-2mqnh,ray-head,2026-08-06T19:00:27Z,59681398000,4147920896
2026-08-06T14:00:35.249825-05:00,job,raycluster-historyserver-head-2mqnh,collector,2026-08-06T19:00:27Z,32620651000,111808512
2026-08-06T14:00:35.249825-05:00,job,raycluster-historyserver-cpu-worker-ddp9j,ray-worker,2026-08-06T19:00:26Z,82097419000,604655616
2026-08-06T14:00:35.249825-05:00,job,raycluster-historyserver-cpu-worker-ddp9j,collector,2026-08-06T19:00:29Z,21856823000,121212928
2026-08-06T14:00:36.249849-05:00,job,raycluster-historyserver-head-2mqnh,ray-head,2026-08-06T19:00:27Z,59681398000,4147920896
2026-08-06T14:00:36.249849-05:00,job,raycluster-historyserver-head-2mqnh,collector,2026-08-06T19:00:27Z,32620651000,111808512
2026-08-06T14:00:36.249849-05:00,job,raycluster-historyserver-cpu-worker-ddp9j,ray-worker,2026-08-06T19:00:26Z,82097419000,604655616
2026-08-06T14:00:36.249849-05:00,job,raycluster-historyserver-cpu-worker-ddp9j,collector,2026-08-06T19:00:29Z,21856823000,121212928
2026-08-06T14:00:37.249851-05:00,job,raycluster-historyserver-cpu-worker-ddp9j,ray-worker,2026-08-06T19:00:26Z,82097419000,604655616
2026-08-06T14:00:37.249851-05:00,job,raycluster-historyserver-cpu-worker-ddp9j,collector,2026-08-06T19:00:29Z,21856823000,121212928
2026-08-06T14:00:37.249851-05:00,job,raycluster-historyserver-head-2mqnh,ray-head,2026-08-06T19:00:27Z,59681398000,4147920896
2026-08-06T14:00:37.249851-05:00,job,raycluster-historyserver-head-2mqnh,collector,2026-08-06T19:00:27Z,32620651000,111808512
2026-08-06T14:00:38.249861-05:00,job,raycluster-historyserver-head-2mqnh,ray-head,2026-08-06T19:00:27Z,59681398000,4147920896
2026-08-06T14:00:38.249861-05:00,job,raycluster-historyserver-head-2mqnh,collector,2026-08-06T19:00:27Z,32620651000,111808512
2026-08-06T14:00:38.249861-05:00,job,raycluster-historyserver-cpu-worker-ddp9j,ray-worker,2026-08-06T19:00:26Z,82097419000,604655616
2026-08-06T14:00:38.249861-05:00,job,raycluster-historyserver-cpu-worker-ddp9j,collector,2026-08-06T19:00:29Z,21856823000,121212928
2026-08-06T14:00:39.24946-05:00,job,raycluster-historyserver-cpu-worker-ddp9j,collector,2026-08-06T19:00:29Z,21856823000,121212928
2026-08-06T14:00:39.24946-05:00,job,raycluster-historyserver-cpu-worker-ddp9j,ray-worker,2026-08-06T19:00:26Z,82097419000,604655616
2026-08-06T14:00:39.24946-05:00,job,raycluster-historyserver-head-2mqnh,collector,2026-08-06T19:00:38Z,39857044000,137428992
2026-08-06T14:00:39.24946-05:00,job,raycluster-historyserver-head-2mqnh,ray-head,2026-08-06T19:00:27Z,59681398000,4147920896
2026-08-06T14:00:40.249349-05:00,job,raycluster-historyserver-head-2mqnh,ray-head,2026-08-06T19:00:27Z,59681398000,4147920896
2026-08-06T14:00:40.249349-05:00,job,raycluster-historyserver-head-2mqnh,collector,2026-08-06T19:00:38Z,39857044000,137428992
2026-08-06T14:00:40.249349-05:00,job,raycluster-historyserver-cpu-worker-ddp9j,ray-worker,2026-08-06T19:00:39Z,84486135000,583053312
2026-08-06T14:00:40.249349-05:00,job,raycluster-historyserver-cpu-worker-ddp9j,collector,2026-08-06T19:00:29Z,21856823000,121212928
2026-08-06T14:00:41.249433-05:00,job,raycluster-historyserver-cpu-worker-ddp9j,ray-worker,2026-08-06T19:00:39Z,84486135000,583053312
2026-08-06T14:00:41.249433-05:00,job,raycluster-historyserver-cpu-worker-ddp9j,collector,2026-08-06T19:00:29Z,21856823000,121212928
2026-08-06T14:00:41.249433-05:00,job,raycluster-historyserver-head-2mqnh,ray-head,2026-08-06T19:00:27Z,59681398000,4147920896
2026-08-06T14:00:41.249433-05:00,job,raycluster-historyserver-head-2mqnh,collector,2026-08-06T19:00:38Z,39857044000,137428992
2026-08-06T14:00:42.249672-05:00,job,raycluster-historyserver-head-2mqnh,collector,2026-08-06T19:00:38Z,39857044000,137428992
2026-08-06T14:00:42.249672-05:00,job,raycluster-historyserver-head-2mqnh,ray-head,2026-08-06T19:00:27Z,59681398000,4147920896
2026-08-06T14:00:42.249672-05:00,job,raycluster-historyserver-cpu-worker-ddp9j,ray-worker,2026-08-06T19:00:39Z,84486135000,583053312
2026-08-06T14:00:42.249672-05:00,job,raycluster-historyserver-cpu-worker-ddp9j,collector,2026-08-06T19:00:42Z,26008316000,119083008
2026-08-06T14:00:43.249934-05:00,job,raycluster-historyserver-cpu-worker-ddp9j,collector,2026-08-06T19:00:42Z,26008316000,119083008
2026-08-06T14:00:43.249934-05:00,job,raycluster-historyserver-cpu-worker-ddp9j,ray-worker,2026-08-06T19:00:39Z,84486135000,583053312
2026-08-06T14:00:43.249934-05:00,job,raycluster-historyserver-head-2mqnh,collector,2026-08-06T19:00:38Z,39857044000,137428992
2026-08-06T14:00:43.249934-05:00,job,raycluster-historyserver-head-2mqnh,ray-head,2026-08-06T19:00:43Z,64069657000,4122357760
2026-08-06T14:00:44.249909-05:00,job,raycluster-historyserver-head-2mqnh,collector,2026-08-06T19:00:38Z,39857044000,137428992
2026-08-06T14:00:44.249909-05:00,job,raycluster-historyserver-head-2mqnh,ray-head,2026-08-06T19:00:43Z,64069657000,4122357760
2026-08-06T14:00:44.249909-05:00,job,raycluster-historyserver-cpu-worker-ddp9j,ray-worker,2026-08-06T19:00:39Z,84486135000,583053312
2026-08-06T14:00:44.249909-05:00,job,raycluster-historyserver-cpu-worker-ddp9j,collector,2026-08-06T19:00:42Z,26008316000,119083008
2026-08-06T14:00:45.24988-05:00,job,raycluster-historyserver-head-2mqnh,ray-head,2026-08-06T19:00:43Z,64069657000,4122357760
2026-08-06T14:00:45.24988-05:00,job,raycluster-historyserver-head-2mqnh,collector,2026-08-06T19:00:38Z,39857044000,137428992
2026-08-06T14:00:45.24988-05:00,job,raycluster-historyserver-cpu-worker-ddp9j,ray-worker,2026-08-06T19:00:39Z,84486135000,583053312
2026-08-06T14:00:45.24988-05:00,job,raycluster-historyserver-cpu-worker-ddp9j,collector,2026-08-06T19:00:42Z,26008316000,119083008
2026-08-06T14:00:46.249908-05:00,job,raycluster-historyserver-head-2mqnh,ray-head,2026-08-06T19:00:43Z,64069657000,4122357760
2026-08-06T14:00:46.249908-05:00,job,raycluster-historyserver-head-2mqnh,collector,2026-08-06T19:00:38Z,39857044000,137428992
2026-08-06T14:00:46.249908-05:00,job,raycluster-historyserver-cpu-worker-ddp9j,ray-worker,2026-08-06T19:00:39Z,84486135000,583053312
2026-08-06T14:00:46.249908-05:00,job,raycluster-historyserver-cpu-worker-ddp9j,collector,2026-08-06T19:00:42Z,26008316000,119083008
2026-08-06T14:00:47.249893-05:00,job,raycluster-historyserver-cpu-worker-ddp9j,collector,2026-08-06T19:00:42Z,26008316000,119083008
2026-08-06T14:00:47.249893-05:00,job,raycluster-historyserver-cpu-worker-ddp9j,ray-worker,2026-08-06T19:00:39Z,84486135000,583053312
2026-08-06T14:00:47.249893-05:00,job,raycluster-historyserver-head-2mqnh,collector,2026-08-06T19:00:38Z,39857044000,137428992
2026-08-06T14:00:47.249893-05:00,job,raycluster-historyserver-head-2mqnh,ray-head,2026-08-06T19:00:43Z,64069657000,4122357760
2026-08-06T14:00:48.249819-05:00,job,raycluster-historyserver-head-2mqnh,collector,2026-08-06T19:00:38Z,39857044000,137428992
2026-08-06T14:00:48.249819-05:00,job,raycluster-historyserver-head-2mqnh,ray-head,2026-08-06T19:00:43Z,64069657000,4122357760
2026-08-06T14:00:48.249819-05:00,job,raycluster-historyserver-cpu-worker-ddp9j,ray-worker,2026-08-06T19:00:39Z,84486135000,583053312
2026-08-06T14:00:48.249819-05:00,job,raycluster-historyserver-cpu-worker-ddp9j,collector,2026-08-06T19:00:42Z,26008316000,119083008
2026-08-06T14:00:49.248918-05:00,job,raycluster-historyserver-head-2mqnh,ray-head,2026-08-06T19:00:43Z,64069657000,4122357760
2026-08-06T14:00:49.248918-05:00,job,raycluster-historyserver-head-2mqnh,collector,2026-08-06T19:00:38Z,39857044000,137428992
2026-08-06T14:00:49.248918-05:00,job,raycluster-historyserver-cpu-worker-ddp9j,ray-worker,2026-08-06T19:00:39Z,84486135000,583053312
2026-08-06T14:00:49.248918-05:00,job,raycluster-historyserver-cpu-worker-ddp9j,collector,2026-08-06T19:00:42Z,26008316000,119083008
2026-08-06T14:00:50.249384-05:00,job,raycluster-historyserver-cpu-worker-ddp9j,collector,2026-08-06T19:00:42Z,26008316000,119083008
2026-08-06T14:00:50.249384-05:00,job,raycluster-historyserver-cpu-worker-ddp9j,ray-worker,2026-08-06T19:00:39Z,84486135000,583053312
2026-08-06T14:00:50.249384-05:00,job,raycluster-historyserver-head-2mqnh,collector,2026-08-06T19:00:38Z,39857044000,137428992
2026-08-06T14:00:50.249384-05:00,job,raycluster-historyserver-head-2mqnh,ray-head,2026-08-06T19:00:43Z,64069657000,4122357760
2026-08-06T14:00:51.249689-05:00,job,raycluster-historyserver-head-2mqnh,collector,2026-08-06T19:00:38Z,39857044000,137428992
2026-08-06T14:00:51.249689-05:00,job,raycluster-historyserver-head-2mqnh,ray-head,2026-08-06T19:00:43Z,64069657000,4122357760
2026-08-06T14:00:51.249689-05:00,job,raycluster-historyserver-cpu-worker-ddp9j,ray-worker,2026-08-06T19:00:39Z,84486135000,583053312
2026-08-06T14:00:51.249689-05:00,job,raycluster-historyserver-cpu-worker-ddp9j,collector,2026-08-06T19:00:42Z,26008316000,119083008
2026-08-06T14:00:52.249934-05:00,job,raycluster-historyserver-head-2mqnh,collector,2026-08-06T19:00:38Z,39857044000,137428992
2026-08-06T14:00:52.249934-05:00,job,raycluster-historyserver-head-2mqnh,ray-head,2026-08-06T19:00:43Z,64069657000,4122357760
2026-08-06T14:00:52.249934-05:00,job,raycluster-historyserver-cpu-worker-ddp9j,ray-worker,2026-08-06T19:00:39Z,84486135000,583053312
2026-08-06T14:00:52.249934-05:00,job,raycluster-historyserver-cpu-worker-ddp9j,collector,2026-08-06T19:00:42Z,26008316000,119083008
2026-08-06T14:00:53.24936-05:00,job,raycluster-historyserver-cpu-worker-ddp9j,ray-worker,2026-08-06T19:00:39Z,84486135000,583053312
2026-08-06T14:00:53.24936-05:00,job,raycluster-historyserver-cpu-worker-ddp9j,collector,2026-08-06T19:00:53Z,26013872000,119087104
2026-08-06T14:00:53.24936-05:00,job,raycluster-historyserver-head-2mqnh,collector,2026-08-06T19:00:38Z,39857044000,137428992
2026-08-06T14:00:53.24936-05:00,job,raycluster-historyserver-head-2mqnh,ray-head,2026-08-06T19:00:43Z,64069657000,4122357760
2026-08-06T14:00:54.249473-05:00,job,raycluster-historyserver-head-2mqnh,collector,2026-08-06T19:00:38Z,39857044000,137428992
2026-08-06T14:00:54.249473-05:00,job,raycluster-historyserver-head-2mqnh,ray-head,2026-08-06T19:00:43Z,64069657000,4122357760
2026-08-06T14:00:54.249473-05:00,job,raycluster-historyserver-cpu-worker-ddp9j,ray-worker,2026-08-06T19:00:39Z,84486135000,583053312
2026-08-06T14:00:54.249473-05:00,job,raycluster-historyserver-cpu-worker-ddp9j,collector,2026-08-06T19:00:53Z,26013872000,119087104
2026-08-06T14:00:55.249744-05:00,job,raycluster-historyserver-cpu-worker-ddp9j,collector,2026-08-06T19:00:53Z,26013872000,119087104
2026-08-06T14:00:55.249744-05:00,job,raycluster-historyserver-cpu-worker-ddp9j,ray-worker,2026-08-06T19:00:39Z,84486135000,583053312
2026-08-06T14:00:55.249744-05:00,job,raycluster-historyserver-head-2mqnh,collector,2026-08-06T19:00:38Z,39857044000,137428992
2026-08-06T14:00:55.249744-05:00,job,raycluster-historyserver-head-2mqnh,ray-head,2026-08-06T19:00:43Z,64069657000,4122357760
2026-08-06T14:00:56.249974-05:00,job,raycluster-historyserver-head-2mqnh,collector,2026-08-06T19:00:38Z,39857044000,137428992
2026-08-06T14:00:56.249974-05:00,job,raycluster-historyserver-head-2mqnh,ray-head,2026-08-06T19:00:43Z,64069657000,4122357760
2026-08-06T14:00:56.249974-05:00,job,raycluster-historyserver-cpu-worker-ddp9j,collector,2026-08-06T19:00:53Z,26013872000,119087104
2026-08-06T14:00:56.249974-05:00,job,raycluster-historyserver-cpu-worker-ddp9j,ray-worker,2026-08-06T19:00:55Z,84958273000,458174464
2026-08-06T14:00:57.249947-05:00,job,raycluster-historyserver-head-2mqnh,collector,2026-08-06T19:00:56Z,39894619000,137482240
2026-08-06T14:00:57.249947-05:00,job,raycluster-historyserver-head-2mqnh,ray-head,2026-08-06T19:00:43Z,64069657000,4122357760
2026-08-06T14:00:57.249947-05:00,job,raycluster-historyserver-cpu-worker-ddp9j,collector,2026-08-06T19:00:53Z,26013872000,119087104
2026-08-06T14:00:57.249947-05:00,job,raycluster-historyserver-cpu-worker-ddp9j,ray-worker,2026-08-06T19:00:55Z,84958273000,458174464
2026-08-06T14:00:58.250319-05:00,flush,raycluster-historyserver-head-2mqnh,collector,2026-08-06T19:00:56Z,39894619000,137482240
2026-08-06T14:01:02.250135-05:00,historyserver,historyserver-demo-67d55cff85-p2zn7,historyserver,2026-08-06T19:01:02Z,121390000,23576576
2026-08-06T14:01:03.24942-05:00,historyserver,historyserver-demo-67d55cff85-p2zn7,historyserver,2026-08-06T19:01:03Z,535691000,67907584
2026-08-06T14:01:04.250024-05:00,historyserver,historyserver-demo-67d55cff85-p2zn7,historyserver,2026-08-06T19:01:04Z,865580000,355311616
2026-08-06T14:01:05.249052-05:00,historyserver,historyserver-demo-67d55cff85-p2zn7,historyserver,2026-08-06T19:01:05Z,1360276000,549208064
2026-08-06T14:01:06.250045-05:00,historyserver,historyserver-demo-67d55cff85-p2zn7,historyserver,2026-08-06T19:01:06Z,1860239000,549695488
2026-08-06T14:01:07.250262-05:00,historyserver,historyserver-demo-67d55cff85-p2zn7,historyserver,2026-08-06T19:01:07Z,2365917000,558985216
2026-08-06T14:01:08.25002-05:00,historyserver,historyserver-demo-67d55cff85-p2zn7,historyserver,2026-08-06T19:01:08Z,2861626000,588451840
2026-08-06T14:01:09.250028-05:00,historyserver,historyserver-demo-67d55cff85-p2zn7,historyserver,2026-08-06T19:01:09Z,3364085000,618688512
2026-08-06T14:01:10.249438-05:00,historyserver,historyserver-demo-67d55cff85-p2zn7,historyserver,2026-08-06T19:01:10Z,3866646000,651563008
2026-08-06T14:01:11.24964-05:00,historyserver,historyserver-demo-67d55cff85-p2zn7,historyserver,2026-08-06T19:01:11Z,4360407000,679104512
2026-08-06T14:01:12.250065-05:00,historyserver,historyserver-demo-67d55cff85-p2zn7,historyserver,2026-08-06T19:01:12Z,4867490000,711602176
2026-08-06T14:01:13.25007-05:00,historyserver,historyserver-demo-67d55cff85-p2zn7,historyserver,2026-08-06T19:01:13Z,5362913000,741707776
2026-08-06T14:01:14.250084-05:00,historyserver,historyserver-demo-67d55cff85-p2zn7,historyserver,2026-08-06T19:01:14Z,5866095000,771846144
2026-08-06T14:01:15.249306-05:00,historyserver,historyserver-demo-67d55cff85-p2zn7,historyserver,2026-08-06T19:01:15Z,6364913000,801951744
2026-08-06T14:01:16.250256-05:00,historyserver,historyserver-demo-67d55cff85-p2zn7,historyserver,2026-08-06T19:01:16Z,6866377000,832405504
2026-08-06T14:01:17.249964-05:00,historyserver,historyserver-demo-67d55cff85-p2zn7,historyserver,2026-08-06T19:01:17Z,7367007000,862699520
2026-08-06T14:01:18.249992-05:00,historyserver,historyserver-demo-67d55cff85-p2zn7,historyserver,2026-08-06T19:01:18Z,7867323000,896557056
2026-08-06T14:01:19.249428-05:00,historyserver,historyserver-demo-67d55cff85-p2zn7,historyserver,2026-08-06T19:01:19Z,8360729000,926388224
2026-08-06T14:01:20.249112-05:00,historyserver,historyserver-demo-67d55cff85-p2zn7,historyserver,2026-08-06T19:01:20Z,8861289000,956678144
2026-08-06T14:01:21.250192-05:00,historyserver,historyserver-demo-67d55cff85-p2zn7,historyserver,2026-08-06T19:01:20Z,8913152000,958017536
2026-08-06T14:01:22.249457-05:00,historyserver,historyserver-demo-67d55cff85-p2zn7,historyserver,2026-08-06T19:01:20Z,8913152000,958017536
2026-08-06T14:01:23.249591-05:00,historyserver,historyserver-demo-67d55cff85-p2zn7,historyserver,2026-08-06T19:01:20Z,8913152000,958017536
2026-08-06T14:01:24.250108-05:00,historyserver,historyserver-demo-67d55cff85-p2zn7,historyserver,2026-08-06T19:01:20Z,8913152000,958017536
2026-08-06T14:01:25.250118-05:00,historyserver,historyserver-demo-67d55cff85-p2zn7,historyserver,2026-08-06T19:01:20Z,8913152000,958017536
2026-08-06T14:01:26.249273-05:00,historyserver,historyserver-demo-67d55cff85-p2zn7,historyserver,2026-08-06T19:01:20Z,8913152000,958017536
2026-08-06T14:01:27.249153-05:00,historyserver,historyserver-demo-67d55cff85-p2zn7,historyserver,2026-08-06T19:01:20Z,8913152000,958017536
2026-08-06T14:01:28.24953-05:00,historyserver,historyserver-demo-67d55cff85-p2zn7,historyserver,2026-08-06T19:01:20Z,8913152000,958017536
2026-08-06T14:01:29.249499-05:00,historyserver,historyserver-demo-67d55cff85-p2zn7,historyserver,2026-08-06T19:01:20Z,8913152000,958017536
2026-08-06T14:01:30.25015-05:00,historyserver,historyserver-demo-67d55cff85-p2zn7,historyserver,2026-08-06T19:01:20Z,8913152000,958017536
2026-08-06T14:01:31.249527-05:00,historyserver,historyserver-demo-67d55cff85-p2zn7,historyserver,2026-08-06T19:01:20Z,8913152000,958017536
2026-08-06T14:01:32.250207-05:00,historyserver,historyserver-demo-67d55cff85-p2zn7,historyserver,2026-08-06T19:01:20Z,8913152000,958017536
2026-08-06T14:01:33.24969-05:00,historyserver,historyserver-demo-67d55cff85-p2zn7,historyserver,2026-08-06T19:01:20Z,8913152000,958017536
2026-08-06T14:01:34.250166-05:00,historyserver,historyserver-demo-67d55cff85-p2zn7,historyserver,2026-08-06T19:01:20Z,8913152000,958017536
2026-08-06T14:01:35.25006-05:00,historyserver,historyserver-demo-67d55cff85-p2zn7,historyserver,2026-08-06T19:01:20Z,8913152000,958017536
2026-08-06T14:01:36.249622-05:00,historyserver,historyserver-demo-67d55cff85-p2zn7,historyserver,2026-08-06T19:01:20Z,8913152000,958017536
2026-08-06T14:01:37.250199-05:00,historyserver,historyserver-demo-67d55cff85-p2zn7,historyserver,2026-08-06T19:01:20Z,8913152000,958017536
2026-08-06T14:01:38.249804-05:00,historyserver,historyserver-demo-67d55cff85-p2zn7,historyserver,2026-08-06T19:01:20Z,8913152000,958017536
2026-08-06T14:01:39.249455-05:00,historyserver,historyserver-demo-67d55cff85-p2zn7,historyserver,2026-08-06T19:01:20Z,8913152000,958017536
2026-08-06T14:01:40.249499-05:00,historyserver,historyserver-demo-67d55cff85-p2zn7,historyserver,2026-08-06T19:01:39Z,18551275000,1091592192
2026-08-06T14:01:41.249286-05:00,historyserver,historyserver-demo-67d55cff85-p2zn7,historyserver,2026-08-06T19:01:39Z,18551275000,1091592192
2026-08-06T14:01:42.249559-05:00,historyserver,historyserver-demo-67d55cff85-p2zn7,historyserver,2026-08-06T19:01:39Z,18551275000,1091592192
2026-08-06T14:01:43.249711-05:00,historyserver,historyserver-demo-67d55cff85-p2zn7,historyserver,2026-08-06T19:01:39Z,18551275000,1091592192
2026-08-06T14:01:44.251707-05:00,historyserver,historyserver-demo-67d55cff85-p2zn7,historyserver,2026-08-06T19:01:39Z,18551275000,1091592192
2026-08-06T14:01:45.250324-05:00,historyserver,historyserver-demo-67d55cff85-p2zn7,historyserver,2026-08-06T19:01:39Z,18551275000,1091592192
2026-08-06T14:01:46.250255-05:00,historyserver,historyserver-demo-67d55cff85-p2zn7,historyserver,2026-08-06T19:01:39Z,18551275000,1091592192
2026-08-06T14:01:47.249793-05:00,historyserver,historyserver-demo-67d55cff85-p2zn7,historyserver,2026-08-06T19:01:39Z,18551275000,1091592192
2026-08-06T14:01:48.249525-05:00,historyserver,historyserver-demo-67d55cff85-p2zn7,historyserver,2026-08-06T19:01:39Z,18551275000,1091592192
2026-08-06T14:01:49.25034-05:00,historyserver,historyserver-demo-67d55cff85-p2zn7,historyserver,2026-08-06T19:01:39Z,18551275000,1091592192
2026-08-06T14:01:50.249676-05:00,historyserver,historyserver-demo-67d55cff85-p2zn7,historyserver,2026-08-06T19:01:39Z,18551275000,1091592192
2026-08-06T14:01:51.249292-05:00,historyserver,historyserver-demo-67d55cff85-p2zn7,historyserver,2026-08-06T19:01:51Z,24321468000,1248714752
2026-08-06T14:01:52.249279-05:00,historyserver,historyserver-demo-67d55cff85-p2zn7,historyserver,2026-08-06T19:01:51Z,24321468000,1248714752
2026-08-06T14:01:53.2498-05:00,historyserver,historyserver-demo-67d55cff85-p2zn7,historyserver,2026-08-06T19:01:51Z,24321468000,1248714752
2026-08-06T14:01:54.24979-05:00,historyserver,historyserver-demo-67d55cff85-p2zn7,historyserver,2026-08-06T19:01:51Z,24321468000,1248714752
2026-08-06T14:01:55.249857-05:00,historyserver,historyserver-demo-67d55cff85-p2zn7,historyserver,2026-08-06T19:01:51Z,24321468000,1248714752
2026-08-06T14:01:56.250279-05:00,historyserver,historyserver-demo-67d55cff85-p2zn7,historyserver,2026-08-06T19:01:51Z,24321468000,1248714752
2026-08-06T14:01:57.250265-05:00,historyserver,historyserver-demo-67d55cff85-p2zn7,historyserver,2026-08-06T19:01:51Z,24321468000,1248714752
2026-08-06T14:01:58.249634-05:00,historyserver,historyserver-demo-67d55cff85-p2zn7,historyserver,2026-08-06T19:01:51Z,24321468000,1248714752
2026-08-06T14:01:59.249858-05:00,historyserver,historyserver-demo-67d55cff85-p2zn7,historyserver,2026-08-06T19:01:51Z,24321468000,1248714752
2026-08-06T14:02:00.252542-05:00,historyserver,historyserver-demo-67d55cff85-p2zn7,historyserver,2026-08-06T19:01:51Z,24321468000,1248714752
2026-08-06T14:02:01.250392-05:00,historyserver,historyserver-demo-67d55cff85-p2zn7,historyserver,2026-08-06T19:01:51Z,24321468000,1248714752
2026-08-06T14:02:02.250354-05:00,historyserver,historyserver-demo-67d55cff85-p2zn7,historyserver,2026-08-06T19:01:51Z,24321468000,1248714752
2026-08-06T14:02:03.249789-05:00,historyserver,historyserver-demo-67d55cff85-p2zn7,historyserver,2026-08-06T19:01:51Z,24321468000,1248714752
2026-08-06T14:02:04.249826-05:00,historyserver,historyserver-demo-67d55cff85-p2zn7,historyserver,2026-08-06T19:01:51Z,24321468000,1248714752
2026-08-06T14:02:05.251677-05:00,historyserver,historyserver-demo-67d55cff85-p2zn7,historyserver,2026-08-06T19:01:51Z,24321468000,1248714752
2026-08-06T14:02:06.250196-05:00,historyserver,historyserver-demo-67d55cff85-p2zn7,historyserver,2026-08-06T19:02:06Z,31799647000,2178949120
2026-08-06T14:02:07.250368-05:00,historyserver,historyserver-demo-67d55cff85-p2zn7,historyserver,2026-08-06T19:02:06Z,31799647000,2178949120
2026-08-06T14:02:08.249333-05:00,historyserver,historyserver-demo-67d55cff85-p2zn7,historyserver,2026-08-06T19:02:06Z,31799647000,2178949120
2026-08-06T14:02:09.250349-05:00,historyserver,historyserver-demo-67d55cff85-p2zn7,historyserver,2026-08-06T19:02:06Z,31799647000,2178949120
2026-08-06T14:02:10.249932-05:00,historyserver,historyserver-demo-67d55cff85-p2zn7,historyserver,2026-08-06T19:02:06Z,31799647000,2178949120
2026-08-06T14:02:11.249754-05:00,historyserver,historyserver-demo-67d55cff85-p2zn7,historyserver,2026-08-06T19:02:06Z,31799647000,2178949120
2026-08-06T14:02:12.249911-05:00,historyserver,historyserver-demo-67d55cff85-p2zn7,historyserver,2026-08-06T19:02:06Z,31799647000,2178949120
2026-08-06T14:02:13.250372-05:00,historyserver,historyserver-demo-67d55cff85-p2zn7,historyserver,2026-08-06T19:02:06Z,31799647000,2178949120
2026-08-06T14:02:14.250072-05:00,historyserver,historyserver-demo-67d55cff85-p2zn7,historyserver,2026-08-06T19:02:06Z,31799647000,2178949120
2026-08-06T14:02:15.250422-05:00,historyserver,historyserver-demo-67d55cff85-p2zn7,historyserver,2026-08-06T19:02:06Z,31799647000,2178949120
2026-08-06T14:02:16.250389-05:00,historyserver,historyserver-demo-67d55cff85-p2zn7,historyserver,2026-08-06T19:02:06Z,31799647000,2178949120
2026-08-06T14:02:17.250451-05:00,historyserver,historyserver-demo-67d55cff85-p2zn7,historyserver,2026-08-06T19:02:06Z,31799647000,2178949120
2026-08-06T14:02:18.249904-05:00,historyserver,historyserver-demo-67d55cff85-p2zn7,historyserver,2026-08-06T19:02:06Z,31799647000,2178949120
2026-08-06T14:02:19.250401-05:00,historyserver,historyserver-demo-67d55cff85-p2zn7,historyserver,2026-08-06T19:02:19Z,38331057000,2321772544
2026-08-06T14:02:20.24955-05:00,historyserver,historyserver-demo-67d55cff85-p2zn7,historyserver,2026-08-06T19:02:19Z,38331057000,2321772544
2026-08-06T14:02:21.250424-05:00,historyserver,historyserver-demo-67d55cff85-p2zn7,historyserver,2026-08-06T19:02:19Z,38331057000,2321772544
2026-08-06T14:02:22.249902-05:00,historyserver,historyserver-demo-67d55cff85-p2zn7,historyserver,2026-08-06T19:02:19Z,38331057000,2321772544
2026-08-06T14:02:23.25033-05:00,historyserver,historyserver-demo-67d55cff85-p2zn7,historyserver,2026-08-06T19:02:19Z,38331057000,2321772544
2026-08-06T14:02:24.250045-05:00,historyserver,historyserver-demo-67d55cff85-p2zn7,historyserver,2026-08-06T19:02:19Z,38331057000,2321772544
2026-08-06T14:02:25.250414-05:00,historyserver,historyserver-demo-67d55cff85-p2zn7,historyserver,2026-08-06T19:02:19Z,38331057000,2321772544
2026-08-06T14:02:26.250426-05:00,historyserver,historyserver-demo-67d55cff85-p2zn7,historyserver,2026-08-06T19:02:19Z,38331057000,2321772544
2026-08-06T14:02:27.250329-05:00,historyserver,historyserver-demo-67d55cff85-p2zn7,historyserver,2026-08-06T19:02:19Z,38331057000,2321772544
2026-08-06T14:02:28.249763-05:00,historyserver,historyserver-demo-67d55cff85-p2zn7,historyserver,2026-08-06T19:02:19Z,38331057000,2321772544
2026-08-06T14:02:29.250118-05:00,historyserver,historyserver-demo-67d55cff85-p2zn7,historyserver,2026-08-06T19:02:19Z,38331057000,2321772544
2026-08-06T14:02:30.24948-05:00,historyserver,historyserver-demo-67d55cff85-p2zn7,historyserver,2026-08-06T19:02:29Z,43502249000,2321952768
2026-08-06T14:02:31.250142-05:00,historyserver,historyserver-demo-67d55cff85-p2zn7,historyserver,2026-08-06T19:02:29Z,43502249000,2321952768
2026-08-06T14:02:32.249463-05:00,historyserver,historyserver-demo-67d55cff85-p2zn7,historyserver,2026-08-06T19:02:29Z,43502249000,2321952768
2026-08-06T14:02:33.25051-05:00,historyserver,historyserver-demo-67d55cff85-p2zn7,historyserver,2026-08-06T19:02:29Z,43502249000,2321952768
2026-08-06T14:02:34.250413-05:00,historyserver,historyserver-demo-67d55cff85-p2zn7,historyserver,2026-08-06T19:02:29Z,43502249000,2321952768
2026-08-06T14:02:35.250477-05:00,historyserver,historyserver-demo-67d55cff85-p2zn7,historyserver,2026-08-06T19:02:29Z,43502249000,2321952768
2026-08-06T14:02:36.250007-05:00,historyserver,historyserver-demo-67d55cff85-p2zn7,historyserver,2026-08-06T19:02:29Z,43502249000,2321952768
2026-08-06T14:02:37.251489-05:00,historyserver,historyserver-demo-67d55cff85-p2zn7,historyserver,2026-08-06T19:02:29Z,43502249000,2321952768
2026-08-06T14:02:38.250485-05:00,historyserver,historyserver-demo-67d55cff85-p2zn7,historyserver,2026-08-06T19:02:29Z,43502249000,2321952768
2026-08-06T14:02:39.250494-05:00,historyserver,historyserver-demo-67d55cff85-p2zn7,historyserver,2026-08-06T19:02:29Z,43502249000,2321952768
2026-08-06T14:02:40.250005-05:00,historyserver,historyserver-demo-67d55cff85-p2zn7,historyserver,2026-08-06T19:02:29Z,43502249000,2321952768
2026-08-06T14:02:41.250501-05:00,historyserver,historyserver-demo-67d55cff85-p2zn7,historyserver,2026-08-06T19:02:29Z,43502249000,2321952768
2026-08-06T14:02:42.250546-05:00,historyserver,historyserver-demo-67d55cff85-p2zn7,historyserver,2026-08-06T19:02:29Z,43502249000,2321952768
2026-08-06T14:02:43.250397-05:00,historyserver,historyserver-demo-67d55cff85-p2zn7,historyserver,2026-08-06T19:02:29Z,43502249000,2321952768
2026-08-06T14:02:44.25013-05:00,historyserver,historyserver-demo-67d55cff85-p2zn7,historyserver,2026-08-06T19:02:29Z,43502249000,2321952768
2026-08-06T14:02:45.250559-05:00,historyserver,historyserver-demo-67d55cff85-p2zn7,historyserver,2026-08-06T19:02:29Z,43502249000,2321952768
2026-08-06T14:02:46.250544-05:00,historyserver,historyserver-demo-67d55cff85-p2zn7,historyserver,2026-08-06T19:02:29Z,43502249000,2321952768
2026-08-06T14:02:47.250381-05:00,historyserver,historyserver-demo-67d55cff85-p2zn7,historyserver,2026-08-06T19:02:29Z,43502249000,2321952768
2026-08-06T14:02:48.25063-05:00,historyserver,historyserver-demo-67d55cff85-p2zn7,historyserver,2026-08-06T19:02:47Z,52590232000,2322182144
2026-08-06T14:02:49.250566-05:00,historyserver,historyserver-demo-67d55cff85-p2zn7,historyserver,2026-08-06T19:02:47Z,52590232000,2322182144
2026-08-06T14:02:50.250584-05:00,historyserver,historyserver-demo-67d55cff85-p2zn7,historyserver,2026-08-06T19:02:47Z,52590232000,2322182144
2026-08-06T14:02:51.250602-05:00,historyserver,historyserver-demo-67d55cff85-p2zn7,historyserver,2026-08-06T19:02:47Z,52590232000,2322182144
2026-08-06T14:02:52.250667-05:00,historyserver,historyserver-demo-67d55cff85-p2zn7,historyserver,2026-08-06T19:02:47Z,52590232000,2322182144
2026-08-06T14:02:53.250647-05:00,historyserver,historyserver-demo-67d55cff85-p2zn7,historyserver,2026-08-06T19:02:47Z,52590232000,2322182144
2026-08-06T14:02:54.250317-05:00,historyserver,historyserver-demo-67d55cff85-p2zn7,historyserver,2026-08-06T19:02:47Z,52590232000,2322182144
2026-08-06T14:02:55.250421-05:00,historyserver,historyserver-demo-67d55cff85-p2zn7,historyserver,2026-08-06T19:02:47Z,52590232000,2322182144
2026-08-06T14:02:56.250344-05:00,historyserver,historyserver-demo-67d55cff85-p2zn7,historyserver,2026-08-06T19:02:47Z,52590232000,2322182144
2026-08-06T14:02:57.250616-05:00,historyserver,historyserver-demo-67d55cff85-p2zn7,historyserver,2026-08-06T19:02:47Z,52590232000,2322182144
2026-08-06T14:02:58.249633-05:00,historyserver,historyserver-demo-67d55cff85-p2zn7,historyserver,2026-08-06T19:02:47Z,52590232000,2322182144
2026-08-06T14:02:59.25062-05:00,historyserver,historyserver-demo-67d55cff85-p2zn7,historyserver,2026-08-06T19:02:47Z,52590232000,2322182144
2026-08-06T14:03:00.250626-05:00,historyserver,historyserver-demo-67d55cff85-p2zn7,historyserver,2026-08-06T19:02:47Z,52590232000,2322182144
2026-08-06T14:03:01.250605-05:00,historyserver,historyserver-demo-67d55cff85-p2zn7,historyserver,2026-08-06T19:02:47Z,52590232000,2322182144
2026-08-06T14:03:02.250128-05:00,historyserver,historyserver-demo-67d55cff85-p2zn7,historyserver,2026-08-06T19:02:47Z,52590232000,2322182144
2026-08-06T14:03:03.250621-05:00,historyserver,historyserver-demo-67d55cff85-p2zn7,historyserver,2026-08-06T19:02:47Z,52590232000,2322182144
2026-08-06T14:03:04.250577-05:00,historyserver,historyserver-demo-67d55cff85-p2zn7,historyserver,2026-08-06T19:02:47Z,52590232000,2322182144
2026-08-06T14:03:05.250072-05:00,historyserver,historyserver-demo-67d55cff85-p2zn7,historyserver,2026-08-06T19:02:47Z,52590232000,2322182144
2026-08-06T14:03:06.25077-05:00,historyserver,historyserver-demo-67d55cff85-p2zn7,historyserver,2026-08-06T19:03:05Z,61377635000,2325831680
2026-08-06T14:03:07.250638-05:00,historyserver,historyserver-demo-67d55cff85-p2zn7,historyserver,2026-08-06T19:03:05Z,61377635000,2325831680
2026-08-06T14:03:08.249988-05:00,historyserver,historyserver-demo-67d55cff85-p2zn7,historyserver,2026-08-06T19:03:05Z,61377635000,2325831680
2026-08-06T14:03:09.250809-05:00,historyserver,historyserver-demo-67d55cff85-p2zn7,historyserver,2026-08-06T19:03:05Z,61377635000,2325831680
2026-08-06T14:03:10.250323-05:00,historyserver,historyserver-demo-67d55cff85-p2zn7,historyserver,2026-08-06T19:03:05Z,61377635000,2325831680
2026-08-06T14:03:11.25154-05:00,historyserver,historyserver-demo-67d55cff85-p2zn7,historyserver,2026-08-06T19:03:05Z,61377635000,2325831680
2026-08-06T14:03:12.250432-05:00,historyserver,historyserver-demo-67d55cff85-p2zn7,historyserver,2026-08-06T19:03:05Z,61377635000,2325831680
2026-08-06T14:03:13.249707-05:00,historyserver,historyserver-demo-67d55cff85-p2zn7,historyserver,2026-08-06T19:03:05Z,61377635000,2325831680
2026-08-06T14:03:14.249902-05:00,historyserver,historyserver-demo-67d55cff85-p2zn7,historyserver,2026-08-06T19:03:05Z,61377635000,2325831680
2026-08-06T14:03:15.25077-05:00,historyserver,historyserver-demo-67d55cff85-p2zn7,historyserver,2026-08-06T19:03:05Z,61377635000,2325831680
2026-08-06T14:03:16.2507-05:00,historyserver,historyserver-demo-67d55cff85-p2zn7,historyserver,2026-08-06T19:03:05Z,61377635000,2325831680
2026-08-06T14:03:17.251443-05:00,historyserver,historyserver-demo-67d55cff85-p2zn7,historyserver,2026-08-06T19:03:05Z,61377635000,2325831680
2026-08-06T14:03:18.250727-05:00,historyserver,historyserver-demo-67d55cff85-p2zn7,historyserver,2026-08-06T19:03:05Z,61377635000,2325831680
2026-08-06T14:03:19.250557-05:00,historyserver,historyserver-demo-67d55cff85-p2zn7,historyserver,2026-08-06T19:03:05Z,61377635000,2325831680
2026-08-06T14:03:20.250543-05:00,historyserver,historyserver-demo-67d55cff85-p2zn7,historyserver,2026-08-06T19:03:05Z,61377635000,2325831680
2026-08-06T14:03:21.253007-05:00,historyserver,historyserver-demo-67d55cff85-p2zn7,historyserver,2026-08-06T19:03:21Z,69266278000,2325909504
2026-08-06T14:03:22.250793-05:00,historyserver,historyserver-demo-67d55cff85-p2zn7,historyserver,2026-08-06T19:03:21Z,69266278000,2325909504
2026-08-06T14:03:23.250724-05:00,historyserver,historyserver-demo-67d55cff85-p2zn7,historyserver,2026-08-06T19:03:21Z,69266278000,2325909504
2026-08-06T14:03:24.249992-05:00,historyserver,historyserver-demo-67d55cff85-p2zn7,historyserver,2026-08-06T19:03:21Z,69266278000,2325909504
2026-08-06T14:03:25.251762-05:00,historyserver,historyserver-demo-67d55cff85-p2zn7,historyserver,2026-08-06T19:03:21Z,69266278000,2325909504
2026-08-06T14:03:26.250753-05:00,historyserver,historyserver-demo-67d55cff85-p2zn7,historyserver,2026-08-06T19:03:21Z,69266278000,2325909504
2026-08-06T14:03:27.250773-05:00,historyserver,historyserver-demo-67d55cff85-p2zn7,historyserver,2026-08-06T19:03:21Z,69266278000,2325909504
2026-08-06T14:03:28.250761-05:00,historyserver,historyserver-demo-67d55cff85-p2zn7,historyserver,2026-08-06T19:03:21Z,69266278000,2325909504
2026-08-06T14:03:29.250306-05:00,historyserver,historyserver-demo-67d55cff85-p2zn7,historyserver,2026-08-06T19:03:21Z,69266278000,2325909504
2026-08-06T14:03:30.250767-05:00,historyserver,historyserver-demo-67d55cff85-p2zn7,historyserver,2026-08-06T19:03:21Z,69266278000,2325909504
2026-08-06T14:03:31.251181-05:00,historyserver,historyserver-demo-67d55cff85-p2zn7,historyserver,2026-08-06T19:03:21Z,69266278000,2325909504
2026-08-06T14:03:32.251473-05:00,historyserver,historyserver-demo-67d55cff85-p2zn7,historyserver,2026-08-06T19:03:21Z,69266278000,2325909504
2026-08-06T14:03:33.250824-05:00,historyserver,historyserver-demo-67d55cff85-p2zn7,historyserver,2026-08-06T19:03:21Z,69266278000,2325909504
2026-08-06T14:03:34.250226-05:00,historyserver,historyserver-demo-67d55cff85-p2zn7,historyserver,2026-08-06T19:03:33Z,75228949000,1896525824
2026-08-06T14:03:35.250799-05:00,historyserver,historyserver-demo-67d55cff85-p2zn7,historyserver,2026-08-06T19:03:33Z,75228949000,1896525824
2026-08-06T14:03:36.250748-05:00,historyserver,historyserver-demo-67d55cff85-p2zn7,historyserver,2026-08-06T19:03:33Z,75228949000,1896525824
2026-08-06T14:03:37.25081-05:00,historyserver,historyserver-demo-67d55cff85-p2zn7,historyserver,2026-08-06T19:03:33Z,75228949000,1896525824
2026-08-06T14:03:38.250814-05:00,historyserver,historyserver-demo-67d55cff85-p2zn7,historyserver,2026-08-06T19:03:33Z,75228949000,1896525824
2026-08-06T14:03:39.25038-05:00,historyserver,historyserver-demo-67d55cff85-p2zn7,historyserver,2026-08-06T19:03:33Z,75228949000,1896525824
2026-08-06T14:03:40.250138-05:00,historyserver,historyserver-demo-67d55cff85-p2zn7,historyserver,2026-08-06T19:03:33Z,75228949000,1896525824
2026-08-06T14:03:41.250822-05:00,historyserver,historyserver-demo-67d55cff85-p2zn7,historyserver,2026-08-06T19:03:33Z,75228949000,1896525824
2026-08-06T14:03:42.250144-05:00,historyserver,historyserver-demo-67d55cff85-p2zn7,historyserver,2026-08-06T19:03:33Z,75228949000,1896525824
2026-08-06T14:03:43.250827-05:00,historyserver,historyserver-demo-67d55cff85-p2zn7,historyserver,2026-08-06T19:03:33Z,75228949000,1896525824
2026-08-06T14:03:44.250847-05:00,historyserver,historyserver-demo-67d55cff85-p2zn7,historyserver,2026-08-06T19:03:33Z,75228949000,1896525824
2026-08-06T14:03:45.250866-05:00,historyserver,historyserver-demo-67d55cff85-p2zn7,historyserver,2026-08-06T19:03:33Z,75228949000,1896525824
2026-08-06T14:03:46.250204-05:00,historyserver,historyserver-demo-67d55cff85-p2zn7,historyserver,2026-08-06T19:03:33Z,75228949000,1896525824
2026-08-06T14:03:47.25099-05:00,historyserver,historyserver-demo-67d55cff85-p2zn7,historyserver,2026-08-06T19:03:33Z,75228949000,1896525824
2026-08-06T14:03:48.251023-05:00,historyserver,historyserver-demo-67d55cff85-p2zn7,historyserver,2026-08-06T19:03:33Z,75228949000,1896525824
2026-08-06T14:03:49.250743-05:00,historyserver,historyserver-demo-67d55cff85-p2zn7,historyserver,2026-08-06T19:03:33Z,75228949000,1896525824
2026-08-06T14:03:50.250182-05:00,historyserver,historyserver-demo-67d55cff85-p2zn7,historyserver,2026-08-06T19:03:33Z,75228949000,1896525824
2026-08-06T14:03:51.25005-05:00,historyserver,historyserver-demo-67d55cff85-p2zn7,historyserver,2026-08-06T19:03:33Z,75228949000,1896525824
2026-08-06T14:03:52.250501-05:00,historyserver,historyserver-demo-67d55cff85-p2zn7,historyserver,2026-08-06T19:03:33Z,75228949000,1896525824
2026-08-06T14:03:53.250902-05:00,historyserver,historyserver-demo-67d55cff85-p2zn7,historyserver,2026-08-06T19:03:33Z,75228949000,1896525824
2026-08-06T14:03:54.250407-05:00,historyserver,historyserver-demo-67d55cff85-p2zn7,historyserver,2026-08-06T19:03:53Z,85130892000,1904787456
2026-08-06T14:03:55.250672-05:00,historyserver,historyserver-demo-67d55cff85-p2zn7,historyserver,2026-08-06T19:03:53Z,85130892000,1904787456
2026-08-06T14:03:56.25032-05:00,historyserver,historyserver-demo-67d55cff85-p2zn7,historyserver,2026-08-06T19:03:53Z,85130892000,1904787456
2026-08-06T14:03:57.25053-05:00,historyserver,historyserver-demo-67d55cff85-p2zn7,historyserver,2026-08-06T19:03:53Z,85130892000,1904787456
2026-08-06T14:03:58.250314-05:00,historyserver,historyserver-demo-67d55cff85-p2zn7,historyserver,2026-08-06T19:03:53Z,85130892000,1904787456
2026-08-06T14:03:59.250496-05:00,historyserver,historyserver-demo-67d55cff85-p2zn7,historyserver,2026-08-06T19:03:53Z,85130892000,1904787456
2026-08-06T14:04:00.25228-05:00,historyserver,historyserver-demo-67d55cff85-p2zn7,historyserver,2026-08-06T19:03:53Z,85130892000,1904787456
2026-08-06T14:04:01.252044-05:00,historyserver,historyserver-demo-67d55cff85-p2zn7,historyserver,2026-08-06T19:03:53Z,85130892000,1904787456
2026-08-06T14:04:02.250941-05:00,historyserver,historyserver-demo-67d55cff85-p2zn7,historyserver,2026-08-06T19:03:53Z,85130892000,1904787456
2026-08-06T14:04:03.252514-05:00,historyserver,historyserver-demo-67d55cff85-p2zn7,historyserver,2026-08-06T19:03:53Z,85130892000,1904787456
2026-08-06T14:04:04.25187-05:00,historyserver,historyserver-demo-67d55cff85-p2zn7,historyserver,2026-08-06T19:03:53Z,85130892000,1904787456
2026-08-06T14:04:05.250091-05:00,historyserver,historyserver-demo-67d55cff85-p2zn7,historyserver,2026-08-06T19:03:53Z,85130892000,1904787456
2026-08-06T14:04:06.25095-05:00,historyserver,historyserver-demo-67d55cff85-p2zn7,historyserver,2026-08-06T19:03:53Z,85130892000,1904787456
2026-08-06T14:04:07.250967-05:00,historyserver,historyserver-demo-67d55cff85-p2zn7,historyserver,2026-08-06T19:03:53Z,85130892000,1904787456
2026-08-06T14:04:08.251007-05:00,historyserver,historyserver-demo-67d55cff85-p2zn7,historyserver,2026-08-06T19:03:53Z,85130892000,1904787456
2026-08-06T14:04:09.250989-05:00,historyserver,historyserver-demo-67d55cff85-p2zn7,historyserver,2026-08-06T19:03:53Z,85130892000,1904787456
2026-08-06T14:04:10.251181-05:00,historyserver,historyserver-demo-67d55cff85-p2zn7,historyserver,2026-08-06T19:04:09Z,93220626000,2088763392
2026-08-06T14:04:11.250865-05:00,historyserver,historyserver-demo-67d55cff85-p2zn7,historyserver,2026-08-06T19:04:09Z,93220626000,2088763392
2026-08-06T14:04:12.250994-05:00,historyserver,historyserver-demo-67d55cff85-p2zn7,historyserver,2026-08-06T19:04:09Z,93220626000,2088763392
2026-08-06T14:04:13.250287-05:00,historyserver,historyserver-demo-67d55cff85-p2zn7,historyserver,2026-08-06T19:04:09Z,93220626000,2088763392
2026-08-06T14:04:14.251409-05:00,historyserver,historyserver-demo-67d55cff85-p2zn7,historyserver,2026-08-06T19:04:09Z,93220626000,2088763392
2026-08-06T14:04:15.250282-05:00,historyserver,historyserver-demo-67d55cff85-p2zn7,historyserver,2026-08-06T19:04:09Z,93220626000,2088763392
2026-08-06T14:04:16.251037-05:00,historyserver,historyserver-demo-67d55cff85-p2zn7,historyserver,2026-08-06T19:04:09Z,93220626000,2088763392
2026-08-06T14:04:17.250553-05:00,historyserver,historyserver-demo-67d55cff85-p2zn7,historyserver,2026-08-06T19:04:09Z,93220626000,2088763392
2026-08-06T14:04:18.250112-05:00,historyserver,historyserver-demo-67d55cff85-p2zn7,historyserver,2026-08-06T19:04:09Z,93220626000,2088763392
2026-08-06T14:04:19.250532-05:00,historyserver,historyserver-demo-67d55cff85-p2zn7,historyserver,2026-08-06T19:04:09Z,93220626000,2088763392
2026-08-06T14:04:20.250665-05:00,historyserver,historyserver-demo-67d55cff85-p2zn7,historyserver,2026-08-06T19:04:09Z,93220626000,2088763392
2026-08-06T14:04:21.25087-05:00,historyserver,historyserver-demo-67d55cff85-p2zn7,historyserver,2026-08-06T19:04:09Z,93220626000,2088763392
2026-08-06T14:04:22.250404-05:00,historyserver,historyserver-demo-67d55cff85-p2zn7,historyserver,2026-08-06T19:04:09Z,93220626000,2088763392
2026-08-06T14:04:23.250669-05:00,historyserver,historyserver-demo-67d55cff85-p2zn7,historyserver,2026-08-06T19:04:09Z,93220626000,2088763392
2026-08-06T14:04:24.251069-05:00,historyserver,historyserver-demo-67d55cff85-p2zn7,historyserver,2026-08-06T19:04:23Z,99983616000,2341584896
2026-08-06T14:04:25.25053-05:00,historyserver,historyserver-demo-67d55cff85-p2zn7,historyserver,2026-08-06T19:04:23Z,99983616000,2341584896
2026-08-06T14:04:26.250578-05:00,historyserver,historyserver-demo-67d55cff85-p2zn7,historyserver,2026-08-06T19:04:23Z,99983616000,2341584896
2026-08-06T14:04:27.251097-05:00,historyserver,historyserver-demo-67d55cff85-p2zn7,historyserver,2026-08-06T19:04:23Z,99983616000,2341584896
2026-08-06T14:04:28.251073-05:00,historyserver,historyserver-demo-67d55cff85-p2zn7,historyserver,2026-08-06T19:04:23Z,99983616000,2341584896
2026-08-06T14:04:29.250866-05:00,historyserver,historyserver-demo-67d55cff85-p2zn7,historyserver,2026-08-06T19:04:23Z,99983616000,2341584896
2026-08-06T14:04:30.250671-05:00,historyserver,historyserver-demo-67d55cff85-p2zn7,historyserver,2026-08-06T19:04:23Z,99983616000,2341584896
2026-08-06T14:04:31.250855-05:00,historyserver,historyserver-demo-67d55cff85-p2zn7,historyserver,2026-08-06T19:04:23Z,99983616000,2341584896
2026-08-06T14:04:32.250565-05:00,historyserver,historyserver-demo-67d55cff85-p2zn7,historyserver,2026-08-06T19:04:23Z,99983616000,2341584896
2026-08-06T14:04:33.250962-05:00,historyserver,historyserver-demo-67d55cff85-p2zn7,historyserver,2026-08-06T19:04:23Z,99983616000,2341584896
2026-08-06T14:04:34.251116-05:00,historyserver,historyserver-demo-67d55cff85-p2zn7,historyserver,2026-08-06T19:04:23Z,99983616000,2341584896
2026-08-06T14:04:35.251145-05:00,historyserver,historyserver-demo-67d55cff85-p2zn7,historyserver,2026-08-06T19:04:23Z,99983616000,2341584896
2026-08-06T14:04:36.250419-05:00,historyserver,historyserver-demo-67d55cff85-p2zn7,historyserver,2026-08-06T19:04:23Z,99983616000,2341584896
2026-08-06T14:04:37.251131-05:00,historyserver,historyserver-demo-67d55cff85-p2zn7,historyserver,2026-08-06T19:04:23Z,99983616000,2341584896
2026-08-06T14:04:38.250906-05:00,historyserver,historyserver-demo-67d55cff85-p2zn7,historyserver,2026-08-06T19:04:23Z,99983616000,2341584896
2026-08-06T14:04:39.250691-05:00,historyserver,historyserver-demo-67d55cff85-p2zn7,historyserver,2026-08-06T19:04:39Z,107848239000,2627784704
2026-08-06T14:04:40.250802-05:00,historyserver,historyserver-demo-67d55cff85-p2zn7,historyserver,2026-08-06T19:04:39Z,107848239000,2627784704
2026-08-06T14:04:41.251218-05:00,historyserver,historyserver-demo-67d55cff85-p2zn7,historyserver,2026-08-06T19:04:39Z,107848239000,2627784704
2026-08-06T14:04:42.250659-05:00,historyserver,historyserver-demo-67d55cff85-p2zn7,historyserver,2026-08-06T19:04:39Z,107848239000,2627784704
2026-08-06T14:04:43.250883-05:00,historyserver,historyserver-demo-67d55cff85-p2zn7,historyserver,2026-08-06T19:04:39Z,107848239000,2627784704
2026-08-06T14:04:44.250239-05:00,historyserver,historyserver-demo-67d55cff85-p2zn7,historyserver,2026-08-06T19:04:39Z,107848239000,2627784704
2026-08-06T14:04:45.251183-05:00,historyserver,historyserver-demo-67d55cff85-p2zn7,historyserver,2026-08-06T19:04:39Z,107848239000,2627784704
2026-08-06T14:04:46.251038-05:00,historyserver,historyserver-demo-67d55cff85-p2zn7,historyserver,2026-08-06T19:04:39Z,107848239000,2627784704
2026-08-06T14:04:47.250605-05:00,historyserver,historyserver-demo-67d55cff85-p2zn7,historyserver,2026-08-06T19:04:39Z,107848239000,2627784704
2026-08-06T14:04:48.250463-05:00,historyserver,historyserver-demo-67d55cff85-p2zn7,historyserver,2026-08-06T19:04:39Z,107848239000,2627784704
2026-08-06T14:04:49.251255-05:00,historyserver,historyserver-demo-67d55cff85-p2zn7,historyserver,2026-08-06T19:04:39Z,107848239000,2627784704
2026-08-06T14:04:50.250984-05:00,historyserver,historyserver-demo-67d55cff85-p2zn7,historyserver,2026-08-06T19:04:39Z,107848239000,2627784704
2026-08-06T14:04:51.250271-05:00,historyserver,historyserver-demo-67d55cff85-p2zn7,historyserver,2026-08-06T19:04:39Z,107848239000,2627784704
2026-08-06T14:04:52.251275-05:00,historyserver,historyserver-demo-67d55cff85-p2zn7,historyserver,2026-08-06T19:04:39Z,107848239000,2627784704
2026-08-06T14:04:53.251243-05:00,historyserver,historyserver-demo-67d55cff85-p2zn7,historyserver,2026-08-06T19:04:52Z,114428676000,2761433088
2026-08-06T14:04:54.250284-05:00,historyserver,historyserver-demo-67d55cff85-p2zn7,historyserver,2026-08-06T19:04:52Z,114428676000,2761433088
2026-08-06T14:04:55.250329-05:00,historyserver,historyserver-demo-67d55cff85-p2zn7,historyserver,2026-08-06T19:04:52Z,114428676000,2761433088
2026-08-06T14:04:56.251227-05:00,historyserver,historyserver-demo-67d55cff85-p2zn7,historyserver,2026-08-06T19:04:52Z,114428676000,2761433088
2026-08-06T14:04:57.250938-05:00,historyserver,historyserver-demo-67d55cff85-p2zn7,historyserver,2026-08-06T19:04:52Z,114428676000,2761433088
2026-08-06T14:04:58.250807-05:00,historyserver,historyserver-demo-67d55cff85-p2zn7,historyserver,2026-08-06T19:04:52Z,114428676000,2761433088
2026-08-06T14:04:59.250614-05:00,historyserver,historyserver-demo-67d55cff85-p2zn7,historyserver,2026-08-06T19:04:52Z,114428676000,2761433088
2026-08-06T14:05:00.251268-05:00,historyserver,historyserver-demo-67d55cff85-p2zn7,historyserver,2026-08-06T19:04:52Z,114428676000,2761433088
2026-08-06T14:05:01.251077-05:00,historyserver,historyserver-demo-67d55cff85-p2zn7,historyserver,2026-08-06T19:04:52Z,114428676000,2761433088
2026-08-06T14:05:02.251329-05:00,historyserver,historyserver-demo-67d55cff85-p2zn7,historyserver,2026-08-06T19:04:52Z,114428676000,2761433088
2026-08-06T14:05:03.251285-05:00,historyserver,historyserver-demo-67d55cff85-p2zn7,historyserver,2026-08-06T19:04:52Z,114428676000,2761433088
2026-08-06T14:05:04.251249-05:00,historyserver,historyserver-demo-67d55cff85-p2zn7,historyserver,2026-08-06T19:05:04Z,120292186000,2761445376
2026-08-06T14:05:05.250893-05:00,historyserver,historyserver-demo-67d55cff85-p2zn7,historyserver,2026-08-06T19:05:04Z,120292186000,2761445376
2026-08-06T14:05:06.250988-05:00,historyserver,historyserver-demo-67d55cff85-p2zn7,historyserver,2026-08-06T19:05:04Z,120292186000,2761445376
2026-08-06T14:05:07.251109-05:00,historyserver,historyserver-demo-67d55cff85-p2zn7,historyserver,2026-08-06T19:05:04Z,120292186000,2761445376
2026-08-06T14:05:08.25062-05:00,historyserver,historyserver-demo-67d55cff85-p2zn7,historyserver,2026-08-06T19:05:04Z,120292186000,2761445376
2026-08-06T14:05:09.250303-05:00,historyserver,historyserver-demo-67d55cff85-p2zn7,historyserver,2026-08-06T19:05:04Z,120292186000,2761445376
2026-08-06T14:05:10.252148-05:00,historyserver,historyserver-demo-67d55cff85-p2zn7,historyserver,2026-08-06T19:05:04Z,120292186000,2761445376
2026-08-06T14:05:11.251328-05:00,historyserver,historyserver-demo-67d55cff85-p2zn7,historyserver,2026-08-06T19:05:04Z,120292186000,2761445376
2026-08-06T14:05:12.25138-05:00,historyserver,historyserver-demo-67d55cff85-p2zn7,historyserver,2026-08-06T19:05:04Z,120292186000,2761445376
2026-08-06T14:05:13.253062-05:00,historyserver,historyserver-demo-67d55cff85-p2zn7,historyserver,2026-08-06T19:05:04Z,120292186000,2761445376
2026-08-06T14:05:14.250976-05:00,historyserver,historyserver-demo-67d55cff85-p2zn7,historyserver,2026-08-06T19:05:04Z,120292186000,2761445376
2026-08-06T14:05:15.2506-05:00,historyserver,historyserver-demo-67d55cff85-p2zn7,historyserver,2026-08-06T19:05:04Z,120292186000,2761445376
2026-08-06T14:05:16.251343-05:00,historyserver,historyserver-demo-67d55cff85-p2zn7,historyserver,2026-08-06T19:05:04Z,120292186000,2761445376
2026-08-06T14:05:17.250755-05:00,historyserver,historyserver-demo-67d55cff85-p2zn7,historyserver,2026-08-06T19:05:04Z,120292186000,2761445376
2026-08-06T14:05:18.250885-05:00,historyserver,historyserver-demo-67d55cff85-p2zn7,historyserver,2026-08-06T19:05:04Z,120292186000,2761445376
2026-08-06T14:05:19.251321-05:00,historyserver,historyserver-demo-67d55cff85-p2zn7,historyserver,2026-08-06T19:05:04Z,120292186000,2761445376
2026-08-06T14:05:20.250665-05:00,historyserver,historyserver-demo-67d55cff85-p2zn7,historyserver,2026-08-06T19:05:04Z,120292186000,2761445376
2026-08-06T14:05:21.2517-05:00,historyserver,historyserver-demo-67d55cff85-p2zn7,historyserver,2026-08-06T19:05:20Z,128683602000,2762588160
2026-08-06T14:05:22.251475-05:00,historyserver,historyserver-demo-67d55cff85-p2zn7,historyserver,2026-08-06T19:05:20Z,128683602000,2762588160
2026-08-06T14:05:23.25073-05:00,historyserver,historyserver-demo-67d55cff85-p2zn7,historyserver,2026-08-06T19:05:20Z,128683602000,2762588160
2026-08-06T14:05:24.251238-05:00,historyserver,historyserver-demo-67d55cff85-p2zn7,historyserver,2026-08-06T19:05:20Z,128683602000,2762588160
2026-08-06T14:05:25.251398-05:00,historyserver,historyserver-demo-67d55cff85-p2zn7,historyserver,2026-08-06T19:05:20Z,128683602000,2762588160
2026-08-06T14:05:26.251385-05:00,historyserver,historyserver-demo-67d55cff85-p2zn7,historyserver,2026-08-06T19:05:20Z,128683602000,2762588160
2026-08-06T14:05:27.251121-05:00,historyserver,historyserver-demo-67d55cff85-p2zn7,historyserver,2026-08-06T19:05:20Z,128683602000,2762588160
2026-08-06T14:05:28.251385-05:00,historyserver,historyserver-demo-67d55cff85-p2zn7,historyserver,2026-08-06T19:05:20Z,128683602000,2762588160
2026-08-06T14:05:29.251416-05:00,historyserver,historyserver-demo-67d55cff85-p2zn7,historyserver,2026-08-06T19:05:20Z,128683602000,2762588160
2026-08-06T14:05:30.251436-05:00,historyserver,historyserver-demo-67d55cff85-p2zn7,historyserver,2026-08-06T19:05:20Z,128683602000,2762588160
2026-08-06T14:05:31.250868-05:00,historyserver,historyserver-demo-67d55cff85-p2zn7,historyserver,2026-08-06T19:05:20Z,128683602000,2762588160
2026-08-06T14:05:32.251504-05:00,historyserver,historyserver-demo-67d55cff85-p2zn7,historyserver,2026-08-06T19:05:32Z,134380283000,2762665984
2026-08-06T14:05:33.251485-05:00,historyserver,historyserver-demo-67d55cff85-p2zn7,historyserver,2026-08-06T19:05:32Z,134380283000,2762665984
2026-08-06T14:05:34.251339-05:00,historyserver,historyserver-demo-67d55cff85-p2zn7,historyserver,2026-08-06T19:05:32Z,134380283000,2762665984
2026-08-06T14:05:35.250494-05:00,historyserver,historyserver-demo-67d55cff85-p2zn7,historyserver,2026-08-06T19:05:32Z,134380283000,2762665984
2026-08-06T14:05:36.250774-05:00,historyserver,historyserver-demo-67d55cff85-p2zn7,historyserver,2026-08-06T19:05:32Z,134380283000,2762665984
2026-08-06T14:05:37.251071-05:00,historyserver,historyserver-demo-67d55cff85-p2zn7,historyserver,2026-08-06T19:05:32Z,134380283000,2762665984
2026-08-06T14:05:38.251329-05:00,historyserver,historyserver-demo-67d55cff85-p2zn7,historyserver,2026-08-06T19:05:32Z,134380283000,2762665984
2026-08-06T14:05:39.251476-05:00,historyserver,historyserver-demo-67d55cff85-p2zn7,historyserver,2026-08-06T19:05:32Z,134380283000,2762665984
2026-08-06T14:05:40.251156-05:00,historyserver,historyserver-demo-67d55cff85-p2zn7,historyserver,2026-08-06T19:05:32Z,134380283000,2762665984
2026-08-06T14:05:41.251054-05:00,historyserver,historyserver-demo-67d55cff85-p2zn7,historyserver,2026-08-06T19:05:32Z,134380283000,2762665984
2026-08-06T14:05:42.251712-05:00,historyserver,historyserver-demo-67d55cff85-p2zn7,historyserver,2026-08-06T19:05:32Z,134380283000,2762665984
2026-08-06T14:05:43.251505-05:00,historyserver,historyserver-demo-67d55cff85-p2zn7,historyserver,2026-08-06T19:05:32Z,134380283000,2762665984
2026-08-06T14:05:44.251537-05:00,historyserver,historyserver-demo-67d55cff85-p2zn7,historyserver,2026-08-06T19:05:32Z,134380283000,2762665984
2026-08-06T14:05:45.251296-05:00,historyserver,historyserver-demo-67d55cff85-p2zn7,historyserver,2026-08-06T19:05:32Z,134380283000,2762665984
2026-08-06T14:05:46.251344-05:00,historyserver,historyserver-demo-67d55cff85-p2zn7,historyserver,2026-08-06T19:05:32Z,134380283000,2762665984
2026-08-06T14:05:47.251258-05:00,historyserver,historyserver-demo-67d55cff85-p2zn7,historyserver,2026-08-06T19:05:32Z,134380283000,2762665984
2026-08-06T14:05:48.25161-05:00,historyserver,historyserver-demo-67d55cff85-p2zn7,historyserver,2026-08-06T19:05:32Z,134380283000,2762665984
2026-08-06T14:05:49.251638-05:00,historyserver,historyserver-demo-67d55cff85-p2zn7,historyserver,2026-08-06T19:05:32Z,134380283000,2762665984
2026-08-06T14:05:50.250866-05:00,historyserver,historyserver-demo-67d55cff85-p2zn7,historyserver,2026-08-06T19:05:32Z,134380283000,2762665984
2026-08-06T14:05:51.251118-05:00,historyserver,historyserver-demo-67d55cff85-p2zn7,historyserver,2026-08-06T19:05:50Z,143050185000,2166038528
2026-08-06T14:05:52.250645-05:00,historyserver,historyserver-demo-67d55cff85-p2zn7,historyserver,2026-08-06T19:05:50Z,143050185000,2166038528
2026-08-06T14:05:53.251108-05:00,historyserver,historyserver-demo-67d55cff85-p2zn7,historyserver,2026-08-06T19:05:50Z,143050185000,2166038528
2026-08-06T14:05:54.251232-05:00,historyserver,historyserver-demo-67d55cff85-p2zn7,historyserver,2026-08-06T19:05:50Z,143050185000,2166038528
2026-08-06T14:05:55.2507-05:00,historyserver,historyserver-demo-67d55cff85-p2zn7,historyserver,2026-08-06T19:05:50Z,143050185000,2166038528
2026-08-06T14:05:56.250301-05:00,historyserver,historyserver-demo-67d55cff85-p2zn7,historyserver,2026-08-06T19:05:50Z,143050185000,2166038528
2026-08-06T14:05:57.250609-05:00,historyserver,historyserver-demo-67d55cff85-p2zn7,historyserver,2026-08-06T19:05:50Z,143050185000,2166038528
2026-08-06T14:05:58.250895-05:00,historyserver,historyserver-demo-67d55cff85-p2zn7,historyserver,2026-08-06T19:05:50Z,143050185000,2166038528
2026-08-06T14:05:59.250773-05:00,historyserver,historyserver-demo-67d55cff85-p2zn7,historyserver,2026-08-06T19:05:50Z,143050185000,2166038528
2026-08-06T14:06:00.250567-05:00,historyserver,historyserver-demo-67d55cff85-p2zn7,historyserver,2026-08-06T19:05:50Z,143050185000,2166038528
2026-08-06T14:06:01.249837-05:00,historyserver,historyserver-demo-67d55cff85-p2zn7,historyserver,2026-08-06T19:05:50Z,143050185000,2166038528
2026-08-06T14:06:02.249672-05:00,historyserver,historyserver-demo-67d55cff85-p2zn7,historyserver,2026-08-06T19:06:01Z,148413271000,2165874688
2026-08-06T14:06:03.249878-05:00,historyserver,historyserver-demo-67d55cff85-p2zn7,historyserver,2026-08-06T19:06:01Z,148413271000,2165874688
2026-08-06T14:06:04.250412-05:00,historyserver,historyserver-demo-67d55cff85-p2zn7,historyserver,2026-08-06T19:06:01Z,148413271000,2165874688
2026-08-06T14:06:05.249717-05:00,historyserver,historyserver-demo-67d55cff85-p2zn7,historyserver,2026-08-06T19:06:01Z,148413271000,2165874688
2026-08-06T14:06:06.250283-05:00,historyserver,historyserver-demo-67d55cff85-p2zn7,historyserver,2026-08-06T19:06:01Z,148413271000,2165874688
2026-08-06T14:06:07.250309-05:00,historyserver,historyserver-demo-67d55cff85-p2zn7,historyserver,2026-08-06T19:06:01Z,148413271000,2165874688
2026-08-06T14:06:08.249746-05:00,historyserver,historyserver-demo-67d55cff85-p2zn7,historyserver,2026-08-06T19:06:01Z,148413271000,2165874688
2026-08-06T14:06:09.25017-05:00,historyserver,historyserver-demo-67d55cff85-p2zn7,historyserver,2026-08-06T19:06:01Z,148413271000,2165874688
2026-08-06T14:06:10.249277-05:00,historyserver,historyserver-demo-67d55cff85-p2zn7,historyserver,2026-08-06T19:06:01Z,148413271000,2165874688
2026-08-06T14:06:11.249522-05:00,historyserver,historyserver-demo-67d55cff85-p2zn7,historyserver,2026-08-06T19:06:01Z,148413271000,2165874688
2026-08-06T14:06:12.250048-05:00,historyserver,historyserver-demo-67d55cff85-p2zn7,historyserver,2026-08-06T19:06:01Z,148413271000,2165874688
2026-08-06T14:06:13.249133-05:00,historyserver,historyserver-demo-67d55cff85-p2zn7,historyserver,2026-08-06T19:06:12Z,154001450000,2167869440
2026-08-06T14:06:14.250083-05:00,historyserver,historyserver-demo-67d55cff85-p2zn7,historyserver,2026-08-06T19:06:12Z,154001450000,2167869440
2026-08-06T14:06:15.250157-05:00,historyserver,historyserver-demo-67d55cff85-p2zn7,historyserver,2026-08-06T19:06:12Z,154001450000,2167869440
2026-08-06T14:06:16.249711-05:00,historyserver,historyserver-demo-67d55cff85-p2zn7,historyserver,2026-08-06T19:06:12Z,154001450000,2167869440
2026-08-06T14:06:17.249977-05:00,historyserver,historyserver-demo-67d55cff85-p2zn7,historyserver,2026-08-06T19:06:12Z,154001450000,2167869440
2026-08-06T14:06:18.249506-05:00,historyserver,historyserver-demo-67d55cff85-p2zn7,historyserver,2026-08-06T19:06:12Z,154001450000,2167869440
2026-08-06T14:06:19.251483-05:00,historyserver,historyserver-demo-67d55cff85-p2zn7,historyserver,2026-08-06T19:06:12Z,154001450000,2167869440
2026-08-06T14:06:20.250667-05:00,historyserver,historyserver-demo-67d55cff85-p2zn7,historyserver,2026-08-06T19:06:12Z,154001450000,2167869440
2026-08-06T14:06:21.249845-05:00,historyserver,historyserver-demo-67d55cff85-p2zn7,historyserver,2026-08-06T19:06:12Z,154001450000,2167869440
2026-08-06T14:06:22.24984-05:00,historyserver,historyserver-demo-67d55cff85-p2zn7,historyserver,2026-08-06T19:06:12Z,154001450000,2167869440
2026-08-06T14:06:23.249909-05:00,historyserver,historyserver-demo-67d55cff85-p2zn7,historyserver,2026-08-06T19:06:12Z,154001450000,2167869440
2026-08-06T14:06:24.249806-05:00,historyserver,historyserver-demo-67d55cff85-p2zn7,historyserver,2026-08-06T19:06:12Z,154001450000,2167869440
2026-08-06T14:06:25.249812-05:00,historyserver,historyserver-demo-67d55cff85-p2zn7,historyserver,2026-08-06T19:06:12Z,154001450000,2167869440
2026-08-06T14:06:26.249788-05:00,historyserver,historyserver-demo-67d55cff85-p2zn7,historyserver,2026-08-06T19:06:26Z,160902128000,2212376576
2026-08-06T14:06:27.249545-05:00,historyserver,historyserver-demo-67d55cff85-p2zn7,historyserver,2026-08-06T19:06:26Z,160902128000,2212376576
2026-08-06T14:06:28.248761-05:00,historyserver,historyserver-demo-67d55cff85-p2zn7,historyserver,2026-08-06T19:06:26Z,160902128000,2212376576
2026-08-06T14:06:29.249303-05:00,historyserver,historyserver-demo-67d55cff85-p2zn7,historyserver,2026-08-06T19:06:26Z,160902128000,2212376576
2026-08-06T14:06:30.249079-05:00,historyserver,historyserver-demo-67d55cff85-p2zn7,historyserver,2026-08-06T19:06:26Z,160902128000,2212376576
2026-08-06T14:06:31.249322-05:00,historyserver,historyserver-demo-67d55cff85-p2zn7,historyserver,2026-08-06T19:06:26Z,160902128000,2212376576
2026-08-06T14:06:32.248905-05:00,historyserver,historyserver-demo-67d55cff85-p2zn7,historyserver,2026-08-06T19:06:26Z,160902128000,2212376576
2026-08-06T14:06:33.248874-05:00,historyserver,historyserver-demo-67d55cff85-p2zn7,historyserver,2026-08-06T19:06:26Z,160902128000,2212376576
2026-08-06T14:06:34.249732-05:00,historyserver,historyserver-demo-67d55cff85-p2zn7,historyserver,2026-08-06T19:06:26Z,160902128000,2212376576
2026-08-06T14:06:35.249813-05:00,historyserver,historyserver-demo-67d55cff85-p2zn7,historyserver,2026-08-06T19:06:26Z,160902128000,2212376576
2026-08-06T14:06:36.249423-05:00,historyserver,historyserver-demo-67d55cff85-p2zn7,historyserver,2026-08-06T19:06:26Z,160902128000,2212376576
2026-08-06T14:06:37.249441-05:00,historyserver,historyserver-demo-67d55cff85-p2zn7,historyserver,2026-08-06T19:06:26Z,160902128000,2212376576
2026-08-06T14:06:38.249753-05:00,historyserver,historyserver-demo-67d55cff85-p2zn7,historyserver,2026-08-06T19:06:26Z,160902128000,2212376576
2026-08-06T14:06:39.249305-05:00,historyserver,historyserver-demo-67d55cff85-p2zn7,historyserver,2026-08-06T19:06:26Z,160902128000,2212376576
2026-08-06T14:06:40.248782-05:00,historyserver,historyserver-demo-67d55cff85-p2zn7,historyserver,2026-08-06T19:06:26Z,160902128000,2212376576
2026-08-06T14:06:41.249688-05:00,historyserver,historyserver-demo-67d55cff85-p2zn7,historyserver,2026-08-06T19:06:26Z,160902128000,2212376576
2026-08-06T14:06:42.248945-05:00,historyserver,historyserver-demo-67d55cff85-p2zn7,historyserver,2026-08-06T19:06:41Z,168752610000,2458066944
2026-08-06T14:06:43.249613-05:00,historyserver,historyserver-demo-67d55cff85-p2zn7,historyserver,2026-08-06T19:06:41Z,168752610000,2458066944
2026-08-06T14:06:44.249422-05:00,historyserver,historyserver-demo-67d55cff85-p2zn7,historyserver,2026-08-06T19:06:41Z,168752610000,2458066944
2026-08-06T14:06:45.249558-05:00,historyserver,historyserver-demo-67d55cff85-p2zn7,historyserver,2026-08-06T19:06:41Z,168752610000,2458066944
2026-08-06T14:06:46.249745-05:00,historyserver,historyserver-demo-67d55cff85-p2zn7,historyserver,2026-08-06T19:06:41Z,168752610000,2458066944
2026-08-06T14:06:47.249479-05:00,historyserver,historyserver-demo-67d55cff85-p2zn7,historyserver,2026-08-06T19:06:41Z,168752610000,2458066944
2026-08-06T14:06:48.249163-05:00,historyserver,historyserver-demo-67d55cff85-p2zn7,historyserver,2026-08-06T19:06:41Z,168752610000,2458066944
2026-08-06T14:06:49.249722-05:00,historyserver,historyserver-demo-67d55cff85-p2zn7,historyserver,2026-08-06T19:06:41Z,168752610000,2458066944
2026-08-06T14:06:50.249713-05:00,historyserver,historyserver-demo-67d55cff85-p2zn7,historyserver,2026-08-06T19:06:41Z,168752610000,2458066944
2026-08-06T14:06:51.24968-05:00,historyserver,historyserver-demo-67d55cff85-p2zn7,historyserver,2026-08-06T19:06:41Z,168752610000,2458066944
2026-08-06T14:06:52.249446-05:00,historyserver,historyserver-demo-67d55cff85-p2zn7,historyserver,2026-08-06T19:06:41Z,168752610000,2458066944
2026-08-06T14:06:53.249746-05:00,historyserver,historyserver-demo-67d55cff85-p2zn7,historyserver,2026-08-06T19:06:41Z,168752610000,2458066944
2026-08-06T14:06:54.248768-05:00,historyserver,historyserver-demo-67d55cff85-p2zn7,historyserver,2026-08-06T19:06:53Z,174410595000,2669953024
2026-08-06T14:06:55.248854-05:00,historyserver,historyserver-demo-67d55cff85-p2zn7,historyserver,2026-08-06T19:06:53Z,174410595000,2669953024
2026-08-06T14:06:56.249753-05:00,historyserver,historyserver-demo-67d55cff85-p2zn7,historyserver,2026-08-06T19:06:53Z,174410595000,2669953024
2026-08-06T14:06:57.249729-05:00,historyserver,historyserver-demo-67d55cff85-p2zn7,historyserver,2026-08-06T19:06:53Z,174410595000,2669953024
2026-08-06T14:06:58.250054-05:00,historyserver,historyserver-demo-67d55cff85-p2zn7,historyserver,2026-08-06T19:06:53Z,174410595000,2669953024
2026-08-06T14:06:59.251024-05:00,historyserver,historyserver-demo-67d55cff85-p2zn7,historyserver,2026-08-06T19:06:53Z,174410595000,2669953024
2026-08-06T14:07:00.249105-05:00,historyserver,historyserver-demo-67d55cff85-p2zn7,historyserver,2026-08-06T19:06:53Z,174410595000,2669953024
2026-08-06T14:07:01.249799-05:00,historyserver,historyserver-demo-67d55cff85-p2zn7,historyserver,2026-08-06T19:06:53Z,174410595000,2669953024
2026-08-06T14:07:02.249758-05:00,historyserver,historyserver-demo-67d55cff85-p2zn7,historyserver,2026-08-06T19:06:53Z,174410595000,2669953024
2026-08-06T14:07:03.249777-05:00,historyserver,historyserver-demo-67d55cff85-p2zn7,historyserver,2026-08-06T19:06:53Z,174410595000,2669953024
2026-08-06T14:07:04.24898-05:00,historyserver,historyserver-demo-67d55cff85-p2zn7,historyserver,2026-08-06T19:06:53Z,174410595000,2669953024
2026-08-06T14:07:05.248826-05:00,historyserver,historyserver-demo-67d55cff85-p2zn7,historyserver,2026-08-06T19:06:53Z,174410595000,2669953024
2026-08-06T14:07:06.249782-05:00,historyserver,historyserver-demo-67d55cff85-p2zn7,historyserver,2026-08-06T19:06:53Z,174410595000,2669953024
2026-08-06T14:07:07.249796-05:00,historyserver,historyserver-demo-67d55cff85-p2zn7,historyserver,2026-08-06T19:07:06Z,181150719000,2818097152
2026-08-06T14:07:08.248994-05:00,historyserver,historyserver-demo-67d55cff85-p2zn7,historyserver,2026-08-06T19:07:06Z,181150719000,2818097152
2026-08-06T14:07:09.249941-05:00,historyserver,historyserver-demo-67d55cff85-p2zn7,historyserver,2026-08-06T19:07:06Z,181150719000,2818097152
2026-08-06T14:07:10.249359-05:00,historyserver,historyserver-demo-67d55cff85-p2zn7,historyserver,2026-08-06T19:07:06Z,181150719000,2818097152
2026-08-06T14:07:11.24985-05:00,historyserver,historyserver-demo-67d55cff85-p2zn7,historyserver,2026-08-06T19:07:06Z,181150719000,2818097152
2026-08-06T14:07:12.249308-05:00,historyserver,historyserver-demo-67d55cff85-p2zn7,historyserver,2026-08-06T19:07:06Z,181150719000,2818097152
2026-08-06T14:07:13.249844-05:00,historyserver,historyserver-demo-67d55cff85-p2zn7,historyserver,2026-08-06T19:07:06Z,181150719000,2818097152
2026-08-06T14:07:14.249056-05:00,historyserver,historyserver-demo-67d55cff85-p2zn7,historyserver,2026-08-06T19:07:06Z,181150719000,2818097152
2026-08-06T14:07:15.248855-05:00,historyserver,historyserver-demo-67d55cff85-p2zn7,historyserver,2026-08-06T19:07:06Z,181150719000,2818097152
2026-08-06T14:07:16.249163-05:00,historyserver,historyserver-demo-67d55cff85-p2zn7,historyserver,2026-08-06T19:07:06Z,181150719000,2818097152
2026-08-06T14:07:17.249353-05:00,historyserver,historyserver-demo-67d55cff85-p2zn7,historyserver,2026-08-06T19:07:06Z,181150719000,2818097152
2026-08-06T14:07:18.250267-05:00,historyserver,historyserver-demo-67d55cff85-p2zn7,historyserver,2026-08-06T19:07:06Z,181150719000,2818097152
2026-08-06T14:07:19.249849-05:00,historyserver,historyserver-demo-67d55cff85-p2zn7,historyserver,2026-08-06T19:07:06Z,181150719000,2818097152
2026-08-06T14:07:20.248982-05:00,historyserver,historyserver-demo-67d55cff85-p2zn7,historyserver,2026-08-06T19:07:06Z,181150719000,2818097152
2026-08-06T14:07:21.24892-05:00,historyserver,historyserver-demo-67d55cff85-p2zn7,historyserver,2026-08-06T19:07:21Z,188352299000,3110383616
2026-08-06T14:07:22.249835-05:00,historyserver,historyserver-demo-67d55cff85-p2zn7,historyserver,2026-08-06T19:07:21Z,188352299000,3110383616
2026-08-06T14:07:23.24895-05:00,historyserver,historyserver-demo-67d55cff85-p2zn7,historyserver,2026-08-06T19:07:21Z,188352299000,3110383616
2026-08-06T14:07:24.249761-05:00,historyserver,historyserver-demo-67d55cff85-p2zn7,historyserver,2026-08-06T19:07:21Z,188352299000,3110383616
2026-08-06T14:07:25.250242-05:00,historyserver,historyserver-demo-67d55cff85-p2zn7,historyserver,2026-08-06T19:07:21Z,188352299000,3110383616
2026-08-06T14:07:26.250697-05:00,historyserver,historyserver-demo-67d55cff85-p2zn7,historyserver,2026-08-06T19:07:21Z,188352299000,3110383616
2026-08-06T14:07:27.249726-05:00,historyserver,historyserver-demo-67d55cff85-p2zn7,historyserver,2026-08-06T19:07:21Z,188352299000,3110383616
2026-08-06T14:07:28.249931-05:00,historyserver,historyserver-demo-67d55cff85-p2zn7,historyserver,2026-08-06T19:07:21Z,188352299000,3110383616
2026-08-06T14:07:29.249856-05:00,historyserver,historyserver-demo-67d55cff85-p2zn7,historyserver,2026-08-06T19:07:21Z,188352299000,3110383616
2026-08-06T14:07:30.249861-05:00,historyserver,historyserver-demo-67d55cff85-p2zn7,historyserver,2026-08-06T19:07:21Z,188352299000,3110383616
2026-08-06T14:07:31.249501-05:00,historyserver,historyserver-demo-67d55cff85-p2zn7,historyserver,2026-08-06T19:07:21Z,188352299000,3110383616
2026-08-06T14:07:32.249524-05:00,historyserver,historyserver-demo-67d55cff85-p2zn7,historyserver,2026-08-06T19:07:31Z,193650843000,3235831808
2026-08-06T14:07:33.249876-05:00,historyserver,historyserver-demo-67d55cff85-p2zn7,historyserver,2026-08-06T19:07:31Z,193650843000,3235831808
2026-08-06T14:07:34.249877-05:00,historyserver,historyserver-demo-67d55cff85-p2zn7,historyserver,2026-08-06T19:07:31Z,193650843000,3235831808
2026-08-06T14:07:35.249892-05:00,historyserver,historyserver-demo-67d55cff85-p2zn7,historyserver,2026-08-06T19:07:31Z,193650843000,3235831808
2026-08-06T14:07:36.24915-05:00,historyserver,historyserver-demo-67d55cff85-p2zn7,historyserver,2026-08-06T19:07:31Z,193650843000,3235831808
2026-08-06T14:07:37.249367-05:00,historyserver,historyserver-demo-67d55cff85-p2zn7,historyserver,2026-08-06T19:07:31Z,193650843000,3235831808
2026-08-06T14:07:38.24995-05:00,historyserver,historyserver-demo-67d55cff85-p2zn7,historyserver,2026-08-06T19:07:31Z,193650843000,3235831808
2026-08-06T14:07:39.250039-05:00,historyserver,historyserver-demo-67d55cff85-p2zn7,historyserver,2026-08-06T19:07:31Z,193650843000,3235831808
2026-08-06T14:07:40.249535-05:00,historyserver,historyserver-demo-67d55cff85-p2zn7,historyserver,2026-08-06T19:07:31Z,193650843000,3235831808
2026-08-06T14:07:41.249869-05:00,historyserver,historyserver-demo-67d55cff85-p2zn7,historyserver,2026-08-06T19:07:31Z,193650843000,3235831808
2026-08-06T14:07:42.24946-05:00,historyserver,historyserver-demo-67d55cff85-p2zn7,historyserver,2026-08-06T19:07:31Z,193650843000,3235831808
2026-08-06T14:07:43.249791-05:00,historyserver,historyserver-demo-67d55cff85-p2zn7,historyserver,2026-08-06T19:07:42Z,195762786000,3243253760
2026-08-06T14:07:44.249931-05:00,historyserver,historyserver-demo-67d55cff85-p2zn7,historyserver,2026-08-06T19:07:42Z,195762786000,3243253760
2026-08-06T14:07:45.249794-05:00,historyserver,historyserver-demo-67d55cff85-p2zn7,historyserver,2026-08-06T19:07:42Z,195762786000,3243253760
2026-08-06T14:07:46.249018-05:00,historyserver,historyserver-demo-67d55cff85-p2zn7,historyserver,2026-08-06T19:07:42Z,195762786000,3243253760
2026-08-06T14:07:47.249951-05:00,historyserver,historyserver-demo-67d55cff85-p2zn7,historyserver,2026-08-06T19:07:42Z,195762786000,3243253760
2026-08-06T14:07:48.249952-05:00,historyserver,historyserver-demo-67d55cff85-p2zn7,historyserver,2026-08-06T19:07:42Z,195762786000,3243253760
2026-08-06T14:07:49.249201-05:00,historyserver,historyserver-demo-67d55cff85-p2zn7,historyserver,2026-08-06T19:07:42Z,195762786000,3243253760
2026-08-06T14:07:50.249716-05:00,historyserver,historyserver-demo-67d55cff85-p2zn7,historyserver,2026-08-06T19:07:42Z,195762786000,3243253760
2026-08-06T14:07:51.249764-05:00,historyserver,historyserver-demo-67d55cff85-p2zn7,historyserver,2026-08-06T19:07:42Z,195762786000,3243253760
2026-08-06T14:07:52.249451-05:00,historyserver,historyserver-demo-67d55cff85-p2zn7,historyserver,2026-08-06T19:07:42Z,195762786000,3243253760
2026-08-06T14:07:53.249441-05:00,historyserver,historyserver-demo-67d55cff85-p2zn7,historyserver,2026-08-06T19:07:42Z,195762786000,3243253760
2026-08-06T14:07:54.249714-05:00,historyserver,historyserver-demo-67d55cff85-p2zn7,historyserver,2026-08-06T19:07:42Z,195762786000,3243253760
2026-08-06T14:07:55.249972-05:00,historyserver,historyserver-demo-67d55cff85-p2zn7,historyserver,2026-08-06T19:07:42Z,195762786000,3243253760
2026-08-06T14:07:56.250014-05:00,historyserver,historyserver-demo-67d55cff85-p2zn7,historyserver,2026-08-06T19:07:42Z,195762786000,3243253760
2026-08-06T14:07:57.250021-05:00,historyserver,historyserver-demo-67d55cff85-p2zn7,historyserver,2026-08-06T19:07:42Z,195762786000,3243253760
2026-08-06T14:07:58.249479-05:00,historyserver,historyserver-demo-67d55cff85-p2zn7,historyserver,2026-08-06T19:07:42Z,195762786000,3243253760
2026-08-06T14:07:59.250477-05:00,historyserver,historyserver-demo-67d55cff85-p2zn7,historyserver,2026-08-06T19:07:42Z,195762786000,3243253760
2026-08-06T14:08:00.249356-05:00,historyserver,historyserver-demo-67d55cff85-p2zn7,historyserver,2026-08-06T19:07:42Z,195762786000,3243253760
2026-08-06T14:08:01.24965-05:00,historyserver,historyserver-demo-67d55cff85-p2zn7,historyserver,2026-08-06T19:07:42Z,195762786000,3243253760
2026-08-06T14:08:02.249263-05:00,historyserver,historyserver-demo-67d55cff85-p2zn7,historyserver,2026-08-06T19:07:42Z,195762786000,3243253760
2026-08-06T14:08:03.249612-05:00,historyserver,historyserver-demo-67d55cff85-p2zn7,historyserver,2026-08-06T19:08:02Z,203518426000,3243282432
2026-08-06T14:08:04.250013-05:00,historyserver,historyserver-demo-67d55cff85-p2zn7,historyserver,2026-08-06T19:08:02Z,203518426000,3243282432
2026-08-06T14:08:05.249292-05:00,historyserver,historyserver-demo-67d55cff85-p2zn7,historyserver,2026-08-06T19:08:02Z,203518426000,3243282432
2026-08-06T14:08:06.251147-05:00,historyserver,historyserver-demo-67d55cff85-p2zn7,historyserver,2026-08-06T19:08:02Z,203518426000,3243282432
2026-08-06T14:08:07.249108-05:00,historyserver,historyserver-demo-67d55cff85-p2zn7,historyserver,2026-08-06T19:08:02Z,203518426000,3243282432
2026-08-06T14:08:08.250061-05:00,historyserver,historyserver-demo-67d55cff85-p2zn7,historyserver,2026-08-06T19:08:02Z,203518426000,3243282432
2026-08-06T14:08:09.250128-05:00,historyserver,historyserver-demo-67d55cff85-p2zn7,historyserver,2026-08-06T19:08:02Z,203518426000,3243282432
2026-08-06T14:08:10.249441-05:00,historyserver,historyserver-demo-67d55cff85-p2zn7,historyserver,2026-08-06T19:08:02Z,203518426000,3243282432
2026-08-06T14:08:11.250052-05:00,historyserver,historyserver-demo-67d55cff85-p2zn7,historyserver,2026-08-06T19:08:02Z,203518426000,3243282432
2026-08-06T14:08:12.249149-05:00,historyserver,historyserver-demo-67d55cff85-p2zn7,historyserver,2026-08-06T19:08:02Z,203518426000,3243282432
2026-08-06T14:08:13.24978-05:00,historyserver,historyserver-demo-67d55cff85-p2zn7,historyserver,2026-08-06T19:08:02Z,203518426000,3243282432
2026-08-06T14:08:14.250095-05:00,historyserver,historyserver-demo-67d55cff85-p2zn7,historyserver,2026-08-06T19:08:13Z,209163422000,3243282432
2026-08-06T14:08:15.249858-05:00,historyserver,historyserver-demo-67d55cff85-p2zn7,historyserver,2026-08-06T19:08:13Z,209163422000,3243282432
2026-08-06T14:08:16.250115-05:00,historyserver,historyserver-demo-67d55cff85-p2zn7,historyserver,2026-08-06T19:08:13Z,209163422000,3243282432
2026-08-06T14:08:17.250103-05:00,historyserver,historyserver-demo-67d55cff85-p2zn7,historyserver,2026-08-06T19:08:13Z,209163422000,3243282432
2026-08-06T14:08:18.250126-05:00,historyserver,historyserver-demo-67d55cff85-p2zn7,historyserver,2026-08-06T19:08:13Z,209163422000,3243282432
2026-08-06T14:08:19.249505-05:00,historyserver,historyserver-demo-67d55cff85-p2zn7,historyserver,2026-08-06T19:08:13Z,209163422000,3243282432
2026-08-06T14:08:20.249638-05:00,historyserver,historyserver-demo-67d55cff85-p2zn7,historyserver,2026-08-06T19:08:13Z,209163422000,3243282432
2026-08-06T14:08:21.25018-05:00,historyserver,historyserver-demo-67d55cff85-p2zn7,historyserver,2026-08-06T19:08:13Z,209163422000,3243282432
2026-08-06T14:08:22.250114-05:00,historyserver,historyserver-demo-67d55cff85-p2zn7,historyserver,2026-08-06T19:08:13Z,209163422000,3243282432
2026-08-06T14:08:23.249401-05:00,historyserver,historyserver-demo-67d55cff85-p2zn7,historyserver,2026-08-06T19:08:13Z,209163422000,3243282432
2026-08-06T14:08:24.249646-05:00,historyserver,historyserver-demo-67d55cff85-p2zn7,historyserver,2026-08-06T19:08:13Z,209163422000,3243282432
2026-08-06T14:08:25.249952-05:00,historyserver,historyserver-demo-67d55cff85-p2zn7,historyserver,2026-08-06T19:08:13Z,209163422000,3243282432
2026-08-06T14:08:26.249643-05:00,historyserver,historyserver-demo-67d55cff85-p2zn7,historyserver,2026-08-06T19:08:13Z,209163422000,3243282432
2026-08-06T14:08:27.249248-05:00,historyserver,historyserver-demo-67d55cff85-p2zn7,historyserver,2026-08-06T19:08:13Z,209163422000,3243282432
2026-08-06T14:08:28.249386-05:00,historyserver,historyserver-demo-67d55cff85-p2zn7,historyserver,2026-08-06T19:08:13Z,209163422000,3243282432
2026-08-06T14:08:29.250154-05:00,historyserver,historyserver-demo-67d55cff85-p2zn7,historyserver,2026-08-06T19:08:13Z,209163422000,3243282432
2026-08-06T14:08:30.249904-05:00,historyserver,historyserver-demo-67d55cff85-p2zn7,historyserver,2026-08-06T19:08:29Z,217129465000,3243298816
2026-08-06T14:08:31.250205-05:00,historyserver,historyserver-demo-67d55cff85-p2zn7,historyserver,2026-08-06T19:08:29Z,217129465000,3243298816
2026-08-06T14:08:32.249569-05:00,historyserver,historyserver-demo-67d55cff85-p2zn7,historyserver,2026-08-06T19:08:29Z,217129465000,3243298816
2026-08-06T14:08:33.250162-05:00,historyserver,historyserver-demo-67d55cff85-p2zn7,historyserver,2026-08-06T19:08:29Z,217129465000,3243298816
2026-08-06T14:08:34.2492-05:00,historyserver,historyserver-demo-67d55cff85-p2zn7,historyserver,2026-08-06T19:08:29Z,217129465000,3243298816
2026-08-06T14:08:35.250243-05:00,historyserver,historyserver-demo-67d55cff85-p2zn7,historyserver,2026-08-06T19:08:29Z,217129465000,3243298816
2026-08-06T14:08:36.251006-05:00,historyserver,historyserver-demo-67d55cff85-p2zn7,historyserver,2026-08-06T19:08:29Z,217129465000,3243298816
2026-08-06T14:08:37.249791-05:00,historyserver,historyserver-demo-67d55cff85-p2zn7,historyserver,2026-08-06T19:08:29Z,217129465000,3243298816
2026-08-06T14:08:38.249279-05:00,historyserver,historyserver-demo-67d55cff85-p2zn7,historyserver,2026-08-06T19:08:29Z,217129465000,3243298816
2026-08-06T14:08:39.250189-05:00,historyserver,historyserver-demo-67d55cff85-p2zn7,historyserver,2026-08-06T19:08:29Z,217129465000,3243298816
2026-08-06T14:08:40.249534-05:00,historyserver,historyserver-demo-67d55cff85-p2zn7,historyserver,2026-08-06T19:08:29Z,217129465000,3243298816
2026-08-06T14:08:41.250306-05:00,historyserver,historyserver-demo-67d55cff85-p2zn7,historyserver,2026-08-06T19:08:29Z,217129465000,3243298816
2026-08-06T14:08:42.249416-05:00,historyserver,historyserver-demo-67d55cff85-p2zn7,historyserver,2026-08-06T19:08:29Z,217129465000,3243298816
2026-08-06T14:08:43.250192-05:00,historyserver,historyserver-demo-67d55cff85-p2zn7,historyserver,2026-08-06T19:08:29Z,217129465000,3243298816
2026-08-06T14:08:44.24994-05:00,historyserver,historyserver-demo-67d55cff85-p2zn7,historyserver,2026-08-06T19:08:43Z,224209870000,3277135872
2026-08-06T14:08:45.249581-05:00,historyserver,historyserver-demo-67d55cff85-p2zn7,historyserver,2026-08-06T19:08:43Z,224209870000,3277135872
2026-08-06T14:08:46.249576-05:00,historyserver,historyserver-demo-67d55cff85-p2zn7,historyserver,2026-08-06T19:08:43Z,224209870000,3277135872
2026-08-06T14:08:47.249653-05:00,historyserver,historyserver-demo-67d55cff85-p2zn7,historyserver,2026-08-06T19:08:43Z,224209870000,3277135872
2026-08-06T14:08:48.249933-05:00,historyserver,historyserver-demo-67d55cff85-p2zn7,historyserver,2026-08-06T19:08:43Z,224209870000,3277135872
2026-08-06T14:08:49.250002-05:00,historyserver,historyserver-demo-67d55cff85-p2zn7,historyserver,2026-08-06T19:08:43Z,224209870000,3277135872
2026-08-06T14:08:50.250245-05:00,historyserver,historyserver-demo-67d55cff85-p2zn7,historyserver,2026-08-06T19:08:43Z,224209870000,3277135872
2026-08-06T14:08:51.250247-05:00,historyserver,historyserver-demo-67d55cff85-p2zn7,historyserver,2026-08-06T19:08:43Z,224209870000,3277135872
2026-08-06T14:08:52.249668-05:00,historyserver,historyserver-demo-67d55cff85-p2zn7,historyserver,2026-08-06T19:08:43Z,224209870000,3277135872
2026-08-06T14:08:53.24973-05:00,historyserver,historyserver-demo-67d55cff85-p2zn7,historyserver,2026-08-06T19:08:43Z,224209870000,3277135872
2026-08-06T14:08:54.250145-05:00,historyserver,historyserver-demo-67d55cff85-p2zn7,historyserver,2026-08-06T19:08:43Z,224209870000,3277135872
2026-08-06T14:08:55.250286-05:00,historyserver,historyserver-demo-67d55cff85-p2zn7,historyserver,2026-08-06T19:08:43Z,224209870000,3277135872
2026-08-06T14:08:56.249834-05:00,historyserver,historyserver-demo-67d55cff85-p2zn7,historyserver,2026-08-06T19:08:43Z,224209870000,3277135872
2026-08-06T14:08:57.249999-05:00,historyserver,historyserver-demo-67d55cff85-p2zn7,historyserver,2026-08-06T19:08:43Z,224209870000,3277135872
2026-08-06T14:08:58.250053-05:00,historyserver,historyserver-demo-67d55cff85-p2zn7,historyserver,2026-08-06T19:08:43Z,224209870000,3277135872
2026-08-06T14:08:59.249533-05:00,historyserver,historyserver-demo-67d55cff85-p2zn7,historyserver,2026-08-06T19:08:43Z,224209870000,3277135872
2026-08-06T14:09:00.249994-05:00,historyserver,historyserver-demo-67d55cff85-p2zn7,historyserver,2026-08-06T19:08:43Z,224209870000,3277135872
2026-08-06T14:09:01.2503-05:00,historyserver,historyserver-demo-67d55cff85-p2zn7,historyserver,2026-08-06T19:08:43Z,224209870000,3277135872
2026-08-06T14:09:02.249532-05:00,historyserver,historyserver-demo-67d55cff85-p2zn7,historyserver,2026-08-06T19:08:43Z,224209870000,3277135872
2026-08-06T14:09:03.249528-05:00,historyserver,historyserver-demo-67d55cff85-p2zn7,historyserver,2026-08-06T19:09:02Z,233512648000,4181463040
2026-08-06T14:09:04.250353-05:00,historyserver,historyserver-demo-67d55cff85-p2zn7,historyserver,2026-08-06T19:09:02Z,233512648000,4181463040
2026-08-06T14:09:05.24977-05:00,historyserver,historyserver-demo-67d55cff85-p2zn7,historyserver,2026-08-06T19:09:02Z,233512648000,4181463040
2026-08-06T14:09:06.24982-05:00,historyserver,historyserver-demo-67d55cff85-p2zn7,historyserver,2026-08-06T19:09:02Z,233512648000,4181463040
2026-08-06T14:09:07.249817-05:00,historyserver,historyserver-demo-67d55cff85-p2zn7,historyserver,2026-08-06T19:09:02Z,233512648000,4181463040
2026-08-06T14:09:08.250227-05:00,historyserver,historyserver-demo-67d55cff85-p2zn7,historyserver,2026-08-06T19:09:02Z,233512648000,4181463040
2026-08-06T14:09:09.2499-05:00,historyserver,historyserver-demo-67d55cff85-p2zn7,historyserver,2026-08-06T19:09:02Z,233512648000,4181463040
2026-08-06T14:09:10.250364-05:00,historyserver,historyserver-demo-67d55cff85-p2zn7,historyserver,2026-08-06T19:09:02Z,233512648000,4181463040
2026-08-06T14:09:11.249679-05:00,historyserver,historyserver-demo-67d55cff85-p2zn7,historyserver,2026-08-06T19:09:02Z,233512648000,4181463040
2026-08-06T14:09:12.249455-05:00,historyserver,historyserver-demo-67d55cff85-p2zn7,historyserver,2026-08-06T19:09:02Z,233512648000,4181463040
2026-08-06T14:09:13.24991-05:00,historyserver,historyserver-demo-67d55cff85-p2zn7,historyserver,2026-08-06T19:09:12Z,238607339000,4190232576
2026-08-06T14:09:14.250406-05:00,historyserver,historyserver-demo-67d55cff85-p2zn7,historyserver,2026-08-06T19:09:12Z,238607339000,4190232576
2026-08-06T14:09:15.250442-05:00,historyserver,historyserver-demo-67d55cff85-p2zn7,historyserver,2026-08-06T19:09:12Z,238607339000,4190232576
2026-08-06T14:09:16.250279-05:00,historyserver,historyserver-demo-67d55cff85-p2zn7,historyserver,2026-08-06T19:09:12Z,238607339000,4190232576
2026-08-06T14:09:17.250376-05:00,historyserver,historyserver-demo-67d55cff85-p2zn7,historyserver,2026-08-06T19:09:12Z,238607339000,4190232576
2026-08-06T14:09:18.249609-05:00,historyserver,historyserver-demo-67d55cff85-p2zn7,historyserver,2026-08-06T19:09:12Z,238607339000,4190232576
2026-08-06T14:09:19.250403-05:00,historyserver,historyserver-demo-67d55cff85-p2zn7,historyserver,2026-08-06T19:09:12Z,238607339000,4190232576
2026-08-06T14:09:20.249824-05:00,historyserver,historyserver-demo-67d55cff85-p2zn7,historyserver,2026-08-06T19:09:12Z,238607339000,4190232576
2026-08-06T14:09:21.250412-05:00,historyserver,historyserver-demo-67d55cff85-p2zn7,historyserver,2026-08-06T19:09:12Z,238607339000,4190232576
2026-08-06T14:09:22.250569-05:00,historyserver,historyserver-demo-67d55cff85-p2zn7,historyserver,2026-08-06T19:09:12Z,238607339000,4190232576
2026-08-06T14:09:23.249664-05:00,historyserver,historyserver-demo-67d55cff85-p2zn7,historyserver,2026-08-06T19:09:12Z,238607339000,4190232576
2026-08-06T14:09:24.250449-05:00,historyserver,historyserver-demo-67d55cff85-p2zn7,historyserver,2026-08-06T19:09:12Z,238607339000,4190232576
2026-08-06T14:09:25.250411-05:00,historyserver,historyserver-demo-67d55cff85-p2zn7,historyserver,2026-08-06T19:09:24Z,244786497000,4190228480
2026-08-06T14:09:26.249501-05:00,historyserver,historyserver-demo-67d55cff85-p2zn7,historyserver,2026-08-06T19:09:24Z,244786497000,4190228480
2026-08-06T14:09:27.249529-05:00,historyserver,historyserver-demo-67d55cff85-p2zn7,historyserver,2026-08-06T19:09:24Z,244786497000,4190228480
2026-08-06T14:09:28.249524-05:00,historyserver,historyserver-demo-67d55cff85-p2zn7,historyserver,2026-08-06T19:09:24Z,244786497000,4190228480
2026-08-06T14:09:29.249491-05:00,historyserver,historyserver-demo-67d55cff85-p2zn7,historyserver,2026-08-06T19:09:24Z,244786497000,4190228480
2026-08-06T14:09:30.250464-05:00,historyserver,historyserver-demo-67d55cff85-p2zn7,historyserver,2026-08-06T19:09:24Z,244786497000,4190228480
2026-08-06T14:09:31.250167-05:00,historyserver,historyserver-demo-67d55cff85-p2zn7,historyserver,2026-08-06T19:09:24Z,244786497000,4190228480
2026-08-06T14:09:32.25004-05:00,historyserver,historyserver-demo-67d55cff85-p2zn7,historyserver,2026-08-06T19:09:24Z,244786497000,4190228480
2026-08-06T14:09:33.250354-05:00,historyserver,historyserver-demo-67d55cff85-p2zn7,historyserver,2026-08-06T19:09:24Z,244786497000,4190228480
2026-08-06T14:09:34.250462-05:00,historyserver,historyserver-demo-67d55cff85-p2zn7,historyserver,2026-08-06T19:09:24Z,244786497000,4190228480
2026-08-06T14:09:35.250247-05:00,historyserver,historyserver-demo-67d55cff85-p2zn7,historyserver,2026-08-06T19:09:24Z,244786497000,4190228480
2026-08-06T14:09:36.250491-05:00,historyserver,historyserver-demo-67d55cff85-p2zn7,historyserver,2026-08-06T19:09:24Z,244786497000,4190228480
2026-08-06T14:09:37.250468-05:00,historyserver,historyserver-demo-67d55cff85-p2zn7,historyserver,2026-08-06T19:09:24Z,244786497000,4190228480
2026-08-06T14:09:38.249942-05:00,historyserver,historyserver-demo-67d55cff85-p2zn7,historyserver,2026-08-06T19:09:24Z,244786497000,4190228480
2026-08-06T14:09:39.250499-05:00,historyserver,historyserver-demo-67d55cff85-p2zn7,historyserver,2026-08-06T19:09:24Z,244786497000,4190228480
2026-08-06T14:09:40.249835-05:00,historyserver,historyserver-demo-67d55cff85-p2zn7,historyserver,2026-08-06T19:09:24Z,244786497000,4190228480
2026-08-06T14:09:41.250991-05:00,historyserver,historyserver-demo-67d55cff85-p2zn7,historyserver,2026-08-06T19:09:24Z,244786497000,4190228480
2026-08-06T14:09:42.250851-05:00,historyserver,historyserver-demo-67d55cff85-p2zn7,historyserver,2026-08-06T19:09:24Z,244786497000,4190228480
2026-08-06T14:09:43.25054-05:00,historyserver,historyserver-demo-67d55cff85-p2zn7,historyserver,2026-08-06T19:09:42Z,253611256000,4190285824
2026-08-06T14:09:44.250062-05:00,historyserver,historyserver-demo-67d55cff85-p2zn7,historyserver,2026-08-06T19:09:42Z,253611256000,4190285824
2026-08-06T14:09:45.249796-05:00,historyserver,historyserver-demo-67d55cff85-p2zn7,historyserver,2026-08-06T19:09:42Z,253611256000,4190285824
2026-08-06T14:09:46.249724-05:00,historyserver,historyserver-demo-67d55cff85-p2zn7,historyserver,2026-08-06T19:09:42Z,253611256000,4190285824
2026-08-06T14:09:47.249889-05:00,historyserver,historyserver-demo-67d55cff85-p2zn7,historyserver,2026-08-06T19:09:42Z,253611256000,4190285824
2026-08-06T14:09:48.251326-05:00,historyserver,historyserver-demo-67d55cff85-p2zn7,historyserver,2026-08-06T19:09:42Z,253611256000,4190285824
2026-08-06T14:09:49.250535-05:00,historyserver,historyserver-demo-67d55cff85-p2zn7,historyserver,2026-08-06T19:09:42Z,253611256000,4190285824
2026-08-06T14:09:50.249739-05:00,historyserver,historyserver-demo-67d55cff85-p2zn7,historyserver,2026-08-06T19:09:42Z,253611256000,4190285824
2026-08-06T14:09:51.252513-05:00,historyserver,historyserver-demo-67d55cff85-p2zn7,historyserver,2026-08-06T19:09:42Z,253611256000,4190285824
2026-08-06T14:09:52.249603-05:00,historyserver,historyserver-demo-67d55cff85-p2zn7,historyserver,2026-08-06T19:09:42Z,253611256000,4190285824
2026-08-06T14:09:53.250014-05:00,historyserver,historyserver-demo-67d55cff85-p2zn7,historyserver,2026-08-06T19:09:42Z,253611256000,4190285824
2026-08-06T14:09:54.250277-05:00,historyserver,historyserver-demo-67d55cff85-p2zn7,historyserver,2026-08-06T19:09:42Z,253611256000,4190285824
2026-08-06T14:09:55.250029-05:00,historyserver,historyserver-demo-67d55cff85-p2zn7,historyserver,2026-08-06T19:09:42Z,253611256000,4190285824
2026-08-06T14:09:56.250426-05:00,historyserver,historyserver-demo-67d55cff85-p2zn7,historyserver,2026-08-06T19:09:42Z,253611256000,4190285824
2026-08-06T14:09:57.249956-05:00,historyserver,historyserver-demo-67d55cff85-p2zn7,historyserver,2026-08-06T19:09:56Z,257051589000,4190330880
2026-08-06T14:09:58.25058-05:00,historyserver,historyserver-demo-67d55cff85-p2zn7,historyserver,2026-08-06T19:09:56Z,257051589000,4190330880
2026-08-06T14:09:59.25002-05:00,historyserver,historyserver-demo-67d55cff85-p2zn7,historyserver,2026-08-06T19:09:56Z,257051589000,4190330880
2026-08-06T14:10:00.249971-05:00,historyserver,historyserver-demo-67d55cff85-p2zn7,historyserver,2026-08-06T19:09:56Z,257051589000,4190330880
2026-08-06T14:10:01.250645-05:00,historyserver,historyserver-demo-67d55cff85-p2zn7,historyserver,2026-08-06T19:09:56Z,257051589000,4190330880
2026-08-06T14:10:02.250599-05:00,historyserver,historyserver-demo-67d55cff85-p2zn7,historyserver,2026-08-06T19:09:56Z,257051589000,4190330880
2026-08-06T14:10:03.250233-05:00,historyserver,historyserver-demo-67d55cff85-p2zn7,historyserver,2026-08-06T19:09:56Z,257051589000,4190330880
2026-08-06T14:10:04.250604-05:00,historyserver,historyserver-demo-67d55cff85-p2zn7,historyserver,2026-08-06T19:09:56Z,257051589000,4190330880
2026-08-06T14:10:05.249719-05:00,historyserver,historyserver-demo-67d55cff85-p2zn7,historyserver,2026-08-06T19:09:56Z,257051589000,4190330880
2026-08-06T14:10:06.250069-05:00,historyserver,historyserver-demo-67d55cff85-p2zn7,historyserver,2026-08-06T19:09:56Z,257051589000,4190330880
2026-08-06T14:10:07.250008-05:00,historyserver,historyserver-demo-67d55cff85-p2zn7,historyserver,2026-08-06T19:09:56Z,257051589000,4190330880
2026-08-06T14:10:08.250436-05:00,historyserver,historyserver-demo-67d55cff85-p2zn7,historyserver,2026-08-06T19:09:56Z,257051589000,4190330880
2026-08-06T14:10:09.250644-05:00,historyserver,historyserver-demo-67d55cff85-p2zn7,historyserver,2026-08-06T19:09:56Z,257051589000,4190330880
2026-08-06T14:10:10.250257-05:00,historyserver,historyserver-demo-67d55cff85-p2zn7,historyserver,2026-08-06T19:09:56Z,257051589000,4190330880
2026-08-06T14:10:11.249823-05:00,historyserver,historyserver-demo-67d55cff85-p2zn7,historyserver,2026-08-06T19:09:56Z,257051589000,4190330880
2026-08-06T14:10:12.250666-05:00,historyserver,historyserver-demo-67d55cff85-p2zn7,historyserver,2026-08-06T19:09:56Z,257051589000,4190330880
2026-08-06T14:10:13.250661-05:00,historyserver,historyserver-demo-67d55cff85-p2zn7,historyserver,2026-08-06T19:09:56Z,257051589000,4190330880
2026-08-06T14:10:14.250583-05:00,historyserver,historyserver-demo-67d55cff85-p2zn7,historyserver,2026-08-06T19:09:56Z,257051589000,4190330880
2026-08-06T14:10:15.250598-05:00,historyserver,historyserver-demo-67d55cff85-p2zn7,historyserver,2026-08-06T19:09:56Z,257051589000,4190330880
2026-08-06T14:10:16.249894-05:00,historyserver,historyserver-demo-67d55cff85-p2zn7,historyserver,2026-08-06T19:10:16Z,264837909000,4190945280
2026-08-06T14:10:17.24995-05:00,historyserver,historyserver-demo-67d55cff85-p2zn7,historyserver,2026-08-06T19:10:16Z,264837909000,4190945280
2026-08-06T14:10:18.250686-05:00,historyserver,historyserver-demo-67d55cff85-p2zn7,historyserver,2026-08-06T19:10:16Z,264837909000,4190945280
2026-08-06T14:10:19.250907-05:00,historyserver,historyserver-demo-67d55cff85-p2zn7,historyserver,2026-08-06T19:10:16Z,264837909000,4190945280
2026-08-06T14:10:20.249956-05:00,historyserver,historyserver-demo-67d55cff85-p2zn7,historyserver,2026-08-06T19:10:16Z,264837909000,4190945280
2026-08-06T14:10:21.250147-05:00,historyserver,historyserver-demo-67d55cff85-p2zn7,historyserver,2026-08-06T19:10:16Z,264837909000,4190945280
2026-08-06T14:10:22.249739-05:00,historyserver,historyserver-demo-67d55cff85-p2zn7,historyserver,2026-08-06T19:10:16Z,264837909000,4190945280
2026-08-06T14:10:23.25078-05:00,historyserver,historyserver-demo-67d55cff85-p2zn7,historyserver,2026-08-06T19:10:16Z,264837909000,4190945280
2026-08-06T14:10:24.250785-05:00,historyserver,historyserver-demo-67d55cff85-p2zn7,historyserver,2026-08-06T19:10:16Z,264837909000,4190945280
2026-08-06T14:10:25.250715-05:00,historyserver,historyserver-demo-67d55cff85-p2zn7,historyserver,2026-08-06T19:10:16Z,264837909000,4190945280
2026-08-06T14:10:26.25072-05:00,historyserver,historyserver-demo-67d55cff85-p2zn7,historyserver,2026-08-06T19:10:16Z,264837909000,4190945280
2026-08-06T14:10:27.250756-05:00,historyserver,historyserver-demo-67d55cff85-p2zn7,historyserver,2026-08-06T19:10:16Z,264837909000,4190945280
2026-08-06T14:10:28.249795-05:00,historyserver,historyserver-demo-67d55cff85-p2zn7,historyserver,2026-08-06T19:10:16Z,264837909000,4190945280
2026-08-06T14:10:29.250162-05:00,historyserver,historyserver-demo-67d55cff85-p2zn7,historyserver,2026-08-06T19:10:16Z,264837909000,4190945280
2026-08-06T14:10:30.250755-05:00,historyserver,historyserver-demo-67d55cff85-p2zn7,historyserver,2026-08-06T19:10:16Z,264837909000,4190945280
2026-08-06T14:10:31.25073-05:00,historyserver,historyserver-demo-67d55cff85-p2zn7,historyserver,2026-08-06T19:10:16Z,264837909000,4190945280
2026-08-06T14:10:32.250126-05:00,historyserver,historyserver-demo-67d55cff85-p2zn7,historyserver,2026-08-06T19:10:16Z,264837909000,4190945280
2026-08-06T14:10:33.25075-05:00,historyserver,historyserver-demo-67d55cff85-p2zn7,historyserver,2026-08-06T19:10:16Z,264837909000,4190945280
2026-08-06T14:10:34.25082-05:00,historyserver,historyserver-demo-67d55cff85-p2zn7,historyserver,2026-08-06T19:10:16Z,264837909000,4190945280
2026-08-06T14:10:35.250829-05:00,historyserver,historyserver-demo-67d55cff85-p2zn7,historyserver,2026-08-06T19:10:16Z,264837909000,4190945280
2026-08-06T14:10:36.250586-05:00,historyserver,historyserver-demo-67d55cff85-p2zn7,historyserver,2026-08-06T19:10:35Z,274553141000,3551993856
2026-08-06T14:10:37.249845-05:00,historyserver,historyserver-demo-67d55cff85-p2zn7,historyserver,2026-08-06T19:10:35Z,274553141000,3551993856
2026-08-06T14:10:38.250766-05:00,historyserver,historyserver-demo-67d55cff85-p2zn7,historyserver,2026-08-06T19:10:35Z,274553141000,3551993856
2026-08-06T14:10:39.249857-05:00,historyserver,historyserver-demo-67d55cff85-p2zn7,historyserver,2026-08-06T19:10:35Z,274553141000,3551993856
2026-08-06T14:10:40.250206-05:00,historyserver,historyserver-demo-67d55cff85-p2zn7,historyserver,2026-08-06T19:10:35Z,274553141000,3551993856
2026-08-06T14:10:41.250147-05:00,historyserver,historyserver-demo-67d55cff85-p2zn7,historyserver,2026-08-06T19:10:35Z,274553141000,3551993856
2026-08-06T14:10:42.249833-05:00,historyserver,historyserver-demo-67d55cff85-p2zn7,historyserver,2026-08-06T19:10:35Z,274553141000,3551993856
2026-08-06T14:10:43.251935-05:00,historyserver,historyserver-demo-67d55cff85-p2zn7,historyserver,2026-08-06T19:10:35Z,274553141000,3551993856
2026-08-06T14:10:44.250783-05:00,historyserver,historyserver-demo-67d55cff85-p2zn7,historyserver,2026-08-06T19:10:35Z,274553141000,3551993856
2026-08-06T14:10:45.25034-05:00,historyserver,historyserver-demo-67d55cff85-p2zn7,historyserver,2026-08-06T19:10:35Z,274553141000,3551993856
2026-08-06T14:10:46.249971-05:00,historyserver,historyserver-demo-67d55cff85-p2zn7,historyserver,2026-08-06T19:10:35Z,274553141000,3551993856
2026-08-06T14:10:47.250856-05:00,historyserver,historyserver-demo-67d55cff85-p2zn7,historyserver,2026-08-06T19:10:35Z,274553141000,3551993856
2026-08-06T14:10:48.250515-05:00,historyserver,historyserver-demo-67d55cff85-p2zn7,historyserver,2026-08-06T19:10:35Z,274553141000,3551993856
2026-08-06T14:10:49.250397-05:00,historyserver,historyserver-demo-67d55cff85-p2zn7,historyserver,2026-08-06T19:10:35Z,274553141000,3551993856
2026-08-06T14:10:50.250062-05:00,historyserver,historyserver-demo-67d55cff85-p2zn7,historyserver,2026-08-06T19:10:35Z,274553141000,3551993856
2026-08-06T14:10:51.250065-05:00,historyserver,historyserver-demo-67d55cff85-p2zn7,historyserver,2026-08-06T19:10:35Z,274553141000,3551993856
2026-08-06T14:10:52.250849-05:00,historyserver,historyserver-demo-67d55cff85-p2zn7,historyserver,2026-08-06T19:10:52Z,282873248000,3551993856
2026-08-06T14:10:53.250496-05:00,historyserver,historyserver-demo-67d55cff85-p2zn7,historyserver,2026-08-06T19:10:52Z,282873248000,3551993856
2026-08-06T14:10:54.250838-05:00,historyserver,historyserver-demo-67d55cff85-p2zn7,historyserver,2026-08-06T19:10:52Z,282873248000,3551993856
2026-08-06T14:10:55.249974-05:00,historyserver,historyserver-demo-67d55cff85-p2zn7,historyserver,2026-08-06T19:10:52Z,282873248000,3551993856
2026-08-06T14:10:56.250029-05:00,historyserver,historyserver-demo-67d55cff85-p2zn7,historyserver,2026-08-06T19:10:52Z,282873248000,3551993856
2026-08-06T14:10:57.251373-05:00,historyserver,historyserver-demo-67d55cff85-p2zn7,historyserver,2026-08-06T19:10:52Z,282873248000,3551993856
2026-08-06T14:10:58.250628-05:00,historyserver,historyserver-demo-67d55cff85-p2zn7,historyserver,2026-08-06T19:10:52Z,282873248000,3551993856
2026-08-06T14:10:59.250732-05:00,historyserver,historyserver-demo-67d55cff85-p2zn7,historyserver,2026-08-06T19:10:52Z,282873248000,3551993856
2026-08-06T14:11:00.25095-05:00,historyserver,historyserver-demo-67d55cff85-p2zn7,historyserver,2026-08-06T19:10:52Z,282873248000,3551993856
2026-08-06T14:11:01.250217-05:00,historyserver,historyserver-demo-67d55cff85-p2zn7,historyserver,2026-08-06T19:10:52Z,282873248000,3551993856
2026-08-06T14:11:02.250187-05:00,historyserver,historyserver-demo-67d55cff85-p2zn7,historyserver,2026-08-06T19:10:52Z,282873248000,3551993856
2026-08-06T14:11:03.24994-05:00,historyserver,historyserver-demo-67d55cff85-p2zn7,historyserver,2026-08-06T19:10:52Z,282873248000,3551993856
2026-08-06T14:11:04.25088-05:00,historyserver,historyserver-demo-67d55cff85-p2zn7,historyserver,2026-08-06T19:10:52Z,282873248000,3551993856
2026-08-06T14:11:05.250444-05:00,historyserver,historyserver-demo-67d55cff85-p2zn7,historyserver,2026-08-06T19:10:52Z,282873248000,3551993856
2026-08-06T14:11:06.251013-05:00,historyserver,historyserver-demo-67d55cff85-p2zn7,historyserver,2026-08-06T19:10:52Z,282873248000,3551993856
2026-08-06T14:11:07.250641-05:00,historyserver,historyserver-demo-67d55cff85-p2zn7,historyserver,2026-08-06T19:10:52Z,282873248000,3551993856
2026-08-06T14:11:08.250936-05:00,historyserver,historyserver-demo-67d55cff85-p2zn7,historyserver,2026-08-06T19:10:52Z,282873248000,3551993856
2026-08-06T14:11:09.250738-05:00,historyserver,historyserver-demo-67d55cff85-p2zn7,historyserver,2026-08-06T19:11:08Z,291077476000,3643269120
2026-08-06T14:11:10.250818-05:00,historyserver,historyserver-demo-67d55cff85-p2zn7,historyserver,2026-08-06T19:11:08Z,291077476000,3643269120
2026-08-06T14:11:11.250913-05:00,historyserver,historyserver-demo-67d55cff85-p2zn7,historyserver,2026-08-06T19:11:08Z,291077476000,3643269120
2026-08-06T14:11:12.250939-05:00,historyserver,historyserver-demo-67d55cff85-p2zn7,historyserver,2026-08-06T19:11:08Z,291077476000,3643269120
2026-08-06T14:11:13.250512-05:00,historyserver,historyserver-demo-67d55cff85-p2zn7,historyserver,2026-08-06T19:11:08Z,291077476000,3643269120
2026-08-06T14:11:14.250072-05:00,historyserver,historyserver-demo-67d55cff85-p2zn7,historyserver,2026-08-06T19:11:08Z,291077476000,3643269120
2026-08-06T14:11:15.250503-05:00,historyserver,historyserver-demo-67d55cff85-p2zn7,historyserver,2026-08-06T19:11:08Z,291077476000,3643269120
2026-08-06T14:11:16.250972-05:00,historyserver,historyserver-demo-67d55cff85-p2zn7,historyserver,2026-08-06T19:11:08Z,291077476000,3643269120
2026-08-06T14:11:17.252139-05:00,historyserver,historyserver-demo-67d55cff85-p2zn7,historyserver,2026-08-06T19:11:08Z,291077476000,3643269120
2026-08-06T14:11:18.25091-05:00,historyserver,historyserver-demo-67d55cff85-p2zn7,historyserver,2026-08-06T19:11:08Z,291077476000,3643269120
2026-08-06T14:11:19.250683-05:00,historyserver,historyserver-demo-67d55cff85-p2zn7,historyserver,2026-08-06T19:11:08Z,291077476000,3643269120
2026-08-06T14:11:20.251211-05:00,historyserver,historyserver-demo-67d55cff85-p2zn7,historyserver,2026-08-06T19:11:19Z,296590390000,3609055232
2026-08-06T14:11:21.250994-05:00,historyserver,historyserver-demo-67d55cff85-p2zn7,historyserver,2026-08-06T19:11:19Z,296590390000,3609055232
2026-08-06T14:11:22.250163-05:00,historyserver,historyserver-demo-67d55cff85-p2zn7,historyserver,2026-08-06T19:11:19Z,296590390000,3609055232
2026-08-06T14:11:23.251028-05:00,historyserver,historyserver-demo-67d55cff85-p2zn7,historyserver,2026-08-06T19:11:19Z,296590390000,3609055232
2026-08-06T14:11:24.25104-05:00,historyserver,historyserver-demo-67d55cff85-p2zn7,historyserver,2026-08-06T19:11:19Z,296590390000,3609055232
2026-08-06T14:11:25.250985-05:00,historyserver,historyserver-demo-67d55cff85-p2zn7,historyserver,2026-08-06T19:11:19Z,296590390000,3609055232
2026-08-06T14:11:26.250191-05:00,historyserver,historyserver-demo-67d55cff85-p2zn7,historyserver,2026-08-06T19:11:19Z,296590390000,3609055232
2026-08-06T14:11:27.251035-05:00,historyserver,historyserver-demo-67d55cff85-p2zn7,historyserver,2026-08-06T19:11:19Z,296590390000,3609055232
2026-08-06T14:11:28.250025-05:00,historyserver,historyserver-demo-67d55cff85-p2zn7,historyserver,2026-08-06T19:11:19Z,296590390000,3609055232
2026-08-06T14:11:29.250303-05:00,historyserver,historyserver-demo-67d55cff85-p2zn7,historyserver,2026-08-06T19:11:19Z,296590390000,3609055232
2026-08-06T14:11:30.251237-05:00,historyserver,historyserver-demo-67d55cff85-p2zn7,historyserver,2026-08-06T19:11:19Z,296590390000,3609055232
2026-08-06T14:11:31.250191-05:00,historyserver,historyserver-demo-67d55cff85-p2zn7,historyserver,2026-08-06T19:11:19Z,296590390000,3609055232
2026-08-06T14:11:32.251112-05:00,historyserver,historyserver-demo-67d55cff85-p2zn7,historyserver,2026-08-06T19:11:19Z,296590390000,3609055232
2026-08-06T14:11:33.250565-05:00,historyserver,historyserver-demo-67d55cff85-p2zn7,historyserver,2026-08-06T19:11:19Z,296590390000,3609055232
2026-08-06T14:11:34.250704-05:00,historyserver,historyserver-demo-67d55cff85-p2zn7,historyserver,2026-08-06T19:11:19Z,296590390000,3609055232
2026-08-06T14:11:35.251066-05:00,historyserver,historyserver-demo-67d55cff85-p2zn7,historyserver,2026-08-06T19:11:19Z,296590390000,3609055232
2026-08-06T14:11:36.250176-05:00,historyserver,historyserver-demo-67d55cff85-p2zn7,historyserver,2026-08-06T19:11:19Z,296590390000,3609055232
2026-08-06T14:11:37.250715-05:00,historyserver,historyserver-demo-67d55cff85-p2zn7,historyserver,2026-08-06T19:11:37Z,305414754000,3607339008
2026-08-06T14:11:38.250718-05:00,historyserver,historyserver-demo-67d55cff85-p2zn7,historyserver,2026-08-06T19:11:37Z,305414754000,3607339008
2026-08-06T14:11:39.250224-05:00,historyserver,historyserver-demo-67d55cff85-p2zn7,historyserver,2026-08-06T19:11:37Z,305414754000,3607339008
2026-08-06T14:11:40.251092-05:00,historyserver,historyserver-demo-67d55cff85-p2zn7,historyserver,2026-08-06T19:11:37Z,305414754000,3607339008
2026-08-06T14:11:41.251423-05:00,historyserver,historyserver-demo-67d55cff85-p2zn7,historyserver,2026-08-06T19:11:37Z,305414754000,3607339008
2026-08-06T14:11:42.25062-05:00,historyserver,historyserver-demo-67d55cff85-p2zn7,historyserver,2026-08-06T19:11:37Z,305414754000,3607339008
2026-08-06T14:11:43.25035-05:00,historyserver,historyserver-demo-67d55cff85-p2zn7,historyserver,2026-08-06T19:11:37Z,305414754000,3607339008
2026-08-06T14:11:44.250759-05:00,historyserver,historyserver-demo-67d55cff85-p2zn7,historyserver,2026-08-06T19:11:37Z,305414754000,3607339008
2026-08-06T14:11:45.250928-05:00,historyserver,historyserver-demo-67d55cff85-p2zn7,historyserver,2026-08-06T19:11:37Z,305414754000,3607339008
2026-08-06T14:11:46.25028-05:00,historyserver,historyserver-demo-67d55cff85-p2zn7,historyserver,2026-08-06T19:11:37Z,305414754000,3607339008
2026-08-06T14:11:47.251136-05:00,historyserver,historyserver-demo-67d55cff85-p2zn7,historyserver,2026-08-06T19:11:37Z,305414754000,3607339008
2026-08-06T14:11:48.250825-05:00,historyserver,historyserver-demo-67d55cff85-p2zn7,historyserver,2026-08-06T19:11:37Z,305414754000,3607339008
2026-08-06T14:11:49.251287-05:00,historyserver,historyserver-demo-67d55cff85-p2zn7,historyserver,2026-08-06T19:11:37Z,305414754000,3607339008
2026-08-06T14:11:50.250385-05:00,historyserver,historyserver-demo-67d55cff85-p2zn7,historyserver,2026-08-06T19:11:37Z,305414754000,3607339008
2026-08-06T14:11:51.25114-05:00,historyserver,historyserver-demo-67d55cff85-p2zn7,historyserver,2026-08-06T19:11:37Z,305414754000,3607339008
2026-08-06T14:11:52.251719-05:00,historyserver,historyserver-demo-67d55cff85-p2zn7,historyserver,2026-08-06T19:11:37Z,305414754000,3607339008
2026-08-06T14:11:53.250274-05:00,historyserver,historyserver-demo-67d55cff85-p2zn7,historyserver,2026-08-06T19:11:37Z,305414754000,3607339008
2026-08-06T14:11:54.250952-05:00,historyserver,historyserver-demo-67d55cff85-p2zn7,historyserver,2026-08-06T19:11:53Z,313468058000,3607334912
2026-08-06T14:11:55.250801-05:00,historyserver,historyserver-demo-67d55cff85-p2zn7,historyserver,2026-08-06T19:11:53Z,313468058000,3607334912
2026-08-06T14:11:56.25089-05:00,historyserver,historyserver-demo-67d55cff85-p2zn7,historyserver,2026-08-06T19:11:53Z,313468058000,3607334912
2026-08-06T14:11:57.250584-05:00,historyserver,historyserver-demo-67d55cff85-p2zn7,historyserver,2026-08-06T19:11:53Z,313468058000,3607334912
2026-08-06T14:11:58.251192-05:00,historyserver,historyserver-demo-67d55cff85-p2zn7,historyserver,2026-08-06T19:11:53Z,313468058000,3607334912
2026-08-06T14:11:59.250796-05:00,historyserver,historyserver-demo-67d55cff85-p2zn7,historyserver,2026-08-06T19:11:53Z,313468058000,3607334912
2026-08-06T14:12:00.250761-05:00,historyserver,historyserver-demo-67d55cff85-p2zn7,historyserver,2026-08-06T19:11:53Z,313468058000,3607334912
2026-08-06T14:12:01.25101-05:00,historyserver,historyserver-demo-67d55cff85-p2zn7,historyserver,2026-08-06T19:11:53Z,313468058000,3607334912
2026-08-06T14:12:02.251001-05:00,historyserver,historyserver-demo-67d55cff85-p2zn7,historyserver,2026-08-06T19:11:53Z,313468058000,3607334912
2026-08-06T14:12:03.251202-05:00,historyserver,historyserver-demo-67d55cff85-p2zn7,historyserver,2026-08-06T19:11:53Z,313468058000,3607334912
2026-08-06T14:12:04.251137-05:00,historyserver,historyserver-demo-67d55cff85-p2zn7,historyserver,2026-08-06T19:11:53Z,313468058000,3607334912
2026-08-06T14:12:05.251207-05:00,historyserver,historyserver-demo-67d55cff85-p2zn7,historyserver,2026-08-06T19:11:53Z,313468058000,3607334912
2026-08-06T14:12:06.250331-05:00,historyserver,historyserver-demo-67d55cff85-p2zn7,historyserver,2026-08-06T19:11:53Z,313468058000,3607334912
2026-08-06T14:12:07.251208-05:00,historyserver,historyserver-demo-67d55cff85-p2zn7,historyserver,2026-08-06T19:11:53Z,313468058000,3607334912
2026-08-06T14:12:08.251232-05:00,historyserver,historyserver-demo-67d55cff85-p2zn7,historyserver,2026-08-06T19:11:53Z,313468058000,3607334912
2026-08-06T14:12:09.250919-05:00,historyserver,historyserver-demo-67d55cff85-p2zn7,historyserver,2026-08-06T19:11:53Z,313468058000,3607334912
2026-08-06T14:12:10.250469-05:00,historyserver,historyserver-demo-67d55cff85-p2zn7,historyserver,2026-08-06T19:11:53Z,313468058000,3607334912
2026-08-06T14:12:11.250863-05:00,historyserver,historyserver-demo-67d55cff85-p2zn7,historyserver,2026-08-06T19:12:10Z,322059761000,3607326720
2026-08-06T14:12:12.251074-05:00,historyserver,historyserver-demo-67d55cff85-p2zn7,historyserver,2026-08-06T19:12:10Z,322059761000,3607326720
2026-08-06T14:12:13.25142-05:00,historyserver,historyserver-demo-67d55cff85-p2zn7,historyserver,2026-08-06T19:12:10Z,322059761000,3607326720
2026-08-06T14:12:14.250657-05:00,historyserver,historyserver-demo-67d55cff85-p2zn7,historyserver,2026-08-06T19:12:10Z,322059761000,3607326720
2026-08-06T14:12:15.251246-05:00,historyserver,historyserver-demo-67d55cff85-p2zn7,historyserver,2026-08-06T19:12:10Z,322059761000,3607326720
2026-08-06T14:12:16.250841-05:00,historyserver,historyserver-demo-67d55cff85-p2zn7,historyserver,2026-08-06T19:12:10Z,322059761000,3607326720
2026-08-06T14:12:17.250328-05:00,historyserver,historyserver-demo-67d55cff85-p2zn7,historyserver,2026-08-06T19:12:10Z,322059761000,3607326720
2026-08-06T14:12:18.251256-05:00,historyserver,historyserver-demo-67d55cff85-p2zn7,historyserver,2026-08-06T19:12:10Z,322059761000,3607326720
2026-08-06T14:12:19.250913-05:00,historyserver,historyserver-demo-67d55cff85-p2zn7,historyserver,2026-08-06T19:12:10Z,322059761000,3607326720
2026-08-06T14:12:20.250903-05:00,historyserver,historyserver-demo-67d55cff85-p2zn7,historyserver,2026-08-06T19:12:10Z,322059761000,3607326720
2026-08-06T14:12:21.250585-05:00,historyserver,historyserver-demo-67d55cff85-p2zn7,historyserver,2026-08-06T19:12:10Z,322059761000,3607326720
2026-08-06T14:12:22.251105-05:00,historyserver,historyserver-demo-67d55cff85-p2zn7,historyserver,2026-08-06T19:12:10Z,322059761000,3607326720
2026-08-06T14:12:23.25128-05:00,historyserver,historyserver-demo-67d55cff85-p2zn7,historyserver,2026-08-06T19:12:10Z,322059761000,3607326720
2026-08-06T14:12:24.250891-05:00,historyserver,historyserver-demo-67d55cff85-p2zn7,historyserver,2026-08-06T19:12:23Z,323501136000,3848474624
2026-08-06T14:12:25.251292-05:00,historyserver,historyserver-demo-67d55cff85-p2zn7,historyserver,2026-08-06T19:12:23Z,323501136000,3848474624
2026-08-06T14:12:26.251372-05:00,historyserver,historyserver-demo-67d55cff85-p2zn7,historyserver,2026-08-06T19:12:23Z,323501136000,3848474624
2026-08-06T14:12:27.251295-05:00,historyserver,historyserver-demo-67d55cff85-p2zn7,historyserver,2026-08-06T19:12:23Z,323501136000,3848474624
2026-08-06T14:12:28.251307-05:00,historyserver,historyserver-demo-67d55cff85-p2zn7,historyserver,2026-08-06T19:12:23Z,323501136000,3848474624
2026-08-06T14:12:29.250714-05:00,historyserver,historyserver-demo-67d55cff85-p2zn7,historyserver,2026-08-06T19:12:23Z,323501136000,3848474624
2026-08-06T14:12:30.250923-05:00,historyserver,historyserver-demo-67d55cff85-p2zn7,historyserver,2026-08-06T19:12:23Z,323501136000,3848474624
2026-08-06T14:12:31.250704-05:00,historyserver,historyserver-demo-67d55cff85-p2zn7,historyserver,2026-08-06T19:12:23Z,323501136000,3848474624
2026-08-06T14:12:32.25117-05:00,historyserver,historyserver-demo-67d55cff85-p2zn7,historyserver,2026-08-06T19:12:23Z,323501136000,3848474624
2026-08-06T14:12:33.250689-05:00,historyserver,historyserver-demo-67d55cff85-p2zn7,historyserver,2026-08-06T19:12:23Z,323501136000,3848474624
2026-08-06T14:12:34.250446-05:00,historyserver,historyserver-demo-67d55cff85-p2zn7,historyserver,2026-08-06T19:12:23Z,323501136000,3848474624
2026-08-06T14:12:35.2504-05:00,historyserver,historyserver-demo-67d55cff85-p2zn7,historyserver,2026-08-06T19:12:23Z,323501136000,3848474624
2026-08-06T14:12:36.250792-05:00,historyserver,historyserver-demo-67d55cff85-p2zn7,historyserver,2026-08-06T19:12:23Z,323501136000,3848474624
2026-08-06T14:12:37.251351-05:00,historyserver,historyserver-demo-67d55cff85-p2zn7,historyserver,2026-08-06T19:12:23Z,323501136000,3848474624
2026-08-06T14:12:38.250857-05:00,historyserver,historyserver-demo-67d55cff85-p2zn7,historyserver,2026-08-06T19:12:23Z,323501136000,3848474624
2026-08-06T14:12:39.250764-05:00,historyserver,historyserver-demo-67d55cff85-p2zn7,historyserver,2026-08-06T19:12:39Z,331401385000,3848740864
2026-08-06T14:12:40.250466-05:00,historyserver,historyserver-demo-67d55cff85-p2zn7,historyserver,2026-08-06T19:12:39Z,331401385000,3848740864
2026-08-06T14:12:41.251391-05:00,historyserver,historyserver-demo-67d55cff85-p2zn7,historyserver,2026-08-06T19:12:39Z,331401385000,3848740864
2026-08-06T14:12:42.251373-05:00,historyserver,historyserver-demo-67d55cff85-p2zn7,historyserver,2026-08-06T19:12:39Z,331401385000,3848740864
2026-08-06T14:12:43.251439-05:00,historyserver,historyserver-demo-67d55cff85-p2zn7,historyserver,2026-08-06T19:12:39Z,331401385000,3848740864
2026-08-06T14:12:44.250785-05:00,historyserver,historyserver-demo-67d55cff85-p2zn7,historyserver,2026-08-06T19:12:39Z,331401385000,3848740864
2026-08-06T14:12:45.251362-05:00,historyserver,historyserver-demo-67d55cff85-p2zn7,historyserver,2026-08-06T19:12:39Z,331401385000,3848740864
2026-08-06T14:12:46.25101-05:00,historyserver,historyserver-demo-67d55cff85-p2zn7,historyserver,2026-08-06T19:12:39Z,331401385000,3848740864
2026-08-06T14:12:47.251398-05:00,historyserver,historyserver-demo-67d55cff85-p2zn7,historyserver,2026-08-06T19:12:39Z,331401385000,3848740864
2026-08-06T14:12:48.25054-05:00,historyserver,historyserver-demo-67d55cff85-p2zn7,historyserver,2026-08-06T19:12:39Z,331401385000,3848740864
2026-08-06T14:12:49.250763-05:00,historyserver,historyserver-demo-67d55cff85-p2zn7,historyserver,2026-08-06T19:12:39Z,331401385000,3848740864
2026-08-06T14:12:50.252334-05:00,historyserver,historyserver-demo-67d55cff85-p2zn7,historyserver,2026-08-06T19:12:39Z,331401385000,3848740864
2026-08-06T14:12:51.250928-05:00,historyserver,historyserver-demo-67d55cff85-p2zn7,historyserver,2026-08-06T19:12:39Z,331401385000,3848740864
2026-08-06T14:12:52.25147-05:00,historyserver,historyserver-demo-67d55cff85-p2zn7,historyserver,2026-08-06T19:12:51Z,337684620000,3974414336
2026-08-06T14:12:53.250763-05:00,historyserver,historyserver-demo-67d55cff85-p2zn7,historyserver,2026-08-06T19:12:51Z,337684620000,3974414336
2026-08-06T14:12:54.251447-05:00,historyserver,historyserver-demo-67d55cff85-p2zn7,historyserver,2026-08-06T19:12:51Z,337684620000,3974414336
2026-08-06T14:12:55.251333-05:00,historyserver,historyserver-demo-67d55cff85-p2zn7,historyserver,2026-08-06T19:12:51Z,337684620000,3974414336
2026-08-06T14:12:56.251459-05:00,historyserver,historyserver-demo-67d55cff85-p2zn7,historyserver,2026-08-06T19:12:51Z,337684620000,3974414336
2026-08-06T14:12:57.250585-05:00,historyserver,historyserver-demo-67d55cff85-p2zn7,historyserver,2026-08-06T19:12:51Z,337684620000,3974414336
2026-08-06T14:12:58.251627-05:00,historyserver,historyserver-demo-67d55cff85-p2zn7,historyserver,2026-08-06T19:12:51Z,337684620000,3974414336
2026-08-06T14:12:59.250839-05:00,historyserver,historyserver-demo-67d55cff85-p2zn7,historyserver,2026-08-06T19:12:51Z,337684620000,3974414336
2026-08-06T14:13:00.251589-05:00,historyserver,historyserver-demo-67d55cff85-p2zn7,historyserver,2026-08-06T19:12:51Z,337684620000,3974414336
2026-08-06T14:13:01.25185-05:00,historyserver,historyserver-demo-67d55cff85-p2zn7,historyserver,2026-08-06T19:12:51Z,337684620000,3974414336
2026-08-06T14:13:02.250983-05:00,historyserver,historyserver-demo-67d55cff85-p2zn7,historyserver,2026-08-06T19:12:51Z,337684620000,3974414336
2026-08-06T14:13:03.251009-05:00,historyserver,historyserver-demo-67d55cff85-p2zn7,historyserver,2026-08-06T19:12:51Z,337684620000,3974414336
2026-08-06T14:13:04.250761-05:00,historyserver,historyserver-demo-67d55cff85-p2zn7,historyserver,2026-08-06T19:12:51Z,337684620000,3974414336
2026-08-06T14:13:05.251232-05:00,historyserver,historyserver-demo-67d55cff85-p2zn7,historyserver,2026-08-06T19:12:51Z,337684620000,3974414336
2026-08-06T14:13:06.251075-05:00,historyserver,historyserver-demo-67d55cff85-p2zn7,historyserver,2026-08-06T19:13:05Z,344484051000,3857645568
2026-08-06T14:13:07.251074-05:00,historyserver,historyserver-demo-67d55cff85-p2zn7,historyserver,2026-08-06T19:13:05Z,344484051000,3857645568
2026-08-06T14:13:08.251489-05:00,historyserver,historyserver-demo-67d55cff85-p2zn7,historyserver,2026-08-06T19:13:05Z,344484051000,3857645568
2026-08-06T14:13:09.251188-05:00,historyserver,historyserver-demo-67d55cff85-p2zn7,historyserver,2026-08-06T19:13:05Z,344484051000,3857645568
2026-08-06T14:13:10.251504-05:00,historyserver,historyserver-demo-67d55cff85-p2zn7,historyserver,2026-08-06T19:13:05Z,344484051000,3857645568
2026-08-06T14:13:11.250527-05:00,historyserver,historyserver-demo-67d55cff85-p2zn7,historyserver,2026-08-06T19:13:05Z,344484051000,3857645568
2026-08-06T14:13:12.250614-05:00,historyserver,historyserver-demo-67d55cff85-p2zn7,historyserver,2026-08-06T19:13:05Z,344484051000,3857645568
2026-08-06T14:13:13.251144-05:00,historyserver,historyserver-demo-67d55cff85-p2zn7,historyserver,2026-08-06T19:13:05Z,344484051000,3857645568
2026-08-06T14:13:14.251012-05:00,historyserver,historyserver-demo-67d55cff85-p2zn7,historyserver,2026-08-06T19:13:05Z,344484051000,3857645568
2026-08-06T14:13:15.251528-05:00,historyserver,historyserver-demo-67d55cff85-p2zn7,historyserver,2026-08-06T19:13:05Z,344484051000,3857645568
2026-08-06T14:13:16.252158-05:00,historyserver,historyserver-demo-67d55cff85-p2zn7,historyserver,2026-08-06T19:13:05Z,344484051000,3857645568
2026-08-06T14:13:17.251659-05:00,historyserver,historyserver-demo-67d55cff85-p2zn7,historyserver,2026-08-06T19:13:16Z,350284088000,3857641472
2026-08-06T14:13:18.251819-05:00,historyserver,historyserver-demo-67d55cff85-p2zn7,historyserver,2026-08-06T19:13:16Z,350284088000,3857641472
2026-08-06T14:13:19.251729-05:00,historyserver,historyserver-demo-67d55cff85-p2zn7,historyserver,2026-08-06T19:13:16Z,350284088000,3857641472
2026-08-06T14:13:20.251989-05:00,historyserver,historyserver-demo-67d55cff85-p2zn7,historyserver,2026-08-06T19:13:16Z,350284088000,3857641472
2026-08-06T14:13:21.251025-05:00,historyserver,historyserver-demo-67d55cff85-p2zn7,historyserver,2026-08-06T19:13:16Z,350284088000,3857641472
2026-08-06T14:13:22.251257-05:00,historyserver,historyserver-demo-67d55cff85-p2zn7,historyserver,2026-08-06T19:13:16Z,350284088000,3857641472
2026-08-06T14:13:23.250598-05:00,historyserver,historyserver-demo-67d55cff85-p2zn7,historyserver,2026-08-06T19:13:16Z,350284088000,3857641472
2026-08-06T14:13:24.251175-05:00,historyserver,historyserver-demo-67d55cff85-p2zn7,historyserver,2026-08-06T19:13:16Z,350284088000,3857641472
2026-08-06T14:13:25.250967-05:00,historyserver,historyserver-demo-67d55cff85-p2zn7,historyserver,2026-08-06T19:13:16Z,350284088000,3857641472
2026-08-06T14:13:26.25092-05:00,historyserver,historyserver-demo-67d55cff85-p2zn7,historyserver,2026-08-06T19:13:16Z,350284088000,3857641472
2026-08-06T14:13:27.250678-05:00,historyserver,historyserver-demo-67d55cff85-p2zn7,historyserver,2026-08-06T19:13:16Z,350284088000,3857641472
2026-08-06T14:13:28.251324-05:00,historyserver,historyserver-demo-67d55cff85-p2zn7,historyserver,2026-08-06T19:13:16Z,350284088000,3857641472
2026-08-06T14:13:29.252287-05:00,historyserver,historyserver-demo-67d55cff85-p2zn7,historyserver,2026-08-06T19:13:16Z,350284088000,3857641472
2026-08-06T14:13:30.251645-05:00,historyserver,historyserver-demo-67d55cff85-p2zn7,historyserver,2026-08-06T19:13:16Z,350284088000,3857641472
2026-08-06T14:13:31.251431-05:00,historyserver,historyserver-demo-67d55cff85-p2zn7,historyserver,2026-08-06T19:13:16Z,350284088000,3857641472
2026-08-06T14:13:32.251377-05:00,historyserver,historyserver-demo-67d55cff85-p2zn7,historyserver,2026-08-06T19:13:16Z,350284088000,3857641472
2026-08-06T14:13:33.251628-05:00,historyserver,historyserver-demo-67d55cff85-p2zn7,historyserver,2026-08-06T19:13:16Z,350284088000,3857641472
2026-08-06T14:13:34.251641-05:00,historyserver,historyserver-demo-67d55cff85-p2zn7,historyserver,2026-08-06T19:13:16Z,350284088000,3857641472
2026-08-06T14:13:35.251026-05:00,historyserver,historyserver-demo-67d55cff85-p2zn7,historyserver,2026-08-06T19:13:16Z,350284088000,3857641472
2026-08-06T14:13:36.251646-05:00,historyserver,historyserver-demo-67d55cff85-p2zn7,historyserver,2026-08-06T19:13:35Z,359646377000,3857829888
2026-08-06T14:13:37.251527-05:00,historyserver,historyserver-demo-67d55cff85-p2zn7,historyserver,2026-08-06T19:13:35Z,359646377000,3857829888
2026-08-06T14:13:38.25124-05:00,historyserver,historyserver-demo-67d55cff85-p2zn7,historyserver,2026-08-06T19:13:35Z,359646377000,3857829888
2026-08-06T14:13:39.251596-05:00,historyserver,historyserver-demo-67d55cff85-p2zn7,historyserver,2026-08-06T19:13:35Z,359646377000,3857829888
2026-08-06T14:13:40.251666-05:00,historyserver,historyserver-demo-67d55cff85-p2zn7,historyserver,2026-08-06T19:13:35Z,359646377000,3857829888
2026-08-06T14:13:41.251671-05:00,historyserver,historyserver-demo-67d55cff85-p2zn7,historyserver,2026-08-06T19:13:35Z,359646377000,3857829888
2026-08-06T14:13:42.251224-05:00,historyserver,historyserver-demo-67d55cff85-p2zn7,historyserver,2026-08-06T19:13:35Z,359646377000,3857829888
2026-08-06T14:13:43.251668-05:00,historyserver,historyserver-demo-67d55cff85-p2zn7,historyserver,2026-08-06T19:13:35Z,359646377000,3857829888
2026-08-06T14:13:44.251287-05:00,historyserver,historyserver-demo-67d55cff85-p2zn7,historyserver,2026-08-06T19:13:35Z,359646377000,3857829888
2026-08-06T14:13:45.251666-05:00,historyserver,historyserver-demo-67d55cff85-p2zn7,historyserver,2026-08-06T19:13:35Z,359646377000,3857829888
2026-08-06T14:13:46.251188-05:00,historyserver,historyserver-demo-67d55cff85-p2zn7,historyserver,2026-08-06T19:13:35Z,359646377000,3857829888
2026-08-06T14:13:47.251387-05:00,historyserver,historyserver-demo-67d55cff85-p2zn7,historyserver,2026-08-06T19:13:35Z,359646377000,3857829888
2026-08-06T14:13:48.251681-05:00,historyserver,historyserver-demo-67d55cff85-p2zn7,historyserver,2026-08-06T19:13:35Z,359646377000,3857829888
2026-08-06T14:13:49.250758-05:00,historyserver,historyserver-demo-67d55cff85-p2zn7,historyserver,2026-08-06T19:13:35Z,359646377000,3857829888
2026-08-06T14:13:50.252189-05:00,historyserver,historyserver-demo-67d55cff85-p2zn7,historyserver,2026-08-06T19:13:35Z,359646377000,3857829888
2026-08-06T14:13:51.251799-05:00,historyserver,historyserver-demo-67d55cff85-p2zn7,historyserver,2026-08-06T19:13:35Z,359646377000,3857829888
2026-08-06T14:13:52.250817-05:00,historyserver,historyserver-demo-67d55cff85-p2zn7,historyserver,2026-08-06T19:13:35Z,359646377000,3857829888
2026-08-06T14:13:53.250881-05:00,historyserver,historyserver-demo-67d55cff85-p2zn7,historyserver,2026-08-06T19:13:35Z,359646377000,3857829888
2026-08-06T14:13:54.251031-05:00,historyserver,historyserver-demo-67d55cff85-p2zn7,historyserver,2026-08-06T19:13:53Z,368784097000,3857854464
2026-08-06T14:13:55.251291-05:00,historyserver,historyserver-demo-67d55cff85-p2zn7,historyserver,2026-08-06T19:13:53Z,368784097000,3857854464
2026-08-06T14:13:56.251721-05:00,historyserver,historyserver-demo-67d55cff85-p2zn7,historyserver,2026-08-06T19:13:53Z,368784097000,3857854464
2026-08-06T14:13:57.250778-05:00,historyserver,historyserver-demo-67d55cff85-p2zn7,historyserver,2026-08-06T19:13:53Z,368784097000,3857854464
2026-08-06T14:13:58.250999-05:00,historyserver,historyserver-demo-67d55cff85-p2zn7,historyserver,2026-08-06T19:13:53Z,368784097000,3857854464
2026-08-06T14:13:59.251076-05:00,historyserver,historyserver-demo-67d55cff85-p2zn7,historyserver,2026-08-06T19:13:53Z,368784097000,3857854464
2026-08-06T14:14:00.251315-05:00,historyserver,historyserver-demo-67d55cff85-p2zn7,historyserver,2026-08-06T19:13:53Z,368784097000,3857854464
2026-08-06T14:14:01.250864-05:00,historyserver,historyserver-demo-67d55cff85-p2zn7,historyserver,2026-08-06T19:13:53Z,368784097000,3857854464
2026-08-06T14:14:02.251765-05:00,historyserver,historyserver-demo-67d55cff85-p2zn7,historyserver,2026-08-06T19:13:53Z,368784097000,3857854464
2026-08-06T14:14:03.250851-05:00,historyserver,historyserver-demo-67d55cff85-p2zn7,historyserver,2026-08-06T19:13:53Z,368784097000,3857854464
2026-08-06T14:14:04.251758-05:00,historyserver,historyserver-demo-67d55cff85-p2zn7,historyserver,2026-08-06T19:13:53Z,368784097000,3857854464
2026-08-06T14:14:05.251588-05:00,historyserver,historyserver-demo-67d55cff85-p2zn7,historyserver,2026-08-06T19:13:53Z,368784097000,3857854464
2026-08-06T14:14:06.250765-05:00,historyserver,historyserver-demo-67d55cff85-p2zn7,historyserver,2026-08-06T19:13:53Z,368784097000,3857854464
2026-08-06T14:14:07.251791-05:00,historyserver,historyserver-demo-67d55cff85-p2zn7,historyserver,2026-08-06T19:13:53Z,368784097000,3857854464
2026-08-06T14:14:08.250826-05:00,historyserver,historyserver-demo-67d55cff85-p2zn7,historyserver,2026-08-06T19:13:53Z,368784097000,3857854464
2026-08-06T14:14:09.251792-05:00,historyserver,historyserver-demo-67d55cff85-p2zn7,historyserver,2026-08-06T19:13:53Z,368784097000,3857854464
2026-08-06T14:14:10.251383-05:00,historyserver,historyserver-demo-67d55cff85-p2zn7,historyserver,2026-08-06T19:13:53Z,368784097000,3857854464
2026-08-06T14:14:11.251829-05:00,historyserver,historyserver-demo-67d55cff85-p2zn7,historyserver,2026-08-06T19:13:53Z,368784097000,3857854464
2026-08-06T14:14:12.251152-05:00,historyserver,historyserver-demo-67d55cff85-p2zn7,historyserver,2026-08-06T19:13:53Z,368784097000,3857854464
2026-08-06T14:14:13.251761-05:00,historyserver,historyserver-demo-67d55cff85-p2zn7,historyserver,2026-08-06T19:14:12Z,378184156000,3857850368
2026-08-06T14:14:14.251857-05:00,historyserver,historyserver-demo-67d55cff85-p2zn7,historyserver,2026-08-06T19:14:12Z,378184156000,3857850368
2026-08-06T14:14:15.250934-05:00,historyserver,historyserver-demo-67d55cff85-p2zn7,historyserver,2026-08-06T19:14:12Z,378184156000,3857850368
2026-08-06T14:14:16.251527-05:00,historyserver,historyserver-demo-67d55cff85-p2zn7,historyserver,2026-08-06T19:14:12Z,378184156000,3857850368
2026-08-06T14:14:17.251882-05:00,historyserver,historyserver-demo-67d55cff85-p2zn7,historyserver,2026-08-06T19:14:12Z,378184156000,3857850368
2026-08-06T14:14:18.251306-05:00,historyserver,historyserver-demo-67d55cff85-p2zn7,historyserver,2026-08-06T19:14:12Z,378184156000,3857850368
2026-08-06T14:14:19.251949-05:00,historyserver,historyserver-demo-67d55cff85-p2zn7,historyserver,2026-08-06T19:14:12Z,378184156000,3857850368
2026-08-06T14:14:20.250903-05:00,historyserver,historyserver-demo-67d55cff85-p2zn7,historyserver,2026-08-06T19:14:12Z,378184156000,3857850368
2026-08-06T14:14:21.251505-05:00,historyserver,historyserver-demo-67d55cff85-p2zn7,historyserver,2026-08-06T19:14:12Z,378184156000,3857850368
2026-08-06T14:14:22.25158-05:00,historyserver,historyserver-demo-67d55cff85-p2zn7,historyserver,2026-08-06T19:14:12Z,378184156000,3857850368
2026-08-06T14:14:23.251426-05:00,historyserver,historyserver-demo-67d55cff85-p2zn7,historyserver,2026-08-06T19:14:12Z,378184156000,3857850368
2026-08-06T14:14:24.251872-05:00,historyserver,historyserver-demo-67d55cff85-p2zn7,historyserver,2026-08-06T19:14:12Z,378184156000,3857850368
2026-08-06T14:14:25.251917-05:00,historyserver,historyserver-demo-67d55cff85-p2zn7,historyserver,2026-08-06T19:14:12Z,378184156000,3857850368
2026-08-06T14:14:26.251732-05:00,historyserver,historyserver-demo-67d55cff85-p2zn7,historyserver,2026-08-06T19:14:12Z,378184156000,3857850368
2026-08-06T14:14:27.25155-05:00,historyserver,historyserver-demo-67d55cff85-p2zn7,historyserver,2026-08-06T19:14:12Z,378184156000,3857850368
2026-08-06T14:14:28.251185-05:00,historyserver,historyserver-demo-67d55cff85-p2zn7,historyserver,2026-08-06T19:14:12Z,378184156000,3857850368
2026-08-06T14:14:29.251906-05:00,historyserver,historyserver-demo-67d55cff85-p2zn7,historyserver,2026-08-06T19:14:12Z,378184156000,3857850368
2026-08-06T14:14:30.251903-05:00,historyserver,historyserver-demo-67d55cff85-p2zn7,historyserver,2026-08-06T19:14:12Z,378184156000,3857850368
2026-08-06T14:14:31.250961-05:00,historyserver,historyserver-demo-67d55cff85-p2zn7,historyserver,2026-08-06T19:14:12Z,378184156000,3857850368
2026-08-06T14:14:32.252625-05:00,historyserver,historyserver-demo-67d55cff85-p2zn7,historyserver,2026-08-06T19:14:31Z,385436728000,3857846272
2026-08-06T14:14:33.251781-05:00,historyserver,historyserver-demo-67d55cff85-p2zn7,historyserver,2026-08-06T19:14:31Z,385436728000,3857846272
2026-08-06T14:14:34.252081-05:00,historyserver,historyserver-demo-67d55cff85-p2zn7,historyserver,2026-08-06T19:14:31Z,385436728000,3857846272
2026-08-06T14:14:35.251362-05:00,historyserver,historyserver-demo-67d55cff85-p2zn7,historyserver,2026-08-06T19:14:31Z,385436728000,3857846272
2026-08-06T14:14:36.25206-05:00,historyserver,historyserver-demo-67d55cff85-p2zn7,historyserver,2026-08-06T19:14:31Z,385436728000,3857846272
2026-08-06T14:14:37.251925-05:00,historyserver,historyserver-demo-67d55cff85-p2zn7,historyserver,2026-08-06T19:14:31Z,385436728000,3857846272
2026-08-06T14:14:38.251039-05:00,historyserver,historyserver-demo-67d55cff85-p2zn7,historyserver,2026-08-06T19:14:31Z,385436728000,3857846272
2026-08-06T14:14:39.251041-05:00,historyserver,historyserver-demo-67d55cff85-p2zn7,historyserver,2026-08-06T19:14:31Z,385436728000,3857846272
2026-08-06T14:14:40.25198-05:00,historyserver,historyserver-demo-67d55cff85-p2zn7,historyserver,2026-08-06T19:14:31Z,385436728000,3857846272
2026-08-06T14:14:41.251796-05:00,historyserver,historyserver-demo-67d55cff85-p2zn7,historyserver,2026-08-06T19:14:31Z,385436728000,3857846272
2026-08-06T14:14:42.251951-05:00,historyserver,historyserver-demo-67d55cff85-p2zn7,historyserver,2026-08-06T19:14:31Z,385436728000,3857846272
2026-08-06T14:14:43.251512-05:00,historyserver,historyserver-demo-67d55cff85-p2zn7,historyserver,2026-08-06T19:14:31Z,385436728000,3857846272
2026-08-06T14:14:44.251077-05:00,historyserver,historyserver-demo-67d55cff85-p2zn7,historyserver,2026-08-06T19:14:31Z,385436728000,3857846272
2026-08-06T14:14:45.252265-05:00,historyserver,historyserver-demo-67d55cff85-p2zn7,historyserver,2026-08-06T19:14:31Z,385436728000,3857846272
2026-08-06T14:14:46.251454-05:00,historyserver,historyserver-demo-67d55cff85-p2zn7,historyserver,2026-08-06T19:14:31Z,385436728000,3857846272
2026-08-06T14:14:47.251979-05:00,historyserver,historyserver-demo-67d55cff85-p2zn7,historyserver,2026-08-06T19:14:31Z,385436728000,3857846272
2026-08-06T14:14:48.251881-05:00,historyserver,historyserver-demo-67d55cff85-p2zn7,historyserver,2026-08-06T19:14:31Z,385436728000,3857846272
2026-08-06T14:14:49.251348-05:00,historyserver,historyserver-demo-67d55cff85-p2zn7,historyserver,2026-08-06T19:14:48Z,390492745000,3982671872
2026-08-06T14:14:50.251524-05:00,historyserver,historyserver-demo-67d55cff85-p2zn7,historyserver,2026-08-06T19:14:48Z,390492745000,3982671872
2026-08-06T14:14:51.251994-05:00,historyserver,historyserver-demo-67d55cff85-p2zn7,historyserver,2026-08-06T19:14:48Z,390492745000,3982671872
2026-08-06T14:14:52.251137-05:00,historyserver,historyserver-demo-67d55cff85-p2zn7,historyserver,2026-08-06T19:14:48Z,390492745000,3982671872
2026-08-06T14:14:53.251096-05:00,historyserver,historyserver-demo-67d55cff85-p2zn7,historyserver,2026-08-06T19:14:48Z,390492745000,3982671872
2026-08-06T14:14:54.251137-05:00,historyserver,historyserver-demo-67d55cff85-p2zn7,historyserver,2026-08-06T19:14:48Z,390492745000,3982671872
2026-08-06T14:14:55.251958-05:00,historyserver,historyserver-demo-67d55cff85-p2zn7,historyserver,2026-08-06T19:14:48Z,390492745000,3982671872
2026-08-06T14:14:56.252024-05:00,historyserver,historyserver-demo-67d55cff85-p2zn7,historyserver,2026-08-06T19:14:48Z,390492745000,3982671872
2026-08-06T14:14:57.252061-05:00,historyserver,historyserver-demo-67d55cff85-p2zn7,historyserver,2026-08-06T19:14:48Z,390492745000,3982671872
2026-08-06T14:14:58.252068-05:00,historyserver,historyserver-demo-67d55cff85-p2zn7,historyserver,2026-08-06T19:14:48Z,390492745000,3982671872
2026-08-06T14:14:59.252242-05:00,historyserver,historyserver-demo-67d55cff85-p2zn7,historyserver,2026-08-06T19:14:48Z,390492745000,3982671872
2026-08-06T14:15:00.252055-05:00,historyserver,historyserver-demo-67d55cff85-p2zn7,historyserver,2026-08-06T19:14:48Z,390492745000,3982671872
2026-08-06T14:15:01.251611-05:00,historyserver,historyserver-demo-67d55cff85-p2zn7,historyserver,2026-08-06T19:14:48Z,390492745000,3982671872
2026-08-06T14:15:02.252065-05:00,historyserver,historyserver-demo-67d55cff85-p2zn7,historyserver,2026-08-06T19:14:48Z,390492745000,3982671872
2026-08-06T14:15:03.252061-05:00,historyserver,historyserver-demo-67d55cff85-p2zn7,historyserver,2026-08-06T19:15:02Z,397509181000,3982667776
2026-08-06T14:15:04.252091-05:00,historyserver,historyserver-demo-67d55cff85-p2zn7,historyserver,2026-08-06T19:15:02Z,397509181000,3982667776
2026-08-06T14:15:05.252017-05:00,historyserver,historyserver-demo-67d55cff85-p2zn7,historyserver,2026-08-06T19:15:02Z,397509181000,3982667776
2026-08-06T14:15:06.252111-05:00,historyserver,historyserver-demo-67d55cff85-p2zn7,historyserver,2026-08-06T19:15:02Z,397509181000,3982667776
2026-08-06T14:15:07.251752-05:00,historyserver,historyserver-demo-67d55cff85-p2zn7,historyserver,2026-08-06T19:15:02Z,397509181000,3982667776
2026-08-06T14:15:08.252094-05:00,historyserver,historyserver-demo-67d55cff85-p2zn7,historyserver,2026-08-06T19:15:02Z,397509181000,3982667776
2026-08-06T14:15:09.251278-05:00,historyserver,historyserver-demo-67d55cff85-p2zn7,historyserver,2026-08-06T19:15:02Z,397509181000,3982667776
2026-08-06T14:15:10.252094-05:00,historyserver,historyserver-demo-67d55cff85-p2zn7,historyserver,2026-08-06T19:15:02Z,397509181000,3982667776
2026-08-06T14:15:11.25235-05:00,historyserver,historyserver-demo-67d55cff85-p2zn7,historyserver,2026-08-06T19:15:02Z,397509181000,3982667776
2026-08-06T14:15:12.251917-05:00,historyserver,historyserver-demo-67d55cff85-p2zn7,historyserver,2026-08-06T19:15:02Z,397509181000,3982667776
2026-08-06T14:15:13.251945-05:00,historyserver,historyserver-demo-67d55cff85-p2zn7,historyserver,2026-08-06T19:15:02Z,397509181000,3982667776
2026-08-06T14:15:14.251527-05:00,historyserver,historyserver-demo-67d55cff85-p2zn7,historyserver,2026-08-06T19:15:02Z,397509181000,3982667776
2026-08-06T14:15:15.252064-05:00,historyserver,historyserver-demo-67d55cff85-p2zn7,historyserver,2026-08-06T19:15:02Z,397509181000,3982667776
2026-08-06T14:15:16.251997-05:00,historyserver,historyserver-demo-67d55cff85-p2zn7,historyserver,2026-08-06T19:15:02Z,397509181000,3982667776
2026-08-06T14:15:17.252101-05:00,historyserver,historyserver-demo-67d55cff85-p2zn7,historyserver,2026-08-06T19:15:02Z,397509181000,3982667776
2026-08-06T14:15:18.252162-05:00,historyserver,historyserver-demo-67d55cff85-p2zn7,historyserver,2026-08-06T19:15:02Z,397509181000,3982667776
2026-08-06T14:15:19.253901-05:00,historyserver,historyserver-demo-67d55cff85-p2zn7,historyserver,2026-08-06T19:15:02Z,397509181000,3982667776
2026-08-06T14:15:20.251654-05:00,historyserver,historyserver-demo-67d55cff85-p2zn7,historyserver,2026-08-06T19:15:02Z,397509181000,3982667776
2026-08-06T14:15:21.252115-05:00,historyserver,historyserver-demo-67d55cff85-p2zn7,historyserver,2026-08-06T19:15:21Z,406939484000,3982667776
2026-08-06T14:15:22.252139-05:00,historyserver,historyserver-demo-67d55cff85-p2zn7,historyserver,2026-08-06T19:15:21Z,406939484000,3982667776
2026-08-06T14:15:23.252134-05:00,historyserver,historyserver-demo-67d55cff85-p2zn7,historyserver,2026-08-06T19:15:21Z,406939484000,3982667776
2026-08-06T14:15:24.25119-05:00,historyserver,historyserver-demo-67d55cff85-p2zn7,historyserver,2026-08-06T19:15:21Z,406939484000,3982667776
2026-08-06T14:15:25.251759-05:00,historyserver,historyserver-demo-67d55cff85-p2zn7,historyserver,2026-08-06T19:15:21Z,406939484000,3982667776
2026-08-06T14:15:26.251962-05:00,historyserver,historyserver-demo-67d55cff85-p2zn7,historyserver,2026-08-06T19:15:21Z,406939484000,3982667776
2026-08-06T14:15:27.252599-05:00,historyserver,historyserver-demo-67d55cff85-p2zn7,historyserver,2026-08-06T19:15:21Z,406939484000,3982667776
2026-08-06T14:15:28.251454-05:00,historyserver,historyserver-demo-67d55cff85-p2zn7,historyserver,2026-08-06T19:15:21Z,406939484000,3982667776
2026-08-06T14:15:29.25134-05:00,historyserver,historyserver-demo-67d55cff85-p2zn7,historyserver,2026-08-06T19:15:21Z,406939484000,3982667776
2026-08-06T14:15:30.25218-05:00,historyserver,historyserver-demo-67d55cff85-p2zn7,historyserver,2026-08-06T19:15:21Z,406939484000,3982667776
2026-08-06T14:15:31.252159-05:00,historyserver,historyserver-demo-67d55cff85-p2zn7,historyserver,2026-08-06T19:15:31Z,411936392000,3983331328
2026-08-06T14:15:32.25185-05:00,historyserver,historyserver-demo-67d55cff85-p2zn7,historyserver,2026-08-06T19:15:31Z,411936392000,3983331328
2026-08-06T14:15:33.251247-05:00,historyserver,historyserver-demo-67d55cff85-p2zn7,historyserver,2026-08-06T19:15:31Z,411936392000,3983331328
2026-08-06T14:15:34.251542-05:00,historyserver,historyserver-demo-67d55cff85-p2zn7,historyserver,2026-08-06T19:15:31Z,411936392000,3983331328
2026-08-06T14:15:35.252183-05:00,historyserver,historyserver-demo-67d55cff85-p2zn7,historyserver,2026-08-06T19:15:31Z,411936392000,3983331328
2026-08-06T14:15:36.252254-05:00,historyserver,historyserver-demo-67d55cff85-p2zn7,historyserver,2026-08-06T19:15:31Z,411936392000,3983331328
2026-08-06T14:15:37.252243-05:00,historyserver,historyserver-demo-67d55cff85-p2zn7,historyserver,2026-08-06T19:15:31Z,411936392000,3983331328
2026-08-06T14:15:38.252235-05:00,historyserver,historyserver-demo-67d55cff85-p2zn7,historyserver,2026-08-06T19:15:31Z,411936392000,3983331328
2026-08-06T14:15:39.251357-05:00,historyserver,historyserver-demo-67d55cff85-p2zn7,historyserver,2026-08-06T19:15:31Z,411936392000,3983331328
2026-08-06T14:15:40.251768-05:00,historyserver,historyserver-demo-67d55cff85-p2zn7,historyserver,2026-08-06T19:15:31Z,411936392000,3983331328
2026-08-06T14:15:41.252279-05:00,historyserver,historyserver-demo-67d55cff85-p2zn7,historyserver,2026-08-06T19:15:31Z,411936392000,3983331328
2026-08-06T14:15:42.251342-05:00,historyserver,historyserver-demo-67d55cff85-p2zn7,historyserver,2026-08-06T19:15:31Z,411936392000,3983331328
2026-08-06T14:15:43.251772-05:00,historyserver,historyserver-demo-67d55cff85-p2zn7,historyserver,2026-08-06T19:15:31Z,411936392000,3983331328
2026-08-06T14:15:44.251334-05:00,historyserver,historyserver-demo-67d55cff85-p2zn7,historyserver,2026-08-06T19:15:31Z,411936392000,3983331328
2026-08-06T14:15:45.252278-05:00,historyserver,historyserver-demo-67d55cff85-p2zn7,historyserver,2026-08-06T19:15:31Z,411936392000,3983331328
2026-08-06T14:15:46.251338-05:00,historyserver,historyserver-demo-67d55cff85-p2zn7,historyserver,2026-08-06T19:15:31Z,411936392000,3983331328
2026-08-06T14:15:47.252085-05:00,historyserver,historyserver-demo-67d55cff85-p2zn7,historyserver,2026-08-06T19:15:31Z,411936392000,3983331328
2026-08-06T14:15:48.251734-05:00,historyserver,historyserver-demo-67d55cff85-p2zn7,historyserver,2026-08-06T19:15:31Z,411936392000,3983331328
2026-08-06T14:15:49.251928-05:00,historyserver,historyserver-demo-67d55cff85-p2zn7,historyserver,2026-08-06T19:15:31Z,411936392000,3983331328
2026-08-06T14:15:50.251352-05:00,historyserver,historyserver-demo-67d55cff85-p2zn7,historyserver,2026-08-06T19:15:31Z,411936392000,3983331328
2026-08-06T14:15:51.252416-05:00,historyserver,historyserver-demo-67d55cff85-p2zn7,historyserver,2026-08-06T19:15:50Z,421450341000,4283273216
2026-08-06T14:15:52.251924-05:00,historyserver,historyserver-demo-67d55cff85-p2zn7,historyserver,2026-08-06T19:15:50Z,421450341000,4283273216
2026-08-06T14:15:53.251519-05:00,historyserver,historyserver-demo-67d55cff85-p2zn7,historyserver,2026-08-06T19:15:50Z,421450341000,4283273216
2026-08-06T14:15:54.252302-05:00,historyserver,historyserver-demo-67d55cff85-p2zn7,historyserver,2026-08-06T19:15:50Z,421450341000,4283273216
2026-08-06T14:15:55.251735-05:00,historyserver,historyserver-demo-67d55cff85-p2zn7,historyserver,2026-08-06T19:15:50Z,421450341000,4283273216
2026-08-06T14:15:56.252215-05:00,historyserver,historyserver-demo-67d55cff85-p2zn7,historyserver,2026-08-06T19:15:50Z,421450341000,4283273216
2026-08-06T14:15:57.252229-05:00,historyserver,historyserver-demo-67d55cff85-p2zn7,historyserver,2026-08-06T19:15:50Z,421450341000,4283273216
2026-08-06T14:15:58.252365-05:00,historyserver,historyserver-demo-67d55cff85-p2zn7,historyserver,2026-08-06T19:15:50Z,421450341000,4283273216
2026-08-06T14:15:59.251679-05:00,historyserver,historyserver-demo-67d55cff85-p2zn7,historyserver,2026-08-06T19:15:50Z,421450341000,4283273216
2026-08-06T14:16:00.251602-05:00,historyserver,historyserver-demo-67d55cff85-p2zn7,historyserver,2026-08-06T19:15:50Z,421450341000,4283273216
2026-08-06T14:16:01.252229-05:00,historyserver,historyserver-demo-67d55cff85-p2zn7,historyserver,2026-08-06T19:15:50Z,421450341000,4283273216
2026-08-06T14:16:02.252338-05:00,historyserver,historyserver-demo-67d55cff85-p2zn7,historyserver,2026-08-06T19:15:50Z,421450341000,4283273216
2026-08-06T14:16:03.251979-05:00,historyserver,historyserver-demo-67d55cff85-p2zn7,historyserver,2026-08-06T19:15:50Z,421450341000,4283273216
2026-08-06T14:16:04.252247-05:00,historyserver,historyserver-demo-67d55cff85-p2zn7,historyserver,2026-08-06T19:15:50Z,421450341000,4283273216
2026-08-06T14:16:05.25228-05:00,historyserver,historyserver-demo-67d55cff85-p2zn7,historyserver,2026-08-06T19:15:50Z,421450341000,4283273216
2026-08-06T14:16:06.252934-05:00,historyserver,historyserver-demo-67d55cff85-p2zn7,historyserver,2026-08-06T19:15:50Z,421450341000,4283273216
2026-08-06T14:16:07.251403-05:00,historyserver,historyserver-demo-67d55cff85-p2zn7,historyserver,2026-08-06T19:15:50Z,421450341000,4283273216
2026-08-06T14:16:08.252022-05:00,historyserver,historyserver-demo-67d55cff85-p2zn7,historyserver,2026-08-06T19:15:50Z,421450341000,4283273216
2026-08-06T14:16:09.252397-05:00,historyserver,historyserver-demo-67d55cff85-p2zn7,historyserver,2026-08-06T19:16:08Z,430588812000,4283273216
2026-08-06T14:16:10.251693-05:00,historyserver,historyserver-demo-67d55cff85-p2zn7,historyserver,2026-08-06T19:16:08Z,430588812000,4283273216
2026-08-06T14:16:11.252445-05:00,historyserver,historyserver-demo-67d55cff85-p2zn7,historyserver,2026-08-06T19:16:08Z,430588812000,4283273216
2026-08-06T14:16:12.251698-05:00,historyserver,historyserver-demo-67d55cff85-p2zn7,historyserver,2026-08-06T19:16:08Z,430588812000,4283273216
2026-08-06T14:16:13.251446-05:00,historyserver,historyserver-demo-67d55cff85-p2zn7,historyserver,2026-08-06T19:16:08Z,430588812000,4283273216
2026-08-06T14:16:14.251876-05:00,historyserver,historyserver-demo-67d55cff85-p2zn7,historyserver,2026-08-06T19:16:08Z,430588812000,4283273216
2026-08-06T14:16:15.251995-05:00,historyserver,historyserver-demo-67d55cff85-p2zn7,historyserver,2026-08-06T19:16:08Z,430588812000,4283273216
2026-08-06T14:16:16.252439-05:00,historyserver,historyserver-demo-67d55cff85-p2zn7,historyserver,2026-08-06T19:16:08Z,430588812000,4283273216
2026-08-06T14:16:17.252241-05:00,historyserver,historyserver-demo-67d55cff85-p2zn7,historyserver,2026-08-06T19:16:08Z,430588812000,4283273216
2026-08-06T14:16:18.252112-05:00,historyserver,historyserver-demo-67d55cff85-p2zn7,historyserver,2026-08-06T19:16:08Z,430588812000,4283273216
2026-08-06T14:16:19.252447-05:00,historyserver,historyserver-demo-67d55cff85-p2zn7,historyserver,2026-08-06T19:16:08Z,430588812000,4283273216
2026-08-06T14:16:20.252492-05:00,historyserver,historyserver-demo-67d55cff85-p2zn7,historyserver,2026-08-06T19:16:08Z,430588812000,4283273216
2026-08-06T14:16:21.252463-05:00,historyserver,historyserver-demo-67d55cff85-p2zn7,historyserver,2026-08-06T19:16:08Z,430588812000,4283273216
2026-08-06T14:16:22.252462-05:00,historyserver,historyserver-demo-67d55cff85-p2zn7,historyserver,2026-08-06T19:16:08Z,430588812000,4283273216
2026-08-06T14:16:23.252992-05:00,historyserver,historyserver-demo-67d55cff85-p2zn7,historyserver,2026-08-06T19:16:23Z,437885587000,4283269120
2026-08-06T14:16:24.252181-05:00,historyserver,historyserver-demo-67d55cff85-p2zn7,historyserver,2026-08-06T19:16:23Z,437885587000,4283269120
2026-08-06T14:16:25.252475-05:00,historyserver,historyserver-demo-67d55cff85-p2zn7,historyserver,2026-08-06T19:16:23Z,437885587000,4283269120
2026-08-06T14:16:26.252879-05:00,historyserver,historyserver-demo-67d55cff85-p2zn7,historyserver,2026-08-06T19:16:23Z,437885587000,4283269120
2026-08-06T14:16:27.25265-05:00,historyserver,historyserver-demo-67d55cff85-p2zn7,historyserver,2026-08-06T19:16:23Z,437885587000,4283269120
2026-08-06T14:16:28.252481-05:00,historyserver,historyserver-demo-67d55cff85-p2zn7,historyserver,2026-08-06T19:16:23Z,437885587000,4283269120
2026-08-06T14:16:29.252567-05:00,historyserver,historyserver-demo-67d55cff85-p2zn7,historyserver,2026-08-06T19:16:23Z,437885587000,4283269120
2026-08-06T14:16:30.253065-05:00,historyserver,historyserver-demo-67d55cff85-p2zn7,historyserver,2026-08-06T19:16:23Z,437885587000,4283269120
2026-08-06T14:16:31.252641-05:00,historyserver,historyserver-demo-67d55cff85-p2zn7,historyserver,2026-08-06T19:16:23Z,437885587000,4283269120
2026-08-06T14:16:32.251679-05:00,historyserver,historyserver-demo-67d55cff85-p2zn7,historyserver,2026-08-06T19:16:23Z,437885587000,4283269120
2026-08-06T14:16:33.252371-05:00,historyserver,historyserver-demo-67d55cff85-p2zn7,historyserver,2026-08-06T19:16:23Z,437885587000,4283269120
2026-08-06T14:16:34.252272-05:00,historyserver,historyserver-demo-67d55cff85-p2zn7,historyserver,2026-08-06T19:16:23Z,437885587000,4283269120
2026-08-06T14:16:35.252515-05:00,historyserver,historyserver-demo-67d55cff85-p2zn7,historyserver,2026-08-06T19:16:34Z,443682142000,4283277312
2026-08-06T14:16:36.253352-05:00,historyserver,historyserver-demo-67d55cff85-p2zn7,historyserver,2026-08-06T19:16:34Z,443682142000,4283277312
2026-08-06T14:16:37.253166-05:00,historyserver,historyserver-demo-67d55cff85-p2zn7,historyserver,2026-08-06T19:16:34Z,443682142000,4283277312
2026-08-06T14:16:38.251554-05:00,historyserver,historyserver-demo-67d55cff85-p2zn7,historyserver,2026-08-06T19:16:34Z,443682142000,4283277312
2026-08-06T14:16:39.252558-05:00,historyserver,historyserver-demo-67d55cff85-p2zn7,historyserver,2026-08-06T19:16:34Z,443682142000,4283277312
2026-08-06T14:16:40.25249-05:00,historyserver,historyserver-demo-67d55cff85-p2zn7,historyserver,2026-08-06T19:16:34Z,443682142000,4283277312
2026-08-06T14:16:41.252075-05:00,historyserver,historyserver-demo-67d55cff85-p2zn7,historyserver,2026-08-06T19:16:34Z,443682142000,4283277312
2026-08-06T14:16:42.252555-05:00,historyserver,historyserver-demo-67d55cff85-p2zn7,historyserver,2026-08-06T19:16:34Z,443682142000,4283277312
2026-08-06T14:16:43.252531-05:00,historyserver,historyserver-demo-67d55cff85-p2zn7,historyserver,2026-08-06T19:16:34Z,443682142000,4283277312
2026-08-06T14:16:44.252611-05:00,historyserver,historyserver-demo-67d55cff85-p2zn7,historyserver,2026-08-06T19:16:34Z,443682142000,4283277312
2026-08-06T14:16:45.251694-05:00,historyserver,historyserver-demo-67d55cff85-p2zn7,historyserver,2026-08-06T19:16:34Z,443682142000,4283277312
2026-08-06T14:16:46.251665-05:00,historyserver,historyserver-demo-67d55cff85-p2zn7,historyserver,2026-08-06T19:16:46Z,449340669000,4283539456
2026-08-06T14:16:47.252575-05:00,historyserver,historyserver-demo-67d55cff85-p2zn7,historyserver,2026-08-06T19:16:46Z,449340669000,4283539456
2026-08-06T14:16:48.252403-05:00,historyserver,historyserver-demo-67d55cff85-p2zn7,historyserver,2026-08-06T19:16:46Z,449340669000,4283539456
2026-08-06T14:16:49.251787-05:00,historyserver,historyserver-demo-67d55cff85-p2zn7,historyserver,2026-08-06T19:16:46Z,449340669000,4283539456
2026-08-06T14:16:50.252614-05:00,historyserver,historyserver-demo-67d55cff85-p2zn7,historyserver,2026-08-06T19:16:46Z,449340669000,4283539456
2026-08-06T14:16:51.25262-05:00,historyserver,historyserver-demo-67d55cff85-p2zn7,historyserver,2026-08-06T19:16:46Z,449340669000,4283539456
2026-08-06T14:16:52.252032-05:00,historyserver,historyserver-demo-67d55cff85-p2zn7,historyserver,2026-08-06T19:16:46Z,449340669000,4283539456
2026-08-06T14:16:53.252052-05:00,historyserver,historyserver-demo-67d55cff85-p2zn7,historyserver,2026-08-06T19:16:46Z,449340669000,4283539456
2026-08-06T14:16:54.252603-05:00,historyserver,historyserver-demo-67d55cff85-p2zn7,historyserver,2026-08-06T19:16:46Z,449340669000,4283539456
2026-08-06T14:16:55.252607-05:00,historyserver,historyserver-demo-67d55cff85-p2zn7,historyserver,2026-08-06T19:16:46Z,449340669000,4283539456
2026-08-06T14:16:56.251729-05:00,historyserver,historyserver-demo-67d55cff85-p2zn7,historyserver,2026-08-06T19:16:46Z,449340669000,4283539456
2026-08-06T14:16:57.252567-05:00,historyserver,historyserver-demo-67d55cff85-p2zn7,historyserver,2026-08-06T19:16:56Z,453177308000,4283265024
2026-08-06T14:16:58.251941-05:00,historyserver,historyserver-demo-67d55cff85-p2zn7,historyserver,2026-08-06T19:16:56Z,453177308000,4283265024
2026-08-06T14:16:59.252042-05:00,historyserver,historyserver-demo-67d55cff85-p2zn7,historyserver,2026-08-06T19:16:56Z,453177308000,4283265024
2026-08-06T14:17:00.251648-05:00,historyserver,historyserver-demo-67d55cff85-p2zn7,historyserver,2026-08-06T19:16:56Z,453177308000,4283265024
2026-08-06T14:17:01.251913-05:00,historyserver,historyserver-demo-67d55cff85-p2zn7,historyserver,2026-08-06T19:16:56Z,453177308000,4283265024
2026-08-06T14:17:02.251794-05:00,historyserver,historyserver-demo-67d55cff85-p2zn7,historyserver,2026-08-06T19:16:56Z,453177308000,4283265024
2026-08-06T14:17:03.252266-05:00,historyserver,historyserver-demo-67d55cff85-p2zn7,historyserver,2026-08-06T19:16:56Z,453177308000,4283265024
2026-08-06T14:17:04.251738-05:00,historyserver,historyserver-demo-67d55cff85-p2zn7,historyserver,2026-08-06T19:16:56Z,453177308000,4283265024
2026-08-06T14:17:05.25264-05:00,historyserver,historyserver-demo-67d55cff85-p2zn7,historyserver,2026-08-06T19:16:56Z,453177308000,4283265024
2026-08-06T14:17:06.252597-05:00,historyserver,historyserver-demo-67d55cff85-p2zn7,historyserver,2026-08-06T19:16:56Z,453177308000,4283265024
2026-08-06T14:17:07.25183-05:00,historyserver,historyserver-demo-67d55cff85-p2zn7,historyserver,2026-08-06T19:16:56Z,453177308000,4283265024
2026-08-06T14:17:08.252688-05:00,historyserver,historyserver-demo-67d55cff85-p2zn7,historyserver,2026-08-06T19:16:56Z,453177308000,4283265024
2026-08-06T14:17:09.252395-05:00,historyserver,historyserver-demo-67d55cff85-p2zn7,historyserver,2026-08-06T19:16:56Z,453177308000,4283265024
2026-08-06T14:17:10.252706-05:00,historyserver,historyserver-demo-67d55cff85-p2zn7,historyserver,2026-08-06T19:16:56Z,453177308000,4283265024
2026-08-06T14:17:11.252729-05:00,historyserver,historyserver-demo-67d55cff85-p2zn7,historyserver,2026-08-06T19:17:11Z,459688455000,4307156992
2026-08-06T14:17:12.252708-05:00,historyserver,historyserver-demo-67d55cff85-p2zn7,historyserver,2026-08-06T19:17:11Z,459688455000,4307156992
2026-08-06T14:17:13.252187-05:00,historyserver,historyserver-demo-67d55cff85-p2zn7,historyserver,2026-08-06T19:17:11Z,459688455000,4307156992
2026-08-06T14:17:14.252705-05:00,historyserver,historyserver-demo-67d55cff85-p2zn7,historyserver,2026-08-06T19:17:11Z,459688455000,4307156992
2026-08-06T14:17:15.252697-05:00,historyserver,historyserver-demo-67d55cff85-p2zn7,historyserver,2026-08-06T19:17:11Z,459688455000,4307156992
2026-08-06T14:17:16.25212-05:00,historyserver,historyserver-demo-67d55cff85-p2zn7,historyserver,2026-08-06T19:17:11Z,459688455000,4307156992
2026-08-06T14:17:17.251993-05:00,historyserver,historyserver-demo-67d55cff85-p2zn7,historyserver,2026-08-06T19:17:11Z,459688455000,4307156992
2026-08-06T14:17:18.252207-05:00,historyserver,historyserver-demo-67d55cff85-p2zn7,historyserver,2026-08-06T19:17:11Z,459688455000,4307156992
2026-08-06T14:17:19.252203-05:00,historyserver,historyserver-demo-67d55cff85-p2zn7,historyserver,2026-08-06T19:17:11Z,459688455000,4307156992
2026-08-06T14:17:20.252723-05:00,historyserver,historyserver-demo-67d55cff85-p2zn7,historyserver,2026-08-06T19:17:11Z,459688455000,4307156992
2026-08-06T14:17:21.252781-05:00,historyserver,historyserver-demo-67d55cff85-p2zn7,historyserver,2026-08-06T19:17:11Z,459688455000,4307156992
2026-08-06T14:17:22.25276-05:00,historyserver,historyserver-demo-67d55cff85-p2zn7,historyserver,2026-08-06T19:17:11Z,459688455000,4307156992
2026-08-06T14:17:23.252416-05:00,historyserver,historyserver-demo-67d55cff85-p2zn7,historyserver,2026-08-06T19:17:11Z,459688455000,4307156992
2026-08-06T14:17:24.25249-05:00,historyserver,historyserver-demo-67d55cff85-p2zn7,historyserver,2026-08-06T19:17:11Z,459688455000,4307156992
2026-08-06T14:17:25.252743-05:00,historyserver,historyserver-demo-67d55cff85-p2zn7,historyserver,2026-08-06T19:17:11Z,459688455000,4307156992
2026-08-06T14:17:26.253204-05:00,historyserver,historyserver-demo-67d55cff85-p2zn7,historyserver,2026-08-06T19:17:11Z,459688455000,4307156992
2026-08-06T14:17:27.252758-05:00,historyserver,historyserver-demo-67d55cff85-p2zn7,historyserver,2026-08-06T19:17:11Z,459688455000,4307156992
2026-08-06T14:17:28.251783-05:00,historyserver,historyserver-demo-67d55cff85-p2zn7,historyserver,2026-08-06T19:17:11Z,459688455000,4307156992
2026-08-06T14:17:29.252055-05:00,historyserver,historyserver-demo-67d55cff85-p2zn7,historyserver,2026-08-06T19:17:11Z,459688455000,4307156992
2026-08-06T14:17:30.2527-05:00,historyserver,historyserver-demo-67d55cff85-p2zn7,historyserver,2026-08-06T19:17:11Z,459688455000,4307156992
2026-08-06T14:17:31.252648-05:00,historyserver,historyserver-demo-67d55cff85-p2zn7,historyserver,2026-08-06T19:17:30Z,469554122000,4307161088
2026-08-06T14:17:32.252697-05:00,historyserver,historyserver-demo-67d55cff85-p2zn7,historyserver,2026-08-06T19:17:30Z,469554122000,4307161088
2026-08-06T14:17:33.252772-05:00,historyserver,historyserver-demo-67d55cff85-p2zn7,historyserver,2026-08-06T19:17:30Z,469554122000,4307161088
2026-08-06T14:17:34.251983-05:00,historyserver,historyserver-demo-67d55cff85-p2zn7,historyserver,2026-08-06T19:17:30Z,469554122000,4307161088
2026-08-06T14:17:35.252811-05:00,historyserver,historyserver-demo-67d55cff85-p2zn7,historyserver,2026-08-06T19:17:30Z,469554122000,4307161088
2026-08-06T14:17:36.252835-05:00,historyserver,historyserver-demo-67d55cff85-p2zn7,historyserver,2026-08-06T19:17:30Z,469554122000,4307161088
2026-08-06T14:17:37.252551-05:00,historyserver,historyserver-demo-67d55cff85-p2zn7,historyserver,2026-08-06T19:17:30Z,469554122000,4307161088
2026-08-06T14:17:38.253311-05:00,historyserver,historyserver-demo-67d55cff85-p2zn7,historyserver,2026-08-06T19:17:30Z,469554122000,4307161088
2026-08-06T14:17:39.252795-05:00,historyserver,historyserver-demo-67d55cff85-p2zn7,historyserver,2026-08-06T19:17:30Z,469554122000,4307161088
2026-08-06T14:17:40.252771-05:00,historyserver,historyserver-demo-67d55cff85-p2zn7,historyserver,2026-08-06T19:17:30Z,469554122000,4307161088
2026-08-06T14:17:41.252295-05:00,historyserver,historyserver-demo-67d55cff85-p2zn7,historyserver,2026-08-06T19:17:30Z,469554122000,4307161088
2026-08-06T14:17:42.252341-05:00,historyserver,historyserver-demo-67d55cff85-p2zn7,historyserver,2026-08-06T19:17:30Z,469554122000,4307161088
2026-08-06T14:17:43.252883-05:00,historyserver,historyserver-demo-67d55cff85-p2zn7,historyserver,2026-08-06T19:17:30Z,469554122000,4307161088
2026-08-06T14:17:44.252305-05:00,historyserver,historyserver-demo-67d55cff85-p2zn7,historyserver,2026-08-06T19:17:43Z,475729601000,4056662016
2026-08-06T14:17:45.252264-05:00,historyserver,historyserver-demo-67d55cff85-p2zn7,historyserver,2026-08-06T19:17:43Z,475729601000,4056662016
2026-08-06T14:17:46.253111-05:00,historyserver,historyserver-demo-67d55cff85-p2zn7,historyserver,2026-08-06T19:17:43Z,475729601000,4056662016
2026-08-06T14:17:47.252316-05:00,historyserver,historyserver-demo-67d55cff85-p2zn7,historyserver,2026-08-06T19:17:43Z,475729601000,4056662016
2026-08-06T14:17:48.252903-05:00,historyserver,historyserver-demo-67d55cff85-p2zn7,historyserver,2026-08-06T19:17:43Z,475729601000,4056662016
2026-08-06T14:17:49.252891-05:00,historyserver,historyserver-demo-67d55cff85-p2zn7,historyserver,2026-08-06T19:17:43Z,475729601000,4056662016
2026-08-06T14:17:50.252684-05:00,historyserver,historyserver-demo-67d55cff85-p2zn7,historyserver,2026-08-06T19:17:43Z,475729601000,4056662016
2026-08-06T14:17:51.252929-05:00,historyserver,historyserver-demo-67d55cff85-p2zn7,historyserver,2026-08-06T19:17:43Z,475729601000,4056662016
2026-08-06T14:17:52.252913-05:00,historyserver,historyserver-demo-67d55cff85-p2zn7,historyserver,2026-08-06T19:17:43Z,475729601000,4056662016
2026-08-06T14:17:53.251936-05:00,historyserver,historyserver-demo-67d55cff85-p2zn7,historyserver,2026-08-06T19:17:43Z,475729601000,4056662016
2026-08-06T14:17:54.252881-05:00,historyserver,historyserver-demo-67d55cff85-p2zn7,historyserver,2026-08-06T19:17:43Z,475729601000,4056662016
2026-08-06T14:17:55.251888-05:00,historyserver,historyserver-demo-67d55cff85-p2zn7,historyserver,2026-08-06T19:17:43Z,475729601000,4056662016
2026-08-06T14:17:56.252896-05:00,historyserver,historyserver-demo-67d55cff85-p2zn7,historyserver,2026-08-06T19:17:43Z,475729601000,4056662016
2026-08-06T14:17:57.252765-05:00,historyserver,historyserver-demo-67d55cff85-p2zn7,historyserver,2026-08-06T19:17:43Z,475729601000,4056662016
2026-08-06T14:17:58.252492-05:00,historyserver,historyserver-demo-67d55cff85-p2zn7,historyserver,2026-08-06T19:17:43Z,475729601000,4056662016
2026-08-06T14:17:59.252914-05:00,historyserver,historyserver-demo-67d55cff85-p2zn7,historyserver,2026-08-06T19:17:43Z,475729601000,4056662016
2026-08-06T14:18:00.252916-05:00,historyserver,historyserver-demo-67d55cff85-p2zn7,historyserver,2026-08-06T19:17:43Z,475729601000,4056662016
2026-08-06T14:18:01.252914-05:00,historyserver,historyserver-demo-67d55cff85-p2zn7,historyserver,2026-08-06T19:18:00Z,484281389000,4059009024
2026-08-06T14:18:02.252926-05:00,historyserver,historyserver-demo-67d55cff85-p2zn7,historyserver,2026-08-06T19:18:00Z,484281389000,4059009024
2026-08-06T14:18:03.252401-05:00,historyserver,historyserver-demo-67d55cff85-p2zn7,historyserver,2026-08-06T19:18:00Z,484281389000,4059009024
2026-08-06T14:18:04.252567-05:00,historyserver,historyserver-demo-67d55cff85-p2zn7,historyserver,2026-08-06T19:18:00Z,484281389000,4059009024
2026-08-06T14:18:05.252942-05:00,historyserver,historyserver-demo-67d55cff85-p2zn7,historyserver,2026-08-06T19:18:00Z,484281389000,4059009024
2026-08-06T14:18:06.252825-05:00,historyserver,historyserver-demo-67d55cff85-p2zn7,historyserver,2026-08-06T19:18:00Z,484281389000,4059009024
2026-08-06T14:18:07.252551-05:00,historyserver,historyserver-demo-67d55cff85-p2zn7,historyserver,2026-08-06T19:18:00Z,484281389000,4059009024
2026-08-06T14:18:08.252951-05:00,historyserver,historyserver-demo-67d55cff85-p2zn7,historyserver,2026-08-06T19:18:00Z,484281389000,4059009024
2026-08-06T14:18:09.252971-05:00,historyserver,historyserver-demo-67d55cff85-p2zn7,historyserver,2026-08-06T19:18:00Z,484281389000,4059009024
2026-08-06T14:18:10.252702-05:00,historyserver,historyserver-demo-67d55cff85-p2zn7,historyserver,2026-08-06T19:18:00Z,484281389000,4059009024
2026-08-06T14:18:11.253023-05:00,historyserver,historyserver-demo-67d55cff85-p2zn7,historyserver,2026-08-06T19:18:00Z,484281389000,4059009024
2026-08-06T14:18:12.252647-05:00,historyserver,historyserver-demo-67d55cff85-p2zn7,historyserver,2026-08-06T19:18:00Z,484281389000,4059009024
2026-08-06T14:18:13.252996-05:00,historyserver,historyserver-demo-67d55cff85-p2zn7,historyserver,2026-08-06T19:18:00Z,484281389000,4059009024
2026-08-06T14:18:14.252998-05:00,historyserver,historyserver-demo-67d55cff85-p2zn7,historyserver,2026-08-06T19:18:00Z,484281389000,4059009024
2026-08-06T14:18:15.252721-05:00,historyserver,historyserver-demo-67d55cff85-p2zn7,historyserver,2026-08-06T19:18:00Z,484281389000,4059009024
2026-08-06T14:18:16.252329-05:00,historyserver,historyserver-demo-67d55cff85-p2zn7,historyserver,2026-08-06T19:18:00Z,484281389000,4059009024
2026-08-06T14:18:17.253296-05:00,historyserver,historyserver-demo-67d55cff85-p2zn7,historyserver,2026-08-06T19:18:00Z,484281389000,4059009024
2026-08-06T14:18:18.252979-05:00,historyserver,historyserver-demo-67d55cff85-p2zn7,historyserver,2026-08-06T19:18:00Z,484281389000,4059009024
2026-08-06T14:18:19.252606-05:00,historyserver,historyserver-demo-67d55cff85-p2zn7,historyserver,2026-08-06T19:18:00Z,484281389000,4059009024
2026-08-06T14:18:20.25223-05:00,historyserver,historyserver-demo-67d55cff85-p2zn7,historyserver,2026-08-06T19:18:19Z,493729113000,4059017216
2026-08-06T14:18:21.252103-05:00,historyserver,historyserver-demo-67d55cff85-p2zn7,historyserver,2026-08-06T19:18:19Z,493729113000,4059017216
2026-08-06T14:18:22.253051-05:00,historyserver,historyserver-demo-67d55cff85-p2zn7,historyserver,2026-08-06T19:18:19Z,493729113000,4059017216
2026-08-06T14:18:23.252342-05:00,historyserver,historyserver-demo-67d55cff85-p2zn7,historyserver,2026-08-06T19:18:19Z,493729113000,4059017216
2026-08-06T14:18:24.252901-05:00,historyserver,historyserver-demo-67d55cff85-p2zn7,historyserver,2026-08-06T19:18:19Z,493729113000,4059017216
2026-08-06T14:18:25.252823-05:00,historyserver,historyserver-demo-67d55cff85-p2zn7,historyserver,2026-08-06T19:18:19Z,493729113000,4059017216
2026-08-06T14:18:26.252368-05:00,historyserver,historyserver-demo-67d55cff85-p2zn7,historyserver,2026-08-06T19:18:19Z,493729113000,4059017216
2026-08-06T14:18:27.252463-05:00,historyserver,historyserver-demo-67d55cff85-p2zn7,historyserver,2026-08-06T19:18:19Z,493729113000,4059017216
2026-08-06T14:18:28.253062-05:00,historyserver,historyserver-demo-67d55cff85-p2zn7,historyserver,2026-08-06T19:18:19Z,493729113000,4059017216
2026-08-06T14:18:29.252282-05:00,historyserver,historyserver-demo-67d55cff85-p2zn7,historyserver,2026-08-06T19:18:19Z,493729113000,4059017216
2026-08-06T14:18:30.252411-05:00,historyserver,historyserver-demo-67d55cff85-p2zn7,historyserver,2026-08-06T19:18:19Z,493729113000,4059017216
2026-08-06T14:18:31.253064-05:00,historyserver,historyserver-demo-67d55cff85-p2zn7,historyserver,2026-08-06T19:18:19Z,493729113000,4059017216
2026-08-06T14:18:32.253002-05:00,historyserver,historyserver-demo-67d55cff85-p2zn7,historyserver,2026-08-06T19:18:19Z,493729113000,4059017216
2026-08-06T14:18:33.252147-05:00,historyserver,historyserver-demo-67d55cff85-p2zn7,historyserver,2026-08-06T19:18:19Z,493729113000,4059017216
2026-08-06T14:18:34.2532-05:00,historyserver,historyserver-demo-67d55cff85-p2zn7,historyserver,2026-08-06T19:18:19Z,493729113000,4059017216
2026-08-06T14:18:35.252343-05:00,historyserver,historyserver-demo-67d55cff85-p2zn7,historyserver,2026-08-06T19:18:34Z,501431742000,4059013120
2026-08-06T14:18:36.25281-05:00,historyserver,historyserver-demo-67d55cff85-p2zn7,historyserver,2026-08-06T19:18:34Z,501431742000,4059013120
2026-08-06T14:18:37.252865-05:00,historyserver,historyserver-demo-67d55cff85-p2zn7,historyserver,2026-08-06T19:18:34Z,501431742000,4059013120
2026-08-06T14:18:38.253104-05:00,historyserver,historyserver-demo-67d55cff85-p2zn7,historyserver,2026-08-06T19:18:34Z,501431742000,4059013120
2026-08-06T14:18:39.25481-05:00,historyserver,historyserver-demo-67d55cff85-p2zn7,historyserver,2026-08-06T19:18:34Z,501431742000,4059013120
2026-08-06T14:18:40.253132-05:00,historyserver,historyserver-demo-67d55cff85-p2zn7,historyserver,2026-08-06T19:18:34Z,501431742000,4059013120
2026-08-06T14:18:41.253084-05:00,historyserver,historyserver-demo-67d55cff85-p2zn7,historyserver,2026-08-06T19:18:34Z,501431742000,4059013120
2026-08-06T14:18:42.253015-05:00,historyserver,historyserver-demo-67d55cff85-p2zn7,historyserver,2026-08-06T19:18:34Z,501431742000,4059013120
2026-08-06T14:18:43.253122-05:00,historyserver,historyserver-demo-67d55cff85-p2zn7,historyserver,2026-08-06T19:18:34Z,501431742000,4059013120
2026-08-06T14:18:44.253123-05:00,historyserver,historyserver-demo-67d55cff85-p2zn7,historyserver,2026-08-06T19:18:34Z,501431742000,4059013120
2026-08-06T14:18:45.252243-05:00,historyserver,historyserver-demo-67d55cff85-p2zn7,historyserver,2026-08-06T19:18:34Z,501431742000,4059013120
2026-08-06T14:18:46.253202-05:00,historyserver,historyserver-demo-67d55cff85-p2zn7,historyserver,2026-08-06T19:18:34Z,501431742000,4059013120
2026-08-06T14:18:47.253289-05:00,historyserver,historyserver-demo-67d55cff85-p2zn7,historyserver,2026-08-06T19:18:46Z,507392149000,4059009024
2026-08-06T14:18:48.252883-05:00,historyserver,historyserver-demo-67d55cff85-p2zn7,historyserver,2026-08-06T19:18:46Z,507392149000,4059009024
2026-08-06T14:18:49.253389-05:00,historyserver,historyserver-demo-67d55cff85-p2zn7,historyserver,2026-08-06T19:18:46Z,507392149000,4059009024
2026-08-06T14:18:50.253274-05:00,historyserver,historyserver-demo-67d55cff85-p2zn7,historyserver,2026-08-06T19:18:46Z,507392149000,4059009024
2026-08-06T14:18:51.253173-05:00,historyserver,historyserver-demo-67d55cff85-p2zn7,historyserver,2026-08-06T19:18:46Z,507392149000,4059009024
2026-08-06T14:18:52.253204-05:00,historyserver,historyserver-demo-67d55cff85-p2zn7,historyserver,2026-08-06T19:18:46Z,507392149000,4059009024
2026-08-06T14:18:53.253193-05:00,historyserver,historyserver-demo-67d55cff85-p2zn7,historyserver,2026-08-06T19:18:46Z,507392149000,4059009024
2026-08-06T14:18:54.253128-05:00,historyserver,historyserver-demo-67d55cff85-p2zn7,historyserver,2026-08-06T19:18:46Z,507392149000,4059009024
2026-08-06T14:18:55.253533-05:00,historyserver,historyserver-demo-67d55cff85-p2zn7,historyserver,2026-08-06T19:18:46Z,507392149000,4059009024
2026-08-06T14:18:56.253631-05:00,historyserver,historyserver-demo-67d55cff85-p2zn7,historyserver,2026-08-06T19:18:46Z,507392149000,4059009024
2026-08-06T14:18:57.253274-05:00,historyserver,historyserver-demo-67d55cff85-p2zn7,historyserver,2026-08-06T19:18:46Z,507392149000,4059009024
2026-08-06T14:18:58.254809-05:00,historyserver,historyserver-demo-67d55cff85-p2zn7,historyserver,2026-08-06T19:18:46Z,507392149000,4059009024
2026-08-06T14:18:59.253149-05:00,historyserver,historyserver-demo-67d55cff85-p2zn7,historyserver,2026-08-06T19:18:46Z,507392149000,4059009024
2026-08-06T14:19:00.252618-05:00,historyserver,historyserver-demo-67d55cff85-p2zn7,historyserver,2026-08-06T19:18:46Z,507392149000,4059009024
2026-08-06T14:19:01.25249-05:00,historyserver,historyserver-demo-67d55cff85-p2zn7,historyserver,2026-08-06T19:18:46Z,507392149000,4059009024
2026-08-06T14:19:02.25327-05:00,historyserver,historyserver-demo-67d55cff85-p2zn7,historyserver,2026-08-06T19:18:46Z,507392149000,4059009024
2026-08-06T14:19:03.253343-05:00,historyserver,historyserver-demo-67d55cff85-p2zn7,historyserver,2026-08-06T19:18:46Z,507392149000,4059009024
2026-08-06T14:19:04.253218-05:00,historyserver,historyserver-demo-67d55cff85-p2zn7,historyserver,2026-08-06T19:18:46Z,507392149000,4059009024
2026-08-06T14:19:05.253225-05:00,historyserver,historyserver-demo-67d55cff85-p2zn7,historyserver,2026-08-06T19:19:04Z,516406075000,4059009024
2026-08-06T14:19:06.253227-05:00,historyserver,historyserver-demo-67d55cff85-p2zn7,historyserver,2026-08-06T19:19:04Z,516406075000,4059009024
2026-08-06T14:19:07.25325-05:00,historyserver,historyserver-demo-67d55cff85-p2zn7,historyserver,2026-08-06T19:19:04Z,516406075000,4059009024
2026-08-06T14:19:08.252666-05:00,historyserver,historyserver-demo-67d55cff85-p2zn7,historyserver,2026-08-06T19:19:04Z,516406075000,4059009024
2026-08-06T14:19:09.253099-05:00,historyserver,historyserver-demo-67d55cff85-p2zn7,historyserver,2026-08-06T19:19:04Z,516406075000,4059009024
2026-08-06T14:19:10.253246-05:00,historyserver,historyserver-demo-67d55cff85-p2zn7,historyserver,2026-08-06T19:19:04Z,516406075000,4059009024
2026-08-06T14:19:11.252313-05:00,historyserver,historyserver-demo-67d55cff85-p2zn7,historyserver,2026-08-06T19:19:04Z,516406075000,4059009024
2026-08-06T14:19:12.25299-05:00,historyserver,historyserver-demo-67d55cff85-p2zn7,historyserver,2026-08-06T19:19:04Z,516406075000,4059009024
2026-08-06T14:19:13.252379-05:00,historyserver,historyserver-demo-67d55cff85-p2zn7,historyserver,2026-08-06T19:19:04Z,516406075000,4059009024
2026-08-06T14:19:14.252727-05:00,historyserver,historyserver-demo-67d55cff85-p2zn7,historyserver,2026-08-06T19:19:04Z,516406075000,4059009024
2026-08-06T14:19:15.253282-05:00,historyserver,historyserver-demo-67d55cff85-p2zn7,historyserver,2026-08-06T19:19:04Z,516406075000,4059009024
2026-08-06T14:19:16.253309-05:00,historyserver,historyserver-demo-67d55cff85-p2zn7,historyserver,2026-08-06T19:19:04Z,516406075000,4059009024
2026-08-06T14:19:17.253282-05:00,historyserver,historyserver-demo-67d55cff85-p2zn7,historyserver,2026-08-06T19:19:04Z,516406075000,4059009024
2026-08-06T14:19:18.253294-05:00,historyserver,historyserver-demo-67d55cff85-p2zn7,historyserver,2026-08-06T19:19:17Z,519000946000,4059004928
2026-08-06T14:19:19.253294-05:00,historyserver,historyserver-demo-67d55cff85-p2zn7,historyserver,2026-08-06T19:19:17Z,519000946000,4059004928
2026-08-06T14:19:20.252962-05:00,historyserver,historyserver-demo-67d55cff85-p2zn7,historyserver,2026-08-06T19:19:17Z,519000946000,4059004928
2026-08-06T14:19:21.252575-05:00,historyserver,historyserver-demo-67d55cff85-p2zn7,historyserver,2026-08-06T19:19:17Z,519000946000,4059004928
2026-08-06T14:19:22.252364-05:00,historyserver,historyserver-demo-67d55cff85-p2zn7,historyserver,2026-08-06T19:19:17Z,519000946000,4059004928
2026-08-06T14:19:23.253388-05:00,historyserver,historyserver-demo-67d55cff85-p2zn7,historyserver,2026-08-06T19:19:17Z,519000946000,4059004928
2026-08-06T14:19:24.253318-05:00,historyserver,historyserver-demo-67d55cff85-p2zn7,historyserver,2026-08-06T19:19:17Z,519000946000,4059004928
2026-08-06T14:19:25.253356-05:00,historyserver,historyserver-demo-67d55cff85-p2zn7,historyserver,2026-08-06T19:19:17Z,519000946000,4059004928
2026-08-06T14:19:26.253357-05:00,historyserver,historyserver-demo-67d55cff85-p2zn7,historyserver,2026-08-06T19:19:17Z,519000946000,4059004928
2026-08-06T14:19:27.252616-05:00,historyserver,historyserver-demo-67d55cff85-p2zn7,historyserver,2026-08-06T19:19:17Z,519000946000,4059004928
2026-08-06T14:19:28.253643-05:00,historyserver,historyserver-demo-67d55cff85-p2zn7,historyserver,2026-08-06T19:19:17Z,519000946000,4059004928
2026-08-06T14:19:29.252576-05:00,historyserver,historyserver-demo-67d55cff85-p2zn7,historyserver,2026-08-06T19:19:29Z,524493257000,4062445568
2026-08-06T14:19:30.253359-05:00,historyserver,historyserver-demo-67d55cff85-p2zn7,historyserver,2026-08-06T19:19:29Z,524493257000,4062445568
2026-08-06T14:19:31.253384-05:00,historyserver,historyserver-demo-67d55cff85-p2zn7,historyserver,2026-08-06T19:19:29Z,524493257000,4062445568
2026-08-06T14:19:32.253364-05:00,historyserver,historyserver-demo-67d55cff85-p2zn7,historyserver,2026-08-06T19:19:29Z,524493257000,4062445568
2026-08-06T14:19:33.253384-05:00,historyserver,historyserver-demo-67d55cff85-p2zn7,historyserver,2026-08-06T19:19:29Z,524493257000,4062445568
2026-08-06T14:19:34.253397-05:00,historyserver,historyserver-demo-67d55cff85-p2zn7,historyserver,2026-08-06T19:19:29Z,524493257000,4062445568
2026-08-06T14:19:35.252681-05:00,historyserver,historyserver-demo-67d55cff85-p2zn7,historyserver,2026-08-06T19:19:29Z,524493257000,4062445568
2026-08-06T14:19:36.2525-05:00,historyserver,historyserver-demo-67d55cff85-p2zn7,historyserver,2026-08-06T19:19:29Z,524493257000,4062445568
2026-08-06T14:19:37.25325-05:00,historyserver,historyserver-demo-67d55cff85-p2zn7,historyserver,2026-08-06T19:19:29Z,524493257000,4062445568
2026-08-06T14:19:38.252819-05:00,historyserver,historyserver-demo-67d55cff85-p2zn7,historyserver,2026-08-06T19:19:29Z,524493257000,4062445568
2026-08-06T14:19:39.25339-05:00,historyserver,historyserver-demo-67d55cff85-p2zn7,historyserver,2026-08-06T19:19:29Z,524493257000,4062445568
2026-08-06T14:19:40.252817-05:00,historyserver,historyserver-demo-67d55cff85-p2zn7,historyserver,2026-08-06T19:19:29Z,524493257000,4062445568
2026-08-06T14:19:41.253465-05:00,historyserver,historyserver-demo-67d55cff85-p2zn7,historyserver,2026-08-06T19:19:29Z,524493257000,4062445568
2026-08-06T14:19:42.252991-05:00,historyserver,historyserver-demo-67d55cff85-p2zn7,historyserver,2026-08-06T19:19:29Z,524493257000,4062445568
2026-08-06T14:19:43.253303-05:00,historyserver,historyserver-demo-67d55cff85-p2zn7,historyserver,2026-08-06T19:19:29Z,524493257000,4062445568
2026-08-06T14:19:44.253266-05:00,historyserver,historyserver-demo-67d55cff85-p2zn7,historyserver,2026-08-06T19:19:29Z,524493257000,4062445568
2026-08-06T14:19:45.253501-05:00,historyserver,historyserver-demo-67d55cff85-p2zn7,historyserver,2026-08-06T19:19:29Z,524493257000,4062445568
2026-08-06T14:19:46.252458-05:00,historyserver,historyserver-demo-67d55cff85-p2zn7,historyserver,2026-08-06T19:19:29Z,524493257000,4062445568
2026-08-06T14:19:47.252497-05:00,historyserver,historyserver-demo-67d55cff85-p2zn7,historyserver,2026-08-06T19:19:29Z,524493257000,4062445568
2026-08-06T14:19:48.253448-05:00,historyserver,historyserver-demo-67d55cff85-p2zn7,historyserver,2026-08-06T19:19:29Z,524493257000,4062445568
2026-08-06T14:19:49.252934-05:00,historyserver,historyserver-demo-67d55cff85-p2zn7,historyserver,2026-08-06T19:19:48Z,534133533000,4062183424
2026-08-06T14:19:50.253483-05:00,historyserver,historyserver-demo-67d55cff85-p2zn7,historyserver,2026-08-06T19:19:48Z,534133533000,4062183424
2026-08-06T14:19:51.253444-05:00,historyserver,historyserver-demo-67d55cff85-p2zn7,historyserver,2026-08-06T19:19:48Z,534133533000,4062183424
2026-08-06T14:19:52.253006-05:00,historyserver,historyserver-demo-67d55cff85-p2zn7,historyserver,2026-08-06T19:19:48Z,534133533000,4062183424
2026-08-06T14:19:53.253388-05:00,historyserver,historyserver-demo-67d55cff85-p2zn7,historyserver,2026-08-06T19:19:48Z,534133533000,4062183424
2026-08-06T14:19:54.253925-05:00,historyserver,historyserver-demo-67d55cff85-p2zn7,historyserver,2026-08-06T19:19:48Z,534133533000,4062183424
2026-08-06T14:19:55.252976-05:00,historyserver,historyserver-demo-67d55cff85-p2zn7,historyserver,2026-08-06T19:19:48Z,534133533000,4062183424
2026-08-06T14:19:56.253603-05:00,historyserver,historyserver-demo-67d55cff85-p2zn7,historyserver,2026-08-06T19:19:48Z,534133533000,4062183424
2026-08-06T14:19:57.253532-05:00,historyserver,historyserver-demo-67d55cff85-p2zn7,historyserver,2026-08-06T19:19:48Z,534133533000,4062183424
2026-08-06T14:19:58.253516-05:00,historyserver,historyserver-demo-67d55cff85-p2zn7,historyserver,2026-08-06T19:19:48Z,534133533000,4062183424
2026-08-06T14:19:59.253169-05:00,historyserver,historyserver-demo-67d55cff85-p2zn7,historyserver,2026-08-06T19:19:48Z,534133533000,4062183424
2026-08-06T14:20:00.252769-05:00,historyserver,historyserver-demo-67d55cff85-p2zn7,historyserver,2026-08-06T19:19:59Z,539536904000,4062441472
2026-08-06T14:20:01.253529-05:00,historyserver,historyserver-demo-67d55cff85-p2zn7,historyserver,2026-08-06T19:19:59Z,539536904000,4062441472
2026-08-06T14:20:02.252615-05:00,historyserver,historyserver-demo-67d55cff85-p2zn7,historyserver,2026-08-06T19:19:59Z,539536904000,4062441472
2026-08-06T14:20:03.25349-05:00,historyserver,historyserver-demo-67d55cff85-p2zn7,historyserver,2026-08-06T19:19:59Z,539536904000,4062441472
2026-08-06T14:20:04.252942-05:00,historyserver,historyserver-demo-67d55cff85-p2zn7,historyserver,2026-08-06T19:19:59Z,539536904000,4062441472
2026-08-06T14:20:05.253569-05:00,historyserver,historyserver-demo-67d55cff85-p2zn7,historyserver,2026-08-06T19:19:59Z,539536904000,4062441472
2026-08-06T14:20:06.253663-05:00,historyserver,historyserver-demo-67d55cff85-p2zn7,historyserver,2026-08-06T19:19:59Z,539536904000,4062441472
2026-08-06T14:20:07.253484-05:00,historyserver,historyserver-demo-67d55cff85-p2zn7,historyserver,2026-08-06T19:19:59Z,539536904000,4062441472
2026-08-06T14:20:08.25344-05:00,historyserver,historyserver-demo-67d55cff85-p2zn7,historyserver,2026-08-06T19:19:59Z,539536904000,4062441472
2026-08-06T14:20:09.253538-05:00,historyserver,historyserver-demo-67d55cff85-p2zn7,historyserver,2026-08-06T19:19:59Z,539536904000,4062441472
2026-08-06T14:20:10.252711-05:00,historyserver,historyserver-demo-67d55cff85-p2zn7,historyserver,2026-08-06T19:19:59Z,539536904000,4062441472
2026-08-06T14:20:11.253547-05:00,historyserver,historyserver-demo-67d55cff85-p2zn7,historyserver,2026-08-06T19:19:59Z,539536904000,4062441472
2026-08-06T14:20:12.253102-05:00,historyserver,historyserver-demo-67d55cff85-p2zn7,historyserver,2026-08-06T19:19:59Z,539536904000,4062441472
2026-08-06T14:20:13.253438-05:00,historyserver,historyserver-demo-67d55cff85-p2zn7,historyserver,2026-08-06T19:19:59Z,539536904000,4062441472
2026-08-06T14:20:14.253548-05:00,historyserver,historyserver-demo-67d55cff85-p2zn7,historyserver,2026-08-06T19:19:59Z,539536904000,4062441472
2026-08-06T14:20:15.253565-05:00,historyserver,historyserver-demo-67d55cff85-p2zn7,historyserver,2026-08-06T19:19:59Z,539536904000,4062441472
2026-08-06T14:20:16.252613-05:00,historyserver,historyserver-demo-67d55cff85-p2zn7,historyserver,2026-08-06T19:19:59Z,539536904000,4062441472
2026-08-06T14:20:17.253403-05:00,historyserver,historyserver-demo-67d55cff85-p2zn7,historyserver,2026-08-06T19:19:59Z,539536904000,4062441472
2026-08-06T14:20:18.25305-05:00,historyserver,historyserver-demo-67d55cff85-p2zn7,historyserver,2026-08-06T19:20:17Z,548574616000,3803127808
2026-08-06T14:20:19.25358-05:00,historyserver,historyserver-demo-67d55cff85-p2zn7,historyserver,2026-08-06T19:20:17Z,548574616000,3803127808
2026-08-06T14:20:20.253319-05:00,historyserver,historyserver-demo-67d55cff85-p2zn7,historyserver,2026-08-06T19:20:17Z,548574616000,3803127808
2026-08-06T14:20:21.25322-05:00,historyserver,historyserver-demo-67d55cff85-p2zn7,historyserver,2026-08-06T19:20:17Z,548574616000,3803127808
2026-08-06T14:20:22.252828-05:00,historyserver,historyserver-demo-67d55cff85-p2zn7,historyserver,2026-08-06T19:20:17Z,548574616000,3803127808
2026-08-06T14:20:23.253295-05:00,historyserver,historyserver-demo-67d55cff85-p2zn7,historyserver,2026-08-06T19:20:17Z,548574616000,3803127808
2026-08-06T14:20:24.25379-05:00,historyserver,historyserver-demo-67d55cff85-p2zn7,historyserver,2026-08-06T19:20:17Z,548574616000,3803127808
2026-08-06T14:20:25.252869-05:00,historyserver,historyserver-demo-67d55cff85-p2zn7,historyserver,2026-08-06T19:20:17Z,548574616000,3803127808
2026-08-06T14:20:26.253479-05:00,historyserver,historyserver-demo-67d55cff85-p2zn7,historyserver,2026-08-06T19:20:17Z,548574616000,3803127808
2026-08-06T14:20:27.252699-05:00,historyserver,historyserver-demo-67d55cff85-p2zn7,historyserver,2026-08-06T19:20:17Z,548574616000,3803127808
2026-08-06T14:20:28.252817-05:00,historyserver,historyserver-demo-67d55cff85-p2zn7,historyserver,2026-08-06T19:20:17Z,548574616000,3803127808
2026-08-06T14:20:29.253245-05:00,historyserver,historyserver-demo-67d55cff85-p2zn7,historyserver,2026-08-06T19:20:17Z,548574616000,3803127808
2026-08-06T14:20:30.253556-05:00,historyserver,historyserver-demo-67d55cff85-p2zn7,historyserver,2026-08-06T19:20:17Z,548574616000,3803127808
2026-08-06T14:20:31.253684-05:00,historyserver,historyserver-demo-67d55cff85-p2zn7,historyserver,2026-08-06T19:20:17Z,548574616000,3803127808
2026-08-06T14:20:32.253672-05:00,historyserver,historyserver-demo-67d55cff85-p2zn7,historyserver,2026-08-06T19:20:17Z,548574616000,3803127808
2026-08-06T14:20:33.253534-05:00,historyserver,historyserver-demo-67d55cff85-p2zn7,historyserver,2026-08-06T19:20:33Z,556499491000,3633876992
2026-08-06T14:20:34.253699-05:00,historyserver,historyserver-demo-67d55cff85-p2zn7,historyserver,2026-08-06T19:20:33Z,556499491000,3633876992
2026-08-06T14:20:35.253689-05:00,historyserver,historyserver-demo-67d55cff85-p2zn7,historyserver,2026-08-06T19:20:33Z,556499491000,3633876992
2026-08-06T14:20:36.253133-05:00,historyserver,historyserver-demo-67d55cff85-p2zn7,historyserver,2026-08-06T19:20:33Z,556499491000,3633876992
2026-08-06T14:20:37.253285-05:00,historyserver,historyserver-demo-67d55cff85-p2zn7,historyserver,2026-08-06T19:20:33Z,556499491000,3633876992
2026-08-06T14:20:38.253096-05:00,historyserver,historyserver-demo-67d55cff85-p2zn7,historyserver,2026-08-06T19:20:33Z,556499491000,3633876992
2026-08-06T14:20:39.253676-05:00,historyserver,historyserver-demo-67d55cff85-p2zn7,historyserver,2026-08-06T19:20:33Z,556499491000,3633876992
2026-08-06T14:20:40.253612-05:00,historyserver,historyserver-demo-67d55cff85-p2zn7,historyserver,2026-08-06T19:20:33Z,556499491000,3633876992
2026-08-06T14:20:41.253687-05:00,historyserver,historyserver-demo-67d55cff85-p2zn7,historyserver,2026-08-06T19:20:33Z,556499491000,3633876992
2026-08-06T14:20:42.253151-05:00,historyserver,historyserver-demo-67d55cff85-p2zn7,historyserver,2026-08-06T19:20:33Z,556499491000,3633876992
2026-08-06T14:20:43.253734-05:00,historyserver,historyserver-demo-67d55cff85-p2zn7,historyserver,2026-08-06T19:20:33Z,556499491000,3633876992
2026-08-06T14:20:44.253739-05:00,historyserver,historyserver-demo-67d55cff85-p2zn7,historyserver,2026-08-06T19:20:33Z,556499491000,3633876992
2026-08-06T14:20:45.253735-05:00,historyserver,historyserver-demo-67d55cff85-p2zn7,historyserver,2026-08-06T19:20:44Z,562049462000,3633876992
2026-08-06T14:20:46.253748-05:00,historyserver,historyserver-demo-67d55cff85-p2zn7,historyserver,2026-08-06T19:20:44Z,562049462000,3633876992
2026-08-06T14:20:47.253734-05:00,historyserver,historyserver-demo-67d55cff85-p2zn7,historyserver,2026-08-06T19:20:44Z,562049462000,3633876992
2026-08-06T14:20:48.253789-05:00,historyserver,historyserver-demo-67d55cff85-p2zn7,historyserver,2026-08-06T19:20:44Z,562049462000,3633876992
2026-08-06T14:20:49.253143-05:00,historyserver,historyserver-demo-67d55cff85-p2zn7,historyserver,2026-08-06T19:20:44Z,562049462000,3633876992
2026-08-06T14:20:50.253093-05:00,historyserver,historyserver-demo-67d55cff85-p2zn7,historyserver,2026-08-06T19:20:44Z,562049462000,3633876992
2026-08-06T14:20:51.252944-05:00,historyserver,historyserver-demo-67d55cff85-p2zn7,historyserver,2026-08-06T19:20:44Z,562049462000,3633876992
2026-08-06T14:20:52.253755-05:00,historyserver,historyserver-demo-67d55cff85-p2zn7,historyserver,2026-08-06T19:20:44Z,562049462000,3633876992
2026-08-06T14:20:53.252999-05:00,historyserver,historyserver-demo-67d55cff85-p2zn7,historyserver,2026-08-06T19:20:44Z,562049462000,3633876992
2026-08-06T14:20:54.253171-05:00,historyserver,historyserver-demo-67d55cff85-p2zn7,historyserver,2026-08-06T19:20:44Z,562049462000,3633876992
2026-08-06T14:20:55.253801-05:00,historyserver,historyserver-demo-67d55cff85-p2zn7,historyserver,2026-08-06T19:20:44Z,562049462000,3633876992
2026-08-06T14:20:56.253798-05:00,historyserver,historyserver-demo-67d55cff85-p2zn7,historyserver,2026-08-06T19:20:44Z,562049462000,3633876992
2026-08-06T14:20:57.252861-05:00,historyserver,historyserver-demo-67d55cff85-p2zn7,historyserver,2026-08-06T19:20:44Z,562049462000,3633876992
2026-08-06T14:20:58.253695-05:00,historyserver,historyserver-demo-67d55cff85-p2zn7,historyserver,2026-08-06T19:20:57Z,568749128000,3253870592
2026-08-06T14:20:59.253556-05:00,historyserver,historyserver-demo-67d55cff85-p2zn7,historyserver,2026-08-06T19:20:57Z,568749128000,3253870592
2026-08-06T14:21:00.253198-05:00,historyserver,historyserver-demo-67d55cff85-p2zn7,historyserver,2026-08-06T19:20:57Z,568749128000,3253870592
2026-08-06T14:21:01.253266-05:00,historyserver,historyserver-demo-67d55cff85-p2zn7,historyserver,2026-08-06T19:20:57Z,568749128000,3253870592
2026-08-06T14:21:02.254389-05:00,historyserver,historyserver-demo-67d55cff85-p2zn7,historyserver,2026-08-06T19:20:57Z,568749128000,3253870592
2026-08-06T14:21:03.253771-05:00,historyserver,historyserver-demo-67d55cff85-p2zn7,historyserver,2026-08-06T19:20:57Z,568749128000,3253870592
2026-08-06T14:21:04.253874-05:00,historyserver,historyserver-demo-67d55cff85-p2zn7,historyserver,2026-08-06T19:20:57Z,568749128000,3253870592
2026-08-06T14:21:05.253887-05:00,historyserver,historyserver-demo-67d55cff85-p2zn7,historyserver,2026-08-06T19:20:57Z,568749128000,3253870592
2026-08-06T14:21:06.253957-05:00,historyserver,historyserver-demo-67d55cff85-p2zn7,historyserver,2026-08-06T19:20:57Z,568749128000,3253870592
2026-08-06T14:21:07.253662-05:00,historyserver,historyserver-demo-67d55cff85-p2zn7,historyserver,2026-08-06T19:20:57Z,568749128000,3253870592
2026-08-06T14:21:08.253794-05:00,historyserver,historyserver-demo-67d55cff85-p2zn7,historyserver,2026-08-06T19:20:57Z,568749128000,3253870592
2026-08-06T14:21:09.253149-05:00,historyserver,historyserver-demo-67d55cff85-p2zn7,historyserver,2026-08-06T19:20:57Z,568749128000,3253870592
2026-08-06T14:21:10.253918-05:00,historyserver,historyserver-demo-67d55cff85-p2zn7,historyserver,2026-08-06T19:20:57Z,568749128000,3253870592
2026-08-06T14:21:11.25372-05:00,historyserver,historyserver-demo-67d55cff85-p2zn7,historyserver,2026-08-06T19:20:57Z,568749128000,3253870592
2026-08-06T14:21:12.253837-05:00,historyserver,historyserver-demo-67d55cff85-p2zn7,historyserver,2026-08-06T19:20:57Z,568749128000,3253870592
2026-08-06T14:21:13.253843-05:00,historyserver,historyserver-demo-67d55cff85-p2zn7,historyserver,2026-08-06T19:20:57Z,568749128000,3253870592
2026-08-06T14:21:14.253719-05:00,historyserver,historyserver-demo-67d55cff85-p2zn7,historyserver,2026-08-06T19:20:57Z,568749128000,3253870592
2026-08-06T14:21:15.25387-05:00,historyserver,historyserver-demo-67d55cff85-p2zn7,historyserver,2026-08-06T19:20:57Z,568749128000,3253870592
2026-08-06T14:21:16.253957-05:00,historyserver,historyserver-demo-67d55cff85-p2zn7,historyserver,2026-08-06T19:21:16Z,577948934000,2713333760
2026-08-06T14:21:17.253861-05:00,historyserver,historyserver-demo-67d55cff85-p2zn7,historyserver,2026-08-06T19:21:16Z,577948934000,2713333760
2026-08-06T14:21:18.253907-05:00,historyserver,historyserver-demo-67d55cff85-p2zn7,historyserver,2026-08-06T19:21:16Z,577948934000,2713333760
2026-08-06T14:21:19.253738-05:00,historyserver,historyserver-demo-67d55cff85-p2zn7,historyserver,2026-08-06T19:21:16Z,577948934000,2713333760
2026-08-06T14:21:20.253032-05:00,historyserver,historyserver-demo-67d55cff85-p2zn7,historyserver,2026-08-06T19:21:16Z,577948934000,2713333760
2026-08-06T14:21:21.253897-05:00,historyserver,historyserver-demo-67d55cff85-p2zn7,historyserver,2026-08-06T19:21:16Z,577948934000,2713333760
2026-08-06T14:21:22.253774-05:00,historyserver,historyserver-demo-67d55cff85-p2zn7,historyserver,2026-08-06T19:21:16Z,577948934000,2713333760
2026-08-06T14:21:23.2533-05:00,historyserver,historyserver-demo-67d55cff85-p2zn7,historyserver,2026-08-06T19:21:16Z,577948934000,2713333760
2026-08-06T14:21:24.253601-05:00,historyserver,historyserver-demo-67d55cff85-p2zn7,historyserver,2026-08-06T19:21:16Z,577948934000,2713333760
2026-08-06T14:21:25.25353-05:00,historyserver,historyserver-demo-67d55cff85-p2zn7,historyserver,2026-08-06T19:21:16Z,577948934000,2713333760
2026-08-06T14:21:26.254362-05:00,historyserver,historyserver-demo-67d55cff85-p2zn7,historyserver,2026-08-06T19:21:16Z,577948934000,2713333760
2026-08-06T14:21:27.254021-05:00,historyserver,historyserver-demo-67d55cff85-p2zn7,historyserver,2026-08-06T19:21:16Z,577948934000,2713333760
2026-08-06T14:21:28.253987-05:00,historyserver,historyserver-demo-67d55cff85-p2zn7,historyserver,2026-08-06T19:21:16Z,577948934000,2713333760
2026-08-06T14:21:29.253978-05:00,historyserver,historyserver-demo-67d55cff85-p2zn7,historyserver,2026-08-06T19:21:16Z,577948934000,2713333760
2026-08-06T14:21:30.253356-05:00,historyserver,historyserver-demo-67d55cff85-p2zn7,historyserver,2026-08-06T19:21:16Z,577948934000,2713333760
2026-08-06T14:21:31.253961-05:00,historyserver,historyserver-demo-67d55cff85-p2zn7,historyserver,2026-08-06T19:21:16Z,577948934000,2713333760
2026-08-06T14:21:32.253861-05:00,historyserver,historyserver-demo-67d55cff85-p2zn7,historyserver,2026-08-06T19:21:31Z,585649766000,2713329664
2026-08-06T14:21:33.253791-05:00,historyserver,historyserver-demo-67d55cff85-p2zn7,historyserver,2026-08-06T19:21:31Z,585649766000,2713329664
2026-08-06T14:21:34.254009-05:00,historyserver,historyserver-demo-67d55cff85-p2zn7,historyserver,2026-08-06T19:21:31Z,585649766000,2713329664
2026-08-06T14:21:35.253379-05:00,historyserver,historyserver-demo-67d55cff85-p2zn7,historyserver,2026-08-06T19:21:31Z,585649766000,2713329664
2026-08-06T14:21:36.253385-05:00,historyserver,historyserver-demo-67d55cff85-p2zn7,historyserver,2026-08-06T19:21:31Z,585649766000,2713329664
2026-08-06T14:21:37.25397-05:00,historyserver,historyserver-demo-67d55cff85-p2zn7,historyserver,2026-08-06T19:21:31Z,585649766000,2713329664
2026-08-06T14:21:38.253762-05:00,historyserver,historyserver-demo-67d55cff85-p2zn7,historyserver,2026-08-06T19:21:31Z,585649766000,2713329664
2026-08-06T14:21:39.254006-05:00,historyserver,historyserver-demo-67d55cff85-p2zn7,historyserver,2026-08-06T19:21:31Z,585649766000,2713329664
2026-08-06T14:21:40.254021-05:00,historyserver,historyserver-demo-67d55cff85-p2zn7,historyserver,2026-08-06T19:21:31Z,585649766000,2713329664
2026-08-06T14:21:41.253492-05:00,historyserver,historyserver-demo-67d55cff85-p2zn7,historyserver,2026-08-06T19:21:31Z,585649766000,2713329664
2026-08-06T14:21:42.253634-05:00,historyserver,historyserver-demo-67d55cff85-p2zn7,historyserver,2026-08-06T19:21:31Z,585649766000,2713329664
2026-08-06T14:21:43.254031-05:00,historyserver,historyserver-demo-67d55cff85-p2zn7,historyserver,2026-08-06T19:21:31Z,585649766000,2713329664
2026-08-06T14:21:44.25403-05:00,historyserver,historyserver-demo-67d55cff85-p2zn7,historyserver,2026-08-06T19:21:31Z,585649766000,2713329664
2026-08-06T14:21:45.26698-05:00,historyserver,historyserver-demo-67d55cff85-p2zn7,historyserver,2026-08-06T19:21:31Z,585649766000,2713329664
2026-08-06T14:21:46.254038-05:00,historyserver,historyserver-demo-67d55cff85-p2zn7,historyserver,2026-08-06T19:21:31Z,585649766000,2713329664
2026-08-06T14:21:47.253137-05:00,historyserver,historyserver-demo-67d55cff85-p2zn7,historyserver,2026-08-06T19:21:31Z,585649766000,2713329664
2026-08-06T14:21:48.253498-05:00,historyserver,historyserver-demo-67d55cff85-p2zn7,historyserver,2026-08-06T19:21:31Z,585649766000,2713329664
2026-08-06T14:21:49.253035-05:00,historyserver,historyserver-demo-67d55cff85-p2zn7,historyserver,2026-08-06T19:21:48Z,592248870000,1238048768
2026-08-06T14:21:50.253919-05:00,historyserver,historyserver-demo-67d55cff85-p2zn7,historyserver,2026-08-06T19:21:48Z,592248870000,1238048768
2026-08-06T14:21:51.253506-05:00,historyserver,historyserver-demo-67d55cff85-p2zn7,historyserver,2026-08-06T19:21:48Z,592248870000,1238048768
2026-08-06T14:21:52.253976-05:00,historyserver,historyserver-demo-67d55cff85-p2zn7,historyserver,2026-08-06T19:21:48Z,592248870000,1238048768
2026-08-06T14:21:53.254097-05:00,historyserver,historyserver-demo-67d55cff85-p2zn7,historyserver,2026-08-06T19:21:48Z,592248870000,1238048768
2026-08-06T14:21:54.254085-05:00,historyserver,historyserver-demo-67d55cff85-p2zn7,historyserver,2026-08-06T19:21:48Z,592248870000,1238048768
2026-08-06T14:21:55.254367-05:00,historyserver,historyserver-demo-67d55cff85-p2zn7,historyserver,2026-08-06T19:21:48Z,592248870000,1238048768
2026-08-06T14:21:56.253276-05:00,historyserver,historyserver-demo-67d55cff85-p2zn7,historyserver,2026-08-06T19:21:48Z,592248870000,1238048768
2026-08-06T14:21:57.253792-05:00,historyserver,historyserver-demo-67d55cff85-p2zn7,historyserver,2026-08-06T19:21:48Z,592248870000,1238048768
2026-08-06T14:21:58.254777-05:00,historyserver,historyserver-demo-67d55cff85-p2zn7,historyserver,2026-08-06T19:21:48Z,592248870000,1238048768
2026-08-06T14:21:59.253341-05:00,historyserver,historyserver-demo-67d55cff85-p2zn7,historyserver,2026-08-06T19:21:48Z,592248870000,1238048768
2026-08-06T14:22:00.253799-05:00,historyserver,historyserver-demo-67d55cff85-p2zn7,historyserver,2026-08-06T19:21:48Z,592248870000,1238048768
2026-08-06T14:22:01.25349-05:00,historyserver,historyserver-demo-67d55cff85-p2zn7,historyserver,2026-08-06T19:21:48Z,592248870000,1238048768
2026-08-06T14:22:02.254112-05:00,historyserver,historyserver-demo-67d55cff85-p2zn7,historyserver,2026-08-06T19:21:48Z,592248870000,1238048768
2026-08-06T14:22:03.253783-05:00,historyserver,historyserver-demo-67d55cff85-p2zn7,historyserver,2026-08-06T19:21:48Z,592248870000,1238048768
2026-08-06T14:22:04.254157-05:00,historyserver,historyserver-demo-67d55cff85-p2zn7,historyserver,2026-08-06T19:21:48Z,592248870000,1238048768
2026-08-06T14:22:05.2541-05:00,historyserver,historyserver-demo-67d55cff85-p2zn7,historyserver,2026-08-06T19:21:48Z,592248870000,1238048768
2026-08-06T14:22:06.255166-05:00,historyserver,historyserver-demo-67d55cff85-p2zn7,historyserver,2026-08-06T19:21:48Z,592248870000,1238048768
2026-08-06T14:22:07.253721-05:00,historyserver,historyserver-demo-67d55cff85-p2zn7,historyserver,2026-08-06T19:21:48Z,592248870000,1238048768
2026-08-06T14:22:08.25411-05:00,historyserver,historyserver-demo-67d55cff85-p2zn7,historyserver,2026-08-06T19:22:07Z,601711067000,1422286848
2026-08-06T14:22:09.254452-05:00,historyserver,historyserver-demo-67d55cff85-p2zn7,historyserver,2026-08-06T19:22:07Z,601711067000,1422286848
2026-08-06T14:22:10.254139-05:00,historyserver,historyserver-demo-67d55cff85-p2zn7,historyserver,2026-08-06T19:22:07Z,601711067000,1422286848
2026-08-06T14:22:11.254256-05:00,historyserver,historyserver-demo-67d55cff85-p2zn7,historyserver,2026-08-06T19:22:07Z,601711067000,1422286848
2026-08-06T14:22:12.253949-05:00,historyserver,historyserver-demo-67d55cff85-p2zn7,historyserver,2026-08-06T19:22:07Z,601711067000,1422286848
2026-08-06T14:22:13.254157-05:00,historyserver,historyserver-demo-67d55cff85-p2zn7,historyserver,2026-08-06T19:22:07Z,601711067000,1422286848
2026-08-06T14:22:14.254271-05:00,historyserver,historyserver-demo-67d55cff85-p2zn7,historyserver,2026-08-06T19:22:07Z,601711067000,1422286848
2026-08-06T14:22:15.253159-05:00,historyserver,historyserver-demo-67d55cff85-p2zn7,historyserver,2026-08-06T19:22:07Z,601711067000,1422286848
2026-08-06T14:22:16.253689-05:00,historyserver,historyserver-demo-67d55cff85-p2zn7,historyserver,2026-08-06T19:22:07Z,601711067000,1422286848
2026-08-06T14:22:17.254278-05:00,historyserver,historyserver-demo-67d55cff85-p2zn7,historyserver,2026-08-06T19:22:07Z,601711067000,1422286848
2026-08-06T14:22:18.254191-05:00,historyserver,historyserver-demo-67d55cff85-p2zn7,historyserver,2026-08-06T19:22:17Z,606857972000,1682608128
2026-08-06T14:22:19.25406-05:00,historyserver,historyserver-demo-67d55cff85-p2zn7,historyserver,2026-08-06T19:22:17Z,606857972000,1682608128
2026-08-06T14:22:20.253678-05:00,historyserver,historyserver-demo-67d55cff85-p2zn7,historyserver,2026-08-06T19:22:17Z,606857972000,1682608128
2026-08-06T14:22:21.253838-05:00,historyserver,historyserver-demo-67d55cff85-p2zn7,historyserver,2026-08-06T19:22:17Z,606857972000,1682608128
2026-08-06T14:22:22.254527-05:00,historyserver,historyserver-demo-67d55cff85-p2zn7,historyserver,2026-08-06T19:22:17Z,606857972000,1682608128
2026-08-06T14:22:23.253824-05:00,historyserver,historyserver-demo-67d55cff85-p2zn7,historyserver,2026-08-06T19:22:17Z,606857972000,1682608128
2026-08-06T14:22:24.253275-05:00,historyserver,historyserver-demo-67d55cff85-p2zn7,historyserver,2026-08-06T19:22:17Z,606857972000,1682608128
2026-08-06T14:22:25.253468-05:00,historyserver,historyserver-demo-67d55cff85-p2zn7,historyserver,2026-08-06T19:22:17Z,606857972000,1682608128
2026-08-06T14:22:26.254347-05:00,historyserver,historyserver-demo-67d55cff85-p2zn7,historyserver,2026-08-06T19:22:17Z,606857972000,1682608128
2026-08-06T14:22:27.254122-05:00,historyserver,historyserver-demo-67d55cff85-p2zn7,historyserver,2026-08-06T19:22:17Z,606857972000,1682608128
2026-08-06T14:22:28.254658-05:00,historyserver,historyserver-demo-67d55cff85-p2zn7,historyserver,2026-08-06T19:22:17Z,606857972000,1682608128
2026-08-06T14:22:29.254267-05:00,historyserver,historyserver-demo-67d55cff85-p2zn7,historyserver,2026-08-06T19:22:28Z,612284811000,1970462720
2026-08-06T14:22:30.254415-05:00,historyserver,historyserver-demo-67d55cff85-p2zn7,historyserver,2026-08-06T19:22:28Z,612284811000,1970462720
2026-08-06T14:22:31.253617-05:00,historyserver,historyserver-demo-67d55cff85-p2zn7,historyserver,2026-08-06T19:22:28Z,612284811000,1970462720
2026-08-06T14:22:32.255104-05:00,historyserver,historyserver-demo-67d55cff85-p2zn7,historyserver,2026-08-06T19:22:28Z,612284811000,1970462720
2026-08-06T14:22:33.253906-05:00,historyserver,historyserver-demo-67d55cff85-p2zn7,historyserver,2026-08-06T19:22:28Z,612284811000,1970462720
2026-08-06T14:22:34.25359-05:00,historyserver,historyserver-demo-67d55cff85-p2zn7,historyserver,2026-08-06T19:22:28Z,612284811000,1970462720
2026-08-06T14:22:35.253383-05:00,historyserver,historyserver-demo-67d55cff85-p2zn7,historyserver,2026-08-06T19:22:28Z,612284811000,1970462720
2026-08-06T14:22:36.254448-05:00,historyserver,historyserver-demo-67d55cff85-p2zn7,historyserver,2026-08-06T19:22:28Z,612284811000,1970462720
2026-08-06T14:22:37.253734-05:00,historyserver,historyserver-demo-67d55cff85-p2zn7,historyserver,2026-08-06T19:22:28Z,612284811000,1970462720
2026-08-06T14:22:38.253634-05:00,historyserver,historyserver-demo-67d55cff85-p2zn7,historyserver,2026-08-06T19:22:28Z,612284811000,1970462720
2026-08-06T14:22:39.254813-05:00,historyserver,historyserver-demo-67d55cff85-p2zn7,historyserver,2026-08-06T19:22:28Z,612284811000,1970462720
2026-08-06T14:22:40.254303-05:00,historyserver,historyserver-demo-67d55cff85-p2zn7,historyserver,2026-08-06T19:22:28Z,612284811000,1970462720
2026-08-06T14:22:41.253794-05:00,historyserver,historyserver-demo-67d55cff85-p2zn7,historyserver,2026-08-06T19:22:28Z,612284811000,1970462720
2026-08-06T14:22:42.253582-05:00,historyserver,historyserver-demo-67d55cff85-p2zn7,historyserver,2026-08-06T19:22:41Z,618814308000,2301218816
2026-08-06T14:22:43.253275-05:00,historyserver,historyserver-demo-67d55cff85-p2zn7,historyserver,2026-08-06T19:22:41Z,618814308000,2301218816
2026-08-06T14:22:44.254365-05:00,historyserver,historyserver-demo-67d55cff85-p2zn7,historyserver,2026-08-06T19:22:41Z,618814308000,2301218816
2026-08-06T14:22:45.253973-05:00,historyserver,historyserver-demo-67d55cff85-p2zn7,historyserver,2026-08-06T19:22:41Z,618814308000,2301218816
2026-08-06T14:22:46.254373-05:00,historyserver,historyserver-demo-67d55cff85-p2zn7,historyserver,2026-08-06T19:22:41Z,618814308000,2301218816
2026-08-06T14:22:47.254185-05:00,historyserver,historyserver-demo-67d55cff85-p2zn7,historyserver,2026-08-06T19:22:41Z,618814308000,2301218816
2026-08-06T14:22:48.254151-05:00,historyserver,historyserver-demo-67d55cff85-p2zn7,historyserver,2026-08-06T19:22:41Z,618814308000,2301218816
2026-08-06T14:22:49.253778-05:00,historyserver,historyserver-demo-67d55cff85-p2zn7,historyserver,2026-08-06T19:22:41Z,618814308000,2301218816
2026-08-06T14:22:50.254348-05:00,historyserver,historyserver-demo-67d55cff85-p2zn7,historyserver,2026-08-06T19:22:41Z,618814308000,2301218816
2026-08-06T14:22:51.253847-05:00,historyserver,historyserver-demo-67d55cff85-p2zn7,historyserver,2026-08-06T19:22:41Z,618814308000,2301218816
2026-08-06T14:22:52.253689-05:00,historyserver,historyserver-demo-67d55cff85-p2zn7,historyserver,2026-08-06T19:22:41Z,618814308000,2301218816
2026-08-06T14:22:53.254361-05:00,historyserver,historyserver-demo-67d55cff85-p2zn7,historyserver,2026-08-06T19:22:41Z,618814308000,2301218816
2026-08-06T14:22:54.254358-05:00,historyserver,historyserver-demo-67d55cff85-p2zn7,historyserver,2026-08-06T19:22:41Z,618814308000,2301218816
2026-08-06T14:22:55.25399-05:00,historyserver,historyserver-demo-67d55cff85-p2zn7,historyserver,2026-08-06T19:22:41Z,618814308000,2301218816
2026-08-06T14:22:56.254496-05:00,historyserver,historyserver-demo-67d55cff85-p2zn7,historyserver,2026-08-06T19:22:41Z,618814308000,2301218816
2026-08-06T14:22:57.25434-05:00,historyserver,historyserver-demo-67d55cff85-p2zn7,historyserver,2026-08-06T19:22:41Z,618814308000,2301218816
2026-08-06T14:22:58.254535-05:00,historyserver,historyserver-demo-67d55cff85-p2zn7,historyserver,2026-08-06T19:22:58Z,626999545000,2385780736
2026-08-06T14:22:59.254424-05:00,historyserver,historyserver-demo-67d55cff85-p2zn7,historyserver,2026-08-06T19:22:58Z,626999545000,2385780736
2026-08-06T14:23:00.254126-05:00,historyserver,historyserver-demo-67d55cff85-p2zn7,historyserver,2026-08-06T19:22:58Z,626999545000,2385780736
2026-08-06T14:23:01.253476-05:00,historyserver,historyserver-demo-67d55cff85-p2zn7,historyserver,2026-08-06T19:22:58Z,626999545000,2385780736
2026-08-06T14:23:02.253507-05:00,historyserver,historyserver-demo-67d55cff85-p2zn7,historyserver,2026-08-06T19:22:58Z,626999545000,2385780736
2026-08-06T14:23:03.254398-05:00,historyserver,historyserver-demo-67d55cff85-p2zn7,historyserver,2026-08-06T19:22:58Z,626999545000,2385780736
2026-08-06T14:23:04.253875-05:00,historyserver,historyserver-demo-67d55cff85-p2zn7,historyserver,2026-08-06T19:22:58Z,626999545000,2385780736
2026-08-06T14:23:05.254442-05:00,historyserver,historyserver-demo-67d55cff85-p2zn7,historyserver,2026-08-06T19:22:58Z,626999545000,2385780736
2026-08-06T14:23:06.253774-05:00,historyserver,historyserver-demo-67d55cff85-p2zn7,historyserver,2026-08-06T19:22:58Z,626999545000,2385780736
2026-08-06T14:23:07.253638-05:00,historyserver,historyserver-demo-67d55cff85-p2zn7,historyserver,2026-08-06T19:22:58Z,626999545000,2385780736
2026-08-06T14:23:08.253769-05:00,historyserver,historyserver-demo-67d55cff85-p2zn7,historyserver,2026-08-06T19:22:58Z,626999545000,2385780736
2026-08-06T14:23:09.253509-05:00,historyserver,historyserver-demo-67d55cff85-p2zn7,historyserver,2026-08-06T19:22:58Z,626999545000,2385780736
2026-08-06T14:23:10.253768-05:00,historyserver,historyserver-demo-67d55cff85-p2zn7,historyserver,2026-08-06T19:22:58Z,626999545000,2385780736
2026-08-06T14:23:11.254419-05:00,historyserver,historyserver-demo-67d55cff85-p2zn7,historyserver,2026-08-06T19:22:58Z,626999545000,2385780736
2026-08-06T14:23:12.253847-05:00,historyserver,historyserver-demo-67d55cff85-p2zn7,historyserver,2026-08-06T19:22:58Z,626999545000,2385780736
2026-08-06T14:23:13.25444-05:00,historyserver,historyserver-demo-67d55cff85-p2zn7,historyserver,2026-08-06T19:22:58Z,626999545000,2385780736
2026-08-06T14:23:14.254449-05:00,historyserver,historyserver-demo-67d55cff85-p2zn7,historyserver,2026-08-06T19:22:58Z,626999545000,2385780736
2026-08-06T14:23:15.253512-05:00,historyserver,historyserver-demo-67d55cff85-p2zn7,historyserver,2026-08-06T19:23:14Z,635005480000,2697314304
2026-08-06T14:23:16.254455-05:00,historyserver,historyserver-demo-67d55cff85-p2zn7,historyserver,2026-08-06T19:23:14Z,635005480000,2697314304
2026-08-06T14:23:17.254246-05:00,historyserver,historyserver-demo-67d55cff85-p2zn7,historyserver,2026-08-06T19:23:14Z,635005480000,2697314304
2026-08-06T14:23:18.253847-05:00,historyserver,historyserver-demo-67d55cff85-p2zn7,historyserver,2026-08-06T19:23:14Z,635005480000,2697314304
2026-08-06T14:23:19.254244-05:00,historyserver,historyserver-demo-67d55cff85-p2zn7,historyserver,2026-08-06T19:23:14Z,635005480000,2697314304
2026-08-06T14:23:20.25449-05:00,historyserver,historyserver-demo-67d55cff85-p2zn7,historyserver,2026-08-06T19:23:14Z,635005480000,2697314304
2026-08-06T14:23:21.253734-05:00,historyserver,historyserver-demo-67d55cff85-p2zn7,historyserver,2026-08-06T19:23:14Z,635005480000,2697314304
2026-08-06T14:23:22.254544-05:00,historyserver,historyserver-demo-67d55cff85-p2zn7,historyserver,2026-08-06T19:23:14Z,635005480000,2697314304
2026-08-06T14:23:23.253906-05:00,historyserver,historyserver-demo-67d55cff85-p2zn7,historyserver,2026-08-06T19:23:14Z,635005480000,2697314304
2026-08-06T14:23:24.253686-05:00,historyserver,historyserver-demo-67d55cff85-p2zn7,historyserver,2026-08-06T19:23:14Z,635005480000,2697314304
2026-08-06T14:23:25.254257-05:00,historyserver,historyserver-demo-67d55cff85-p2zn7,historyserver,2026-08-06T19:23:14Z,635005480000,2697314304
2026-08-06T14:23:26.254415-05:00,historyserver,historyserver-demo-67d55cff85-p2zn7,historyserver,2026-08-06T19:23:14Z,635005480000,2697314304
2026-08-06T14:23:27.254522-05:00,historyserver,historyserver-demo-67d55cff85-p2zn7,historyserver,2026-08-06T19:23:14Z,635005480000,2697314304
2026-08-06T14:23:28.25513-05:00,historyserver,historyserver-demo-67d55cff85-p2zn7,historyserver,2026-08-06T19:23:14Z,635005480000,2697314304
2026-08-06T14:23:29.254431-05:00,historyserver,historyserver-demo-67d55cff85-p2zn7,historyserver,2026-08-06T19:23:28Z,642149708000,2820509696
2026-08-06T14:23:30.254335-05:00,historyserver,historyserver-demo-67d55cff85-p2zn7,historyserver,2026-08-06T19:23:28Z,642149708000,2820509696
2026-08-06T14:23:31.254556-05:00,historyserver,historyserver-demo-67d55cff85-p2zn7,historyserver,2026-08-06T19:23:28Z,642149708000,2820509696
2026-08-06T14:23:32.254575-05:00,historyserver,historyserver-demo-67d55cff85-p2zn7,historyserver,2026-08-06T19:23:28Z,642149708000,2820509696
2026-08-06T14:23:33.25457-05:00,historyserver,historyserver-demo-67d55cff85-p2zn7,historyserver,2026-08-06T19:23:28Z,642149708000,2820509696
2026-08-06T14:23:34.253679-05:00,historyserver,historyserver-demo-67d55cff85-p2zn7,historyserver,2026-08-06T19:23:28Z,642149708000,2820509696
2026-08-06T14:23:35.253701-05:00,historyserver,historyserver-demo-67d55cff85-p2zn7,historyserver,2026-08-06T19:23:28Z,642149708000,2820509696
2026-08-06T14:23:36.254551-05:00,historyserver,historyserver-demo-67d55cff85-p2zn7,historyserver,2026-08-06T19:23:28Z,642149708000,2820509696
2026-08-06T14:23:37.254658-05:00,historyserver,historyserver-demo-67d55cff85-p2zn7,historyserver,2026-08-06T19:23:28Z,642149708000,2820509696
2026-08-06T14:23:38.254369-05:00,historyserver,historyserver-demo-67d55cff85-p2zn7,historyserver,2026-08-06T19:23:28Z,642149708000,2820509696
2026-08-06T14:23:39.254299-05:00,historyserver,historyserver-demo-67d55cff85-p2zn7,historyserver,2026-08-06T19:23:39Z,647455151000,2820505600
2026-08-06T14:23:40.254337-05:00,historyserver,historyserver-demo-67d55cff85-p2zn7,historyserver,2026-08-06T19:23:39Z,647455151000,2820505600
2026-08-06T14:23:41.254079-05:00,historyserver,historyserver-demo-67d55cff85-p2zn7,historyserver,2026-08-06T19:23:39Z,647455151000,2820505600
2026-08-06T14:23:42.254257-05:00,historyserver,historyserver-demo-67d55cff85-p2zn7,historyserver,2026-08-06T19:23:39Z,647455151000,2820505600
2026-08-06T14:23:43.254572-05:00,historyserver,historyserver-demo-67d55cff85-p2zn7,historyserver,2026-08-06T19:23:39Z,647455151000,2820505600
2026-08-06T14:23:44.254722-05:00,historyserver,historyserver-demo-67d55cff85-p2zn7,historyserver,2026-08-06T19:23:39Z,647455151000,2820505600
2026-08-06T14:23:45.254598-05:00,historyserver,historyserver-demo-67d55cff85-p2zn7,historyserver,2026-08-06T19:23:39Z,647455151000,2820505600
2026-08-06T14:23:46.254595-05:00,historyserver,historyserver-demo-67d55cff85-p2zn7,historyserver,2026-08-06T19:23:39Z,647455151000,2820505600
2026-08-06T14:23:47.254112-05:00,historyserver,historyserver-demo-67d55cff85-p2zn7,historyserver,2026-08-06T19:23:39Z,647455151000,2820505600
2026-08-06T14:23:48.25368-05:00,historyserver,historyserver-demo-67d55cff85-p2zn7,historyserver,2026-08-06T19:23:39Z,647455151000,2820505600
2026-08-06T14:23:49.253799-05:00,historyserver,historyserver-demo-67d55cff85-p2zn7,historyserver,2026-08-06T19:23:39Z,647455151000,2820505600
2026-08-06T14:23:50.254432-05:00,historyserver,historyserver-demo-67d55cff85-p2zn7,historyserver,2026-08-06T19:23:39Z,647455151000,2820505600
2026-08-06T14:23:51.254251-05:00,historyserver,historyserver-demo-67d55cff85-p2zn7,historyserver,2026-08-06T19:23:39Z,647455151000,2820505600
2026-08-06T14:23:52.254489-05:00,historyserver,historyserver-demo-67d55cff85-p2zn7,historyserver,2026-08-06T19:23:39Z,647455151000,2820505600
2026-08-06T14:23:53.253874-05:00,historyserver,historyserver-demo-67d55cff85-p2zn7,historyserver,2026-08-06T19:23:39Z,647455151000,2820505600
2026-08-06T14:23:54.254429-05:00,historyserver,historyserver-demo-67d55cff85-p2zn7,historyserver,2026-08-06T19:23:39Z,647455151000,2820505600
2026-08-06T14:23:55.254285-05:00,historyserver,historyserver-demo-67d55cff85-p2zn7,historyserver,2026-08-06T19:23:39Z,647455151000,2820505600
2026-08-06T14:23:56.253983-05:00,historyserver,historyserver-demo-67d55cff85-p2zn7,historyserver,2026-08-06T19:23:39Z,647455151000,2820505600
2026-08-06T14:23:57.254656-05:00,historyserver,historyserver-demo-67d55cff85-p2zn7,historyserver,2026-08-06T19:23:56Z,656179120000,2820890624
2026-08-06T14:23:58.254498-05:00,historyserver,historyserver-demo-67d55cff85-p2zn7,historyserver,2026-08-06T19:23:56Z,656179120000,2820890624
2026-08-06T14:23:59.254792-05:00,historyserver,historyserver-demo-67d55cff85-p2zn7,historyserver,2026-08-06T19:23:56Z,656179120000,2820890624
2026-08-06T14:24:00.25382-05:00,historyserver,historyserver-demo-67d55cff85-p2zn7,historyserver,2026-08-06T19:23:56Z,656179120000,2820890624
2026-08-06T14:24:01.254559-05:00,historyserver,historyserver-demo-67d55cff85-p2zn7,historyserver,2026-08-06T19:23:56Z,656179120000,2820890624
2026-08-06T14:24:02.254557-05:00,historyserver,historyserver-demo-67d55cff85-p2zn7,historyserver,2026-08-06T19:23:56Z,656179120000,2820890624
2026-08-06T14:24:03.2547-05:00,historyserver,historyserver-demo-67d55cff85-p2zn7,historyserver,2026-08-06T19:23:56Z,656179120000,2820890624
2026-08-06T14:24:04.254214-05:00,historyserver,historyserver-demo-67d55cff85-p2zn7,historyserver,2026-08-06T19:23:56Z,656179120000,2820890624
2026-08-06T14:24:05.254066-05:00,historyserver,historyserver-demo-67d55cff85-p2zn7,historyserver,2026-08-06T19:23:56Z,656179120000,2820890624
2026-08-06T14:24:06.254306-05:00,historyserver,historyserver-demo-67d55cff85-p2zn7,historyserver,2026-08-06T19:23:56Z,656179120000,2820890624
2026-08-06T14:24:07.254729-05:00,historyserver,historyserver-demo-67d55cff85-p2zn7,historyserver,2026-08-06T19:23:56Z,656179120000,2820890624
2026-08-06T14:24:08.254025-05:00,historyserver,historyserver-demo-67d55cff85-p2zn7,historyserver,2026-08-06T19:23:56Z,656179120000,2820890624
2026-08-06T14:24:09.254647-05:00,historyserver,historyserver-demo-67d55cff85-p2zn7,historyserver,2026-08-06T19:23:56Z,656179120000,2820890624
2026-08-06T14:24:10.255069-05:00,historyserver,historyserver-demo-67d55cff85-p2zn7,historyserver,2026-08-06T19:23:56Z,656179120000,2820890624
2026-08-06T14:24:11.253868-05:00,historyserver,historyserver-demo-67d55cff85-p2zn7,historyserver,2026-08-06T19:24:11Z,658462531000,2995011584
2026-08-06T14:24:12.25473-05:00,historyserver,historyserver-demo-67d55cff85-p2zn7,historyserver,2026-08-06T19:24:11Z,658462531000,2995011584
2026-08-06T14:24:13.254697-05:00,historyserver,historyserver-demo-67d55cff85-p2zn7,historyserver,2026-08-06T19:24:11Z,658462531000,2995011584
2026-08-06T14:24:14.254579-05:00,historyserver,historyserver-demo-67d55cff85-p2zn7,historyserver,2026-08-06T19:24:11Z,658462531000,2995011584
2026-08-06T14:24:15.253966-05:00,historyserver,historyserver-demo-67d55cff85-p2zn7,historyserver,2026-08-06T19:24:11Z,658462531000,2995011584
2026-08-06T14:24:16.25479-05:00,historyserver,historyserver-demo-67d55cff85-p2zn7,historyserver,2026-08-06T19:24:11Z,658462531000,2995011584
2026-08-06T14:24:17.254517-05:00,historyserver,historyserver-demo-67d55cff85-p2zn7,historyserver,2026-08-06T19:24:11Z,658462531000,2995011584
2026-08-06T14:24:18.254932-05:00,historyserver,historyserver-demo-67d55cff85-p2zn7,historyserver,2026-08-06T19:24:11Z,658462531000,2995011584
2026-08-06T14:24:19.254014-05:00,historyserver,historyserver-demo-67d55cff85-p2zn7,historyserver,2026-08-06T19:24:11Z,658462531000,2995011584
2026-08-06T14:24:20.253986-05:00,historyserver,historyserver-demo-67d55cff85-p2zn7,historyserver,2026-08-06T19:24:11Z,658462531000,2995011584
2026-08-06T14:24:21.254155-05:00,historyserver,historyserver-demo-67d55cff85-p2zn7,historyserver,2026-08-06T19:24:11Z,658462531000,2995011584
2026-08-06T14:24:22.254931-05:00,historyserver,historyserver-demo-67d55cff85-p2zn7,historyserver,2026-08-06T19:24:11Z,658462531000,2995011584
2026-08-06T14:24:23.254294-05:00,historyserver,historyserver-demo-67d55cff85-p2zn7,historyserver,2026-08-06T19:24:22Z,664364256000,3094085632
2026-08-06T14:24:24.254715-05:00,historyserver,historyserver-demo-67d55cff85-p2zn7,historyserver,2026-08-06T19:24:22Z,664364256000,3094085632
2026-08-06T14:24:25.254131-05:00,historyserver,historyserver-demo-67d55cff85-p2zn7,historyserver,2026-08-06T19:24:22Z,664364256000,3094085632
2026-08-06T14:24:26.253881-05:00,historyserver,historyserver-demo-67d55cff85-p2zn7,historyserver,2026-08-06T19:24:22Z,664364256000,3094085632
2026-08-06T14:24:27.25475-05:00,historyserver,historyserver-demo-67d55cff85-p2zn7,historyserver,2026-08-06T19:24:22Z,664364256000,3094085632
2026-08-06T14:24:28.254889-05:00,historyserver,historyserver-demo-67d55cff85-p2zn7,historyserver,2026-08-06T19:24:22Z,664364256000,3094085632
2026-08-06T14:24:29.254298-05:00,historyserver,historyserver-demo-67d55cff85-p2zn7,historyserver,2026-08-06T19:24:22Z,664364256000,3094085632
2026-08-06T14:24:30.254778-05:00,historyserver,historyserver-demo-67d55cff85-p2zn7,historyserver,2026-08-06T19:24:22Z,664364256000,3094085632
2026-08-06T14:24:31.254703-05:00,historyserver,historyserver-demo-67d55cff85-p2zn7,historyserver,2026-08-06T19:24:22Z,664364256000,3094085632
2026-08-06T14:24:32.254494-05:00,historyserver,historyserver-demo-67d55cff85-p2zn7,historyserver,2026-08-06T19:24:22Z,664364256000,3094085632
2026-08-06T14:24:33.254723-05:00,historyserver,historyserver-demo-67d55cff85-p2zn7,historyserver,2026-08-06T19:24:22Z,664364256000,3094085632
2026-08-06T14:24:34.2553-05:00,historyserver,historyserver-demo-67d55cff85-p2zn7,historyserver,2026-08-06T19:24:22Z,664364256000,3094085632
2026-08-06T14:24:35.254733-05:00,historyserver,historyserver-demo-67d55cff85-p2zn7,historyserver,2026-08-06T19:24:22Z,664364256000,3094085632
2026-08-06T14:24:36.254654-05:00,historyserver,historyserver-demo-67d55cff85-p2zn7,historyserver,2026-08-06T19:24:22Z,664364256000,3094085632
2026-08-06T14:24:37.254474-05:00,historyserver,historyserver-demo-67d55cff85-p2zn7,historyserver,2026-08-06T19:24:22Z,664364256000,3094085632
2026-08-06T14:24:38.254153-05:00,historyserver,historyserver-demo-67d55cff85-p2zn7,historyserver,2026-08-06T19:24:22Z,664364256000,3094085632
2026-08-06T14:24:39.255173-05:00,historyserver,historyserver-demo-67d55cff85-p2zn7,historyserver,2026-08-06T19:24:22Z,664364256000,3094085632
2026-08-06T14:24:40.254697-05:00,historyserver,historyserver-demo-67d55cff85-p2zn7,historyserver,2026-08-06T19:24:22Z,664364256000,3094085632
2026-08-06T14:24:41.254088-05:00,historyserver,historyserver-demo-67d55cff85-p2zn7,historyserver,2026-08-06T19:24:22Z,664364256000,3094085632
2026-08-06T14:24:42.255007-05:00,historyserver,historyserver-demo-67d55cff85-p2zn7,historyserver,2026-08-06T19:24:41Z,673809812000,3113586688
2026-08-06T14:24:43.254238-05:00,historyserver,historyserver-demo-67d55cff85-p2zn7,historyserver,2026-08-06T19:24:41Z,673809812000,3113586688
2026-08-06T14:24:44.254924-05:00,historyserver,historyserver-demo-67d55cff85-p2zn7,historyserver,2026-08-06T19:24:41Z,673809812000,3113586688
2026-08-06T14:24:45.255045-05:00,historyserver,historyserver-demo-67d55cff85-p2zn7,historyserver,2026-08-06T19:24:41Z,673809812000,3113586688
2026-08-06T14:24:46.255706-05:00,historyserver,historyserver-demo-67d55cff85-p2zn7,historyserver,2026-08-06T19:24:41Z,673809812000,3113586688
2026-08-06T14:24:47.254238-05:00,historyserver,historyserver-demo-67d55cff85-p2zn7,historyserver,2026-08-06T19:24:41Z,673809812000,3113586688
2026-08-06T14:24:48.254134-05:00,historyserver,historyserver-demo-67d55cff85-p2zn7,historyserver,2026-08-06T19:24:41Z,673809812000,3113586688
2026-08-06T14:24:49.255096-05:00,historyserver,historyserver-demo-67d55cff85-p2zn7,historyserver,2026-08-06T19:24:41Z,673809812000,3113586688
2026-08-06T14:24:50.254912-05:00,historyserver,historyserver-demo-67d55cff85-p2zn7,historyserver,2026-08-06T19:24:41Z,673809812000,3113586688
2026-08-06T14:24:51.253958-05:00,historyserver,historyserver-demo-67d55cff85-p2zn7,historyserver,2026-08-06T19:24:41Z,673809812000,3113586688
2026-08-06T14:24:52.254232-05:00,historyserver,historyserver-demo-67d55cff85-p2zn7,historyserver,2026-08-06T19:24:41Z,673809812000,3113586688
2026-08-06T14:24:53.254865-05:00,historyserver,historyserver-demo-67d55cff85-p2zn7,historyserver,2026-08-06T19:24:41Z,673809812000,3113586688
2026-08-06T14:24:54.254917-05:00,historyserver,historyserver-demo-67d55cff85-p2zn7,historyserver,2026-08-06T19:24:41Z,673809812000,3113586688
2026-08-06T14:24:55.25497-05:00,historyserver,historyserver-demo-67d55cff85-p2zn7,historyserver,2026-08-06T19:24:41Z,673809812000,3113586688
2026-08-06T14:24:56.254935-05:00,historyserver,historyserver-demo-67d55cff85-p2zn7,historyserver,2026-08-06T19:24:41Z,673809812000,3113586688
2026-08-06T14:24:57.254093-05:00,historyserver,historyserver-demo-67d55cff85-p2zn7,historyserver,2026-08-06T19:24:41Z,673809812000,3113586688
2026-08-06T14:24:58.255006-05:00,historyserver,historyserver-demo-67d55cff85-p2zn7,historyserver,2026-08-06T19:24:41Z,673809812000,3113586688
2026-08-06T14:24:59.254942-05:00,historyserver,historyserver-demo-67d55cff85-p2zn7,historyserver,2026-08-06T19:24:58Z,682370655000,3113848832
2026-08-06T14:25:00.254734-05:00,historyserver,historyserver-demo-67d55cff85-p2zn7,historyserver,2026-08-06T19:24:58Z,682370655000,3113848832
2026-08-06T14:25:01.254917-05:00,historyserver,historyserver-demo-67d55cff85-p2zn7,historyserver,2026-08-06T19:24:58Z,682370655000,3113848832
2026-08-06T14:25:02.254978-05:00,historyserver,historyserver-demo-67d55cff85-p2zn7,historyserver,2026-08-06T19:24:58Z,682370655000,3113848832
2026-08-06T14:25:03.254868-05:00,historyserver,historyserver-demo-67d55cff85-p2zn7,historyserver,2026-08-06T19:24:58Z,682370655000,3113848832
2026-08-06T14:25:04.255025-05:00,historyserver,historyserver-demo-67d55cff85-p2zn7,historyserver,2026-08-06T19:24:58Z,682370655000,3113848832
2026-08-06T14:25:05.254993-05:00,historyserver,historyserver-demo-67d55cff85-p2zn7,historyserver,2026-08-06T19:24:58Z,682370655000,3113848832
2026-08-06T14:25:06.254692-05:00,historyserver,historyserver-demo-67d55cff85-p2zn7,historyserver,2026-08-06T19:24:58Z,682370655000,3113848832
2026-08-06T14:25:07.25507-05:00,historyserver,historyserver-demo-67d55cff85-p2zn7,historyserver,2026-08-06T19:24:58Z,682370655000,3113848832
2026-08-06T14:25:08.25501-05:00,historyserver,historyserver-demo-67d55cff85-p2zn7,historyserver,2026-08-06T19:24:58Z,682370655000,3113848832
2026-08-06T14:25:09.254276-05:00,historyserver,historyserver-demo-67d55cff85-p2zn7,historyserver,2026-08-06T19:24:58Z,682370655000,3113848832
2026-08-06T14:25:10.254834-05:00,historyserver,historyserver-demo-67d55cff85-p2zn7,historyserver,2026-08-06T19:24:58Z,682370655000,3113848832
2026-08-06T14:25:11.255053-05:00,historyserver,historyserver-demo-67d55cff85-p2zn7,historyserver,2026-08-06T19:24:58Z,682370655000,3113848832
2026-08-06T14:25:12.254324-05:00,historyserver,historyserver-demo-67d55cff85-p2zn7,historyserver,2026-08-06T19:24:58Z,682370655000,3113848832
2026-08-06T14:25:13.25542-05:00,historyserver,historyserver-demo-67d55cff85-p2zn7,historyserver,2026-08-06T19:24:58Z,682370655000,3113848832
2026-08-06T14:25:14.25442-05:00,historyserver,historyserver-demo-67d55cff85-p2zn7,historyserver,2026-08-06T19:24:58Z,682370655000,3113848832
2026-08-06T14:25:15.254537-05:00,historyserver,historyserver-demo-67d55cff85-p2zn7,historyserver,2026-08-06T19:24:58Z,682370655000,3113848832
2026-08-06T14:25:16.254368-05:00,historyserver,historyserver-demo-67d55cff85-p2zn7,historyserver,2026-08-06T19:25:15Z,690549152000,2514776064
2026-08-06T14:25:17.254077-05:00,historyserver,historyserver-demo-67d55cff85-p2zn7,historyserver,2026-08-06T19:25:15Z,690549152000,2514776064
2026-08-06T14:25:18.254179-05:00,historyserver,historyserver-demo-67d55cff85-p2zn7,historyserver,2026-08-06T19:25:15Z,690549152000,2514776064
2026-08-06T14:25:19.255042-05:00,historyserver,historyserver-demo-67d55cff85-p2zn7,historyserver,2026-08-06T19:25:15Z,690549152000,2514776064
2026-08-06T14:25:20.254736-05:00,historyserver,historyserver-demo-67d55cff85-p2zn7,historyserver,2026-08-06T19:25:15Z,690549152000,2514776064
2026-08-06T14:25:21.254943-05:00,historyserver,historyserver-demo-67d55cff85-p2zn7,historyserver,2026-08-06T19:25:15Z,690549152000,2514776064
2026-08-06T14:25:22.255084-05:00,historyserver,historyserver-demo-67d55cff85-p2zn7,historyserver,2026-08-06T19:25:15Z,690549152000,2514776064
2026-08-06T14:25:23.255099-05:00,historyserver,historyserver-demo-67d55cff85-p2zn7,historyserver,2026-08-06T19:25:15Z,690549152000,2514776064
2026-08-06T14:25:24.255083-05:00,historyserver,historyserver-demo-67d55cff85-p2zn7,historyserver,2026-08-06T19:25:15Z,690549152000,2514776064
2026-08-06T14:25:25.255038-05:00,historyserver,historyserver-demo-67d55cff85-p2zn7,historyserver,2026-08-06T19:25:15Z,690549152000,2514776064
2026-08-06T14:25:26.255089-05:00,historyserver,historyserver-demo-67d55cff85-p2zn7,historyserver,2026-08-06T19:25:15Z,690549152000,2514776064
2026-08-06T14:25:27.254398-05:00,historyserver,historyserver-demo-67d55cff85-p2zn7,historyserver,2026-08-06T19:25:15Z,690549152000,2514776064
2026-08-06T14:25:28.254919-05:00,historyserver,historyserver-demo-67d55cff85-p2zn7,historyserver,2026-08-06T19:25:15Z,690549152000,2514776064
2026-08-06T14:25:29.254488-05:00,historyserver,historyserver-demo-67d55cff85-p2zn7,historyserver,2026-08-06T19:25:15Z,690549152000,2514776064
2026-08-06T14:25:30.255134-05:00,historyserver,historyserver-demo-67d55cff85-p2zn7,historyserver,2026-08-06T19:25:15Z,690549152000,2514776064
2026-08-06T14:25:31.255295-05:00,historyserver,historyserver-demo-67d55cff85-p2zn7,historyserver,2026-08-06T19:25:15Z,690549152000,2514776064
2026-08-06T14:25:32.25502-05:00,historyserver,historyserver-demo-67d55cff85-p2zn7,historyserver,2026-08-06T19:25:31Z,698779567000,1933365248
2026-08-06T14:25:33.25443-05:00,historyserver,historyserver-demo-67d55cff85-p2zn7,historyserver,2026-08-06T19:25:31Z,698779567000,1933365248
2026-08-06T14:25:34.254288-05:00,historyserver,historyserver-demo-67d55cff85-p2zn7,historyserver,2026-08-06T19:25:31Z,698779567000,1933365248
2026-08-06T14:25:35.254928-05:00,historyserver,historyserver-demo-67d55cff85-p2zn7,historyserver,2026-08-06T19:25:31Z,698779567000,1933365248
2026-08-06T14:25:36.255099-05:00,historyserver,historyserver-demo-67d55cff85-p2zn7,historyserver,2026-08-06T19:25:31Z,698779567000,1933365248
2026-08-06T14:25:37.254478-05:00,historyserver,historyserver-demo-67d55cff85-p2zn7,historyserver,2026-08-06T19:25:31Z,698779567000,1933365248
2026-08-06T14:25:38.255189-05:00,historyserver,historyserver-demo-67d55cff85-p2zn7,historyserver,2026-08-06T19:25:31Z,698779567000,1933365248
2026-08-06T14:25:39.255219-05:00,historyserver,historyserver-demo-67d55cff85-p2zn7,historyserver,2026-08-06T19:25:31Z,698779567000,1933365248
2026-08-06T14:25:40.25559-05:00,historyserver,historyserver-demo-67d55cff85-p2zn7,historyserver,2026-08-06T19:25:31Z,698779567000,1933365248
2026-08-06T14:25:41.255217-05:00,historyserver,historyserver-demo-67d55cff85-p2zn7,historyserver,2026-08-06T19:25:31Z,698779567000,1933365248
2026-08-06T14:25:42.25429-05:00,historyserver,historyserver-demo-67d55cff85-p2zn7,historyserver,2026-08-06T19:25:31Z,698779567000,1933365248
2026-08-06T14:25:43.254776-05:00,historyserver,historyserver-demo-67d55cff85-p2zn7,historyserver,2026-08-06T19:25:31Z,698779567000,1933365248
2026-08-06T14:25:44.254671-05:00,historyserver,historyserver-demo-67d55cff85-p2zn7,historyserver,2026-08-06T19:25:31Z,698779567000,1933365248
2026-08-06T14:25:45.255054-05:00,historyserver,historyserver-demo-67d55cff85-p2zn7,historyserver,2026-08-06T19:25:31Z,698779567000,1933365248
2026-08-06T14:25:46.254461-05:00,historyserver,historyserver-demo-67d55cff85-p2zn7,historyserver,2026-08-06T19:25:31Z,698779567000,1933365248
2026-08-06T14:25:47.255199-05:00,historyserver,historyserver-demo-67d55cff85-p2zn7,historyserver,2026-08-06T19:25:46Z,706280080000,2129747968
2026-08-06T14:25:48.25523-05:00,historyserver,historyserver-demo-67d55cff85-p2zn7,historyserver,2026-08-06T19:25:46Z,706280080000,2129747968
2026-08-06T14:25:49.25496-05:00,historyserver,historyserver-demo-67d55cff85-p2zn7,historyserver,2026-08-06T19:25:46Z,706280080000,2129747968
2026-08-06T14:25:50.255202-05:00,historyserver,historyserver-demo-67d55cff85-p2zn7,historyserver,2026-08-06T19:25:46Z,706280080000,2129747968
2026-08-06T14:25:51.254973-05:00,historyserver,historyserver-demo-67d55cff85-p2zn7,historyserver,2026-08-06T19:25:46Z,706280080000,2129747968
2026-08-06T14:25:52.255141-05:00,historyserver,historyserver-demo-67d55cff85-p2zn7,historyserver,2026-08-06T19:25:46Z,706280080000,2129747968
2026-08-06T14:25:53.254681-05:00,historyserver,historyserver-demo-67d55cff85-p2zn7,historyserver,2026-08-06T19:25:46Z,706280080000,2129747968
2026-08-06T14:25:54.255239-05:00,historyserver,historyserver-demo-67d55cff85-p2zn7,historyserver,2026-08-06T19:25:46Z,706280080000,2129747968
2026-08-06T14:25:55.255263-05:00,historyserver,historyserver-demo-67d55cff85-p2zn7,historyserver,2026-08-06T19:25:46Z,706280080000,2129747968
2026-08-06T14:25:56.25507-05:00,historyserver,historyserver-demo-67d55cff85-p2zn7,historyserver,2026-08-06T19:25:46Z,706280080000,2129747968
2026-08-06T14:25:57.255247-05:00,historyserver,historyserver-demo-67d55cff85-p2zn7,historyserver,2026-08-06T19:25:46Z,706280080000,2129747968
2026-08-06T14:25:58.255239-05:00,historyserver,historyserver-demo-67d55cff85-p2zn7,historyserver,2026-08-06T19:25:46Z,706280080000,2129747968
2026-08-06T14:25:59.255256-05:00,historyserver,historyserver-demo-67d55cff85-p2zn7,historyserver,2026-08-06T19:25:58Z,712138235000,2220498944
2026-08-06T14:26:00.255304-05:00,historyserver,historyserver-demo-67d55cff85-p2zn7,historyserver,2026-08-06T19:25:58Z,712138235000,2220498944
2026-08-06T14:26:01.255263-05:00,historyserver,historyserver-demo-67d55cff85-p2zn7,historyserver,2026-08-06T19:25:58Z,712138235000,2220498944
2026-08-06T14:26:02.254683-05:00,historyserver,historyserver-demo-67d55cff85-p2zn7,historyserver,2026-08-06T19:25:58Z,712138235000,2220498944
2026-08-06T14:26:03.254462-05:00,historyserver,historyserver-demo-67d55cff85-p2zn7,historyserver,2026-08-06T19:25:58Z,712138235000,2220498944
2026-08-06T14:26:04.255152-05:00,historyserver,historyserver-demo-67d55cff85-p2zn7,historyserver,2026-08-06T19:25:58Z,712138235000,2220498944
2026-08-06T14:26:05.2553-05:00,historyserver,historyserver-demo-67d55cff85-p2zn7,historyserver,2026-08-06T19:25:58Z,712138235000,2220498944
2026-08-06T14:26:06.255342-05:00,historyserver,historyserver-demo-67d55cff85-p2zn7,historyserver,2026-08-06T19:25:58Z,712138235000,2220498944
2026-08-06T14:26:07.255654-05:00,historyserver,historyserver-demo-67d55cff85-p2zn7,historyserver,2026-08-06T19:25:58Z,712138235000,2220498944
2026-08-06T14:26:08.255449-05:00,historyserver,historyserver-demo-67d55cff85-p2zn7,historyserver,2026-08-06T19:25:58Z,712138235000,2220498944
2026-08-06T14:26:09.254626-05:00,historyserver,historyserver-demo-67d55cff85-p2zn7,historyserver,2026-08-06T19:25:58Z,712138235000,2220498944
2026-08-06T14:26:10.255292-05:00,historyserver,historyserver-demo-67d55cff85-p2zn7,historyserver,2026-08-06T19:25:58Z,712138235000,2220498944
2026-08-06T14:26:11.254313-05:00,historyserver,historyserver-demo-67d55cff85-p2zn7,historyserver,2026-08-06T19:25:58Z,712138235000,2220498944
2026-08-06T14:26:12.25533-05:00,historyserver,historyserver-demo-67d55cff85-p2zn7,historyserver,2026-08-06T19:25:58Z,712138235000,2220498944
2026-08-06T14:26:13.255038-05:00,historyserver,historyserver-demo-67d55cff85-p2zn7,historyserver,2026-08-06T19:26:13Z,719528831000,2350403584
2026-08-06T14:26:14.255354-05:00,historyserver,historyserver-demo-67d55cff85-p2zn7,historyserver,2026-08-06T19:26:13Z,719528831000,2350403584
2026-08-06T14:26:15.255054-05:00,historyserver,historyserver-demo-67d55cff85-p2zn7,historyserver,2026-08-06T19:26:13Z,719528831000,2350403584
2026-08-06T14:26:16.254759-05:00,historyserver,historyserver-demo-67d55cff85-p2zn7,historyserver,2026-08-06T19:26:13Z,719528831000,2350403584
2026-08-06T14:26:17.255401-05:00,historyserver,historyserver-demo-67d55cff85-p2zn7,historyserver,2026-08-06T19:26:13Z,719528831000,2350403584
2026-08-06T14:26:18.255413-05:00,historyserver,historyserver-demo-67d55cff85-p2zn7,historyserver,2026-08-06T19:26:13Z,719528831000,2350403584
2026-08-06T14:26:19.254729-05:00,historyserver,historyserver-demo-67d55cff85-p2zn7,historyserver,2026-08-06T19:26:13Z,719528831000,2350403584
2026-08-06T14:26:20.255052-05:00,historyserver,historyserver-demo-67d55cff85-p2zn7,historyserver,2026-08-06T19:26:13Z,719528831000,2350403584
2026-08-06T14:26:21.255354-05:00,historyserver,historyserver-demo-67d55cff85-p2zn7,historyserver,2026-08-06T19:26:13Z,719528831000,2350403584
2026-08-06T14:26:22.254963-05:00,historyserver,historyserver-demo-67d55cff85-p2zn7,historyserver,2026-08-06T19:26:13Z,719528831000,2350403584
2026-08-06T14:26:23.254637-05:00,historyserver,historyserver-demo-67d55cff85-p2zn7,historyserver,2026-08-06T19:26:13Z,719528831000,2350403584
2026-08-06T14:26:24.257399-05:00,historyserver,historyserver-demo-67d55cff85-p2zn7,historyserver,2026-08-06T19:26:13Z,719528831000,2350403584
2026-08-06T14:26:25.255374-05:00,historyserver,historyserver-demo-67d55cff85-p2zn7,historyserver,2026-08-06T19:26:13Z,719528831000,2350403584
2026-08-06T14:26:26.255425-05:00,historyserver,historyserver-demo-67d55cff85-p2zn7,historyserver,2026-08-06T19:26:13Z,719528831000,2350403584
2026-08-06T14:26:27.255336-05:00,historyserver,historyserver-demo-67d55cff85-p2zn7,historyserver,2026-08-06T19:26:13Z,719528831000,2350403584
2026-08-06T14:26:28.255221-05:00,historyserver,historyserver-demo-67d55cff85-p2zn7,historyserver,2026-08-06T19:26:13Z,719528831000,2350403584
