time_nano,container,anon_bytes,current_bytes,peak_bytes,cpu_usage_usec
1785974251387940628,raycluster-historyserver-head-s6488/collector,61034496,62066688,62578688,639815
1785974251387940628,raycluster-historyserver-head-s6488/ray-head,2648637440,2703372288,2705039360,12032919
1785974251387940628,raycluster-historyserver-cpu-worker-hhkx8/ray-worker,282013696,301953024,303738880,2772409
1785974251387940628,raycluster-historyserver-cpu-worker-hhkx8/collector,55783424,56868864,58851328,562528
1785974252421753378,raycluster-historyserver-head-s6488/collector,61034496,62066688,62578688,639815
1785974252421753378,raycluster-historyserver-head-s6488/ray-head,2648752128,2703482880,2707488768,12088586
1785974252421753378,rayjob-bench-gblgb/ray-job-submitter,57892864,64696320,64696320,644159
1785974252421753378,raycluster-historyserver-cpu-worker-hhkx8/ray-worker,282198016,302145536,303738880,2784232
1785974252421753378,raycluster-historyserver-cpu-worker-hhkx8/collector,55783424,56868864,58851328,562528
1785974253473216879,raycluster-historyserver-head-s6488/collector,61038592,62074880,62590976,641064
1785974253473216879,raycluster-historyserver-head-s6488/ray-head,2649530368,2704281600,2707488768,12161306
1785974253473216879,rayjob-bench-gblgb/ray-job-submitter,43425792,53719040,115769344,1685636
1785974253473216879,raycluster-historyserver-cpu-worker-hhkx8/ray-worker,282382336,302338048,303738880,2793619
1785974253473216879,raycluster-historyserver-cpu-worker-hhkx8/collector,55783424,56868864,58851328,562528
1785974254524448504,raycluster-historyserver-head-s6488/collector,61108224,62148608,62595072,643792
1785974254524448504,raycluster-historyserver-head-s6488/ray-head,2682499072,2738925568,2758991872,13037885
1785974254524448504,rayjob-bench-gblgb/ray-job-submitter,19763200,29978624,115769344,2570624
1785974254524448504,raycluster-historyserver-cpu-worker-hhkx8/ray-worker,282570752,302534656,303738880,2805026
1785974254524448504,raycluster-historyserver-cpu-worker-hhkx8/collector,55889920,56979456,58851328,567304
1785974255580077505,raycluster-historyserver-head-s6488/collector,61153280,62201856,62689280,651173
1785974255580077505,raycluster-historyserver-head-s6488/ray-head,2809716736,2870538240,2871738368,13886757
1785974255580077505,rayjob-bench-gblgb/ray-job-submitter,102367232,113287168,115769344,3347635
1785974255580077505,raycluster-historyserver-cpu-worker-hhkx8/ray-worker,445345792,470130688,470392832,3772547
1785974255580077505,raycluster-historyserver-cpu-worker-hhkx8/collector,55889920,56979456,58851328,567520
1785974256636952338,raycluster-historyserver-head-s6488/collector,69505024,70639616,70639616,762094
1785974256636952338,raycluster-historyserver-head-s6488/ray-head,2868547584,2929954816,2932723712,14714346
1785974256636952338,rayjob-bench-gblgb/ray-job-submitter,102379520,113299456,115769344,3347926
1785974256636952338,raycluster-historyserver-cpu-worker-hhkx8/ray-worker,661327872,692928512,693309440,5893725
1785974256636952338,raycluster-historyserver-cpu-worker-hhkx8/collector,55889920,56979456,58851328,567520
1785974257703976089,raycluster-historyserver-head-s6488/collector,92233728,96747520,99192832,1346881
1785974257703976089,raycluster-historyserver-head-s6488/ray-head,2894372864,2955886592,2959441920,15625283
1785974257703976089,rayjob-bench-gblgb/ray-job-submitter,102383616,113303552,115769344,3348062
1785974257703976089,raycluster-historyserver-cpu-worker-hhkx8/ray-worker,830218240,865841152,867024896,8091245
1785974257703976089,raycluster-historyserver-cpu-worker-hhkx8/collector,70127616,72765440,73027584,862805
1785974258778272381,raycluster-historyserver-head-s6488/collector,99004416,107327488,107589632,1955894
1785974258778272381,raycluster-historyserver-head-s6488/ray-head,2905042944,2966904832,2974167040,16813433
1785974258778272381,rayjob-bench-gblgb/ray-job-submitter,102387712,113307648,115769344,3348195
1785974258778272381,raycluster-historyserver-cpu-worker-hhkx8/ray-worker,896675840,936771584,937033728,10242493
1785974258778272381,raycluster-historyserver-cpu-worker-hhkx8/collector,68571136,72347648,78979072,1228705
1785974259865766257,raycluster-historyserver-head-s6488/collector,99352576,111869952,112832512,2690847
1785974259865766257,raycluster-historyserver-head-s6488/ray-head,2915270656,2977247232,2981019648,17792113
1785974259865766257,rayjob-bench-gblgb/ray-job-submitter,102387712,113307648,115769344,3348313
1785974259865766257,raycluster-historyserver-cpu-worker-hhkx8/ray-worker,911986688,951554048,952328192,12324400
1785974259865766257,raycluster-historyserver-cpu-worker-hhkx8/collector,74506240,80019456,80281600,1338870
1785974260922797465,raycluster-historyserver-head-s6488/collector,100634624,117555200,117723136,3433946
1785974260922797465,raycluster-historyserver-head-s6488/ray-head,2951327744,3013578752,3014475776,18903101
1785974260922797465,rayjob-bench-gblgb/ray-job-submitter,102387712,113307648,115769344,3348437
1785974260922797465,raycluster-historyserver-cpu-worker-hhkx8/ray-worker,929255424,968892416,971005952,14487051
1785974260922797465,raycluster-historyserver-cpu-worker-hhkx8/collector,81817600,90537984,90726400,1882456
1785974261985840466,raycluster-historyserver-head-s6488/collector,97247232,118546432,129183744,4211908
1785974261985840466,raycluster-historyserver-head-s6488/ray-head,2970411008,3032944640,3034521600,19848702
1785974261985840466,rayjob-bench-gblgb/ray-job-submitter,102387712,113307648,115769344,3348558
1785974261985840466,raycluster-historyserver-cpu-worker-hhkx8/ray-worker,941322240,981368832,981962752,16527898
1785974261985840466,raycluster-historyserver-cpu-worker-hhkx8/collector,81817600,90537984,90726400,1882456
1785974263040385133,raycluster-historyserver-head-s6488/collector,98594816,123105280,130088960,4991125
1785974263040385133,raycluster-historyserver-head-s6488/ray-head,2996609024,3059081216,3059867648,21058483
1785974263040385133,rayjob-bench-gblgb/ray-job-submitter,102387712,113307648,115769344,3348720
1785974263040385133,raycluster-historyserver-cpu-worker-hhkx8/ray-worker,975945728,1016262656,1018748928,18683366
1785974263040385133,raycluster-historyserver-cpu-worker-hhkx8/collector,93626368,102494208,103002112,2420319
1785974264099766467,raycluster-historyserver-head-s6488/collector,108007424,134307840,135258112,5490517
1785974264099766467,raycluster-historyserver-head-s6488/ray-head,3026718720,3089309696,3090313216,22448205
1785974264099766467,rayjob-bench-gblgb/ray-job-submitter,102387712,113307648,115769344,3348849
1785974264099766467,raycluster-historyserver-cpu-worker-hhkx8/ray-worker,969785344,1010229248,1019736064,20886471
1785974264099766467,raycluster-historyserver-cpu-worker-hhkx8/collector,109166592,124755968,124997632,3034730
1785974265177940842,raycluster-historyserver-head-s6488/collector,108027904,139452416,139759616,6034512
1785974265177940842,raycluster-historyserver-head-s6488/ray-head,3037274112,3100180480,3100676096,23714942
1785974265177940842,rayjob-bench-gblgb/ray-job-submitter,102387712,113307648,115769344,3348970
1785974265177940842,raycluster-historyserver-cpu-worker-hhkx8/ray-worker,970502144,1011101696,1019736064,22989945
1785974265177940842,raycluster-historyserver-cpu-worker-hhkx8/collector,109166592,124755968,124997632,3034894
1785974266240930051,raycluster-historyserver-head-s6488/collector,106893312,138588160,148787200,6957661
1785974266240930051,raycluster-historyserver-head-s6488/ray-head,3178696704,3244150784,3244412928,25910843
1785974266240930051,rayjob-bench-gblgb/ray-job-submitter,102387712,113307648,115769344,3349228
1785974266240930051,raycluster-historyserver-cpu-worker-hhkx8/ray-worker,988479488,1029283840,1031204864,25101146
1785974266240930051,raycluster-historyserver-cpu-worker-hhkx8/collector,110829568,130543616,134029312,3993629
1785974267322777177,raycluster-historyserver-head-s6488/collector,133677056,173240320,173318144,7477267
1785974267322777177,raycluster-historyserver-head-s6488/ray-head,3243208704,3309989888,3318419456,27537971
1785974267322777177,rayjob-bench-gblgb/ray-job-submitter,102387712,113307648,115769344,3349358
1785974267322777177,raycluster-historyserver-cpu-worker-hhkx8/ray-worker,989835264,1030561792,1032396800,27275514
1785974267322777177,raycluster-historyserver-cpu-worker-hhkx8/collector,115060736,137498624,139431936,4249739
1785974268388828969,raycluster-historyserver-head-s6488/collector,112164864,152965120,192118784,8456487
1785974268388828969,raycluster-historyserver-head-s6488/ray-head,3277398016,3344273408,3345481728,28631119
1785974268388828969,rayjob-bench-gblgb/ray-job-submitter,102387712,113307648,115769344,3349480
1785974268388828969,raycluster-historyserver-cpu-worker-hhkx8/ray-worker,991977472,1032949760,1035563008,29466968
1785974268388828969,raycluster-historyserver-cpu-worker-hhkx8/collector,115060736,137498624,139431936,4249739
1785974269462863053,raycluster-historyserver-head-s6488/collector,134193152,181874688,192118784,8902677
1785974269462863053,raycluster-historyserver-head-s6488/ray-head,3265523712,3333021696,3352322048,30153965
1785974269462863053,rayjob-bench-gblgb/ray-job-submitter,102387712,113307648,115769344,3349635
1785974269462863053,raycluster-historyserver-cpu-worker-hhkx8/ray-worker,1005461504,1046847488,1050865664,31545822
1785974269462863053,raycluster-historyserver-cpu-worker-hhkx8/collector,110637056,140263424,144248832,5370990
1785974270538023678,raycluster-historyserver-head-s6488/collector,126656512,176693248,201457664,9844752
1785974270538023678,raycluster-historyserver-head-s6488/ray-head,3316154368,3383083008,3384467456,31053235
1785974270538023678,rayjob-bench-gblgb/ray-job-submitter,102387712,113307648,115769344,3349889
1785974270538023678,raycluster-historyserver-cpu-worker-hhkx8/ray-worker,992329728,1033883648,1050865664,33675579
1785974270538023678,raycluster-historyserver-cpu-worker-hhkx8/collector,111816704,141070336,144248832,5385315
1785974271597814012,raycluster-historyserver-head-s6488/collector,126709760,182329344,201457664,10317444
1785974271597814012,raycluster-historyserver-head-s6488/ray-head,3313373184,3382198272,3391901696,32631772
1785974271597814012,rayjob-bench-gblgb/ray-job-submitter,102387712,113307648,115769344,3350007
1785974271597814012,raycluster-historyserver-cpu-worker-hhkx8/ray-worker,1010745344,1052680192,1054486528,35865695
1785974271597814012,raycluster-historyserver-cpu-worker-hhkx8/collector,115916800,145178624,150634496,5552595
1785974272675769471,raycluster-historyserver-head-s6488/collector,121602048,181948416,201457664,11512952
1785974272675769471,raycluster-historyserver-head-s6488/ray-head,3335147520,3402092544,3403292672,33457244
1785974272675769471,rayjob-bench-gblgb/ray-job-submitter,102387712,113307648,115769344,3350126
1785974272675769471,raycluster-historyserver-cpu-worker-hhkx8/ray-worker,1011552256,1053106176,1055432704,37950178
1785974272675769471,raycluster-historyserver-cpu-worker-hhkx8/collector,111624192,147709952,150634496,6550458
1785974273739844097,raycluster-historyserver-head-s6488/collector,132423680,196202496,201457664,11746961
1785974273739844097,raycluster-historyserver-head-s6488/ray-head,3364802560,3430686720,3431211008,35193219
1785974273739844097,rayjob-bench-gblgb/ray-job-submitter,102387712,113307648,115769344,3350454
1785974273739844097,raycluster-historyserver-cpu-worker-hhkx8/ray-worker,1011724288,1053392896,1056018432,40075824
1785974273739844097,raycluster-historyserver-cpu-worker-hhkx8/collector,111624192,147709952,150634496,6550458
1785974274798939347,raycluster-historyserver-head-s6488/collector,123117568,191676416,207503360,12976353
1785974274798939347,raycluster-historyserver-head-s6488/ray-head,3385520128,3452784640,3453427712,36006742
1785974274798939347,rayjob-bench-gblgb/ray-job-submitter,102387712,113307648,115769344,3350618
1785974274798939347,raycluster-historyserver-cpu-worker-hhkx8/ray-worker,1026732032,1068294144,1073299456,42272696
1785974274798939347,raycluster-historyserver-cpu-worker-hhkx8/collector,120844288,156930048,157982720,6599693
1785974275880615167,raycluster-historyserver-head-s6488/collector,132100096,203198464,207503360,13285565
1785974275880615167,raycluster-historyserver-head-s6488/ray-head,3396313088,3464065024,3464351744,37725596
1785974275880615167,rayjob-bench-gblgb/ray-job-submitter,102387712,113307648,115769344,3350782
1785974275880615167,raycluster-historyserver-cpu-worker-hhkx8/ray-worker,1026723840,1068429312,1073299456,44304731
1785974275880615167,raycluster-historyserver-cpu-worker-hhkx8/collector,115273728,157102080,157982720,7724446
1785974276923551459,raycluster-historyserver-head-s6488/collector,121540608,196894720,221392896,14426918
1785974276923551459,raycluster-historyserver-head-s6488/ray-head,3425361920,3493056512,3494576128,38527003
1785974276923551459,rayjob-bench-gblgb/ray-job-submitter,102387712,113307648,115769344,3350914
1785974276923551459,raycluster-historyserver-cpu-worker-hhkx8/ray-worker,1027485696,1069375488,1073299456,46471357
1785974276923551459,raycluster-historyserver-cpu-worker-hhkx8/collector,119939072,162844672,164872192,7899178
1785974277969841751,raycluster-historyserver-head-s6488/collector,151945216,231174144,232128512,14804492
1785974277969841751,raycluster-historyserver-head-s6488/ray-head,3434553344,3502907392,3515711488,40184393
1785974277969841751,rayjob-bench-gblgb/ray-job-submitter,102387712,113307648,115769344,3351046
1785974277969841751,raycluster-historyserver-cpu-worker-hhkx8/ray-worker,1034006528,1076047872,1080471552,48674105
1785974277969841751,raycluster-historyserver-cpu-worker-hhkx8/collector,119119872,162013184,165777408,8059468
1785974279084746751,raycluster-historyserver-head-s6488/collector,124485632,208498688,232767488,15949675
1785974279084746751,raycluster-historyserver-head-s6488/ray-head,3447664640,3516489728,3517779968,41031943
1785974279084746751,rayjob-bench-gblgb/ray-job-submitter,102387712,113307648,115769344,3351167
1785974279084746751,raycluster-historyserver-cpu-worker-hhkx8/ray-worker,1034072064,1075937280,1080471552,50697607
1785974279084746751,raycluster-historyserver-cpu-worker-hhkx8/collector,112390144,162103296,165777408,9084149
1785974280127740669,raycluster-historyserver-head-s6488/collector,143101952,229453824,236851200,16255806
1785974280127740669,raycluster-historyserver-head-s6488/ray-head,3459383296,3527921664,3531796480,42664382
1785974280127740669,rayjob-bench-gblgb/ray-job-submitter,102387712,113307648,115769344,3351280
1785974280127740669,raycluster-historyserver-cpu-worker-hhkx8/ray-worker,1034186752,1076195328,1080471552,52872163
1785974280127740669,raycluster-historyserver-cpu-worker-hhkx8/collector,112410624,162123776,165777408,9087464
1785974281167730877,raycluster-historyserver-head-s6488/collector,127381504,219951104,236851200,17412038
1785974281167730877,raycluster-historyserver-head-s6488/ray-head,3468386304,3537149952,3537858560,43338478
1785974281167730877,rayjob-bench-gblgb/ray-job-submitter,102387712,113307648,115769344,3351494
1785974281167730877,raycluster-historyserver-cpu-worker-hhkx8/ray-worker,1049456640,1091596288,1096351744,54870117
1785974281167730877,raycluster-historyserver-cpu-worker-hhkx8/collector,120492032,170467328,170934272,9293084
1785974282211372503,raycluster-historyserver-head-s6488/collector,133574656,227966976,236851200,17528785
1785974282211372503,raycluster-historyserver-head-s6488/ray-head,3480416256,3549241344,3549896704,45313063
1785974282211372503,rayjob-bench-gblgb/ray-job-submitter,102387712,113307648,115769344,3352294
1785974282211372503,raycluster-historyserver-cpu-worker-hhkx8/ray-worker,1049526272,1091776512,1096351744,57070458
1785974282211372503,raycluster-historyserver-cpu-worker-hhkx8/collector,119975936,176238592,176238592,10467423
1785974283286508712,raycluster-historyserver-head-s6488/collector,114556928,208945152,245837824,18535750
1785974283286508712,raycluster-historyserver-head-s6488/ray-head,3501277184,3570180096,3571224576,46346657
1785974283286508712,rayjob-bench-gblgb/ray-job-submitter,102387712,113307648,115769344,3352555
1785974283286508712,raycluster-historyserver-cpu-worker-hhkx8/ray-worker,1035796480,1079132160,1096351744,59269443
1785974283286508712,raycluster-historyserver-cpu-worker-hhkx8/collector,121384960,177913856,177991680,10508357
1785974284354500087,raycluster-historyserver-head-s6488/collector,134746112,237195264,245837824,19072860
1785974284354500087,raycluster-historyserver-head-s6488/ray-head,3485974528,3554590720,3572506624,47721769
1785974284354500087,rayjob-bench-gblgb/ray-job-submitter,102387712,113307648,115769344,3352721
1785974284354500087,raycluster-historyserver-cpu-worker-hhkx8/ray-worker,1056002048,1098493952,1103241216,61269080
1785974284354500087,raycluster-historyserver-cpu-worker-hhkx8/collector,86249472,143118336,186077184,10851612
1785974285412288088,raycluster-historyserver-head-s6488/collector,112848896,215322624,255279104,19905988
1785974285412288088,raycluster-historyserver-head-s6488/ray-head,3507798016,3577184256,3578486784,49109757
1785974285412288088,rayjob-bench-gblgb/ray-job-submitter,102387712,113307648,115769344,3352914
1785974285412288088,raycluster-historyserver-cpu-worker-hhkx8/ray-worker,1039368192,1081954304,1103241216,63471744
1785974285412288088,raycluster-historyserver-cpu-worker-hhkx8/collector,116822016,180170752,186077184,11831196
1785974286463925880,raycluster-historyserver-head-s6488/collector,132145152,242479104,255279104,20459499
1785974286463925880,raycluster-historyserver-head-s6488/ray-head,3516923904,3586437120,3587432448,50271874
1785974286463925880,rayjob-bench-gblgb/ray-job-submitter,102387712,113307648,115769344,3353065
1785974286463925880,raycluster-historyserver-cpu-worker-hhkx8/ray-worker,1039691776,1082433536,1103241216,65470560
1785974286463925880,raycluster-historyserver-cpu-worker-hhkx8/collector,116822016,180170752,186077184,11831196
1785974287504958255,raycluster-historyserver-head-s6488/collector,114765824,224022528,260493312,21143179
1785974287504958255,raycluster-historyserver-head-s6488/ray-head,3535306752,3604307968,3605823488,51480325
1785974287504958255,rayjob-bench-gblgb/ray-job-submitter,102387712,113307648,115769344,3353179
1785974287504958255,raycluster-historyserver-cpu-worker-hhkx8/ray-worker,1054707712,1097568256,1103241216,67513837
1785974287504958255,raycluster-historyserver-cpu-worker-hhkx8/collector,117305344,180690944,186077184,12063834
1785974288547862964,raycluster-historyserver-head-s6488/collector,138473472,254824448,260493312,21943729
1785974288547862964,raycluster-historyserver-head-s6488/ray-head,3534458880,3603566592,3609026560,52701598
1785974288547862964,rayjob-bench-gblgb/ray-job-submitter,102387712,113307648,115769344,3353369
1785974288547862964,raycluster-historyserver-cpu-worker-hhkx8/ray-worker,1054830592,1097273344,1103241216,69667841
1785974288547862964,raycluster-historyserver-cpu-worker-hhkx8/collector,115003392,185167872,186077184,13001744
1785974289588614590,raycluster-historyserver-head-s6488/collector,112304128,228646912,273362944,22583112
1785974289588614590,raycluster-historyserver-head-s6488/ray-head,3562872832,3632386048,3634270208,54121648
1785974289588614590,rayjob-bench-gblgb/ray-job-submitter,102387712,113307648,115769344,3353495
1785974289588614590,raycluster-historyserver-cpu-worker-hhkx8/ray-worker,1055141888,1099096064,1103241216,71843474
1785974289588614590,raycluster-historyserver-cpu-worker-hhkx8/collector,115003392,185167872,186077184,13004483
1785974290642649424,raycluster-historyserver-head-s6488/collector,132460544,256708608,273362944,23327996
1785974290642649424,raycluster-historyserver-head-s6488/ray-head,3556069376,3625607168,3636084736,55272106
1785974290642649424,rayjob-bench-gblgb/ray-job-submitter,102387712,113307648,115769344,3353774
1785974290642649424,raycluster-historyserver-cpu-worker-hhkx8/ray-worker,1072672768,1115660288,1119207424,73869480
1785974290642649424,raycluster-historyserver-cpu-worker-hhkx8/collector,102268928,172429312,192761856,13408024
1785974291683756466,raycluster-historyserver-head-s6488/collector,114098176,238682112,274956288,24155519
1785974291683756466,raycluster-historyserver-head-s6488/ray-head,3592986624,3663360000,3666853888,56590592
1785974291683756466,rayjob-bench-gblgb/ray-job-submitter,102387712,113307648,115769344,3353887
1785974291683756466,raycluster-historyserver-cpu-worker-hhkx8/ray-worker,1058131968,1101279232,1119207424,75985788
1785974291683756466,raycluster-historyserver-cpu-worker-hhkx8/collector,112640000,189616128,192761856,14182373
1785974292730762841,raycluster-historyserver-head-s6488/collector,135602176,267956224,274956288,24724377
1785974292730762841,raycluster-historyserver-head-s6488/ray-head,3575590912,3647127552,3667976192,57463887
1785974292730762841,rayjob-bench-gblgb/ray-job-submitter,102387712,113307648,115769344,3354035
1785974292730762841,raycluster-historyserver-cpu-worker-hhkx8/ray-worker,1078157312,1121353728,1125957632,77484944
1785974292730762841,raycluster-historyserver-cpu-worker-hhkx8/collector,120012800,196988928,202797056,14326908
1785974293768599592,raycluster-historyserver-head-s6488/collector,112472064,243744768,286339072,25582047
1785974293768599592,raycluster-historyserver-head-s6488/ray-head,3603226624,3674796032,3675631616,57923509
1785974293768599592,rayjob-bench-gblgb/ray-job-submitter,102387712,113307648,115769344,3354149
1785974293768599592,raycluster-historyserver-cpu-worker-hhkx8/ray-worker,1063329792,1102778368,1125957632,78352907
1785974293768599592,raycluster-historyserver-cpu-worker-hhkx8/collector,119119872,202907648,204095488,15440908
1785974294807274676,raycluster-historyserver-head-s6488/collector,134017024,273297408,286339072,26112694
1785974294807274676,raycluster-historyserver-head-s6488/ray-head,3589332992,3661008896,3676909568,58627801
1785974294807274676,rayjob-bench-gblgb/ray-job-submitter,102387712,113307648,115769344,3354149
1785974294807274676,raycluster-historyserver-cpu-worker-hhkx8/ray-worker,589275136,616808448,1125957632,79265127
1785974294807274676,raycluster-historyserver-cpu-worker-hhkx8/collector,111001600,194789376,206901248,15827455
1785974295844622009,raycluster-historyserver-head-s6488/collector,113090560,256827392,297472000,27635770
1785974295844622009,raycluster-historyserver-head-s6488/ray-head,3622612992,3694354432,3695603712,59204933
1785974295844622009,rayjob-bench-gblgb/ray-job-submitter,102387712,113307648,115769344,3354149
1785974295844622009,raycluster-historyserver-cpu-worker-hhkx8/ray-worker,570343424,597827584,1125957632,79664249
1785974295844622009,raycluster-historyserver-cpu-worker-hhkx8/collector,113340416,203948032,206901248,16575531
1785974296884732760,raycluster-historyserver-head-s6488/collector,133746688,285523968,297472000,29229985
1785974296884732760,raycluster-historyserver-head-s6488/ray-head,3607261184,3679092736,3695722496,59813862
1785974296884732760,rayjob-bench-gblgb/ray-job-submitter,102387712,113307648,115769344,3354149
1785974296884732760,raycluster-historyserver-cpu-worker-hhkx8/ray-worker,591413248,618930176,1125957632,79906964
1785974296884732760,raycluster-historyserver-cpu-worker-hhkx8/collector,109912064,204296192,212570112,17495333
1785974297921750760,raycluster-historyserver-head-s6488/collector,114888704,124461056,307904512,30232666
1785974297921750760,raycluster-historyserver-head-s6488/ray-head,3634114560,3705888768,3707695104,60252857
1785974297921750760,rayjob-bench-gblgb/ray-job-submitter,102387712,113307648,115769344,3354149
1785974297921750760,raycluster-historyserver-cpu-worker-hhkx8/ray-worker,591560704,619081728,1125957632,80550229
1785974297921750760,raycluster-historyserver-cpu-worker-hhkx8/collector,86843392,184532992,225988608,17986198
1785974298959873594,raycluster-historyserver-head-s6488/collector,135024640,152465408,307904512,30716937
1785974298959873594,raycluster-historyserver-head-s6488/ray-head,3609231360,3680956416,3707695104,60867542
1785974298959873594,rayjob-bench-gblgb/ray-job-submitter,102387712,113307648,115769344,3354149
1785974298959873594,raycluster-historyserver-cpu-worker-hhkx8/ray-worker,570757120,598233088,1125957632,80853977
1785974298959873594,raycluster-historyserver-cpu-worker-hhkx8/collector,114003968,218238976,225988608,18803041
1785974299998502595,raycluster-historyserver-head-s6488/collector,115499008,135725056,307904512,31752411
1785974299998502595,raycluster-historyserver-head-s6488/ray-head,3618037760,3689857024,3707695104,61112509
1785974299998502595,rayjob-bench-gblgb/ray-job-submitter,102387712,113307648,115769344,3354149
1785974299998502595,raycluster-historyserver-cpu-worker-hhkx8/ray-worker,591585280,619106304,1125957632,81205392
1785974299998502595,raycluster-historyserver-cpu-worker-hhkx8/collector,99446784,205516800,226500608,19678962
1785974301041274304,raycluster-historyserver-head-s6488/collector,132329472,157659136,307904512,32066727
1785974301041274304,raycluster-historyserver-head-s6488/ray-head,3617312768,3689979904,3707695104,61934283
1785974301041274304,rayjob-bench-gblgb/ray-job-submitter,102387712,113307648,115769344,3354149
1785974301041274304,raycluster-historyserver-cpu-worker-hhkx8/ray-worker,577757184,605265920,1125957632,81842958
1785974301041274304,raycluster-historyserver-cpu-worker-hhkx8/collector,117882880,229015552,229879808,20135506
1785974302084525012,raycluster-historyserver-head-s6488/collector,124522496,154800128,307904512,33246404
1785974302084525012,raycluster-historyserver-head-s6488/ray-head,3617345536,3690000384,3707695104,62034871
1785974302084525012,rayjob-bench-gblgb/ray-job-submitter,102387712,113307648,115769344,3354149
1785974302084525012,raycluster-historyserver-cpu-worker-hhkx8/ray-worker,577781760,605290496,1125957632,82058273
1785974302084525012,raycluster-historyserver-cpu-worker-hhkx8/collector,114118656,231989248,232022016,21068570
1785974303127636805,raycluster-historyserver-head-s6488/collector,152576000,186073088,307904512,33546571
1785974303127636805,raycluster-historyserver-head-s6488/ray-head,3576348672,3685269504,3707695104,63044278
1785974303127636805,rayjob-bench-gblgb/ray-job-submitter,102387712,113307648,115769344,3354149
1785974303127636805,raycluster-historyserver-cpu-worker-hhkx8/ray-worker,455049216,478785536,1125957632,82492346
1785974303127636805,raycluster-historyserver-cpu-worker-hhkx8/collector,97746944,216707072,241410048,21856323
1785974304170473305,raycluster-historyserver-head-s6488/collector,126816256,166424576,307904512,34726487
1785974304170473305,raycluster-historyserver-head-s6488/ray-head,3353276416,3421315072,3707695104,63255532
1785974304170473305,rayjob-bench-gblgb/ray-job-submitter,102387712,113307648,115769344,3354149
1785974304170473305,raycluster-historyserver-cpu-worker-hhkx8/ray-worker,455135232,478867456,1125957632,83144765
1785974304170473305,raycluster-historyserver-cpu-worker-hhkx8/collector,116953088,241909760,248324096,22410929
1785974305211067916,raycluster-historyserver-head-s6488/collector,145231872,186642432,307904512,35051990
1785974305211067916,raycluster-historyserver-head-s6488/ray-head,3353407488,3421896704,3707695104,63968570
1785974305211067916,rayjob-bench-gblgb/ray-job-submitter,102387712,113307648,115769344,3354149
1785974305211067916,raycluster-historyserver-cpu-worker-hhkx8/ray-worker,455172096,478900224,1125957632,83172045
1785974305211067916,raycluster-historyserver-cpu-worker-hhkx8/collector,113381376,244994048,248324096,24545269
1785974306249084083,raycluster-historyserver-head-s6488/collector,125222912,173645824,307904512,36062948
1785974306249084083,raycluster-historyserver-head-s6488/ray-head,3353387008,3421409280,3707695104,64046790
1785974306249084083,rayjob-bench-gblgb/ray-job-submitter,102387712,113307648,115769344,3354149
1785974306249084083,raycluster-historyserver-cpu-worker-hhkx8/ray-worker,455188480,478920704,1125957632,83716588
1785974306249084083,raycluster-historyserver-cpu-worker-hhkx8/collector,92332032,100630528,255619072,25629465
1785974307289510917,raycluster-historyserver-head-s6488/collector,125222912,173645824,307904512,36062948
1785974307289510917,raycluster-historyserver-head-s6488/ray-head,3353403392,3421421568,3707695104,64149219
1785974307289510917,raycluster-historyserver-cpu-worker-hhkx8/ray-worker,455208960,478941184,1125957632,83742524
1785974307289510917,raycluster-historyserver-cpu-worker-hhkx8/collector,107192320,121417728,255619072,26273489
1785974308329128168,raycluster-historyserver-head-s6488/collector,125255680,173682688,307904512,36064549
1785974308329128168,raycluster-historyserver-head-s6488/ray-head,3353731072,3421749248,3707695104,64236422
1785974308329128168,raycluster-historyserver-cpu-worker-hhkx8/ray-worker,455208960,478937088,1125957632,83772315
1785974308329128168,raycluster-historyserver-cpu-worker-hhkx8/collector,107192320,121417728,255619072,26273489
1785974309375388627,raycluster-historyserver-head-s6488/collector,125255680,173682688,307904512,36064549
1785974309375388627,raycluster-historyserver-head-s6488/ray-head,3353882624,3422154752,3707695104,64310382
1785974309375388627,raycluster-historyserver-cpu-worker-hhkx8/ray-worker,455225344,478953472,1125957632,83789327
1785974309375388627,raycluster-historyserver-cpu-worker-hhkx8/collector,107241472,121466880,255619072,26279961
1785974310409178294,raycluster-historyserver-head-s6488/collector,125267968,173690880,307904512,36067781
1785974310409178294,raycluster-historyserver-head-s6488/ray-head,3356180480,3424198656,3707695104,64414178
1785974310409178294,raycluster-historyserver-cpu-worker-hhkx8/ray-worker,455225344,478957568,1125957632,83811453
1785974310409178294,raycluster-historyserver-cpu-worker-hhkx8/collector,107241472,121466880,255619072,26280033
1785974311443721378,raycluster-historyserver-head-s6488/collector,126324736,174907392,307904512,36151060
1785974311443721378,raycluster-historyserver-head-s6488/ray-head,2944229376,3003035648,3707695104,64567228
1785974311443721378,raycluster-historyserver-cpu-worker-hhkx8/ray-worker,107606016,124051456,1125957632,83912315
1785974311443721378,raycluster-historyserver-cpu-worker-hhkx8/collector,107544576,121933824,255619072,26381306
1785974316655057755,historyserver-demo-7f67bfd478-qpfd9/historyserver,36671488,37482496,37965824,266466
1785974317684998881,historyserver-demo-7f67bfd478-qpfd9/historyserver,67911680,69980160,70701056,599700
1785974318716382423,historyserver-demo-7f67bfd478-qpfd9/historyserver,393912320,396664832,397127680,1104695
1785974319750029590,historyserver-demo-7f67bfd478-qpfd9/historyserver,516923392,520163328,520425472,1636924
1785974320780205840,historyserver-demo-7f67bfd478-qpfd9/historyserver,517517312,520507392,521015296,2144412
1785974321809990924,historyserver-demo-7f67bfd478-qpfd9/historyserver,518049792,521039872,521674752,2647225
1785974322839080675,historyserver-demo-7f67bfd478-qpfd9/historyserver,518647808,521875456,522137600,3179237
1785974323870069342,historyserver-demo-7f67bfd478-qpfd9/historyserver,519213056,522207232,522596352,3695261
1785974324903086051,historyserver-demo-7f67bfd478-qpfd9/historyserver,519761920,522760192,523243520,4195647
1785974325936121509,historyserver-demo-7f67bfd478-qpfd9/historyserver,520355840,523587584,523939840,4732670
1785974326973117468,historyserver-demo-7f67bfd478-qpfd9/historyserver,529334272,532348928,532652032,5247252
1785974328013064635,historyserver-demo-7f67bfd478-qpfd9/historyserver,555089920,558419968,558678016,5761329
1785974329053081011,historyserver-demo-7f67bfd478-qpfd9/historyserver,572854272,575950848,576581632,6295365
1785974330096168470,historyserver-demo-7f67bfd478-qpfd9/historyserver,578027520,581136384,581902336,6795593
1785974331137131595,historyserver-demo-7f67bfd478-qpfd9/historyserver,578039808,581148672,581902336,7333326
1785974332175057554,historyserver-demo-7f67bfd478-qpfd9/historyserver,578273280,581382144,581988352,7844496
1785974333213130555,historyserver-demo-7f67bfd478-qpfd9/historyserver,578682880,582041600,582254592,8356922
1785974334251029847,historyserver-demo-7f67bfd478-qpfd9/historyserver,579235840,582569984,583028736,8893265
1785974335288749750,historyserver-demo-7f67bfd478-qpfd9/historyserver,579780608,582893568,583516160,9393303
1785974336328808417,historyserver-demo-7f67bfd478-qpfd9/historyserver,580386816,583737344,584089600,9924107
1785974337368812042,historyserver-demo-7f67bfd478-qpfd9/historyserver,593063936,596205568,596467712,10444959
1785974338407810168,historyserver-demo-7f67bfd478-qpfd9/historyserver,616775680,620204032,620204032,10950645
1785974339446781502,historyserver-demo-7f67bfd478-qpfd9/historyserver,645140480,648384512,648757248,11496034
1785974340484802169,historyserver-demo-7f67bfd478-qpfd9/historyserver,650752000,654008320,654278656,11997533
1785974341524766169,historyserver-demo-7f67bfd478-qpfd9/historyserver,660205568,663965696,663965696,12545179
1785974342565671336,historyserver-demo-7f67bfd478-qpfd9/historyserver,667648000,670932992,671473664,13058140
1785974343645881670,historyserver-demo-7f67bfd478-qpfd9/historyserver,668602368,672145408,672636928,13593095
1785974344686788504,historyserver-demo-7f67bfd478-qpfd9/historyserver,672669696,675966976,676352000,14095130
1785974345729834755,historyserver-demo-7f67bfd478-qpfd9/historyserver,685625344,689176576,689434624,14626854
1785974346770802838,historyserver-demo-7f67bfd478-qpfd9/historyserver,705024000,708382720,708644864,15145096
1785974347813790214,historyserver-demo-7f67bfd478-qpfd9/historyserver,724488192,728129536,728137728,15659615
1785974348858792589,historyserver-demo-7f67bfd478-qpfd9/historyserver,743571456,747003904,747020288,16193348
1785974349900832715,historyserver-demo-7f67bfd478-qpfd9/historyserver,763133952,766603264,767090688,16697371
1785974350941805299,historyserver-demo-7f67bfd478-qpfd9/historyserver,784912384,788557824,788819968,17239351
1785974351983740049,historyserver-demo-7f67bfd478-qpfd9/historyserver,802136064,805687296,805949440,17745649
1785974353025724591,historyserver-demo-7f67bfd478-qpfd9/historyserver,823308288,827150336,827408384,18273180
1785974354067813425,historyserver-demo-7f67bfd478-qpfd9/historyserver,844636160,848265216,848527360,18793664
1785974355109789551,historyserver-demo-7f67bfd478-qpfd9/historyserver,862126080,865800192,866099200,19305166
1785974356151891843,historyserver-demo-7f67bfd478-qpfd9/historyserver,883146752,886865920,887169024,19842797
1785974357193726885,historyserver-demo-7f67bfd478-qpfd9/historyserver,900444160,904187904,904605696,20345947
1785974358239787594,historyserver-demo-7f67bfd478-qpfd9/historyserver,921939968,925794304,925794304,20884659
1785974359280851178,historyserver-demo-7f67bfd478-qpfd9/historyserver,940568576,944390144,944664576,21392334
1785974360321900095,historyserver-demo-7f67bfd478-qpfd9/historyserver,960417792,964747264,965009408,21919032
1785974361362950679,historyserver-demo-7f67bfd478-qpfd9/historyserver,981938176,985853952,986271744,22442863
1785974362401046388,historyserver-demo-7f67bfd478-qpfd9/historyserver,987815936,991731712,992403456,22944883
1785974363438004430,historyserver-demo-7f67bfd478-qpfd9/historyserver,995082240,999456768,1000067072,23495613
1785974364477750805,historyserver-demo-7f67bfd478-qpfd9/historyserver,1000095744,1004036096,1004638208,23995295
1785974365514757083,historyserver-demo-7f67bfd478-qpfd9/historyserver,1005277184,1009491968,1009750016,24536990
1785974366561621042,historyserver-demo-7f67bfd478-qpfd9/historyserver,1010708480,1014669312,1015660544,25041406
1785974367600943001,historyserver-demo-7f67bfd478-qpfd9/historyserver,1010720768,1014681600,1015660544,25542265
1785974368640535501,historyserver-demo-7f67bfd478-qpfd9/historyserver,1010724864,1014689792,1015660544,26083997
1785974369680624668,historyserver-demo-7f67bfd478-qpfd9/historyserver,1010737152,1014702080,1015660544,26592653
1785974370717867127,historyserver-demo-7f67bfd478-qpfd9/historyserver,1010741248,1014706176,1015660544,27113990
1785974371760614294,historyserver-demo-7f67bfd478-qpfd9/historyserver,1010745344,1014706176,1015660544,27643797
1785974372799458920,historyserver-demo-7f67bfd478-qpfd9/historyserver,1010749440,1014710272,1015660544,28143542
1785974373841778254,historyserver-demo-7f67bfd478-qpfd9/historyserver,1010753536,1014714368,1015660544,28696011
1785974374940739213,historyserver-demo-7f67bfd478-qpfd9/historyserver,1010761728,1014984704,1015660544,29240739
1785974375987710671,historyserver-demo-7f67bfd478-qpfd9/historyserver,1010761728,1014726656,1015660544,29742675
1785974377033146047,historyserver-demo-7f67bfd478-qpfd9/historyserver,1010774016,1014738944,1015660544,30283065
1785974378074450881,historyserver-demo-7f67bfd478-qpfd9/historyserver,1010778112,1014743040,1015660544,30793336
1785974379111488965,historyserver-demo-7f67bfd478-qpfd9/historyserver,1010798592,1014759424,1015660544,31322460
1785974380174601090,historyserver-demo-7f67bfd478-qpfd9/historyserver,1010843648,1014804480,1015660544,31842056
1785974381221580174,historyserver-demo-7f67bfd478-qpfd9/historyserver,1010925568,1015148544,1015660544,32364761
1785974382259499549,historyserver-demo-7f67bfd478-qpfd9/historyserver,1011355648,1015316480,1016246272,32892437
1785974383298500758,historyserver-demo-7f67bfd478-qpfd9/historyserver,1011806208,1015775232,1016483840,33393817
1785974384337502509,historyserver-demo-7f67bfd478-qpfd9/historyserver,1012252672,1016451072,1016934400,33930271
1785974385378536176,historyserver-demo-7f67bfd478-qpfd9/historyserver,1012658176,1016623104,1017348096,34441770
1785974386417718510,historyserver-demo-7f67bfd478-qpfd9/historyserver,1012961280,1017180160,1017880576,34989991
1785974387462562094,historyserver-demo-7f67bfd478-qpfd9/historyserver,1013141504,1017106432,1018097664,35494433
1785974388503501011,historyserver-demo-7f67bfd478-qpfd9/historyserver,1013338112,1017303040,1018314752,36007302
1785974389545651428,historyserver-demo-7f67bfd478-qpfd9/historyserver,1013469184,1017434112,1018314752,36546247
1785974390587551803,historyserver-demo-7f67bfd478-qpfd9/historyserver,1013596160,1017565184,1018511360,37045982
1785974391629767179,historyserver-demo-7f67bfd478-qpfd9/historyserver,1015676928,1019650048,1020424192,37585314
1785974392682487221,historyserver-demo-7f67bfd478-qpfd9/historyserver,1015676928,1019645952,1020424192,38092931
1785974393719971930,historyserver-demo-7f67bfd478-qpfd9/historyserver,1015685120,1019662336,1020424192,38615787
1785974394763740305,historyserver-demo-7f67bfd478-qpfd9/historyserver,1064009728,1068081152,1068949504,39143218
1785974395803926583,historyserver-demo-7f67bfd478-qpfd9/historyserver,1064013824,1068093440,1068949504,39648988
1785974396842574834,historyserver-demo-7f67bfd478-qpfd9/historyserver,1064022016,1068097536,1068949504,40186397
1785974397882702876,historyserver-demo-7f67bfd478-qpfd9/historyserver,1064026112,1068101632,1068949504,40692068
1785974398921844210,historyserver-demo-7f67bfd478-qpfd9/historyserver,1064038400,1068109824,1068949504,41219424
1785974399968599877,historyserver-demo-7f67bfd478-qpfd9/historyserver,1064038400,1068122112,1068949504,41743169
1785974401008679252,historyserver-demo-7f67bfd478-qpfd9/historyserver,1064046592,1068126208,1068949504,42254922
1785974402053140003,historyserver-demo-7f67bfd478-qpfd9/historyserver,1316077568,1320640512,1321099264,42793304
1785974403093312212,historyserver-demo-7f67bfd478-qpfd9/historyserver,1351946240,1356587008,1356926976,43294625
1785974404144590004,historyserver-demo-7f67bfd478-qpfd9/historyserver,1394126848,1449013248,1449783296,43841195
1785974405186623796,historyserver-demo-7f67bfd478-qpfd9/historyserver,1337114624,1395236864,1449783296,44340746
1785974406229460880,historyserver-demo-7f67bfd478-qpfd9/historyserver,1336541184,1394794496,1449783296,44873682
1785974407269876297,historyserver-demo-7f67bfd478-qpfd9/historyserver,1336553472,1394806784,1449783296,45393881
1785974408323911381,historyserver-demo-7f67bfd478-qpfd9/historyserver,1161326592,1307435008,1449783296,45931833
1785974409379537756,historyserver-demo-7f67bfd478-qpfd9/historyserver,1161326592,1307435008,1449783296,46442296
1785974410418469757,historyserver-demo-7f67bfd478-qpfd9/historyserver,1161326592,1307439104,1449783296,46962824
1785974411458603716,historyserver-demo-7f67bfd478-qpfd9/historyserver,1161326592,1307435008,1449783296,47493114
1785974412498597799,historyserver-demo-7f67bfd478-qpfd9/historyserver,1161330688,1307439104,1449783296,47993490
1785974413536486008,historyserver-demo-7f67bfd478-qpfd9/historyserver,1161334784,1307447296,1449783296,48528966
1785974414574472259,historyserver-demo-7f67bfd478-qpfd9/historyserver,1161338880,1307447296,1449783296,49043737
1785974415612465634,historyserver-demo-7f67bfd478-qpfd9/historyserver,1161338880,1307451392,1449783296,49557408
1785974416652644218,historyserver-demo-7f67bfd478-qpfd9/historyserver,1161355264,1307463680,1449783296,50092777
1785974417708629010,historyserver-demo-7f67bfd478-qpfd9/historyserver,1161355264,1307463680,1449783296,50603329
1785974418749405636,historyserver-demo-7f67bfd478-qpfd9/historyserver,1161355264,1307463680,1449783296,51144527
1785974419795620720,historyserver-demo-7f67bfd478-qpfd9/historyserver,1161408512,1307516928,1449783296,51644953
1785974420849531553,historyserver-demo-7f67bfd478-qpfd9/historyserver,1161408512,1307516928,1449783296,52193051
1785974421887523012,historyserver-demo-7f67bfd478-qpfd9/historyserver,1161408512,1307521024,1449783296,52695928
1785974422925379846,historyserver-demo-7f67bfd478-qpfd9/historyserver,1162178560,1308291072,1449783296,53243217
1785974423968446222,historyserver-demo-7f67bfd478-qpfd9/historyserver,1162309632,1308418048,1449783296,53743594
1785974425005434972,historyserver-demo-7f67bfd478-qpfd9/historyserver,1162358784,1308729344,1449783296,54248635
1785974426043336500,historyserver-demo-7f67bfd478-qpfd9/historyserver,1162412032,1308528640,1449783296,54786070
1785974427081251375,historyserver-demo-7f67bfd478-qpfd9/historyserver,1162465280,1308573696,1449783296,55294354
1785974428121323834,historyserver-demo-7f67bfd478-qpfd9/historyserver,1163472896,1309847552,1449783296,55815571
1785974429159293585,historyserver-demo-7f67bfd478-qpfd9/historyserver,1164451840,1310961664,1449783296,56343826
1785974430196383044,historyserver-demo-7f67bfd478-qpfd9/historyserver,1193115648,1339224064,1449783296,56845070
1785974431235460169,historyserver-demo-7f67bfd478-qpfd9/historyserver,1221922816,1369100288,1449783296,57379198
1785974432273247003,historyserver-demo-7f67bfd478-qpfd9/historyserver,1252761600,1398865920,1449783296,57892511
1785974433312306670,historyserver-demo-7f67bfd478-qpfd9/historyserver,1281523712,1427779584,1449783296,58406179
1785974434349334087,historyserver-demo-7f67bfd478-qpfd9/historyserver,1311309824,1457491968,1457491968,58941964
1785974435385311796,historyserver-demo-7f67bfd478-qpfd9/historyserver,1339715584,1485819904,1486094336,59443756
1785974436422575797,historyserver-demo-7f67bfd478-qpfd9/historyserver,1362411520,1509048320,1509306368,59965219
1785974437462552714,historyserver-demo-7f67bfd478-qpfd9/historyserver,1376403456,1523298304,1523589120,60494052
1785974438500547089,historyserver-demo-7f67bfd478-qpfd9/historyserver,1390317568,1536421888,1536688128,60993487
1785974439539435548,historyserver-demo-7f67bfd478-qpfd9/historyserver,1404375040,1550688256,1550692352,61534898
1785974440578983257,historyserver-demo-7f67bfd478-qpfd9/historyserver,1418919936,1565024256,1565523968,62042287
1785974441616691466,historyserver-demo-7f67bfd478-qpfd9/historyserver,1433575424,1580204032,1580212224,62559644
1785974442657583758,historyserver-demo-7f67bfd478-qpfd9/historyserver,1439371264,1585516544,1586176000,63092966
1785974443696961550,historyserver-demo-7f67bfd478-qpfd9/historyserver,1440014336,1586122752,1587101696,63594699
1785974444736452301,historyserver-demo-7f67bfd478-qpfd9/historyserver,1440350208,1586708480,1587171328,64130008
1785974445775282968,historyserver-demo-7f67bfd478-qpfd9/historyserver,1440559104,1586667520,1587400704,64646246
1785974446811285927,historyserver-demo-7f67bfd478-qpfd9/historyserver,1440649216,1586757632,1587400704,65168553
1785974447849423844,historyserver-demo-7f67bfd478-qpfd9/historyserver,1440747520,1586872320,1587904512,65695117
1785974448885672928,historyserver-demo-7f67bfd478-qpfd9/historyserver,1440870400,1586995200,1587970048,66194490
1785974449920602678,historyserver-demo-7f67bfd478-qpfd9/historyserver,1441128448,1587761152,1588256768,66734098
1785974450960529054,historyserver-demo-7f67bfd478-qpfd9/historyserver,1441296384,1587417088,1588256768,67245996
1785974451998723929,historyserver-demo-7f67bfd478-qpfd9/historyserver,1441390592,1587523584,1588289536,67743664
1785974453039428221,historyserver-demo-7f67bfd478-qpfd9/historyserver,1441296384,1587404800,1588289536,68282523
1785974454080679597,historyserver-demo-7f67bfd478-qpfd9/historyserver,1441304576,1587421184,1588289536,68793030
1785974455118680375,historyserver-demo-7f67bfd478-qpfd9/historyserver,1441316864,1587429376,1588289536,69313745
1785974456159222917,historyserver-demo-7f67bfd478-qpfd9/historyserver,1441337344,1587449856,1588289536,69842218
1785974457198073167,historyserver-demo-7f67bfd478-qpfd9/historyserver,1441341440,1587449856,1588289536,70340968
1785974458236399251,historyserver-demo-7f67bfd478-qpfd9/historyserver,1441349632,1587462144,1588289536,70880685
1785974459275137335,historyserver-demo-7f67bfd478-qpfd9/historyserver,1441349632,1587458048,1588289536,71394884
1785974460318005752,historyserver-demo-7f67bfd478-qpfd9/historyserver,1441394688,1587511296,1588547584,71916324
1785974461362002669,historyserver-demo-7f67bfd478-qpfd9/historyserver,1441415168,1587531776,1588547584,72443215
1785974462402646170,historyserver-demo-7f67bfd478-qpfd9/historyserver,1441509376,1587654656,1588547584,72946264
1785974463444222670,historyserver-demo-7f67bfd478-qpfd9/historyserver,1441878016,1588224000,1588731904,73491770
1785974464487200796,historyserver-demo-7f67bfd478-qpfd9/historyserver,1442144256,1588330496,1589342208,73994163
1785974465524196296,historyserver-demo-7f67bfd478-qpfd9/historyserver,1442545664,1588932608,1589510144,74518331
1785974466567233922,historyserver-demo-7f67bfd478-qpfd9/historyserver,1445273600,1591504896,1592016896,75043527
1785974467606545380,historyserver-demo-7f67bfd478-qpfd9/historyserver,1460965376,1607315456,1607520256,75550049
1785974468645377006,historyserver-demo-7f67bfd478-qpfd9/historyserver,1477488640,1623838720,1624027136,76090194
1785974469685532381,historyserver-demo-7f67bfd478-qpfd9/historyserver,1493254144,1639383040,1639788544,76592405
1785974470723782049,historyserver-demo-7f67bfd478-qpfd9/historyserver,1499131904,1645568000,1645830144,77122910
1785974471770272257,historyserver-demo-7f67bfd478-qpfd9/historyserver,1499475968,1645674496,1646129152,77642066
1785974472812362341,historyserver-demo-7f67bfd478-qpfd9/historyserver,1499832320,1646026752,1646542848,78156738
1785974473855414883,historyserver-demo-7f67bfd478-qpfd9/historyserver,1500270592,1646399488,1647398912,78692216
1785974474898164967,historyserver-demo-7f67bfd478-qpfd9/historyserver,1500672000,1646800896,1647542272,79200208
1785974475952029176,historyserver-demo-7f67bfd478-qpfd9/historyserver,1501057024,1647190016,1648041984,79742990
1785974476993264635,historyserver-demo-7f67bfd478-qpfd9/historyserver,1501458432,1647591424,1648304128,80242928
1785974478032061260,historyserver-demo-7f67bfd478-qpfd9/historyserver,1501888512,1648263168,1648701440,80774827
1785974479072061469,historyserver-demo-7f67bfd478-qpfd9/historyserver,1502294016,1648427008,1649004544,81290470
1785974480112073928,historyserver-demo-7f67bfd478-qpfd9/historyserver,1502699520,1648832512,1649541120,81805638
1785974481153031887,historyserver-demo-7f67bfd478-qpfd9/historyserver,1503105024,1649242112,1649696768,82343514
1785974482195132054,historyserver-demo-7f67bfd478-qpfd9/historyserver,1503494144,1649639424,1650368512,82842882
1785974483234089430,historyserver-demo-7f67bfd478-qpfd9/historyserver,1503916032,1650298880,1650819072,83379635
1785974484276198638,historyserver-demo-7f67bfd478-qpfd9/historyserver,1504346112,1650483200,1651171328,83893837
1785974485316033083,historyserver-demo-7f67bfd478-qpfd9/historyserver,1504735232,1651126272,1651544064,84410058
1785974486357531083,historyserver-demo-7f67bfd478-qpfd9/historyserver,1505079296,1651224576,1652023296,84829124
1785974487403903626,historyserver-demo-7f67bfd478-qpfd9/historyserver,1506287616,1652441088,1653211136,85002435
1785974488448250251,historyserver-demo-7f67bfd478-qpfd9/historyserver,874565632,1057443840,1658445824,85538552
1785974489494045002,historyserver-demo-7f67bfd478-qpfd9/historyserver,559575040,660975616,1658445824,86039973
1785974490537012460,historyserver-demo-7f67bfd478-qpfd9/historyserver,559775744,661176320,1658445824,86580229
1785974491578895461,historyserver-demo-7f67bfd478-qpfd9/historyserver,559837184,661233664,1658445824,87089344
1785974492621036336,historyserver-demo-7f67bfd478-qpfd9/historyserver,559947776,661352448,1658445824,87612165
1785974493665979420,historyserver-demo-7f67bfd478-qpfd9/historyserver,559984640,661426176,1658445824,88135924
1785974494710160337,historyserver-demo-7f67bfd478-qpfd9/historyserver,560533504,661942272,1658445824,88650290
1785974495751141880,historyserver-demo-7f67bfd478-qpfd9/historyserver,562860032,664260608,1658445824,89187960
1785974496794899588,historyserver-demo-7f67bfd478-qpfd9/historyserver,591294464,692723712,1658445824,89687438
1785974497837859631,historyserver-demo-7f67bfd478-qpfd9/historyserver,612626432,714072064,1658445824,90240407
1785974498893161548,historyserver-demo-7f67bfd478-qpfd9/historyserver,620937216,722632704,1658445824,90752630
1785974499946628007,historyserver-demo-7f67bfd478-qpfd9/historyserver,621154304,722608128,1658445824,91289668
1785974500996739299,historyserver-demo-7f67bfd478-qpfd9/historyserver,629198848,730664960,1658445824,91791747
1785974502041166841,historyserver-demo-7f67bfd478-qpfd9/historyserver,651788288,753270784,1658445824,92337555
1785974503094010175,historyserver-demo-7f67bfd478-qpfd9/historyserver,679759872,781250560,1658445824,92836617
1785974504138173300,historyserver-demo-7f67bfd478-qpfd9/historyserver,712478720,814116864,1658445824,93382071
1785974505183551592,historyserver-demo-7f67bfd478-qpfd9/historyserver,742232064,843710464,1658445824,93888430
1785974506229025426,historyserver-demo-7f67bfd478-qpfd9/historyserver,772759552,874233856,1658445824,94425383
1785974507276930718,historyserver-demo-7f67bfd478-qpfd9/historyserver,803147776,904667136,1658445824,94941265
1785974508320936511,historyserver-demo-7f67bfd478-qpfd9/historyserver,835284992,937082880,1658445824,95472870
1785974509367067178,historyserver-demo-7f67bfd478-qpfd9/historyserver,843468800,944988160,1658445824,95991612
1785974510420114637,historyserver-demo-7f67bfd478-qpfd9/historyserver,851501056,953020416,1658445824,96541801
1785974511480269345,historyserver-demo-7f67bfd478-qpfd9/historyserver,857927680,959447040,1658445824,97043045
1785974512536409513,historyserver-demo-7f67bfd478-qpfd9/historyserver,859410432,960925696,1658445824,97587227
1785974513596100096,historyserver-demo-7f67bfd478-qpfd9/historyserver,859504640,961028096,1658445824,98087645
1785974514642109139,historyserver-demo-7f67bfd478-qpfd9/historyserver,872792064,974290944,1658445824,98635879
1785974515686922375,historyserver-demo-7f67bfd478-qpfd9/historyserver,887472128,988987392,1658445824,99134225
1785974516736196875,historyserver-demo-7f67bfd478-qpfd9/historyserver,903622656,1005187072,1658445824,99676097
1785974517783592292,historyserver-demo-7f67bfd478-qpfd9/historyserver,920748032,1022443520,1658445824,100195510
1785974518852994668,historyserver-demo-7f67bfd478-qpfd9/historyserver,937742336,1039253504,1658445824,100733913
1785974519906492710,historyserver-demo-7f67bfd478-qpfd9/historyserver,955809792,1057325056,1658445824,101283252
1785974520994842669,historyserver-demo-7f67bfd478-qpfd9/historyserver,974856192,1076359168,1658445824,101792120
1785974522045830044,historyserver-demo-7f67bfd478-qpfd9/historyserver,994836480,1096454144,1658445824,102336379
1785974523093811128,historyserver-demo-7f67bfd478-qpfd9/historyserver,1013829632,1115344896,1658445824,102838032
1785974524136895504,historyserver-demo-7f67bfd478-qpfd9/historyserver,1034080256,1136001024,1658445824,103379366
1785974525183807254,historyserver-demo-7f67bfd478-qpfd9/historyserver,1053790208,1155301376,1658445824,103888111
1785974526228958505,historyserver-demo-7f67bfd478-qpfd9/historyserver,1076011008,1177563136,1658445824,104429173
1785974527280824672,historyserver-demo-7f67bfd478-qpfd9/historyserver,1095905280,1197416448,1658445824,104935121
1785974528328247964,historyserver-demo-7f67bfd478-qpfd9/historyserver,1116205056,1217732608,1658445824,105471952
1785974529377869381,historyserver-demo-7f67bfd478-qpfd9/historyserver,1134542848,1236054016,1658445824,105985496
1785974530425192340,historyserver-demo-7f67bfd478-qpfd9/historyserver,1155231744,1256857600,1658445824,106527919
1785974531482949591,historyserver-demo-7f67bfd478-qpfd9/historyserver,1173393408,1274904576,1658445824,107033522
1785974532540004591,historyserver-demo-7f67bfd478-qpfd9/historyserver,1193775104,1295355904,1658445824,107582184
1785974533588817217,historyserver-demo-7f67bfd478-qpfd9/historyserver,1212674048,1314185216,1658445824,108083717
1785974534635240634,historyserver-demo-7f67bfd478-qpfd9/historyserver,1233047552,1334562816,1658445824,108634979
1785974535692891468,historyserver-demo-7f67bfd478-qpfd9/historyserver,1250873344,1352384512,1658445824,109135945
1785974536739412968,historyserver-demo-7f67bfd478-qpfd9/historyserver,1266454528,1367969792,1658445824,109686036
1785974537800921802,historyserver-demo-7f67bfd478-qpfd9/historyserver,1272107008,1373732864,1658445824,110203389
1785974538848220719,historyserver-demo-7f67bfd478-qpfd9/historyserver,1277710336,1379229696,1658445824,110736206
1785974539907013678,historyserver-demo-7f67bfd478-qpfd9/historyserver,1284550656,1386061824,1658445824,111287380
1785974540970188512,historyserver-demo-7f67bfd478-qpfd9/historyserver,1289986048,1391497216,1658445824,111788671
1785974542023275179,historyserver-demo-7f67bfd478-qpfd9/historyserver,1296916480,1398427648,1658445824,112336872
1785974543081933346,historyserver-demo-7f67bfd478-qpfd9/historyserver,1300312064,1401823232,1658445824,112837988
1785974544132982055,historyserver-demo-7f67bfd478-qpfd9/historyserver,1287598080,1391984640,1658445824,113375765
1785974545179884583,historyserver-demo-7f67bfd478-qpfd9/historyserver,1287684096,1391816704,1658445824,113885650
1785974546224754000,historyserver-demo-7f67bfd478-qpfd9/historyserver,1287700480,1391833088,1658445824,114417394
1785974547273754167,historyserver-demo-7f67bfd478-qpfd9/historyserver,1287716864,1391849472,1658445824,114935940
1785974548319669043,historyserver-demo-7f67bfd478-qpfd9/historyserver,1287725056,1391857664,1658445824,115462600
1785974549367683502,historyserver-demo-7f67bfd478-qpfd9/historyserver,1287729152,1391861760,1658445824,115985454
1785974550411714919,historyserver-demo-7f67bfd478-qpfd9/historyserver,1287782400,1391919104,1658445824,116502644
1785974551456636711,historyserver-demo-7f67bfd478-qpfd9/historyserver,1287786496,1391919104,1658445824,117036125
1785974552500777378,historyserver-demo-7f67bfd478-qpfd9/historyserver,1287790592,1391927296,1658445824,117541175
1785974553544960045,historyserver-demo-7f67bfd478-qpfd9/historyserver,1287794688,1391931392,1658445824,118084908
1785974554595660004,historyserver-demo-7f67bfd478-qpfd9/historyserver,1287798784,1391931392,1658445824,118585697
1785974555641950255,historyserver-demo-7f67bfd478-qpfd9/historyserver,1287798784,1391931392,1658445824,119131834
1785974556684698505,historyserver-demo-7f67bfd478-qpfd9/historyserver,1287798784,1391935488,1658445824,119635272
1785974557729702047,historyserver-demo-7f67bfd478-qpfd9/historyserver,1338597376,1442996224,1658445824,120171881
1785974558776777339,historyserver-demo-7f67bfd478-qpfd9/historyserver,1338941440,1443078144,1658445824,120685794
1785974559823967548,historyserver-demo-7f67bfd478-qpfd9/historyserver,1339117568,1443254272,1658445824,121225056
1785974560883674049,historyserver-demo-7f67bfd478-qpfd9/historyserver,1339121664,1443258368,1658445824,121732741
1785974561930628466,historyserver-demo-7f67bfd478-qpfd9/historyserver,1354629120,1458962432,1658445824,122267408
1785974562974128466,historyserver-demo-7f67bfd478-qpfd9/historyserver,1290629120,1394765824,1658445824,122785329
1785974564027480175,historyserver-demo-7f67bfd478-qpfd9/historyserver,1291468800,1395605504,1658445824,123336359
1785974565082749676,historyserver-demo-7f67bfd478-qpfd9/historyserver,1294573568,1402327040,1658445824,123838422
1785974566130061343,historyserver-demo-7f67bfd478-qpfd9/historyserver,1264979968,1358692352,1658445824,124385546
1785974567178676593,historyserver-demo-7f67bfd478-qpfd9/historyserver,1350062080,1443803136,1658445824,124883721
1785974568226717469,historyserver-demo-7f67bfd478-qpfd9/historyserver,1449857024,1543602176,1658445824,125434820
1785974569275411844,historyserver-demo-7f67bfd478-qpfd9/historyserver,1236828160,1344737280,1658445824,125934783
1785974570323672345,historyserver-demo-7f67bfd478-qpfd9/historyserver,1212973056,1318797312,1658445824,126463947
1785974571366563262,historyserver-demo-7f67bfd478-qpfd9/historyserver,1212977152,1318916096,1658445824,126985605
1785974572407852846,historyserver-demo-7f67bfd478-qpfd9/historyserver,1212985344,1318920192,1658445824,127494383
1785974573449411305,historyserver-demo-7f67bfd478-qpfd9/historyserver,1212993536,1318932480,1658445824,128034665
1785974574491176680,historyserver-demo-7f67bfd478-qpfd9/historyserver,1213001728,1318936576,1658445824,128537294
1785974575533808750,historyserver-demo-7f67bfd478-qpfd9/historyserver,1213005824,1318940672,1658445824,129070744
1785974576572695375,historyserver-demo-7f67bfd478-qpfd9/historyserver,1213022208,1318957056,1658445824,129588003
1785974577613762667,historyserver-demo-7f67bfd478-qpfd9/historyserver,1213022208,1318961152,1658445824,130111680
1785974578650569085,historyserver-demo-7f67bfd478-qpfd9/historyserver,1213022208,1318957056,1658445824,130637222
1785974579686636293,historyserver-demo-7f67bfd478-qpfd9/historyserver,1213022208,1318957056,1658445824,131137403
1785974580722588794,historyserver-demo-7f67bfd478-qpfd9/historyserver,1213022208,1318965248,1658445824,131654311
1785974581754554878,historyserver-demo-7f67bfd478-qpfd9/historyserver,1213022208,1318957056,1658445824,132184468
1785974582789546837,historyserver-demo-7f67bfd478-qpfd9/historyserver,1213022208,1318957056,1658445824,132683198
1785974583825546545,historyserver-demo-7f67bfd478-qpfd9/historyserver,1213022208,1318965248,1658445824,133207663
1785974584859527421,historyserver-demo-7f67bfd478-qpfd9/historyserver,1213804544,1319743488,1658445824,133735636
1785974585895429380,historyserver-demo-7f67bfd478-qpfd9/historyserver,1230745600,1336680448,1658445824,134236833
1785974586930502505,historyserver-demo-7f67bfd478-qpfd9/historyserver,1262383104,1368469504,1658445824,134766084
1785974587966492381,historyserver-demo-7f67bfd478-qpfd9/historyserver,1293996032,1400610816,1658445824,135286317
1785974589000566548,historyserver-demo-7f67bfd478-qpfd9/historyserver,1325334528,1431269376,1658445824,135787026
1785974590034840882,historyserver-demo-7f67bfd478-qpfd9/historyserver,1357606912,1463517184,1658445824,136319137
1785974591069532507,historyserver-demo-7f67bfd478-qpfd9/historyserver,1389989888,1495924736,1658445824,136835201
1785974592102459424,historyserver-demo-7f67bfd478-qpfd9/historyserver,1423859712,1529794560,1658445824,137335422
1785974593135863716,historyserver-demo-7f67bfd478-qpfd9/historyserver,1446699008,1553526784,1658445824,137887477
1785974594176497134,historyserver-demo-7f67bfd478-qpfd9/historyserver,1454026752,1559961600,1658445824,138389479
1785974595211465426,historyserver-demo-7f67bfd478-qpfd9/historyserver,1460887552,1567358976,1658445824,138908663
1785974596245561843,historyserver-demo-7f67bfd478-qpfd9/historyserver,1471291392,1577222144,1658445824,139437085
1785974597288516093,historyserver-demo-7f67bfd478-qpfd9/historyserver,1480130560,1586069504,1658445824,139937364
1785974598325629177,historyserver-demo-7f67bfd478-qpfd9/historyserver,1490685952,1596911616,1658445824,140488085
1785974599366626678,historyserver-demo-7f67bfd478-qpfd9/historyserver,1499123712,1605054464,1658445824,140987137
1785974600404491512,historyserver-demo-7f67bfd478-qpfd9/historyserver,1499168768,1605099520,1658445824,141488577
1785974601439677512,historyserver-demo-7f67bfd478-qpfd9/historyserver,1502003200,1608294400,1658445824,142027604
1785974602482603429,historyserver-demo-7f67bfd478-qpfd9/historyserver,1511845888,1617776640,1658445824,142534712
1785974603517457638,historyserver-demo-7f67bfd478-qpfd9/historyserver,1521774592,1627996160,1658445824,143058103
1785974604559561680,historyserver-demo-7f67bfd478-qpfd9/historyserver,1532473344,1638404096,1658445824,143584272
1785974605598170708,historyserver-demo-7f67bfd478-qpfd9/historyserver,1542983680,1648914432,1658445824,144085706
1785974606638283459,historyserver-demo-7f67bfd478-qpfd9/historyserver,1556070400,1662070784,1662332928,144628746
1785974607682264834,historyserver-demo-7f67bfd478-qpfd9/historyserver,1570967552,1676898304,1677160448,145136047
1785974608717177793,historyserver-demo-7f67bfd478-qpfd9/historyserver,1585815552,1691844608,1691844608,145655989
1785974609758290835,historyserver-demo-7f67bfd478-qpfd9/historyserver,1600512000,1706442752,1706704896,146185609
1785974610799284086,historyserver-demo-7f67bfd478-qpfd9/historyserver,1614172160,1720098816,1720586240,146685778
1785974611838425878,historyserver-demo-7f67bfd478-qpfd9/historyserver,1628225536,1734119424,1734643712,147228650
1785974612880305962,historyserver-demo-7f67bfd478-qpfd9/historyserver,1636052992,1741979648,1742270464,147735757
1785974613915465462,historyserver-demo-7f67bfd478-qpfd9/historyserver,1640304640,1746247680,1746505728,148259884
1785974614964300546,historyserver-demo-7f67bfd478-qpfd9/historyserver,1645117440,1751044096,1751306240,148786601
1785974615999303463,historyserver-demo-7f67bfd478-qpfd9/historyserver,1658630144,1764556800,1764851712,149283515
1785974617036337839,historyserver-demo-7f67bfd478-qpfd9/historyserver,1664282624,1770209280,1770721280,149825230
1785974618078433506,historyserver-demo-7f67bfd478-qpfd9/historyserver,1673351168,1779281920,1779576832,150334003
1785974619113254840,historyserver-demo-7f67bfd478-qpfd9/historyserver,1687789568,1793740800,1793810432,150849346
1785974620152468090,historyserver-demo-7f67bfd478-qpfd9/historyserver,1696768000,1802698752,1802993664,151384207
1785974621192361799,historyserver-demo-7f67bfd478-qpfd9/historyserver,1703145472,1809076224,1809338368,151886024
1785974622226262424,historyserver-demo-7f67bfd478-qpfd9/historyserver,1718001664,1823932416,1823932416,152415555
1785974623268286758,historyserver-demo-7f67bfd478-qpfd9/historyserver,1732747264,1838678016,1838940160,152937009
1785974624305309842,historyserver-demo-7f67bfd478-qpfd9/historyserver,1747283968,1853378560,1853378560,153443743
1785974625344448718,historyserver-demo-7f67bfd478-qpfd9/historyserver,1762615296,1868591104,1868591104,153982729
1785974626384282801,historyserver-demo-7f67bfd478-qpfd9/historyserver,1773965312,1879896064,1880403968,154485512
1785974627418327552,historyserver-demo-7f67bfd478-qpfd9/historyserver,1774034944,1879969792,1880420352,155004546
1785974628460209927,historyserver-demo-7f67bfd478-qpfd9/historyserver,1790308352,1896239104,1896562688,155534569
1785974629497159053,historyserver-demo-7f67bfd478-qpfd9/historyserver,1801388032,1907318784,1907597312,156036938
1785974630531347262,historyserver-demo-7f67bfd478-qpfd9/historyserver,1801388032,1907318784,1907843072,156572232
1785974631572583720,historyserver-demo-7f67bfd478-qpfd9/historyserver,1801388032,1907318784,1907843072,157082716
1785974632607264138,historyserver-demo-7f67bfd478-qpfd9/historyserver,1801388032,1907318784,1907843072,157593814
1785974633647259346,historyserver-demo-7f67bfd478-qpfd9/historyserver,1801388032,1907318784,1907843072,158136109
1785974634688258264,historyserver-demo-7f67bfd478-qpfd9/historyserver,1808334848,1914265600,1914527744,158635474
1785974635720119083,historyserver-demo-7f67bfd478-qpfd9/historyserver,1819590656,1925521408,1925861376,159159831
1785974636762283042,historyserver-demo-7f67bfd478-qpfd9/historyserver,1819631616,1925562368,1926045696,159685216
1785974637795233251,historyserver-demo-7f67bfd478-qpfd9/historyserver,1835884544,1941815296,1942093824,160185365
1785974638828167001,historyserver-demo-7f67bfd478-qpfd9/historyserver,1852805120,1958957056,1958957056,160717430
1785974639870005168,historyserver-demo-7f67bfd478-qpfd9/historyserver,1860988928,1966919680,1967669248,161236437
1785974640910172961,historyserver-demo-7f67bfd478-qpfd9/historyserver,1861091328,1967022080,1967714304,161756308
1785974641949288669,historyserver-demo-7f67bfd478-qpfd9/historyserver,1861197824,1967128576,1967878144,162285911
1785974642982100920,historyserver-demo-7f67bfd478-qpfd9/historyserver,1861296128,1967226880,1967976448,162786600
1785974644012248837,historyserver-demo-7f67bfd478-qpfd9/historyserver,1861390336,1967579136,1968082944,163303211
1785974645046227296,historyserver-demo-7f67bfd478-qpfd9/historyserver,1861500928,1967431680,1968119808,163837284
1785974646078387213,historyserver-demo-7f67bfd478-qpfd9/historyserver,1861562368,1967542272,1968283648,164336796
1785974647112438630,historyserver-demo-7f67bfd478-qpfd9/historyserver,1861656576,1967886336,1968394240,164858223
1785974648150280297,historyserver-demo-7f67bfd478-qpfd9/historyserver,1861734400,1967665152,1968418816,165386287
1785974649182231215,historyserver-demo-7f67bfd478-qpfd9/historyserver,1805119488,1911046144,1968418816,165885884
1785974650216254007,historyserver-demo-7f67bfd478-qpfd9/historyserver,1805119488,1911042048,1968418816,166402112
1785974651255491632,historyserver-demo-7f67bfd478-qpfd9/historyserver,1805119488,1911046144,1968418816,166935215
1785974652294406299,historyserver-demo-7f67bfd478-qpfd9/historyserver,1805119488,1911046144,1968418816,167434732
1785974653326297675,historyserver-demo-7f67bfd478-qpfd9/historyserver,1805119488,1911050240,1968418816,167966120
1785974654367363425,historyserver-demo-7f67bfd478-qpfd9/historyserver,1805119488,1911042048,1968418816,168222344
1785974655405461468,historyserver-demo-7f67bfd478-qpfd9/historyserver,1805119488,1911042048,1968418816,168222344
1785974656443278218,historyserver-demo-7f67bfd478-qpfd9/historyserver,1805119488,1911042048,1968418816,168222344
1785974657477819760,historyserver-demo-7f67bfd478-qpfd9/historyserver,1805119488,1911042048,1968418816,168222344
1785974658524686469,historyserver-demo-7f67bfd478-qpfd9/historyserver,1805119488,1911042048,1968418816,168222344
1785974659575759261,historyserver-demo-7f67bfd478-qpfd9/historyserver,1805119488,1911042048,1968418816,168222344
1785974660625876345,historyserver-demo-7f67bfd478-qpfd9/historyserver,1805119488,1911042048,1968418816,168222344
1785974661681953387,historyserver-demo-7f67bfd478-qpfd9/historyserver,1805119488,1911042048,1968418816,168222344
1785974662739086721,historyserver-demo-7f67bfd478-qpfd9/historyserver,1805119488,1911042048,1968418816,168222344
1785974663799495222,historyserver-demo-7f67bfd478-qpfd9/historyserver,1805119488,1911042048,1968418816,168222344
1785974664850043680,historyserver-demo-7f67bfd478-qpfd9/historyserver,1805119488,1911054336,1968418816,168242783
1785974665908018208,historyserver-demo-7f67bfd478-qpfd9/historyserver,2080108544,2186465280,2187243520,168799857
1785974666949959667,historyserver-demo-7f67bfd478-qpfd9/historyserver,2080108544,2186465280,2187243520,169320696
1785974667988844876,historyserver-demo-7f67bfd478-qpfd9/historyserver,1948131328,2050502656,2187243520,169818960
1785974669024880710,historyserver-demo-7f67bfd478-qpfd9/historyserver,1935556608,2035851264,2187243520,170348892
1785974670063886335,historyserver-demo-7f67bfd478-qpfd9/historyserver,1935568896,2035859456,2187243520,170867418
1785974671100019586,historyserver-demo-7f67bfd478-qpfd9/historyserver,1935577088,2035867648,2187243520,171371698
1785974672137319003,historyserver-demo-7f67bfd478-qpfd9/historyserver,1531084800,1620729856,2187243520,171919229
1785974673182830170,historyserver-demo-7f67bfd478-qpfd9/historyserver,1483919360,1572495360,2187243520,172417682
1785974674219819129,historyserver-demo-7f67bfd478-qpfd9/historyserver,1471336448,1559912448,2187243520,172936632
1785974675254882796,historyserver-demo-7f67bfd478-qpfd9/historyserver,1471336448,1559912448,2187243520,173466857
1785974676290776005,historyserver-demo-7f67bfd478-qpfd9/historyserver,1471336448,1559912448,2187243520,173967890
1785974677324915797,historyserver-demo-7f67bfd478-qpfd9/historyserver,1471336448,1559916544,2187243520,174491905
1785974678360869173,historyserver-demo-7f67bfd478-qpfd9/historyserver,1471336448,1559912448,2187243520,175017793
1785974679396885881,historyserver-demo-7f67bfd478-qpfd9/historyserver,1471336448,1559912448,2187243520,175520649
1785974680429836132,historyserver-demo-7f67bfd478-qpfd9/historyserver,1471336448,1559916544,2187243520,176049166
1785974681465035799,historyserver-demo-7f67bfd478-qpfd9/historyserver,1353170944,1439899648,2187243520,176571884
1785974682500842258,historyserver-demo-7f67bfd478-qpfd9/historyserver,1197142016,1270636544,2187243520,177069652
1785974683535819842,historyserver-demo-7f67bfd478-qpfd9/historyserver,1006981120,1076301824,2187243520,177603231
1785974684569900884,historyserver-demo-7f67bfd478-qpfd9/historyserver,1006981120,1076297728,2187243520,178119144
1785974685601822301,historyserver-demo-7f67bfd478-qpfd9/historyserver,1006981120,1076297728,2187243520,178619650
1785974686642881551,historyserver-demo-7f67bfd478-qpfd9/historyserver,1006981120,1076301824,2187243520,179156890
1785974687674786219,historyserver-demo-7f67bfd478-qpfd9/historyserver,1006981120,1076297728,2187243520,179666232
1785974688707770927,historyserver-demo-7f67bfd478-qpfd9/historyserver,1006981120,1076297728,2187243520,180172710
1785974689740790595,historyserver-demo-7f67bfd478-qpfd9/historyserver,1006981120,1076297728,2187243520,180707082
1785974690775190512,historyserver-demo-7f67bfd478-qpfd9/historyserver,1006981120,1076297728,2187243520,181217423
1785974691809362346,historyserver-demo-7f67bfd478-qpfd9/historyserver,1006981120,1076297728,2187243520,181728525
1785974692846212096,historyserver-demo-7f67bfd478-qpfd9/historyserver,1006981120,1076297728,2187243520,182268569
1785974693889919180,historyserver-demo-7f67bfd478-qpfd9/historyserver,1006981120,1076297728,2187243520,182767685
1785974694933998680,historyserver-demo-7f67bfd478-qpfd9/historyserver,1006981120,1076297728,2187243520,183315695
1785974695985015333,historyserver-demo-7f67bfd478-qpfd9/historyserver,1006985216,1076297728,2187243520,183818362
1785974697026127542,historyserver-demo-7f67bfd478-qpfd9/historyserver,1006985216,1076301824,2187243520,184354963
1785974698073072168,historyserver-demo-7f67bfd478-qpfd9/historyserver,1006985216,1076297728,2187243520,184869802
1785974699115966918,historyserver-demo-7f67bfd478-qpfd9/historyserver,1007017984,1076330496,2187243520,185419057
1785974700161915335,historyserver-demo-7f67bfd478-qpfd9/historyserver,1007017984,1076330496,2187243520,185920512
1785974701202859336,historyserver-demo-7f67bfd478-qpfd9/historyserver,1007017984,1076330496,2187243520,186439185
1785974702248909336,historyserver-demo-7f67bfd478-qpfd9/historyserver,1007017984,1076330496,2187243520,186969733
1785974703291945378,historyserver-demo-7f67bfd478-qpfd9/historyserver,1007017984,1076330496,2187243520,187472170
1785974704340847087,historyserver-demo-7f67bfd478-qpfd9/historyserver,1007017984,1076330496,2187243520,188019383
1785974705387040713,historyserver-demo-7f67bfd478-qpfd9/historyserver,1007017984,1076330496,2187243520,188517295
1785974706429980380,historyserver-demo-7f67bfd478-qpfd9/historyserver,1007017984,1076334592,2187243520,189053752
1785974707474881464,historyserver-demo-7f67bfd478-qpfd9/historyserver,1007017984,1076330496,2187243520,189567721
1785974708516879714,historyserver-demo-7f67bfd478-qpfd9/historyserver,1007017984,1076334592,2187243520,190088655
1785974709560872881,historyserver-demo-7f67bfd478-qpfd9/historyserver,1007017984,1076330496,2187243520,190619075
1785974710602954924,historyserver-demo-7f67bfd478-qpfd9/historyserver,1007017984,1076330496,2187243520,191124582
1785974711644984007,historyserver-demo-7f67bfd478-qpfd9/historyserver,1007017984,1076330496,2187243520,191669115
1785974712688881716,historyserver-demo-7f67bfd478-qpfd9/historyserver,1007017984,1076330496,2187243520,192169616
1785974713730898758,historyserver-demo-7f67bfd478-qpfd9/historyserver,1007017984,1076334592,2187243520,192704750
1785974714774961884,historyserver-demo-7f67bfd478-qpfd9/historyserver,1007017984,1076330496,2187243520,193218179
1785974715817871384,historyserver-demo-7f67bfd478-qpfd9/historyserver,1009545216,1079103488,2187243520,193742683
1785974716860847177,historyserver-demo-7f67bfd478-qpfd9/historyserver,1028296704,1097609216,2187243520,194269013
1785974717903924052,historyserver-demo-7f67bfd478-qpfd9/historyserver,1046466560,1116147712,2187243520,194807003
1785974718987975428,historyserver-demo-7f67bfd478-qpfd9/historyserver,1066242048,1135554560,2187243520,195318283
1785974720030065178,historyserver-demo-7f67bfd478-qpfd9/historyserver,1086664704,1156149248,2187243520,195855250
1785974721071848929,historyserver-demo-7f67bfd478-qpfd9/historyserver,1106300928,1175613440,2187243520,196367392
1785974722110869346,historyserver-demo-7f67bfd478-qpfd9/historyserver,1125822464,1195147264,2187243520,196887671
1785974723156950513,historyserver-demo-7f67bfd478-qpfd9/historyserver,1146236928,1215549440,2187243520,197417458
1785974724198901888,historyserver-demo-7f67bfd478-qpfd9/historyserver,1165783040,1235259392,2187243520,197922151
1785974725242581375,historyserver-demo-7f67bfd478-qpfd9/historyserver,1181839360,1251151872,2187243520,198469311
1785974726284439417,historyserver-demo-7f67bfd478-qpfd9/historyserver,1186992128,1256304640,2187243520,198969990
1785974727331600876,historyserver-demo-7f67bfd478-qpfd9/historyserver,1192325120,1261633536,2187243520,199519540
1785974728382527584,historyserver-demo-7f67bfd478-qpfd9/historyserver,1197248512,1266556928,2187243520,200019541
1785974729425572668,historyserver-demo-7f67bfd478-qpfd9/historyserver,1202999296,1272770560,2187243520,200569101
1785974730472587710,historyserver-demo-7f67bfd478-qpfd9/historyserver,1207275520,1276583936,2187243520,201068592
1785974731514473086,historyserver-demo-7f67bfd478-qpfd9/historyserver,1207545856,1276858368,2187243520,201587116
1785974732564674170,historyserver-demo-7f67bfd478-qpfd9/historyserver,1207545856,1276854272,2187243520,202117647
1785974733609264254,historyserver-demo-7f67bfd478-qpfd9/historyserver,1207545856,1276862464,2187243520,202658538
1785974734681951754,historyserver-demo-7f67bfd478-qpfd9/historyserver,1207545856,1276854272,2187243520,203169560
1785974735722173005,historyserver-demo-7f67bfd478-qpfd9/historyserver,1207549952,1276870656,2187243520,203696992
1785974736766497088,historyserver-demo-7f67bfd478-qpfd9/historyserver,1207549952,1276866560,2187243520,204217180
1785974737808901131,historyserver-demo-7f67bfd478-qpfd9/historyserver,1207549952,1276874752,2187243520,204732414
1785974738853916839,historyserver-demo-7f67bfd478-qpfd9/historyserver,1257758720,1327075328,2187243520,205269516
1785974739897284923,historyserver-demo-7f67bfd478-qpfd9/historyserver,1257758720,1327202304,2187243520,205768217
1785974740937760965,historyserver-demo-7f67bfd478-qpfd9/historyserver,1258061824,1327378432,2187243520,206312740
1785974741982209383,historyserver-demo-7f67bfd478-qpfd9/historyserver,1258061824,1327378432,2187243520,206818655
1785974743023846591,historyserver-demo-7f67bfd478-qpfd9/historyserver,1258061824,1327382528,2187243520,207345047
1785974744066704259,historyserver-demo-7f67bfd478-qpfd9/historyserver,1258061824,1327378432,2187243520,207867942
1785974745108540634,historyserver-demo-7f67bfd478-qpfd9/historyserver,1543667712,1612984320,2187243520,208399206
1785974746153597343,historyserver-demo-7f67bfd478-qpfd9/historyserver,1661845504,1731162112,2187243520,208920901
1785974747195963635,historyserver-demo-7f67bfd478-qpfd9/historyserver,1676357632,1743912960,2187243520,209418680
1785974748237602094,historyserver-demo-7f67bfd478-qpfd9/historyserver,1665421312,1732976640,2187243520,209959992
1785974749279640594,historyserver-demo-7f67bfd478-qpfd9/historyserver,1661095936,1728651264,2187243520,210467985
1785974750320656470,historyserver-demo-7f67bfd478-qpfd9/historyserver,1635602432,1703157760,2187243520,211020697
1785974751374637804,historyserver-demo-7f67bfd478-qpfd9/historyserver,1631670272,1699229696,2187243520,211517345
1785974752420841346,historyserver-demo-7f67bfd478-qpfd9/historyserver,1399271424,1466830848,2187243520,212051535
1785974753466685263,historyserver-demo-7f67bfd478-qpfd9/historyserver,1384722432,1452277760,2187243520,212566140
1785974754508580347,historyserver-demo-7f67bfd478-qpfd9/historyserver,1380397056,1447956480,2187243520,213080132
1785974755552942458,historyserver-demo-7f67bfd478-qpfd9/historyserver,1367027712,1434578944,2187243520,213617475
1785974756595448542,historyserver-demo-7f67bfd478-qpfd9/historyserver,1359163392,1426714624,2187243520,214116028
1785974757636443084,historyserver-demo-7f67bfd478-qpfd9/historyserver,1313157120,1378775040,2187243520,214661119
1785974758681571335,historyserver-demo-7f67bfd478-qpfd9/historyserver,1306603520,1372409856,2187243520,215166119
1785974759722685418,historyserver-demo-7f67bfd478-qpfd9/historyserver,1181810688,1239851008,2187243520,215706948
1785974760771649752,historyserver-demo-7f67bfd478-qpfd9/historyserver,1208995840,1266995200,2187243520,216216522
1785974761813071961,historyserver-demo-7f67bfd478-qpfd9/historyserver,1239273472,1297465344,2187243520,216746683
1785974762865480462,historyserver-demo-7f67bfd478-qpfd9/historyserver,1245986816,1303986176,2187243520,217271405
1785974763910958712,historyserver-demo-7f67bfd478-qpfd9/historyserver,1253113856,1311121408,2187243520,217812671
1785974764960668254,historyserver-demo-7f67bfd478-qpfd9/historyserver,1260191744,1318195200,2187243520,218320162
1785974766004614255,historyserver-demo-7f67bfd478-qpfd9/historyserver,1266577408,1325408256,2187243520,218841755
1785974767050008130,historyserver-demo-7f67bfd478-qpfd9/historyserver,1267687424,1325969408,2187243520,219368451
1785974768094982172,historyserver-demo-7f67bfd478-qpfd9/historyserver,1274716160,1332965376,2187243520,219866890
1785974769135503465,historyserver-demo-7f67bfd478-qpfd9/historyserver,1288658944,1346813952,2187243520,220404222
1785974770176638923,historyserver-demo-7f67bfd478-qpfd9/historyserver,1315586048,1373585408,2187243520,220916969
1785974771217970049,historyserver-demo-7f67bfd478-qpfd9/historyserver,1347006464,1405145088,2187243520,221442889
1785974772262550258,historyserver-demo-7f67bfd478-qpfd9/historyserver,1381179392,1439178752,2187243520,221968807
1785974773309397883,historyserver-demo-7f67bfd478-qpfd9/historyserver,1412567040,1471008768,2187243520,222481744
1785974774348600509,historyserver-demo-7f67bfd478-qpfd9/historyserver,1446502400,1504501760,2187243520,223018192
1785974775390556926,historyserver-demo-7f67bfd478-qpfd9/historyserver,1478541312,1536540672,2187243520,223516886
1785974776432571176,historyserver-demo-7f67bfd478-qpfd9/historyserver,1498603520,1556815872,2187243520,224058401
1785974777477837552,historyserver-demo-7f67bfd478-qpfd9/historyserver,1513287680,1571282944,2187243520,224566153
1785974778521883344,historyserver-demo-7f67bfd478-qpfd9/historyserver,1528795136,1586839552,2187243520,225098569
1785974779567594720,historyserver-demo-7f67bfd478-qpfd9/historyserver,1544085504,1602080768,2187243520,225618044
1785974780610517970,historyserver-demo-7f67bfd478-qpfd9/historyserver,1560666112,1618735104,2187243520,226133594
1785974781653587221,historyserver-demo-7f67bfd478-qpfd9/historyserver,1577492480,1635487744,2187243520,226666784
1785974782698420846,historyserver-demo-7f67bfd478-qpfd9/historyserver,1593561088,1651810304,2187243520,227168697
1785974783739883597,historyserver-demo-7f67bfd478-qpfd9/historyserver,1611116544,1669111808,2187243520,227717036
1785974784792732055,historyserver-demo-7f67bfd478-qpfd9/historyserver,1627127808,1685127168,2187243520,228217547
1785974785835374250,historyserver-demo-7f67bfd478-qpfd9/historyserver,1631662080,1689817088,2187243520,228761160
1785974786879675750,historyserver-demo-7f67bfd478-qpfd9/historyserver,1640108032,1698103296,2187243520,229265985
1785974787921892751,historyserver-demo-7f67bfd478-qpfd9/historyserver,1648308224,1706868736,2187243520,229817828
1785974788971006126,historyserver-demo-7f67bfd478-qpfd9/historyserver,1651539968,1709539328,2187243520,230322225
1785974790040354127,historyserver-demo-7f67bfd478-qpfd9/historyserver,1655586816,1713586176,2187243520,230866576
1785974791099492919,historyserver-demo-7f67bfd478-qpfd9/historyserver,1659133952,1717248000,2187243520,231391792
1785974792149723503,historyserver-demo-7f67bfd478-qpfd9/historyserver,1662771200,1720774656,2187243520,231918734
1785974793202395753,historyserver-demo-7f67bfd478-qpfd9/historyserver,1666961408,1725001728,2187243520,232458578
1785974794263781087,historyserver-demo-7f67bfd478-qpfd9/historyserver,1671417856,1729417216,2187243520,232967767
1785974795314350546,historyserver-demo-7f67bfd478-qpfd9/historyserver,1674924032,1733058560,2187243520,233511337
1785974796360380130,historyserver-demo-7f67bfd478-qpfd9/historyserver,1675304960,1733304320,2187243520,234017268
1785974797403647589,historyserver-demo-7f67bfd478-qpfd9/historyserver,1675534336,1733529600,2187243520,234528224
1785974798449457464,historyserver-demo-7f67bfd478-qpfd9/historyserver,1675587584,1733586944,2187243520,235067720
1785974799497316298,historyserver-demo-7f67bfd478-qpfd9/historyserver,1675591680,1733586944,2187243520,235573871
1785974800544380132,historyserver-demo-7f67bfd478-qpfd9/historyserver,1675591680,1733591040,2187243520,236117852
1785974801590379466,historyserver-demo-7f67bfd478-qpfd9/historyserver,1675591680,1733586944,2187243520,236617299
1785974802637453925,historyserver-demo-7f67bfd478-qpfd9/historyserver,1675591680,1733586944,2187243520,237163705
1785974803683727800,historyserver-demo-7f67bfd478-qpfd9/historyserver,1675591680,1733586944,2187243520,237665454
1785974804729794301,historyserver-demo-7f67bfd478-qpfd9/historyserver,1675591680,1733591040,2187243520,238207357
1785974805778382176,historyserver-demo-7f67bfd478-qpfd9/historyserver,1675591680,1733595136,2187243520,238718723
1785974806825940135,historyserver-demo-7f67bfd478-qpfd9/historyserver,1675591680,1733595136,2187243520,239256810
1785974807878327302,historyserver-demo-7f67bfd478-qpfd9/historyserver,1675591680,1733595136,2187243520,239768710
1785974808932463969,historyserver-demo-7f67bfd478-qpfd9/historyserver,1676341248,1735430144,2187243520,240307639
1785974809979752761,historyserver-demo-7f67bfd478-qpfd9/historyserver,1687842816,1746104320,2187243520,240865743
1785974811095457512,historyserver-demo-7f67bfd478-qpfd9/historyserver,1702694912,1760727040,2187243520,241367935
1785974812141376512,historyserver-demo-7f67bfd478-qpfd9/historyserver,1706577920,1765064704,2187243520,241915799
1785974813187389638,historyserver-demo-7f67bfd478-qpfd9/historyserver,1709518848,1767522304,2187243520,242414814
1785974814234353180,historyserver-demo-7f67bfd478-qpfd9/historyserver,1725341696,1784152064,2187243520,242960220
1785974815280226250,historyserver-demo-7f67bfd478-qpfd9/historyserver,1728462848,1786466304,2187243520,243466809
1785974816325227500,historyserver-demo-7f67bfd478-qpfd9/historyserver,1728462848,1786466304,2187243520,244008087
1785974817378202501,historyserver-demo-7f67bfd478-qpfd9/historyserver,1728462848,1786466304,2187243520,244517574
1785974818429634043,historyserver-demo-7f67bfd478-qpfd9/historyserver,1728462848,1786470400,2187243520,245052092
1785974819474439002,historyserver-demo-7f67bfd478-qpfd9/historyserver,1728462848,1786466304,2187243520,245567462
1785974820514509752,historyserver-demo-7f67bfd478-qpfd9/historyserver,1728462848,1786466304,2187243520,246082642
1785974821554392961,historyserver-demo-7f67bfd478-qpfd9/historyserver,1728462848,1786466304,2187243520,246617226
1785974822596119211,historyserver-demo-7f67bfd478-qpfd9/historyserver,1728462848,1786466304,2187243520,247117211
1785974823637567754,historyserver-demo-7f67bfd478-qpfd9/historyserver,1728462848,1786466304,2187243520,247656217
1785974824678600337,historyserver-demo-7f67bfd478-qpfd9/historyserver,1742168064,1800171520,2187243520,248165590
1785974825720435171,historyserver-demo-7f67bfd478-qpfd9/historyserver,1755066368,1813860352,2187243520,248708377
1785974826787309713,historyserver-demo-7f67bfd478-qpfd9/historyserver,1761804288,1819807744,2187243520,249086137
1785974827840134756,historyserver-demo-7f67bfd478-qpfd9/historyserver,1761804288,1819807744,2187243520,249086137
1785974828873872881,historyserver-demo-7f67bfd478-qpfd9/historyserver,1761804288,1819807744,2187243520,249086137
1785974829907178715,historyserver-demo-7f67bfd478-qpfd9/historyserver,1761804288,1819807744,2187243520,249086137
1785974830941356465,historyserver-demo-7f67bfd478-qpfd9/historyserver,1761804288,1819807744,2187243520,249086137
1785974831976289674,historyserver-demo-7f67bfd478-qpfd9/historyserver,1761804288,1819807744,2187243520,249086137
1785974833010348383,historyserver-demo-7f67bfd478-qpfd9/historyserver,1761804288,1819807744,2187243520,249086137
1785974834056593259,historyserver-demo-7f67bfd478-qpfd9/historyserver,1761804288,1819807744,2187243520,249086137
1785974835106885884,historyserver-demo-7f67bfd478-qpfd9/historyserver,1761804288,1819807744,2187243520,249086137
1785974836164274426,historyserver-demo-7f67bfd478-qpfd9/historyserver,1761804288,1819803648,2187243520,249086483
1785974837237585468,historyserver-demo-7f67bfd478-qpfd9/historyserver,1786212352,1850466304,2187243520,249482933
1785974838318246344,historyserver-demo-7f67bfd478-qpfd9/historyserver,1403998208,1459937280,2187243520,250014349
1785974839362217636,historyserver-demo-7f67bfd478-qpfd9/historyserver,1364840448,1420775424,2187243520,250535660
1785974840410148595,historyserver-demo-7f67bfd478-qpfd9/historyserver,1311133696,1367068672,2187243520,251049120
1785974841450143470,historyserver-demo-7f67bfd478-qpfd9/historyserver,1294356480,1350291456,2187243520,251585195
1785974842491195138,historyserver-demo-7f67bfd478-qpfd9/historyserver,809820160,857399296,2187243520,252086583
1785974843535414221,historyserver-demo-7f67bfd478-qpfd9/historyserver,667246592,710651904,2187243520,252629899
1785974844580158472,historyserver-demo-7f67bfd478-qpfd9/historyserver,667246592,710647808,2187243520,253135427
1785974845621041250,historyserver-demo-7f67bfd478-qpfd9/historyserver,667246592,710651904,2187243520,253661184
1785974846662908375,historyserver-demo-7f67bfd478-qpfd9/historyserver,667246592,710651904,2187243520,254184579
1785974847710596751,historyserver-demo-7f67bfd478-qpfd9/historyserver,667246592,710647808,2187243520,254734987
1785974848779146668,historyserver-demo-7f67bfd478-qpfd9/historyserver,667246592,710647808,2187243520,255235568
1785974849825189418,historyserver-demo-7f67bfd478-qpfd9/historyserver,667246592,710647808,2187243520,255763395
1785974850865329544,historyserver-demo-7f67bfd478-qpfd9/historyserver,667246592,710647808,2187243520,256284336
1785974851913787419,historyserver-demo-7f67bfd478-qpfd9/historyserver,667246592,710647808,2187243520,256803664
1785974852956151212,historyserver-demo-7f67bfd478-qpfd9/historyserver,667246592,710647808,2187243520,257333397
1785974853998355629,historyserver-demo-7f67bfd478-qpfd9/historyserver,667246592,710651904,2187243520,257838090
1785974855046757129,historyserver-demo-7f67bfd478-qpfd9/historyserver,667246592,710647808,2187243520,258383106
1785974856130724838,historyserver-demo-7f67bfd478-qpfd9/historyserver,667246592,710647808,2187243520,258933839
1785974857243023589,historyserver-demo-7f67bfd478-qpfd9/historyserver,667246592,710651904,2187243520,259485679
1785974858288129214,historyserver-demo-7f67bfd478-qpfd9/historyserver,689291264,732696576,2187243520,259985398
1785974859335000256,historyserver-demo-7f67bfd478-qpfd9/historyserver,721068032,764665856,2187243520,260528963
1785974860380208090,historyserver-demo-7f67bfd478-qpfd9/historyserver,730894336,774295552,2187243520,261036384
1785974861428219716,historyserver-demo-7f67bfd478-qpfd9/historyserver,739102720,782503936,2187243520,261584068
1785974862480221883,historyserver-demo-7f67bfd478-qpfd9/historyserver,746602496,790007808,2187243520,262084321
1785974863532062550,historyserver-demo-7f67bfd478-qpfd9/historyserver,751505408,794910720,2187243520,262633024
1785974864588008634,historyserver-demo-7f67bfd478-qpfd9/historyserver,751570944,794980352,2187243520,263135830
1785974865631256426,historyserver-demo-7f67bfd478-qpfd9/historyserver,760508416,804016128,2187243520,263684984
1785974866687024676,historyserver-demo-7f67bfd478-qpfd9/historyserver,776228864,819630080,2187243520,264185193
1785974867729994135,historyserver-demo-7f67bfd478-qpfd9/historyserver,794038272,837562368,2187243520,264721686
1785974868778974552,historyserver-demo-7f67bfd478-qpfd9/historyserver,811806720,855207936,2187243520,265232581
1785974869824086886,historyserver-demo-7f67bfd478-qpfd9/historyserver,831762432,875184128,2187243520,265767095
1785974870870017137,historyserver-demo-7f67bfd478-qpfd9/historyserver,852684800,896081920,2187243520,266284157
1785974871916001929,historyserver-demo-7f67bfd478-qpfd9/historyserver,872656896,916238336,2187243520,266811115
1785974872964087971,historyserver-demo-7f67bfd478-qpfd9/historyserver,892489728,935886848,2187243520,267334595
1785974874013025472,historyserver-demo-7f67bfd478-qpfd9/historyserver,912527360,955908096,2187243520,267857930
1785974875068154680,historyserver-demo-7f67bfd478-qpfd9/historyserver,934268928,977666048,2187243520,268383646
1785974876118757042,historyserver-demo-7f67bfd478-qpfd9/historyserver,956805120,1000587264,2187243520,268914931
1785974877168948209,historyserver-demo-7f67bfd478-qpfd9/historyserver,979456000,1022853120,2187243520,269435035
1785974878219806251,historyserver-demo-7f67bfd478-qpfd9/historyserver,1001066496,1044619264,2187243520,269957642
1785974879261841710,historyserver-demo-7f67bfd478-qpfd9/historyserver,1022586880,1065984000,2187243520,270483848
1785974880305717044,historyserver-demo-7f67bfd478-qpfd9/historyserver,1044033536,1087520768,2187243520,270996381
1785974881356297419,historyserver-demo-7f67bfd478-qpfd9/historyserver,1065693184,1109090304,2187243520,271532427
1785974882421889836,historyserver-demo-7f67bfd478-qpfd9/historyserver,1087107072,1130872832,2187243520,272068386
1785974883471767420,historyserver-demo-7f67bfd478-qpfd9/historyserver,1108881408,1152278528,2187243520,272582989
1785974884514764587,historyserver-demo-7f67bfd478-qpfd9/historyserver,1130754048,1174331392,2187243520,273106582
1785974885559800046,historyserver-demo-7f67bfd478-qpfd9/historyserver,1152528384,1195925504,2187243520,273632745
1785974886604907338,historyserver-demo-7f67bfd478-qpfd9/historyserver,1156845568,1200242688,2187243520,274160283
1785974887650774922,historyserver-demo-7f67bfd478-qpfd9/historyserver,1160687616,1204084736,2187243520,274683453
1785974888695149798,historyserver-demo-7f67bfd478-qpfd9/historyserver,1166430208,1209827328,2187243520,275186270
1785974889736779965,historyserver-demo-7f67bfd478-qpfd9/historyserver,1172328448,1215725568,2187243520,275734864
1785974890779978840,historyserver-demo-7f67bfd478-qpfd9/historyserver,1176498176,1219895296,2187243520,276234115
1785974891821733924,historyserver-demo-7f67bfd478-qpfd9/historyserver,1176887296,1220542464,2187243520,276759129
1785974892864776633,historyserver-demo-7f67bfd478-qpfd9/historyserver,1176940544,1220337664,2187243520,277282246
1785974893905700633,historyserver-demo-7f67bfd478-qpfd9/historyserver,1176940544,1220337664,2187243520,277793324
1785974894946772592,historyserver-demo-7f67bfd478-qpfd9/historyserver,1176952832,1220349952,2187243520,278332850
1785974895988691676,historyserver-demo-7f67bfd478-qpfd9/historyserver,1176952832,1220349952,2187243520,278831923
1785974897029742052,historyserver-demo-7f67bfd478-qpfd9/historyserver,1176956928,1220354048,2187243520,279365823
1785974898071702135,historyserver-demo-7f67bfd478-qpfd9/historyserver,1176985600,1220378624,2187243520,279881408
1785974899111668053,historyserver-demo-7f67bfd478-qpfd9/historyserver,1176985600,1220378624,2187243520,280397500
1785974900152742303,historyserver-demo-7f67bfd478-qpfd9/historyserver,1176985600,1220382720,2187243520,280931909
1785974901192991262,historyserver-demo-7f67bfd478-qpfd9/historyserver,1176985600,1220378624,2187243520,281433051
1785974902235023554,historyserver-demo-7f67bfd478-qpfd9/historyserver,1176985600,1220386816,2187243520,281970526
1785974903275621721,historyserver-demo-7f67bfd478-qpfd9/historyserver,1176985600,1220382720,2187243520,282479611
1785974904315063055,historyserver-demo-7f67bfd478-qpfd9/historyserver,1176985600,1220382720,2187243520,283033434
1785974905390805583,historyserver-demo-7f67bfd478-qpfd9/historyserver,1227759616,1271156736,2187243520,283532456
1785974906432867333,historyserver-demo-7f67bfd478-qpfd9/historyserver,1228087296,1271750656,2187243520,284068854
1785974907473871751,historyserver-demo-7f67bfd478-qpfd9/historyserver,1228267520,1271668736,2187243520,284582182
1785974908515261168,historyserver-demo-7f67bfd478-qpfd9/historyserver,1228267520,1271664640,2187243520,285102910
1785974909559987043,historyserver-demo-7f67bfd478-qpfd9/historyserver,1231667200,1275215872,2187243520,285632285
1785974910603153669,historyserver-demo-7f67bfd478-qpfd9/historyserver,1236402176,1280765952,2187243520,286154325
1785974911648811044,historyserver-demo-7f67bfd478-qpfd9/historyserver,1240309760,1283710976,2187243520,286684567
1785974912690738670,historyserver-demo-7f67bfd478-qpfd9/historyserver,1223991296,1271472128,2187243520,287184148
1785974913732012795,historyserver-demo-7f67bfd478-qpfd9/historyserver,1249202176,1292603392,2187243520,287733274
1785974914777898837,historyserver-demo-7f67bfd478-qpfd9/historyserver,1384595456,1427996672,2187243520,288235029
1785974915820955130,historyserver-demo-7f67bfd478-qpfd9/historyserver,1512734720,1556135936,2187243520,288758099
1785974916864471630,historyserver-demo-7f67bfd478-qpfd9/historyserver,1482719232,1526120448,2187243520,289280978
1785974917909460714,historyserver-demo-7f67bfd478-qpfd9/historyserver,1477062656,1520467968,2187243520,289792415
1785974918953671798,historyserver-demo-7f67bfd478-qpfd9/historyserver,1198813184,1235980288,2187243520,290330339
1785974919997590257,historyserver-demo-7f67bfd478-qpfd9/historyserver,1198813184,1235984384,2187243520,290832247
1785974921038349299,historyserver-demo-7f67bfd478-qpfd9/historyserver,1198813184,1235980288,2187243520,291376216
1785974922081589341,historyserver-demo-7f67bfd478-qpfd9/historyserver,1198813184,1235980288,2187243520,291880087
1785974923123756133,historyserver-demo-7f67bfd478-qpfd9/historyserver,1198813184,1235984384,2187243520,292410632
1785974924165669759,historyserver-demo-7f67bfd478-qpfd9/historyserver,1198813184,1235980288,2187243520,292931221
1785974925209593592,historyserver-demo-7f67bfd478-qpfd9/historyserver,1198813184,1235984384,2187243520,293480661
1785974926262738010,historyserver-demo-7f67bfd478-qpfd9/historyserver,1198813184,1235980288,2187243520,293981576
1785974927306281802,historyserver-demo-7f67bfd478-qpfd9/historyserver,1198813184,1235976192,2187243520,294493092
1785974928351625719,historyserver-demo-7f67bfd478-qpfd9/historyserver,1198813184,1235976192,2187243520,295028896
1785974929392678928,historyserver-demo-7f67bfd478-qpfd9/historyserver,1198813184,1235980288,2187243520,295529919
1785974930434458887,historyserver-demo-7f67bfd478-qpfd9/historyserver,1198813184,1235976192,2187243520,296079001
1785974931491387804,historyserver-demo-7f67bfd478-qpfd9/historyserver,1199620096,1237311488,2187243520,296579743
1785974932533488596,historyserver-demo-7f67bfd478-qpfd9/historyserver,1232048128,1269170176,2187243520,297119093
1785974933579443930,historyserver-demo-7f67bfd478-qpfd9/historyserver,1262829568,1299992576,2187243520,297628632
1785974934622749597,historyserver-demo-7f67bfd478-qpfd9/historyserver,1295958016,1333067776,2187243520,298159689
1785974935667553666,historyserver-demo-7f67bfd478-qpfd9/historyserver,1327939584,1365102592,2187243520,298679929
1785974936718558417,historyserver-demo-7f67bfd478-qpfd9/historyserver,1361076224,1398439936,2187243520,299204262
1785974937762642334,historyserver-demo-7f67bfd478-qpfd9/historyserver,1394696192,1431859200,2187243520,299727890
1785974938808511460,historyserver-demo-7f67bfd478-qpfd9/historyserver,1427722240,1464844288,2187243520,300243352
1785974939851553877,historyserver-demo-7f67bfd478-qpfd9/historyserver,1438560256,1475723264,2187243520,300780804
1785974940895514502,historyserver-demo-7f67bfd478-qpfd9/historyserver,1445298176,1482461184,2187243520,301282829
1785974941936493003,historyserver-demo-7f67bfd478-qpfd9/historyserver,1453641728,1490804736,2187243520,301830705
1785974942977448378,historyserver-demo-7f67bfd478-qpfd9/historyserver,1459703808,1496866816,2187243520,302331890
1785974944020552129,historyserver-demo-7f67bfd478-qpfd9/historyserver,1467412480,1504575488,2187243520,302881559
1785974945063676213,historyserver-demo-7f67bfd478-qpfd9/historyserver,1474899968,1512058880,2187243520,303380292
1785974946109622046,historyserver-demo-7f67bfd478-qpfd9/historyserver,1477980160,1515401216,2187243520,303895819
1785974947152922505,historyserver-demo-7f67bfd478-qpfd9/historyserver,1477980160,1515139072,2187243520,304428189
1785974948198789756,historyserver-demo-7f67bfd478-qpfd9/historyserver,1487855616,1525276672,2187243520,304935190
1785974949244516381,historyserver-demo-7f67bfd478-qpfd9/historyserver,1499262976,1536790528,2187243520,305480380
1785974950290484965,historyserver-demo-7f67bfd478-qpfd9/historyserver,1511174144,1548333056,2187243520,305979015
1785974951333503049,historyserver-demo-7f67bfd478-qpfd9/historyserver,1524391936,1561554944,2187243520,306526596
1785974952385511299,historyserver-demo-7f67bfd478-qpfd9/historyserver,1538424832,1575583744,2187243520,307029449
1785974953428472758,historyserver-demo-7f67bfd478-qpfd9/historyserver,1555570688,1592819712,2187243520,307564825
1785974954472452425,historyserver-demo-7f67bfd478-qpfd9/historyserver,1571696640,1608855552,2187243520,308079786
1785974955516526843,historyserver-demo-7f67bfd478-qpfd9/historyserver,1587982336,1625391104,2187243520,308602774
1785974956558576885,historyserver-demo-7f67bfd478-qpfd9/historyserver,1591709696,1628868608,2187243520,309130095
1785974957601553344,historyserver-demo-7f67bfd478-qpfd9/historyserver,1591709696,1628864512,2187243520,309636271
1785974958645485094,historyserver-demo-7f67bfd478-qpfd9/historyserver,1602424832,1639587840,2187243520,310177880
1785974959686538803,historyserver-demo-7f67bfd478-qpfd9/historyserver,1613946880,1651105792,2187243520,310678500
1785974960730464053,historyserver-demo-7f67bfd478-qpfd9/historyserver,1615179776,1652342784,2187243520,311217283
1785974961777570637,historyserver-demo-7f67bfd478-qpfd9/historyserver,1618825216,1655984128,2187243520,311729719
1785974962817569179,historyserver-demo-7f67bfd478-qpfd9/historyserver,1630351360,1667809280,2187243520,312253029
1785974963860457972,historyserver-demo-7f67bfd478-qpfd9/historyserver,1646587904,1683746816,2187243520,312778451
1785974964902466472,historyserver-demo-7f67bfd478-qpfd9/historyserver,1658802176,1695956992,2187243520,313285350
1785974965943286042,historyserver-demo-7f67bfd478-qpfd9/historyserver,1659285504,1696444416,2187243520,313827175
1785974966985653500,historyserver-demo-7f67bfd478-qpfd9/historyserver,1663758336,1701179392,2187243520,314332033
1785974968040524709,historyserver-demo-7f67bfd478-qpfd9/historyserver,1679736832,1716957184,2187243520,314873567
1785974969083418668,historyserver-demo-7f67bfd478-qpfd9/historyserver,1680240640,1717395456,2187243520,315378426
1785974970125461252,historyserver-demo-7f67bfd478-qpfd9/historyserver,1680240640,1717399552,2187243520,315907155
1785974971166321586,historyserver-demo-7f67bfd478-qpfd9/historyserver,1680240640,1717399552,2187243520,316428641
1785974972205284628,historyserver-demo-7f67bfd478-qpfd9/historyserver,1680240640,1717395456,2187243520,316934986
1785974973243393378,historyserver-demo-7f67bfd478-qpfd9/historyserver,1680240640,1717395456,2187243520,317474893
1785974974281538129,historyserver-demo-7f67bfd478-qpfd9/historyserver,1680240640,1717395456,2187243520,317979118
1785974975320113504,historyserver-demo-7f67bfd478-qpfd9/historyserver,1680240640,1717399552,2187243520,318503041
1785974976359595505,historyserver-demo-7f67bfd478-qpfd9/historyserver,1680240640,1717399552,2187243520,319027074
1785974977397622964,historyserver-demo-7f67bfd478-qpfd9/historyserver,1680240640,1717403648,2187243520,319527254
1785974978432449256,historyserver-demo-7f67bfd478-qpfd9/historyserver,1680240640,1717407744,2187243520,320061503
1785974979470459590,historyserver-demo-7f67bfd478-qpfd9/historyserver,1686220800,1723383808,2187243520,320578036
1785974980505833882,historyserver-demo-7f67bfd478-qpfd9/historyserver,1686220800,1723383808,2187243520,321081354
1785974981538320341,historyserver-demo-7f67bfd478-qpfd9/historyserver,1686220800,1723387904,2187243520,321613916
1785974982570479008,historyserver-demo-7f67bfd478-qpfd9/historyserver,1689300992,1727041536,2187243520,322127692
1785974983599338217,historyserver-demo-7f67bfd478-qpfd9/historyserver,1691160576,1728323584,2187243520,322627919
1785974984629458300,historyserver-demo-7f67bfd478-qpfd9/historyserver,1691160576,1728323584,2187243520,323179329
1785974985661602093,historyserver-demo-7f67bfd478-qpfd9/historyserver,1691160576,1728323584,2187243520,323679925
1785974986697422051,historyserver-demo-7f67bfd478-qpfd9/historyserver,1691160576,1728323584,2187243520,324183125
1785974987735470552,historyserver-demo-7f67bfd478-qpfd9/historyserver,1691160576,1728323584,2187243520,324730152
1785974988773438219,historyserver-demo-7f67bfd478-qpfd9/historyserver,1691160576,1728323584,2187243520,325228956
1785974989814727678,historyserver-demo-7f67bfd478-qpfd9/historyserver,1691160576,1728331776,2187243520,325777604
1785974990859528137,historyserver-demo-7f67bfd478-qpfd9/historyserver,1691160576,1728323584,2187243520,326279467
1785974991902307721,historyserver-demo-7f67bfd478-qpfd9/historyserver,1691160576,1728327680,2187243520,326788950
1785974992945493096,historyserver-demo-7f67bfd478-qpfd9/historyserver,1691160576,1728323584,2187243520,327329961
1785974993988404513,historyserver-demo-7f67bfd478-qpfd9/historyserver,1691160576,1728327680,2187243520,327828674
1785974995032336139,historyserver-demo-7f67bfd478-qpfd9/historyserver,1691160576,1728331776,2187243520,328367160
1785974996075268833,historyserver-demo-7f67bfd478-qpfd9/historyserver,1691160576,1728323584,2187243520,328878183
1785974997117322250,historyserver-demo-7f67bfd478-qpfd9/historyserver,1691160576,1728323584,2187243520,328945573
1785974998162384876,historyserver-demo-7f67bfd478-qpfd9/historyserver,1691160576,1728323584,2187243520,328945573
1785974999209554793,historyserver-demo-7f67bfd478-qpfd9/historyserver,1691160576,1728323584,2187243520,328945573
1785975000260297085,historyserver-demo-7f67bfd478-qpfd9/historyserver,1691160576,1728323584,2187243520,328945573
1785975001319401877,historyserver-demo-7f67bfd478-qpfd9/historyserver,1691160576,1728323584,2187243520,328945573
1785975002372411128,historyserver-demo-7f67bfd478-qpfd9/historyserver,1691160576,1728323584,2187243520,328945573
1785975003420468628,historyserver-demo-7f67bfd478-qpfd9/historyserver,1691160576,1728323584,2187243520,328945573
1785975004470614671,historyserver-demo-7f67bfd478-qpfd9/historyserver,1691160576,1728323584,2187243520,328945573
1785975005522888379,historyserver-demo-7f67bfd478-qpfd9/historyserver,1691160576,1728323584,2187243520,328945573
1785975006575311380,historyserver-demo-7f67bfd478-qpfd9/historyserver,1857024000,1894191104,2187243520,329145810
1785975007618261130,historyserver-demo-7f67bfd478-qpfd9/historyserver,2069868544,2107035648,2187243520,329695346
1785975008673158673,historyserver-demo-7f67bfd478-qpfd9/historyserver,2025861120,2063028224,2187243520,330195235
1785975009723508631,historyserver-demo-7f67bfd478-qpfd9/historyserver,1931694080,1968861184,2187243520,330746994
1785975010832692632,historyserver-demo-7f67bfd478-qpfd9/historyserver,1927499776,1964666880,2187243520,331297625
1785975011902168008,historyserver-demo-7f67bfd478-qpfd9/historyserver,1893945344,1931108352,2187243520,331806543
1785975012960241258,historyserver-demo-7f67bfd478-qpfd9/historyserver,1856196608,1893363712,2187243520,332345106
1785975014009174009,historyserver-demo-7f67bfd478-qpfd9/historyserver,1845710848,1882877952,2187243520,332882346
1785975015060335092,historyserver-demo-7f67bfd478-qpfd9/historyserver,1287221248,1324388352,2187243520,333395106
1785975016097285926,historyserver-demo-7f67bfd478-qpfd9/historyserver,1270444032,1307611136,2187243520,333895221
1785975017136553968,historyserver-demo-7f67bfd478-qpfd9/historyserver,1129938944,1171226624,2187243520,334445205
1785975018171271469,historyserver-demo-7f67bfd478-qpfd9/historyserver,843300864,880463872,2187243520,334945678
1785975019205561136,historyserver-demo-7f67bfd478-qpfd9/historyserver,843300864,880463872,2187243520,335448852
1785975020237495428,historyserver-demo-7f67bfd478-qpfd9/historyserver,843300864,880463872,2187243520,335989001
1785975021277097054,historyserver-demo-7f67bfd478-qpfd9/historyserver,843300864,880463872,2187243520,336497171
1785975022310279846,historyserver-demo-7f67bfd478-qpfd9/historyserver,834912256,877383680,2187243520,337007954
1785975023344170263,historyserver-demo-7f67bfd478-qpfd9/historyserver,744488960,781651968,2187243520,337549939
1785975024377099180,historyserver-demo-7f67bfd478-qpfd9/historyserver,661495808,698658816,2187243520,338049539
1785975025409005958,historyserver-demo-7f67bfd478-qpfd9/historyserver,661495808,698662912,2187243520,338555938
1785975026442084750,historyserver-demo-7f67bfd478-qpfd9/historyserver,661495808,698662912,2187243520,339093689
1785975027480309167,historyserver-demo-7f67bfd478-qpfd9/historyserver,661495808,698658816,2187243520,339596711
1785975028517930584,historyserver-demo-7f67bfd478-qpfd9/historyserver,661495808,698662912,2187243520,340117602
1785975029551036210,historyserver-demo-7f67bfd478-qpfd9/historyserver,678105088,716337152,2187243520,340648903
1785975030587926419,historyserver-demo-7f67bfd478-qpfd9/historyserver,705728512,742891520,2187243520,341147816
1785975031623101961,historyserver-demo-7f67bfd478-qpfd9/historyserver,734769152,772087808,2187243520,341670425
1785975032656028961,historyserver-demo-7f67bfd478-qpfd9/historyserver,762765312,800215040,2187243520,342195445
1785975033690966004,historyserver-demo-7f67bfd478-qpfd9/historyserver,782733312,819896320,2187243520,342695554
1785975034724988212,historyserver-demo-7f67bfd478-qpfd9/historyserver,803254272,841244672,2187243520,343226762
1785975035762392130,historyserver-demo-7f67bfd478-qpfd9/historyserver,812322816,849485824,2187243520,343747230
1785975036802070880,historyserver-demo-7f67bfd478-qpfd9/historyserver,830705664,868126720,2187243520,344252025
1785975037839011714,historyserver-demo-7f67bfd478-qpfd9/historyserver,851644416,889237504,2187243520,344790188
1785975038879103589,historyserver-demo-7f67bfd478-qpfd9/historyserver,871464960,908623872,2187243520,345297165
1785975039914431423,historyserver-demo-7f67bfd478-qpfd9/historyserver,891949056,929386496,2187243520,345815467
1785975040953024340,historyserver-demo-7f67bfd478-qpfd9/historyserver,909684736,946843648,2187243520,346347436
1785975041993883591,historyserver-demo-7f67bfd478-qpfd9/historyserver,915263488,952606720,2187243520,346850980
1785975043037420133,historyserver-demo-7f67bfd478-qpfd9/historyserver,921350144,958513152,2187243520,347399416
1785975044090874342,historyserver-demo-7f67bfd478-qpfd9/historyserver,927068160,964235264,2187243520,347899615
1785975045136979467,historyserver-demo-7f67bfd478-qpfd9/historyserver,933203968,970366976,2187243520,348448466
1785975046193792801,historyserver-demo-7f67bfd478-qpfd9/historyserver,934785024,971956224,2187243520,348946344
1785975047233457593,historyserver-demo-7f67bfd478-qpfd9/historyserver,934785024,971952128,2187243520,349485727
1785975048276410469,historyserver-demo-7f67bfd478-qpfd9/historyserver,934793216,971952128,2187243520,349996290
1785975049316601761,historyserver-demo-7f67bfd478-qpfd9/historyserver,934838272,972001280,2187243520,350519462
1785975050359263387,historyserver-demo-7f67bfd478-qpfd9/historyserver,934862848,972021760,2187243520,351046353
1785975051400075679,historyserver-demo-7f67bfd478-qpfd9/historyserver,934912000,972075008,2187243520,351553545
1785975052440947513,historyserver-demo-7f67bfd478-qpfd9/historyserver,934912000,972075008,2187243520,352091758
1785975053481167638,historyserver-demo-7f67bfd478-qpfd9/historyserver,934912000,972070912,2187243520,352597659
1785975054521731222,historyserver-demo-7f67bfd478-qpfd9/historyserver,944119808,981467136,2187243520,353127207
1785975055566931958,historyserver-demo-7f67bfd478-qpfd9/historyserver,962830336,999989248,2187243520,353647260
1785975056608125917,historyserver-demo-7f67bfd478-qpfd9/historyserver,981032960,1018396672,2187243520,354161217
1785975057649873584,historyserver-demo-7f67bfd478-qpfd9/historyserver,1000759296,1037922304,2187243520,354696522
1785975058692302251,historyserver-demo-7f67bfd478-qpfd9/historyserver,1019838464,1057013760,2187243520,355197485
1785975059733853085,historyserver-demo-7f67bfd478-qpfd9/historyserver,1041637376,1078800384,2187243520,355734311
1785975060775079211,historyserver-demo-7f67bfd478-qpfd9/historyserver,1064583168,1101750272,2187243520,356247470
1785975061815653044,historyserver-demo-7f67bfd478-qpfd9/historyserver,1085882368,1123082240,2187243520,356769584
1785975062861003962,historyserver-demo-7f67bfd478-qpfd9/historyserver,1106509824,1143668736,2187243520,357296040
1785975063902002462,historyserver-demo-7f67bfd478-qpfd9/historyserver,1127022592,1164230656,2187243520,357802748
1785975064943917338,historyserver-demo-7f67bfd478-qpfd9/historyserver,1148305408,1185464320,2187243520,358345924
1785975065990104213,historyserver-demo-7f67bfd478-qpfd9/historyserver,1164726272,1201889280,2187243520,358846452
1785975067034118547,historyserver-demo-7f67bfd478-qpfd9/historyserver,1171050496,1208209408,2187243520,359400144
1785975068077425756,historyserver-demo-7f67bfd478-qpfd9/historyserver,1176842240,1214005248,2187243520,359896752
1785975069133121673,historyserver-demo-7f67bfd478-qpfd9/historyserver,1183715328,1220874240,2187243520,360447667
1785975070177783340,historyserver-demo-7f67bfd478-qpfd9/historyserver,1188859904,1226027008,2187243520,360948772
1785975071220539091,historyserver-demo-7f67bfd478-qpfd9/historyserver,1190457344,1227624448,2187243520,361476659
1785975072266977508,historyserver-demo-7f67bfd478-qpfd9/historyserver,1190678528,1227837440,2187243520,361996432
1785975073306532967,historyserver-demo-7f67bfd478-qpfd9/historyserver,1190678528,1227841536,2187243520,362507217
1785975074346946967,historyserver-demo-7f67bfd478-qpfd9/historyserver,1190678528,1227837440,2187243520,363046875
1785975075390212009,historyserver-demo-7f67bfd478-qpfd9/historyserver,1190678528,1227841536,2187243520,363547640
1785975076432086468,historyserver-demo-7f67bfd478-qpfd9/historyserver,1190678528,1227837440,2187243520,364084493
1785975077474251052,historyserver-demo-7f67bfd478-qpfd9/historyserver,1240940544,1278103552,2187243520,364595997
1785975078514601636,historyserver-demo-7f67bfd478-qpfd9/historyserver,1240969216,1278443520,2187243520,365116709
1785975079555068136,historyserver-demo-7f67bfd478-qpfd9/historyserver,1241174016,1278337024,2187243520,365646314
1785975080597869012,historyserver-demo-7f67bfd478-qpfd9/historyserver,1241174016,1278349312,2187243520,366150131
1785975081639094137,historyserver-demo-7f67bfd478-qpfd9/historyserver,1241174016,1278341120,2187243520,366693382
1785975082680629096,historyserver-demo-7f67bfd478-qpfd9/historyserver,1241174016,1278337024,2187243520,367196538
1785975083719335721,historyserver-demo-7f67bfd478-qpfd9/historyserver,1388281856,1425448960,2187243520,367745895
1785975084767608139,historyserver-demo-7f67bfd478-qpfd9/historyserver,1526767616,1563934720,2187243520,368246217
1785975085822302667,historyserver-demo-7f67bfd478-qpfd9/historyserver,1420414976,1457577984,2187243520,368795580
1785975086882578667,historyserver-demo-7f67bfd478-qpfd9/historyserver,1524760576,1561923584,2187243520,369294758
1785975087923019751,historyserver-demo-7f67bfd478-qpfd9/historyserver,1520107520,1557278720,2187243520,369823033
1785975088964652585,historyserver-demo-7f67bfd478-qpfd9/historyserver,1488519168,1525682176,2187243520,370345515
1785975090006078585,historyserver-demo-7f67bfd478-qpfd9/historyserver,1483997184,1521168384,2187243520,370858417
1785975091047078544,historyserver-demo-7f67bfd478-qpfd9/historyserver,1299963904,1337131008,2187243520,371394339
1785975092089624253,historyserver-demo-7f67bfd478-qpfd9/historyserver,1293148160,1330315264,2187243520,371893109
1785975093129140170,historyserver-demo-7f67bfd478-qpfd9/historyserver,1238491136,1275658240,2187243520,372432227
1785975094173649754,historyserver-demo-7f67bfd478-qpfd9/historyserver,1228398592,1265569792,2187243520,372947592
1785975095214284546,historyserver-demo-7f67bfd478-qpfd9/historyserver,1228398592,1265561600,2187243520,373486732
1785975096257061088,historyserver-demo-7f67bfd478-qpfd9/historyserver,1228886016,1266053120,2187243520,373995442
1785975097306796589,historyserver-demo-7f67bfd478-qpfd9/historyserver,1228910592,1266073600,2187243520,374518547
1785975098359601381,historyserver-demo-7f67bfd478-qpfd9/historyserver,1228972032,1266139136,2187243520,375044243
1785975099399105798,historyserver-demo-7f67bfd478-qpfd9/historyserver,1229635584,1266798592,2187243520,375547393
1785975100439835882,historyserver-demo-7f67bfd478-qpfd9/historyserver,1229697024,1267126272,2187243520,376086963
1785975101480169257,historyserver-demo-7f67bfd478-qpfd9/historyserver,1229754368,1266925568,2187243520,376592893
1785975102521638591,historyserver-demo-7f67bfd478-qpfd9/historyserver,1243680768,1281007616,2187243520,377131610
1785975103573882092,historyserver-demo-7f67bfd478-qpfd9/historyserver,1271742464,1308901376,2187243520,377643964
1785975104614765550,historyserver-demo-7f67bfd478-qpfd9/historyserver,1301467136,1338851328,2187243520,378166429
1785975105658688343,historyserver-demo-7f67bfd478-qpfd9/historyserver,1331359744,1368518656,2187243520,378694263
1785975106708587718,historyserver-demo-7f67bfd478-qpfd9/historyserver,1362468864,1399631872,2187243520,379207934
1785975107749777927,historyserver-demo-7f67bfd478-qpfd9/historyserver,1396334592,1433497600,2187243520,379744725
1785975108791977136,historyserver-demo-7f67bfd478-qpfd9/historyserver,1428922368,1466126336,2187243520,380253214
1785975109863557386,historyserver-demo-7f67bfd478-qpfd9/historyserver,1457463296,1494626304,2187243520,380793004
1785975110903635262,historyserver-demo-7f67bfd478-qpfd9/historyserver,1467457536,1504931840,2187243520,381315140
1785975111944893262,historyserver-demo-7f67bfd478-qpfd9/historyserver,1477132288,1514291200,2187243520,381846204
1785975112995836429,historyserver-demo-7f67bfd478-qpfd9/historyserver,1486434304,1523806208,2187243520,382367212
1785975114047210013,historyserver-demo-7f67bfd478-qpfd9/historyserver,1495269376,1532432384,2187243520,382894750
1785975115092950055,historyserver-demo-7f67bfd478-qpfd9/historyserver,1501966336,1539358720,2187243520,383413037
1785975116144834625,historyserver-demo-7f67bfd478-qpfd9/historyserver,1511374848,1548529664,2187243520,383945610
1785975117191474334,historyserver-demo-7f67bfd478-qpfd9/historyserver,1511841792,1548996608,2187243520,384445023
1785975118232549459,historyserver-demo-7f67bfd478-qpfd9/historyserver,1515220992,1552429056,2187243520,384983953
1785975119276702876,historyserver-demo-7f67bfd478-qpfd9/historyserver,1526145024,1563299840,2187243520,385492887
1785975120319430294,historyserver-demo-7f67bfd478-qpfd9/historyserver,1537236992,1574432768,2187243520,386022740
1785975121363599627,historyserver-demo-7f67bfd478-qpfd9/historyserver,1549893632,1587048448,2187243520,386542160
1785975122407890670,historyserver-demo-7f67bfd478-qpfd9/historyserver,1562955776,1600303104,2187243520,387060512
1785975123451506962,historyserver-demo-7f67bfd478-qpfd9/historyserver,1578602496,1615757312,2187243520,387595396
1785975124500435087,historyserver-demo-7f67bfd478-qpfd9/historyserver,1594314752,1631539200,2187243520,388100450
1785975125543511754,historyserver-demo-7f67bfd478-qpfd9/historyserver,1610985472,1648226304,2187243520,388643887
1785975126585530088,historyserver-demo-7f67bfd478-qpfd9/historyserver,1626173440,1663336448,2187243520,389145637
1785975127627506005,historyserver-demo-7f67bfd478-qpfd9/historyserver,1629052928,1666207744,2187243520,389680304
1785975128671672881,historyserver-demo-7f67bfd478-qpfd9/historyserver,1629052928,1666207744,2187243520,390192091
1785975129714352673,historyserver-demo-7f67bfd478-qpfd9/historyserver,1638985728,1676328960,2187243520,390715728
1785975130758643840,historyserver-demo-7f67bfd478-qpfd9/historyserver,1645248512,1682403328,2187243520,391242024
1785975131801752132,historyserver-demo-7f67bfd478-qpfd9/historyserver,1645248512,1682403328,2187243520,391790714
1785975132888431133,historyserver-demo-7f67bfd478-qpfd9/historyserver,1646678016,1683832832,2187243520,392292694
1785975133932439508,historyserver-demo-7f67bfd478-qpfd9/historyserver,1661116416,1698496512,2187243520,392833652
1785975134977749884,historyserver-demo-7f67bfd478-qpfd9/historyserver,1674305536,1711460352,2187243520,393343467
1785975136018533926,historyserver-demo-7f67bfd478-qpfd9/historyserver,1682939904,1720094720,2187243520,393870000
1785975137062590552,historyserver-demo-7f67bfd478-qpfd9/historyserver,1683091456,1720246272,2187243520,394392897
1785975138104481094,historyserver-demo-7f67bfd478-qpfd9/historyserver,1696776192,1733935104,2187243520,394905051
1785975139148498428,historyserver-demo-7f67bfd478-qpfd9/historyserver,1711706112,1748865024,2187243520,395441868
1785975140192396095,historyserver-demo-7f67bfd478-qpfd9/historyserver,1712283648,1749438464,2187243520,395943173
1785975141235451637,historyserver-demo-7f67bfd478-qpfd9/historyserver,1712283648,1749442560,2187243520,396484815
1785975142279573346,historyserver-demo-7f67bfd478-qpfd9/historyserver,1712283648,1749438464,2187243520,396994431
1785975143319396013,historyserver-demo-7f67bfd478-qpfd9/historyserver,1712283648,1749438464,2187243520,397521651
1785975144366528180,historyserver-demo-7f67bfd478-qpfd9/historyserver,1712283648,1749438464,2187243520,398042135
1785975145408416166,historyserver-demo-7f67bfd478-qpfd9/historyserver,1712283648,1749438464,2187243520,398558582
1785975146455409125,historyserver-demo-7f67bfd478-qpfd9/historyserver,1712283648,1749438464,2187243520,399092033
1785975147498493459,historyserver-demo-7f67bfd478-qpfd9/historyserver,1712283648,1749438464,2187243520,399607245
1785975148554611626,historyserver-demo-7f67bfd478-qpfd9/historyserver,1722097664,1759252480,2187243520,400142038
1785975149597321127,historyserver-demo-7f67bfd478-qpfd9/historyserver,1738452992,1775607808,2187243520,400693433
1785975150733764752,historyserver-demo-7f67bfd478-qpfd9/historyserver,1753714688,1790869504,2187243520,401243436
1785975151856545836,historyserver-demo-7f67bfd478-qpfd9/historyserver,1768353792,1805508608,2187243520,401843704
1785975153031795503,historyserver-demo-7f67bfd478-qpfd9/historyserver,1769209856,1806364672,2187243520,402393764
1785975154122469462,historyserver-demo-7f67bfd478-qpfd9/historyserver,1769209856,1806364672,2187243520,402942705
1785975155208780546,historyserver-demo-7f67bfd478-qpfd9/historyserver,1770524672,1807679488,2187243520,403491055
1785975156308927963,historyserver-demo-7f67bfd478-qpfd9/historyserver,1783189504,1820643328,2187243520,404030173
1785975157395479714,historyserver-demo-7f67bfd478-qpfd9/historyserver,1792475136,1829634048,2187243520,404558697
1785975158452352006,historyserver-demo-7f67bfd478-qpfd9/historyserver,1795375104,1832529920,2187243520,405093894
1785975159492487090,historyserver-demo-7f67bfd478-qpfd9/historyserver,1798787072,1835945984,2187243520,405641241
1785975160568513507,historyserver-demo-7f67bfd478-qpfd9/historyserver,1803005952,1840160768,2187243520,406144930
1785975161612627924,historyserver-demo-7f67bfd478-qpfd9/historyserver,1807425536,1844600832,2187243520,406693524
1785975162693291008,historyserver-demo-7f67bfd478-qpfd9/historyserver,1811767296,1848922112,2187243520,407195514
1785975163729306217,historyserver-demo-7f67bfd478-qpfd9/historyserver,1812234240,1849389056,2187243520,407744594
1785975164768500467,historyserver-demo-7f67bfd478-qpfd9/historyserver,1812234240,1849389056,2187243520,408244822
1785975165804383259,historyserver-demo-7f67bfd478-qpfd9/historyserver,1812250624,1849405440,2187243520,408759931
1785975166844404302,historyserver-demo-7f67bfd478-qpfd9/historyserver,1797570560,1834725376,2187243520,409290870
1785975167886364385,historyserver-demo-7f67bfd478-qpfd9/historyserver,1797570560,1834725376,2187243520,409790128
1785975168923534594,historyserver-demo-7f67bfd478-qpfd9/historyserver,1797570560,1834733568,2187243520,410324275
1785975169969838261,historyserver-demo-7f67bfd478-qpfd9/historyserver,1797570560,1834725376,2187243520,410841934
1785975171010453470,historyserver-demo-7f67bfd478-qpfd9/historyserver,1797570560,1834725376,2187243520,411361338
1785975172053317679,historyserver-demo-7f67bfd478-qpfd9/historyserver,1797570560,1834725376,2187243520,411603359
1785975173090559471,historyserver-demo-7f67bfd478-qpfd9/historyserver,1797570560,1834725376,2187243520,411603359
1785975174131428513,historyserver-demo-7f67bfd478-qpfd9/historyserver,1797570560,1834725376,2187243520,411603359
1785975175175231583,historyserver-demo-7f67bfd478-qpfd9/historyserver,1797570560,1834725376,2187243520,411603359
1785975176218185958,historyserver-demo-7f67bfd478-qpfd9/historyserver,1797570560,1834725376,2187243520,411603359
1785975177258540042,historyserver-demo-7f67bfd478-qpfd9/historyserver,1797570560,1834725376,2187243520,411603359
1785975178297070418,historyserver-demo-7f67bfd478-qpfd9/historyserver,1797570560,1834725376,2187243520,411603359
1785975179337241502,historyserver-demo-7f67bfd478-qpfd9/historyserver,1797570560,1834725376,2187243520,411603359
1785975180384535044,historyserver-demo-7f67bfd478-qpfd9/historyserver,1797570560,1834725376,2187243520,411603359
1785975181429089503,historyserver-demo-7f67bfd478-qpfd9/historyserver,1797570560,1834725376,2187243520,411603359
1785975182471331420,historyserver-demo-7f67bfd478-qpfd9/historyserver,1797570560,1834725376,2187243520,411603359
1785975183530196379,historyserver-demo-7f67bfd478-qpfd9/historyserver,1797570560,1834725376,2187243520,411603359
1785975184574294796,historyserver-demo-7f67bfd478-qpfd9/historyserver,1797570560,1834725376,2187243520,411603359
1785975185617418463,historyserver-demo-7f67bfd478-qpfd9/historyserver,1797570560,1834725376,2187243520,411603359
1785975186677551130,historyserver-demo-7f67bfd478-qpfd9/historyserver,1797570560,1834725376,2187243520,411603359
1785975187744422881,historyserver-demo-7f67bfd478-qpfd9/historyserver,1797570560,1834725376,2187243520,411603359
1785975188803509089,historyserver-demo-7f67bfd478-qpfd9/historyserver,1797570560,1834725376,2187243520,411603359
1785975189853012673,historyserver-demo-7f67bfd478-qpfd9/historyserver,1797570560,1834725376,2187243520,411603359
1785975190904899340,historyserver-demo-7f67bfd478-qpfd9/historyserver,1797570560,1834725376,2187243520,411603359
1785975191960279758,historyserver-demo-7f67bfd478-qpfd9/historyserver,1797570560,1834725376,2187243520,411603359
1785975193008110008,historyserver-demo-7f67bfd478-qpfd9/historyserver,1797570560,1834725376,2187243520,411603359
1785975194054322675,historyserver-demo-7f67bfd478-qpfd9/historyserver,1797570560,1834725376,2187243520,411603359
1785975195105257259,historyserver-demo-7f67bfd478-qpfd9/historyserver,1797570560,1834725376,2187243520,411603359
1785975196160185301,historyserver-demo-7f67bfd478-qpfd9/historyserver,1797570560,1834725376,2187243520,411603359
1785975197206070218,historyserver-demo-7f67bfd478-qpfd9/historyserver,1797570560,1834725376,2187243520,411603359
1785975198281595927,historyserver-demo-7f67bfd478-qpfd9/historyserver,1797570560,1834725376,2187243520,411603359
1785975199347442719,historyserver-demo-7f67bfd478-qpfd9/historyserver,1797570560,1834725376,2187243520,411603359
1785975200400593637,historyserver-demo-7f67bfd478-qpfd9/historyserver,1797570560,1834725376,2187243520,411603359
1785975201457211429,historyserver-demo-7f67bfd478-qpfd9/historyserver,1797570560,1834725376,2187243520,411603359
1785975202510312013,historyserver-demo-7f67bfd478-qpfd9/historyserver,1797570560,1834725376,2187243520,411603359
1785975203572477513,historyserver-demo-7f67bfd478-qpfd9/historyserver,1797570560,1834725376,2187243520,411603359
1785975204634209389,historyserver-demo-7f67bfd478-qpfd9/historyserver,1797570560,1834725376,2187243520,411603359
1785975205677085041,historyserver-demo-7f67bfd478-qpfd9/historyserver,1797570560,1834725376,2187243520,411603359
1785975206769104042,historyserver-demo-7f67bfd478-qpfd9/historyserver,1797570560,1834725376,2187243520,411603359
1785975207816225209,historyserver-demo-7f67bfd478-qpfd9/historyserver,1797570560,1834725376,2187243520,411603359
1785975208879394668,historyserver-demo-7f67bfd478-qpfd9/historyserver,1797570560,1834725376,2187243520,411603359
1785975209940465293,historyserver-demo-7f67bfd478-qpfd9/historyserver,1797570560,1834725376,2187243520,411603359
1785975211005445461,historyserver-demo-7f67bfd478-qpfd9/historyserver,1797570560,1834725376,2187243520,411603359
1785975212067361419,historyserver-demo-7f67bfd478-qpfd9/historyserver,1797570560,1834725376,2187243520,411603359
1785975213128802587,historyserver-demo-7f67bfd478-qpfd9/historyserver,1797570560,1834725376,2187243520,411603359
1785975214198909921,historyserver-demo-7f67bfd478-qpfd9/historyserver,1797570560,1834725376,2187243520,411603359
1785975215271041046,historyserver-demo-7f67bfd478-qpfd9/historyserver,1797570560,1834725376,2187243520,411603359
1785975216323846505,historyserver-demo-7f67bfd478-qpfd9/historyserver,1797570560,1834725376,2187243520,411603359
1785975217386307089,historyserver-demo-7f67bfd478-qpfd9/historyserver,1797570560,1834725376,2187243520,411603359
1785975218439340214,historyserver-demo-7f67bfd478-qpfd9/historyserver,1797570560,1834725376,2187243520,411603359
1785975219498554715,historyserver-demo-7f67bfd478-qpfd9/historyserver,1797570560,1834725376,2187243520,411603359
1785975220564175340,historyserver-demo-7f67bfd478-qpfd9/historyserver,1797570560,1834725376,2187243520,411603359
1785975221621206882,historyserver-demo-7f67bfd478-qpfd9/historyserver,1797570560,1834725376,2187243520,411603359
1785975222680971175,historyserver-demo-7f67bfd478-qpfd9/historyserver,1797570560,1834725376,2187243520,411603359
1785975223729083758,historyserver-demo-7f67bfd478-qpfd9/historyserver,1797570560,1834725376,2187243520,411603359
1785975224801059217,historyserver-demo-7f67bfd478-qpfd9/historyserver,1797570560,1834725376,2187243520,411603359
