time,phase,pod,container,cpu_stat_time,cpu_usage_core_nanoseconds,working_set_bytes
2026-08-05T18:57:32.329252-05:00,job,raycluster-historyserver-cpu-worker-hhkx8,ray-worker,2026-08-05T23:57:32Z,2782951000,296394752
2026-08-05T18:57:32.329252-05:00,job,raycluster-historyserver-cpu-worker-hhkx8,collector,2026-08-05T23:57:32Z,562528000,56864768
2026-08-05T18:57:32.329252-05:00,job,raycluster-historyserver-head-s6488,ray-head,2026-08-05T23:57:26Z,11562714000,2694209536
2026-08-05T18:57:32.329252-05:00,job,raycluster-historyserver-head-s6488,collector,2026-08-05T23:57:31Z,639815000,62054400
2026-08-05T18:57:33.330431-05:00,job,raycluster-historyserver-cpu-worker-hhkx8,ray-worker,2026-08-05T23:57:33Z,2792395000,296587264
2026-08-05T18:57:33.330431-05:00,job,raycluster-historyserver-cpu-worker-hhkx8,collector,2026-08-05T23:57:33Z,562528000,56864768
2026-08-05T18:57:33.330431-05:00,job,raycluster-historyserver-head-s6488,ray-head,2026-08-05T23:57:26Z,11562714000,2694209536
2026-08-05T18:57:33.330431-05:00,job,raycluster-historyserver-head-s6488,collector,2026-08-05T23:57:31Z,639815000,62054400
2026-08-05T18:57:34.329033-05:00,job,raycluster-historyserver-cpu-worker-hhkx8,ray-worker,2026-08-05T23:57:34Z,2799462000,296607744
2026-08-05T18:57:34.329033-05:00,job,raycluster-historyserver-cpu-worker-hhkx8,collector,2026-08-05T23:57:34Z,562528000,56864768
2026-08-05T18:57:34.329033-05:00,job,raycluster-historyserver-head-s6488,ray-head,2026-08-05T23:57:26Z,11562714000,2694209536
2026-08-05T18:57:34.329033-05:00,job,raycluster-historyserver-head-s6488,collector,2026-08-05T23:57:31Z,639815000,62054400
2026-08-05T18:57:35.328525-05:00,job,raycluster-historyserver-head-s6488,ray-head,2026-08-05T23:57:26Z,11562714000,2694209536
2026-08-05T18:57:35.328525-05:00,job,raycluster-historyserver-head-s6488,collector,2026-08-05T23:57:31Z,639815000,62054400
2026-08-05T18:57:35.328525-05:00,job,raycluster-historyserver-cpu-worker-hhkx8,ray-worker,2026-08-05T23:57:34Z,2799462000,296607744
2026-08-05T18:57:35.328525-05:00,job,raycluster-historyserver-cpu-worker-hhkx8,collector,2026-08-05T23:57:34Z,562528000,56864768
2026-08-05T18:57:36.328545-05:00,job,raycluster-historyserver-cpu-worker-hhkx8,ray-worker,2026-08-05T23:57:34Z,2799462000,296607744
2026-08-05T18:57:36.328545-05:00,job,raycluster-historyserver-cpu-worker-hhkx8,collector,2026-08-05T23:57:34Z,562528000,56864768
2026-08-05T18:57:36.328545-05:00,job,raycluster-historyserver-head-s6488,ray-head,2026-08-05T23:57:36Z,14017707000,2865082368
2026-08-05T18:57:36.328545-05:00,job,raycluster-historyserver-head-s6488,collector,2026-08-05T23:57:31Z,639815000,62054400
2026-08-05T18:57:37.3288-05:00,job,raycluster-historyserver-cpu-worker-hhkx8,ray-worker,2026-08-05T23:57:34Z,2799462000,296607744
2026-08-05T18:57:37.3288-05:00,job,raycluster-historyserver-cpu-worker-hhkx8,collector,2026-08-05T23:57:34Z,562528000,56864768
2026-08-05T18:57:37.3288-05:00,job,raycluster-historyserver-head-s6488,ray-head,2026-08-05T23:57:36Z,14017707000,2865082368
2026-08-05T18:57:37.3288-05:00,job,raycluster-historyserver-head-s6488,collector,2026-08-05T23:57:31Z,639815000,62054400
2026-08-05T18:57:38.327801-05:00,job,raycluster-historyserver-head-s6488,ray-head,2026-08-05T23:57:36Z,14017707000,2865082368
2026-08-05T18:57:38.327801-05:00,job,raycluster-historyserver-head-s6488,collector,2026-08-05T23:57:31Z,639815000,62054400
2026-08-05T18:57:38.327801-05:00,job,raycluster-historyserver-cpu-worker-hhkx8,ray-worker,2026-08-05T23:57:34Z,2799462000,296607744
2026-08-05T18:57:38.327801-05:00,job,raycluster-historyserver-cpu-worker-hhkx8,collector,2026-08-05T23:57:34Z,562528000,56864768
2026-08-05T18:57:39.328644-05:00,job,raycluster-historyserver-head-s6488,collector,2026-08-05T23:57:31Z,639815000,62054400
2026-08-05T18:57:39.328644-05:00,job,raycluster-historyserver-head-s6488,ray-head,2026-08-05T23:57:36Z,14017707000,2865082368
2026-08-05T18:57:39.328644-05:00,job,raycluster-historyserver-cpu-worker-hhkx8,ray-worker,2026-08-05T23:57:34Z,2799462000,296607744
2026-08-05T18:57:39.328644-05:00,job,raycluster-historyserver-cpu-worker-hhkx8,collector,2026-08-05T23:57:34Z,562528000,56864768
2026-08-05T18:57:40.328581-05:00,job,raycluster-historyserver-head-s6488,ray-head,2026-08-05T23:57:36Z,14017707000,2865082368
2026-08-05T18:57:40.328581-05:00,job,raycluster-historyserver-head-s6488,collector,2026-08-05T23:57:31Z,639815000,62054400
2026-08-05T18:57:40.328581-05:00,job,raycluster-historyserver-cpu-worker-hhkx8,ray-worker,2026-08-05T23:57:34Z,2799462000,296607744
2026-08-05T18:57:40.328581-05:00,job,raycluster-historyserver-cpu-worker-hhkx8,collector,2026-08-05T23:57:34Z,562528000,56864768
2026-08-05T18:57:41.328343-05:00,job,raycluster-historyserver-cpu-worker-hhkx8,ray-worker,2026-08-05T23:57:34Z,2799462000,296607744
2026-08-05T18:57:41.328343-05:00,job,raycluster-historyserver-cpu-worker-hhkx8,collector,2026-08-05T23:57:34Z,562528000,56864768
2026-08-05T18:57:41.328343-05:00,job,raycluster-historyserver-head-s6488,ray-head,2026-08-05T23:57:36Z,14017707000,2865082368
2026-08-05T18:57:41.328343-05:00,job,raycluster-historyserver-head-s6488,collector,2026-08-05T23:57:31Z,639815000,62054400
2026-08-05T18:57:42.328474-05:00,job,raycluster-historyserver-head-s6488,ray-head,2026-08-05T23:57:36Z,14017707000,2865082368
2026-08-05T18:57:42.328474-05:00,job,raycluster-historyserver-head-s6488,collector,2026-08-05T23:57:31Z,639815000,62054400
2026-08-05T18:57:42.328474-05:00,job,raycluster-historyserver-cpu-worker-hhkx8,ray-worker,2026-08-05T23:57:34Z,2799462000,296607744
2026-08-05T18:57:42.328474-05:00,job,raycluster-historyserver-cpu-worker-hhkx8,collector,2026-08-05T23:57:34Z,562528000,56864768
2026-08-05T18:57:43.328043-05:00,job,raycluster-historyserver-head-s6488,ray-head,2026-08-05T23:57:36Z,14017707000,2865082368
2026-08-05T18:57:43.328043-05:00,job,raycluster-historyserver-head-s6488,collector,2026-08-05T23:57:31Z,639815000,62054400
2026-08-05T18:57:43.328043-05:00,job,raycluster-historyserver-cpu-worker-hhkx8,ray-worker,2026-08-05T23:57:34Z,2799462000,296607744
2026-08-05T18:57:43.328043-05:00,job,raycluster-historyserver-cpu-worker-hhkx8,collector,2026-08-05T23:57:34Z,562528000,56864768
2026-08-05T18:57:44.328048-05:00,job,raycluster-historyserver-cpu-worker-hhkx8,ray-worker,2026-08-05T23:57:34Z,2799462000,296607744
2026-08-05T18:57:44.328048-05:00,job,raycluster-historyserver-cpu-worker-hhkx8,collector,2026-08-05T23:57:34Z,562528000,56864768
2026-08-05T18:57:44.328048-05:00,job,raycluster-historyserver-head-s6488,ray-head,2026-08-05T23:57:36Z,14017707000,2865082368
2026-08-05T18:57:44.328048-05:00,job,raycluster-historyserver-head-s6488,collector,2026-08-05T23:57:31Z,639815000,62054400
2026-08-05T18:57:45.327851-05:00,job,raycluster-historyserver-cpu-worker-hhkx8,ray-worker,2026-08-05T23:57:34Z,2799462000,296607744
2026-08-05T18:57:45.327851-05:00,job,raycluster-historyserver-cpu-worker-hhkx8,collector,2026-08-05T23:57:34Z,562528000,56864768
2026-08-05T18:57:45.327851-05:00,job,raycluster-historyserver-head-s6488,ray-head,2026-08-05T23:57:36Z,14017707000,2865082368
2026-08-05T18:57:45.327851-05:00,job,raycluster-historyserver-head-s6488,collector,2026-08-05T23:57:31Z,639815000,62054400
2026-08-05T18:57:46.327921-05:00,job,raycluster-historyserver-head-s6488,ray-head,2026-08-05T23:57:46Z,25880342000,3233763328
2026-08-05T18:57:46.327921-05:00,job,raycluster-historyserver-head-s6488,collector,2026-08-05T23:57:31Z,639815000,62054400
2026-08-05T18:57:46.327921-05:00,job,raycluster-historyserver-cpu-worker-hhkx8,ray-worker,2026-08-05T23:57:34Z,2799462000,296607744
2026-08-05T18:57:46.327921-05:00,job,raycluster-historyserver-cpu-worker-hhkx8,collector,2026-08-05T23:57:34Z,562528000,56864768
2026-08-05T18:57:47.327262-05:00,job,raycluster-historyserver-head-s6488,ray-head,2026-08-05T23:57:46Z,25880342000,3233763328
2026-08-05T18:57:47.327262-05:00,job,raycluster-historyserver-head-s6488,collector,2026-08-05T23:57:31Z,639815000,62054400
2026-08-05T18:57:47.327262-05:00,job,raycluster-historyserver-cpu-worker-hhkx8,ray-worker,2026-08-05T23:57:34Z,2799462000,296607744
2026-08-05T18:57:47.327262-05:00,job,raycluster-historyserver-cpu-worker-hhkx8,collector,2026-08-05T23:57:46Z,4249739000,116924416
2026-08-05T18:57:48.327794-05:00,job,raycluster-historyserver-cpu-worker-hhkx8,ray-worker,2026-08-05T23:57:34Z,2799462000,296607744
2026-08-05T18:57:48.327794-05:00,job,raycluster-historyserver-cpu-worker-hhkx8,collector,2026-08-05T23:57:46Z,4249739000,116924416
2026-08-05T18:57:48.327794-05:00,job,raycluster-historyserver-head-s6488,ray-head,2026-08-05T23:57:46Z,25880342000,3233763328
2026-08-05T18:57:48.327794-05:00,job,raycluster-historyserver-head-s6488,collector,2026-08-05T23:57:31Z,639815000,62054400
2026-08-05T18:57:49.327636-05:00,job,raycluster-historyserver-cpu-worker-hhkx8,ray-worker,2026-08-05T23:57:34Z,2799462000,296607744
2026-08-05T18:57:49.327636-05:00,job,raycluster-historyserver-cpu-worker-hhkx8,collector,2026-08-05T23:57:46Z,4249739000,116924416
2026-08-05T18:57:49.327636-05:00,job,raycluster-historyserver-head-s6488,collector,2026-08-05T23:57:49Z,8902677000,153522176
2026-08-05T18:57:49.327636-05:00,job,raycluster-historyserver-head-s6488,ray-head,2026-08-05T23:57:46Z,25880342000,3233763328
2026-08-05T18:57:50.327551-05:00,job,raycluster-historyserver-head-s6488,ray-head,2026-08-05T23:57:46Z,25880342000,3233763328
2026-08-05T18:57:50.327551-05:00,job,raycluster-historyserver-head-s6488,collector,2026-08-05T23:57:49Z,8902677000,153522176
2026-08-05T18:57:50.327551-05:00,job,raycluster-historyserver-cpu-worker-hhkx8,ray-worker,2026-08-05T23:57:34Z,2799462000,296607744
2026-08-05T18:57:50.327551-05:00,job,raycluster-historyserver-cpu-worker-hhkx8,collector,2026-08-05T23:57:46Z,4249739000,116924416
2026-08-05T18:57:51.328044-05:00,job,raycluster-historyserver-head-s6488,ray-head,2026-08-05T23:57:46Z,25880342000,3233763328
2026-08-05T18:57:51.328044-05:00,job,raycluster-historyserver-head-s6488,collector,2026-08-05T23:57:49Z,8902677000,153522176
2026-08-05T18:57:51.328044-05:00,job,raycluster-historyserver-cpu-worker-hhkx8,ray-worker,2026-08-05T23:57:34Z,2799462000,296607744
2026-08-05T18:57:51.328044-05:00,job,raycluster-historyserver-cpu-worker-hhkx8,collector,2026-08-05T23:57:46Z,4249739000,116924416
2026-08-05T18:57:52.327754-05:00,job,raycluster-historyserver-cpu-worker-hhkx8,ray-worker,2026-08-05T23:57:34Z,2799462000,296607744
2026-08-05T18:57:52.327754-05:00,job,raycluster-historyserver-cpu-worker-hhkx8,collector,2026-08-05T23:57:46Z,4249739000,116924416
2026-08-05T18:57:52.327754-05:00,job,raycluster-historyserver-head-s6488,ray-head,2026-08-05T23:57:46Z,25880342000,3233763328
2026-08-05T18:57:52.327754-05:00,job,raycluster-historyserver-head-s6488,collector,2026-08-05T23:57:49Z,8902677000,153522176
2026-08-05T18:57:53.327991-05:00,job,raycluster-historyserver-head-s6488,ray-head,2026-08-05T23:57:46Z,25880342000,3233763328
2026-08-05T18:57:53.327991-05:00,job,raycluster-historyserver-head-s6488,collector,2026-08-05T23:57:49Z,8902677000,153522176
2026-08-05T18:57:53.327991-05:00,job,raycluster-historyserver-cpu-worker-hhkx8,ray-worker,2026-08-05T23:57:53Z,39077782000,1047097344
2026-08-05T18:57:53.327991-05:00,job,raycluster-historyserver-cpu-worker-hhkx8,collector,2026-08-05T23:57:46Z,4249739000,116924416
2026-08-05T18:57:54.327963-05:00,job,raycluster-historyserver-cpu-worker-hhkx8,ray-worker,2026-08-05T23:57:53Z,39077782000,1047097344
2026-08-05T18:57:54.327963-05:00,job,raycluster-historyserver-cpu-worker-hhkx8,collector,2026-08-05T23:57:46Z,4249739000,116924416
2026-08-05T18:57:54.327963-05:00,job,raycluster-historyserver-head-s6488,ray-head,2026-08-05T23:57:46Z,25880342000,3233763328
2026-08-05T18:57:54.327963-05:00,job,raycluster-historyserver-head-s6488,collector,2026-08-05T23:57:49Z,8902677000,153522176
2026-08-05T18:57:55.327382-05:00,job,raycluster-historyserver-head-s6488,ray-head,2026-08-05T23:57:46Z,25880342000,3233763328
2026-08-05T18:57:55.327382-05:00,job,raycluster-historyserver-head-s6488,collector,2026-08-05T23:57:49Z,8902677000,153522176
2026-08-05T18:57:55.327382-05:00,job,raycluster-historyserver-cpu-worker-hhkx8,ray-worker,2026-08-05T23:57:53Z,39077782000,1047097344
2026-08-05T18:57:55.327382-05:00,job,raycluster-historyserver-cpu-worker-hhkx8,collector,2026-08-05T23:57:46Z,4249739000,116924416
2026-08-05T18:57:56.327125-05:00,job,raycluster-historyserver-head-s6488,ray-head,2026-08-05T23:57:46Z,25880342000,3233763328
2026-08-05T18:57:56.327125-05:00,job,raycluster-historyserver-head-s6488,collector,2026-08-05T23:57:49Z,8902677000,153522176
2026-08-05T18:57:56.327125-05:00,job,raycluster-historyserver-cpu-worker-hhkx8,ray-worker,2026-08-05T23:57:53Z,39077782000,1047097344
2026-08-05T18:57:56.327125-05:00,job,raycluster-historyserver-cpu-worker-hhkx8,collector,2026-08-05T23:57:46Z,4249739000,116924416
2026-08-05T18:57:57.327607-05:00,job,raycluster-historyserver-cpu-worker-hhkx8,ray-worker,2026-08-05T23:57:53Z,39077782000,1047097344
2026-08-05T18:57:57.327607-05:00,job,raycluster-historyserver-cpu-worker-hhkx8,collector,2026-08-05T23:57:46Z,4249739000,116924416
2026-08-05T18:57:57.327607-05:00,job,raycluster-historyserver-head-s6488,ray-head,2026-08-05T23:57:46Z,25880342000,3233763328
2026-08-05T18:57:57.327607-05:00,job,raycluster-historyserver-head-s6488,collector,2026-08-05T23:57:49Z,8902677000,153522176
2026-08-05T18:57:58.327268-05:00,job,raycluster-historyserver-cpu-worker-hhkx8,ray-worker,2026-08-05T23:57:53Z,39077782000,1047097344
2026-08-05T18:57:58.327268-05:00,job,raycluster-historyserver-cpu-worker-hhkx8,collector,2026-08-05T23:57:46Z,4249739000,116924416
2026-08-05T18:57:58.327268-05:00,job,raycluster-historyserver-head-s6488,collector,2026-08-05T23:57:49Z,8902677000,153522176
2026-08-05T18:57:58.327268-05:00,job,raycluster-historyserver-head-s6488,ray-head,2026-08-05T23:57:46Z,25880342000,3233763328
2026-08-05T18:57:59.327307-05:00,job,raycluster-historyserver-cpu-worker-hhkx8,ray-worker,2026-08-05T23:57:53Z,39077782000,1047097344
2026-08-05T18:57:59.327307-05:00,job,raycluster-historyserver-cpu-worker-hhkx8,collector,2026-08-05T23:57:46Z,4249739000,116924416
2026-08-05T18:57:59.327307-05:00,job,raycluster-historyserver-head-s6488,collector,2026-08-05T23:57:49Z,8902677000,153522176
2026-08-05T18:57:59.327307-05:00,job,raycluster-historyserver-head-s6488,ray-head,2026-08-05T23:57:46Z,25880342000,3233763328
2026-08-05T18:58:00.327429-05:00,job,raycluster-historyserver-cpu-worker-hhkx8,ray-worker,2026-08-05T23:57:53Z,39077782000,1047097344
2026-08-05T18:58:00.327429-05:00,job,raycluster-historyserver-cpu-worker-hhkx8,collector,2026-08-05T23:57:46Z,4249739000,116924416
2026-08-05T18:58:00.327429-05:00,job,raycluster-historyserver-head-s6488,ray-head,2026-08-05T23:57:46Z,25880342000,3233763328
2026-08-05T18:58:00.327429-05:00,job,raycluster-historyserver-head-s6488,collector,2026-08-05T23:57:49Z,8902677000,153522176
2026-08-05T18:58:01.327743-05:00,job,raycluster-historyserver-cpu-worker-hhkx8,ray-worker,2026-08-05T23:57:53Z,39077782000,1047097344
2026-08-05T18:58:01.327743-05:00,job,raycluster-historyserver-cpu-worker-hhkx8,collector,2026-08-05T23:57:46Z,4249739000,116924416
2026-08-05T18:58:01.327743-05:00,job,raycluster-historyserver-head-s6488,ray-head,2026-08-05T23:57:46Z,25880342000,3233763328
2026-08-05T18:58:01.327743-05:00,job,raycluster-historyserver-head-s6488,collector,2026-08-05T23:57:49Z,8902677000,153522176
2026-08-05T18:58:02.327958-05:00,job,raycluster-historyserver-cpu-worker-hhkx8,ray-worker,2026-08-05T23:57:53Z,39077782000,1047097344
2026-08-05T18:58:02.327958-05:00,job,raycluster-historyserver-cpu-worker-hhkx8,collector,2026-08-05T23:57:46Z,4249739000,116924416
2026-08-05T18:58:02.327958-05:00,job,raycluster-historyserver-head-s6488,ray-head,2026-08-05T23:57:46Z,25880342000,3233763328
2026-08-05T18:58:02.327958-05:00,job,raycluster-historyserver-head-s6488,collector,2026-08-05T23:58:02Z,17528785000,137494528
2026-08-05T18:58:03.326991-05:00,job,raycluster-historyserver-head-s6488,ray-head,2026-08-05T23:57:46Z,25880342000,3233763328
2026-08-05T18:58:03.326991-05:00,job,raycluster-historyserver-head-s6488,collector,2026-08-05T23:58:02Z,17528785000,137494528
2026-08-05T18:58:03.326991-05:00,job,raycluster-historyserver-cpu-worker-hhkx8,ray-worker,2026-08-05T23:57:53Z,39077782000,1047097344
2026-08-05T18:58:03.326991-05:00,job,raycluster-historyserver-cpu-worker-hhkx8,collector,2026-08-05T23:57:46Z,4249739000,116924416
2026-08-05T18:58:04.327687-05:00,job,raycluster-historyserver-cpu-worker-hhkx8,ray-worker,2026-08-05T23:57:53Z,39077782000,1047097344
2026-08-05T18:58:04.327687-05:00,job,raycluster-historyserver-cpu-worker-hhkx8,collector,2026-08-05T23:57:46Z,4249739000,116924416
2026-08-05T18:58:04.327687-05:00,job,raycluster-historyserver-head-s6488,ray-head,2026-08-05T23:57:46Z,25880342000,3233763328
2026-08-05T18:58:04.327687-05:00,job,raycluster-historyserver-head-s6488,collector,2026-08-05T23:58:02Z,17528785000,137494528
2026-08-05T18:58:05.327171-05:00,job,raycluster-historyserver-cpu-worker-hhkx8,ray-worker,2026-08-05T23:57:53Z,39077782000,1047097344
2026-08-05T18:58:05.327171-05:00,job,raycluster-historyserver-cpu-worker-hhkx8,collector,2026-08-05T23:57:46Z,4249739000,116924416
2026-08-05T18:58:05.327171-05:00,job,raycluster-historyserver-head-s6488,ray-head,2026-08-05T23:58:04Z,47749120000,3547807744
2026-08-05T18:58:05.327171-05:00,job,raycluster-historyserver-head-s6488,collector,2026-08-05T23:58:02Z,17528785000,137494528
2026-08-05T18:58:06.327905-05:00,job,raycluster-historyserver-cpu-worker-hhkx8,ray-worker,2026-08-05T23:57:53Z,39077782000,1047097344
2026-08-05T18:58:06.327905-05:00,job,raycluster-historyserver-cpu-worker-hhkx8,collector,2026-08-05T23:57:46Z,4249739000,116924416
2026-08-05T18:58:06.327905-05:00,job,raycluster-historyserver-head-s6488,ray-head,2026-08-05T23:58:04Z,47749120000,3547807744
2026-08-05T18:58:06.327905-05:00,job,raycluster-historyserver-head-s6488,collector,2026-08-05T23:58:02Z,17528785000,137494528
2026-08-05T18:58:07.327669-05:00,job,raycluster-historyserver-head-s6488,collector,2026-08-05T23:58:02Z,17528785000,137494528
2026-08-05T18:58:07.327669-05:00,job,raycluster-historyserver-head-s6488,ray-head,2026-08-05T23:58:04Z,47749120000,3547807744
2026-08-05T18:58:07.327669-05:00,job,raycluster-historyserver-cpu-worker-hhkx8,ray-worker,2026-08-05T23:58:07Z,66671372000,1077686272
2026-08-05T18:58:07.327669-05:00,job,raycluster-historyserver-cpu-worker-hhkx8,collector,2026-08-05T23:58:06Z,11831196000,119877632
2026-08-05T18:58:08.328009-05:00,job,raycluster-historyserver-head-s6488,ray-head,2026-08-05T23:58:04Z,47749120000,3547807744
2026-08-05T18:58:08.328009-05:00,job,raycluster-historyserver-head-s6488,collector,2026-08-05T23:58:02Z,17528785000,137494528
2026-08-05T18:58:08.328009-05:00,job,raycluster-historyserver-cpu-worker-hhkx8,ray-worker,2026-08-05T23:58:07Z,66671372000,1077686272
2026-08-05T18:58:08.328009-05:00,job,raycluster-historyserver-cpu-worker-hhkx8,collector,2026-08-05T23:58:06Z,11831196000,119877632
2026-08-05T18:58:09.32766-05:00,job,raycluster-historyserver-cpu-worker-hhkx8,ray-worker,2026-08-05T23:58:07Z,66671372000,1077686272
2026-08-05T18:58:09.32766-05:00,job,raycluster-historyserver-cpu-worker-hhkx8,collector,2026-08-05T23:58:06Z,11831196000,119877632
2026-08-05T18:58:09.32766-05:00,job,raycluster-historyserver-head-s6488,collector,2026-08-05T23:58:02Z,17528785000,137494528
2026-08-05T18:58:09.32766-05:00,job,raycluster-historyserver-head-s6488,ray-head,2026-08-05T23:58:04Z,47749120000,3547807744
2026-08-05T18:58:10.327602-05:00,job,raycluster-historyserver-cpu-worker-hhkx8,ray-worker,2026-08-05T23:58:07Z,66671372000,1077686272
2026-08-05T18:58:10.327602-05:00,job,raycluster-historyserver-cpu-worker-hhkx8,collector,2026-08-05T23:58:06Z,11831196000,119877632
2026-08-05T18:58:10.327602-05:00,job,raycluster-historyserver-head-s6488,ray-head,2026-08-05T23:58:04Z,47749120000,3547807744
2026-08-05T18:58:10.327602-05:00,job,raycluster-historyserver-head-s6488,collector,2026-08-05T23:58:02Z,17528785000,137494528
2026-08-05T18:58:11.327059-05:00,job,raycluster-historyserver-cpu-worker-hhkx8,ray-worker,2026-08-05T23:58:07Z,66671372000,1077686272
2026-08-05T18:58:11.327059-05:00,job,raycluster-historyserver-cpu-worker-hhkx8,collector,2026-08-05T23:58:06Z,11831196000,119877632
2026-08-05T18:58:11.327059-05:00,job,raycluster-historyserver-head-s6488,ray-head,2026-08-05T23:58:04Z,47749120000,3547807744
2026-08-05T18:58:11.327059-05:00,job,raycluster-historyserver-head-s6488,collector,2026-08-05T23:58:02Z,17528785000,137494528
2026-08-05T18:58:12.327581-05:00,job,raycluster-historyserver-head-s6488,collector,2026-08-05T23:58:02Z,17528785000,137494528
2026-08-05T18:58:12.327581-05:00,job,raycluster-historyserver-head-s6488,ray-head,2026-08-05T23:58:04Z,47749120000,3547807744
2026-08-05T18:58:12.327581-05:00,job,raycluster-historyserver-cpu-worker-hhkx8,ray-worker,2026-08-05T23:58:07Z,66671372000,1077686272
2026-08-05T18:58:12.327581-05:00,job,raycluster-historyserver-cpu-worker-hhkx8,collector,2026-08-05T23:58:06Z,11831196000,119877632
2026-08-05T18:58:13.327429-05:00,job,raycluster-historyserver-cpu-worker-hhkx8,ray-worker,2026-08-05T23:58:07Z,66671372000,1077686272
2026-08-05T18:58:13.327429-05:00,job,raycluster-historyserver-cpu-worker-hhkx8,collector,2026-08-05T23:58:06Z,11831196000,119877632
2026-08-05T18:58:13.327429-05:00,job,raycluster-historyserver-head-s6488,collector,2026-08-05T23:58:02Z,17528785000,137494528
2026-08-05T18:58:13.327429-05:00,job,raycluster-historyserver-head-s6488,ray-head,2026-08-05T23:58:04Z,47749120000,3547807744
2026-08-05T18:58:14.327575-05:00,job,raycluster-historyserver-cpu-worker-hhkx8,ray-worker,2026-08-05T23:58:07Z,66671372000,1077686272
2026-08-05T18:58:14.327575-05:00,job,raycluster-historyserver-cpu-worker-hhkx8,collector,2026-08-05T23:58:06Z,11831196000,119877632
2026-08-05T18:58:14.327575-05:00,job,raycluster-historyserver-head-s6488,ray-head,2026-08-05T23:58:04Z,47749120000,3547807744
2026-08-05T18:58:14.327575-05:00,job,raycluster-historyserver-head-s6488,collector,2026-08-05T23:58:02Z,17528785000,137494528
2026-08-05T18:58:15.327391-05:00,job,raycluster-historyserver-cpu-worker-hhkx8,ray-worker,2026-08-05T23:58:07Z,66671372000,1077686272
2026-08-05T18:58:15.327391-05:00,job,raycluster-historyserver-cpu-worker-hhkx8,collector,2026-08-05T23:58:06Z,11831196000,119877632
2026-08-05T18:58:15.327391-05:00,job,raycluster-historyserver-head-s6488,ray-head,2026-08-05T23:58:04Z,47749120000,3547807744
2026-08-05T18:58:15.327391-05:00,job,raycluster-historyserver-head-s6488,collector,2026-08-05T23:58:02Z,17528785000,137494528
2026-08-05T18:58:16.326658-05:00,job,raycluster-historyserver-head-s6488,ray-head,2026-08-05T23:58:04Z,47749120000,3547807744
2026-08-05T18:58:16.326658-05:00,job,raycluster-historyserver-head-s6488,collector,2026-08-05T23:58:02Z,17528785000,137494528
2026-08-05T18:58:16.326658-05:00,job,raycluster-historyserver-cpu-worker-hhkx8,ray-worker,2026-08-05T23:58:07Z,66671372000,1077686272
2026-08-05T18:58:16.326658-05:00,job,raycluster-historyserver-cpu-worker-hhkx8,collector,2026-08-05T23:58:06Z,11831196000,119877632
2026-08-05T18:58:17.327106-05:00,job,raycluster-historyserver-head-s6488,ray-head,2026-08-05T23:58:04Z,47749120000,3547807744
2026-08-05T18:58:17.327106-05:00,job,raycluster-historyserver-head-s6488,collector,2026-08-05T23:58:16Z,29122458000,139460608
2026-08-05T18:58:17.327106-05:00,job,raycluster-historyserver-cpu-worker-hhkx8,ray-worker,2026-08-05T23:58:07Z,66671372000,1077686272
2026-08-05T18:58:17.327106-05:00,job,raycluster-historyserver-cpu-worker-hhkx8,collector,2026-08-05T23:58:06Z,11831196000,119877632
2026-08-05T18:58:18.327433-05:00,job,raycluster-historyserver-cpu-worker-hhkx8,collector,2026-08-05T23:58:06Z,11831196000,119877632
2026-08-05T18:58:18.327433-05:00,job,raycluster-historyserver-cpu-worker-hhkx8,ray-worker,2026-08-05T23:58:07Z,66671372000,1077686272
2026-08-05T18:58:18.327433-05:00,job,raycluster-historyserver-head-s6488,ray-head,2026-08-05T23:58:04Z,47749120000,3547807744
2026-08-05T18:58:18.327433-05:00,job,raycluster-historyserver-head-s6488,collector,2026-08-05T23:58:16Z,29122458000,139460608
2026-08-05T18:58:19.327096-05:00,job,raycluster-historyserver-head-s6488,ray-head,2026-08-05T23:58:04Z,47749120000,3547807744
2026-08-05T18:58:19.327096-05:00,job,raycluster-historyserver-head-s6488,collector,2026-08-05T23:58:16Z,29122458000,139460608
2026-08-05T18:58:19.327096-05:00,job,raycluster-historyserver-cpu-worker-hhkx8,ray-worker,2026-08-05T23:58:07Z,66671372000,1077686272
2026-08-05T18:58:19.327096-05:00,job,raycluster-historyserver-cpu-worker-hhkx8,collector,2026-08-05T23:58:06Z,11831196000,119877632
2026-08-05T18:58:20.326923-05:00,job,raycluster-historyserver-cpu-worker-hhkx8,ray-worker,2026-08-05T23:58:07Z,66671372000,1077686272
2026-08-05T18:58:20.326923-05:00,job,raycluster-historyserver-cpu-worker-hhkx8,collector,2026-08-05T23:58:06Z,11831196000,119877632
2026-08-05T18:58:20.326923-05:00,job,raycluster-historyserver-head-s6488,ray-head,2026-08-05T23:58:19Z,61070342000,3682967552
2026-08-05T18:58:20.326923-05:00,job,raycluster-historyserver-head-s6488,collector,2026-08-05T23:58:16Z,29122458000,139460608
2026-08-05T18:58:21.32748-05:00,job,raycluster-historyserver-cpu-worker-hhkx8,ray-worker,2026-08-05T23:58:07Z,66671372000,1077686272
2026-08-05T18:58:21.32748-05:00,job,raycluster-historyserver-cpu-worker-hhkx8,collector,2026-08-05T23:58:06Z,11831196000,119877632
2026-08-05T18:58:21.32748-05:00,job,raycluster-historyserver-head-s6488,ray-head,2026-08-05T23:58:19Z,61070342000,3682967552
2026-08-05T18:58:21.32748-05:00,job,raycluster-historyserver-head-s6488,collector,2026-08-05T23:58:16Z,29122458000,139460608
2026-08-05T18:58:22.327027-05:00,job,raycluster-historyserver-cpu-worker-hhkx8,ray-worker,2026-08-05T23:58:21Z,81854446000,600698880
2026-08-05T18:58:22.327027-05:00,job,raycluster-historyserver-cpu-worker-hhkx8,collector,2026-08-05T23:58:06Z,11831196000,119877632
2026-08-05T18:58:22.327027-05:00,job,raycluster-historyserver-head-s6488,ray-head,2026-08-05T23:58:19Z,61070342000,3682967552
2026-08-05T18:58:22.327027-05:00,job,raycluster-historyserver-head-s6488,collector,2026-08-05T23:58:16Z,29122458000,139460608
2026-08-05T18:58:23.327475-05:00,job,raycluster-historyserver-cpu-worker-hhkx8,ray-worker,2026-08-05T23:58:21Z,81854446000,600698880
2026-08-05T18:58:23.327475-05:00,job,raycluster-historyserver-cpu-worker-hhkx8,collector,2026-08-05T23:58:06Z,11831196000,119877632
2026-08-05T18:58:23.327475-05:00,job,raycluster-historyserver-head-s6488,collector,2026-08-05T23:58:16Z,29122458000,139460608
2026-08-05T18:58:23.327475-05:00,job,raycluster-historyserver-head-s6488,ray-head,2026-08-05T23:58:19Z,61070342000,3682967552
2026-08-05T18:58:24.327439-05:00,job,raycluster-historyserver-cpu-worker-hhkx8,ray-worker,2026-08-05T23:58:21Z,81854446000,600698880
2026-08-05T18:58:24.327439-05:00,job,raycluster-historyserver-cpu-worker-hhkx8,collector,2026-08-05T23:58:23Z,22319950000,119410688
2026-08-05T18:58:24.327439-05:00,job,raycluster-historyserver-head-s6488,collector,2026-08-05T23:58:16Z,29122458000,139460608
2026-08-05T18:58:24.327439-05:00,job,raycluster-historyserver-head-s6488,ray-head,2026-08-05T23:58:19Z,61070342000,3682967552
2026-08-05T18:58:25.326958-05:00,job,raycluster-historyserver-head-s6488,ray-head,2026-08-05T23:58:19Z,61070342000,3682967552
2026-08-05T18:58:25.326958-05:00,job,raycluster-historyserver-head-s6488,collector,2026-08-05T23:58:16Z,29122458000,139460608
2026-08-05T18:58:25.326958-05:00,job,raycluster-historyserver-cpu-worker-hhkx8,ray-worker,2026-08-05T23:58:21Z,81854446000,600698880
2026-08-05T18:58:25.326958-05:00,job,raycluster-historyserver-cpu-worker-hhkx8,collector,2026-08-05T23:58:23Z,22319950000,119410688
2026-08-05T18:58:26.327035-05:00,job,raycluster-historyserver-cpu-worker-hhkx8,ray-worker,2026-08-05T23:58:21Z,81854446000,600698880
2026-08-05T18:58:26.327035-05:00,job,raycluster-historyserver-cpu-worker-hhkx8,collector,2026-08-05T23:58:23Z,22319950000,119410688
2026-08-05T18:58:26.327035-05:00,job,raycluster-historyserver-head-s6488,ray-head,2026-08-05T23:58:19Z,61070342000,3682967552
2026-08-05T18:58:26.327035-05:00,job,raycluster-historyserver-head-s6488,collector,2026-08-05T23:58:16Z,29122458000,139460608
2026-08-05T18:58:27.32653-05:00,job,raycluster-historyserver-head-s6488,ray-head,2026-08-05T23:58:19Z,61070342000,3682967552
2026-08-05T18:58:27.32653-05:00,job,raycluster-historyserver-head-s6488,collector,2026-08-05T23:58:16Z,29122458000,139460608
2026-08-05T18:58:27.32653-05:00,job,raycluster-historyserver-cpu-worker-hhkx8,ray-worker,2026-08-05T23:58:21Z,81854446000,600698880
2026-08-05T18:58:27.32653-05:00,job,raycluster-historyserver-cpu-worker-hhkx8,collector,2026-08-05T23:58:23Z,22319950000,119410688
2026-08-05T18:58:28.328301-05:00,job,raycluster-historyserver-head-s6488,ray-head,2026-08-05T23:58:19Z,61070342000,3682967552
2026-08-05T18:58:28.328301-05:00,job,raycluster-historyserver-head-s6488,collector,2026-08-05T23:58:16Z,29122458000,139460608
2026-08-05T18:58:28.328301-05:00,job,raycluster-historyserver-cpu-worker-hhkx8,ray-worker,2026-08-05T23:58:21Z,81854446000,600698880
2026-08-05T18:58:28.328301-05:00,job,raycluster-historyserver-cpu-worker-hhkx8,collector,2026-08-05T23:58:23Z,22319950000,119410688
2026-08-05T18:58:29.326986-05:00,job,raycluster-historyserver-head-s6488,collector,2026-08-05T23:58:16Z,29122458000,139460608
2026-08-05T18:58:29.326986-05:00,job,raycluster-historyserver-head-s6488,ray-head,2026-08-05T23:58:19Z,61070342000,3682967552
2026-08-05T18:58:29.326986-05:00,job,raycluster-historyserver-cpu-worker-hhkx8,ray-worker,2026-08-05T23:58:21Z,81854446000,600698880
2026-08-05T18:58:29.326986-05:00,job,raycluster-historyserver-cpu-worker-hhkx8,collector,2026-08-05T23:58:23Z,22319950000,119410688
2026-08-05T18:58:30.32715-05:00,job,raycluster-historyserver-cpu-worker-hhkx8,ray-worker,2026-08-05T23:58:21Z,81854446000,600698880
2026-08-05T18:58:30.32715-05:00,job,raycluster-historyserver-cpu-worker-hhkx8,collector,2026-08-05T23:58:23Z,22319950000,119410688
2026-08-05T18:58:30.32715-05:00,job,raycluster-historyserver-head-s6488,ray-head,2026-08-05T23:58:19Z,61070342000,3682967552
2026-08-05T18:58:30.32715-05:00,job,raycluster-historyserver-head-s6488,collector,2026-08-05T23:58:30Z,36067781000,127860736
2026-08-05T18:58:31.32742-05:00,job,raycluster-historyserver-cpu-worker-hhkx8,ray-worker,2026-08-05T23:58:21Z,81854446000,600698880
2026-08-05T18:58:31.32742-05:00,job,raycluster-historyserver-cpu-worker-hhkx8,collector,2026-08-05T23:58:23Z,22319950000,119410688
2026-08-05T18:58:31.32742-05:00,job,raycluster-historyserver-head-s6488,collector,2026-08-05T23:58:30Z,36067781000,127860736
2026-08-05T18:58:31.32742-05:00,job,raycluster-historyserver-head-s6488,ray-head,2026-08-05T23:58:19Z,61070342000,3682967552
2026-08-05T18:58:32.327081-05:00,flush,raycluster-historyserver-head-s6488,ray-head,2026-08-05T23:58:32Z,0,0
2026-08-05T18:58:32.327081-05:00,flush,raycluster-historyserver-head-s6488,collector,2026-08-05T23:58:32Z,0,0
2026-08-05T18:58:36.327372-05:00,historyserver,historyserver-demo-7f67bfd478-qpfd9,historyserver,2026-08-05T23:58:36Z,77394000,18153472
2026-08-05T18:58:37.327402-05:00,historyserver,historyserver-demo-7f67bfd478-qpfd9,historyserver,2026-08-05T23:58:37Z,580504000,69570560
2026-08-05T18:58:38.327001-05:00,historyserver,historyserver-demo-7f67bfd478-qpfd9,historyserver,2026-08-05T23:58:38Z,899174000,152457216
2026-08-05T18:58:39.327358-05:00,historyserver,historyserver-demo-7f67bfd478-qpfd9,historyserver,2026-08-05T23:58:39Z,1400724000,519892992
2026-08-05T18:58:40.327041-05:00,historyserver,historyserver-demo-7f67bfd478-qpfd9,historyserver,2026-08-05T23:58:40Z,1903029000,520224768
2026-08-05T18:58:41.327191-05:00,historyserver,historyserver-demo-7f67bfd478-qpfd9,historyserver,2026-08-05T23:58:41Z,2402812000,520777728
2026-08-05T18:58:42.327364-05:00,historyserver,historyserver-demo-7f67bfd478-qpfd9,historyserver,2026-08-05T23:58:42Z,2901282000,521535488
2026-08-05T18:58:43.32714-05:00,historyserver,historyserver-demo-7f67bfd478-qpfd9,historyserver,2026-08-05T23:58:43Z,3398687000,521883648
2026-08-05T18:58:44.32737-05:00,historyserver,historyserver-demo-7f67bfd478-qpfd9,historyserver,2026-08-05T23:58:44Z,3899455000,522686464
2026-08-05T18:58:45.326996-05:00,historyserver,historyserver-demo-7f67bfd478-qpfd9,historyserver,2026-08-05T23:58:45Z,4402273000,523243520
2026-08-05T18:58:46.326975-05:00,historyserver,historyserver-demo-7f67bfd478-qpfd9,historyserver,2026-08-05T23:58:46Z,4904188000,523550720
2026-08-05T18:58:47.327369-05:00,historyserver,historyserver-demo-7f67bfd478-qpfd9,historyserver,2026-08-05T23:58:47Z,5397698000,541130752
2026-08-05T18:58:48.327045-05:00,historyserver,historyserver-demo-7f67bfd478-qpfd9,historyserver,2026-08-05T23:58:48Z,5903685000,566956032
2026-08-05T18:58:49.3273-05:00,historyserver,historyserver-demo-7f67bfd478-qpfd9,historyserver,2026-08-05T23:58:49Z,6401948000,577060864
2026-08-05T18:58:50.3269-05:00,historyserver,historyserver-demo-7f67bfd478-qpfd9,historyserver,2026-08-05T23:58:50Z,6902377000,581132288
2026-08-05T18:58:51.327345-05:00,historyserver,historyserver-demo-7f67bfd478-qpfd9,historyserver,2026-08-05T23:58:51Z,7400446000,581148672
2026-08-05T18:58:52.327234-05:00,historyserver,historyserver-demo-7f67bfd478-qpfd9,historyserver,2026-08-05T23:58:52Z,7899864000,581419008
2026-08-05T18:58:53.327401-05:00,historyserver,historyserver-demo-7f67bfd478-qpfd9,historyserver,2026-08-05T23:58:53Z,8400735000,582086656
2026-08-05T18:58:54.327175-05:00,historyserver,historyserver-demo-7f67bfd478-qpfd9,historyserver,2026-08-05T23:58:54Z,8899948000,582606848
2026-08-05T18:58:55.326244-05:00,historyserver,historyserver-demo-7f67bfd478-qpfd9,historyserver,2026-08-05T23:58:55Z,9397352000,583151616
2026-08-05T18:58:56.326715-05:00,historyserver,historyserver-demo-7f67bfd478-qpfd9,historyserver,2026-08-05T23:58:55Z,9605945000,583634944
2026-08-05T18:58:57.327242-05:00,historyserver,historyserver-demo-7f67bfd478-qpfd9,historyserver,2026-08-05T23:58:55Z,9605945000,583634944
2026-08-05T18:58:58.327295-05:00,historyserver,historyserver-demo-7f67bfd478-qpfd9,historyserver,2026-08-05T23:58:55Z,9605945000,583634944
2026-08-05T18:58:59.32687-05:00,historyserver,historyserver-demo-7f67bfd478-qpfd9,historyserver,2026-08-05T23:58:55Z,9605945000,583634944
2026-08-05T18:59:00.327736-05:00,historyserver,historyserver-demo-7f67bfd478-qpfd9,historyserver,2026-08-05T23:58:55Z,9605945000,583634944
2026-08-05T18:59:01.326502-05:00,historyserver,historyserver-demo-7f67bfd478-qpfd9,historyserver,2026-08-05T23:58:55Z,9605945000,583634944
2026-08-05T18:59:02.328183-05:00,historyserver,historyserver-demo-7f67bfd478-qpfd9,historyserver,2026-08-05T23:58:55Z,9605945000,583634944
2026-08-05T18:59:03.327192-05:00,historyserver,historyserver-demo-7f67bfd478-qpfd9,historyserver,2026-08-05T23:58:55Z,9605945000,583634944
2026-08-05T18:59:04.327226-05:00,historyserver,historyserver-demo-7f67bfd478-qpfd9,historyserver,2026-08-05T23:58:55Z,9605945000,583634944
2026-08-05T18:59:05.326623-05:00,historyserver,historyserver-demo-7f67bfd478-qpfd9,historyserver,2026-08-05T23:58:55Z,9605945000,583634944
2026-08-05T18:59:06.327343-05:00,historyserver,historyserver-demo-7f67bfd478-qpfd9,historyserver,2026-08-05T23:58:55Z,9605945000,583634944
2026-08-05T18:59:07.327139-05:00,historyserver,historyserver-demo-7f67bfd478-qpfd9,historyserver,2026-08-05T23:58:55Z,9605945000,583634944
2026-08-05T18:59:08.327193-05:00,historyserver,historyserver-demo-7f67bfd478-qpfd9,historyserver,2026-08-05T23:58:55Z,9605945000,583634944
2026-08-05T18:59:09.326412-05:00,historyserver,historyserver-demo-7f67bfd478-qpfd9,historyserver,2026-08-05T23:58:55Z,9605945000,583634944
2026-08-05T18:59:10.327154-05:00,historyserver,historyserver-demo-7f67bfd478-qpfd9,historyserver,2026-08-05T23:58:55Z,9605945000,583634944
2026-08-05T18:59:11.327192-05:00,historyserver,historyserver-demo-7f67bfd478-qpfd9,historyserver,2026-08-05T23:58:55Z,9605945000,583634944
2026-08-05T18:59:12.327129-05:00,historyserver,historyserver-demo-7f67bfd478-qpfd9,historyserver,2026-08-05T23:59:11Z,17494366000,797315072
2026-08-05T18:59:13.327121-05:00,historyserver,historyserver-demo-7f67bfd478-qpfd9,historyserver,2026-08-05T23:59:11Z,17494366000,797315072
2026-08-05T18:59:14.327146-05:00,historyserver,historyserver-demo-7f67bfd478-qpfd9,historyserver,2026-08-05T23:59:11Z,17494366000,797315072
2026-08-05T18:59:15.326791-05:00,historyserver,historyserver-demo-7f67bfd478-qpfd9,historyserver,2026-08-05T23:59:11Z,17494366000,797315072
2026-08-05T18:59:16.327152-05:00,historyserver,historyserver-demo-7f67bfd478-qpfd9,historyserver,2026-08-05T23:59:11Z,17494366000,797315072
2026-08-05T18:59:17.327148-05:00,historyserver,historyserver-demo-7f67bfd478-qpfd9,historyserver,2026-08-05T23:59:11Z,17494366000,797315072
2026-08-05T18:59:18.327126-05:00,historyserver,historyserver-demo-7f67bfd478-qpfd9,historyserver,2026-08-05T23:59:11Z,17494366000,797315072
2026-08-05T18:59:19.326273-05:00,historyserver,historyserver-demo-7f67bfd478-qpfd9,historyserver,2026-08-05T23:59:11Z,17494366000,797315072
2026-08-05T18:59:20.326101-05:00,historyserver,historyserver-demo-7f67bfd478-qpfd9,historyserver,2026-08-05T23:59:11Z,17494366000,797315072
2026-08-05T18:59:21.326727-05:00,historyserver,historyserver-demo-7f67bfd478-qpfd9,historyserver,2026-08-05T23:59:11Z,17494366000,797315072
2026-08-05T18:59:22.327096-05:00,historyserver,historyserver-demo-7f67bfd478-qpfd9,historyserver,2026-08-05T23:59:11Z,17494366000,797315072
2026-08-05T18:59:23.327115-05:00,historyserver,historyserver-demo-7f67bfd478-qpfd9,historyserver,2026-08-05T23:59:11Z,17494366000,797315072
2026-08-05T18:59:24.327079-05:00,historyserver,historyserver-demo-7f67bfd478-qpfd9,historyserver,2026-08-05T23:59:11Z,17494366000,797315072
2026-08-05T18:59:25.327077-05:00,historyserver,historyserver-demo-7f67bfd478-qpfd9,historyserver,2026-08-05T23:59:24Z,24062795000,1004470272
2026-08-05T18:59:26.327075-05:00,historyserver,historyserver-demo-7f67bfd478-qpfd9,historyserver,2026-08-05T23:59:24Z,24062795000,1004470272
2026-08-05T18:59:27.327045-05:00,historyserver,historyserver-demo-7f67bfd478-qpfd9,historyserver,2026-08-05T23:59:24Z,24062795000,1004470272
2026-08-05T18:59:28.327028-05:00,historyserver,historyserver-demo-7f67bfd478-qpfd9,historyserver,2026-08-05T23:59:24Z,24062795000,1004470272
2026-08-05T18:59:29.327063-05:00,historyserver,historyserver-demo-7f67bfd478-qpfd9,historyserver,2026-08-05T23:59:24Z,24062795000,1004470272
2026-08-05T18:59:30.32707-05:00,historyserver,historyserver-demo-7f67bfd478-qpfd9,historyserver,2026-08-05T23:59:24Z,24062795000,1004470272
2026-08-05T18:59:31.32665-05:00,historyserver,historyserver-demo-7f67bfd478-qpfd9,historyserver,2026-08-05T23:59:24Z,24062795000,1004470272
2026-08-05T18:59:32.327089-05:00,historyserver,historyserver-demo-7f67bfd478-qpfd9,historyserver,2026-08-05T23:59:24Z,24062795000,1004470272
2026-08-05T18:59:33.326275-05:00,historyserver,historyserver-demo-7f67bfd478-qpfd9,historyserver,2026-08-05T23:59:24Z,24062795000,1004470272
2026-08-05T18:59:34.326994-05:00,historyserver,historyserver-demo-7f67bfd478-qpfd9,historyserver,2026-08-05T23:59:24Z,24062795000,1004470272
2026-08-05T18:59:35.326521-05:00,historyserver,historyserver-demo-7f67bfd478-qpfd9,historyserver,2026-08-05T23:59:24Z,24062795000,1004470272
2026-08-05T18:59:36.327058-05:00,historyserver,historyserver-demo-7f67bfd478-qpfd9,historyserver,2026-08-05T23:59:24Z,24062795000,1004470272
2026-08-05T18:59:37.326641-05:00,historyserver,historyserver-demo-7f67bfd478-qpfd9,historyserver,2026-08-05T23:59:24Z,24062795000,1004470272
2026-08-05T18:59:38.326998-05:00,historyserver,historyserver-demo-7f67bfd478-qpfd9,historyserver,2026-08-05T23:59:24Z,24062795000,1004470272
2026-08-05T18:59:39.326956-05:00,historyserver,historyserver-demo-7f67bfd478-qpfd9,historyserver,2026-08-05T23:59:24Z,24062795000,1004470272
2026-08-05T18:59:40.326643-05:00,historyserver,historyserver-demo-7f67bfd478-qpfd9,historyserver,2026-08-05T23:59:39Z,31442430000,1014763520
2026-08-05T18:59:41.326989-05:00,historyserver,historyserver-demo-7f67bfd478-qpfd9,historyserver,2026-08-05T23:59:39Z,31442430000,1014763520
2026-08-05T18:59:42.326807-05:00,historyserver,historyserver-demo-7f67bfd478-qpfd9,historyserver,2026-08-05T23:59:39Z,31442430000,1014763520
2026-08-05T18:59:43.326072-05:00,historyserver,historyserver-demo-7f67bfd478-qpfd9,historyserver,2026-08-05T23:59:39Z,31442430000,1014763520
2026-08-05T18:59:44.32697-05:00,historyserver,historyserver-demo-7f67bfd478-qpfd9,historyserver,2026-08-05T23:59:39Z,31442430000,1014763520
2026-08-05T18:59:45.326961-05:00,historyserver,historyserver-demo-7f67bfd478-qpfd9,historyserver,2026-08-05T23:59:39Z,31442430000,1014763520
2026-08-05T18:59:46.326701-05:00,historyserver,historyserver-demo-7f67bfd478-qpfd9,historyserver,2026-08-05T23:59:39Z,31442430000,1014763520
2026-08-05T18:59:47.32609-05:00,historyserver,historyserver-demo-7f67bfd478-qpfd9,historyserver,2026-08-05T23:59:39Z,31442430000,1014763520
2026-08-05T18:59:48.326382-05:00,historyserver,historyserver-demo-7f67bfd478-qpfd9,historyserver,2026-08-05T23:59:39Z,31442430000,1014763520
2026-08-05T18:59:49.326913-05:00,historyserver,historyserver-demo-7f67bfd478-qpfd9,historyserver,2026-08-05T23:59:39Z,31442430000,1014763520
2026-08-05T18:59:50.326917-05:00,historyserver,historyserver-demo-7f67bfd478-qpfd9,historyserver,2026-08-05T23:59:39Z,31442430000,1014763520
2026-08-05T18:59:51.326897-05:00,historyserver,historyserver-demo-7f67bfd478-qpfd9,historyserver,2026-08-05T23:59:39Z,31442430000,1014763520
2026-08-05T18:59:52.326912-05:00,historyserver,historyserver-demo-7f67bfd478-qpfd9,historyserver,2026-08-05T23:59:39Z,31442430000,1014763520
2026-08-05T18:59:53.326921-05:00,historyserver,historyserver-demo-7f67bfd478-qpfd9,historyserver,2026-08-05T23:59:39Z,31442430000,1014763520
2026-08-05T18:59:54.326643-05:00,historyserver,historyserver-demo-7f67bfd478-qpfd9,historyserver,2026-08-05T23:59:54Z,38782208000,1019658240
2026-08-05T18:59:55.326884-05:00,historyserver,historyserver-demo-7f67bfd478-qpfd9,historyserver,2026-08-05T23:59:54Z,38782208000,1019658240
2026-08-05T18:59:56.326939-05:00,historyserver,historyserver-demo-7f67bfd478-qpfd9,historyserver,2026-08-05T23:59:54Z,38782208000,1019658240
2026-08-05T18:59:57.326994-05:00,historyserver,historyserver-demo-7f67bfd478-qpfd9,historyserver,2026-08-05T23:59:54Z,38782208000,1019658240
2026-08-05T18:59:58.32686-05:00,historyserver,historyserver-demo-7f67bfd478-qpfd9,historyserver,2026-08-05T23:59:54Z,38782208000,1019658240
2026-08-05T18:59:59.326867-05:00,historyserver,historyserver-demo-7f67bfd478-qpfd9,historyserver,2026-08-05T23:59:54Z,38782208000,1019658240
2026-08-05T19:00:00.326698-05:00,historyserver,historyserver-demo-7f67bfd478-qpfd9,historyserver,2026-08-05T23:59:54Z,38782208000,1019658240
2026-08-05T19:00:01.326856-05:00,historyserver,historyserver-demo-7f67bfd478-qpfd9,historyserver,2026-08-05T23:59:54Z,38782208000,1019658240
2026-08-05T19:00:02.326367-05:00,historyserver,historyserver-demo-7f67bfd478-qpfd9,historyserver,2026-08-05T23:59:54Z,38782208000,1019658240
2026-08-05T19:00:03.326488-05:00,historyserver,historyserver-demo-7f67bfd478-qpfd9,historyserver,2026-08-05T23:59:54Z,38782208000,1019658240
2026-08-05T19:00:04.326447-05:00,historyserver,historyserver-demo-7f67bfd478-qpfd9,historyserver,2026-08-05T23:59:54Z,38782208000,1019658240
2026-08-05T19:00:05.326372-05:00,historyserver,historyserver-demo-7f67bfd478-qpfd9,historyserver,2026-08-06T00:00:05Z,44354726000,1395494912
2026-08-05T19:00:06.326852-05:00,historyserver,historyserver-demo-7f67bfd478-qpfd9,historyserver,2026-08-06T00:00:05Z,44354726000,1395494912
2026-08-05T19:00:07.32622-05:00,historyserver,historyserver-demo-7f67bfd478-qpfd9,historyserver,2026-08-06T00:00:05Z,44354726000,1395494912
2026-08-05T19:00:08.326844-05:00,historyserver,historyserver-demo-7f67bfd478-qpfd9,historyserver,2026-08-06T00:00:05Z,44354726000,1395494912
2026-08-05T19:00:09.326985-05:00,historyserver,historyserver-demo-7f67bfd478-qpfd9,historyserver,2026-08-06T00:00:05Z,44354726000,1395494912
2026-08-05T19:00:10.32694-05:00,historyserver,historyserver-demo-7f67bfd478-qpfd9,historyserver,2026-08-06T00:00:05Z,44354726000,1395494912
2026-08-05T19:00:11.326839-05:00,historyserver,historyserver-demo-7f67bfd478-qpfd9,historyserver,2026-08-06T00:00:05Z,44354726000,1395494912
2026-08-05T19:00:12.326794-05:00,historyserver,historyserver-demo-7f67bfd478-qpfd9,historyserver,2026-08-06T00:00:05Z,44354726000,1395494912
2026-08-05T19:00:13.326783-05:00,historyserver,historyserver-demo-7f67bfd478-qpfd9,historyserver,2026-08-06T00:00:05Z,44354726000,1395494912
2026-08-05T19:00:14.326766-05:00,historyserver,historyserver-demo-7f67bfd478-qpfd9,historyserver,2026-08-06T00:00:05Z,44354726000,1395494912
2026-08-05T19:00:15.326766-05:00,historyserver,historyserver-demo-7f67bfd478-qpfd9,historyserver,2026-08-06T00:00:05Z,44354726000,1395494912
2026-08-05T19:00:16.32666-05:00,historyserver,historyserver-demo-7f67bfd478-qpfd9,historyserver,2026-08-06T00:00:15Z,49655399000,1307705344
2026-08-05T19:00:17.326256-05:00,historyserver,historyserver-demo-7f67bfd478-qpfd9,historyserver,2026-08-06T00:00:15Z,49655399000,1307705344
2026-08-05T19:00:18.32621-05:00,historyserver,historyserver-demo-7f67bfd478-qpfd9,historyserver,2026-08-06T00:00:15Z,49655399000,1307705344
2026-08-05T19:00:19.326746-05:00,historyserver,historyserver-demo-7f67bfd478-qpfd9,historyserver,2026-08-06T00:00:15Z,49655399000,1307705344
2026-08-05T19:00:20.326767-05:00,historyserver,historyserver-demo-7f67bfd478-qpfd9,historyserver,2026-08-06T00:00:15Z,49655399000,1307705344
2026-08-05T19:00:21.32676-05:00,historyserver,historyserver-demo-7f67bfd478-qpfd9,historyserver,2026-08-06T00:00:15Z,49655399000,1307705344
2026-08-05T19:00:22.326373-05:00,historyserver,historyserver-demo-7f67bfd478-qpfd9,historyserver,2026-08-06T00:00:15Z,49655399000,1307705344
2026-08-05T19:00:23.326747-05:00,historyserver,historyserver-demo-7f67bfd478-qpfd9,historyserver,2026-08-06T00:00:15Z,49655399000,1307705344
2026-08-05T19:00:24.326384-05:00,historyserver,historyserver-demo-7f67bfd478-qpfd9,historyserver,2026-08-06T00:00:15Z,49655399000,1307705344
2026-08-05T19:00:25.326759-05:00,historyserver,historyserver-demo-7f67bfd478-qpfd9,historyserver,2026-08-06T00:00:15Z,49655399000,1307705344
2026-08-05T19:00:26.326123-05:00,historyserver,historyserver-demo-7f67bfd478-qpfd9,historyserver,2026-08-06T00:00:15Z,49655399000,1307705344
2026-08-05T19:00:27.326241-05:00,historyserver,historyserver-demo-7f67bfd478-qpfd9,historyserver,2026-08-06T00:00:15Z,49655399000,1307705344
2026-08-05T19:00:28.326688-05:00,historyserver,historyserver-demo-7f67bfd478-qpfd9,historyserver,2026-08-06T00:00:15Z,49655399000,1307705344
2026-08-05T19:00:29.326733-05:00,historyserver,historyserver-demo-7f67bfd478-qpfd9,historyserver,2026-08-06T00:00:29Z,56370857000,1312788480
2026-08-05T19:00:30.326701-05:00,historyserver,historyserver-demo-7f67bfd478-qpfd9,historyserver,2026-08-06T00:00:29Z,56370857000,1312788480
2026-08-05T19:00:31.326299-05:00,historyserver,historyserver-demo-7f67bfd478-qpfd9,historyserver,2026-08-06T00:00:29Z,56370857000,1312788480
2026-08-05T19:00:32.326297-05:00,historyserver,historyserver-demo-7f67bfd478-qpfd9,historyserver,2026-08-06T00:00:29Z,56370857000,1312788480
2026-08-05T19:00:33.325745-05:00,historyserver,historyserver-demo-7f67bfd478-qpfd9,historyserver,2026-08-06T00:00:29Z,56370857000,1312788480
2026-08-05T19:00:34.326694-05:00,historyserver,historyserver-demo-7f67bfd478-qpfd9,historyserver,2026-08-06T00:00:29Z,56370857000,1312788480
2026-08-05T19:00:35.326667-05:00,historyserver,historyserver-demo-7f67bfd478-qpfd9,historyserver,2026-08-06T00:00:29Z,56370857000,1312788480
2026-08-05T19:00:36.326665-05:00,historyserver,historyserver-demo-7f67bfd478-qpfd9,historyserver,2026-08-06T00:00:29Z,56370857000,1312788480
2026-08-05T19:00:37.32631-05:00,historyserver,historyserver-demo-7f67bfd478-qpfd9,historyserver,2026-08-06T00:00:29Z,56370857000,1312788480
2026-08-05T19:00:38.326616-05:00,historyserver,historyserver-demo-7f67bfd478-qpfd9,historyserver,2026-08-06T00:00:29Z,56370857000,1312788480
2026-08-05T19:00:39.326559-05:00,historyserver,historyserver-demo-7f67bfd478-qpfd9,historyserver,2026-08-06T00:00:29Z,56370857000,1312788480
2026-08-05T19:00:40.325771-05:00,historyserver,historyserver-demo-7f67bfd478-qpfd9,historyserver,2026-08-06T00:00:40Z,61794221000,1558577152
2026-08-05T19:00:41.325682-05:00,historyserver,historyserver-demo-7f67bfd478-qpfd9,historyserver,2026-08-06T00:00:40Z,61794221000,1558577152
2026-08-05T19:00:42.326073-05:00,historyserver,historyserver-demo-7f67bfd478-qpfd9,historyserver,2026-08-06T00:00:40Z,61794221000,1558577152
2026-08-05T19:00:43.326092-05:00,historyserver,historyserver-demo-7f67bfd478-qpfd9,historyserver,2026-08-06T00:00:40Z,61794221000,1558577152
2026-08-05T19:00:44.326518-05:00,historyserver,historyserver-demo-7f67bfd478-qpfd9,historyserver,2026-08-06T00:00:40Z,61794221000,1558577152
2026-08-05T19:00:45.32663-05:00,historyserver,historyserver-demo-7f67bfd478-qpfd9,historyserver,2026-08-06T00:00:40Z,61794221000,1558577152
2026-08-05T19:00:46.326419-05:00,historyserver,historyserver-demo-7f67bfd478-qpfd9,historyserver,2026-08-06T00:00:40Z,61794221000,1558577152
2026-08-05T19:00:47.326603-05:00,historyserver,historyserver-demo-7f67bfd478-qpfd9,historyserver,2026-08-06T00:00:40Z,61794221000,1558577152
2026-08-05T19:00:48.326596-05:00,historyserver,historyserver-demo-7f67bfd478-qpfd9,historyserver,2026-08-06T00:00:40Z,61794221000,1558577152
2026-08-05T19:00:49.325636-05:00,historyserver,historyserver-demo-7f67bfd478-qpfd9,historyserver,2026-08-06T00:00:40Z,61794221000,1558577152
2026-08-05T19:00:50.326591-05:00,historyserver,historyserver-demo-7f67bfd478-qpfd9,historyserver,2026-08-06T00:00:40Z,61794221000,1558577152
2026-08-05T19:00:51.32658-05:00,historyserver,historyserver-demo-7f67bfd478-qpfd9,historyserver,2026-08-06T00:00:40Z,61794221000,1558577152
2026-08-05T19:00:52.326579-05:00,historyserver,historyserver-demo-7f67bfd478-qpfd9,historyserver,2026-08-06T00:00:40Z,61794221000,1558577152
2026-08-05T19:00:53.32658-05:00,historyserver,historyserver-demo-7f67bfd478-qpfd9,historyserver,2026-08-06T00:00:40Z,61794221000,1558577152
2026-08-05T19:00:54.325836-05:00,historyserver,historyserver-demo-7f67bfd478-qpfd9,historyserver,2026-08-06T00:00:40Z,61794221000,1558577152
2026-08-05T19:00:55.326552-05:00,historyserver,historyserver-demo-7f67bfd478-qpfd9,historyserver,2026-08-06T00:00:40Z,61794221000,1558577152
2026-08-05T19:00:56.326572-05:00,historyserver,historyserver-demo-7f67bfd478-qpfd9,historyserver,2026-08-06T00:00:40Z,61794221000,1558577152
2026-08-05T19:00:57.326553-05:00,historyserver,historyserver-demo-7f67bfd478-qpfd9,historyserver,2026-08-06T00:00:40Z,61794221000,1558577152
2026-08-05T19:00:58.326184-05:00,historyserver,historyserver-demo-7f67bfd478-qpfd9,historyserver,2026-08-06T00:00:57Z,70692952000,1587453952
2026-08-05T19:00:59.326249-05:00,historyserver,historyserver-demo-7f67bfd478-qpfd9,historyserver,2026-08-06T00:00:57Z,70692952000,1587453952
2026-08-05T19:01:00.325601-05:00,historyserver,historyserver-demo-7f67bfd478-qpfd9,historyserver,2026-08-06T00:00:57Z,70692952000,1587453952
2026-08-05T19:01:01.326551-05:00,historyserver,historyserver-demo-7f67bfd478-qpfd9,historyserver,2026-08-06T00:00:57Z,70692952000,1587453952
2026-08-05T19:01:02.32652-05:00,historyserver,historyserver-demo-7f67bfd478-qpfd9,historyserver,2026-08-06T00:00:57Z,70692952000,1587453952
2026-08-05T19:01:03.326504-05:00,historyserver,historyserver-demo-7f67bfd478-qpfd9,historyserver,2026-08-06T00:00:57Z,70692952000,1587453952
2026-08-05T19:01:04.326507-05:00,historyserver,historyserver-demo-7f67bfd478-qpfd9,historyserver,2026-08-06T00:00:57Z,70692952000,1587453952
2026-08-05T19:01:05.325727-05:00,historyserver,historyserver-demo-7f67bfd478-qpfd9,historyserver,2026-08-06T00:00:57Z,70692952000,1587453952
2026-08-05T19:01:06.326505-05:00,historyserver,historyserver-demo-7f67bfd478-qpfd9,historyserver,2026-08-06T00:00:57Z,70692952000,1587453952
2026-08-05T19:01:07.326163-05:00,historyserver,historyserver-demo-7f67bfd478-qpfd9,historyserver,2026-08-06T00:00:57Z,70692952000,1587453952
2026-08-05T19:01:08.326526-05:00,historyserver,historyserver-demo-7f67bfd478-qpfd9,historyserver,2026-08-06T00:00:57Z,70692952000,1587453952
2026-08-05T19:01:09.325489-05:00,historyserver,historyserver-demo-7f67bfd478-qpfd9,historyserver,2026-08-06T00:00:57Z,70692952000,1587453952
2026-08-05T19:01:10.326503-05:00,historyserver,historyserver-demo-7f67bfd478-qpfd9,historyserver,2026-08-06T00:00:57Z,70692952000,1587453952
2026-08-05T19:01:11.326539-05:00,historyserver,historyserver-demo-7f67bfd478-qpfd9,historyserver,2026-08-06T00:00:57Z,70692952000,1587453952
2026-08-05T19:01:12.326097-05:00,historyserver,historyserver-demo-7f67bfd478-qpfd9,historyserver,2026-08-06T00:00:57Z,70692952000,1587453952
2026-08-05T19:01:13.326459-05:00,historyserver,historyserver-demo-7f67bfd478-qpfd9,historyserver,2026-08-06T00:00:57Z,70692952000,1587453952
2026-08-05T19:01:14.326488-05:00,historyserver,historyserver-demo-7f67bfd478-qpfd9,historyserver,2026-08-06T00:00:57Z,70692952000,1587453952
2026-08-05T19:01:15.326475-05:00,historyserver,historyserver-demo-7f67bfd478-qpfd9,historyserver,2026-08-06T00:01:14Z,79153851000,1647276032
2026-08-05T19:01:16.326442-05:00,historyserver,historyserver-demo-7f67bfd478-qpfd9,historyserver,2026-08-06T00:01:14Z,79153851000,1647276032
2026-08-05T19:01:17.326602-05:00,historyserver,historyserver-demo-7f67bfd478-qpfd9,historyserver,2026-08-06T00:01:14Z,79153851000,1647276032
2026-08-05T19:01:18.326443-05:00,historyserver,historyserver-demo-7f67bfd478-qpfd9,historyserver,2026-08-06T00:01:14Z,79153851000,1647276032
2026-08-05T19:01:19.326049-05:00,historyserver,historyserver-demo-7f67bfd478-qpfd9,historyserver,2026-08-06T00:01:14Z,79153851000,1647276032
2026-08-05T19:01:20.326414-05:00,historyserver,historyserver-demo-7f67bfd478-qpfd9,historyserver,2026-08-06T00:01:14Z,79153851000,1647276032
2026-08-05T19:01:21.326436-05:00,historyserver,historyserver-demo-7f67bfd478-qpfd9,historyserver,2026-08-06T00:01:14Z,79153851000,1647276032
2026-08-05T19:01:22.32574-05:00,historyserver,historyserver-demo-7f67bfd478-qpfd9,historyserver,2026-08-06T00:01:14Z,79153851000,1647276032
2026-08-05T19:01:23.326425-05:00,historyserver,historyserver-demo-7f67bfd478-qpfd9,historyserver,2026-08-06T00:01:14Z,79153851000,1647276032
2026-08-05T19:01:24.326392-05:00,historyserver,historyserver-demo-7f67bfd478-qpfd9,historyserver,2026-08-06T00:01:14Z,79153851000,1647276032
2026-08-05T19:01:25.325413-05:00,historyserver,historyserver-demo-7f67bfd478-qpfd9,historyserver,2026-08-06T00:01:14Z,79153851000,1647276032
2026-08-05T19:01:26.326406-05:00,historyserver,historyserver-demo-7f67bfd478-qpfd9,historyserver,2026-08-06T00:01:14Z,79153851000,1647276032
2026-08-05T19:01:27.326104-05:00,historyserver,historyserver-demo-7f67bfd478-qpfd9,historyserver,2026-08-06T00:01:14Z,79153851000,1647276032
2026-08-05T19:01:28.326386-05:00,historyserver,historyserver-demo-7f67bfd478-qpfd9,historyserver,2026-08-06T00:01:28Z,85391683000,1657917440
2026-08-05T19:01:29.326362-05:00,historyserver,historyserver-demo-7f67bfd478-qpfd9,historyserver,2026-08-06T00:01:28Z,85391683000,1657917440
2026-08-05T19:01:30.326042-05:00,historyserver,historyserver-demo-7f67bfd478-qpfd9,historyserver,2026-08-06T00:01:28Z,85391683000,1657917440
2026-08-05T19:01:31.326027-05:00,historyserver,historyserver-demo-7f67bfd478-qpfd9,historyserver,2026-08-06T00:01:28Z,85391683000,1657917440
2026-08-05T19:01:32.326375-05:00,historyserver,historyserver-demo-7f67bfd478-qpfd9,historyserver,2026-08-06T00:01:28Z,85391683000,1657917440
2026-08-05T19:01:33.325386-05:00,historyserver,historyserver-demo-7f67bfd478-qpfd9,historyserver,2026-08-06T00:01:28Z,85391683000,1657917440
2026-08-05T19:01:34.325955-05:00,historyserver,historyserver-demo-7f67bfd478-qpfd9,historyserver,2026-08-06T00:01:28Z,85391683000,1657917440
2026-08-05T19:01:35.325648-05:00,historyserver,historyserver-demo-7f67bfd478-qpfd9,historyserver,2026-08-06T00:01:28Z,85391683000,1657917440
2026-08-05T19:01:36.326349-05:00,historyserver,historyserver-demo-7f67bfd478-qpfd9,historyserver,2026-08-06T00:01:28Z,85391683000,1657917440
2026-08-05T19:01:37.326337-05:00,historyserver,historyserver-demo-7f67bfd478-qpfd9,historyserver,2026-08-06T00:01:28Z,85391683000,1657917440
2026-08-05T19:01:38.326679-05:00,historyserver,historyserver-demo-7f67bfd478-qpfd9,historyserver,2026-08-06T00:01:28Z,85391683000,1657917440
2026-08-05T19:01:39.326225-05:00,historyserver,historyserver-demo-7f67bfd478-qpfd9,historyserver,2026-08-06T00:01:28Z,85391683000,1657917440
2026-08-05T19:01:40.325368-05:00,historyserver,historyserver-demo-7f67bfd478-qpfd9,historyserver,2026-08-06T00:01:39Z,91189349000,722608128
2026-08-05T19:01:41.32631-05:00,historyserver,historyserver-demo-7f67bfd478-qpfd9,historyserver,2026-08-06T00:01:39Z,91189349000,722608128
2026-08-05T19:01:42.326347-05:00,historyserver,historyserver-demo-7f67bfd478-qpfd9,historyserver,2026-08-06T00:01:39Z,91189349000,722608128
2026-08-05T19:01:43.325885-05:00,historyserver,historyserver-demo-7f67bfd478-qpfd9,historyserver,2026-08-06T00:01:39Z,91189349000,722608128
2026-08-05T19:01:44.327441-05:00,historyserver,historyserver-demo-7f67bfd478-qpfd9,historyserver,2026-08-06T00:01:39Z,91189349000,722608128
2026-08-05T19:01:45.326297-05:00,historyserver,historyserver-demo-7f67bfd478-qpfd9,historyserver,2026-08-06T00:01:39Z,91189349000,722608128
2026-08-05T19:01:46.326018-05:00,historyserver,historyserver-demo-7f67bfd478-qpfd9,historyserver,2026-08-06T00:01:39Z,91189349000,722608128
2026-08-05T19:01:47.325881-05:00,historyserver,historyserver-demo-7f67bfd478-qpfd9,historyserver,2026-08-06T00:01:39Z,91189349000,722608128
2026-08-05T19:01:48.325396-05:00,historyserver,historyserver-demo-7f67bfd478-qpfd9,historyserver,2026-08-06T00:01:39Z,91189349000,722608128
2026-08-05T19:01:49.325954-05:00,historyserver,historyserver-demo-7f67bfd478-qpfd9,historyserver,2026-08-06T00:01:39Z,91189349000,722608128
2026-08-05T19:01:50.32729-05:00,historyserver,historyserver-demo-7f67bfd478-qpfd9,historyserver,2026-08-06T00:01:39Z,91189349000,722608128
2026-08-05T19:01:51.326293-05:00,historyserver,historyserver-demo-7f67bfd478-qpfd9,historyserver,2026-08-06T00:01:39Z,91189349000,722608128
2026-08-05T19:01:52.326245-05:00,historyserver,historyserver-demo-7f67bfd478-qpfd9,historyserver,2026-08-06T00:01:51Z,97138892000,961110016
2026-08-05T19:01:53.325778-05:00,historyserver,historyserver-demo-7f67bfd478-qpfd9,historyserver,2026-08-06T00:01:51Z,97138892000,961110016
2026-08-05T19:01:54.326212-05:00,historyserver,historyserver-demo-7f67bfd478-qpfd9,historyserver,2026-08-06T00:01:51Z,97138892000,961110016
2026-08-05T19:01:55.326276-05:00,historyserver,historyserver-demo-7f67bfd478-qpfd9,historyserver,2026-08-06T00:01:51Z,97138892000,961110016
2026-08-05T19:01:56.325442-05:00,historyserver,historyserver-demo-7f67bfd478-qpfd9,historyserver,2026-08-06T00:01:51Z,97138892000,961110016
2026-08-05T19:01:57.326059-05:00,historyserver,historyserver-demo-7f67bfd478-qpfd9,historyserver,2026-08-06T00:01:51Z,97138892000,961110016
2026-08-05T19:01:58.325838-05:00,historyserver,historyserver-demo-7f67bfd478-qpfd9,historyserver,2026-08-06T00:01:51Z,97138892000,961110016
2026-08-05T19:01:59.326275-05:00,historyserver,historyserver-demo-7f67bfd478-qpfd9,historyserver,2026-08-06T00:01:51Z,97138892000,961110016
2026-08-05T19:02:00.326214-05:00,historyserver,historyserver-demo-7f67bfd478-qpfd9,historyserver,2026-08-06T00:01:51Z,97138892000,961110016
2026-08-05T19:02:01.325482-05:00,historyserver,historyserver-demo-7f67bfd478-qpfd9,historyserver,2026-08-06T00:01:51Z,97138892000,961110016
2026-08-05T19:02:02.326031-05:00,historyserver,historyserver-demo-7f67bfd478-qpfd9,historyserver,2026-08-06T00:01:51Z,97138892000,961110016
2026-08-05T19:02:03.326198-05:00,historyserver,historyserver-demo-7f67bfd478-qpfd9,historyserver,2026-08-06T00:02:02Z,102472666000,1102249984
2026-08-05T19:02:04.326206-05:00,historyserver,historyserver-demo-7f67bfd478-qpfd9,historyserver,2026-08-06T00:02:02Z,102472666000,1102249984
2026-08-05T19:02:05.326175-05:00,historyserver,historyserver-demo-7f67bfd478-qpfd9,historyserver,2026-08-06T00:02:02Z,102472666000,1102249984
2026-08-05T19:02:06.326161-05:00,historyserver,historyserver-demo-7f67bfd478-qpfd9,historyserver,2026-08-06T00:02:02Z,102472666000,1102249984
2026-08-05T19:02:07.325323-05:00,historyserver,historyserver-demo-7f67bfd478-qpfd9,historyserver,2026-08-06T00:02:02Z,102472666000,1102249984
2026-08-05T19:02:08.326084-05:00,historyserver,historyserver-demo-7f67bfd478-qpfd9,historyserver,2026-08-06T00:02:02Z,102472666000,1102249984
2026-08-05T19:02:09.325765-05:00,historyserver,historyserver-demo-7f67bfd478-qpfd9,historyserver,2026-08-06T00:02:02Z,102472666000,1102249984
2026-08-05T19:02:10.326176-05:00,historyserver,historyserver-demo-7f67bfd478-qpfd9,historyserver,2026-08-06T00:02:02Z,102472666000,1102249984
2026-08-05T19:02:11.325723-05:00,historyserver,historyserver-demo-7f67bfd478-qpfd9,historyserver,2026-08-06T00:02:02Z,102472666000,1102249984
2026-08-05T19:02:12.326147-05:00,historyserver,historyserver-demo-7f67bfd478-qpfd9,historyserver,2026-08-06T00:02:02Z,102472666000,1102249984
2026-08-05T19:02:13.326126-05:00,historyserver,historyserver-demo-7f67bfd478-qpfd9,historyserver,2026-08-06T00:02:02Z,102472666000,1102249984
2026-08-05T19:02:14.326107-05:00,historyserver,historyserver-demo-7f67bfd478-qpfd9,historyserver,2026-08-06T00:02:02Z,102472666000,1102249984
2026-08-05T19:02:15.326081-05:00,historyserver,historyserver-demo-7f67bfd478-qpfd9,historyserver,2026-08-06T00:02:02Z,102472666000,1102249984
2026-08-05T19:02:16.326117-05:00,historyserver,historyserver-demo-7f67bfd478-qpfd9,historyserver,2026-08-06T00:02:02Z,102472666000,1102249984
2026-08-05T19:02:17.325817-05:00,historyserver,historyserver-demo-7f67bfd478-qpfd9,historyserver,2026-08-06T00:02:02Z,102472666000,1102249984
2026-08-05T19:02:18.325307-05:00,historyserver,historyserver-demo-7f67bfd478-qpfd9,historyserver,2026-08-06T00:02:02Z,102472666000,1102249984
2026-08-05T19:02:19.326134-05:00,historyserver,historyserver-demo-7f67bfd478-qpfd9,historyserver,2026-08-06T00:02:18Z,110636926000,1378529280
2026-08-05T19:02:20.325482-05:00,historyserver,historyserver-demo-7f67bfd478-qpfd9,historyserver,2026-08-06T00:02:18Z,110636926000,1378529280
2026-08-05T19:02:21.325676-05:00,historyserver,historyserver-demo-7f67bfd478-qpfd9,historyserver,2026-08-06T00:02:18Z,110636926000,1378529280
2026-08-05T19:02:22.326101-05:00,historyserver,historyserver-demo-7f67bfd478-qpfd9,historyserver,2026-08-06T00:02:18Z,110636926000,1378529280
2026-08-05T19:02:23.326133-05:00,historyserver,historyserver-demo-7f67bfd478-qpfd9,historyserver,2026-08-06T00:02:18Z,110636926000,1378529280
2026-08-05T19:02:24.326142-05:00,historyserver,historyserver-demo-7f67bfd478-qpfd9,historyserver,2026-08-06T00:02:18Z,110636926000,1378529280
2026-08-05T19:02:25.325553-05:00,historyserver,historyserver-demo-7f67bfd478-qpfd9,historyserver,2026-08-06T00:02:18Z,110636926000,1378529280
2026-08-05T19:02:26.326123-05:00,historyserver,historyserver-demo-7f67bfd478-qpfd9,historyserver,2026-08-06T00:02:18Z,110636926000,1378529280
2026-08-05T19:02:27.325878-05:00,historyserver,historyserver-demo-7f67bfd478-qpfd9,historyserver,2026-08-06T00:02:18Z,110636926000,1378529280
2026-08-05T19:02:28.325153-05:00,historyserver,historyserver-demo-7f67bfd478-qpfd9,historyserver,2026-08-06T00:02:18Z,110636926000,1378529280
2026-08-05T19:02:29.325828-05:00,historyserver,historyserver-demo-7f67bfd478-qpfd9,historyserver,2026-08-06T00:02:18Z,110636926000,1378529280
2026-08-05T19:02:30.326071-05:00,historyserver,historyserver-demo-7f67bfd478-qpfd9,historyserver,2026-08-06T00:02:18Z,110636926000,1378529280
2026-08-05T19:02:31.326138-05:00,historyserver,historyserver-demo-7f67bfd478-qpfd9,historyserver,2026-08-06T00:02:18Z,110636926000,1378529280
2026-08-05T19:02:32.326124-05:00,historyserver,historyserver-demo-7f67bfd478-qpfd9,historyserver,2026-08-06T00:02:18Z,110636926000,1378529280
2026-08-05T19:02:33.326076-05:00,historyserver,historyserver-demo-7f67bfd478-qpfd9,historyserver,2026-08-06T00:02:18Z,110636926000,1378529280
2026-08-05T19:02:34.326066-05:00,historyserver,historyserver-demo-7f67bfd478-qpfd9,historyserver,2026-08-06T00:02:18Z,110636926000,1378529280
2026-08-05T19:02:35.326039-05:00,historyserver,historyserver-demo-7f67bfd478-qpfd9,historyserver,2026-08-06T00:02:18Z,110636926000,1378529280
2026-08-05T19:02:36.325128-05:00,historyserver,historyserver-demo-7f67bfd478-qpfd9,historyserver,2026-08-06T00:02:36Z,119435375000,1391931392
2026-08-05T19:02:37.326-05:00,historyserver,historyserver-demo-7f67bfd478-qpfd9,historyserver,2026-08-06T00:02:36Z,119435375000,1391931392
2026-08-05T19:02:38.326144-05:00,historyserver,historyserver-demo-7f67bfd478-qpfd9,historyserver,2026-08-06T00:02:36Z,119435375000,1391931392
2026-08-05T19:02:39.32604-05:00,historyserver,historyserver-demo-7f67bfd478-qpfd9,historyserver,2026-08-06T00:02:36Z,119435375000,1391931392
2026-08-05T19:02:40.325165-05:00,historyserver,historyserver-demo-7f67bfd478-qpfd9,historyserver,2026-08-06T00:02:36Z,119435375000,1391931392
2026-08-05T19:02:41.326006-05:00,historyserver,historyserver-demo-7f67bfd478-qpfd9,historyserver,2026-08-06T00:02:36Z,119435375000,1391931392
2026-08-05T19:02:42.32552-05:00,historyserver,historyserver-demo-7f67bfd478-qpfd9,historyserver,2026-08-06T00:02:36Z,119435375000,1391931392
2026-08-05T19:02:43.326004-05:00,historyserver,historyserver-demo-7f67bfd478-qpfd9,historyserver,2026-08-06T00:02:36Z,119435375000,1391931392
2026-08-05T19:02:44.325217-05:00,historyserver,historyserver-demo-7f67bfd478-qpfd9,historyserver,2026-08-06T00:02:36Z,119435375000,1391931392
2026-08-05T19:02:45.325971-05:00,historyserver,historyserver-demo-7f67bfd478-qpfd9,historyserver,2026-08-06T00:02:36Z,119435375000,1391931392
2026-08-05T19:02:46.326024-05:00,historyserver,historyserver-demo-7f67bfd478-qpfd9,historyserver,2026-08-06T00:02:36Z,119435375000,1391931392
2026-08-05T19:02:47.32586-05:00,historyserver,historyserver-demo-7f67bfd478-qpfd9,historyserver,2026-08-06T00:02:36Z,119435375000,1391931392
2026-08-05T19:02:48.325947-05:00,historyserver,historyserver-demo-7f67bfd478-qpfd9,historyserver,2026-08-06T00:02:36Z,119435375000,1391931392
2026-08-05T19:02:49.325186-05:00,historyserver,historyserver-demo-7f67bfd478-qpfd9,historyserver,2026-08-06T00:02:36Z,119435375000,1391931392
2026-08-05T19:02:50.325646-05:00,historyserver,historyserver-demo-7f67bfd478-qpfd9,historyserver,2026-08-06T00:02:36Z,119435375000,1391931392
2026-08-05T19:02:51.32633-05:00,historyserver,historyserver-demo-7f67bfd478-qpfd9,historyserver,2026-08-06T00:02:36Z,119435375000,1391931392
2026-08-05T19:02:52.325305-05:00,historyserver,historyserver-demo-7f67bfd478-qpfd9,historyserver,2026-08-06T00:02:36Z,119435375000,1391931392
2026-08-05T19:02:53.327171-05:00,historyserver,historyserver-demo-7f67bfd478-qpfd9,historyserver,2026-08-06T00:02:36Z,119435375000,1391931392
2026-08-05T19:02:54.327009-05:00,historyserver,historyserver-demo-7f67bfd478-qpfd9,historyserver,2026-08-06T00:02:53Z,128237292000,1318936576
2026-08-05T19:02:55.326075-05:00,historyserver,historyserver-demo-7f67bfd478-qpfd9,historyserver,2026-08-06T00:02:53Z,128237292000,1318936576
2026-08-05T19:02:56.327981-05:00,historyserver,historyserver-demo-7f67bfd478-qpfd9,historyserver,2026-08-06T00:02:53Z,128237292000,1318936576
2026-08-05T19:02:57.326237-05:00,historyserver,historyserver-demo-7f67bfd478-qpfd9,historyserver,2026-08-06T00:02:53Z,128237292000,1318936576
2026-08-05T19:02:58.326168-05:00,historyserver,historyserver-demo-7f67bfd478-qpfd9,historyserver,2026-08-06T00:02:53Z,128237292000,1318936576
2026-08-05T19:02:59.325913-05:00,historyserver,historyserver-demo-7f67bfd478-qpfd9,historyserver,2026-08-06T00:02:53Z,128237292000,1318936576
2026-08-05T19:03:00.325921-05:00,historyserver,historyserver-demo-7f67bfd478-qpfd9,historyserver,2026-08-06T00:02:53Z,128237292000,1318936576
2026-08-05T19:03:01.32542-05:00,historyserver,historyserver-demo-7f67bfd478-qpfd9,historyserver,2026-08-06T00:02:53Z,128237292000,1318936576
2026-08-05T19:03:02.325679-05:00,historyserver,historyserver-demo-7f67bfd478-qpfd9,historyserver,2026-08-06T00:02:53Z,128237292000,1318936576
2026-08-05T19:03:03.325483-05:00,historyserver,historyserver-demo-7f67bfd478-qpfd9,historyserver,2026-08-06T00:02:53Z,128237292000,1318936576
2026-08-05T19:03:04.325996-05:00,historyserver,historyserver-demo-7f67bfd478-qpfd9,historyserver,2026-08-06T00:02:53Z,128237292000,1318936576
2026-08-05T19:03:05.325402-05:00,historyserver,historyserver-demo-7f67bfd478-qpfd9,historyserver,2026-08-06T00:02:53Z,128237292000,1318936576
2026-08-05T19:03:06.325606-05:00,historyserver,historyserver-demo-7f67bfd478-qpfd9,historyserver,2026-08-06T00:03:06Z,134407138000,1347080192
2026-08-05T19:03:07.327847-05:00,historyserver,historyserver-demo-7f67bfd478-qpfd9,historyserver,2026-08-06T00:03:06Z,134407138000,1347080192
2026-08-05T19:03:08.325521-05:00,historyserver,historyserver-demo-7f67bfd478-qpfd9,historyserver,2026-08-06T00:03:06Z,134407138000,1347080192
2026-08-05T19:03:09.325492-05:00,historyserver,historyserver-demo-7f67bfd478-qpfd9,historyserver,2026-08-06T00:03:06Z,134407138000,1347080192
2026-08-05T19:03:10.325857-05:00,historyserver,historyserver-demo-7f67bfd478-qpfd9,historyserver,2026-08-06T00:03:06Z,134407138000,1347080192
2026-08-05T19:03:11.325912-05:00,historyserver,historyserver-demo-7f67bfd478-qpfd9,historyserver,2026-08-06T00:03:06Z,134407138000,1347080192
2026-08-05T19:03:12.325851-05:00,historyserver,historyserver-demo-7f67bfd478-qpfd9,historyserver,2026-08-06T00:03:06Z,134407138000,1347080192
2026-08-05T19:03:13.326017-05:00,historyserver,historyserver-demo-7f67bfd478-qpfd9,historyserver,2026-08-06T00:03:06Z,134407138000,1347080192
2026-08-05T19:03:14.325591-05:00,historyserver,historyserver-demo-7f67bfd478-qpfd9,historyserver,2026-08-06T00:03:06Z,134407138000,1347080192
2026-08-05T19:03:15.325778-05:00,historyserver,historyserver-demo-7f67bfd478-qpfd9,historyserver,2026-08-06T00:03:06Z,134407138000,1347080192
2026-08-05T19:03:16.325878-05:00,historyserver,historyserver-demo-7f67bfd478-qpfd9,historyserver,2026-08-06T00:03:06Z,134407138000,1347080192
2026-08-05T19:03:17.324776-05:00,historyserver,historyserver-demo-7f67bfd478-qpfd9,historyserver,2026-08-06T00:03:06Z,134407138000,1347080192
2026-08-05T19:03:18.32535-05:00,historyserver,historyserver-demo-7f67bfd478-qpfd9,historyserver,2026-08-06T00:03:06Z,134407138000,1347080192
2026-08-05T19:03:19.325363-05:00,historyserver,historyserver-demo-7f67bfd478-qpfd9,historyserver,2026-08-06T00:03:06Z,134407138000,1347080192
2026-08-05T19:03:20.325317-05:00,historyserver,historyserver-demo-7f67bfd478-qpfd9,historyserver,2026-08-06T00:03:06Z,134407138000,1347080192
2026-08-05T19:03:21.325281-05:00,historyserver,historyserver-demo-7f67bfd478-qpfd9,historyserver,2026-08-06T00:03:06Z,134407138000,1347080192
2026-08-05T19:03:22.325773-05:00,historyserver,historyserver-demo-7f67bfd478-qpfd9,historyserver,2026-08-06T00:03:21Z,142085328000,1609506816
2026-08-05T19:03:23.325753-05:00,historyserver,historyserver-demo-7f67bfd478-qpfd9,historyserver,2026-08-06T00:03:21Z,142085328000,1609506816
2026-08-05T19:03:24.325742-05:00,historyserver,historyserver-demo-7f67bfd478-qpfd9,historyserver,2026-08-06T00:03:21Z,142085328000,1609506816
2026-08-05T19:03:25.324839-05:00,historyserver,historyserver-demo-7f67bfd478-qpfd9,historyserver,2026-08-06T00:03:21Z,142085328000,1609506816
2026-08-05T19:03:26.32578-05:00,historyserver,historyserver-demo-7f67bfd478-qpfd9,historyserver,2026-08-06T00:03:21Z,142085328000,1609506816
2026-08-05T19:03:27.325717-05:00,historyserver,historyserver-demo-7f67bfd478-qpfd9,historyserver,2026-08-06T00:03:21Z,142085328000,1609506816
2026-08-05T19:03:28.325247-05:00,historyserver,historyserver-demo-7f67bfd478-qpfd9,historyserver,2026-08-06T00:03:21Z,142085328000,1609506816
2026-08-05T19:03:29.325237-05:00,historyserver,historyserver-demo-7f67bfd478-qpfd9,historyserver,2026-08-06T00:03:21Z,142085328000,1609506816
2026-08-05T19:03:30.324729-05:00,historyserver,historyserver-demo-7f67bfd478-qpfd9,historyserver,2026-08-06T00:03:21Z,142085328000,1609506816
2026-08-05T19:03:31.325256-05:00,historyserver,historyserver-demo-7f67bfd478-qpfd9,historyserver,2026-08-06T00:03:21Z,142085328000,1609506816
2026-08-05T19:03:32.325372-05:00,historyserver,historyserver-demo-7f67bfd478-qpfd9,historyserver,2026-08-06T00:03:21Z,142085328000,1609506816
2026-08-05T19:03:33.325246-05:00,historyserver,historyserver-demo-7f67bfd478-qpfd9,historyserver,2026-08-06T00:03:21Z,142085328000,1609506816
2026-08-05T19:03:34.325679-05:00,historyserver,historyserver-demo-7f67bfd478-qpfd9,historyserver,2026-08-06T00:03:21Z,142085328000,1609506816
2026-08-05T19:03:35.325679-05:00,historyserver,historyserver-demo-7f67bfd478-qpfd9,historyserver,2026-08-06T00:03:21Z,142085328000,1609506816
2026-08-05T19:03:36.32571-05:00,historyserver,historyserver-demo-7f67bfd478-qpfd9,historyserver,2026-08-06T00:03:21Z,142085328000,1609506816
2026-08-05T19:03:37.325699-05:00,historyserver,historyserver-demo-7f67bfd478-qpfd9,historyserver,2026-08-06T00:03:21Z,142085328000,1609506816
2026-08-05T19:03:38.325211-05:00,historyserver,historyserver-demo-7f67bfd478-qpfd9,historyserver,2026-08-06T00:03:21Z,142085328000,1609506816
2026-08-05T19:03:39.324752-05:00,historyserver,historyserver-demo-7f67bfd478-qpfd9,historyserver,2026-08-06T00:03:21Z,142085328000,1609506816
2026-08-05T19:03:40.325754-05:00,historyserver,historyserver-demo-7f67bfd478-qpfd9,historyserver,2026-08-06T00:03:21Z,142085328000,1609506816
2026-08-05T19:03:41.325738-05:00,historyserver,historyserver-demo-7f67bfd478-qpfd9,historyserver,2026-08-06T00:03:40Z,151685897000,1803743232
2026-08-05T19:03:42.325686-05:00,historyserver,historyserver-demo-7f67bfd478-qpfd9,historyserver,2026-08-06T00:03:40Z,151685897000,1803743232
2026-08-05T19:03:43.325542-05:00,historyserver,historyserver-demo-7f67bfd478-qpfd9,historyserver,2026-08-06T00:03:40Z,151685897000,1803743232
2026-08-05T19:03:44.324715-05:00,historyserver,historyserver-demo-7f67bfd478-qpfd9,historyserver,2026-08-06T00:03:40Z,151685897000,1803743232
2026-08-05T19:03:45.325712-05:00,historyserver,historyserver-demo-7f67bfd478-qpfd9,historyserver,2026-08-06T00:03:40Z,151685897000,1803743232
2026-08-05T19:03:46.325632-05:00,historyserver,historyserver-demo-7f67bfd478-qpfd9,historyserver,2026-08-06T00:03:40Z,151685897000,1803743232
2026-08-05T19:03:47.325294-05:00,historyserver,historyserver-demo-7f67bfd478-qpfd9,historyserver,2026-08-06T00:03:40Z,151685897000,1803743232
2026-08-05T19:03:48.325639-05:00,historyserver,historyserver-demo-7f67bfd478-qpfd9,historyserver,2026-08-06T00:03:40Z,151685897000,1803743232
2026-08-05T19:03:49.324784-05:00,historyserver,historyserver-demo-7f67bfd478-qpfd9,historyserver,2026-08-06T00:03:40Z,151685897000,1803743232
2026-08-05T19:03:50.325633-05:00,historyserver,historyserver-demo-7f67bfd478-qpfd9,historyserver,2026-08-06T00:03:40Z,151685897000,1803743232
2026-08-05T19:03:51.324754-05:00,historyserver,historyserver-demo-7f67bfd478-qpfd9,historyserver,2026-08-06T00:03:40Z,151685897000,1803743232
2026-08-05T19:03:52.325599-05:00,historyserver,historyserver-demo-7f67bfd478-qpfd9,historyserver,2026-08-06T00:03:40Z,151685897000,1803743232
2026-08-05T19:03:53.3258-05:00,historyserver,historyserver-demo-7f67bfd478-qpfd9,historyserver,2026-08-06T00:03:40Z,151685897000,1803743232
2026-08-05T19:03:54.325194-05:00,historyserver,historyserver-demo-7f67bfd478-qpfd9,historyserver,2026-08-06T00:03:53Z,158015626000,1907314688
2026-08-05T19:03:55.325881-05:00,historyserver,historyserver-demo-7f67bfd478-qpfd9,historyserver,2026-08-06T00:03:53Z,158015626000,1907314688
2026-08-05T19:03:56.325387-05:00,historyserver,historyserver-demo-7f67bfd478-qpfd9,historyserver,2026-08-06T00:03:53Z,158015626000,1907314688
2026-08-05T19:03:57.325232-05:00,historyserver,historyserver-demo-7f67bfd478-qpfd9,historyserver,2026-08-06T00:03:53Z,158015626000,1907314688
2026-08-05T19:03:58.32558-05:00,historyserver,historyserver-demo-7f67bfd478-qpfd9,historyserver,2026-08-06T00:03:53Z,158015626000,1907314688
2026-08-05T19:03:59.325461-05:00,historyserver,historyserver-demo-7f67bfd478-qpfd9,historyserver,2026-08-06T00:03:53Z,158015626000,1907314688
2026-08-05T19:04:00.325553-05:00,historyserver,historyserver-demo-7f67bfd478-qpfd9,historyserver,2026-08-06T00:03:53Z,158015626000,1907314688
2026-08-05T19:04:01.325556-05:00,historyserver,historyserver-demo-7f67bfd478-qpfd9,historyserver,2026-08-06T00:03:53Z,158015626000,1907314688
2026-08-05T19:04:02.325543-05:00,historyserver,historyserver-demo-7f67bfd478-qpfd9,historyserver,2026-08-06T00:03:53Z,158015626000,1907314688
2026-08-05T19:04:03.326918-05:00,historyserver,historyserver-demo-7f67bfd478-qpfd9,historyserver,2026-08-06T00:03:53Z,158015626000,1907314688
2026-08-05T19:04:04.325162-05:00,historyserver,historyserver-demo-7f67bfd478-qpfd9,historyserver,2026-08-06T00:03:53Z,158015626000,1907314688
2026-08-05T19:04:05.325667-05:00,historyserver,historyserver-demo-7f67bfd478-qpfd9,historyserver,2026-08-06T00:03:53Z,158015626000,1907314688
2026-08-05T19:04:06.325522-05:00,historyserver,historyserver-demo-7f67bfd478-qpfd9,historyserver,2026-08-06T00:03:53Z,158015626000,1907314688
2026-08-05T19:04:07.32552-05:00,historyserver,historyserver-demo-7f67bfd478-qpfd9,historyserver,2026-08-06T00:03:53Z,158015626000,1907314688
2026-08-05T19:04:08.325493-05:00,historyserver,historyserver-demo-7f67bfd478-qpfd9,historyserver,2026-08-06T00:03:53Z,158015626000,1907314688
2026-08-05T19:04:09.325204-05:00,historyserver,historyserver-demo-7f67bfd478-qpfd9,historyserver,2026-08-06T00:04:08Z,165585813000,1911304192
2026-08-05T19:04:10.327984-05:00,historyserver,historyserver-demo-7f67bfd478-qpfd9,historyserver,2026-08-06T00:04:08Z,165585813000,1911304192
2026-08-05T19:04:11.325493-05:00,historyserver,historyserver-demo-7f67bfd478-qpfd9,historyserver,2026-08-06T00:04:08Z,165585813000,1911304192
2026-08-05T19:04:12.324571-05:00,historyserver,historyserver-demo-7f67bfd478-qpfd9,historyserver,2026-08-06T00:04:08Z,165585813000,1911304192
2026-08-05T19:04:13.325506-05:00,historyserver,historyserver-demo-7f67bfd478-qpfd9,historyserver,2026-08-06T00:04:08Z,165585813000,1911304192
2026-08-05T19:04:14.325515-05:00,historyserver,historyserver-demo-7f67bfd478-qpfd9,historyserver,2026-08-06T00:04:08Z,165585813000,1911304192
2026-08-05T19:04:15.32556-05:00,historyserver,historyserver-demo-7f67bfd478-qpfd9,historyserver,2026-08-06T00:04:08Z,165585813000,1911304192
2026-08-05T19:04:16.325476-05:00,historyserver,historyserver-demo-7f67bfd478-qpfd9,historyserver,2026-08-06T00:04:08Z,165585813000,1911304192
2026-08-05T19:04:17.325463-05:00,historyserver,historyserver-demo-7f67bfd478-qpfd9,historyserver,2026-08-06T00:04:08Z,165585813000,1911304192
2026-08-05T19:04:18.325491-05:00,historyserver,historyserver-demo-7f67bfd478-qpfd9,historyserver,2026-08-06T00:04:08Z,165585813000,1911304192
2026-08-05T19:04:19.325193-05:00,historyserver,historyserver-demo-7f67bfd478-qpfd9,historyserver,2026-08-06T00:04:08Z,165585813000,1911304192
2026-08-05T19:04:20.324902-05:00,historyserver,historyserver-demo-7f67bfd478-qpfd9,historyserver,2026-08-06T00:04:08Z,165585813000,1911304192
2026-08-05T19:04:21.325453-05:00,historyserver,historyserver-demo-7f67bfd478-qpfd9,historyserver,2026-08-06T00:04:08Z,165585813000,1911304192
2026-08-05T19:04:22.324961-05:00,historyserver,historyserver-demo-7f67bfd478-qpfd9,historyserver,2026-08-06T00:04:08Z,165585813000,1911304192
2026-08-05T19:04:23.327246-05:00,historyserver,historyserver-demo-7f67bfd478-qpfd9,historyserver,2026-08-06T00:04:08Z,165585813000,1911304192
2026-08-05T19:04:24.325406-05:00,historyserver,historyserver-demo-7f67bfd478-qpfd9,historyserver,2026-08-06T00:04:08Z,165585813000,1911304192
2026-08-05T19:04:25.325413-05:00,historyserver,historyserver-demo-7f67bfd478-qpfd9,historyserver,2026-08-06T00:04:08Z,165585813000,1911304192
2026-08-05T19:04:26.325464-05:00,historyserver,historyserver-demo-7f67bfd478-qpfd9,historyserver,2026-08-06T00:04:08Z,165585813000,1911304192
2026-08-05T19:04:27.325676-05:00,historyserver,historyserver-demo-7f67bfd478-qpfd9,historyserver,2026-08-06T00:04:08Z,165585813000,1911304192
2026-08-05T19:04:28.325076-05:00,historyserver,historyserver-demo-7f67bfd478-qpfd9,historyserver,2026-08-06T00:04:08Z,165585813000,1911304192
2026-08-05T19:04:29.325454-05:00,historyserver,historyserver-demo-7f67bfd478-qpfd9,historyserver,2026-08-06T00:04:28Z,170018552000,2035838976
2026-08-05T19:04:30.325188-05:00,historyserver,historyserver-demo-7f67bfd478-qpfd9,historyserver,2026-08-06T00:04:28Z,170018552000,2035838976
2026-08-05T19:04:31.325087-05:00,historyserver,historyserver-demo-7f67bfd478-qpfd9,historyserver,2026-08-06T00:04:28Z,170018552000,2035838976
2026-08-05T19:04:32.325049-05:00,historyserver,historyserver-demo-7f67bfd478-qpfd9,historyserver,2026-08-06T00:04:28Z,170018552000,2035838976
2026-08-05T19:04:33.324844-05:00,historyserver,historyserver-demo-7f67bfd478-qpfd9,historyserver,2026-08-06T00:04:28Z,170018552000,2035838976
2026-08-05T19:04:34.325376-05:00,historyserver,historyserver-demo-7f67bfd478-qpfd9,historyserver,2026-08-06T00:04:28Z,170018552000,2035838976
2026-08-05T19:04:35.324899-05:00,historyserver,historyserver-demo-7f67bfd478-qpfd9,historyserver,2026-08-06T00:04:28Z,170018552000,2035838976
2026-08-05T19:04:36.324361-05:00,historyserver,historyserver-demo-7f67bfd478-qpfd9,historyserver,2026-08-06T00:04:28Z,170018552000,2035838976
2026-08-05T19:04:37.325314-05:00,historyserver,historyserver-demo-7f67bfd478-qpfd9,historyserver,2026-08-06T00:04:28Z,170018552000,2035838976
2026-08-05T19:04:38.325385-05:00,historyserver,historyserver-demo-7f67bfd478-qpfd9,historyserver,2026-08-06T00:04:28Z,170018552000,2035838976
2026-08-05T19:04:39.325635-05:00,historyserver,historyserver-demo-7f67bfd478-qpfd9,historyserver,2026-08-06T00:04:28Z,170018552000,2035838976
2026-08-05T19:04:40.324474-05:00,historyserver,historyserver-demo-7f67bfd478-qpfd9,historyserver,2026-08-06T00:04:28Z,170018552000,2035838976
2026-08-05T19:04:41.325346-05:00,historyserver,historyserver-demo-7f67bfd478-qpfd9,historyserver,2026-08-06T00:04:28Z,170018552000,2035838976
2026-08-05T19:04:42.325367-05:00,historyserver,historyserver-demo-7f67bfd478-qpfd9,historyserver,2026-08-06T00:04:28Z,170018552000,2035838976
2026-08-05T19:04:43.324356-05:00,historyserver,historyserver-demo-7f67bfd478-qpfd9,historyserver,2026-08-06T00:04:28Z,170018552000,2035838976
2026-08-05T19:04:44.325353-05:00,historyserver,historyserver-demo-7f67bfd478-qpfd9,historyserver,2026-08-06T00:04:28Z,170018552000,2035838976
2026-08-05T19:04:45.325325-05:00,historyserver,historyserver-demo-7f67bfd478-qpfd9,historyserver,2026-08-06T00:04:44Z,178019496000,1076293632
2026-08-05T19:04:46.325365-05:00,historyserver,historyserver-demo-7f67bfd478-qpfd9,historyserver,2026-08-06T00:04:44Z,178019496000,1076293632
2026-08-05T19:04:47.325287-05:00,historyserver,historyserver-demo-7f67bfd478-qpfd9,historyserver,2026-08-06T00:04:44Z,178019496000,1076293632
2026-08-05T19:04:48.325304-05:00,historyserver,historyserver-demo-7f67bfd478-qpfd9,historyserver,2026-08-06T00:04:44Z,178019496000,1076293632
2026-08-05T19:04:49.325279-05:00,historyserver,historyserver-demo-7f67bfd478-qpfd9,historyserver,2026-08-06T00:04:44Z,178019496000,1076293632
2026-08-05T19:04:50.325285-05:00,historyserver,historyserver-demo-7f67bfd478-qpfd9,historyserver,2026-08-06T00:04:44Z,178019496000,1076293632
2026-08-05T19:04:51.325268-05:00,historyserver,historyserver-demo-7f67bfd478-qpfd9,historyserver,2026-08-06T00:04:44Z,178019496000,1076293632
2026-08-05T19:04:52.325245-05:00,historyserver,historyserver-demo-7f67bfd478-qpfd9,historyserver,2026-08-06T00:04:44Z,178019496000,1076293632
2026-08-05T19:04:53.32535-05:00,historyserver,historyserver-demo-7f67bfd478-qpfd9,historyserver,2026-08-06T00:04:44Z,178019496000,1076293632
2026-08-05T19:04:54.325298-05:00,historyserver,historyserver-demo-7f67bfd478-qpfd9,historyserver,2026-08-06T00:04:44Z,178019496000,1076293632
2026-08-05T19:04:55.324912-05:00,historyserver,historyserver-demo-7f67bfd478-qpfd9,historyserver,2026-08-06T00:04:44Z,178019496000,1076293632
2026-08-05T19:04:56.325266-05:00,historyserver,historyserver-demo-7f67bfd478-qpfd9,historyserver,2026-08-06T00:04:44Z,178019496000,1076293632
2026-08-05T19:04:57.325278-05:00,historyserver,historyserver-demo-7f67bfd478-qpfd9,historyserver,2026-08-06T00:04:44Z,178019496000,1076293632
2026-08-05T19:04:58.325246-05:00,historyserver,historyserver-demo-7f67bfd478-qpfd9,historyserver,2026-08-06T00:04:44Z,178019496000,1076293632
2026-08-05T19:04:59.325232-05:00,historyserver,historyserver-demo-7f67bfd478-qpfd9,historyserver,2026-08-06T00:04:59Z,185468702000,1076588544
2026-08-05T19:05:00.325245-05:00,historyserver,historyserver-demo-7f67bfd478-qpfd9,historyserver,2026-08-06T00:04:59Z,185468702000,1076588544
2026-08-05T19:05:01.325196-05:00,historyserver,historyserver-demo-7f67bfd478-qpfd9,historyserver,2026-08-06T00:04:59Z,185468702000,1076588544
2026-08-05T19:05:02.325206-05:00,historyserver,historyserver-demo-7f67bfd478-qpfd9,historyserver,2026-08-06T00:04:59Z,185468702000,1076588544
2026-08-05T19:05:03.324361-05:00,historyserver,historyserver-demo-7f67bfd478-qpfd9,historyserver,2026-08-06T00:04:59Z,185468702000,1076588544
2026-08-05T19:05:04.324774-05:00,historyserver,historyserver-demo-7f67bfd478-qpfd9,historyserver,2026-08-06T00:04:59Z,185468702000,1076588544
2026-08-05T19:05:05.325203-05:00,historyserver,historyserver-demo-7f67bfd478-qpfd9,historyserver,2026-08-06T00:04:59Z,185468702000,1076588544
2026-08-05T19:05:06.325172-05:00,historyserver,historyserver-demo-7f67bfd478-qpfd9,historyserver,2026-08-06T00:04:59Z,185468702000,1076588544
2026-08-05T19:05:07.325203-05:00,historyserver,historyserver-demo-7f67bfd478-qpfd9,historyserver,2026-08-06T00:04:59Z,185468702000,1076588544
2026-08-05T19:05:08.325169-05:00,historyserver,historyserver-demo-7f67bfd478-qpfd9,historyserver,2026-08-06T00:04:59Z,185468702000,1076588544
2026-08-05T19:05:09.325161-05:00,historyserver,historyserver-demo-7f67bfd478-qpfd9,historyserver,2026-08-06T00:04:59Z,185468702000,1076588544
2026-08-05T19:05:10.325188-05:00,historyserver,historyserver-demo-7f67bfd478-qpfd9,historyserver,2026-08-06T00:04:59Z,185468702000,1076588544
2026-08-05T19:05:11.325154-05:00,historyserver,historyserver-demo-7f67bfd478-qpfd9,historyserver,2026-08-06T00:04:59Z,185468702000,1076588544
2026-08-05T19:05:12.325148-05:00,historyserver,historyserver-demo-7f67bfd478-qpfd9,historyserver,2026-08-06T00:04:59Z,185468702000,1076588544
2026-08-05T19:05:13.325152-05:00,historyserver,historyserver-demo-7f67bfd478-qpfd9,historyserver,2026-08-06T00:04:59Z,185468702000,1076588544
2026-08-05T19:05:14.325256-05:00,historyserver,historyserver-demo-7f67bfd478-qpfd9,historyserver,2026-08-06T00:04:59Z,185468702000,1076588544
2026-08-05T19:05:15.325137-05:00,historyserver,historyserver-demo-7f67bfd478-qpfd9,historyserver,2026-08-06T00:04:59Z,185468702000,1076588544
2026-08-05T19:05:16.32429-05:00,historyserver,historyserver-demo-7f67bfd478-qpfd9,historyserver,2026-08-06T00:04:59Z,185468702000,1076588544
2026-08-05T19:05:17.325214-05:00,historyserver,historyserver-demo-7f67bfd478-qpfd9,historyserver,2026-08-06T00:04:59Z,185468702000,1076588544
2026-08-05T19:05:18.325121-05:00,historyserver,historyserver-demo-7f67bfd478-qpfd9,historyserver,2026-08-06T00:05:17Z,194817526000,1116143616
2026-08-05T19:05:19.325124-05:00,historyserver,historyserver-demo-7f67bfd478-qpfd9,historyserver,2026-08-06T00:05:17Z,194817526000,1116143616
2026-08-05T19:05:20.325126-05:00,historyserver,historyserver-demo-7f67bfd478-qpfd9,historyserver,2026-08-06T00:05:17Z,194817526000,1116143616
2026-08-05T19:05:21.324795-05:00,historyserver,historyserver-demo-7f67bfd478-qpfd9,historyserver,2026-08-06T00:05:17Z,194817526000,1116143616
2026-08-05T19:05:22.325104-05:00,historyserver,historyserver-demo-7f67bfd478-qpfd9,historyserver,2026-08-06T00:05:17Z,194817526000,1116143616
2026-08-05T19:05:23.325132-05:00,historyserver,historyserver-demo-7f67bfd478-qpfd9,historyserver,2026-08-06T00:05:17Z,194817526000,1116143616
2026-08-05T19:05:24.32466-05:00,historyserver,historyserver-demo-7f67bfd478-qpfd9,historyserver,2026-08-06T00:05:17Z,194817526000,1116143616
2026-08-05T19:05:25.325096-05:00,historyserver,historyserver-demo-7f67bfd478-qpfd9,historyserver,2026-08-06T00:05:17Z,194817526000,1116143616
2026-08-05T19:05:26.324198-05:00,historyserver,historyserver-demo-7f67bfd478-qpfd9,historyserver,2026-08-06T00:05:17Z,194817526000,1116143616
2026-08-05T19:05:27.325114-05:00,historyserver,historyserver-demo-7f67bfd478-qpfd9,historyserver,2026-08-06T00:05:17Z,194817526000,1116143616
2026-08-05T19:05:28.325084-05:00,historyserver,historyserver-demo-7f67bfd478-qpfd9,historyserver,2026-08-06T00:05:17Z,194817526000,1116143616
2026-08-05T19:05:29.324672-05:00,historyserver,historyserver-demo-7f67bfd478-qpfd9,historyserver,2026-08-06T00:05:17Z,194817526000,1116143616
2026-08-05T19:05:30.325061-05:00,historyserver,historyserver-demo-7f67bfd478-qpfd9,historyserver,2026-08-06T00:05:17Z,194817526000,1116143616
2026-08-05T19:05:31.324753-05:00,historyserver,historyserver-demo-7f67bfd478-qpfd9,historyserver,2026-08-06T00:05:17Z,194817526000,1116143616
2026-08-05T19:05:32.325057-05:00,historyserver,historyserver-demo-7f67bfd478-qpfd9,historyserver,2026-08-06T00:05:32Z,201821744000,1276854272
2026-08-05T19:05:33.325264-05:00,historyserver,historyserver-demo-7f67bfd478-qpfd9,historyserver,2026-08-06T00:05:32Z,201821744000,1276854272
2026-08-05T19:05:34.325077-05:00,historyserver,historyserver-demo-7f67bfd478-qpfd9,historyserver,2026-08-06T00:05:32Z,201821744000,1276854272
2026-08-05T19:05:35.324961-05:00,historyserver,historyserver-demo-7f67bfd478-qpfd9,historyserver,2026-08-06T00:05:32Z,201821744000,1276854272
2026-08-05T19:05:36.325003-05:00,historyserver,historyserver-demo-7f67bfd478-qpfd9,historyserver,2026-08-06T00:05:32Z,201821744000,1276854272
2026-08-05T19:05:37.324837-05:00,historyserver,historyserver-demo-7f67bfd478-qpfd9,historyserver,2026-08-06T00:05:32Z,201821744000,1276854272
2026-08-05T19:05:38.325023-05:00,historyserver,historyserver-demo-7f67bfd478-qpfd9,historyserver,2026-08-06T00:05:32Z,201821744000,1276854272
2026-08-05T19:05:39.325004-05:00,historyserver,historyserver-demo-7f67bfd478-qpfd9,historyserver,2026-08-06T00:05:32Z,201821744000,1276854272
2026-08-05T19:05:40.325001-05:00,historyserver,historyserver-demo-7f67bfd478-qpfd9,historyserver,2026-08-06T00:05:32Z,201821744000,1276854272
2026-08-05T19:05:41.324984-05:00,historyserver,historyserver-demo-7f67bfd478-qpfd9,historyserver,2026-08-06T00:05:32Z,201821744000,1276854272
2026-08-05T19:05:42.325012-05:00,historyserver,historyserver-demo-7f67bfd478-qpfd9,historyserver,2026-08-06T00:05:32Z,201821744000,1276854272
2026-08-05T19:05:43.325006-05:00,historyserver,historyserver-demo-7f67bfd478-qpfd9,historyserver,2026-08-06T00:05:32Z,201821744000,1276854272
2026-08-05T19:05:44.324827-05:00,historyserver,historyserver-demo-7f67bfd478-qpfd9,historyserver,2026-08-06T00:05:32Z,201821744000,1276854272
2026-08-05T19:05:45.324973-05:00,historyserver,historyserver-demo-7f67bfd478-qpfd9,historyserver,2026-08-06T00:05:32Z,201821744000,1276854272
2026-08-05T19:05:46.324992-05:00,historyserver,historyserver-demo-7f67bfd478-qpfd9,historyserver,2026-08-06T00:05:32Z,201821744000,1276854272
2026-08-05T19:05:47.324052-05:00,historyserver,historyserver-demo-7f67bfd478-qpfd9,historyserver,2026-08-06T00:05:46Z,209169004000,1744236544
2026-08-05T19:05:48.324941-05:00,historyserver,historyserver-demo-7f67bfd478-qpfd9,historyserver,2026-08-06T00:05:46Z,209169004000,1744236544
2026-08-05T19:05:49.324451-05:00,historyserver,historyserver-demo-7f67bfd478-qpfd9,historyserver,2026-08-06T00:05:46Z,209169004000,1744236544
2026-08-05T19:05:50.324962-05:00,historyserver,historyserver-demo-7f67bfd478-qpfd9,historyserver,2026-08-06T00:05:46Z,209169004000,1744236544
2026-08-05T19:05:51.324949-05:00,historyserver,historyserver-demo-7f67bfd478-qpfd9,historyserver,2026-08-06T00:05:46Z,209169004000,1744236544
2026-08-05T19:05:52.324927-05:00,historyserver,historyserver-demo-7f67bfd478-qpfd9,historyserver,2026-08-06T00:05:46Z,209169004000,1744236544
2026-08-05T19:05:53.324127-05:00,historyserver,historyserver-demo-7f67bfd478-qpfd9,historyserver,2026-08-06T00:05:46Z,209169004000,1744236544
2026-08-05T19:05:54.324922-05:00,historyserver,historyserver-demo-7f67bfd478-qpfd9,historyserver,2026-08-06T00:05:46Z,209169004000,1744236544
2026-08-05T19:05:55.324938-05:00,historyserver,historyserver-demo-7f67bfd478-qpfd9,historyserver,2026-08-06T00:05:46Z,209169004000,1744236544
2026-08-05T19:05:56.324921-05:00,historyserver,historyserver-demo-7f67bfd478-qpfd9,historyserver,2026-08-06T00:05:46Z,209169004000,1744236544
2026-08-05T19:05:57.324666-05:00,historyserver,historyserver-demo-7f67bfd478-qpfd9,historyserver,2026-08-06T00:05:46Z,209169004000,1744236544
2026-08-05T19:05:58.324919-05:00,historyserver,historyserver-demo-7f67bfd478-qpfd9,historyserver,2026-08-06T00:05:46Z,209169004000,1744236544
2026-08-05T19:05:59.324552-05:00,historyserver,historyserver-demo-7f67bfd478-qpfd9,historyserver,2026-08-06T00:05:58Z,215218753000,1372409856
2026-08-05T19:06:00.324889-05:00,historyserver,historyserver-demo-7f67bfd478-qpfd9,historyserver,2026-08-06T00:05:58Z,215218753000,1372409856
2026-08-05T19:06:01.324312-05:00,historyserver,historyserver-demo-7f67bfd478-qpfd9,historyserver,2026-08-06T00:05:58Z,215218753000,1372409856
2026-08-05T19:06:02.324467-05:00,historyserver,historyserver-demo-7f67bfd478-qpfd9,historyserver,2026-08-06T00:05:58Z,215218753000,1372409856
2026-08-05T19:06:03.324939-05:00,historyserver,historyserver-demo-7f67bfd478-qpfd9,historyserver,2026-08-06T00:05:58Z,215218753000,1372409856
2026-08-05T19:06:04.324916-05:00,historyserver,historyserver-demo-7f67bfd478-qpfd9,historyserver,2026-08-06T00:05:58Z,215218753000,1372409856
2026-08-05T19:06:05.324868-05:00,historyserver,historyserver-demo-7f67bfd478-qpfd9,historyserver,2026-08-06T00:05:58Z,215218753000,1372409856
2026-08-05T19:06:06.324853-05:00,historyserver,historyserver-demo-7f67bfd478-qpfd9,historyserver,2026-08-06T00:05:58Z,215218753000,1372409856
2026-08-05T19:06:07.324428-05:00,historyserver,historyserver-demo-7f67bfd478-qpfd9,historyserver,2026-08-06T00:05:58Z,215218753000,1372409856
2026-08-05T19:06:08.324827-05:00,historyserver,historyserver-demo-7f67bfd478-qpfd9,historyserver,2026-08-06T00:05:58Z,215218753000,1372409856
2026-08-05T19:06:09.32449-05:00,historyserver,historyserver-demo-7f67bfd478-qpfd9,historyserver,2026-08-06T00:05:58Z,215218753000,1372409856
2026-08-05T19:06:10.324836-05:00,historyserver,historyserver-demo-7f67bfd478-qpfd9,historyserver,2026-08-06T00:06:10Z,220827001000,1368911872
2026-08-05T19:06:11.324328-05:00,historyserver,historyserver-demo-7f67bfd478-qpfd9,historyserver,2026-08-06T00:06:10Z,220827001000,1368911872
2026-08-05T19:06:12.32483-05:00,historyserver,historyserver-demo-7f67bfd478-qpfd9,historyserver,2026-08-06T00:06:10Z,220827001000,1368911872
2026-08-05T19:06:13.323956-05:00,historyserver,historyserver-demo-7f67bfd478-qpfd9,historyserver,2026-08-06T00:06:10Z,220827001000,1368911872
2026-08-05T19:06:14.323828-05:00,historyserver,historyserver-demo-7f67bfd478-qpfd9,historyserver,2026-08-06T00:06:10Z,220827001000,1368911872
2026-08-05T19:06:15.324812-05:00,historyserver,historyserver-demo-7f67bfd478-qpfd9,historyserver,2026-08-06T00:06:10Z,220827001000,1368911872
2026-08-05T19:06:16.324218-05:00,historyserver,historyserver-demo-7f67bfd478-qpfd9,historyserver,2026-08-06T00:06:10Z,220827001000,1368911872
2026-08-05T19:06:17.324835-05:00,historyserver,historyserver-demo-7f67bfd478-qpfd9,historyserver,2026-08-06T00:06:10Z,220827001000,1368911872
2026-08-05T19:06:18.32482-05:00,historyserver,historyserver-demo-7f67bfd478-qpfd9,historyserver,2026-08-06T00:06:10Z,220827001000,1368911872
2026-08-05T19:06:19.323962-05:00,historyserver,historyserver-demo-7f67bfd478-qpfd9,historyserver,2026-08-06T00:06:10Z,220827001000,1368911872
2026-08-05T19:06:20.324331-05:00,historyserver,historyserver-demo-7f67bfd478-qpfd9,historyserver,2026-08-06T00:06:10Z,220827001000,1368911872
2026-08-05T19:06:21.324446-05:00,historyserver,historyserver-demo-7f67bfd478-qpfd9,historyserver,2026-08-06T00:06:10Z,220827001000,1368911872
2026-08-05T19:06:22.324835-05:00,historyserver,historyserver-demo-7f67bfd478-qpfd9,historyserver,2026-08-06T00:06:21Z,226518187000,1631121408
2026-08-05T19:06:23.32405-05:00,historyserver,historyserver-demo-7f67bfd478-qpfd9,historyserver,2026-08-06T00:06:21Z,226518187000,1631121408
2026-08-05T19:06:24.324918-05:00,historyserver,historyserver-demo-7f67bfd478-qpfd9,historyserver,2026-08-06T00:06:21Z,226518187000,1631121408
2026-08-05T19:06:25.324733-05:00,historyserver,historyserver-demo-7f67bfd478-qpfd9,historyserver,2026-08-06T00:06:21Z,226518187000,1631121408
2026-08-05T19:06:26.324184-05:00,historyserver,historyserver-demo-7f67bfd478-qpfd9,historyserver,2026-08-06T00:06:21Z,226518187000,1631121408
2026-08-05T19:06:27.324733-05:00,historyserver,historyserver-demo-7f67bfd478-qpfd9,historyserver,2026-08-06T00:06:21Z,226518187000,1631121408
2026-08-05T19:06:28.324738-05:00,historyserver,historyserver-demo-7f67bfd478-qpfd9,historyserver,2026-08-06T00:06:21Z,226518187000,1631121408
2026-08-05T19:06:29.324727-05:00,historyserver,historyserver-demo-7f67bfd478-qpfd9,historyserver,2026-08-06T00:06:21Z,226518187000,1631121408
2026-08-05T19:06:30.324736-05:00,historyserver,historyserver-demo-7f67bfd478-qpfd9,historyserver,2026-08-06T00:06:21Z,226518187000,1631121408
2026-08-05T19:06:31.32475-05:00,historyserver,historyserver-demo-7f67bfd478-qpfd9,historyserver,2026-08-06T00:06:21Z,226518187000,1631121408
2026-08-05T19:06:32.324745-05:00,historyserver,historyserver-demo-7f67bfd478-qpfd9,historyserver,2026-08-06T00:06:21Z,226518187000,1631121408
2026-08-05T19:06:33.324898-05:00,historyserver,historyserver-demo-7f67bfd478-qpfd9,historyserver,2026-08-06T00:06:21Z,226518187000,1631121408
2026-08-05T19:06:34.32424-05:00,historyserver,historyserver-demo-7f67bfd478-qpfd9,historyserver,2026-08-06T00:06:21Z,226518187000,1631121408
2026-08-05T19:06:35.323698-05:00,historyserver,historyserver-demo-7f67bfd478-qpfd9,historyserver,2026-08-06T00:06:34Z,233060336000,1730142208
2026-08-05T19:06:36.324661-05:00,historyserver,historyserver-demo-7f67bfd478-qpfd9,historyserver,2026-08-06T00:06:34Z,233060336000,1730142208
2026-08-05T19:06:37.324706-05:00,historyserver,historyserver-demo-7f67bfd478-qpfd9,historyserver,2026-08-06T00:06:34Z,233060336000,1730142208
2026-08-05T19:06:38.324686-05:00,historyserver,historyserver-demo-7f67bfd478-qpfd9,historyserver,2026-08-06T00:06:34Z,233060336000,1730142208
2026-08-05T19:06:39.324662-05:00,historyserver,historyserver-demo-7f67bfd478-qpfd9,historyserver,2026-08-06T00:06:34Z,233060336000,1730142208
2026-08-05T19:06:40.324671-05:00,historyserver,historyserver-demo-7f67bfd478-qpfd9,historyserver,2026-08-06T00:06:34Z,233060336000,1730142208
2026-08-05T19:06:41.324688-05:00,historyserver,historyserver-demo-7f67bfd478-qpfd9,historyserver,2026-08-06T00:06:34Z,233060336000,1730142208
2026-08-05T19:06:42.324652-05:00,historyserver,historyserver-demo-7f67bfd478-qpfd9,historyserver,2026-08-06T00:06:34Z,233060336000,1730142208
2026-08-05T19:06:43.324654-05:00,historyserver,historyserver-demo-7f67bfd478-qpfd9,historyserver,2026-08-06T00:06:34Z,233060336000,1730142208
2026-08-05T19:06:44.324522-05:00,historyserver,historyserver-demo-7f67bfd478-qpfd9,historyserver,2026-08-06T00:06:34Z,233060336000,1730142208
2026-08-05T19:06:45.324609-05:00,historyserver,historyserver-demo-7f67bfd478-qpfd9,historyserver,2026-08-06T00:06:34Z,233060336000,1730142208
2026-08-05T19:06:46.324663-05:00,historyserver,historyserver-demo-7f67bfd478-qpfd9,historyserver,2026-08-06T00:06:34Z,233060336000,1730142208
2026-08-05T19:06:47.324635-05:00,historyserver,historyserver-demo-7f67bfd478-qpfd9,historyserver,2026-08-06T00:06:34Z,233060336000,1730142208
2026-08-05T19:06:48.323845-05:00,historyserver,historyserver-demo-7f67bfd478-qpfd9,historyserver,2026-08-06T00:06:34Z,233060336000,1730142208
2026-08-05T19:06:49.324638-05:00,historyserver,historyserver-demo-7f67bfd478-qpfd9,historyserver,2026-08-06T00:06:48Z,240266357000,1734377472
2026-08-05T19:06:50.324662-05:00,historyserver,historyserver-demo-7f67bfd478-qpfd9,historyserver,2026-08-06T00:06:48Z,240266357000,1734377472
2026-08-05T19:06:51.324599-05:00,historyserver,historyserver-demo-7f67bfd478-qpfd9,historyserver,2026-08-06T00:06:48Z,240266357000,1734377472
2026-08-05T19:06:52.324636-05:00,historyserver,historyserver-demo-7f67bfd478-qpfd9,historyserver,2026-08-06T00:06:48Z,240266357000,1734377472
2026-08-05T19:06:53.324631-05:00,historyserver,historyserver-demo-7f67bfd478-qpfd9,historyserver,2026-08-06T00:06:48Z,240266357000,1734377472
2026-08-05T19:06:54.324611-05:00,historyserver,historyserver-demo-7f67bfd478-qpfd9,historyserver,2026-08-06T00:06:48Z,240266357000,1734377472
2026-08-05T19:06:55.323672-05:00,historyserver,historyserver-demo-7f67bfd478-qpfd9,historyserver,2026-08-06T00:06:48Z,240266357000,1734377472
2026-08-05T19:06:56.324042-05:00,historyserver,historyserver-demo-7f67bfd478-qpfd9,historyserver,2026-08-06T00:06:48Z,240266357000,1734377472
2026-08-05T19:06:57.323995-05:00,historyserver,historyserver-demo-7f67bfd478-qpfd9,historyserver,2026-08-06T00:06:48Z,240266357000,1734377472
2026-08-05T19:06:58.324207-05:00,historyserver,historyserver-demo-7f67bfd478-qpfd9,historyserver,2026-08-06T00:06:48Z,240266357000,1734377472
2026-08-05T19:06:59.323826-05:00,historyserver,historyserver-demo-7f67bfd478-qpfd9,historyserver,2026-08-06T00:06:48Z,240266357000,1734377472
2026-08-05T19:07:00.326559-05:00,historyserver,historyserver-demo-7f67bfd478-qpfd9,historyserver,2026-08-06T00:06:48Z,240266357000,1734377472
2026-08-05T19:07:01.325274-05:00,historyserver,historyserver-demo-7f67bfd478-qpfd9,historyserver,2026-08-06T00:07:00Z,246164355000,1786724352
2026-08-05T19:07:02.324569-05:00,historyserver,historyserver-demo-7f67bfd478-qpfd9,historyserver,2026-08-06T00:07:00Z,246164355000,1786724352
2026-08-05T19:07:03.324182-05:00,historyserver,historyserver-demo-7f67bfd478-qpfd9,historyserver,2026-08-06T00:07:00Z,246164355000,1786724352
2026-08-05T19:07:04.324275-05:00,historyserver,historyserver-demo-7f67bfd478-qpfd9,historyserver,2026-08-06T00:07:00Z,246164355000,1786724352
2026-08-05T19:07:05.324528-05:00,historyserver,historyserver-demo-7f67bfd478-qpfd9,historyserver,2026-08-06T00:07:00Z,246164355000,1786724352
2026-08-05T19:07:06.324523-05:00,historyserver,historyserver-demo-7f67bfd478-qpfd9,historyserver,2026-08-06T00:07:00Z,246164355000,1786724352
2026-08-05T19:07:07.324544-05:00,historyserver,historyserver-demo-7f67bfd478-qpfd9,historyserver,2026-08-06T00:07:00Z,246164355000,1786724352
2026-08-05T19:07:08.324556-05:00,historyserver,historyserver-demo-7f67bfd478-qpfd9,historyserver,2026-08-06T00:07:00Z,246164355000,1786724352
2026-08-05T19:07:09.324539-05:00,historyserver,historyserver-demo-7f67bfd478-qpfd9,historyserver,2026-08-06T00:07:00Z,246164355000,1786724352
2026-08-05T19:07:10.324576-05:00,historyserver,historyserver-demo-7f67bfd478-qpfd9,historyserver,2026-08-06T00:07:00Z,246164355000,1786724352
2026-08-05T19:07:11.324145-05:00,historyserver,historyserver-demo-7f67bfd478-qpfd9,historyserver,2026-08-06T00:07:00Z,246164355000,1786724352
2026-08-05T19:07:12.324506-05:00,historyserver,historyserver-demo-7f67bfd478-qpfd9,historyserver,2026-08-06T00:07:00Z,246164355000,1786724352
2026-08-05T19:07:13.324846-05:00,historyserver,historyserver-demo-7f67bfd478-qpfd9,historyserver,2026-08-06T00:07:00Z,246164355000,1786724352
2026-08-05T19:07:14.324153-05:00,historyserver,historyserver-demo-7f67bfd478-qpfd9,historyserver,2026-08-06T00:07:00Z,246164355000,1786724352
2026-08-05T19:07:15.323996-05:00,historyserver,historyserver-demo-7f67bfd478-qpfd9,historyserver,2026-08-06T00:07:00Z,246164355000,1786724352
2026-08-05T19:07:16.325275-05:00,historyserver,historyserver-demo-7f67bfd478-qpfd9,historyserver,2026-08-06T00:07:00Z,246164355000,1786724352
2026-08-05T19:07:17.323999-05:00,historyserver,historyserver-demo-7f67bfd478-qpfd9,historyserver,2026-08-06T00:07:00Z,246164355000,1786724352
2026-08-05T19:07:18.323543-05:00,historyserver,historyserver-demo-7f67bfd478-qpfd9,historyserver,2026-08-06T00:07:00Z,246164355000,1786724352
2026-08-05T19:07:19.323562-05:00,historyserver,historyserver-demo-7f67bfd478-qpfd9,historyserver,2026-08-06T00:07:00Z,246164355000,1786724352
2026-08-05T19:07:20.324472-05:00,historyserver,historyserver-demo-7f67bfd478-qpfd9,historyserver,2026-08-06T00:07:19Z,250734386000,1401896960
2026-08-05T19:07:21.325969-05:00,historyserver,historyserver-demo-7f67bfd478-qpfd9,historyserver,2026-08-06T00:07:19Z,250734386000,1401896960
2026-08-05T19:07:22.324456-05:00,historyserver,historyserver-demo-7f67bfd478-qpfd9,historyserver,2026-08-06T00:07:19Z,250734386000,1401896960
2026-08-05T19:07:23.324457-05:00,historyserver,historyserver-demo-7f67bfd478-qpfd9,historyserver,2026-08-06T00:07:19Z,250734386000,1401896960
2026-08-05T19:07:24.323964-05:00,historyserver,historyserver-demo-7f67bfd478-qpfd9,historyserver,2026-08-06T00:07:19Z,250734386000,1401896960
2026-08-05T19:07:25.324431-05:00,historyserver,historyserver-demo-7f67bfd478-qpfd9,historyserver,2026-08-06T00:07:19Z,250734386000,1401896960
2026-08-05T19:07:26.324445-05:00,historyserver,historyserver-demo-7f67bfd478-qpfd9,historyserver,2026-08-06T00:07:19Z,250734386000,1401896960
2026-08-05T19:07:27.324425-05:00,historyserver,historyserver-demo-7f67bfd478-qpfd9,historyserver,2026-08-06T00:07:19Z,250734386000,1401896960
2026-08-05T19:07:28.324523-05:00,historyserver,historyserver-demo-7f67bfd478-qpfd9,historyserver,2026-08-06T00:07:19Z,250734386000,1401896960
2026-08-05T19:07:29.324425-05:00,historyserver,historyserver-demo-7f67bfd478-qpfd9,historyserver,2026-08-06T00:07:19Z,250734386000,1401896960
2026-08-05T19:07:30.323774-05:00,historyserver,historyserver-demo-7f67bfd478-qpfd9,historyserver,2026-08-06T00:07:19Z,250734386000,1401896960
2026-08-05T19:07:31.324398-05:00,historyserver,historyserver-demo-7f67bfd478-qpfd9,historyserver,2026-08-06T00:07:31Z,256429436000,710905856
2026-08-05T19:07:32.324399-05:00,historyserver,historyserver-demo-7f67bfd478-qpfd9,historyserver,2026-08-06T00:07:31Z,256429436000,710905856
2026-08-05T19:07:33.324384-05:00,historyserver,historyserver-demo-7f67bfd478-qpfd9,historyserver,2026-08-06T00:07:31Z,256429436000,710905856
2026-08-05T19:07:34.324407-05:00,historyserver,historyserver-demo-7f67bfd478-qpfd9,historyserver,2026-08-06T00:07:31Z,256429436000,710905856
2026-08-05T19:07:35.324005-05:00,historyserver,historyserver-demo-7f67bfd478-qpfd9,historyserver,2026-08-06T00:07:31Z,256429436000,710905856
2026-08-05T19:07:36.324417-05:00,historyserver,historyserver-demo-7f67bfd478-qpfd9,historyserver,2026-08-06T00:07:31Z,256429436000,710905856
2026-08-05T19:07:37.324366-05:00,historyserver,historyserver-demo-7f67bfd478-qpfd9,historyserver,2026-08-06T00:07:31Z,256429436000,710905856
2026-08-05T19:07:38.323373-05:00,historyserver,historyserver-demo-7f67bfd478-qpfd9,historyserver,2026-08-06T00:07:31Z,256429436000,710905856
2026-08-05T19:07:39.324359-05:00,historyserver,historyserver-demo-7f67bfd478-qpfd9,historyserver,2026-08-06T00:07:31Z,256429436000,710905856
2026-08-05T19:07:40.32436-05:00,historyserver,historyserver-demo-7f67bfd478-qpfd9,historyserver,2026-08-06T00:07:31Z,256429436000,710905856
2026-08-05T19:07:41.324368-05:00,historyserver,historyserver-demo-7f67bfd478-qpfd9,historyserver,2026-08-06T00:07:31Z,256429436000,710905856
2026-08-05T19:07:42.324354-05:00,historyserver,historyserver-demo-7f67bfd478-qpfd9,historyserver,2026-08-06T00:07:31Z,256429436000,710905856
2026-08-05T19:07:43.324412-05:00,historyserver,historyserver-demo-7f67bfd478-qpfd9,historyserver,2026-08-06T00:07:31Z,256429436000,710905856
2026-08-05T19:07:44.324327-05:00,historyserver,historyserver-demo-7f67bfd478-qpfd9,historyserver,2026-08-06T00:07:31Z,256429436000,710905856
2026-08-05T19:07:45.324391-05:00,historyserver,historyserver-demo-7f67bfd478-qpfd9,historyserver,2026-08-06T00:07:31Z,256429436000,710905856
2026-08-05T19:07:46.324363-05:00,historyserver,historyserver-demo-7f67bfd478-qpfd9,historyserver,2026-08-06T00:07:31Z,256429436000,710905856
2026-08-05T19:07:47.324358-05:00,historyserver,historyserver-demo-7f67bfd478-qpfd9,historyserver,2026-08-06T00:07:31Z,256429436000,710905856
2026-08-05T19:07:48.324358-05:00,historyserver,historyserver-demo-7f67bfd478-qpfd9,historyserver,2026-08-06T00:07:31Z,256429436000,710905856
2026-08-05T19:07:49.324562-05:00,historyserver,historyserver-demo-7f67bfd478-qpfd9,historyserver,2026-08-06T00:07:48Z,265212348000,854523904
2026-08-05T19:07:50.323788-05:00,historyserver,historyserver-demo-7f67bfd478-qpfd9,historyserver,2026-08-06T00:07:48Z,265212348000,854523904
2026-08-05T19:07:51.323899-05:00,historyserver,historyserver-demo-7f67bfd478-qpfd9,historyserver,2026-08-06T00:07:48Z,265212348000,854523904
2026-08-05T19:07:52.32355-05:00,historyserver,historyserver-demo-7f67bfd478-qpfd9,historyserver,2026-08-06T00:07:48Z,265212348000,854523904
2026-08-05T19:07:53.323754-05:00,historyserver,historyserver-demo-7f67bfd478-qpfd9,historyserver,2026-08-06T00:07:48Z,265212348000,854523904
2026-08-05T19:07:54.323895-05:00,historyserver,historyserver-demo-7f67bfd478-qpfd9,historyserver,2026-08-06T00:07:48Z,265212348000,854523904
2026-08-05T19:07:55.323939-05:00,historyserver,historyserver-demo-7f67bfd478-qpfd9,historyserver,2026-08-06T00:07:48Z,265212348000,854523904
2026-08-05T19:07:56.323731-05:00,historyserver,historyserver-demo-7f67bfd478-qpfd9,historyserver,2026-08-06T00:07:48Z,265212348000,854523904
2026-08-05T19:07:57.323749-05:00,historyserver,historyserver-demo-7f67bfd478-qpfd9,historyserver,2026-08-06T00:07:48Z,265212348000,854523904
2026-08-05T19:07:58.324268-05:00,historyserver,historyserver-demo-7f67bfd478-qpfd9,historyserver,2026-08-06T00:07:48Z,265212348000,854523904
2026-08-05T19:07:59.324235-05:00,historyserver,historyserver-demo-7f67bfd478-qpfd9,historyserver,2026-08-06T00:07:48Z,265212348000,854523904
2026-08-05T19:08:00.323226-05:00,historyserver,historyserver-demo-7f67bfd478-qpfd9,historyserver,2026-08-06T00:07:59Z,270585172000,1070440448
2026-08-05T19:08:01.324246-05:00,historyserver,historyserver-demo-7f67bfd478-qpfd9,historyserver,2026-08-06T00:07:59Z,270585172000,1070440448
2026-08-05T19:08:02.32431-05:00,historyserver,historyserver-demo-7f67bfd478-qpfd9,historyserver,2026-08-06T00:07:59Z,270585172000,1070440448
2026-08-05T19:08:03.324005-05:00,historyserver,historyserver-demo-7f67bfd478-qpfd9,historyserver,2026-08-06T00:07:59Z,270585172000,1070440448
2026-08-05T19:08:04.323985-05:00,historyserver,historyserver-demo-7f67bfd478-qpfd9,historyserver,2026-08-06T00:07:59Z,270585172000,1070440448
2026-08-05T19:08:05.324243-05:00,historyserver,historyserver-demo-7f67bfd478-qpfd9,historyserver,2026-08-06T00:07:59Z,270585172000,1070440448
2026-08-05T19:08:06.324274-05:00,historyserver,historyserver-demo-7f67bfd478-qpfd9,historyserver,2026-08-06T00:07:59Z,270585172000,1070440448
2026-08-05T19:08:07.324124-05:00,historyserver,historyserver-demo-7f67bfd478-qpfd9,historyserver,2026-08-06T00:07:59Z,270585172000,1070440448
2026-08-05T19:08:08.32443-05:00,historyserver,historyserver-demo-7f67bfd478-qpfd9,historyserver,2026-08-06T00:07:59Z,270585172000,1070440448
2026-08-05T19:08:09.323626-05:00,historyserver,historyserver-demo-7f67bfd478-qpfd9,historyserver,2026-08-06T00:07:59Z,270585172000,1070440448
2026-08-05T19:08:10.323667-05:00,historyserver,historyserver-demo-7f67bfd478-qpfd9,historyserver,2026-08-06T00:07:59Z,270585172000,1070440448
2026-08-05T19:08:11.324181-05:00,historyserver,historyserver-demo-7f67bfd478-qpfd9,historyserver,2026-08-06T00:07:59Z,270585172000,1070440448
2026-08-05T19:08:12.323399-05:00,historyserver,historyserver-demo-7f67bfd478-qpfd9,historyserver,2026-08-06T00:07:59Z,270585172000,1070440448
2026-08-05T19:08:13.32421-05:00,historyserver,historyserver-demo-7f67bfd478-qpfd9,historyserver,2026-08-06T00:07:59Z,270585172000,1070440448
2026-08-05T19:08:14.324187-05:00,historyserver,historyserver-demo-7f67bfd478-qpfd9,historyserver,2026-08-06T00:07:59Z,270585172000,1070440448
2026-08-05T19:08:15.324266-05:00,historyserver,historyserver-demo-7f67bfd478-qpfd9,historyserver,2026-08-06T00:07:59Z,270585172000,1070440448
2026-08-05T19:08:16.324144-05:00,historyserver,historyserver-demo-7f67bfd478-qpfd9,historyserver,2026-08-06T00:07:59Z,270585172000,1070440448
2026-08-05T19:08:17.323199-05:00,historyserver,historyserver-demo-7f67bfd478-qpfd9,historyserver,2026-08-06T00:08:16Z,279231446000,1220349952
2026-08-05T19:08:18.324206-05:00,historyserver,historyserver-demo-7f67bfd478-qpfd9,historyserver,2026-08-06T00:08:16Z,279231446000,1220349952
2026-08-05T19:08:19.323798-05:00,historyserver,historyserver-demo-7f67bfd478-qpfd9,historyserver,2026-08-06T00:08:16Z,279231446000,1220349952
2026-08-05T19:08:20.324214-05:00,historyserver,historyserver-demo-7f67bfd478-qpfd9,historyserver,2026-08-06T00:08:16Z,279231446000,1220349952
2026-08-05T19:08:21.324129-05:00,historyserver,historyserver-demo-7f67bfd478-qpfd9,historyserver,2026-08-06T00:08:16Z,279231446000,1220349952
2026-08-05T19:08:22.323883-05:00,historyserver,historyserver-demo-7f67bfd478-qpfd9,historyserver,2026-08-06T00:08:16Z,279231446000,1220349952
2026-08-05T19:08:23.324126-05:00,historyserver,historyserver-demo-7f67bfd478-qpfd9,historyserver,2026-08-06T00:08:16Z,279231446000,1220349952
2026-08-05T19:08:24.323126-05:00,historyserver,historyserver-demo-7f67bfd478-qpfd9,historyserver,2026-08-06T00:08:16Z,279231446000,1220349952
2026-08-05T19:08:25.323686-05:00,historyserver,historyserver-demo-7f67bfd478-qpfd9,historyserver,2026-08-06T00:08:16Z,279231446000,1220349952
2026-08-05T19:08:26.324105-05:00,historyserver,historyserver-demo-7f67bfd478-qpfd9,historyserver,2026-08-06T00:08:16Z,279231446000,1220349952
2026-08-05T19:08:27.32358-05:00,historyserver,historyserver-demo-7f67bfd478-qpfd9,historyserver,2026-08-06T00:08:16Z,279231446000,1220349952
2026-08-05T19:08:28.324197-05:00,historyserver,historyserver-demo-7f67bfd478-qpfd9,historyserver,2026-08-06T00:08:16Z,279231446000,1220349952
2026-08-05T19:08:29.32387-05:00,historyserver,historyserver-demo-7f67bfd478-qpfd9,historyserver,2026-08-06T00:08:16Z,279231446000,1220349952
2026-08-05T19:08:30.324084-05:00,historyserver,historyserver-demo-7f67bfd478-qpfd9,historyserver,2026-08-06T00:08:30Z,285881250000,1278189568
2026-08-05T19:08:31.324065-05:00,historyserver,historyserver-demo-7f67bfd478-qpfd9,historyserver,2026-08-06T00:08:30Z,285881250000,1278189568
2026-08-05T19:08:32.323134-05:00,historyserver,historyserver-demo-7f67bfd478-qpfd9,historyserver,2026-08-06T00:08:30Z,285881250000,1278189568
2026-08-05T19:08:33.323992-05:00,historyserver,historyserver-demo-7f67bfd478-qpfd9,historyserver,2026-08-06T00:08:30Z,285881250000,1278189568
2026-08-05T19:08:34.323957-05:00,historyserver,historyserver-demo-7f67bfd478-qpfd9,historyserver,2026-08-06T00:08:30Z,285881250000,1278189568
2026-08-05T19:08:35.324381-05:00,historyserver,historyserver-demo-7f67bfd478-qpfd9,historyserver,2026-08-06T00:08:30Z,285881250000,1278189568
2026-08-05T19:08:36.324048-05:00,historyserver,historyserver-demo-7f67bfd478-qpfd9,historyserver,2026-08-06T00:08:30Z,285881250000,1278189568
2026-08-05T19:08:37.324036-05:00,historyserver,historyserver-demo-7f67bfd478-qpfd9,historyserver,2026-08-06T00:08:30Z,285881250000,1278189568
2026-08-05T19:08:38.32403-05:00,historyserver,historyserver-demo-7f67bfd478-qpfd9,historyserver,2026-08-06T00:08:30Z,285881250000,1278189568
2026-08-05T19:08:39.324043-05:00,historyserver,historyserver-demo-7f67bfd478-qpfd9,historyserver,2026-08-06T00:08:30Z,285881250000,1278189568
2026-08-05T19:08:40.324128-05:00,historyserver,historyserver-demo-7f67bfd478-qpfd9,historyserver,2026-08-06T00:08:30Z,285881250000,1278189568
2026-08-05T19:08:41.324041-05:00,historyserver,historyserver-demo-7f67bfd478-qpfd9,historyserver,2026-08-06T00:08:41Z,291331408000,1235976192
2026-08-05T19:08:42.324023-05:00,historyserver,historyserver-demo-7f67bfd478-qpfd9,historyserver,2026-08-06T00:08:41Z,291331408000,1235976192
2026-08-05T19:08:43.324004-05:00,historyserver,historyserver-demo-7f67bfd478-qpfd9,historyserver,2026-08-06T00:08:41Z,291331408000,1235976192
2026-08-05T19:08:44.323682-05:00,historyserver,historyserver-demo-7f67bfd478-qpfd9,historyserver,2026-08-06T00:08:41Z,291331408000,1235976192
2026-08-05T19:08:45.323994-05:00,historyserver,historyserver-demo-7f67bfd478-qpfd9,historyserver,2026-08-06T00:08:41Z,291331408000,1235976192
2026-08-05T19:08:46.323973-05:00,historyserver,historyserver-demo-7f67bfd478-qpfd9,historyserver,2026-08-06T00:08:41Z,291331408000,1235976192
2026-08-05T19:08:47.323122-05:00,historyserver,historyserver-demo-7f67bfd478-qpfd9,historyserver,2026-08-06T00:08:41Z,291331408000,1235976192
2026-08-05T19:08:48.323898-05:00,historyserver,historyserver-demo-7f67bfd478-qpfd9,historyserver,2026-08-06T00:08:41Z,291331408000,1235976192
2026-08-05T19:08:49.323949-05:00,historyserver,historyserver-demo-7f67bfd478-qpfd9,historyserver,2026-08-06T00:08:41Z,291331408000,1235976192
2026-08-05T19:08:50.324004-05:00,historyserver,historyserver-demo-7f67bfd478-qpfd9,historyserver,2026-08-06T00:08:41Z,291331408000,1235976192
2026-08-05T19:08:51.323966-05:00,historyserver,historyserver-demo-7f67bfd478-qpfd9,historyserver,2026-08-06T00:08:41Z,291331408000,1235976192
2026-08-05T19:08:52.323948-05:00,historyserver,historyserver-demo-7f67bfd478-qpfd9,historyserver,2026-08-06T00:08:41Z,291331408000,1235976192
2026-08-05T19:08:53.323602-05:00,historyserver,historyserver-demo-7f67bfd478-qpfd9,historyserver,2026-08-06T00:08:41Z,291331408000,1235976192
2026-08-05T19:08:54.323598-05:00,historyserver,historyserver-demo-7f67bfd478-qpfd9,historyserver,2026-08-06T00:08:41Z,291331408000,1235976192
2026-08-05T19:08:55.323615-05:00,historyserver,historyserver-demo-7f67bfd478-qpfd9,historyserver,2026-08-06T00:08:55Z,298382118000,1346908160
2026-08-05T19:08:56.323944-05:00,historyserver,historyserver-demo-7f67bfd478-qpfd9,historyserver,2026-08-06T00:08:55Z,298382118000,1346908160
2026-08-05T19:08:57.323661-05:00,historyserver,historyserver-demo-7f67bfd478-qpfd9,historyserver,2026-08-06T00:08:55Z,298382118000,1346908160
2026-08-05T19:08:58.323685-05:00,historyserver,historyserver-demo-7f67bfd478-qpfd9,historyserver,2026-08-06T00:08:55Z,298382118000,1346908160
2026-08-05T19:08:59.323165-05:00,historyserver,historyserver-demo-7f67bfd478-qpfd9,historyserver,2026-08-06T00:08:55Z,298382118000,1346908160
2026-08-05T19:09:00.323915-05:00,historyserver,historyserver-demo-7f67bfd478-qpfd9,historyserver,2026-08-06T00:08:55Z,298382118000,1346908160
2026-08-05T19:09:01.323927-05:00,historyserver,historyserver-demo-7f67bfd478-qpfd9,historyserver,2026-08-06T00:08:55Z,298382118000,1346908160
2026-08-05T19:09:02.323586-05:00,historyserver,historyserver-demo-7f67bfd478-qpfd9,historyserver,2026-08-06T00:08:55Z,298382118000,1346908160
2026-08-05T19:09:03.323914-05:00,historyserver,historyserver-demo-7f67bfd478-qpfd9,historyserver,2026-08-06T00:08:55Z,298382118000,1346908160
2026-08-05T19:09:04.323335-05:00,historyserver,historyserver-demo-7f67bfd478-qpfd9,historyserver,2026-08-06T00:08:55Z,298382118000,1346908160
2026-08-05T19:09:05.32393-05:00,historyserver,historyserver-demo-7f67bfd478-qpfd9,historyserver,2026-08-06T00:08:55Z,298382118000,1346908160
2026-08-05T19:09:06.323897-05:00,historyserver,historyserver-demo-7f67bfd478-qpfd9,historyserver,2026-08-06T00:09:06Z,303979578000,1515139072
2026-08-05T19:09:07.323874-05:00,historyserver,historyserver-demo-7f67bfd478-qpfd9,historyserver,2026-08-06T00:09:06Z,303979578000,1515139072
2026-08-05T19:09:08.323853-05:00,historyserver,historyserver-demo-7f67bfd478-qpfd9,historyserver,2026-08-06T00:09:06Z,303979578000,1515139072
2026-08-05T19:09:09.323794-05:00,historyserver,historyserver-demo-7f67bfd478-qpfd9,historyserver,2026-08-06T00:09:06Z,303979578000,1515139072
2026-08-05T19:09:10.322945-05:00,historyserver,historyserver-demo-7f67bfd478-qpfd9,historyserver,2026-08-06T00:09:06Z,303979578000,1515139072
2026-08-05T19:09:11.323997-05:00,historyserver,historyserver-demo-7f67bfd478-qpfd9,historyserver,2026-08-06T00:09:06Z,303979578000,1515139072
2026-08-05T19:09:12.323854-05:00,historyserver,historyserver-demo-7f67bfd478-qpfd9,historyserver,2026-08-06T00:09:06Z,303979578000,1515139072
2026-08-05T19:09:13.323385-05:00,historyserver,historyserver-demo-7f67bfd478-qpfd9,historyserver,2026-08-06T00:09:06Z,303979578000,1515139072
2026-08-05T19:09:14.32506-05:00,historyserver,historyserver-demo-7f67bfd478-qpfd9,historyserver,2026-08-06T00:09:06Z,303979578000,1515139072
2026-08-05T19:09:15.323823-05:00,historyserver,historyserver-demo-7f67bfd478-qpfd9,historyserver,2026-08-06T00:09:06Z,303979578000,1515139072
2026-08-05T19:09:16.323864-05:00,historyserver,historyserver-demo-7f67bfd478-qpfd9,historyserver,2026-08-06T00:09:06Z,303979578000,1515139072
2026-08-05T19:09:17.323805-05:00,historyserver,historyserver-demo-7f67bfd478-qpfd9,historyserver,2026-08-06T00:09:06Z,303979578000,1515139072
2026-08-05T19:09:18.323821-05:00,historyserver,historyserver-demo-7f67bfd478-qpfd9,historyserver,2026-08-06T00:09:06Z,303979578000,1515139072
2026-08-05T19:09:19.323785-05:00,historyserver,historyserver-demo-7f67bfd478-qpfd9,historyserver,2026-08-06T00:09:06Z,303979578000,1515139072
2026-08-05T19:09:20.323792-05:00,historyserver,historyserver-demo-7f67bfd478-qpfd9,historyserver,2026-08-06T00:09:06Z,303979578000,1515139072
2026-08-05T19:09:21.323793-05:00,historyserver,historyserver-demo-7f67bfd478-qpfd9,historyserver,2026-08-06T00:09:06Z,303979578000,1515139072
2026-08-05T19:09:22.323685-05:00,historyserver,historyserver-demo-7f67bfd478-qpfd9,historyserver,2026-08-06T00:09:06Z,303979578000,1515139072
2026-08-05T19:09:23.323142-05:00,historyserver,historyserver-demo-7f67bfd478-qpfd9,historyserver,2026-08-06T00:09:06Z,303979578000,1515139072
2026-08-05T19:09:24.323517-05:00,historyserver,historyserver-demo-7f67bfd478-qpfd9,historyserver,2026-08-06T00:09:06Z,303979578000,1515139072
2026-08-05T19:09:25.32353-05:00,historyserver,historyserver-demo-7f67bfd478-qpfd9,historyserver,2026-08-06T00:09:24Z,313278417000,1695956992
2026-08-05T19:09:26.323757-05:00,historyserver,historyserver-demo-7f67bfd478-qpfd9,historyserver,2026-08-06T00:09:24Z,313278417000,1695956992
2026-08-05T19:09:27.323762-05:00,historyserver,historyserver-demo-7f67bfd478-qpfd9,historyserver,2026-08-06T00:09:24Z,313278417000,1695956992
2026-08-05T19:09:28.323994-05:00,historyserver,historyserver-demo-7f67bfd478-qpfd9,historyserver,2026-08-06T00:09:24Z,313278417000,1695956992
2026-08-05T19:09:29.323757-05:00,historyserver,historyserver-demo-7f67bfd478-qpfd9,historyserver,2026-08-06T00:09:24Z,313278417000,1695956992
2026-08-05T19:09:30.323276-05:00,historyserver,historyserver-demo-7f67bfd478-qpfd9,historyserver,2026-08-06T00:09:24Z,313278417000,1695956992
2026-08-05T19:09:31.323779-05:00,historyserver,historyserver-demo-7f67bfd478-qpfd9,historyserver,2026-08-06T00:09:24Z,313278417000,1695956992
2026-08-05T19:09:32.323164-05:00,historyserver,historyserver-demo-7f67bfd478-qpfd9,historyserver,2026-08-06T00:09:24Z,313278417000,1695956992
2026-08-05T19:09:33.323668-05:00,historyserver,historyserver-demo-7f67bfd478-qpfd9,historyserver,2026-08-06T00:09:24Z,313278417000,1695956992
2026-08-05T19:09:34.323264-05:00,historyserver,historyserver-demo-7f67bfd478-qpfd9,historyserver,2026-08-06T00:09:24Z,313278417000,1695956992
2026-08-05T19:09:35.322724-05:00,historyserver,historyserver-demo-7f67bfd478-qpfd9,historyserver,2026-08-06T00:09:24Z,313278417000,1695956992
2026-08-05T19:09:36.323306-05:00,historyserver,historyserver-demo-7f67bfd478-qpfd9,historyserver,2026-08-06T00:09:24Z,313278417000,1695956992
2026-08-05T19:09:37.323604-05:00,historyserver,historyserver-demo-7f67bfd478-qpfd9,historyserver,2026-08-06T00:09:24Z,313278417000,1695956992
2026-08-05T19:09:38.323152-05:00,historyserver,historyserver-demo-7f67bfd478-qpfd9,historyserver,2026-08-06T00:09:24Z,313278417000,1695956992
2026-08-05T19:09:39.323153-05:00,historyserver,historyserver-demo-7f67bfd478-qpfd9,historyserver,2026-08-06T00:09:24Z,313278417000,1695956992
2026-08-05T19:09:40.323705-05:00,historyserver,historyserver-demo-7f67bfd478-qpfd9,historyserver,2026-08-06T00:09:39Z,320628400000,1723641856
2026-08-05T19:09:41.323683-05:00,historyserver,historyserver-demo-7f67bfd478-qpfd9,historyserver,2026-08-06T00:09:39Z,320628400000,1723641856
2026-08-05T19:09:42.323667-05:00,historyserver,historyserver-demo-7f67bfd478-qpfd9,historyserver,2026-08-06T00:09:39Z,320628400000,1723641856
2026-08-05T19:09:43.323656-05:00,historyserver,historyserver-demo-7f67bfd478-qpfd9,historyserver,2026-08-06T00:09:39Z,320628400000,1723641856
2026-08-05T19:09:44.323655-05:00,historyserver,historyserver-demo-7f67bfd478-qpfd9,historyserver,2026-08-06T00:09:39Z,320628400000,1723641856
2026-08-05T19:09:45.323683-05:00,historyserver,historyserver-demo-7f67bfd478-qpfd9,historyserver,2026-08-06T00:09:39Z,320628400000,1723641856
2026-08-05T19:09:46.323705-05:00,historyserver,historyserver-demo-7f67bfd478-qpfd9,historyserver,2026-08-06T00:09:39Z,320628400000,1723641856
2026-08-05T19:09:47.323436-05:00,historyserver,historyserver-demo-7f67bfd478-qpfd9,historyserver,2026-08-06T00:09:39Z,320628400000,1723641856
2026-08-05T19:09:48.322654-05:00,historyserver,historyserver-demo-7f67bfd478-qpfd9,historyserver,2026-08-06T00:09:39Z,320628400000,1723641856
2026-08-05T19:09:49.323701-05:00,historyserver,historyserver-demo-7f67bfd478-qpfd9,historyserver,2026-08-06T00:09:39Z,320628400000,1723641856
2026-08-05T19:09:50.323666-05:00,historyserver,historyserver-demo-7f67bfd478-qpfd9,historyserver,2026-08-06T00:09:39Z,320628400000,1723641856
2026-08-05T19:09:51.323692-05:00,historyserver,historyserver-demo-7f67bfd478-qpfd9,historyserver,2026-08-06T00:09:39Z,320628400000,1723641856
2026-08-05T19:09:52.323664-05:00,historyserver,historyserver-demo-7f67bfd478-qpfd9,historyserver,2026-08-06T00:09:39Z,320628400000,1723641856
2026-08-05T19:09:53.323288-05:00,historyserver,historyserver-demo-7f67bfd478-qpfd9,historyserver,2026-08-06T00:09:39Z,320628400000,1723641856
2026-08-05T19:09:54.323046-05:00,historyserver,historyserver-demo-7f67bfd478-qpfd9,historyserver,2026-08-06T00:09:39Z,320628400000,1723641856
2026-08-05T19:09:55.323614-05:00,historyserver,historyserver-demo-7f67bfd478-qpfd9,historyserver,2026-08-06T00:09:39Z,320628400000,1723641856
2026-08-05T19:09:56.323086-05:00,historyserver,historyserver-demo-7f67bfd478-qpfd9,historyserver,2026-08-06T00:09:39Z,320628400000,1723641856
2026-08-05T19:09:57.323567-05:00,historyserver,historyserver-demo-7f67bfd478-qpfd9,historyserver,2026-08-06T00:09:39Z,320628400000,1723641856
2026-08-05T19:09:58.323505-05:00,historyserver,historyserver-demo-7f67bfd478-qpfd9,historyserver,2026-08-06T00:09:39Z,320628400000,1723641856
2026-08-05T19:09:59.323646-05:00,historyserver,historyserver-demo-7f67bfd478-qpfd9,historyserver,2026-08-06T00:09:59Z,328945573000,1728319488
2026-08-05T19:10:00.323092-05:00,historyserver,historyserver-demo-7f67bfd478-qpfd9,historyserver,2026-08-06T00:09:59Z,328945573000,1728319488
2026-08-05T19:10:01.323162-05:00,historyserver,historyserver-demo-7f67bfd478-qpfd9,historyserver,2026-08-06T00:09:59Z,328945573000,1728319488
2026-08-05T19:10:02.322985-05:00,historyserver,historyserver-demo-7f67bfd478-qpfd9,historyserver,2026-08-06T00:09:59Z,328945573000,1728319488
2026-08-05T19:10:03.323579-05:00,historyserver,historyserver-demo-7f67bfd478-qpfd9,historyserver,2026-08-06T00:09:59Z,328945573000,1728319488
2026-08-05T19:10:04.323602-05:00,historyserver,historyserver-demo-7f67bfd478-qpfd9,historyserver,2026-08-06T00:09:59Z,328945573000,1728319488
2026-08-05T19:10:05.323636-05:00,historyserver,historyserver-demo-7f67bfd478-qpfd9,historyserver,2026-08-06T00:09:59Z,328945573000,1728319488
2026-08-05T19:10:06.32272-05:00,historyserver,historyserver-demo-7f67bfd478-qpfd9,historyserver,2026-08-06T00:09:59Z,328945573000,1728319488
2026-08-05T19:10:07.323556-05:00,historyserver,historyserver-demo-7f67bfd478-qpfd9,historyserver,2026-08-06T00:09:59Z,328945573000,1728319488
2026-08-05T19:10:08.323718-05:00,historyserver,historyserver-demo-7f67bfd478-qpfd9,historyserver,2026-08-06T00:09:59Z,328945573000,1728319488
2026-08-05T19:10:09.323525-05:00,historyserver,historyserver-demo-7f67bfd478-qpfd9,historyserver,2026-08-06T00:09:59Z,328945573000,1728319488
2026-08-05T19:10:10.323169-05:00,historyserver,historyserver-demo-7f67bfd478-qpfd9,historyserver,2026-08-06T00:09:59Z,328945573000,1728319488
2026-08-05T19:10:11.323508-05:00,historyserver,historyserver-demo-7f67bfd478-qpfd9,historyserver,2026-08-06T00:09:59Z,328945573000,1728319488
2026-08-05T19:10:12.323507-05:00,historyserver,historyserver-demo-7f67bfd478-qpfd9,historyserver,2026-08-06T00:09:59Z,328945573000,1728319488
2026-08-05T19:10:13.323504-05:00,historyserver,historyserver-demo-7f67bfd478-qpfd9,historyserver,2026-08-06T00:09:59Z,328945573000,1728319488
2026-08-05T19:10:14.323504-05:00,historyserver,historyserver-demo-7f67bfd478-qpfd9,historyserver,2026-08-06T00:09:59Z,328945573000,1728319488
2026-08-05T19:10:15.323497-05:00,historyserver,historyserver-demo-7f67bfd478-qpfd9,historyserver,2026-08-06T00:09:59Z,328945573000,1728319488
2026-08-05T19:10:16.3235-05:00,historyserver,historyserver-demo-7f67bfd478-qpfd9,historyserver,2026-08-06T00:09:59Z,328945573000,1728319488
2026-08-05T19:10:17.323517-05:00,historyserver,historyserver-demo-7f67bfd478-qpfd9,historyserver,2026-08-06T00:10:17Z,334446421000,1162436608
2026-08-05T19:10:18.323477-05:00,historyserver,historyserver-demo-7f67bfd478-qpfd9,historyserver,2026-08-06T00:10:17Z,334446421000,1162436608
2026-08-05T19:10:19.323503-05:00,historyserver,historyserver-demo-7f67bfd478-qpfd9,historyserver,2026-08-06T00:10:17Z,334446421000,1162436608
2026-08-05T19:10:20.323468-05:00,historyserver,historyserver-demo-7f67bfd478-qpfd9,historyserver,2026-08-06T00:10:17Z,334446421000,1162436608
2026-08-05T19:10:21.323448-05:00,historyserver,historyserver-demo-7f67bfd478-qpfd9,historyserver,2026-08-06T00:10:17Z,334446421000,1162436608
2026-08-05T19:10:22.322537-05:00,historyserver,historyserver-demo-7f67bfd478-qpfd9,historyserver,2026-08-06T00:10:17Z,334446421000,1162436608
2026-08-05T19:10:23.323451-05:00,historyserver,historyserver-demo-7f67bfd478-qpfd9,historyserver,2026-08-06T00:10:17Z,334446421000,1162436608
2026-08-05T19:10:24.323427-05:00,historyserver,historyserver-demo-7f67bfd478-qpfd9,historyserver,2026-08-06T00:10:17Z,334446421000,1162436608
2026-08-05T19:10:25.323452-05:00,historyserver,historyserver-demo-7f67bfd478-qpfd9,historyserver,2026-08-06T00:10:17Z,334446421000,1162436608
2026-08-05T19:10:26.323438-05:00,historyserver,historyserver-demo-7f67bfd478-qpfd9,historyserver,2026-08-06T00:10:17Z,334446421000,1162436608
2026-08-05T19:10:27.323438-05:00,historyserver,historyserver-demo-7f67bfd478-qpfd9,historyserver,2026-08-06T00:10:17Z,334446421000,1162436608
2026-08-05T19:10:28.323173-05:00,historyserver,historyserver-demo-7f67bfd478-qpfd9,historyserver,2026-08-06T00:10:17Z,334446421000,1162436608
2026-08-05T19:10:29.323309-05:00,historyserver,historyserver-demo-7f67bfd478-qpfd9,historyserver,2026-08-06T00:10:17Z,334446421000,1162436608
2026-08-05T19:10:30.323414-05:00,historyserver,historyserver-demo-7f67bfd478-qpfd9,historyserver,2026-08-06T00:10:17Z,334446421000,1162436608
2026-08-05T19:10:31.323488-05:00,historyserver,historyserver-demo-7f67bfd478-qpfd9,historyserver,2026-08-06T00:10:17Z,334446421000,1162436608
2026-08-05T19:10:32.323321-05:00,historyserver,historyserver-demo-7f67bfd478-qpfd9,historyserver,2026-08-06T00:10:17Z,334446421000,1162436608
2026-08-05T19:10:33.323314-05:00,historyserver,historyserver-demo-7f67bfd478-qpfd9,historyserver,2026-08-06T00:10:17Z,334446421000,1162436608
2026-08-05T19:10:34.323405-05:00,historyserver,historyserver-demo-7f67bfd478-qpfd9,historyserver,2026-08-06T00:10:17Z,334446421000,1162436608
2026-08-05T19:10:35.323058-05:00,historyserver,historyserver-demo-7f67bfd478-qpfd9,historyserver,2026-08-06T00:10:17Z,334446421000,1162436608
2026-08-05T19:10:36.323447-05:00,historyserver,historyserver-demo-7f67bfd478-qpfd9,historyserver,2026-08-06T00:10:17Z,334446421000,1162436608
2026-08-05T19:10:37.322987-05:00,historyserver,historyserver-demo-7f67bfd478-qpfd9,historyserver,2026-08-06T00:10:36Z,344162376000,865120256
2026-08-05T19:10:38.323036-05:00,historyserver,historyserver-demo-7f67bfd478-qpfd9,historyserver,2026-08-06T00:10:36Z,344162376000,865120256
2026-08-05T19:10:39.323417-05:00,historyserver,historyserver-demo-7f67bfd478-qpfd9,historyserver,2026-08-06T00:10:36Z,344162376000,865120256
2026-08-05T19:10:40.322438-05:00,historyserver,historyserver-demo-7f67bfd478-qpfd9,historyserver,2026-08-06T00:10:36Z,344162376000,865120256
2026-08-05T19:10:41.32334-05:00,historyserver,historyserver-demo-7f67bfd478-qpfd9,historyserver,2026-08-06T00:10:36Z,344162376000,865120256
2026-08-05T19:10:42.323256-05:00,historyserver,historyserver-demo-7f67bfd478-qpfd9,historyserver,2026-08-06T00:10:36Z,344162376000,865120256
2026-08-05T19:10:43.323356-05:00,historyserver,historyserver-demo-7f67bfd478-qpfd9,historyserver,2026-08-06T00:10:36Z,344162376000,865120256
2026-08-05T19:10:44.32338-05:00,historyserver,historyserver-demo-7f67bfd478-qpfd9,historyserver,2026-08-06T00:10:36Z,344162376000,865120256
2026-08-05T19:10:45.322341-05:00,historyserver,historyserver-demo-7f67bfd478-qpfd9,historyserver,2026-08-06T00:10:36Z,344162376000,865120256
2026-08-05T19:10:46.323385-05:00,historyserver,historyserver-demo-7f67bfd478-qpfd9,historyserver,2026-08-06T00:10:36Z,344162376000,865120256
2026-08-05T19:10:47.323398-05:00,historyserver,historyserver-demo-7f67bfd478-qpfd9,historyserver,2026-08-06T00:10:36Z,344162376000,865120256
2026-08-05T19:10:48.322763-05:00,historyserver,historyserver-demo-7f67bfd478-qpfd9,historyserver,2026-08-06T00:10:48Z,349946797000,971952128
2026-08-05T19:10:49.32247-05:00,historyserver,historyserver-demo-7f67bfd478-qpfd9,historyserver,2026-08-06T00:10:48Z,349946797000,971952128
2026-08-05T19:10:50.322785-05:00,historyserver,historyserver-demo-7f67bfd478-qpfd9,historyserver,2026-08-06T00:10:48Z,349946797000,971952128
2026-08-05T19:10:51.32336-05:00,historyserver,historyserver-demo-7f67bfd478-qpfd9,historyserver,2026-08-06T00:10:48Z,349946797000,971952128
2026-08-05T19:10:52.32335-05:00,historyserver,historyserver-demo-7f67bfd478-qpfd9,historyserver,2026-08-06T00:10:48Z,349946797000,971952128
2026-08-05T19:10:53.323338-05:00,historyserver,historyserver-demo-7f67bfd478-qpfd9,historyserver,2026-08-06T00:10:48Z,349946797000,971952128
2026-08-05T19:10:54.323393-05:00,historyserver,historyserver-demo-7f67bfd478-qpfd9,historyserver,2026-08-06T00:10:48Z,349946797000,971952128
2026-08-05T19:10:55.322881-05:00,historyserver,historyserver-demo-7f67bfd478-qpfd9,historyserver,2026-08-06T00:10:48Z,349946797000,971952128
2026-08-05T19:10:56.322708-05:00,historyserver,historyserver-demo-7f67bfd478-qpfd9,historyserver,2026-08-06T00:10:48Z,349946797000,971952128
2026-08-05T19:10:57.323431-05:00,historyserver,historyserver-demo-7f67bfd478-qpfd9,historyserver,2026-08-06T00:10:48Z,349946797000,971952128
2026-08-05T19:10:58.323312-05:00,historyserver,historyserver-demo-7f67bfd478-qpfd9,historyserver,2026-08-06T00:10:48Z,349946797000,971952128
2026-08-05T19:10:59.323273-05:00,historyserver,historyserver-demo-7f67bfd478-qpfd9,historyserver,2026-08-06T00:10:48Z,349946797000,971952128
2026-08-05T19:11:00.322538-05:00,historyserver,historyserver-demo-7f67bfd478-qpfd9,historyserver,2026-08-06T00:10:48Z,349946797000,971952128
2026-08-05T19:11:01.32271-05:00,historyserver,historyserver-demo-7f67bfd478-qpfd9,historyserver,2026-08-06T00:10:48Z,349946797000,971952128
2026-08-05T19:11:02.323252-05:00,historyserver,historyserver-demo-7f67bfd478-qpfd9,historyserver,2026-08-06T00:10:48Z,349946797000,971952128
2026-08-05T19:11:03.322712-05:00,historyserver,historyserver-demo-7f67bfd478-qpfd9,historyserver,2026-08-06T00:10:48Z,349946797000,971952128
2026-08-05T19:11:04.323166-05:00,historyserver,historyserver-demo-7f67bfd478-qpfd9,historyserver,2026-08-06T00:11:03Z,357806732000,1164488704
2026-08-05T19:11:05.323141-05:00,historyserver,historyserver-demo-7f67bfd478-qpfd9,historyserver,2026-08-06T00:11:03Z,357806732000,1164488704
2026-08-05T19:11:06.322733-05:00,historyserver,historyserver-demo-7f67bfd478-qpfd9,historyserver,2026-08-06T00:11:03Z,357806732000,1164488704
2026-08-05T19:11:07.323122-05:00,historyserver,historyserver-demo-7f67bfd478-qpfd9,historyserver,2026-08-06T00:11:03Z,357806732000,1164488704
2026-08-05T19:11:08.323273-05:00,historyserver,historyserver-demo-7f67bfd478-qpfd9,historyserver,2026-08-06T00:11:03Z,357806732000,1164488704
2026-08-05T19:11:09.323206-05:00,historyserver,historyserver-demo-7f67bfd478-qpfd9,historyserver,2026-08-06T00:11:03Z,357806732000,1164488704
2026-08-05T19:11:10.323278-05:00,historyserver,historyserver-demo-7f67bfd478-qpfd9,historyserver,2026-08-06T00:11:03Z,357806732000,1164488704
2026-08-05T19:11:11.323141-05:00,historyserver,historyserver-demo-7f67bfd478-qpfd9,historyserver,2026-08-06T00:11:03Z,357806732000,1164488704
2026-08-05T19:11:12.323177-05:00,historyserver,historyserver-demo-7f67bfd478-qpfd9,historyserver,2026-08-06T00:11:03Z,357806732000,1164488704
2026-08-05T19:11:13.322312-05:00,historyserver,historyserver-demo-7f67bfd478-qpfd9,historyserver,2026-08-06T00:11:03Z,357806732000,1164488704
2026-08-05T19:11:14.323188-05:00,historyserver,historyserver-demo-7f67bfd478-qpfd9,historyserver,2026-08-06T00:11:03Z,357806732000,1164488704
2026-08-05T19:11:15.323055-05:00,historyserver,historyserver-demo-7f67bfd478-qpfd9,historyserver,2026-08-06T00:11:03Z,357806732000,1164488704
2026-08-05T19:11:16.323156-05:00,historyserver,historyserver-demo-7f67bfd478-qpfd9,historyserver,2026-08-06T00:11:03Z,357806732000,1164488704
2026-08-05T19:11:17.323239-05:00,historyserver,historyserver-demo-7f67bfd478-qpfd9,historyserver,2026-08-06T00:11:03Z,357806732000,1164488704
2026-08-05T19:11:18.323202-05:00,historyserver,historyserver-demo-7f67bfd478-qpfd9,historyserver,2026-08-06T00:11:17Z,364796885000,1278103552
2026-08-05T19:11:19.323194-05:00,historyserver,historyserver-demo-7f67bfd478-qpfd9,historyserver,2026-08-06T00:11:17Z,364796885000,1278103552
2026-08-05T19:11:20.323165-05:00,historyserver,historyserver-demo-7f67bfd478-qpfd9,historyserver,2026-08-06T00:11:17Z,364796885000,1278103552
2026-08-05T19:11:21.323157-05:00,historyserver,historyserver-demo-7f67bfd478-qpfd9,historyserver,2026-08-06T00:11:17Z,364796885000,1278103552
2026-08-05T19:11:22.323139-05:00,historyserver,historyserver-demo-7f67bfd478-qpfd9,historyserver,2026-08-06T00:11:17Z,364796885000,1278103552
2026-08-05T19:11:23.322619-05:00,historyserver,historyserver-demo-7f67bfd478-qpfd9,historyserver,2026-08-06T00:11:17Z,364796885000,1278103552
2026-08-05T19:11:24.32333-05:00,historyserver,historyserver-demo-7f67bfd478-qpfd9,historyserver,2026-08-06T00:11:17Z,364796885000,1278103552
2026-08-05T19:11:25.323114-05:00,historyserver,historyserver-demo-7f67bfd478-qpfd9,historyserver,2026-08-06T00:11:17Z,364796885000,1278103552
2026-08-05T19:11:26.323238-05:00,historyserver,historyserver-demo-7f67bfd478-qpfd9,historyserver,2026-08-06T00:11:17Z,364796885000,1278103552
2026-08-05T19:11:27.322486-05:00,historyserver,historyserver-demo-7f67bfd478-qpfd9,historyserver,2026-08-06T00:11:17Z,364796885000,1278103552
2026-08-05T19:11:28.323121-05:00,historyserver,historyserver-demo-7f67bfd478-qpfd9,historyserver,2026-08-06T00:11:17Z,364796885000,1278103552
2026-08-05T19:11:29.32298-05:00,historyserver,historyserver-demo-7f67bfd478-qpfd9,historyserver,2026-08-06T00:11:17Z,364796885000,1278103552
2026-08-05T19:11:30.323168-05:00,historyserver,historyserver-demo-7f67bfd478-qpfd9,historyserver,2026-08-06T00:11:17Z,364796885000,1278103552
2026-08-05T19:11:31.322748-05:00,historyserver,historyserver-demo-7f67bfd478-qpfd9,historyserver,2026-08-06T00:11:17Z,364796885000,1278103552
2026-08-05T19:11:32.323166-05:00,historyserver,historyserver-demo-7f67bfd478-qpfd9,historyserver,2026-08-06T00:11:17Z,364796885000,1278103552
2026-08-05T19:11:33.323097-05:00,historyserver,historyserver-demo-7f67bfd478-qpfd9,historyserver,2026-08-06T00:11:17Z,364796885000,1278103552
2026-08-05T19:11:34.323175-05:00,historyserver,historyserver-demo-7f67bfd478-qpfd9,historyserver,2026-08-06T00:11:17Z,364796885000,1278103552
2026-08-05T19:11:35.322616-05:00,historyserver,historyserver-demo-7f67bfd478-qpfd9,historyserver,2026-08-06T00:11:17Z,364796885000,1278103552
2026-08-05T19:11:36.322668-05:00,historyserver,historyserver-demo-7f67bfd478-qpfd9,historyserver,2026-08-06T00:11:17Z,364796885000,1278103552
2026-08-05T19:11:37.322192-05:00,historyserver,historyserver-demo-7f67bfd478-qpfd9,historyserver,2026-08-06T00:11:36Z,374246000000,1266315264
2026-08-05T19:11:38.323173-05:00,historyserver,historyserver-demo-7f67bfd478-qpfd9,historyserver,2026-08-06T00:11:36Z,374246000000,1266315264
2026-08-05T19:11:39.323194-05:00,historyserver,historyserver-demo-7f67bfd478-qpfd9,historyserver,2026-08-06T00:11:36Z,374246000000,1266315264
2026-08-05T19:11:40.323028-05:00,historyserver,historyserver-demo-7f67bfd478-qpfd9,historyserver,2026-08-06T00:11:36Z,374246000000,1266315264
2026-08-05T19:11:41.323067-05:00,historyserver,historyserver-demo-7f67bfd478-qpfd9,historyserver,2026-08-06T00:11:36Z,374246000000,1266315264
2026-08-05T19:11:42.323098-05:00,historyserver,historyserver-demo-7f67bfd478-qpfd9,historyserver,2026-08-06T00:11:36Z,374246000000,1266315264
2026-08-05T19:11:43.323003-05:00,historyserver,historyserver-demo-7f67bfd478-qpfd9,historyserver,2026-08-06T00:11:36Z,374246000000,1266315264
2026-08-05T19:11:44.322472-05:00,historyserver,historyserver-demo-7f67bfd478-qpfd9,historyserver,2026-08-06T00:11:36Z,374246000000,1266315264
2026-08-05T19:11:45.322157-05:00,historyserver,historyserver-demo-7f67bfd478-qpfd9,historyserver,2026-08-06T00:11:36Z,374246000000,1266315264
2026-08-05T19:11:46.32301-05:00,historyserver,historyserver-demo-7f67bfd478-qpfd9,historyserver,2026-08-06T00:11:36Z,374246000000,1266315264
2026-08-05T19:11:47.32301-05:00,historyserver,historyserver-demo-7f67bfd478-qpfd9,historyserver,2026-08-06T00:11:36Z,374246000000,1266315264
2026-08-05T19:11:48.322967-05:00,historyserver,historyserver-demo-7f67bfd478-qpfd9,historyserver,2026-08-06T00:11:36Z,374246000000,1266315264
2026-08-05T19:11:49.323043-05:00,historyserver,historyserver-demo-7f67bfd478-qpfd9,historyserver,2026-08-06T00:11:36Z,374246000000,1266315264
2026-08-05T19:11:50.322559-05:00,historyserver,historyserver-demo-7f67bfd478-qpfd9,historyserver,2026-08-06T00:11:36Z,374246000000,1266315264
2026-08-05T19:11:51.322624-05:00,historyserver,historyserver-demo-7f67bfd478-qpfd9,historyserver,2026-08-06T00:11:50Z,381095103000,1500950528
2026-08-05T19:11:52.323007-05:00,historyserver,historyserver-demo-7f67bfd478-qpfd9,historyserver,2026-08-06T00:11:50Z,381095103000,1500950528
2026-08-05T19:11:53.322958-05:00,historyserver,historyserver-demo-7f67bfd478-qpfd9,historyserver,2026-08-06T00:11:50Z,381095103000,1500950528
2026-08-05T19:11:54.322628-05:00,historyserver,historyserver-demo-7f67bfd478-qpfd9,historyserver,2026-08-06T00:11:50Z,381095103000,1500950528
2026-08-05T19:11:55.322956-05:00,historyserver,historyserver-demo-7f67bfd478-qpfd9,historyserver,2026-08-06T00:11:50Z,381095103000,1500950528
2026-08-05T19:11:56.322036-05:00,historyserver,historyserver-demo-7f67bfd478-qpfd9,historyserver,2026-08-06T00:11:50Z,381095103000,1500950528
2026-08-05T19:11:57.322578-05:00,historyserver,historyserver-demo-7f67bfd478-qpfd9,historyserver,2026-08-06T00:11:50Z,381095103000,1500950528
2026-08-05T19:11:58.322153-05:00,historyserver,historyserver-demo-7f67bfd478-qpfd9,historyserver,2026-08-06T00:11:50Z,381095103000,1500950528
2026-08-05T19:11:59.32251-05:00,historyserver,historyserver-demo-7f67bfd478-qpfd9,historyserver,2026-08-06T00:11:50Z,381095103000,1500950528
2026-08-05T19:12:00.32247-05:00,historyserver,historyserver-demo-7f67bfd478-qpfd9,historyserver,2026-08-06T00:11:50Z,381095103000,1500950528
2026-08-05T19:12:01.322954-05:00,historyserver,historyserver-demo-7f67bfd478-qpfd9,historyserver,2026-08-06T00:11:50Z,381095103000,1500950528
2026-08-05T19:12:02.322908-05:00,historyserver,historyserver-demo-7f67bfd478-qpfd9,historyserver,2026-08-06T00:11:50Z,381095103000,1500950528
2026-08-05T19:12:03.322557-05:00,historyserver,historyserver-demo-7f67bfd478-qpfd9,historyserver,2026-08-06T00:12:03Z,387494422000,1612873728
2026-08-05T19:12:04.322336-05:00,historyserver,historyserver-demo-7f67bfd478-qpfd9,historyserver,2026-08-06T00:12:03Z,387494422000,1612873728
2026-08-05T19:12:05.32253-05:00,historyserver,historyserver-demo-7f67bfd478-qpfd9,historyserver,2026-08-06T00:12:03Z,387494422000,1612873728
2026-08-05T19:12:06.322572-05:00,historyserver,historyserver-demo-7f67bfd478-qpfd9,historyserver,2026-08-06T00:12:03Z,387494422000,1612873728
2026-08-05T19:12:07.32252-05:00,historyserver,historyserver-demo-7f67bfd478-qpfd9,historyserver,2026-08-06T00:12:03Z,387494422000,1612873728
2026-08-05T19:12:08.322883-05:00,historyserver,historyserver-demo-7f67bfd478-qpfd9,historyserver,2026-08-06T00:12:03Z,387494422000,1612873728
2026-08-05T19:12:09.322895-05:00,historyserver,historyserver-demo-7f67bfd478-qpfd9,historyserver,2026-08-06T00:12:03Z,387494422000,1612873728
2026-08-05T19:12:10.322924-05:00,historyserver,historyserver-demo-7f67bfd478-qpfd9,historyserver,2026-08-06T00:12:03Z,387494422000,1612873728
2026-08-05T19:12:11.322878-05:00,historyserver,historyserver-demo-7f67bfd478-qpfd9,historyserver,2026-08-06T00:12:03Z,387494422000,1612873728
2026-08-05T19:12:12.322589-05:00,historyserver,historyserver-demo-7f67bfd478-qpfd9,historyserver,2026-08-06T00:12:03Z,387494422000,1612873728
2026-08-05T19:12:13.323003-05:00,historyserver,historyserver-demo-7f67bfd478-qpfd9,historyserver,2026-08-06T00:12:03Z,387494422000,1612873728
2026-08-05T19:12:14.321988-05:00,historyserver,historyserver-demo-7f67bfd478-qpfd9,historyserver,2026-08-06T00:12:03Z,387494422000,1612873728
2026-08-05T19:12:15.322332-05:00,historyserver,historyserver-demo-7f67bfd478-qpfd9,historyserver,2026-08-06T00:12:03Z,387494422000,1612873728
2026-08-05T19:12:16.322878-05:00,historyserver,historyserver-demo-7f67bfd478-qpfd9,historyserver,2026-08-06T00:12:03Z,387494422000,1612873728
2026-08-05T19:12:17.322269-05:00,historyserver,historyserver-demo-7f67bfd478-qpfd9,historyserver,2026-08-06T00:12:16Z,394292597000,1720090624
2026-08-05T19:12:18.32293-05:00,historyserver,historyserver-demo-7f67bfd478-qpfd9,historyserver,2026-08-06T00:12:16Z,394292597000,1720090624
2026-08-05T19:12:19.322849-05:00,historyserver,historyserver-demo-7f67bfd478-qpfd9,historyserver,2026-08-06T00:12:16Z,394292597000,1720090624
2026-08-05T19:12:20.322033-05:00,historyserver,historyserver-demo-7f67bfd478-qpfd9,historyserver,2026-08-06T00:12:16Z,394292597000,1720090624
2026-08-05T19:12:21.322706-05:00,historyserver,historyserver-demo-7f67bfd478-qpfd9,historyserver,2026-08-06T00:12:16Z,394292597000,1720090624
2026-08-05T19:12:22.322152-05:00,historyserver,historyserver-demo-7f67bfd478-qpfd9,historyserver,2026-08-06T00:12:16Z,394292597000,1720090624
2026-08-05T19:12:23.322062-05:00,historyserver,historyserver-demo-7f67bfd478-qpfd9,historyserver,2026-08-06T00:12:16Z,394292597000,1720090624
2026-08-05T19:12:24.322798-05:00,historyserver,historyserver-demo-7f67bfd478-qpfd9,historyserver,2026-08-06T00:12:16Z,394292597000,1720090624
2026-08-05T19:12:25.322791-05:00,historyserver,historyserver-demo-7f67bfd478-qpfd9,historyserver,2026-08-06T00:12:16Z,394292597000,1720090624
2026-08-05T19:12:26.322781-05:00,historyserver,historyserver-demo-7f67bfd478-qpfd9,historyserver,2026-08-06T00:12:16Z,394292597000,1720090624
2026-08-05T19:12:27.32278-05:00,historyserver,historyserver-demo-7f67bfd478-qpfd9,historyserver,2026-08-06T00:12:16Z,394292597000,1720090624
2026-08-05T19:12:28.322789-05:00,historyserver,historyserver-demo-7f67bfd478-qpfd9,historyserver,2026-08-06T00:12:16Z,394292597000,1720090624
2026-08-05T19:12:29.322776-05:00,historyserver,historyserver-demo-7f67bfd478-qpfd9,historyserver,2026-08-06T00:12:16Z,394292597000,1720090624
2026-08-05T19:12:30.321934-05:00,historyserver,historyserver-demo-7f67bfd478-qpfd9,historyserver,2026-08-06T00:12:16Z,394292597000,1720090624
2026-08-05T19:12:31.32236-05:00,historyserver,historyserver-demo-7f67bfd478-qpfd9,historyserver,2026-08-06T00:12:16Z,394292597000,1720090624
2026-08-05T19:12:32.322671-05:00,historyserver,historyserver-demo-7f67bfd478-qpfd9,historyserver,2026-08-06T00:12:16Z,394292597000,1720090624
2026-08-05T19:12:33.321952-05:00,historyserver,historyserver-demo-7f67bfd478-qpfd9,historyserver,2026-08-06T00:12:32Z,402100486000,1806360576
2026-08-05T19:12:34.321959-05:00,historyserver,historyserver-demo-7f67bfd478-qpfd9,historyserver,2026-08-06T00:12:32Z,402100486000,1806360576
2026-08-05T19:12:35.32275-05:00,historyserver,historyserver-demo-7f67bfd478-qpfd9,historyserver,2026-08-06T00:12:32Z,402100486000,1806360576
2026-08-05T19:12:36.322069-05:00,historyserver,historyserver-demo-7f67bfd478-qpfd9,historyserver,2026-08-06T00:12:32Z,402100486000,1806360576
2026-08-05T19:12:37.322727-05:00,historyserver,historyserver-demo-7f67bfd478-qpfd9,historyserver,2026-08-06T00:12:32Z,402100486000,1806360576
2026-08-05T19:12:38.322742-05:00,historyserver,historyserver-demo-7f67bfd478-qpfd9,historyserver,2026-08-06T00:12:32Z,402100486000,1806360576
2026-08-05T19:12:39.322706-05:00,historyserver,historyserver-demo-7f67bfd478-qpfd9,historyserver,2026-08-06T00:12:32Z,402100486000,1806360576
2026-08-05T19:12:40.322706-05:00,historyserver,historyserver-demo-7f67bfd478-qpfd9,historyserver,2026-08-06T00:12:32Z,402100486000,1806360576
2026-08-05T19:12:41.322745-05:00,historyserver,historyserver-demo-7f67bfd478-qpfd9,historyserver,2026-08-06T00:12:32Z,402100486000,1806360576
2026-08-05T19:12:42.322699-05:00,historyserver,historyserver-demo-7f67bfd478-qpfd9,historyserver,2026-08-06T00:12:32Z,402100486000,1806360576
2026-08-05T19:12:43.321859-05:00,historyserver,historyserver-demo-7f67bfd478-qpfd9,historyserver,2026-08-06T00:12:32Z,402100486000,1806360576
2026-08-05T19:12:44.322593-05:00,historyserver,historyserver-demo-7f67bfd478-qpfd9,historyserver,2026-08-06T00:12:32Z,402100486000,1806360576
2026-08-05T19:12:45.322663-05:00,historyserver,historyserver-demo-7f67bfd478-qpfd9,historyserver,2026-08-06T00:12:45Z,408440586000,1849659392
2026-08-05T19:12:46.322667-05:00,historyserver,historyserver-demo-7f67bfd478-qpfd9,historyserver,2026-08-06T00:12:45Z,408440586000,1849659392
2026-08-05T19:12:47.322076-05:00,historyserver,historyserver-demo-7f67bfd478-qpfd9,historyserver,2026-08-06T00:12:45Z,408440586000,1849659392
2026-08-05T19:12:48.32267-05:00,historyserver,historyserver-demo-7f67bfd478-qpfd9,historyserver,2026-08-06T00:12:45Z,408440586000,1849659392
2026-08-05T19:12:49.322142-05:00,historyserver,historyserver-demo-7f67bfd478-qpfd9,historyserver,2026-08-06T00:12:45Z,408440586000,1849659392
2026-08-05T19:12:50.322628-05:00,historyserver,historyserver-demo-7f67bfd478-qpfd9,historyserver,2026-08-06T00:12:45Z,408440586000,1849659392
2026-08-05T19:12:51.322637-05:00,historyserver,historyserver-demo-7f67bfd478-qpfd9,historyserver,2026-08-06T00:12:45Z,408440586000,1849659392
2026-08-05T19:12:52.322552-05:00,historyserver,historyserver-demo-7f67bfd478-qpfd9,historyserver,2026-08-06T00:12:45Z,408440586000,1849659392
2026-08-05T19:12:53.322527-05:00,historyserver,historyserver-demo-7f67bfd478-qpfd9,historyserver,2026-08-06T00:12:45Z,408440586000,1849659392
2026-08-05T19:12:54.32262-05:00,historyserver,historyserver-demo-7f67bfd478-qpfd9,historyserver,2026-08-06T00:12:45Z,408440586000,1849659392
2026-08-05T19:12:55.32206-05:00,historyserver,historyserver-demo-7f67bfd478-qpfd9,historyserver,2026-08-06T00:12:45Z,408440586000,1849659392
2026-08-05T19:12:56.322522-05:00,historyserver,historyserver-demo-7f67bfd478-qpfd9,historyserver,2026-08-06T00:12:45Z,408440586000,1849659392
2026-08-05T19:12:57.3226-05:00,historyserver,historyserver-demo-7f67bfd478-qpfd9,historyserver,2026-08-06T00:12:45Z,408440586000,1849659392
2026-08-05T19:12:58.321722-05:00,historyserver,historyserver-demo-7f67bfd478-qpfd9,historyserver,2026-08-06T00:12:45Z,408440586000,1849659392
2026-08-05T19:12:59.322256-05:00,historyserver,historyserver-demo-7f67bfd478-qpfd9,historyserver,2026-08-06T00:12:45Z,408440586000,1849659392
2026-08-05T19:13:00.3219-05:00,historyserver,historyserver-demo-7f67bfd478-qpfd9,historyserver,2026-08-06T00:12:45Z,408440586000,1849659392
2026-08-05T19:13:01.322533-05:00,historyserver,historyserver-demo-7f67bfd478-qpfd9,historyserver,2026-08-06T00:12:45Z,408440586000,1849659392
2026-08-05T19:13:02.321996-05:00,historyserver,historyserver-demo-7f67bfd478-qpfd9,historyserver,2026-08-06T00:12:45Z,408440586000,1849659392
2026-08-05T19:13:03.322215-05:00,historyserver,historyserver-demo-7f67bfd478-qpfd9,historyserver,2026-08-06T00:13:02Z,411603359000,1834721280
2026-08-05T19:13:04.322168-05:00,historyserver,historyserver-demo-7f67bfd478-qpfd9,historyserver,2026-08-06T00:13:02Z,411603359000,1834721280
2026-08-05T19:13:05.322552-05:00,historyserver,historyserver-demo-7f67bfd478-qpfd9,historyserver,2026-08-06T00:13:02Z,411603359000,1834721280
2026-08-05T19:13:06.322426-05:00,historyserver,historyserver-demo-7f67bfd478-qpfd9,historyserver,2026-08-06T00:13:02Z,411603359000,1834721280
2026-08-05T19:13:07.322573-05:00,historyserver,historyserver-demo-7f67bfd478-qpfd9,historyserver,2026-08-06T00:13:02Z,411603359000,1834721280
2026-08-05T19:13:08.322548-05:00,historyserver,historyserver-demo-7f67bfd478-qpfd9,historyserver,2026-08-06T00:13:02Z,411603359000,1834721280
2026-08-05T19:13:09.32214-05:00,historyserver,historyserver-demo-7f67bfd478-qpfd9,historyserver,2026-08-06T00:13:02Z,411603359000,1834721280
2026-08-05T19:13:10.322546-05:00,historyserver,historyserver-demo-7f67bfd478-qpfd9,historyserver,2026-08-06T00:13:02Z,411603359000,1834721280
2026-08-05T19:13:11.321836-05:00,historyserver,historyserver-demo-7f67bfd478-qpfd9,historyserver,2026-08-06T00:13:02Z,411603359000,1834721280
2026-08-05T19:13:12.322514-05:00,historyserver,historyserver-demo-7f67bfd478-qpfd9,historyserver,2026-08-06T00:13:02Z,411603359000,1834721280
2026-08-05T19:13:13.322062-05:00,historyserver,historyserver-demo-7f67bfd478-qpfd9,historyserver,2026-08-06T00:13:02Z,411603359000,1834721280
2026-08-05T19:13:14.321655-05:00,historyserver,historyserver-demo-7f67bfd478-qpfd9,historyserver,2026-08-06T00:13:02Z,411603359000,1834721280
2026-08-05T19:13:15.321952-05:00,historyserver,historyserver-demo-7f67bfd478-qpfd9,historyserver,2026-08-06T00:13:02Z,411603359000,1834721280
2026-08-05T19:13:16.321956-05:00,historyserver,historyserver-demo-7f67bfd478-qpfd9,historyserver,2026-08-06T00:13:02Z,411603359000,1834721280
2026-08-05T19:13:17.32249-05:00,historyserver,historyserver-demo-7f67bfd478-qpfd9,historyserver,2026-08-06T00:13:02Z,411603359000,1834721280
2026-08-05T19:13:18.321545-05:00,historyserver,historyserver-demo-7f67bfd478-qpfd9,historyserver,2026-08-06T00:13:02Z,411603359000,1834721280
2026-08-05T19:13:19.322501-05:00,historyserver,historyserver-demo-7f67bfd478-qpfd9,historyserver,2026-08-06T00:13:02Z,411603359000,1834721280
2026-08-05T19:13:20.322509-05:00,historyserver,historyserver-demo-7f67bfd478-qpfd9,historyserver,2026-08-06T00:13:20Z,411603359000,1834721280
2026-08-05T19:13:21.3216-05:00,historyserver,historyserver-demo-7f67bfd478-qpfd9,historyserver,2026-08-06T00:13:20Z,411603359000,1834721280
2026-08-05T19:13:22.321798-05:00,historyserver,historyserver-demo-7f67bfd478-qpfd9,historyserver,2026-08-06T00:13:20Z,411603359000,1834721280
2026-08-05T19:13:23.321862-05:00,historyserver,historyserver-demo-7f67bfd478-qpfd9,historyserver,2026-08-06T00:13:20Z,411603359000,1834721280
2026-08-05T19:13:24.322463-05:00,historyserver,historyserver-demo-7f67bfd478-qpfd9,historyserver,2026-08-06T00:13:20Z,411603359000,1834721280
2026-08-05T19:13:25.322446-05:00,historyserver,historyserver-demo-7f67bfd478-qpfd9,historyserver,2026-08-06T00:13:20Z,411603359000,1834721280
2026-08-05T19:13:26.321596-05:00,historyserver,historyserver-demo-7f67bfd478-qpfd9,historyserver,2026-08-06T00:13:20Z,411603359000,1834721280
2026-08-05T19:13:27.322311-05:00,historyserver,historyserver-demo-7f67bfd478-qpfd9,historyserver,2026-08-06T00:13:20Z,411603359000,1834721280
2026-08-05T19:13:28.322503-05:00,historyserver,historyserver-demo-7f67bfd478-qpfd9,historyserver,2026-08-06T00:13:20Z,411603359000,1834721280
2026-08-05T19:13:29.32247-05:00,historyserver,historyserver-demo-7f67bfd478-qpfd9,historyserver,2026-08-06T00:13:20Z,411603359000,1834721280
2026-08-05T19:13:30.322116-05:00,historyserver,historyserver-demo-7f67bfd478-qpfd9,historyserver,2026-08-06T00:13:20Z,411603359000,1834721280
2026-08-05T19:13:31.322445-05:00,historyserver,historyserver-demo-7f67bfd478-qpfd9,historyserver,2026-08-06T00:13:20Z,411603359000,1834721280
2026-08-05T19:13:32.322434-05:00,historyserver,historyserver-demo-7f67bfd478-qpfd9,historyserver,2026-08-06T00:13:20Z,411603359000,1834721280
2026-08-05T19:13:33.321965-05:00,historyserver,historyserver-demo-7f67bfd478-qpfd9,historyserver,2026-08-06T00:13:20Z,411603359000,1834721280
2026-08-05T19:13:34.32242-05:00,historyserver,historyserver-demo-7f67bfd478-qpfd9,historyserver,2026-08-06T00:13:34Z,411603359000,1834721280
2026-08-05T19:13:35.321484-05:00,historyserver,historyserver-demo-7f67bfd478-qpfd9,historyserver,2026-08-06T00:13:34Z,411603359000,1834721280
2026-08-05T19:13:36.322274-05:00,historyserver,historyserver-demo-7f67bfd478-qpfd9,historyserver,2026-08-06T00:13:34Z,411603359000,1834721280
2026-08-05T19:13:37.322409-05:00,historyserver,historyserver-demo-7f67bfd478-qpfd9,historyserver,2026-08-06T00:13:34Z,411603359000,1834721280
2026-08-05T19:13:38.322224-05:00,historyserver,historyserver-demo-7f67bfd478-qpfd9,historyserver,2026-08-06T00:13:34Z,411603359000,1834721280
2026-08-05T19:13:39.322108-05:00,historyserver,historyserver-demo-7f67bfd478-qpfd9,historyserver,2026-08-06T00:13:34Z,411603359000,1834721280
2026-08-05T19:13:40.32199-05:00,historyserver,historyserver-demo-7f67bfd478-qpfd9,historyserver,2026-08-06T00:13:34Z,411603359000,1834721280
2026-08-05T19:13:41.321765-05:00,historyserver,historyserver-demo-7f67bfd478-qpfd9,historyserver,2026-08-06T00:13:34Z,411603359000,1834721280
2026-08-05T19:13:42.321722-05:00,historyserver,historyserver-demo-7f67bfd478-qpfd9,historyserver,2026-08-06T00:13:34Z,411603359000,1834721280
2026-08-05T19:13:43.32235-05:00,historyserver,historyserver-demo-7f67bfd478-qpfd9,historyserver,2026-08-06T00:13:34Z,411603359000,1834721280
2026-08-05T19:13:44.322365-05:00,historyserver,historyserver-demo-7f67bfd478-qpfd9,historyserver,2026-08-06T00:13:34Z,411603359000,1834721280
